arquivo,tipo_sistema,com_regulador,sem_aterramento,condicao_aterramento,tipo_falta,local_falta,m1,t_falta,800_I_pico_A,800_I_pico_B,800_I_pico_C,800_I_pico_max,800_V_min,800_V_max,818_I_pico_A,818_I_pico_B,818_I_pico_C,818_I_pico_max,818_V_min,818_V_max,820_I_pico_A,820_I_pico_B,820_I_pico_C,820_I_pico_max,820_V_min,820_V_max,822_I_pico_A,822_I_pico_B,822_I_pico_C,822_I_pico_max,822_V_min,822_V_max,800_I0,800_I1,800_I2,818_I0,818_I1,818_I2,820_I0,820_I1,820_I2,822_I0,822_I1,822_I2
MRT__A_818_1_-_Falta_A_py,MRT,False,False,COM Aterramento,A-G,Barra 818.1,0.5,0.0,209.38238319765208,1.6587713340902241,1.6567785530128796,209.38238319765208,269.9310374159047,17690.78465632087,192.85130815107465,1.0555004588778906e-06,1.0555004588778906e-06,192.85130815107465,0.0,362.07608877806086,10.623651173781987,1.0555004588778906e-06,1.0555004588778906e-06,10.623651173781987,0.0,216.98568029069207,5.311676184080343,1.0555004588778906e-06,1.0555004588778894e-06,5.311676184080343,0.0,541.382447121472,,,,,,,,,,,,
MRT__A_818_2_-_Falta_A_py,MRT,False,False,COM Aterramento,A-G,Barra 818.2,0.5,5e-05,233.97145989995082,1.669073455911883,1.6583173387654868,233.97145989995082,267.0471914907877,17689.6560677859,215.40330803643454,9.787904122057731e-07,9.787904122057731e-07,215.40330803643454,0.0,165.95212510925407,10.646249328854463,9.787904122057731e-07,9.787904122057731e-07,10.646249328854463,0.0,1833.3477383828329,5.322553630044709,9.787904122057731e-07,9.78790412205774e-07,5.322553630044709,0.0,2113.719438677116,,,,,,,,,,,,
MRT__A_820_-_Falta_A_py,MRT,False,False,COM Aterramento,A-G,Barra 820,0.5,0.0,209.38238319765208,1.6587713340902241,1.6567785530128796,209.38238319765208,269.9310374159047,17690.78465632087,192.85130815107465,1.0555004588778906e-06,1.0555004588778906e-06,192.85130815107465,0.0,362.07608877806086,191.3536499146239,1.0555004588778906e-06,1.0555004588778906e-06,191.3536499146239,0.0,216.98568029069207,5.311676184080343,1.0555004588778906e-06,1.0555004588778894e-06,5.311676184080343,0.0,541.382447121472,,,,,,,,,,,,
MRT__A_822_-_Falta_A_py,MRT,False,False,COM Aterramento,A-G,Barra 822,0.5,5e-05,203.49239702902983,1.6562827884239666,1.6594091791519257,203.49239702902983,271.3112325712589,17691.000035371217,187.44961888775416,1.0741890498473849e-06,1.0741890498473849e-06,187.44961888775416,0.0,509.83174963577335,185.9057905839379,1.0741890498473849e-06,1.0741890498473849e-06,185.9057905839379,0.0,538.4207146548516,183.16920287736897,1.0741890498473849e-06,1.0741890498473847e-06,183.16920287736897,0.0,193.54761149048127,,,,,,,,,,,,
MRT__Sem_Falta_py,MRT,False,False,COM Aterramento,Normal,Indefinido,0.5,5e-05,14.861901742090858,2.415608761997355,2.6032728339557982,14.861901742090858,286.44882307531975,17695.775561982482,14.598416941545766,1.7635070856243816e-06,1.7635070856243816e-06,14.598416941545766,0.0,1517.5881664987453,11.613134852222009,1.7635070856243816e-06,1.7635070856243816e-06,11.613134852222009,0.0,2708.754071071041,5.827090207648753,1.7635070856243816e-06,1.763507085624381e-06,5.827090207648753,0.0,2964.8884166190473,,,,,,,,,,,,
MRT_sem_terra__A_818_1_-_Falta_A_py,MRT,False,True,SEM Aterramento,A-G,Barra 818.1,0.5,0.0,3.5734092339933867,2.3735982981480133,2.517573930083774,3.5734092339933867,337.4868031132915,17598.11226430577,3.079127115714622,7.492658119090058e-08,7.492658119090058e-08,3.079127115714622,0.0,374.3737214513003,10.579966286126595,7.492658119090058e-08,7.492658119090058e-08,10.579966286126595,0.0,221.79697787039495,5.289347424819372,7.492658119090058e-08,7.492658119090058e-08,5.289347424819372,0.0,546.2761806723342,,,,,,,,,,,,
MRT_sem_terra__A_818_2_-_Falta_A_py,MRT,False,True,SEM Aterramento,A-G,Barra 818.2,0.5,0.0,3.563207753540547,2.374060126203475,2.5155299790104655,3.563207753540547,332.5355892431488,17598.688145619282,3.0788490587903943,6.912615083407377e-08,6.912615083407377e-08,3.0788490587903943,0.0,170.4236330537769,10.584470379114522,6.912615083407377e-08,6.912615083407377e-08,10.584470379114522,0.0,1845.276523127337,5.289145590313916,6.912615083407377e-08,6.912615083407377e-08,5.289145590313916,0.0,2126.6091440514188,,,,,,,,,,,,
MRT_sem_terra__A_820_-_Falta_A_py,MRT,False,True,SEM Aterramento,A-G,Barra 820,0.5,0.0,3.5734092339933867,2.3735982981480133,2.517573930083774,3.5734092339933867,337.4868031132915,17598.11226430577,3.079127115714622,7.492658119090058e-08,7.492658119090058e-08,3.079127115714622,0.0,374.3737214513003,4.790339969233553,7.492658119090058e-08,7.492658119090058e-08,4.790339969233553,0.0,221.79697787039495,5.289347424819372,7.492658119090058e-08,7.492658119090058e-08,5.289347424819372,0.0,546.2761806723342,,,,,,,,,,,,
MRT_sem_terra__A_822_-_Falta_A_py,MRT,False,True,SEM Aterramento,A-G,Barra 822,0.5,0.0,3.5907061181784434,2.373478016804205,2.524653740568188,3.5907061181784434,340.19800453440956,17597.76133729687,3.106968799309632,7.963115319551999e-08,7.963115319551999e-08,3.106968799309632,0.0,529.3752990212366,4.809851951361968,7.963115319551999e-08,7.963115319551999e-08,4.809851951361968,0.0,549.5230115606238,9.63837783548244,7.963115319551999e-08,7.963115319551999e-08,9.63837783548244,0.0,198.77619119090858,,,,,,,,,,,,
MRT_sem_terra__Sem_Falta_py,MRT,False,True,SEM Aterramento,Normal,Indefinido,0.5,5e-05,11.833287424405144,5.338555791514257,7.300468534910149,11.833287424405144,357.08416041420344,17597.53670395568,14.238653328125533,1.3188188399971664e-05,1.3188188399971664e-05,14.238653328125533,0.0,1578.270371799407,10.350778889037345,1.3188188399971664e-05,1.3188188399971664e-05,10.350778889037345,0.0,2783.553740977172,5.304996083198677,1.3188188399971664e-05,1.3188188399971664e-05,5.304996083198677,0.0,3040.342049253179,,,,,,,,,,,,
MRT_SR__A_818_1_-_Falta_A_py,MRT,True,False,COM Aterramento,A-G,Barra 818.1,0.5,0.0,200.7136718222028,1.734708651544473,1.7099813495287965,200.7136718222028,1249.833360988411,18600.086758416346,201.26614632874438,6.732742590003597e-14,6.732742590003597e-14,201.26614632874438,0.0,4187.372732226102,10.632923956357592,6.732742590003597e-14,6.732742590003597e-14,10.632923956357592,0.0,4273.7429304566895,5.316468461208783,6.732742590003597e-14,6.732742590003597e-14,5.316468461208783,0.0,4063.80265775203,,,,,,,,,,,,
MRT_SR__A_818_2_-_Falta_A_py,MRT,True,False,COM Aterramento,A-G,Barra 818.2,0.5,5e-05,226.4750420352204,1.7458829777941227,1.7111304279702848,226.4750420352204,1436.3631998073959,18599.15661034021,226.97854246511048,4.410184749755783e-14,4.410184749755783e-14,226.97854246511048,0.0,4847.249011412902,10.658856679615301,4.410184749755783e-14,4.410184749755783e-14,10.658856679615301,0.0,3914.6995810887697,5.32908327221213,4.410184749755783e-14,4.410184749755783e-14,5.32908327221213,0.0,3808.3771204288073,,,,,,,,,,,,
MRT_SR__A_820_-_Falta_A_py,MRT,True,False,COM Aterramento,A-G,Barra 820,0.5,0.0,200.7136718222028,1.734708651544473,1.7099813495287965,200.7136718222028,1249.833360988411,18600.086758416346,201.26614632874438,6.732742590003597e-14,6.732742590003597e-14,201.26614632874438,0.0,4187.372732226102,199.69518341327105,6.732742590003597e-14,6.732742590003597e-14,199.69518341327105,0.0,4273.7429304566895,5.316468461208783,6.732742590003597e-14,6.732742590003597e-14,5.316468461208783,0.0,4063.80265775203,,,,,,,,,,,,
MRT_SR__A_822_-_Falta_A_py,MRT,True,False,COM Aterramento,A-G,Barra 822,0.5,5e-05,194.62040957352033,1.7320518797685767,1.7112264173982894,194.62040957352033,1204.7269436992376,18600.148570121866,195.18486014493152,2.219651141280043e-14,2.219651141280043e-14,195.18486014493152,0.0,3956.919052124423,193.57001939098234,2.219651141280043e-14,2.219651141280043e-14,193.57001939098234,0.0,3933.6517615966136,190.70217730244434,2.219651141280043e-14,2.219651141280043e-14,190.70217730244434,0.0,4158.07859711942,,,,,,,,,,,,
MRT_SR__Sem_Falta_py,MRT,True,False,COM Aterramento,Normal,Indefinido,0.5,5e-05,13.906020576763199,2.4980777987425213,2.696483454115442,13.906020576763199,302.1593207546127,18604.491334330552,14.757371141866221,3.195590009034602e-15,3.195590009034602e-15,14.757371141866221,0.0,1509.249964196115,11.827729006841507,3.195590009034602e-15,3.195590009034602e-15,11.827729006841507,0.0,2804.126054231028,5.9342400087132,3.195590009034602e-15,3.195590009034602e-15,5.9342400087132,0.0,3065.490633887371,,,,,,,,,,,,
MRT_SR_sem_terra__A_818_1_-_Falta_A_py,MRT,True,True,SEM Aterramento,A-G,Barra 818.1,0.5,0.0,3.6532489848103165,2.4907297126943777,2.6061951083365447,3.6532489848103165,333.16529441101153,18535.88235577875,3.3535312539407927,2.227287816745026e-15,2.227287816745026e-15,3.3535312539407927,0.0,406.15391341958855,10.579938051423133,2.227287816745026e-15,2.227287816745026e-15,10.579938051423133,0.0,360.3880063395348,5.28933378777783,2.227287816745026e-15,2.227287816745026e-15,5.28933378777783,0.0,673.829799715035,,,,,,,,,,,,
MRT_SR_sem_terra__A_818_2_-_Falta_A_py,MRT,True,True,SEM Aterramento,A-G,Barra 818.2,0.5,0.0,3.650837549729947,2.4913102884140823,2.6031002828189855,3.650837549729947,293.14560877212875,18505.217283995735,3.3668659870811517,5.910329613736052e-16,5.910329613736052e-16,3.3668659870811517,0.0,303.2752861116957,10.58464479326266,5.910329613736052e-16,5.910329613736052e-16,10.58464479326266,0.0,1959.9047033294885,5.289131901113705,5.910329613736052e-16,5.910329613736052e-16,5.289131901113705,0.0,2241.0183274575734,,,,,,,,,,,,
MRT_SR_sem_terra__A_820_-_Falta_A_py,MRT,True,True,SEM Aterramento,A-G,Barra 820,0.5,0.0,3.6532489848103165,2.4907297126943777,2.6061951083365447,3.6532489848103165,333.16529441101153,18535.88235577875,3.3535312539407927,2.227287816745026e-15,2.227287816745026e-15,3.3535312539407927,0.0,406.15391341958855,5.059857039801353,2.227287816745026e-15,2.227287816745026e-15,5.059857039801353,0.0,360.3880063395348,5.28933378777783,2.227287816745026e-15,2.227287816745026e-15,5.28933378777783,0.0,673.829799715035,,,,,,,,,,,,
MRT_SR_sem_terra__A_822_-_Falta_A_py,MRT,True,True,SEM Aterramento,A-G,Barra 822,0.5,0.0,3.6609641880012163,2.4905780236930037,2.609106308699813,3.6609641880012163,346.01518385351943,18546.78072096519,3.3637568791793333,1.3517302842352265e-15,1.3517302842352265e-15,3.3637568791793333,0.0,538.5555962264237,5.070462508487832,1.3517302842352265e-15,1.3517302842352265e-15,5.070462508487832,0.0,653.9476951498084,9.872330743899433,1.3517302842352265e-15,1.3517302842352265e-15,9.872330743899433,0.0,340.7165324969047,,,,,,,,,,,,
MRT_SR_sem_terra__Sem_Falta_py,MRT,True,True,SEM Aterramento,Normal,Indefinido,0.5,5e-05,10.491298240782731,5.284828278467028,6.733949391658758,10.491298240782731,996.3639790481943,19159.756710553575,13.95018001153183,2.7535938842466413e-15,2.7535938842466413e-15,13.95018001153183,0.0,2107.4224000840363,10.387531308524876,2.7535938842466413e-15,2.7535938842466413e-15,10.387531308524876,0.0,3376.433605813738,5.306956311407108,2.7535938842466413e-15,2.7535938842466413e-15,5.306956311407108,0.0,3634.8153121503246,,,,,,,,,,,,
Qualificacao__R_818_1_-_Falta_AB_py,T2F,False,False,COM Aterramento,AB,Barra 818.1,0.5,0.25,113.29436920090478,53.01230555044096,56.332996728319856,113.29436920090478,25280.181295287955,26084.17833785999,163.86432266863963,162.640069683141,20.712620454526487,163.86432266863963,10833.322852562054,14841.156972179842,9.473694079037971,9.388383313142722,9.155566039656323,9.473694079037971,10417.736229523834,14433.750953216702,9.469885699513014,9.384833018341523,9.151975768469583,9.469885699513014,10358.64143790867,14375.878090828717,1.5579795235713376,56.81674954130959,44.33157057604898,3.813121888912319e-13,95.46968630515818,74.95328126922911,1.420653652514262e-13,7.945625536187353,1.6849847262113844,9.53752732594522e-14,7.939604973897311,1.6836976398394627
Qualificacao__R_818_1_-_Falta_ABC_py,T2F,False,False,COM Aterramento,ABC,Barra 818.1,0.5,0.25,113.26607346733852,87.48065876267731,97.31821108857453,113.26607346733852,25530.859087893707,25662.702795584417,192.82167146472545,162.98037805828966,150.17909310573637,192.82167146472545,9676.292308376329,10821.51981067647,9.449056646486548,9.388391858228337,9.155396942710526,9.449056646486548,9490.693607208163,10406.387133161625,9.4454831041964,9.384841560087745,9.151915766992946,9.4454831041964,9464.272043447792,10347.356402750534,1.5558443707929317,93.58687936648607,7.701257028133074,1.224392027770825e-12,160.04795443449413,10.641367827581414,1.4374259104649682e-13,6.577785755010386,0.3761094238098725,1.2745592422957945e-13,6.572804067239989,0.3758358087863881
Qualificacao__R_818_1_-_Falta_AC_py,T2F,False,False,COM Aterramento,AC,Barra 818.1,0.5,0.25,55.37498870141181,44.41358744249649,94.45912073869322,94.45912073869322,25396.100056696087,26111.053065593394,147.46093912538097,21.27690610029912,136.70096328318382,147.46093912538097,9861.659247742853,14273.21831179962,9.449037826187679,9.388438904047888,9.155439290848474,9.449037826187679,9573.61400200303,13960.36342973824,9.445464291324035,9.38488858826757,9.151958098937442,9.445464291324035,9532.875710526994,13915.813212881281,0.7631715967575163,51.36502072688083,38.59133284892466,8.428080561703687e-14,87.7054648609853,67.33538992082197,9.126750572165346e-14,7.748871449993145,1.7073773672553292,5.5503058349065254e-14,7.743002145917833,1.7060853289960305
Qualificacao__R_818_1_-_Falta_BC_py,T2F,False,False,COM Aterramento,BC,Barra 818.1,0.5,0.25,47.96579201350302,88.68563057652021,45.791614625046,88.68563057652021,25384.74840038177,26090.36886299446,24.369161630722722,133.14134470765495,135.10038936820675,135.10038936820675,9801.945845834607,15266.653019372838,10.73257927127142,9.388422177824316,9.15538403108833,10.73257927127142,9595.191345998168,14680.973786475786,10.724021466691363,9.384871868202282,9.151902860354772,10.724021466691363,9565.830514262087,14597.69475687575,0.722328024252286,51.44440942036035,37.91450245466215,2.813605685961325e-13,87.87836844232538,66.45736620042811,1.4196198381293696e-14,7.809764268500939,2.0753313897654215,5.5410795041533125e-14,7.803852159529542,2.0737719283834952
Qualificacao__R_818_2_-_Falta_AB_py,T2F,False,False,COM Aterramento,AB,Barra 818.2,0.5,0.25,128.27816627212616,97.92227212606049,65.57454960070883,128.27816627212616,25295.371478990033,25975.710163859534,21.44032562474677,21.275981317031075,20.70569633166165,21.44032562474677,8083.838337174786,12144.350533374758,9.44908731773903,9.388356782808058,9.155369843967902,9.44908731773903,7966.4265926161515,11779.283077565404,9.445513763668336,9.384806497746098,9.151888678572028,9.445513763668336,7949.719830490276,11727.403364185815,1.8216733832548526,90.04209512024207,33.31468849872006,7.878701081754327e-13,15.246819205565743,3.3995225937587104,1.2710066279746093e-13,6.730594953718133,1.4904476561677944,9.618835143867722e-14,6.725497668954117,1.4893216300220813
Qualificacao__R_818_2_-_Falta_ABC_py,T2F,False,False,COM Aterramento,ABC,Barra 818.2,0.5,0.25,168.59879645425428,121.77000282948843,135.86714551965372,168.59879645425428,25056.642039364466,25324.70534388849,21.44012726050141,21.275932925604106,20.70558932032168,21.44012726050141,7044.708152048686,8201.438444742465,9.448999819609263,9.388335449944815,9.155322541961471,9.448999819609263,6910.8082489236585,7886.826153767293,9.445426298300056,9.384785172731545,9.151841394469546,9.445426298300056,6891.747374109505,7842.08685757157,2.256208784232536,133.7568504341321,13.921852812597383,5.928293590924597e-13,11.127549147891544,0.8918095598279177,1.2463242337641402e-13,4.911145532374867,0.3840945621195477,1.4899301456970712e-13,4.907426290993159,0.38381241515492176
Qualificacao__R_818_2_-_Falta_AC_py,T2F,False,False,COM Aterramento,AC,Barra 818.2,0.5,0.25,72.03081364645043,63.939175874553,128.69967158715292,128.69967158715292,24982.30133765506,26043.49012056634,21.44004161260855,21.276144488809365,20.70578107180049,21.44004161260855,7295.727470230593,13887.303939975822,9.448961856367049,9.388428904647046,9.155407328682713,9.448961856367049,7089.272810608427,13560.637965174854,9.445388349985821,9.384878592468539,9.151926148837417,9.445388349985821,7060.206508250068,13514.124152131562,1.029710775784662,69.93738233975006,57.23643175186001,8.831558793521971e-14,15.39899371221936,5.696302266946012,9.674906955893878e-14,6.794009503021511,2.5211787442232825,4.74030418403622e-14,6.788863635641157,2.519270517228198
Qualificacao__R_818_2_-_Falta_BC_py,T2F,False,False,COM Aterramento,BC,Barra 818.2,0.5,0.25,128.8969883331088,97.85938319117517,65.78927342795453,128.8969883331088,25289.146195927922,25975.296060655284,21.440326981628516,21.275982430628446,20.705695068317656,21.440326981628516,8075.408609437454,12167.510884277171,9.449087909764554,9.388357268030203,9.155369286808778,9.449087909764554,7958.082350259087,11801.289584624938,9.44551435549365,9.384806982798338,9.151888121591686,9.44551435549365,7941.387027600716,11749.244298681035,1.8293473051363696,90.18308157569783,33.55273897486115,5.752501846514237e-13,15.279664534956652,3.4339920260403103,1.7507512683524472e-13,6.745066542850374,1.5055359724815152,1.0747121995300695e-13,6.739958340397671,1.5043986859818799
Qualificacao__R_818_2_Meio_-_Falta_AB__m10p01_py,T2F,False,False,COM Aterramento,AB,Barra 818.2,0.01,0.25,15.005538014219315,12.911527200531852,13.00482601290716,15.005538014219315,26052.373849188174,26069.89045815824,23.831987606360585,21.276334699862357,20.705986485299746,23.831987606360585,14129.991106260986,14666.985675175505,10.496152707999489,9.388497981338817,9.155491950741823,10.496152707999489,13805.441600649174,14104.398717604245,10.487682595627913,9.384938374375361,9.152006919625608,10.487682595627913,13744.696342494559,14024.41674818765,0.21555464508389066,12.965356171258735,0.5000303730327532,4.7899458423133207e-14,21.011467578569025,0.34981512590306596,3.3755973574849027e-15,9.27386676400784,0.14037449093886978,1.4482725902850536e-14,9.266828101837762,0.14027922218707484
Qualificacao__R_818_2_Meio_-_Falta_AB__m10p50_py,T2F,False,False,COM Aterramento,AB,Barra 818.2,0.5,0.25,15.0053273523478,12.911463250876016,13.004667537013445,15.0053273523478,26052.373620199105,26069.89054085812,23.83163587467584,21.276190769717154,20.70592645183919,23.83163587467584,14129.994450135262,14666.990282938174,10.496033653054127,9.38844927448209,9.155471586725284,10.496033653054127,13805.382979054546,14104.294509999196,10.487586147536112,9.384898954906868,9.151990382721033,10.487586147536112,13744.621093712878,14024.281824417285,0.21555668242221238,12.965216927922881,0.49996664015149866,4.1739136114380216e-14,21.01124241361465,0.34971050489674266,3.0315391380987954e-14,9.273790546714466,0.1403397569354098,2.1620451242961953e-14,9.266766380632406,0.14025120197399896
Qualificacao__R_818_2_Meio_-_Falta_AB__m10p99_py,T2F,False,False,COM Aterramento,AB,Barra 818.2,0.99,0.25,15.005113610430215,12.91141076617088,13.004514178762266,15.005113610430215,26052.373331116447,26069.890565704518,23.831289783555523,21.276049197172785,20.70586646417841,23.831289783555523,14129.998162918226,14666.994789762162,10.495917478345518,9.388401776097188,9.1554512644359,10.495917478345518,13805.326227617148,14104.195005252344,10.487492577513468,9.384860743360665,9.151973887479848,10.487492577513468,13744.547397926859,14024.151437106986,0.21555188840901643,12.965081127256987,0.49990240273250836,4.1363651340430316e-14,21.01102030312954,0.34960859699234026,8.70737033282198e-15,9.273715899088213,0.1403063857309187,1.49824815414945e-14,9.266706227673373,0.1402245432528918
Qualificacao__R_818_2_Meio_-_Falta_ABC__m10p01_py,T2F,False,False,COM Aterramento,ABC,Barra 818.2,0.01,0.25,15.005538014219315,12.911527200531852,13.00482601290716,15.005538014219315,26052.373849188174,26069.89045815824,23.831987606360585,21.276334699862357,20.705986485299746,23.831987606360585,14129.991106260986,14666.985675175505,10.496152707999489,9.388497981338817,9.155491950741823,10.496152707999489,13805.441600649174,14104.398717604245,10.487682595627913,9.384938374375361,9.152006919625608,10.487682595627913,13744.696342494559,14024.41674818765,0.21555464508389066,12.965356171258735,0.5000303730327532,4.7899458423133207e-14,21.011467578569025,0.34981512590306596,3.3755973574849027e-15,9.27386676400784,0.14037449093886978,1.4482725902850536e-14,9.266828101837762,0.14027922218707484
Qualificacao__R_818_2_Meio_-_Falta_ABC__m10p50_py,T2F,False,False,COM Aterramento,ABC,Barra 818.2,0.5,0.25,15.0053273523478,12.911463250876016,13.004667537013445,15.0053273523478,26052.373620199105,26069.89054085812,23.83163587467584,21.276190769717154,20.70592645183919,23.83163587467584,14129.994450135262,14666.990282938174,10.496033653054127,9.38844927448209,9.155471586725284,10.496033653054127,13805.382979054546,14104.294509999196,10.487586147536112,9.384898954906868,9.151990382721033,10.487586147536112,13744.621093712878,14024.281824417285,0.21555668242221238,12.965216927922881,0.49996664015149866,4.1739136114380216e-14,21.01124241361465,0.34971050489674266,3.0315391380987954e-14,9.273790546714466,0.1403397569354098,2.1620451242961953e-14,9.266766380632406,0.14025120197399896
Qualificacao__R_818_2_Meio_-_Falta_ABC__m10p99_py,T2F,False,False,COM Aterramento,ABC,Barra 818.2,0.99,0.25,15.005113610430215,12.91141076617088,13.004514178762266,15.005113610430215,26052.373331116447,26069.890565704518,23.831289783555523,21.276049197172785,20.70586646417841,23.831289783555523,14129.998162918226,14666.994789762162,10.495917478345518,9.388401776097188,9.1554512644359,10.495917478345518,13805.326227617148,14104.195005252344,10.487492577513468,9.384860743360665,9.151973887479848,10.487492577513468,13744.547397926859,14024.151437106986,0.21555188840901643,12.965081127256987,0.49990240273250836,4.1363651340430316e-14,21.01102030312954,0.34960859699234026,8.70737033282198e-15,9.273715899088213,0.1403063857309187,1.49824815414945e-14,9.266706227673373,0.1402245432528918
Qualificacao__R_818_2_Meio_-_Falta_AC__m10p01_py,T2F,False,False,COM Aterramento,AC,Barra 818.2,0.01,0.25,15.005538014219315,12.911527200531852,13.00482601290716,15.005538014219315,26052.373849188174,26069.89045815824,23.831987606360585,21.276334699862357,20.705986485299746,23.831987606360585,14129.991106260986,14666.985675175505,10.496152707999489,9.388497981338817,9.155491950741823,10.496152707999489,13805.441600649174,14104.398717604245,10.487682595627913,9.384938374375361,9.152006919625608,10.487682595627913,13744.696342494559,14024.41674818765,0.21555464508389066,12.965356171258735,0.5000303730327532,4.7899458423133207e-14,21.011467578569025,0.34981512590306596,3.3755973574849027e-15,9.27386676400784,0.14037449093886978,1.4482725902850536e-14,9.266828101837762,0.14027922218707484
Qualificacao__R_818_2_Meio_-_Falta_AC__m10p50_py,T2F,False,False,COM Aterramento,AC,Barra 818.2,0.5,0.25,15.0053273523478,12.911463250876016,13.004667537013445,15.0053273523478,26052.373620199105,26069.89054085812,23.83163587467584,21.276190769717154,20.70592645183919,23.83163587467584,14129.994450135262,14666.990282938174,10.496033653054127,9.38844927448209,9.155471586725284,10.496033653054127,13805.382979054546,14104.294509999196,10.487586147536112,9.384898954906868,9.151990382721033,10.487586147536112,13744.621093712878,14024.281824417285,0.21555668242221238,12.965216927922881,0.49996664015149866,4.1739136114380216e-14,21.01124241361465,0.34971050489674266,3.0315391380987954e-14,9.273790546714466,0.1403397569354098,2.1620451242961953e-14,9.266766380632406,0.14025120197399896
Qualificacao__R_818_2_Meio_-_Falta_AC__m10p99_py,T2F,False,False,COM Aterramento,AC,Barra 818.2,0.99,0.25,15.005113610430215,12.91141076617088,13.004514178762266,15.005113610430215,26052.373331116447,26069.890565704518,23.831289783555523,21.276049197172785,20.70586646417841,23.831289783555523,14129.998162918226,14666.994789762162,10.495917478345518,9.388401776097188,9.1554512644359,10.495917478345518,13805.326227617148,14104.195005252344,10.487492577513468,9.384860743360665,9.151973887479848,10.487492577513468,13744.547397926859,14024.151437106986,0.21555188840901643,12.965081127256987,0.49990240273250836,4.1363651340430316e-14,21.01102030312954,0.34960859699234026,8.70737033282198e-15,9.273715899088213,0.1403063857309187,1.49824815414945e-14,9.266706227673373,0.1402245432528918
Qualificacao__R_818_2_Meio_-_Falta_BC__m10p01_py,T2F,False,False,COM Aterramento,BC,Barra 818.2,0.01,0.25,15.005538014219315,12.911527200531852,13.00482601290716,15.005538014219315,26052.373849188174,26069.89045815824,23.831987606360585,21.276334699862357,20.705986485299746,23.831987606360585,14129.991106260986,14666.985675175505,10.496152707999489,9.388497981338817,9.155491950741823,10.496152707999489,13805.441600649174,14104.398717604245,10.487682595627913,9.384938374375361,9.152006919625608,10.487682595627913,13744.696342494559,14024.41674818765,0.21555464508389066,12.965356171258735,0.5000303730327532,4.7899458423133207e-14,21.011467578569025,0.34981512590306596,3.3755973574849027e-15,9.27386676400784,0.14037449093886978,1.4482725902850536e-14,9.266828101837762,0.14027922218707484
Qualificacao__R_818_2_Meio_-_Falta_BC__m10p50_py,T2F,False,False,COM Aterramento,BC,Barra 818.2,0.5,0.25,15.0053273523478,12.911463250876016,13.004667537013445,15.0053273523478,26052.373620199105,26069.89054085812,23.83163587467584,21.276190769717154,20.70592645183919,23.83163587467584,14129.994450135262,14666.990282938174,10.496033653054127,9.38844927448209,9.155471586725284,10.496033653054127,13805.382979054546,14104.294509999196,10.487586147536112,9.384898954906868,9.151990382721033,10.487586147536112,13744.621093712878,14024.281824417285,0.21555668242221238,12.965216927922881,0.49996664015149866,4.1739136114380216e-14,21.01124241361465,0.34971050489674266,3.0315391380987954e-14,9.273790546714466,0.1403397569354098,2.1620451242961953e-14,9.266766380632406,0.14025120197399896
Qualificacao__R_818_2_Meio_-_Falta_BC__m10p99_py,T2F,False,False,COM Aterramento,BC,Barra 818.2,0.99,0.25,15.005113610430215,12.91141076617088,13.004514178762266,15.005113610430215,26052.373331116447,26069.890565704518,23.831289783555523,21.276049197172785,20.70586646417841,23.831289783555523,14129.998162918226,14666.994789762162,10.495917478345518,9.388401776097188,9.1554512644359,10.495917478345518,13805.326227617148,14104.195005252344,10.487492577513468,9.384860743360665,9.151973887479848,10.487492577513468,13744.547397926859,14024.151437106986,0.21555188840901643,12.965081127256987,0.49990240273250836,4.1363651340430316e-14,21.01102030312954,0.34960859699234026,8.70737033282198e-15,9.273715899088213,0.1403063857309187,1.49824815414945e-14,9.266706227673373,0.1402245432528918
Qualificacao__R_820_-_Falta_AB_py,T2F,False,False,COM Aterramento,AB,Barra 820,0.5,0.25,85.75677562402386,40.18111012248611,43.45440216851433,85.75677562402386,25501.102900599963,26083.524344551963,123.97889299874835,122.78969854735924,20.70658157163924,123.97889299874835,11792.116834077015,14638.907481261836,9.503905341152425,9.38832053210426,9.155451832168152,9.503905341152425,8120.2274349125655,13746.568664383023,9.500057957891455,9.384770261027226,9.151970635671276,9.500057957891455,8074.165148164542,13694.654715145794,1.1828550809201381,44.568123701093086,32.09123068033058,1.9033193581735746e-13,74.62451559089656,54.123732382277666,7.466629306199868e-14,7.191674978237909,2.178918444389944,1.9177822264713958e-13,7.18622409167125,2.177255896969786
Qualificacao__R_820_-_Falta_ABC_py,T2F,False,False,COM Aterramento,ABC,Barra 820,0.5,0.25,85.75791837510434,76.31782019064183,77.07608524236427,85.75791837510434,25664.275226383485,25705.668489587966,145.72999775075317,131.12762601996377,131.83672747896017,145.72999775075317,10280.904482117834,11781.450444779128,9.44899579456116,9.388332355553782,9.15537153661536,9.44899579456116,8112.883030372374,8395.240928061663,9.445422274812755,9.384782079821955,9.151890370563667,9.445422274812755,8066.863040058608,8371.97802166341,1.1813625895598068,76.11518176680742,1.2410498099777587,5.791492380762188e-13,130.08765172749264,2.5918954077252763,4.352703589160097e-14,5.475649306792557,0.1115360475114932,4.01299770124375e-13,5.47150164332311,0.11144551033601419
Qualificacao__R_820_-_Falta_AC_py,T2F,False,False,COM Aterramento,AC,Barra 820,0.5,0.25,45.850330912172204,38.867364232173976,78.27022805453743,78.27022805453743,25500.423720836854,26054.4988666867,122.01386280398721,21.384796382118605,113.24559564539425,122.01386280398721,10373.298835687501,14016.844753353918,9.448989096956847,9.464312518592102,9.155428797999443,9.464312518592102,8250.138123114293,14252.31897546225,9.445415580389035,9.457152035253115,9.151947610128815,9.457152035253115,8216.025897480144,14204.671889256922,0.6397808450466187,44.500093293030666,31.253208793975848,3.9766708554913713e-13,75.85618950640794,54.60576077500176,6.785706377213095e-14,7.3751739818114705,2.3460866574980517,2.2890586350946413e-14,7.3695880109363845,2.3443115463919577
Qualificacao__R_820_-_Falta_BC_py,T2F,False,False,COM Aterramento,BC,Barra 820,0.5,0.25,41.13001402349118,75.42559052224325,39.36142438936714,75.42559052224325,25480.970000666282,26077.887422963566,23.608148626096156,113.03390699351621,115.10494349223923,115.10494349223923,10318.84705559327,15047.227959060821,10.35790756888765,9.38839158521368,9.155354197854557,10.35790756888765,8293.307820662667,13934.169746594449,10.34952656178251,9.384841287092835,9.151873038459357,10.34952656178251,8268.544894850816,13855.127148943788,0.6203534178095036,44.56794489485016,31.43095887855869,8.708779504166006e-14,75.99869002373099,55.14450731966851,2.1171549105416818e-13,7.255903793104531,2.2275952531678294,2.2498279930587187e-13,7.250411210347493,2.225918675061022
Qualificacao__R_820_Meio_-_Falta_AB__m10p01_py,T2F,False,False,COM Aterramento,AB,Barra 820,0.01,0.25,47.885513685027774,88.52983576458443,45.71563574784321,88.52983576458443,25385.826413046874,26089.844000021978,24.360978337259485,132.90518975953532,134.86519531311305,134.86519531311305,9807.105136190223,15263.734555810617,10.728480295608087,9.388470426248684,9.155403936890636,10.728480295608087,9579.944802560487,14672.248093727903,10.719900590998936,9.384910829443955,9.15191893928607,10.719900590998936,9550.650648188242,14589.050483817535,0.721126268411681,51.363796554679006,37.83817396083734,7.406174928171367e-13,87.73907832576946,66.32416481312774,1.274604801488336e-13,7.803384903779532,2.0769189081443304,2.321412599741321e-13,7.797464201040145,2.0753495964215807
Qualificacao__R_820_Meio_-_Falta_AB__m10p50_py,T2F,False,False,COM Aterramento,AB,Barra 820,0.5,0.25,44.26544018323816,81.51253433759425,42.30407275615435,81.51253433759425,25435.689925687897,26080.627934313176,23.96567790911142,122.2647819029427,124.27988180460328,124.27988180460328,10062.773693048226,15140.782679590411,10.53364600774193,9.388406574278289,9.15536891578425,10.53364600774193,8891.174186519858,14275.486120361333,10.5251795958577,9.384856270528058,9.151887750782269,10.5251795958577,8864.31002278109,14194.506774256768,0.6671239508786408,47.72633995158616,34.40602142312442,2.4453867314643777e-13,81.45511050097004,60.335468965945076,6.338110598453918e-14,7.511431950055241,2.1525638787171935,1.2778319226705064e-13,7.505745806688944,2.150944915262203
Qualificacao__R_820_Meio_-_Falta_AB__m10p99_py,T2F,False,False,COM Aterramento,AB,Barra 820,0.99,0.25,41.18752470791119,75.53777943423681,39.41565076076751,75.53777943423681,25480.1180340559,26077.935445601543,23.614511402842403,113.2038702293271,115.27416294856839,115.27416294856839,10313.863043378466,15048.84922868153,10.361094512675951,9.388344374523742,9.155334074963214,10.361094512675951,8304.35984218688,13940.351113750805,10.352734923271237,9.384803363170837,9.15185674251852,10.352734923271237,8279.546776001433,13861.242447342624,0.6212171861889842,44.62609415450557,31.485868541920926,3.9419293256754497e-13,76.09916573971645,55.24031321375113,4.8627036210292105e-14,7.26059437561636,2.226079051233999,7.155902005349076e-14,7.255110823045208,2.224411890972114
Qualificacao__R_820_Meio_-_Falta_ABC__m10p01_py,T2F,False,False,COM Aterramento,ABC,Barra 820,0.01,0.25,112.90121548436447,87.34977901547049,97.06151652714226,112.90121548436447,25533.033441389493,25662.602452791725,192.20605089432075,162.5545882732284,149.97407751700018,192.20605089432075,9683.746749233507,10833.366077224127,9.449105614836894,9.388439801365777,9.155416818113995,9.449105614836894,9477.83572580455,10375.91101391527,9.445522713636333,9.384880216121212,9.151931815575445,9.445522713636333,9451.465610694717,10317.077757418634,1.5508793335173288,93.36696487159514,7.589954128702942,7.899781059538391e-13,159.6710899042674,10.45355694182444,2.0364523552196647e-13,6.563921572435229,0.36924385345422284,2.95113532323805e-13,6.558939977295871,0.3689702277783984
Qualificacao__R_820_Meio_-_Falta_ABC__m10p50_py,T2F,False,False,COM Aterramento,ABC,Barra 820,0.5,0.25,97.55692787858204,81.46734880510625,85.9914639361452,97.55692787858204,25622.4880152289,25676.403674402274,166.10095600630862,144.7729334748185,140.4838297555564,166.10095600630862,10008.352913662053,11353.874349874553,9.449025599416132,9.388361446583565,9.155384072219686,9.449025599416132,8863.55069829099,9094.022389286312,9.445452068589132,9.384811159880881,9.151902901349356,9.445452068589132,8824.468950793647,9042.434705638683,1.342041686163524,83.8495530627163,3.2308801663088906,9.486004247497248e-13,143.35612208733966,3.1035255196160154,6.015328188085077e-14,5.962643699998379,0.10395213864505327,3.290317130811931e-13,5.958127476067858,0.10388383264429187
Qualificacao__R_820_Meio_-_Falta_ABC__m10p99_py,T2F,False,False,COM Aterramento,ABC,Barra 820,0.99,0.25,85.96417548419029,76.41354693499099,77.2352632379744,85.96417548419029,25664.170541938336,25705.109152349727,146.08841664894268,131.36918203260365,131.99968242673424,146.08841664894268,10275.890567727336,11773.782007448242,9.448948020132454,9.388285586928891,9.155351611087273,9.448948020132454,8130.039203847578,8404.628990513185,9.445383858672631,9.384744597668671,9.151874271915519,9.445383858672631,8083.904284572707,8381.326681272716,1.1841715926766672,76.2539937932299,1.2380179817379888,3.1599408279055137e-13,130.32589767768758,2.5185506994875366,1.4698212391438162e-13,5.484381242163156,0.10889703103415116,2.164067674935335e-13,5.480235409646435,0.10880625541226206
Qualificacao__R_820_Meio_-_Falta_AC__m10p01_py,T2F,False,False,COM Aterramento,AC,Barra 820,0.01,0.25,55.26642923175728,44.34803126401766,94.26816678990927,94.26816678990927,25397.261602391645,26110.296983036034,147.1610310118259,21.27704936774355,136.42335754001567,147.1610310118259,9866.58937754434,14269.777742512504,9.449086865954072,9.38848742350369,9.155459672432467,9.449086865954072,9558.14759031313,13964.010092165576,9.445503972154807,9.384927820440709,9.151974653505613,9.445503972154807,9517.493972176282,13919.437576017956,0.7617078352705259,51.28452008448045,38.5048549661647,1.3433663935309168e-13,87.5665073404944,67.18534795246633,5.586038968900555e-15,7.744285051234572,1.7149907149455712,1.9147427561256946e-13,7.738407199088062,1.7136909398590685
Qualificacao__R_820_Meio_-_Falta_AC__m10p50_py,T2F,False,False,COM Aterramento,AC,Barra 820,0.5,0.25,50.414605199211394,41.403299810642416,85.7150770494201,85.7150770494201,25451.18498470585,26078.493554094952,133.73071929897395,21.27687897484643,124.00097537321872,133.73071929897395,10116.18626709979,14125.447095880869,9.449013064813506,9.388431949343863,9.155434171552178,9.449013064813506,8858.924907397468,14121.915741657622,9.445439539238556,9.384881636192397,9.151952981660092,9.445439539238556,8821.793839978394,14075.694055475888,0.6961611423855913,47.65277096554709,34.61745699361129,8.87129552478015e-13,81.29805783103156,60.44141255544544,1.1420415032241932e-13,7.540958123834941,2.0552781760566687,1.7256229642612945e-13,7.535246407011196,2.053722907394272
Qualificacao__R_820_Meio_-_Falta_AC__m10p99_py,T2F,False,False,COM Aterramento,AC,Barra 820,0.99,0.25,45.92518820104029,38.91398427672234,78.40457099574654,78.40457099574654,25499.495640455,26054.827542766518,122.22456563970258,21.379772413217022,113.44034838130005,122.22456563970258,10368.235287330266,14018.70790739733,9.448941282802425,9.46184788780629,9.155408633513415,9.46184788780629,8261.407431878288,14249.901937390454,9.445377124551555,9.454706008667337,9.151931272600601,9.454706008667337,8227.232057919442,14202.260797756739,0.6408135276151797,44.558128692881475,31.315210814168157,2.6612436763007746e-14,75.9563873065371,54.71331462025583,6.431104162476358e-14,7.37809193932343,2.3407240521458483,5.611088596652836e-14,7.372515275968289,2.338956112262924
Qualificacao__R_820_Meio_-_Falta_BC__m10p01_py,T2F,False,False,COM Aterramento,BC,Barra 820,0.01,0.25,112.92907315947271,52.84109262978918,56.16162204897581,112.92907315947271,25283.11163561979,26084.163155522743,163.335019848376,162.11108950374128,20.712642256692757,163.335019848376,10845.159898823658,14838.246838374822,9.474106090048368,9.388431290179312,9.155563527106947,9.474106090048368,10387.207118118935,14424.22108496669,9.470287669422797,9.384871708322486,9.151992121364977,9.470287669422797,10328.309176183078,14366.446353316489,1.5530071241193977,56.654414426126614,44.16925292779275,2.714469841441546e-13,95.19338100598384,74.67704021044429,2.2806381898426803e-13,7.9356318122661405,1.6902028119768295,9.786321906335156e-14,7.9296074075402965,1.6889125363296678
Qualificacao__R_820_Meio_-_Falta_BC__m10p50_py,T2F,False,False,COM Aterramento,BC,Barra 820,0.5,0.25,97.56735131926723,45.66408051471761,48.96448422113489,97.56735131926723,25406.33855016434,26083.700401230493,141.07979379260235,139.87609344877316,20.708393884443876,141.07979379260235,11365.138199900208,14721.451877221407,9.490216336885629,9.388351203792487,9.1554543214886,9.490216336885629,9103.041447196398,14032.196616334699,9.486390521355466,9.384800921104034,9.151973123934598,9.486390521355466,9051.405311345863,13977.768920883342,1.3438042647600077,49.82348339843462,37.34286008757137,1.1048964926632956e-12,83.5680406349123,63.06043580566162,2.38788070768813e-13,7.514004879634836,1.945744203231956,9.95966245768187e-14,7.50831044506727,1.9442584995989922
Qualificacao__R_820_Meio_-_Falta_BC__m10p99_py,T2F,False,False,COM Aterramento,BC,Barra 820,0.99,0.25,85.96322005248146,40.27666729294171,43.55040980615303,85.96322005248146,25499.445505024814,26083.5259913523,124.27767498217504,123.08838562041728,20.706521946795718,124.27767498217504,11784.462047223946,14640.296387785893,9.503604964231073,9.38827374461438,9.155431624416599,9.503604964231073,8137.411691560092,13751.399968641494,9.499767506239994,9.384732759919686,9.151954254777495,9.499767506239994,8091.2353747371635,13699.427689856491,1.1856678147241428,44.6599691577726,32.183084982519546,2.040715421208476e-13,74.78083311930565,54.28006293319938,1.2501494691362027e-13,7.197279956492159,2.174606171704164,2.186533003770265e-13,7.191834556103186,2.172946022997989
Qualificacao__R_822_-_Falta_AB_py,T2F,False,False,COM Aterramento,AB,Barra 822,0.5,0.1608,80.67737278085282,37.820376893240535,41.10739318285993,80.67737278085282,25946.808430812074,26069.470224353827,116.64548644293156,115.4326923158897,20.706578853385334,116.64548644293156,13804.186728495353,14416.483410477671,108.61395083732859,108.26892539116683,9.15614592966195,108.61395083732859,13370.673537316306,14097.64779094044,108.60720387728996,108.26669313245338,9.152664654970827,108.60720387728996,13285.125171069869,14071.658060373775,0.23339971725980888,13.533688358090892,1.9695889237913315,4.4938668397781776e-14,21.699373362795328,3.273154250945503,2.2267530274757715e-14,10.321354456679028,3.437051618064012,2.222616091662561e-14,10.31694711362145,3.437232802885252
Qualificacao__R_822_-_Falta_ABC_py,T2F,False,False,COM Aterramento,ABC,Barra 822,0.5,0.15925,80.68282475351417,73.86630918316044,73.11854138085589,80.68282475351417,25906.907442807606,26056.453831494775,136.89366284453422,125.06489167483637,127.7121758924226,136.89366284453422,13626.162327599728,14648.227154237511,129.02807882567987,118.12046350273398,120.93913888387821,129.02807882567987,13261.771806004444,14081.56360017743,129.0228438615543,118.11570561092734,120.93438787905774,129.0228438615543,13205.896422361086,14000.857905336174,0.21477339594464873,14.020573727927541,0.6279437383909391,1.350238942993961e-14,22.858955022522327,1.6478566462701782,1.1124904984223802e-14,11.268782015544176,1.9870689279466613,1.3557455178480059e-14,11.265228512936991,1.9872223641677138
Qualificacao__R_822_-_Falta_AC_py,T2F,False,False,COM Aterramento,AC,Barra 822,0.5,0.15955,44.0148416370928,37.65895757712572,74.9213095656054,74.9213095656054,25968.895542191036,26051.401745952902,116.79791681145592,21.45023887201226,108.35588216917228,116.79791681145592,13829.223015650547,14741.086483843532,108.68870601249378,9.537534811169932,104.88551005849737,108.68870601249378,13324.094081892361,14248.014692659122,108.6847941329276,9.530317698380838,104.88057902229978,108.6847941329276,13244.869303653772,14191.587718241608,0.22034224726099746,14.297268531348925,1.1602099444984815,1.6161701978437983e-14,23.46117429857043,2.301605640460537,1.9198264118445578e-14,11.903071958650791,2.6031196784107715,1.3647667377389076e-14,11.899734563652473,2.603251813430052
Qualificacao__R_822_-_Falta_BC_py,T2F,False,False,COM Aterramento,BC,Barra 822,0.5,0.15940000000000001,39.7452275545189,72.55647789076777,37.91454936117448,72.55647789076777,25936.23732570958,26076.569588997714,23.518813518169,108.76952969501228,110.71040383590254,110.71040383590254,13555.261739867576,14649.5763948566,10.267401259893113,102.81835800552976,104.04914178343549,104.04914178343549,13158.928534225355,14103.019116568783,10.259062401627471,102.81265577367583,104.04633581811038,104.04633581811038,13096.155379123134,14032.008931079936,0.21199788413081042,14.02606612468101,0.8890056677016042,3.482948133128792e-14,22.74318687210206,2.0597773173090026,1.3110454840564811e-14,11.20473151323203,2.4221786611990153,1.9252973127342807e-14,11.20097645161239,2.422327727324086
Qualificacao__R_822_Meio_-_Falta_AB__m10p01_py,T2F,False,False,COM Aterramento,AB,Barra 822,0.01,0.25,41.11606040764711,75.39616651072348,39.34641384006357,75.39616651072348,25481.190675259066,26077.879613482542,23.607609154875956,112.99037946720004,115.05966179849072,115.05966179849072,10320.078606343819,15046.732814881643,10.3612556314771,107.32983473563178,108.54869410276866,108.54869410276866,8294.952729932267,13933.712062803952,10.348650138154426,9.384880506021464,9.151889326494615,10.348650138154426,8265.177131977973,13853.38289584569,0.6201492867859008,44.55300111593087,31.41629439000234,1.6821181157491292e-13,75.97284987618984,55.11887721015849,1.2541744633526952e-13,66.81148736077867,57.68251281378756,6.661338147750939e-15,7.2490116709763965,2.2264316776695363
Qualificacao__R_822_Meio_-_Falta_AB__m10p50_py,T2F,False,False,COM Aterramento,AB,Barra 822,0.5,0.25,40.422883554965956,73.9608976377397,38.62211116713095,73.9608976377397,25491.964899832776,26077.45072342687,23.562845000792194,110.85704398126552,112.86131688200221,112.86131688200221,10381.246840731132,15023.227116150509,10.314010641507254,105.04970612657537,106.27459734867611,106.27459734867611,8374.918557951765,13907.407147635196,10.301474752339425,9.384836630943331,9.151868443525085,10.301474752339425,8102.14270929617,13763.06499174653,0.6098332532643174,43.81899771918121,30.705400536156255,2.9846554150525365e-13,74.7048756179184,53.877318144461476,1.2754632448601208e-13,65.4795950013701,56.38521911489504,2.9920658588791126e-13,7.179511815419331,2.2490700283629055
Qualificacao__R_822_Meio_-_Falta_AB__m10p99_py,T2F,False,False,COM Aterramento,AB,Barra 822,0.99,0.25,39.75798068331629,72.58348516800808,37.92832061416075,72.58348516800808,25502.420581157592,26077.045735914326,23.519304327982855,108.80943949075186,110.75197903223784,110.75197903223784,10441.663991238907,15001.390901943025,10.268196954390138,102.8616830117762,104.09247953392291,104.09247953392291,8455.250246601829,13883.692765601003,10.255729790707889,9.384794233518523,9.151847623386978,10.255729790707889,7945.63476839996,13676.417831632498,0.5999356338033487,43.11430753106672,30.02328378223472,2.1733265966293818e-13,73.48749521723394,52.68601580169003,7.121199690787663e-14,64.20130680590992,55.14043660679123,1.5519193598534468e-13,7.11264569103435,2.2712206682256793
Qualificacao__R_822_Meio_-_Falta_ABC__m10p01_py,T2F,False,False,COM Aterramento,ABC,Barra 822,0.01,0.25,85.70462592812373,76.2928023678693,77.03492017787961,85.70462592812373,25664.291980389848,25705.795310103542,145.63741401914416,131.06436650596126,131.79486295319484,145.63741401914416,10282.156074789418,11783.367689712188,138.1910004983992,124.38530872008391,125.21998401312486,138.1910004983992,8116.942190843892,8397.238626724184,9.445462302779974,9.38482130390381,9.15190686606413,9.445462302779974,8061.616280844142,8369.120813182923,1.1806348912139373,76.07922610383409,1.2417530436765005,3.9575522377703804e-13,130.0259663302221,2.610669987098885,2.0746820437752025e-13,123.38110715695015,2.665077665829037,8.479145380858031e-14,5.468831884529367,0.11225932930087491
Qualificacao__R_822_Meio_-_Falta_ABC__m10p50_py,T2F,False,False,COM Aterramento,ABC,Barra 822,0.5,0.25,83.13328846230861,75.06887365398703,75.04076780956824,83.13328846230861,25665.23238752425,25712.029782017846,141.16777747004988,128.00246071356355,129.74318904035053,141.16777747004988,10343.260841836069,11876.146105895743,133.50754000514792,121.18832021171136,123.06847160648573,133.50754000514792,8219.28373928448,8492.088539479693,9.445413354790611,9.384773310319876,9.151886654465846,9.445413354790611,7810.914536550319,8230.655123153963,1.1453820394558478,74.33438215327618,1.4200018726307149,4.4603499217916915e-13,127.03355245761607,3.538941161751848,3.146152576380632e-13,120.24407601609425,3.655830772320597,2.0774669597530586e-13,5.340432946517211,0.15215828985989127
Qualificacao__R_822_Meio_-_Falta_ABC__m10p99_py,T2F,False,False,COM Aterramento,ABC,Barra 822,0.99,0.25,80.7292235785908,73.88945772177219,73.15518489428293,80.7292235785908,25666.422038552057,25718.18867724232,136.97480273033378,125.12072059969192,127.7514623254947,136.97480273033378,10402.075709099232,11963.989043941818,129.11416469627605,118.17959720078304,120.98071911229383,129.11416469627605,8285.125983572827,8582.660411811366,9.445365699373163,9.384726683694446,9.151866570233091,9.445365699373163,7576.677925429346,8097.267012163834,1.112428379542249,72.68114750836173,1.763758666351405,3.9251010711167276e-13,124.19773805628815,4.41287400414777,1.2809491335957507e-13,117.27137830137755,4.583025679892673,5.419121800906191e-14,5.218799560162315,0.18966536034136947
Qualificacao__R_822_Meio_-_Falta_AC__m10p01_py,T2F,False,False,COM Aterramento,AC,Barra 822,0.01,0.25,45.83166603848015,38.854890480282734,78.2358846496357,78.2358846496357,25500.65316658354,26054.50594029312,121.96050404781693,21.385730071483337,113.19525959548974,121.96050404781693,10374.577219646775,14016.363556776889,114.06539265057467,9.468684078637745,110.05173767557635,114.06539265057467,8251.741858076073,14251.500419797809,9.445455679890275,9.45791716873189,9.151964032901954,9.45791716873189,8212.642002579216,14205.51391247082,0.639525697065017,44.48517244618888,31.237580283876753,2.34995889760321e-13,75.83043826330794,54.57861739909302,2.1872203851321493e-13,66.58609881722137,57.19663177801063,3.943374375600162e-14,7.368701822356772,2.3459876118350027
Qualificacao__R_822_Meio_-_Falta_AC__m10p50_py,T2F,False,False,COM Aterramento,AC,Barra 822,0.5,0.25,44.91116650722292,38.25014070791962,76.55801312818683,76.55801312818683,25511.88518306194,26054.951790970572,119.34692980984762,21.417723846526343,110.74512803017613,119.34692980984762,10437.391665074756,13993.35987732324,111.34385662466072,9.502770572698134,107.43662369199772,111.34385662466072,8329.85049350565,14209.276004561734,9.445408403782999,9.491989881377377,9.151946090497288,9.491989881377377,8048.75174948644,14241.347539486555,0.6269270853384724,43.75239121917456,30.477907257022853,2.2814955595596974e-13,74.56657091572485,53.260058554020155,1.9525565558317273e-13,65.25908479449595,55.818784272172564,5.0850746268887585e-14,7.324391281124975,2.425185820484914
Qualificacao__R_822_Meio_-_Falta_AC__m10p99_py,T2F,False,False,COM Aterramento,AC,Barra 822,0.99,0.25,44.031768146971686,37.67040761002082,74.95261833972614,74.95261833972614,25522.794747308213,26055.37166000981,116.84652062794342,21.449328375176,108.40177109923339,116.84652062794342,10499.51959652721,13972.25515068109,108.74013893435664,9.536755887851271,104.9349895936319,108.74013893435664,8408.796993219774,14169.877745358948,9.445362359296071,9.525961708804362,9.151928134814383,9.525961708804362,7891.348742436493,14275.36595011076,0.6148664833534645,43.04892024436158,29.749143685187796,3.7911777429455527e-13,73.353176491151,51.99516834749941,7.674967120774517e-14,63.985542937052394,54.49702072652861,1.5411395714083106e-13,7.282545345296938,2.500922608199936
Qualificacao__R_822_Meio_-_Falta_BC__m10p01_py,T2F,False,False,COM Aterramento,BC,Barra 822,0.01,0.25,85.70343481325816,40.156218992593715,43.42980270839252,85.70343481325816,25501.525719911373,26083.50657290905,123.90190805355435,122.71232412131005,20.70664148389922,123.90190805355435,11794.030294434377,14638.49333167626,116.22181457182111,115.88312901366422,9.1561691579018,116.22181457182111,8124.28622694033,13746.322879795787,9.500176293382626,9.38480938422052,9.15198711558427,9.500176293382626,8068.910971696696,13693.272461440134,1.1821243683758254,44.544268450239585,32.06730246356548,2.33403044303902e-13,74.58393964634996,54.08299106187405,2.438495068917016e-14,65.46867199486127,56.43990108538024,3.342326574415857e-14,7.184499507928368,2.178625546324567
Qualificacao__R_822_Meio_-_Falta_BC__m10p50_py,T2F,False,False,COM Aterramento,BC,Barra 822,0.5,0.25,83.12987477210547,38.959114322170514,42.239830656219944,83.12987477210547,25521.890216621006,26082.656705842128,120.18592128716166,118.98465512935819,20.706580164184885,120.18592128716166,11886.64610462904,14618.749445779,112.32666806874185,111.98476692172673,9.15614737815871,112.32666806874185,8316.500282257688,13732.699540257057,9.503805764981013,9.384760992552417,9.15196992879941,9.503805764981013,7817.819922588261,13624.741252427848,1.1468168425188294,43.391118524334104,30.914587067027952,1.464976944699795e-13,72.62361960479844,52.12129668463837,1.0218341642711407e-13,63.41422998629045,54.38504671586989,1.968294580786138e-14,7.101459110658083,2.243519027050738
Qualificacao__R_822_Meio_-_Falta_BC__m10p99_py,T2F,False,False,COM Aterramento,BC,Barra 822,0.99,0.25,80.72380669255006,37.84197563101395,41.12873011671555,80.72380669255006,25540.94330455445,26081.90570479049,116.71246646710291,115.50004125276601,20.70651886758471,116.71246646710291,11974.328091889798,14600.680924645203,108.68514245251012,108.34024182726733,9.156125624838296,108.68514245251012,8499.191815418075,13721.130289947692,9.507248962948216,9.384713830995508,9.151952768512146,9.507248962948216,7583.224632462148,13561.354377944432,1.1138084323920963,42.313223129520324,29.837105936758363,1.7222927469087207e-13,70.79126222459156,50.28764335831496,1.40731365334463e-13,61.493866384873876,52.46430761578274,9.048625662338045e-14,7.023915015462244,2.3052189982389697
Qualificacao__Sem_Falta_py,T2F,False,False,COM Aterramento,Normal,Indefinido,0.5,0.25,15.0053273523478,12.911463250876016,13.004667537013445,15.0053273523478,26052.373620199105,26069.89054085812,23.83163587467584,21.276190769717154,20.70592645183919,23.83163587467584,14129.994450135262,14666.990282938174,10.496033653054127,9.38844927448209,9.155471586725284,10.496033653054127,13805.382979054546,14104.294509999196,10.487586147536112,9.384898954906868,9.151990382721033,10.487586147536112,13744.621093712878,14024.281824417285,0.21555668242221238,12.965216927922881,0.49996664015149866,4.1739136114380216e-14,21.01124241361465,0.34971050489674266,3.0315391380987954e-14,9.273790546714466,0.1403397569354098,2.1620451242961953e-14,9.266766380632406,0.14025120197399896
Qualificacao_sem_terra__A_818_1_-_Falta_A_py,T2F,False,True,SEM Aterramento,Normal,Barra 818.1,0.5,0.25,14.880039657394706,13.076446851847926,13.20147508318337,14.880039657394706,26052.39573129393,26070.609362869516,23.88926316606572,21.346382515685747,20.725698043818184,23.88926316606572,14175.193990155061,14708.876571634422,10.513562574922272,9.419349777261967,9.16293196556147,10.513562574922272,13782.391883355996,14144.569218189929,10.505108998568513,9.412228247060703,9.155967774917082,10.505108998568513,13721.663621885105,14064.327374260183,2.746819306467122e-14,12.991475491747082,0.5224820997082936,4.620045786682937e-14,21.048934499436903,0.3941861402413442,1.9461266292761547e-14,9.287163071995746,0.15901181659995003,1.432144669219779e-14,9.280128766277041,0.15890922640916028
Qualificacao_sem_terra__A_818_2_-_Falta_A_py,T2F,False,True,SEM Aterramento,Normal,Barra 818.2,0.5,0.25,14.880028037379457,13.07709075989319,13.208796184500754,14.880028037379457,26052.376963187384,26070.56039887704,23.871151975206402,21.339197022145772,20.725036092987043,23.871151975206402,14175.06854632224,14708.874830752784,10.51334505892646,9.419412448832816,9.162631701203937,10.51334505892646,13781.851050503206,14144.567431717505,10.504891671284946,9.41229087130388,9.15566773849886,10.504891671284946,13721.124955520943,14064.32570911876,1.1569307604745801e-14,12.995499075206363,0.5185521374495625,3.3179801368329e-14,21.04131178063266,0.3883125027625139,1.2560739669470201e-14,9.287012859841793,0.1591989138314565,2.6148940751075076e-14,9.279978668264606,0.15909618093596928
Qualificacao_sem_terra__A_820_-_Falta_A_py,T2F,False,True,SEM Aterramento,Normal,Barra 820,0.5,0.25,14.87934482561885,13.07644764215107,13.201038339532728,14.87934482561885,26052.392852428056,26070.610265285777,23.888070261980637,21.345810750819695,20.725793361031556,23.888070261980637,14175.193949238683,14708.907491335489,10.513289491647106,9.419218461154202,9.162955720038775,10.513289491647106,13782.248030757506,14144.198313454659,10.504836113894559,9.41210083588345,9.155991511294706,10.504836113894559,13721.521285675437,14063.95866562558,2.4174778843910106e-14,12.991179433629938,0.5221494845567399,2.2993740646564238e-14,21.048449581739078,0.39366569801614965,1.3528330643921842e-14,9.287050892191465,0.15889870710649615,9.478527943911128e-15,9.280016671241947,0.15879620192162047
Qualificacao_sem_terra__A_822_-_Falta_A_py,T2F,False,True,SEM Aterramento,Normal,Barra 822,0.5,0.25,14.879243185724013,13.076446783568699,13.200977530478692,14.879243185724013,26052.39245651898,26070.610378435915,23.887900577305313,21.3457315754301,20.725807127586666,23.887900577305313,14175.193712497652,14708.911802466884,10.530069370696697,9.426154635700527,9.162975359784618,10.530069370696697,13782.249773441106,14144.207009576623,10.521614057126165,9.419034878910516,9.156007807404118,10.521614057126165,13721.48075265135,14063.850211304274,3.1527553875640235e-14,12.991138167423971,0.5221030581733391,3.655825044867131e-14,21.04838218576687,0.3935936043045874,1.949951169430988e-14,9.293992755643874,0.16443515318066512,7.105427357601002e-15,9.28695688735838,0.16433511876703594
Qualificacao_sem_terra__Sem_Falta_py,T2F,False,True,SEM Aterramento,Normal,Indefinido,0.5,0.25,14.87091077420559,13.076442903357464,13.19448094933785,14.87091077420559,26052.35398933198,26070.627828711422,23.872310209035152,21.339418464696177,20.725573127415533,23.872310209035152,14175.171292047593,14709.308245716817,10.51385630500566,9.419510173164923,9.162869109734814,10.51385630500566,13782.479927017504,14144.984459653,10.505402560515032,9.412388522392865,9.155904967078621,10.505402560515032,13721.750899740486,14064.740275493414,2.850264432926945e-14,12.987138474014834,0.5185474934959903,7.199786565877462e-14,21.041891410732365,0.3882712009287485,2.755898672492245e-14,9.287268874104692,0.15916403895234396,1.7081887592420314e-14,9.280234488593253,0.15906133428928804
Qualificacao_SR__R_818_1_-_Falta_AB_py,T2F,True,False,COM Aterramento,AB,Barra 818.1,0.5,0.25,100.67182439639467,49.322242677442944,52.84677884763004,100.67182439639467,25370.94229100927,26097.0582814908,157.52712798697428,156.40430806972512,22.686802719525875,157.52712798697428,10425.080295352667,14334.742716761506,8.99074555137158,8.876999365863886,10.034759788209968,10.034759788209968,10025.15319029939,13941.994617392726,8.987127504322588,8.873641317781848,10.03118669844809,10.03118669844809,9968.287433383555,13886.206339973622,0.009924544622420345,51.53618700375727,39.840987371090336,1.411947327445564e-12,91.94302569819233,72.06239517183782,1.620357055011618e-13,7.687766995868453,1.6228059510470385,2.6215895004193233e-14,7.681941757282699,1.6215659955694175
Qualificacao_SR__R_818_1_-_Falta_ABC_py,T2F,True,False,COM Aterramento,ABC,Barra 818.1,0.5,0.25,100.55925074097188,82.72335802819818,91.59018228286668,100.55925074097188,25610.05985677958,25691.49531979002,185.9166865222814,157.59265284816277,147.00606541687367,185.9166865222814,9446.964852494259,10414.472784904307,8.853470663229535,8.87701027290006,10.034703248443606,10.034703248443606,9266.236050395286,10014.953465829654,8.850121229575347,8.873652220713936,10.031130172406334,10.031130172406334,9240.506530534836,9958.142859479873,0.009168789499999639,86.47715331785817,5.067565442967878,4.4688311751204434e-13,155.27183074636773,8.959090644222455,1.2106371074985502e-13,6.3818669894507725,0.3087390564402537,1.308314917132297e-13,6.3770335812700845,0.30851610924880557
Qualificacao_SR__R_818_1_-_Falta_AC_py,T2F,True,False,COM Aterramento,AC,Barra 818.1,0.5,0.25,49.38042105674612,42.090616687049064,88.97710278986955,88.97710278986955,25446.64212497503,26108.440779518554,143.1449030914477,20.1173863327045,133.19433273550348,143.1449030914477,9605.996515413155,13685.875409104709,8.853451949061629,8.880164852744306,10.034749391608896,10.034749391608896,9328.379978374029,13388.260380808142,8.850102522513318,8.875125516865848,10.031176297913392,10.031176297913392,9289.110646003688,13345.877670679285,0.009284765245782386,47.800808918027755,36.301356906135574,1.8930867814700725e-13,85.21937650625864,65.79349556950584,4.6359548214675265e-14,7.433531377474332,1.5966746305404425,9.764398702902565e-14,7.427900754000326,1.5954656069996787
Qualificacao_SR__R_818_1_-_Falta_BC_py,T2F,True,False,COM Aterramento,BC,Barra 818.1,0.5,0.25,43.00295986588008,83.7131268460653,43.30795680350973,83.7131268460653,25434.476872115476,26115.994589698377,23.144088038357246,129.49080273279404,131.85055058928532,131.85055058928532,9551.495978219378,14446.129422736587,10.192834068329711,8.877042201787667,10.034684985311326,10.192834068329711,9352.408204797865,13891.92830628769,10.184696448261665,8.873684137587997,10.031111920167936,10.184696448261665,9324.124550804761,13813.123148326817,0.010670240294109304,47.870028625528846,35.8197645011972,3.454079068231246e-13,85.3117912931191,65.08409788215205,5.407139474782739e-14,7.4964822411341325,1.8508345719951118,8.467197416543408e-14,7.4908070682048065,1.8494446933058162
Qualificacao_SR__R_818_2_-_Falta_AB_py,T2F,True,False,COM Aterramento,AB,Barra 818.2,0.5,0.25,114.3372503453621,92.7718519061785,61.41659486691311,114.3372503453621,25391.171690933243,25993.508282126342,20.13095455545343,20.107406128722396,22.685877215771797,22.685877215771797,7950.227412748348,11740.803924894675,8.87102234597945,8.876979236811769,10.034671718478762,10.034671718478762,7833.338860286847,11388.38611366295,8.867540483970725,8.873621196430115,10.03109865642457,10.03109865642457,7816.70685051808,11338.304882522687,0.009671105557211386,83.09971108344874,29.79576952059164,6.178300857180258e-13,14.805198323974363,3.1634679011030364,8.046897027110551e-14,6.5356524984813,1.3866878674663516,3.3019326037712996e-13,6.530702762154215,1.3856400867119436
Qualificacao_SR__R_818_2_-_Falta_ABC_py,T2F,True,False,COM Aterramento,ABC,Barra 818.2,0.5,0.25,151.82700865883703,115.90537533715144,129.02188191221535,151.82700865883703,25168.140454341614,25368.327159512595,20.09166787081458,20.107359579134148,22.685790854459675,22.685790854459675,6923.374323517494,7997.091860662381,8.853419561294201,8.87695865516275,10.034633328104665,10.034633328104665,6791.931095197819,7690.318651712504,8.850070146987129,8.873600622512969,10.03106026888251,10.03106026888251,6773.224863584995,7646.69693611146,0.008099638662033847,124.71121515611368,10.643279061572581,1.1801346534801633e-12,10.895779236345613,0.8222746958569753,6.447880348257061e-14,4.808880217874028,0.35359351037955716,1.0585958265706878e-13,4.805238377265586,0.3533342216127961
Qualificacao_SR__R_818_2_-_Falta_AC_py,T2F,True,False,COM Aterramento,AC,Barra 818.2,0.5,0.25,64.79649374710432,60.859246972036786,122.01274505309051,122.01274505309051,25053.965434604863,26071.817752704002,20.091582856035316,20.10754809419694,22.685998917030417,22.685998917030417,7154.939674461404,13286.595809595347,8.853381941086164,8.877042008334971,10.03472532216823,10.03472532216823,6954.803304918009,12976.37166972502,8.850032541076176,8.87368394399034,10.03115222782743,10.03115222782743,6926.611060191495,12932.196168882725,0.008595826881721998,65.58552706927357,54.20808050782994,2.0816518220459448e-13,14.772217776295617,5.328081907654993,1.4834972711082345e-13,6.517681248711958,2.358756325372706,1.2419836050073768e-13,6.512744515128355,2.3569706397340693
Qualificacao_SR__R_818_2_-_Falta_BC_py,T2F,True,False,COM Aterramento,BC,Barra 818.2,0.5,0.25,114.90307553160453,92.7088568087946,61.6140909234892,114.90307553160453,25385.344757201525,25993.246138424605,20.13340835761232,20.107407352908563,22.685876191975552,22.685876191975552,7941.628322199217,11763.15684707419,8.87210692239293,8.876979749976178,10.034671262920691,10.034671262920691,7824.83491250509,11409.605108986574,8.868623865958726,8.873621709398423,10.031098201143893,10.031098201143893,7808.214936110586,11359.361574957467,0.009665578844946683,83.2272781626508,30.005683476293534,5.909928496582573e-14,14.83733972217732,3.1968596598375005,1.3846763598111875e-13,6.549813530530906,1.4012940141137027,1.4764621284570885e-13,6.544853111243176,1.4002353447846174
Qualificacao_SR__R_818_2_Meio_-_Falta_AB__m10p01_py,T2F,True,False,COM Aterramento,AB,Barra 818.2,0.01,0.25,13.14876992857191,13.317318999459456,12.212794718724977,13.317318999459456,26058.261241796874,26077.055174505087,22.72522246881353,20.123599522048266,22.686164379936702,22.72522246881353,13610.19952515243,13822.575566877302,10.008669511093066,8.883272086196094,10.03479302716845,10.03479302716845,13292.377369912761,13352.442252010636,10.00056947845656,8.87653893513445,10.031216321496988,10.031216321496988,13217.000279958787,13315.742548161223,0.01072781361798521,11.767529634027298,0.08662457746128417,4.2223520054579607e-14,20.090544959639548,0.048196308223633966,2.020592348935626e-14,8.867607393802606,0.02158491338556748,1.590200445633128e-14,8.86087692487877,0.021574652742846024
Qualificacao_SR__R_818_2_Meio_-_Falta_AB__m10p50_py,T2F,True,False,COM Aterramento,AB,Barra 818.2,0.5,0.25,13.148576215277547,13.317266746808842,12.212646836522255,13.317266746808842,26058.261027525547,26077.055242023554,22.724887151764058,20.123344831520047,22.686107324317106,22.724887151764058,13610.20292003548,13822.579217310353,10.008555952181867,8.883185953093449,10.034773597934308,10.034773597934308,13292.279044208308,13352.392884174886,10.00047742881246,8.876469307215864,10.0312005048978,10.0312005048978,13216.872753284337,13315.678286648048,0.01072781619855614,11.767401645166652,0.08656894351911314,3.7341069555972605e-14,20.090330615795047,0.04811995682091388,1.7349186175370347e-14,8.867534793042916,0.021583348337236567,1.1712136709275758e-14,8.860818092615553,0.021573534008504508
Qualificacao_SR__R_818_2_Meio_-_Falta_AB__m10p99_py,T2F,True,False,COM Aterramento,AB,Barra 818.2,0.99,0.25,13.14838587643066,13.317214970846928,12.212500834817135,13.317214970846928,26058.260818611,26077.0553091634,22.724557290829686,20.12309427417906,22.686050502358267,22.724557290829686,13610.205976435565,13822.582965987924,10.008445163799115,8.88310192454532,10.034754272089442,10.034754272089442,13292.184560733396,13352.344691405215,10.0003881475374,8.876401782177357,10.03118479179577,10.03118479179577,13216.749513468661,13315.615598834413,0.01072781873732528,11.767275404407057,0.08651466998592733,4.4801927946562956e-14,20.09011930393309,0.04804565670360462,2.9813938648905443e-14,8.86746373292372,0.02158194703224691,1.9611565896202395e-14,8.860760799752313,0.021572562564641823
Qualificacao_SR__R_818_2_Meio_-_Falta_ABC__m10p01_py,T2F,True,False,COM Aterramento,ABC,Barra 818.2,0.01,0.25,13.14876992857191,13.317318999459456,12.212794718724977,13.317318999459456,26058.261241796874,26077.055174505087,22.72522246881353,20.123599522048266,22.686164379936702,22.72522246881353,13610.19952515243,13822.575566877302,10.008669511093066,8.883272086196094,10.03479302716845,10.03479302716845,13292.377369912761,13352.442252010636,10.00056947845656,8.87653893513445,10.031216321496988,10.031216321496988,13217.000279958787,13315.742548161223,0.01072781361798521,11.767529634027298,0.08662457746128417,4.2223520054579607e-14,20.090544959639548,0.048196308223633966,2.020592348935626e-14,8.867607393802606,0.02158491338556748,1.590200445633128e-14,8.86087692487877,0.021574652742846024
Qualificacao_SR__R_818_2_Meio_-_Falta_ABC__m10p50_py,T2F,True,False,COM Aterramento,ABC,Barra 818.2,0.5,0.25,13.148576215277547,13.317266746808842,12.212646836522255,13.317266746808842,26058.261027525547,26077.055242023554,22.724887151764058,20.123344831520047,22.686107324317106,22.724887151764058,13610.20292003548,13822.579217310353,10.008555952181867,8.883185953093449,10.034773597934308,10.034773597934308,13292.279044208308,13352.392884174886,10.00047742881246,8.876469307215864,10.0312005048978,10.0312005048978,13216.872753284337,13315.678286648048,0.01072781619855614,11.767401645166652,0.08656894351911314,3.7341069555972605e-14,20.090330615795047,0.04811995682091388,1.7349186175370347e-14,8.867534793042916,0.021583348337236567,1.1712136709275758e-14,8.860818092615553,0.021573534008504508
Qualificacao_SR__R_818_2_Meio_-_Falta_ABC__m10p99_py,T2F,True,False,COM Aterramento,ABC,Barra 818.2,0.99,0.25,13.14838587643066,13.317214970846928,12.212500834817135,13.317214970846928,26058.260818611,26077.0553091634,22.724557290829686,20.12309427417906,22.686050502358267,22.724557290829686,13610.205976435565,13822.582965987924,10.008445163799115,8.88310192454532,10.034754272089442,10.034754272089442,13292.184560733396,13352.344691405215,10.0003881475374,8.876401782177357,10.03118479179577,10.03118479179577,13216.749513468661,13315.615598834413,0.01072781873732528,11.767275404407057,0.08651466998592733,4.4801927946562956e-14,20.09011930393309,0.04804565670360462,2.9813938648905443e-14,8.86746373292372,0.02158194703224691,1.9611565896202395e-14,8.860760799752313,0.021572562564641823
Qualificacao_SR__R_818_2_Meio_-_Falta_AC__m10p01_py,T2F,True,False,COM Aterramento,AC,Barra 818.2,0.01,0.25,13.14876992857191,13.317318999459456,12.212794718724977,13.317318999459456,26058.261241796874,26077.055174505087,22.72522246881353,20.123599522048266,22.686164379936702,22.72522246881353,13610.19952515243,13822.575566877302,10.008669511093066,8.883272086196094,10.03479302716845,10.03479302716845,13292.377369912761,13352.442252010636,10.00056947845656,8.87653893513445,10.031216321496988,10.031216321496988,13217.000279958787,13315.742548161223,0.01072781361798521,11.767529634027298,0.08662457746128417,4.2223520054579607e-14,20.090544959639548,0.048196308223633966,2.020592348935626e-14,8.867607393802606,0.02158491338556748,1.590200445633128e-14,8.86087692487877,0.021574652742846024
Qualificacao_SR__R_818_2_Meio_-_Falta_AC__m10p50_py,T2F,True,False,COM Aterramento,AC,Barra 818.2,0.5,0.25,13.148576215277547,13.317266746808842,12.212646836522255,13.317266746808842,26058.261027525547,26077.055242023554,22.724887151764058,20.123344831520047,22.686107324317106,22.724887151764058,13610.20292003548,13822.579217310353,10.008555952181867,8.883185953093449,10.034773597934308,10.034773597934308,13292.279044208308,13352.392884174886,10.00047742881246,8.876469307215864,10.0312005048978,10.0312005048978,13216.872753284337,13315.678286648048,0.01072781619855614,11.767401645166652,0.08656894351911314,3.7341069555972605e-14,20.090330615795047,0.04811995682091388,1.7349186175370347e-14,8.867534793042916,0.021583348337236567,1.1712136709275758e-14,8.860818092615553,0.021573534008504508
Qualificacao_SR__R_818_2_Meio_-_Falta_AC__m10p99_py,T2F,True,False,COM Aterramento,AC,Barra 818.2,0.99,0.25,13.14838587643066,13.317214970846928,12.212500834817135,13.317214970846928,26058.260818611,26077.0553091634,22.724557290829686,20.12309427417906,22.686050502358267,22.724557290829686,13610.205976435565,13822.582965987924,10.008445163799115,8.88310192454532,10.034754272089442,10.034754272089442,13292.184560733396,13352.344691405215,10.0003881475374,8.876401782177357,10.03118479179577,10.03118479179577,13216.749513468661,13315.615598834413,0.01072781873732528,11.767275404407057,0.08651466998592733,4.4801927946562956e-14,20.09011930393309,0.04804565670360462,2.9813938648905443e-14,8.86746373292372,0.02158194703224691,1.9611565896202395e-14,8.860760799752313,0.021572562564641823
Qualificacao_SR__R_818_2_Meio_-_Falta_BC__m10p01_py,T2F,True,False,COM Aterramento,BC,Barra 818.2,0.01,0.25,13.14876992857191,13.317318999459456,12.212794718724977,13.317318999459456,26058.261241796874,26077.055174505087,22.72522246881353,20.123599522048266,22.686164379936702,22.72522246881353,13610.19952515243,13822.575566877302,10.008669511093066,8.883272086196094,10.03479302716845,10.03479302716845,13292.377369912761,13352.442252010636,10.00056947845656,8.87653893513445,10.031216321496988,10.031216321496988,13217.000279958787,13315.742548161223,0.01072781361798521,11.767529634027298,0.08662457746128417,4.2223520054579607e-14,20.090544959639548,0.048196308223633966,2.020592348935626e-14,8.867607393802606,0.02158491338556748,1.590200445633128e-14,8.86087692487877,0.021574652742846024
Qualificacao_SR__R_818_2_Meio_-_Falta_BC__m10p50_py,T2F,True,False,COM Aterramento,BC,Barra 818.2,0.5,0.25,13.148576215277547,13.317266746808842,12.212646836522255,13.317266746808842,26058.261027525547,26077.055242023554,22.724887151764058,20.123344831520047,22.686107324317106,22.724887151764058,13610.20292003548,13822.579217310353,10.008555952181867,8.883185953093449,10.034773597934308,10.034773597934308,13292.279044208308,13352.392884174886,10.00047742881246,8.876469307215864,10.0312005048978,10.0312005048978,13216.872753284337,13315.678286648048,0.01072781619855614,11.767401645166652,0.08656894351911314,3.7341069555972605e-14,20.090330615795047,0.04811995682091388,1.7349186175370347e-14,8.867534793042916,0.021583348337236567,1.1712136709275758e-14,8.860818092615553,0.021573534008504508
Qualificacao_SR__R_818_2_Meio_-_Falta_BC__m10p99_py,T2F,True,False,COM Aterramento,BC,Barra 818.2,0.99,0.25,13.14838587643066,13.317214970846928,12.212500834817135,13.317214970846928,26058.260818611,26077.0553091634,22.724557290829686,20.12309427417906,22.686050502358267,22.724557290829686,13610.205976435565,13822.582965987924,10.008445163799115,8.88310192454532,10.034754272089442,10.034754272089442,13292.184560733396,13352.344691405215,10.0003881475374,8.876401782177357,10.03118479179577,10.03118479179577,13216.749513468661,13315.615598834413,0.01072781873732528,11.767275404407057,0.08651466998592733,4.4801927946562956e-14,20.09011930393309,0.04804565670360462,2.9813938648905443e-14,8.86746373292372,0.02158194703224691,1.9611565896202395e-14,8.860760799752313,0.021572562564641823
Qualificacao_SR__R_820_-_Falta_AB_py,T2F,True,False,COM Aterramento,AB,Barra 820,0.5,0.25,75.76501771376122,37.15964615591469,40.58825054248849,75.76501771376122,25572.493097258626,26093.21730819383,118.56256476921459,117.43944673557063,22.686782657557828,118.56256476921459,11280.614231822097,14124.842283722055,9.02180288441185,8.876942391312587,10.034754923877609,10.034754923877609,7768.009411154544,13284.262262063776,9.018144902809526,8.873584364763019,10.031181835321114,10.031181835321114,7723.9448928283255,13234.26508969694,0.010140952383735958,40.25935747146116,28.570968256541928,4.807145299879294e-13,71.52022843857897,51.648164685782575,2.8572423518001687e-14,6.945328834454091,2.130193930556638,1.2681648009438312e-13,6.9400645781355745,2.12856857584885
Qualificacao_SR__R_820_-_Falta_ABC_py,T2F,True,False,COM Aterramento,ABC,Barra 820,0.5,0.25,75.69256130196825,72.00774772375944,72.4106742820308,75.69256130196825,25692.012747586952,25750.94986873812,139.9358674360916,126.3947602005845,128.926657519921,139.9358674360916,10002.350516952914,11271.096331711196,8.853414040072328,8.87695770788741,10.03467903211047,10.03467903211047,7761.45537400216,8178.617639406869,8.850064627831408,8.8735996754804,10.031105961664295,10.031105961664295,7717.428271983821,8156.025411121302,0.009525180998220584,70.19922556731133,1.8926888585153394,1.4437992162781342e-13,125.84774738324522,3.63550007475696,1.0214319992843846e-13,5.297203645591409,0.15541074714242017,9.551589361407667e-14,5.293191045561435,0.15528545325636378
Qualificacao_SR__R_820_-_Falta_AC_py,T2F,True,False,COM Aterramento,AC,Barra 820,0.5,0.25,41.08834568012132,36.78526077117839,73.65457151559727,73.65457151559727,25544.908534045368,26076.528818938095,118.3151614442826,20.341069100889268,110.25748552222514,118.3151614442826,10084.379947457297,13445.589461105805,8.85340523171371,9.004332548645271,10.034741387431195,10.034741387431195,8023.183141373176,13669.817528318008,8.850055822828125,8.997519864533107,10.031168293369545,10.031168293369545,7990.463219040711,13624.386182286125,0.009558324526496673,41.31305315252454,29.406392126415284,1.0826591748216809e-13,73.55842606936834,53.3050720153115,1.0712485654913822e-13,7.062244710661099,2.2251013352665217,9.713728912503278e-14,7.056895586640173,2.2234172647349477
Qualificacao_SR__R_820_-_Falta_BC_py,T2F,True,False,COM Aterramento,BC,Barra 820,0.5,0.25,36.75943861068062,71.06193896632352,37.17144559264125,71.06193896632352,25524.057564090657,26078.25530079388,22.433244619926406,109.69294400015485,112.17252707657508,112.17252707657508,10035.231305407053,14228.552658781782,9.842609118757894,8.877013687954374,10.034654258609562,10.034654258609562,8067.038142166,13183.36865316503,9.834629942453232,8.873655634565017,10.03108120283584,10.03108120283584,8043.32644311599,13108.585506360923,0.010679702656626211,41.3725648892421,29.672720562264203,3.396100269305657e-13,73.63940614283243,53.931559118742236,1.00587485897367e-13,6.959660032372158,2.0136010786665723,9.423159582428332e-14,6.954391498275354,2.012086094741945
Qualificacao_SR__R_820_Meio_-_Falta_AB__m10p01_py,T2F,True,False,COM Aterramento,AB,Barra 820,0.01,0.25,42.9294974521746,83.56425830266525,43.2353601837257,83.56425830266525,25435.477812938603,26115.461096745665,23.136480553832456,129.25792380634257,131.61876066774826,131.61876066774826,9556.301683479996,14443.251738487452,10.189017406524464,8.877084948595899,10.034704101181417,10.189017406524464,9337.336628610783,13883.626389327841,10.18085885509712,8.873718647798372,10.031127423493166,10.18085885509712,9309.121088865468,13804.900219467678,0.010670334573628926,47.79374016148231,35.74728302646975,7.238086802360633e-13,85.17473461268469,64.95258762853757,1.1097294824693496e-14,7.490293939971156,1.8525159185622158,2.0620813289418245e-14,7.484610656135329,1.8511166746567809
Qualificacao_SR__R_820_Meio_-_Falta_AB__m10p50_py,T2F,True,False,COM Aterramento,AB,Barra 820,0.5,0.25,39.620372572649615,76.86485558759014,39.977834387189695,76.86485558759014,25481.8492521459,26093.698979083674,22.767797635583456,118.77404073022089,121.19454729134776,121.19454729134776,9795.200526269413,14321.669181828549,10.007131338274146,8.877027717557437,10.03466946716587,10.03466946716587,8657.004269680663,13506.72656208148,9.999075117642125,8.87366965883404,10.031096406752027,10.031096406752027,8631.204628359244,13430.107755716173,0.010675057729126742,44.35444024486391,32.4908907365719,6.829264904515953e-13,78.99635024319538,59.044539399374244,4.212480006704863e-14,7.207227156021901,1.9332609479090603,2.1668848493557394e-13,7.201771080826555,1.9318076083687459
Qualificacao_SR__R_820_Meio_-_Falta_AB__m10p99_py,T2F,True,False,COM Aterramento,AB,Barra 820,0.99,0.25,36.811887614820186,71.16880939748953,37.22309423928741,71.16880939748953,25523.26288729376,26078.513403725905,22.439204874021677,109.86003417611586,112.33880776706972,112.33880776706972,10030.55588051978,14230.171588391451,9.84559371168902,8.876971971886995,10.034635235503558,10.034635235503558,8077.938332171756,13189.215366203556,9.837634976131909,8.87362215456208,10.031065792203243,10.031065792203243,8054.17786730572,13114.369259848321,0.010679614178628402,41.427427715084136,29.724689121068888,4.280065770701078e-13,73.73798445918484,54.025851274724715,7.14382674923792e-14,6.964203494080813,2.0119843373291806,4.35058867058609e-14,6.958943505708528,2.010478303946863
Qualificacao_SR__R_820_Meio_-_Falta_ABC__m10p01_py,T2F,True,False,COM Aterramento,ABC,Barra 820,0.01,0.25,100.22762863765682,82.59711296117473,91.34633802355837,100.22762863765682,25612.020431585264,25691.386207449155,185.31296410910204,157.17253730701512,146.80391372287824,185.31296410910204,9453.813873573235,10425.050176601833,8.853516141456854,8.877052770925369,10.034722433208788,10.034722433208788,9253.403909279663,9984.835923373807,8.850158036133841,8.87368648232945,10.031145744529624,10.031145744529624,9227.725336173758,9928.219278726621,0.00917317029282134,86.27160051103633,4.965730958374185,1.4509615932696644e-12,154.90009197810343,8.774829233632808,7.84691657283086e-14,6.368162701059333,0.3019822514401298,1.8722689666715245e-13,6.363329612414062,0.3017594532460819
Qualificacao_SR__R_820_Meio_-_Falta_ABC__m10p50_py,T2F,True,False,COM Aterramento,ABC,Barra 820,0.5,0.25,86.32491617300963,76.93934363339076,80.84658832635098,86.32491617300963,25689.233352918018,25707.916799502662,159.77741623080996,139.76067606888,137.44794743378122,159.77741623080996,9751.8489915153,10889.722813591181,8.853441794388463,8.87698346611259,10.034691086168195,10.034691086168195,8612.211893436373,8722.26123519479,8.85009237168937,8.873625424034792,10.031118012968886,10.031118012968886,8574.489042474082,8672.78479053623,0.00936560324544483,77.39308219672012,1.001792906954714,1.2710685198998413e-12,138.84833265422807,1.6337806134339197,3.2303059842436227e-14,5.775372445620965,0.048758815289407766,9.391305625735549e-14,5.770997961752751,0.048730644411147966
Qualificacao_SR__R_820_Meio_-_Falta_ABC__m10p99_py,T2F,True,False,COM Aterramento,ABC,Barra 820,0.99,0.25,75.8779962360735,72.09927865942758,72.56114687254535,75.8779962360735,25691.919758551354,25749.947328936076,140.28434587771102,126.6308090152178,129.08719495788532,140.28434587771102,9997.736252263072,11264.26094590233,8.853369633606855,8.876916218740734,10.03465994469585,10.03465994469585,7778.212830899478,8187.896594477143,8.850028892456471,8.873566422268407,10.03109048682501,10.03109048682501,7734.07529681453,8165.269503796147,0.009522298222165677,70.32819418949616,1.8496972944164576,7.394387472598656e-13,126.08079740018039,3.5575479642473016,7.653194647756942e-14,5.305763283380671,0.15259692938370856,1.7512143075746012e-13,5.301752329030024,0.1524708835827354
Qualificacao_SR__R_820_Meio_-_Falta_AC__m10p01_py,T2F,True,False,COM Aterramento,AC,Barra 820,0.01,0.25,49.28129024134762,42.02785726550722,88.79479744441936,88.79479744441936,25447.736844596104,26107.722170557263,142.84936790888847,20.11767537305407,132.92097504379882,142.84936790888847,9610.589475808672,13682.615227849506,8.853497531229175,8.880284682751148,10.034768739941459,10.034768739941459,9313.109582954827,13391.78470403248,8.850139432976995,8.875233261009516,10.031192033602533,10.031192033602533,9273.925432009066,13349.38092090628,0.00928795582281351,47.724610615824204,36.21996224051976,2.2363682788432985e-13,85.08241130949173,65.64605476337358,6.911577994330731e-14,7.4289627569135845,1.6042028756807307,6.169768611980637e-14,7.423324131080043,1.602986641229822
Qualificacao_SR__R_820_Meio_-_Falta_AC__m10p50_py,T2F,True,False,COM Aterramento,AC,Barra 820,0.5,0.25,44.85566465073892,39.210026468739244,80.63842057874864,80.63842057874864,25498.545197912652,26077.59635836771,129.6295647421413,20.133829957342364,120.70217831101999,129.6295647421413,9843.59698914453,13546.612016093422,8.85342819620513,8.892237118222013,10.034745457228732,10.034745457228732,8623.211712713162,13544.273030884144,8.850078778655226,8.886693421794602,10.031172363266277,10.031172363266277,8587.50900464635,13500.244127707765,0.009432330223280713,44.290071503267626,32.56447758709139,4.3094708182254164e-14,78.9093931818018,59.02497429458464,7.66107876611122e-14,7.226752380747373,1.9397353616008213,1.0639085733355819e-13,7.221278480988289,1.9382669223612587
Qualificacao_SR__R_820_Meio_-_Falta_AC__m10p99_py,T2F,True,False,COM Aterramento,AC,Barra 820,0.99,0.25,41.156950757587694,36.82981978567625,73.78243887432647,73.78243887432647,25544.03497754394,26076.500545489722,118.52215784916882,20.336114634955266,110.44868588569835,118.52215784916882,10079.631603444552,13447.306603877754,8.853360734044275,9.001893099477954,10.034722145413049,10.034722145413049,8034.285128824689,13667.493171741027,8.850019996341302,8.995097954800318,10.031152663948708,10.031152663948708,8001.501223683038,13622.06851190009,0.009555999734805571,41.36782473784565,29.46454994543776,2.9081179260346494e-13,73.65689068556473,53.41041267995353,3.848887019377639e-14,7.065138589494165,2.219850419537955,3.694224365184592e-14,7.059798234525995,2.218173055571928
Qualificacao_SR__R_820_Meio_-_Falta_BC__m10p01_py,T2F,True,False,COM Aterramento,BC,Barra 820,0.01,0.25,100.33964833203507,49.159027194252495,52.682760920993516,100.33964833203507,25373.62796966171,26096.994922625996,157.00725164598828,155.884290211069,22.686859557942878,157.00725164598828,10435.64805202192,14331.725904330264,8.991171839464705,8.877041814819997,10.03477916745728,10.03477916745728,9994.98757504805,13932.819105996108,8.987544300765444,8.873675530381485,10.031202465070812,10.031202465070812,9938.310903957625,13877.123987178722,0.009927329056170142,51.3858480586199,39.690655744012936,8.534578690686709e-13,91.67072028400189,71.79006410756135,6.43042266320431e-14,7.677865658703187,1.6283399908981675,7.003167782490094e-14,7.672036897335233,1.627096721918299
Qualificacao_SR__R_820_Meio_-_Falta_BC__m10p50_py,T2F,True,False,COM Aterramento,BC,Barra 820,0.5,0.25,86.41416776558007,42.33961345665714,45.816347733040175,86.41416776558007,25486.266478256064,26094.649552989755,135.21666379276473,134.0942017121819,22.686792664994172,135.21666379276473,10899.806489774495,14210.571477209614,9.007785298958748,8.876970299835508,10.034757344237265,10.034757344237265,8730.337610384802,13556.696384803292,9.004145004736166,8.873612262751559,10.031184255088547,10.031184255088547,8680.814431007788,13504.26369215544,0.010046586077173963,45.08131221053525,33.38984915593543,6.414176145278297e-13,80.25276909052126,60.37692760516841,2.4284096694309056e-14,7.261635488095843,1.8939022377388628,5.339012132792246e-14,7.256132233368333,1.8924560018597336
Qualificacao_SR__R_820_Meio_-_Falta_BC__m10p99_py,T2F,True,False,COM Aterramento,BC,Barra 820,0.99,0.25,75.95073477024927,37.24969373468208,40.67912748033336,75.95073477024927,25570.98795208098,26093.239553039846,118.85286703963814,117.72991475883963,22.686726020962777,118.85286703963814,11273.789949343127,14126.285958313925,9.021497145308583,8.876900946556523,10.03473564824098,10.03473564824098,7784.793402057536,13288.85772509834,9.017848536822376,8.873551155833317,10.031166172225184,10.031166172225184,7740.618049860122,13238.804459602694,0.010139283977818497,40.34341398742417,28.655043859743408,2.0593825454263871e-13,71.67247319557518,51.80047257776331,8.950598163574225e-15,6.950815144167793,2.1258614807682656,9.615554100127935e-14,6.9455561004892274,2.124238548077011
Qualificacao_SR__R_822_-_Falta_AB_py,T2F,True,False,COM Aterramento,AB,Barra 822,0.5,0.1608,71.20151998534487,34.937852665771,38.36991937380903,71.20151998534487,25969.569148821225,26076.942493080936,111.44716461908006,110.29413168415054,22.686779800798575,111.44716461908006,13312.05368995097,13873.533792184395,103.75810729696752,103.43476341091848,10.035467376776863,103.75810729696752,12894.756050877788,13571.786191750063,103.75162300879872,103.43266186968145,10.03189424056548,103.75162300879872,12812.23312894738,13547.688721658762,0.010461742442253456,12.301751468462667,1.6849109907441098,2.2993740646564238e-14,20.760856631335823,3.1180047272242835,2.6281011170174586e-14,9.887047762909127,3.3064396178470545,5.033011044967376e-15,9.882823280783374,3.3066268457032066
Qualificacao_SR__R_822_-_Falta_ABC_py,T2F,True,False,COM Aterramento,ABC,Barra 822,0.5,0.1592,71.1360730765869,69.66567824131592,68.67198474225717,71.1360730765869,25929.297839356055,26064.984061943516,131.3547278103837,120.4773732135606,124.86417808733158,131.3547278103837,13151.359616239532,13807.672149646982,123.81616387953666,113.79555645963134,118.24229977801242,123.81616387953666,12804.609562847125,13274.191175180833,123.81114109090836,113.79097437462809,118.23765469606133,123.81114109090836,12751.78995830047,13198.231168978784,0.010074740150336372,12.66472122156555,0.8585423880274172,1.2754632448601208e-14,21.73711789995593,1.7373275988856591,1.432144669219779e-14,10.643905445054456,1.892332518851237,9.533850561226496e-15,10.640511457474798,1.8924231680458519
Qualificacao_SR__R_822_-_Falta_AC_py,T2F,True,False,COM Aterramento,AC,Barra 822,0.5,0.1595,39.40595519000764,35.63050311172863,70.46716933813603,70.46716933813603,25978.18143503467,26064.120089826127,113.19078994229132,20.40456188631893,105.49619950240901,113.19078994229132,13321.364059866559,13889.234770841334,105.45898360207468,9.076873048686908,101.97226140211274,105.45898360207468,12832.371824777227,13425.205833754546,105.45524737548021,9.07000542663343,101.96741587212345,105.45524737548021,12756.51236529139,13372.405110104826,0.012022325364233285,12.96916516177997,1.2502860552835273,4.9977084032115215e-14,22.362933654334544,2.31886150555984,1.2976054009553149e-14,11.303607560355006,2.493754003468818,1.4074506684859869e-14,11.300411901854234,2.4938208292852764
Qualificacao_SR__R_822_-_Falta_BC_py,T2F,True,False,COM Aterramento,BC,Barra 822,0.5,0.15940000000000001,35.494842565589245,68.32981343795889,35.79433973712968,68.32981343795889,25946.780511822955,26083.114460749217,22.350301722183104,105.50147291978442,107.85742734111417,107.85742734111417,13056.614183770056,13805.76937784838,9.757909655321274,99.86978456323914,101.26737014905243,101.26737014905243,12671.893889350302,13291.477684136762,9.749969980290947,99.86437467958714,101.26452002608015,101.26452002608015,12610.779226369032,13225.116305107973,0.010765651722799462,12.793327398214084,1.210930516630507,4.3106909978029495e-15,21.800427687146207,2.325307328125144,1.008342231396758e-14,10.773489073648372,2.5152849517197318,2.4456734626292802e-14,10.769893424736788,2.515385234001162
Qualificacao_SR__R_822_Meio_-_Falta_AB__m10p01_py,T2F,True,False,COM Aterramento,AB,Barra 822,0.01,0.25,36.7466852834672,71.03390995601077,37.157152888589636,71.03390995601077,25524.263262373806,26078.16768210454,22.432748857963016,109.65013936683611,112.12805702510362,112.12805702510362,10036.389537084791,14228.0665594684,9.845812432703779,104.29789806425555,105.68226045091227,105.68226045091227,8068.598765038476,13182.901350203812,9.833811318388554,8.873690358362229,10.031096925326482,10.031096925326482,8040.015236575334,13106.94127072215,0.010679721787223553,41.35844755516938,29.658822401812287,8.272730268086063e-14,73.61405675797823,53.90633544287046,1.459257892667112e-13,64.85863824818715,56.23824236484731,2.4278681978712893e-15,6.95303811098498,2.012626253045901
Qualificacao_SR__R_822_Meio_-_Falta_AB__m10p50_py,T2F,True,False,COM Aterramento,AB,Barra 822,0.5,0.25,36.113823281213556,69.66700852924248,36.467721766094094,69.66700852924248,25534.305586549282,26076.667466639152,22.391211509765164,107.55294579148556,109.96911409021396,109.96911409021396,10093.820875546367,14204.915759704038,9.801576320611504,102.05953835659554,103.4505965215937,103.4505965215937,8144.622902008899,13156.369490468878,9.78963984108997,8.873651464813095,10.031076622049794,10.031076622049794,7879.717898101143,13021.764386255401,0.010680746367061818,40.66552002906567,28.98542610113102,4.591667681496435e-13,72.37051468522974,52.68450141271897,2.0074840847823423e-13,63.5525569875669,54.96398287731944,1.0741085019148344e-13,6.885851924716703,2.0367150047856377
Qualificacao_SR__R_822_Meio_-_Falta_AB__m10p99_py,T2F,True,False,COM Aterramento,AB,Barra 822,0.99,0.25,35.50650349696891,68.35552386170826,35.80743462618507,68.35552386170826,25544.055827676755,26076.48091116824,22.350755162480233,105.54069634836688,107.89823405192908,107.89823405192908,10150.56802520833,14183.373727450844,9.758654582300126,99.91229371651367,101.30987267661578,101.30987267661578,8221.032956519874,13132.384040278252,9.746782015095757,8.873613639249582,10.031056429869206,10.031056429869206,7725.875863966297,12940.101272795824,0.010681751400370414,40.00048249079613,28.33950174194178,6.78228249894931e-14,71.17694985577,51.51251216904589,1.1229672803977733e-13,62.29944137265786,53.74170362264912,1.1065378762058753e-13,6.821222366652306,2.060283652230814
Qualificacao_SR__R_822_Meio_-_Falta_ABC__m10p01_py,T2F,True,False,COM Aterramento,ABC,Barra 822,0.01,0.25,75.64466664733534,71.98383916156298,72.37177539969528,75.64466664733534,25692.026865806056,25751.198927530982,139.84589481136277,126.33295676448108,128.88542319142897,139.84589481136277,10003.499807320482,11272.801735240957,132.70184218522635,119.89857739858356,122.45581008287722,132.70184218522635,7765.249560431179,8180.492902257245,8.85010185807198,8.873634327344387,10.031121705821318,10.031121705821318,7712.320661555914,8153.208939001536,0.009525906385053998,70.16583369334582,1.9037458010587631,1.546054204516886e-13,125.78742816156158,3.655559884897662,5.825680146286933e-14,119.36072250199209,3.661082567192762,6.486878579773371e-14,5.290581363001593,0.15615343475577542
Qualificacao_SR__R_822_Meio_-_Falta_ABC__m10p50_py,T2F,True,False,COM Aterramento,ABC,Barra 822,0.5,0.25,73.33502123824148,70.81419917389579,70.48763139098622,73.33502123824148,25692.836124626214,25763.144149227202,135.50390677088905,123.34305632068605,126.8645338501557,135.50390677088905,10059.606885475428,11355.322007894476,128.1585417334278,116.7826868599112,120.33802422836538,128.1585417334278,7944.768337454798,8269.411511348238,8.85005635481197,8.873591903510656,10.031102409633334,10.031102409633334,7468.379287483734,8016.730356810337,0.00956113919554902,68.54567578710743,2.4319516095020495,2.359933869813091e-13,122.8622199049362,4.612441439990644,2.1744878030032883e-13,116.29822102099519,4.668706116174664,1.2898037457442566e-13,5.165101430664425,0.19719617219484872
Qualificacao_SR__R_822_Meio_-_Falta_ABC__m10p99_py,T2F,True,False,COM Aterramento,ABC,Barra 822,0.99,0.25,71.17768875030073,69.68777614586456,68.70659704892456,71.17768875030073,25693.890450098632,25774.19346152103,131.43347160274675,120.53180862255664,124.90287631502012,131.43347160274675,10113.671207514475,11433.438146864206,123.89957590284533,113.85309156234234,118.28322762258969,123.89957590284533,8043.784974929875,8354.327931251208,8.85001201350825,8.873550570808568,10.031083221918287,10.031083221918287,7240.696452112694,7885.337571759531,0.009594674801417588,67.01114819383058,2.9107492123008702,1.4060051095210069e-13,120.09187355865782,5.4788431056896245,1.6980501346528285e-13,113.39800398492686,5.580275232695075,1.376368518718867e-13,5.046308469039691,0.23433328581641996
Qualificacao_SR__R_822_Meio_-_Falta_AC__m10p01_py,T2F,True,False,COM Aterramento,AC,Barra 822,0.01,0.25,41.071231198724995,36.77333882121142,73.62187508669194,73.62187508669194,25545.12474687196,26076.53088886144,118.26271892883257,20.34196511865983,110.2080610707638,118.26271892883257,10085.57812812196,13445.143862305556,110.73421414896201,9.008520854768449,107.03998294208061,110.73421414896201,8024.705148087866,13669.038295360315,8.850093077463534,8.998277012946946,10.03118408779119,10.03118408779119,7987.13383909715,13625.192696815953,0.00955891022772102,41.298960913035096,29.391715654443807,2.4823840933142837e-13,73.53311069317888,53.27848184940078,3.615321380928016e-14,64.6640899119291,55.71057061786278,3.539984990857197e-14,7.056019373707565,2.2250562567585805
Qualificacao_SR__R_822_Meio_-_Falta_AC__m10p50_py,T2F,True,False,COM Aterramento,AC,Barra 822,0.5,0.25,40.22734588211426,36.1953833164125,72.02460248910334,72.02460248910334,25555.710974545105,26076.724851184328,115.69452099222767,20.373001770379602,107.80232365489205,115.69452099222767,10144.505506065836,13423.908087590522,108.0634758250166,9.042367723347647,104.47419262900485,108.0634758250166,8098.951317369774,13628.97144486842,8.850048901180728,9.032109037923508,10.031167196409612,10.031167196409612,7826.100979454588,13659.553769201315,0.00958761378885039,40.6070726006854,28.678461593010898,3.043942925063671e-13,72.29086000931746,51.98665892681048,6.65080325825204e-14,63.36195789842512,54.360663383651186,9.994232902377632e-14,7.012298916774263,2.3025047149619238
Qualificacao_SR__R_822_Meio_-_Falta_AC__m10p99_py,T2F,True,False,COM Aterramento,AC,Barra 822,0.99,0.25,39.42146708538641,35.64144312823237,70.4969608814305,70.4969608814305,25565.990802063658,26076.904476751228,113.23853132170147,20.403687963115136,105.53542591423415,113.23853132170147,10202.80768237026,13404.505648716475,105.50942588908896,9.076104472718141,102.0207764728597,105.50942588908896,8174.030966577322,13591.665933037608,8.850005869531955,9.06583102669712,10.031150403027242,10.031150403027242,7671.480325904038,13692.145917638944,0.009615186917796989,39.943073193518856,27.994469992969844,7.747433641925582e-14,71.09860778219539,50.747843396333124,3.757156856303919e-14,62.112706073621865,53.066142332071514,2.0309766178341343e-14,6.9710362565286506,2.3765020405860278
Qualificacao_SR__R_822_Meio_-_Falta_BC__m10p01_py,T2F,True,False,COM Aterramento,BC,Barra 822,0.01,0.25,75.71704600642441,37.13619343265682,40.564980136574384,75.71704600642441,25572.87685368552,26093.195647122095,118.48779467663317,117.36422474470248,22.686839676433983,118.48779467663317,11282.317112252453,14124.4191351052,111.13008593327314,110.81598263456897,10.035489673780635,111.13008593327314,7771.804583038261,13283.998917825205,9.018263397402078,8.873619001328656,10.031197637728608,10.031197637728608,7718.830773685623,13232.95549347352,0.010141359189833945,40.237530543390704,28.549069567266468,7.766515244762345e-13,71.4807222115084,51.60847977609345,1.4678848426901552e-13,62.68567080639937,53.93535827449049,4.647662273572072e-14,6.938383006590792,2.129936445386618
Qualificacao_SR__R_822_Meio_-_Falta_BC__m10p50_py,T2F,True,False,COM Aterramento,BC,Barra 822,0.5,0.25,73.4038364421513,36.008973971534616,39.43972540391124,73.4038364421513,25591.350286651308,26092.163884822716,114.88064344087103,113.74217602779177,22.686781235825105,114.88064344087103,11364.685455500801,14104.217365660821,107.35396943482715,107.0351612092987,10.035468824357368,107.35396943482715,7951.317516840948,13269.481985381766,9.021932026420153,8.87357589343961,10.031181123717262,10.031181123717262,7474.536403250795,13167.97674505455,0.010161071793771853,39.18299754124318,27.494815407370222,1.5406475302931336e-13,69.57318513870423,49.698778013301705,1.4700209992230024e-13,60.68969892193356,51.93857155203146,3.5528370347727884e-14,6.857441221369994,2.1946922596142913
Qualificacao_SR__R_822_Meio_-_Falta_BC__m10p99_py,T2F,True,False,COM Aterramento,BC,Barra 822,0.99,0.25,71.2432003416351,34.95815645121578,38.390072382547764,71.2432003416351,25608.621074686995,26091.24814886051,111.51209340852782,110.35948254087968,22.686723017333758,111.51209340852782,11442.652304089685,14085.71662314127,103.8270169615059,103.50382276374522,10.035448081815218,103.8270169615059,8121.824480030287,13257.038469126397,9.02540134174509,8.873533879917819,10.031164716669245,10.031164716669245,7246.530153412604,13107.928685686957,0.010179654883329777,38.198313002106495,26.510406214559357,9.69213890705855e-14,67.79202936582861,47.91559724263481,2.1379758110717606e-13,58.825943988783024,50.074068384353424,1.0605790869300939e-13,6.781938964099321,2.256062963403811
Qualificacao_SR__Sem_Falta_py,T2F,True,False,COM Aterramento,Normal,Indefinido,0.5,0.25,13.148576215277547,13.317266746808842,12.212646836522255,13.317266746808842,26058.261027525547,26077.055242023554,22.724887151764058,20.123344831520047,22.686107324317106,22.724887151764058,13610.20292003548,13822.579217310353,10.008555952181867,8.883185953093449,10.034773597934308,10.034773597934308,13292.279044208308,13352.392884174886,10.00047742881246,8.876469307215864,10.0312005048978,10.0312005048978,13216.872753284337,13315.678286648048,0.01072781619855614,11.767401645166652,0.08656894351911314,3.7341069555972605e-14,20.090330615795047,0.04811995682091388,1.7349186175370347e-14,8.867534793042916,0.021583348337236567,1.1712136709275758e-14,8.860818092615553,0.021573534008504508
Qualificacao_SR_sem_terra__A_818_1_-_Falta_A_py,T2F,True,True,SEM Aterramento,Normal,Barra 818.1,0.5,0.25,13.157970737019069,13.328732009720937,12.211901014020969,13.328732009720937,26058.298105760023,26077.034051349125,22.741086124802667,20.12982771736873,22.686014292598216,22.741086124802667,13610.203689586391,13822.165305006596,10.008276443475067,8.883026613002409,10.03478307849989,10.03478307849989,13291.880601634948,13352.395155310112,10.000198081004042,8.876310086893344,10.03120997931846,10.03120997931846,13216.47694316805,13315.680902496211,2.0489288826014577e-14,11.77135471610859,0.09040400871950274,3.438880847220485e-14,20.097062288562714,0.05176380684338639,1.6833786484262107e-14,8.867429843123208,0.02158960534284482,1.1934538910164824e-14,8.86071322195191,0.021579666289530196
Qualificacao_SR_sem_terra__A_818_2_-_Falta_A_py,T2F,True,True,SEM Aterramento,Normal,Barra 818.2,0.5,0.25,13.157968659835419,13.329422458012967,12.218842786764943,13.329422458012967,26058.280586344597,26076.987950081602,22.72376445362577,20.12310664972014,22.68604962097435,22.72376445362577,13610.077044134583,13822.16370158662,10.008060430460878,8.883080839338538,10.034747951597227,10.034747951597227,13291.87940075323,13352.26493619966,9.999982254113224,8.876364272344116,10.031174860836018,10.031174860836018,13216.475299505455,13315.550318340356,1.8456286772669558e-14,11.775157003150444,0.0871796438459561,4.596078982957633e-14,20.089772456719643,0.04830056420481186,1.2084159825059348e-14,8.8672882743026,0.02175352633505621,1.6877986787424515e-14,8.860571760646943,0.021743548538100975
Qualificacao_SR_sem_terra__A_820_-_Falta_A_py,T2F,True,True,SEM Aterramento,Normal,Barra 820,0.5,0.25,13.157346064620182,13.328735346586523,12.211502392064004,13.328735346586523,26058.29548819666,26077.03498206731,22.739952207770404,20.129297523632445,22.686033494357268,22.739952207770404,13610.204839768572,13822.196431310016,10.008016354336402,8.882906311839845,10.034787144731968,10.034787144731968,13291.531079068052,13352.405061971422,9.999938181937443,8.876189876223156,10.031214043101862,10.031214043101862,13216.129301870898,13315.6912012193,4.046014499914536e-14,11.77108945960952,0.09008694815204311,5.068759529799322e-14,20.096602269747027,0.05137740418655846,1.9051605381525114e-14,8.867323721945683,0.021628319160412097,1.2076904249607843e-14,8.860607180886724,0.021618252648177756
Qualificacao_SR_sem_terra__A_822_-_Falta_A_py,T2F,True,True,SEM Aterramento,Normal,Barra 822,0.5,0.25,13.15725922754135,13.328735804903626,12.211446680797744,13.328735804903626,26058.29512219551,26077.035112445654,22.7397942184812,20.129224026207655,22.68603613888967,22.7397942184812,13610.205272324787,13822.200730087094,10.0240533478882,8.88938411306303,10.034684684394596,10.034684684394596,13291.53950112233,13352.405720413048,10.015973315393786,8.882669338585465,10.031111459410363,10.031111459410363,13216.026495523165,13315.693957221169,3.8661558594687236e-14,11.771052513422251,0.09004290566560248,2.0132044179869503e-14,20.096538223013305,0.05132421853661318,2.608349487985222e-14,8.87396899349327,0.019870791050271886,2.7271240001144644e-14,8.867250930549693,0.019870080464342257
Qualificacao_SR_sem_terra__Sem_Falta_py,T2F,True,True,SEM Aterramento,Normal,Indefinido,0.5,0.25,13.149744094866314,13.328733497298597,12.20548428153645,13.328733497298597,26058.260298546298,26077.052699746757,22.724879760895867,20.123345852662922,22.686102966264592,22.724879760895867,13610.203208031007,13822.577309887809,10.008552690957549,8.883186402065892,10.034771664115397,10.034771664115397,13292.277209951548,13352.393105745808,10.000474170779004,8.876469755843319,10.031198571669453,10.031198571669453,13216.87092942951,13315.67849877741,1.303859667586427e-14,11.767442966225978,0.08653445408310749,2.3356822163260462e-14,20.0903271801487,0.04812314215999702,8.881784197001252e-16,8.86753327404494,0.021585470499436425,1.1061694785201228e-14,8.860816574769302,0.021575654548000468
