tempo_s,V_RMS_A,V_RMS_B,V_RMS_C,I_RMS_A,I_RMS_B,I_RMS_C
0.0,6585.830913197826,0.0,0.0,5.295980054094723,9.623355096039167e-07,9.623355096039161e-07
5e-05,6585.198771176165,0.0,0.0,5.295468219397171,9.622714015103863e-07,9.622714015103858e-07
0.0001,6583.942203754706,0.0,0.0,5.294445139262554,9.621033673954017e-07,9.62103367395401e-07
0.00015000000000000001,6582.0773087944945,0.0,0.0,5.2929120091101,9.618757740866856e-07,9.61875774086685e-07
0.0002,6579.561872904659,0.0,0.0,5.290870469208592,9.615648769934804e-07,9.615648769934798e-07
0.00025,6576.432999961979,0.0,0.0,5.288322906580207,9.611526091845248e-07,9.611526091845242e-07
0.00030000000000000003,6572.7582606387605,0.0,0.0,5.2852723411930835,9.607188112197948e-07,9.607188112197942e-07
0.00035,6568.3002895704685,0.0,0.0,5.281721751212883,9.601584559250124e-07,9.60158455925012e-07
0.0004,6563.520412329907,0.0,0.0,5.277676106060381,9.595447803752785e-07,9.595447803752778e-07
0.00045000000000000004,6557.764913277756,0.0,0.0,5.273138680536161,9.588713534411182e-07,9.588713534411176e-07
0.0005,6551.816819457051,0.0,0.0,5.268116242581522,9.580939838657662e-07,9.580939838657656e-07
0.00055,6544.895049479516,0.0,0.0,5.262612939381779,9.572532860290203e-07,9.572532860290199e-07
0.0006000000000000001,6537.740059011307,0.0,0.0,5.256636598022836,9.563755407804414e-07,9.563755407804408e-07
0.0006500000000000001,6529.725863128292,0.0,0.0,5.250192808162369,9.55359063472675e-07,9.553590634726745e-07
0.0007,6521.319062647923,0.0,0.0,5.243289961452009,9.54322139832447e-07,9.543221398324465e-07
0.00075,6512.36500123944,0.0,0.0,5.235935730743073,9.532060646627743e-07,9.532060646627736e-07
0.0008,6502.652661634192,0.0,0.0,5.22813823868124,9.52007902705139e-07,9.520079027051383e-07
0.0008500000000000001,6492.8320502790975,0.0,0.0,5.219907905921773,9.507672010232733e-07,9.507672010232726e-07
0.0009000000000000001,6481.880504339512,0.0,0.0,5.21125229470103,9.494517740777628e-07,9.494517740777621e-07
0.00095,6471.16216700705,0.0,0.0,5.202184375769119,9.480631210791919e-07,9.480631210791914e-07
0.001,6459.145907556463,0.0,0.0,5.192711750050143,9.466302780981967e-07,9.466302780981961e-07
0.0010500000000000002,6447.445866020602,0.0,0.0,5.1828489721590225,9.451192111052799e-07,9.451192111052794e-07
0.0011,6434.5998424793115,0.0,0.0,5.172604840911708,9.435699083710446e-07,9.435699083710441e-07
0.00115,6421.780346304241,0.0,0.0,5.161994062753248,9.419717510681492e-07,9.419717510681485e-07
0.0012000000000000001,6408.292471131536,0.0,0.0,5.151028036548469,9.402962505726201e-07,9.402962505726194e-07
0.00125,6394.296646002221,0.0,0.0,5.13972042802528,9.385953201427055e-07,9.38595320142705e-07
0.0013000000000000002,6380.306164399569,0.0,0.0,5.1280861078744255,9.368037088189873e-07,9.368037088189868e-07
0.00135,6365.218796805867,0.0,0.0,5.116137152059746,9.350078844117955e-07,9.35007884411795e-07
0.0014,6350.711562869754,0.0,0.0,5.103891785087636,9.331557782539543e-07,9.331557782539537e-07
0.0014500000000000001,6334.726069904239,0.0,0.0,5.091361078997906,9.312217602136949e-07,9.312217602136944e-07
0.0015,6319.63113388431,0.0,0.0,5.078565607690161,9.292922030928567e-07,9.292922030928561e-07
0.0015500000000000002,6303.0624886562655,0.0,0.0,5.065516730676476,9.273367509070258e-07,9.273367509070252e-07
0.0016,6287.162450373371,0.0,0.0,5.052235447744779,9.252692392533458e-07,9.252692392533453e-07
0.00165,6270.357075359944,0.0,0.0,5.038735597809747,9.232780939449913e-07,9.232780939449907e-07
0.0017000000000000001,6253.509905677297,0.0,0.0,5.025036418031502,9.21186321122931e-07,9.211863211229304e-07
0.00175,6236.668567084747,0.0,0.0,5.01115586365971,9.190379617388195e-07,9.19037961738819e-07
0.0018000000000000002,6218.97679736913,0.0,0.0,4.9971104424788315,9.169612484198534e-07,9.169612484198528e-07
0.00185,6202.116084826663,0.0,0.0,4.982922197051179,9.14789788048124e-07,9.147897880481235e-07
0.0019,6183.766786114014,0.0,0.0,4.968605352564079,9.125868508999276e-07,9.12586850899927e-07
0.0019500000000000001,6166.787343852157,0.0,0.0,4.954185039101725,9.104875011414149e-07,9.104875011414144e-07
0.002,6148.086980348509,0.0,0.0,4.93967454690638,9.08236549854544e-07,9.082365498545434e-07
0.00205,6130.793486988969,0.0,0.0,4.925100146493322,9.059905155260798e-07,9.059905155260792e-07
0.0021000000000000003,6112.2662196105575,0.0,0.0,4.910476605751245,9.038459146838371e-07,9.038459146838364e-07
0.00215,6094.393227916929,0.0,0.0,4.895828185003411,9.015720206742829e-07,9.015720206742823e-07
0.0022,6076.354173244364,0.0,0.0,4.881173828468984,8.99342783766469e-07,8.993427837664685e-07
0.0022500000000000003,6057.9314271689955,0.0,0.0,4.866533916393606,8.971548292003244e-07,8.971548292003237e-07
0.0023,6040.46874096259,0.0,0.0,4.85193216970618,8.948999685530767e-07,8.948999685530761e-07
0.00235,6021.678060886666,0.0,0.0,4.837385042965111,8.927181481264779e-07,8.927181481264773e-07
0.0024000000000000002,6004.657161620474,0.0,0.0,4.822920084839798,8.905543601462827e-07,8.905543601462821e-07
0.00245,5985.844951995063,0.0,0.0,4.808551335415208,8.883084849552994e-07,8.883084849552988e-07
0.0025,5969.083053361892,0.0,0.0,4.794307983298747,8.861873193502575e-07,8.86187319350257e-07
0.00255,5950.767869045736,0.0,0.0,4.78020403902173,8.840405662063019e-07,8.840405662063012e-07
0.0026000000000000003,5933.945569467278,0.0,0.0,4.766267060322149,8.818913722793744e-07,8.818913722793737e-07
0.00265,5916.608212649806,0.0,0.0,4.752514234681041,8.798170856392348e-07,8.798170856392342e-07
0.0027,5899.550926922917,0.0,0.0,4.7389683816789265,8.777753019142797e-07,8.777753019142792e-07
0.0027500000000000003,5883.351486387131,0.0,0.0,4.725651733551551,8.757356743620856e-07,8.75735674362085e-07
0.0028,5866.212414126374,0.0,0.0,4.712581517606153,8.73731782299126e-07,8.737317822991254e-07
0.00285,5851.132258245068,0.0,0.0,4.699784511299143,8.717544280866646e-07,8.71754428086664e-07
0.0029000000000000002,5834.311716799274,0.0,0.0,4.687273393825639,8.698632734190025e-07,8.69863273419002e-07
0.00295,5820.065702481412,0.0,0.0,4.675077073873226,8.679643943020932e-07,8.679643943020927e-07
0.003,5804.0744970074975,0.0,0.0,4.663206535000875,8.661488314609122e-07,8.661488314609117e-07
0.00305,5790.325598276427,0.0,0.0,4.651689306126291,8.644102915783259e-07,8.644102915783254e-07
0.0031000000000000003,5775.653611321955,0.0,0.0,4.640537920706595,8.626415886298318e-07,8.626415886298312e-07
0.00315,5762.103315259372,0.0,0.0,4.629775064486006,8.610229456216149e-07,8.610229456216143e-07
0.0032,5749.071804985385,0.0,0.0,4.6194175179976025,8.59439347984492e-07,8.594393479844913e-07
0.0032500000000000003,5735.697554273406,0.0,0.0,4.609480990183676,8.578162663374112e-07,8.578162663374106e-07
0.0033,5724.37148181737,0.0,0.0,4.599987198361996,8.563823554818063e-07,8.563823554818057e-07
0.00335,5711.5119692888275,0.0,0.0,4.59094508980839,8.54974216359968e-07,8.549742163599673e-07
0.0034000000000000002,5701.5951287935895,0.0,0.0,4.58237928727889,8.535277635096716e-07,8.535277635096709e-07
0.0034500000000000004,5689.790311376503,0.0,0.0,4.5742947996715975,8.523638629698974e-07,8.523638629698967e-07
0.0035,5680.798266284868,0.0,0.0,4.566715223331263,8.511386077933879e-07,8.511386077933872e-07
0.00355,5670.5562061134915,0.0,0.0,4.559645575136018,8.499148788623326e-07,8.499148788623319e-07
0.0036000000000000003,5662.25322571445,0.0,0.0,4.553104749835152,8.489191120972515e-07,8.489191120972508e-07
0.00365,5654.00857030058,0.0,0.0,4.5471004895664375,8.479032179882475e-07,8.479032179882469e-07
0.0037,5646.160854065729,0.0,0.0,4.541644139615141,8.46950887323965e-07,8.469508873239643e-07
0.0037500000000000003,5640.002316058479,0.0,0.0,4.5367480349102705,8.462209358122234e-07,8.462209358122226e-07
0.0038,5632.736184107783,0.0,0.0,4.532415280261101,8.453858519960115e-07,8.453858519960108e-07
0.00385,5628.436135666464,0.0,0.0,4.528661868934176,8.447350447849056e-07,8.447350447849049e-07
0.0039000000000000003,5622.206110121111,0.0,0.0,4.525484669106165,8.442487921074915e-07,8.442487921074908e-07
0.00395,5619.202306631042,0.0,0.0,4.5228997925118986,8.436414520546257e-07,8.436414520546249e-07
0.004,5614.641719403037,0.0,0.0,4.520902270273711,8.432156032708409e-07,8.432156032708401e-07
0.00405,5612.58909817015,0.0,0.0,4.519503899499432,8.429488318868898e-07,8.42948831886889e-07
0.0041,5610.095736774847,0.0,0.0,4.518701276818772,8.426144837408858e-07,8.42614483740885e-07
0.00415,5608.715316836489,0.0,0.0,4.5184989843074765,8.424561561985045e-07,8.424561561985036e-07
0.004200000000000001,5608.454649508916,0.0,0.0,4.51889739927983,8.424274541654186e-07,8.424274541654179e-07
0.00425,5607.639707831406,0.0,0.0,4.519892450606982,8.423974244577614e-07,8.423974244577607e-07
0.0043,5609.420385533998,0.0,0.0,4.521488629919217,8.425154716446427e-07,8.425154716446419e-07
0.004350000000000001,5609.520537451634,0.0,0.0,4.523674494891404,8.426555016313251e-07,8.426555016313244e-07
0.0044,5612.9335411825,0.0,0.0,4.526456048000961,8.428900277569952e-07,8.428900277569946e-07
0.00445,5614.50420655191,0.0,0.0,4.529817971070793,8.432484182016224e-07,8.432484182016217e-07
0.0045000000000000005,5618.926661058171,0.0,0.0,4.5337635487636945,8.436798925980821e-07,8.436798925980815e-07
0.00455,5622.387379903774,0.0,0.0,4.538278096721212,8.441771915205903e-07,8.441771915205896e-07
0.0046,5627.45498786462,0.0,0.0,4.543358625329513,8.447651055751219e-07,8.447651055751212e-07
0.0046500000000000005,5632.982237706652,0.0,0.0,4.548993779028366,8.454235190975142e-07,8.454235190975135e-07
0.0047,5638.523236989587,0.0,0.0,4.555172663421704,8.461931949363168e-07,8.461931949363163e-07
0.00475,5646.044402846844,0.0,0.0,4.561888192539196,8.469326926950476e-07,8.46932692695047e-07
0.0048000000000000004,5652.274086470504,0.0,0.0,4.56912208323217,8.478254997381255e-07,8.478254997381249e-07
0.00485,5661.427073743961,0.0,0.0,4.5768699067873095,8.488188160379728e-07,8.488188160379722e-07
0.0049,5668.70192365449,0.0,0.0,4.585108706140634,8.497866387030058e-07,8.497866387030052e-07
0.00495,5678.900155806166,0.0,0.0,4.5938335549509075,8.509202165925483e-07,8.509202165925477e-07
0.005,5687.646933778663,0.0,0.0,4.603020842675659,8.521368136490566e-07,8.521368136490559e-07
0.005050000000000001,5698.308912800416,0.0,0.0,4.612661349534518,8.533066797855675e-07,8.533066797855669e-07
0.0051,5708.786938031796,0.0,0.0,4.622734564552437,8.546368415946804e-07,8.546368415946798e-07
0.00515,5719.749549149902,0.0,0.0,4.633224737888163,8.55960571005024e-07,8.559605710050234e-07
0.005200000000000001,5731.938959431056,0.0,0.0,4.644115641213352,8.572989920055552e-07,8.572989920055545e-07
0.00525,5743.196824917859,0.0,0.0,4.6553849712352235,8.58875799188032e-07,8.588757991880313e-07
0.0053,5756.697041944221,0.0,0.0,4.667020103641144,8.603524468269753e-07,8.603524468269746e-07
0.005350000000000001,5768.494545776073,0.0,0.0,4.678994397810361,8.618576516775085e-07,8.618576516775076e-07
0.0054,5782.8714228135095,0.0,0.0,4.691296423522994,8.635703163504767e-07,8.63570316350476e-07
0.00545,5795.5552108253605,0.0,0.0,4.703898211416828,8.651842817882837e-07,8.65184281788283e-07
0.0055000000000000005,5810.279042822549,0.0,0.0,4.71678652326462,8.668036032976949e-07,8.668036032976942e-07
0.00555,5824.22670777594,0.0,0.0,4.729935590729324,8.686217939470838e-07,8.686217939470831e-07
0.0056,5838.955532448979,0.0,0.0,4.743327577187692,8.70330895535511e-07,8.703308955355103e-07
0.0056500000000000005,5854.142555014765,0.0,0.0,4.756940918982852,8.721313744678153e-07,8.721313744678147e-07
0.0057,5868.770312892156,0.0,0.0,4.770752680280456,8.740205600759149e-07,8.740205600759141e-07
0.00575,5884.8835163326285,0.0,0.0,4.784745326816158,8.75849537315325e-07,8.758495373153243e-07
0.0058000000000000005,5899.525693937022,0.0,0.0,4.798892234288805,8.777532610707588e-07,8.77753261070758e-07
0.00585,5916.155346354618,0.0,0.0,4.813178203641541,8.796813916594353e-07,8.796813916594347e-07
0.0059,5931.1451968619285,0.0,0.0,4.827575442872318,8.815175774640633e-07,8.815175774640626e-07
0.00595,5947.9410341748835,0.0,0.0,4.842068638647817,8.834759007770737e-07,8.83475900777073e-07
0.006,5963.533673374757,0.0,0.0,4.856631265021321,8.854572705405656e-07,8.854572705405649e-07
0.006050000000000001,5980.030885988602,0.0,0.0,4.871245758793807,8.873896175914166e-07,8.87389617591416e-07
0.0061,5996.315272961075,0.0,0.0,4.885889121043749,8.893693519626508e-07,8.893693519626501e-07
0.00615,6012.368098614043,0.0,0.0,4.900540432464034,8.913411310028288e-07,8.913411310028282e-07
0.006200000000000001,6029.1688592743885,0.0,0.0,4.9151805072527095,8.933148804599217e-07,8.93314880459921e-07
0.00625,6044.8263614993175,0.0,0.0,4.929785774400187,8.952661003282588e-07,8.952661003282581e-07
0.0063,6061.827561180016,0.0,0.0,4.944339800539194,8.972078217462279e-07,8.972078217462272e-07
0.006350000000000001,6077.344586136073,0.0,0.0,4.958818135531202,8.991686478882262e-07,8.991686478882254e-07
0.0064,6094.17625106085,0.0,0.0,4.973205207826945,9.011298897786541e-07,9.011298897786535e-07
0.00645,6109.695412542824,0.0,0.0,4.9874776068369435,9.030577785854178e-07,9.030577785854172e-07
0.006500000000000001,6126.034466940962,0.0,0.0,5.00161923625585,9.049990705875745e-07,9.049990705875738e-07
0.00655,6141.68627479063,0.0,0.0,5.0156090940376865,9.068766176446833e-07,9.068766176446826e-07
0.0066,6157.3171684052495,0.0,0.0,5.02942964390225,9.087853120738307e-07,9.0878531207383e-07
0.0066500000000000005,6173.072592439705,0.0,0.0,5.04306289224433,9.106263359543413e-07,9.106263359543405e-07
0.0067,6188.030751966824,0.0,0.0,5.056490003249173,9.124065248710181e-07,9.124065248710174e-07
0.00675,6203.6633545740315,0.0,0.0,5.0696953040879915,9.142495274709272e-07,9.142495274709266e-07
0.0068000000000000005,6218.041822843567,0.0,0.0,5.082659845083675,9.160624114497199e-07,9.160624114497192e-07
0.00685,6233.231110514449,0.0,0.0,5.095369139189661,9.17763390567852e-07,9.177633905678513e-07
0.006900000000000001,6247.2093544911795,0.0,0.0,5.107805292439465,9.195177148501653e-07,9.195177148501647e-07
0.0069500000000000004,6261.752246706046,0.0,0.0,5.119954220551306,9.21201745346914e-07,9.212017453469133e-07
0.007,6275.4404548979965,0.0,0.0,5.13179966661865,9.228105601071382e-07,9.228105601071374e-07
0.007050000000000001,6289.1791621865505,0.0,0.0,5.1433276445234615,9.244462654080063e-07,9.244462654080057e-07
0.0071,6302.599099836571,0.0,0.0,5.154523708008335,9.260007562855322e-07,9.260007562855315e-07
0.00715,6315.4692315709,0.0,0.0,5.165374194042923,9.275249582727119e-07,9.275249582727113e-07
0.007200000000000001,6328.462655512726,0.0,0.0,5.175865989616326,9.290516122026232e-07,9.290516122026226e-07
0.00725,6340.511815845428,0.0,0.0,5.185986536318399,9.304827765828033e-07,9.304827765828025e-07
0.0073,6352.901091429554,0.0,0.0,5.195723310872797,9.318772565457147e-07,9.318772565457141e-07
0.007350000000000001,6364.273654200436,0.0,0.0,5.205065378537709,9.332722150986662e-07,9.332722150986656e-07
0.0074,6375.924497971581,0.0,0.0,5.214000779046506,9.345451445468582e-07,9.345451445468576e-07
0.00745,6386.770208057588,0.0,0.0,5.22251984068908,9.358095161458617e-07,9.35809516145861e-07
0.007500000000000001,6397.60036410615,0.0,0.0,5.2306117788984805,9.370445096083795e-07,9.370445096083788e-07
0.00755,6407.917722662662,0.0,0.0,5.23826771208874,9.382190176388051e-07,9.382190176388044e-07
0.0076,6417.84756670592,0.0,0.0,5.245478678781064,9.393480788181034e-07,9.393480788181027e-07
0.0076500000000000005,6427.574954748215,0.0,0.0,5.252235697921046,9.40442555029922e-07,9.404425550299214e-07
0.0077,6436.63849010058,0.0,0.0,5.258532439479974,9.414594784462254e-07,9.414594784462248e-07
0.00775,6445.689240803215,0.0,0.0,5.264359313897728,9.424525214786625e-07,9.424525214786618e-07
0.0078000000000000005,6453.96684401832,0.0,0.0,5.269712788044248,9.433849137953402e-07,9.433849137953395e-07
0.007850000000000001,6462.279439899369,0.0,0.0,5.274583097028766,9.442703085756888e-07,9.442703085756881e-07
0.0079,6469.906025197461,0.0,0.0,5.278968490906356,9.451148752041336e-07,9.45114875204133e-07
0.00795,6477.443753487205,0.0,0.0,5.282860706603731,9.459202007243397e-07,9.459202007243391e-07
0.008,6484.467276128544,0.0,0.0,5.286257967222622,9.466734035622987e-07,9.46673403562298e-07
0.00805,6491.208551392848,0.0,0.0,5.289154986518429,9.473719705704992e-07,9.473719705704986e-07
0.0081,6497.626955503334,0.0,0.0,5.291548478690955,9.480395317300617e-07,9.480395317300611e-07
0.008150000000000001,6503.567750203705,0.0,0.0,5.293437604269547,9.486585025852998e-07,9.486585025852991e-07
0.0082,6509.357241661446,0.0,0.0,5.294816683837979,9.492242468292907e-07,9.492242468292901e-07
0.00825,6514.549117460134,0.0,0.0,5.295689252868433,9.497565176430743e-07,9.497565176430737e-07
0.0083,6519.694757749466,0.0,0.0,5.2996561215974864,9.502575045204546e-07,9.502575045204539e-07
0.00835,6524.379350519481,0.0,0.0,5.303363185038707,9.507016566369987e-07,9.50701656636998e-07
0.008400000000000001,6528.736852682451,0.0,0.0,5.303465323496855,9.511246969232584e-07,9.511246969232578e-07
0.008450000000000001,6533.147852795772,0.0,0.0,5.302326201440932,9.514995040286347e-07,9.514995040286341e-07
0.0085,6536.865306027499,0.0,0.0,5.301321400725182,9.51851368281638e-07,9.518513682816373e-07
0.00855,6540.592155965075,0.0,0.0,5.300490003857347,9.521674557919817e-07,9.521674557919811e-07
0.0086,6543.834798650467,0.0,0.0,5.299829403334929,9.52446272667795e-07,9.524462726677942e-07
0.00865,6546.845509026677,0.0,0.0,5.2993323236903285,9.526837596456794e-07,9.526837596456788e-07
0.008700000000000001,6549.627725389889,0.0,0.0,5.298987512816264,9.529076171439356e-07,9.529076171439349e-07
0.00875,6551.9641455263745,0.0,0.0,5.298789283781553,9.530895125815045e-07,9.530895125815039e-07
0.0088,6554.285682544886,0.0,0.0,5.298724328815006,9.532246323676548e-07,9.532246323676542e-07
0.00885,6556.011088210156,0.0,0.0,5.298787370334694,9.533482454848621e-07,9.533482454848614e-07
0.0089,6557.8819111611365,0.0,0.0,5.2989648381781,9.534472059971262e-07,9.534472059971256e-07
0.00895,6559.171541709956,0.0,0.0,5.299250028307986,9.535090936139614e-07,9.535090936139607e-07
0.009000000000000001,6560.566456133138,0.0,0.0,5.2996309830139054,9.535604005183629e-07,9.535604005183621e-07
0.00905,6561.548637291186,0.0,0.0,5.30009857669494,9.535903762978312e-07,9.535903762978305e-07
0.0091,6562.435642654627,0.0,0.0,5.300642696056858,9.535901721058949e-07,9.535901721058943e-07
0.00915,6563.170165872792,0.0,0.0,5.301252193780238,9.535899743998837e-07,9.53589974399883e-07
0.0092,6563.544794000933,0.0,0.0,5.301918187002428,9.535335960377334e-07,9.535335960377327e-07
0.009250000000000001,6564.022849106396,0.0,0.0,5.302628557930517,9.53454262305445e-07,9.534542623054443e-07
0.009300000000000001,6563.923510721368,0.0,0.0,5.303374567122874,9.534035878058213e-07,9.534035878058208e-07
0.00935,6564.157758815349,0.0,0.0,5.304144228714873,9.533111133411645e-07,9.533111133411639e-07
0.0094,6563.769507161874,0.0,0.0,5.304928267133628,9.532022956133798e-07,9.532022956133792e-07
0.00945,6563.705670973383,0.0,0.0,5.305715530894664,9.531132142932576e-07,9.531132142932571e-07
0.0095,6563.208196096171,0.0,0.0,5.306495705557331,9.52981179283358e-07,9.529811792833573e-07
0.009550000000000001,6562.782832438647,0.0,0.0,5.3072585879680725,9.528397465286486e-07,9.52839746528648e-07
0.009600000000000001,6562.24192541088,0.0,0.0,5.307993308670947,9.527033282204329e-07,9.527033282204324e-07
0.00965,6561.407907312426,0.0,0.0,5.308689998346294,9.525134131900599e-07,9.525134131900594e-07
0.0097,6560.832231626198,0.0,0.0,5.30933809723723,9.523657012198498e-07,9.523657012198493e-07
0.00975,6559.657675451735,0.0,0.0,5.309927427058459,9.522002491911974e-07,9.522002491911968e-07
0.0098,6559.027738331008,0.0,0.0,5.310448332535029,9.519971940196168e-07,9.519971940196164e-07
0.009850000000000001,6557.650255115566,0.0,0.0,5.310890031710193,9.518399873639637e-07,9.518399873639632e-07
0.0099,6556.89628394165,0.0,0.0,5.311243820621586,9.516680534417748e-07,9.516680534417744e-07
0.00995,6555.535785074717,0.0,0.0,5.311498678873395,9.514326910994206e-07,9.514326910994201e-07
0.01,6554.492409087757,0.0,0.0,5.311646248527929,9.512303152630024e-07,9.51230315263002e-07
0.01005,6553.247183562407,0.0,0.0,5.311676184080343,9.510187789135705e-07,9.510187789135699e-07
0.010100000000000001,6551.866043783859,0.0,0.0,5.3115797419683135,9.508181680430653e-07,9.508181680430649e-07
0.010150000000000001,6550.818599175562,0.0,0.0,5.311348100138516,9.506311161666029e-07,9.506311161666024e-07
0.0102,6549.14768007197,0.0,0.0,5.31097142194175,9.504075235294506e-07,9.5040752352945e-07
0.01025,6548.229366527109,0.0,0.0,5.31044276749685,9.502268628171981e-07,9.502268628171975e-07
0.0103,6546.426721933191,0.0,0.0,5.309751328589137,9.500240248177882e-07,9.500240248177877e-07
0.01035,6545.5042753333,0.0,0.0,5.308891612232626,9.497855409712658e-07,9.497855409712653e-07
0.010400000000000001,6543.729397325711,0.0,0.0,5.307852698933518,9.495743095332071e-07,9.495743095332066e-07
0.010450000000000001,6542.625923674463,0.0,0.0,5.30662955230958,9.493716851374115e-07,9.493716851374109e-07
0.0105,6541.115388220095,0.0,0.0,5.30521252055335,9.491553973281879e-07,9.491553973281874e-07
0.01055,6539.725564320323,0.0,0.0,5.303595634165775,9.489775024010362e-07,9.489775024010358e-07
0.0106,6538.568567831004,0.0,0.0,5.3017716891369835,9.487413178161218e-07,9.487413178161214e-07
0.01065,6536.860370484062,0.0,0.0,5.299732914273088,9.485756623894799e-07,9.485756623894794e-07
0.010700000000000001,6536.019575134514,0.0,0.0,5.297475145225606,9.483952008182425e-07,9.48395200818242e-07
0.010750000000000001,6534.133587865737,0.0,0.0,5.294988819505941,9.481365813413881e-07,9.481365813413875e-07
0.0108,6533.360374663971,0.0,0.0,5.2922720541425035,9.479518390960734e-07,9.479518390960729e-07
0.01085,6531.526604846849,0.0,0.0,5.289315018811039,9.477906220134612e-07,9.477906220134606e-07
0.0109,6530.700627552138,0.0,0.0,5.286116591545234,9.475850587402033e-07,9.475850587402028e-07
0.01095,6529.194511740458,0.0,0.0,5.282668177267496,9.474579628451259e-07,9.474579628451254e-07
0.011000000000000001,6528.15267998993,0.0,0.0,5.278967717171163,9.472798537163608e-07,9.472798537163604e-07
0.01105,6527.095798383795,0.0,0.0,5.275009494086292,9.470727841236361e-07,9.470727841236355e-07
0.0111,6525.697013133577,0.0,0.0,5.270789198529369,9.469637220649575e-07,9.469637220649571e-07
0.01115,6525.077179452338,0.0,0.0,5.266305037437349,9.467379586279986e-07,9.467379586279981e-07
0.0112,6523.381310612564,0.0,0.0,5.261550075208747,9.465700667565977e-07,9.465700667565973e-07
0.011250000000000001,6523.004049301944,0.0,0.0,5.256526011559406,9.464749583969969e-07,9.464749583969964e-07
0.011300000000000001,6521.358185026318,0.0,0.0,5.251224739144269,9.462887824493152e-07,9.462887824493147e-07
0.01135,6520.97266895153,0.0,0.0,5.245649232364888,9.461316553647811e-07,9.461316553647805e-07
0.0114,6519.616362729274,0.0,0.0,5.239792496320428,9.460749384018394e-07,9.460749384018389e-07
0.01145,6519.065580539395,0.0,0.0,5.23365687829817,9.458861414412747e-07,9.458861414412742e-07
0.0115,6518.178731979397,0.0,0.0,5.2272381845749045,9.457771303938677e-07,9.457771303938672e-07
0.011550000000000001,6517.248507632335,0.0,0.0,5.220536396725968,9.456464768252775e-07,9.45646476825277e-07
0.011600000000000001,6516.870897356409,0.0,0.0,5.213551748977855,9.455054070334721e-07,9.455054070334716e-07
0.01165,6515.615287099993,0.0,0.0,5.206281086813089,9.454509028253823e-07,9.454509028253819e-07
0.0117,6515.680646830352,0.0,0.0,5.198728937684272,9.453628984482431e-07,9.453628984482427e-07
0.01175,6514.347138535295,0.0,0.0,5.190889834731815,9.452236144389581e-07,9.452236144389576e-07
0.0118,6514.508480150291,0.0,0.0,5.1827707988090195,9.451765922445439e-07,9.451765922445434e-07
0.011850000000000001,6513.392858730559,0.0,0.0,5.174366638677335,9.45061714173866e-07,9.450617141738655e-07
0.0119,6513.3636320255755,0.0,0.0,5.165684195551172,9.449447355647602e-07,9.449447355647598e-07
0.01195,6512.66649973577,0.0,0.0,5.156720987083171,9.448924974890104e-07,9.448924974890098e-07
0.012,6512.284024265587,0.0,0.0,5.147481623725903,9.447972284113109e-07,9.447972284113104e-07
0.01205,6512.165125086149,0.0,0.0,5.13796805300706,9.447645551007373e-07,9.447645551007368e-07
0.012100000000000001,6511.425928242571,0.0,0.0,5.128181363177101,9.446946476238798e-07,9.446946476238794e-07
0.012150000000000001,6511.789972816144,0.0,0.0,5.11812828783667,9.446360810151535e-07,9.44636081015153e-07
0.0122,6510.84288589169,0.0,0.0,5.10780701102141,9.446182337015344e-07,9.446182337015339e-07
0.01225,6511.467029423347,0.0,0.0,5.097227734845326,9.445647541916937e-07,9.445647541916932e-07
0.0123,6510.581292688771,0.0,0.0,5.086387569635401,9.444771589499415e-07,9.444771589499411e-07
0.01235,6511.088440599899,0.0,0.0,5.075297710073668,9.444865367605852e-07,9.444865367605848e-07
0.012400000000000001,6510.600122393673,0.0,0.0,5.063957233263587,9.444139976477508e-07,9.444139976477503e-07
0.012450000000000001,6510.784649946702,0.0,0.0,5.052375355471614,9.444323411143975e-07,9.44432341114397e-07
0.0125,6510.890370402497,0.0,0.0,5.040555456911536,9.444176759320311e-07,9.444176759320306e-07
0.01255,6510.656098470441,0.0,0.0,5.028502996737774,9.443418256676226e-07,9.44341825667622e-07
0.0126,6511.235395185027,0.0,0.0,5.016226461245782,9.443622188289546e-07,9.443622188289542e-07
0.01265,6510.6951698810435,0.0,0.0,5.00372794051513,9.443472437959974e-07,9.44347243795997e-07
0.012700000000000001,6511.569709101103,0.0,0.0,4.9910198510555475,9.442656254920912e-07,9.442656254920908e-07
0.012750000000000001,6510.928373182518,0.0,0.0,4.978102380786837,9.443364783659092e-07,9.443364783659088e-07
0.0128,6511.88297662299,0.0,0.0,4.964990098611981,9.443472043352893e-07,9.443472043352889e-07
0.01285,6511.540277905114,0.0,0.0,4.951683611583526,9.442961345281451e-07,9.442961345281447e-07
0.0129,6512.200485050535,0.0,0.0,4.938196394530036,9.443801387811811e-07,9.443801387811806e-07
0.012950000000000001,6512.392429682665,0.0,0.0,4.924532854561015,9.443445193583292e-07,9.443445193583287e-07
0.013000000000000001,6512.6121457793615,0.0,0.0,4.910702808334679,9.443660177523363e-07,9.443660177523359e-07
0.01305,6513.331749088464,0.0,0.0,4.896715772939285,9.444104214115906e-07,9.444104214115902e-07
0.0131,6513.162730271301,0.0,0.0,4.8825775574542964,9.443666214160096e-07,9.443666214160092e-07
0.01315,6514.194507840651,0.0,0.0,4.86830213458413,9.443803233081006e-07,9.443803233081002e-07
0.0132,6513.85821768273,0.0,0.0,4.85389278178685,9.444920275017195e-07,9.444920275017191e-07
0.013250000000000001,6515.0594259653335,0.0,0.0,4.839366049891574,9.444362502671421e-07,9.444362502671418e-07
0.013300000000000001,6514.818220070279,0.0,0.0,4.8247244959940305,9.445020962666343e-07,9.445020962666339e-07
0.01335,6515.819498518192,0.0,0.0,4.809984772317171,9.445311489025824e-07,9.445311489025819e-07
0.0134,6515.97379220072,0.0,0.0,4.795151861101864,9.445223148697258e-07,9.445223148697254e-07
0.01345,6516.533025371328,0.0,0.0,4.780239383296351,9.445825177109212e-07,9.445825177109209e-07
0.0135,6517.217622978806,0.0,0.0,4.765257029427698,9.446357740123272e-07,9.446357740123268e-07
0.013550000000000001,6517.366566048545,0.0,0.0,4.7502141050111035,9.446471950854257e-07,9.446471950854254e-07
0.013600000000000001,6518.46991031907,0.0,0.0,4.735124995088984,9.447302665352434e-07,9.44730266535243e-07
0.01365,6518.363155488876,0.0,0.0,4.719995500085189,9.447499567994339e-07,9.447499567994336e-07
0.0137,6519.63915247491,0.0,0.0,4.704843148755588,9.447836890212764e-07,9.44783689021276e-07
0.01375,6519.511989895541,0.0,0.0,4.689672253473772,9.448553916954872e-07,9.448553916954868e-07
0.013800000000000002,6520.686078137201,0.0,0.0,4.674500959781045,9.44855366073229e-07,9.448553660732286e-07
0.013850000000000001,6520.793721704174,0.0,0.0,4.659334696800501,9.449130216102925e-07,9.449130216102921e-07
0.013900000000000001,6521.60687425504,0.0,0.0,4.6441894932545456,9.449413025937531e-07,9.449413025937527e-07
0.01395,6522.147470507699,0.0,0.0,4.629074305760108,9.449984736276393e-07,9.449984736276388e-07
0.014,6522.543077128745,0.0,0.0,4.614001166156821,9.450641228611501e-07,9.450641228611496e-07
0.01405,6523.530938300792,0.0,0.0,4.598983400385995,9.450980916842774e-07,9.45098091684277e-07
0.014100000000000001,6523.5521738298585,0.0,0.0,4.584028779853907,9.451239397471543e-07,9.451239397471539e-07
0.014150000000000001,6524.776894411075,0.0,0.0,4.5691543582327885,9.452226656991944e-07,9.452226656991941e-07
0.0142,6524.688874005888,0.0,0.0,4.554365261758986,9.452064216950077e-07,9.452064216950072e-07
0.01425,6525.862460751425,0.0,0.0,4.539679597538151,9.45286261219356e-07,9.452862612193556e-07
0.0143,6525.931969707824,0.0,0.0,4.525102679632997,9.453540171674651e-07,9.453540171674647e-07
0.01435,6526.876707657911,0.0,0.0,4.510650979508419,9.453731963870088e-07,9.453731963870085e-07
0.014400000000000001,6527.264162641461,0.0,0.0,4.496331975913071,9.454421441023066e-07,9.454421441023062e-07
0.014450000000000001,6527.816190144313,0.0,0.0,4.482158735697548,9.454813220398822e-07,9.454813220398818e-07
0.0145,6528.562717839649,0.0,0.0,4.468142223081368,9.454843866835081e-07,9.454843866835078e-07
0.01455,6528.706452269385,0.0,0.0,4.454291220065203,9.455843257377125e-07,9.455843257377121e-07
0.0146,6529.759935678163,0.0,0.0,4.440620219310562,9.456021622440588e-07,9.456021622440584e-07
0.014650000000000002,6529.658811873662,0.0,0.0,4.427134238260484,9.455980970715638e-07,9.455980970715634e-07
0.014700000000000001,6530.7348002156605,0.0,0.0,4.413849572766154,9.457161268511841e-07,9.457161268511837e-07
0.014750000000000001,6530.715417463391,0.0,0.0,4.400770147253072,9.457205911469892e-07,9.457205911469888e-07
0.0148,6531.616476081075,0.0,0.0,4.3879109408103965,9.457666144738009e-07,9.457666144738005e-07
0.01485,6531.8215811281625,0.0,0.0,4.375277069750161,9.458346065343174e-07,9.458346065343169e-07
0.0149,6532.4116562809295,0.0,0.0,4.362880511429324,9.458432692534469e-07,9.458432692534465e-07
0.014950000000000001,6532.89954548603,0.0,0.0,4.350728708547759,9.458679553955798e-07,9.458679553955793e-07
0.015000000000000001,6533.119782558377,0.0,0.0,4.338829650568549,9.459566708811256e-07,9.459566708811251e-07
0.015050000000000001,6533.907021759807,0.0,0.0,4.3271936062998195,9.459367803485926e-07,9.459367803485922e-07
0.0151,6533.844189339854,0.0,0.0,4.315824453920418,9.460090507644596e-07,9.460090507644592e-07
0.01515,6534.749900238946,0.0,0.0,4.304734353203989,9.460380392013617e-07,9.460380392013613e-07
0.0152,6534.621309599739,0.0,0.0,4.2939247973788195,9.460436026520345e-07,9.46043602652034e-07
0.015250000000000001,6535.396484132338,0.0,0.0,4.2834074160771545,9.460854876416991e-07,9.460854876416986e-07
0.015300000000000001,6535.404715973398,0.0,0.0,4.273183712019285,9.461233670698168e-07,9.461233670698163e-07
0.01535,6535.930256790433,0.0,0.0,4.263262645953873,9.461298896223192e-07,9.461298896223186e-07
0.0154,6536.172866162471,0.0,0.0,4.253647134684158,9.461746204799153e-07,9.461746204799148e-07
0.01545,6536.383266814476,0.0,0.0,4.24434239176153,9.461889688437138e-07,9.461889688437134e-07
0.0155,6536.873036506037,0.0,0.0,4.235353378141908,9.462195830224097e-07,9.462195830224092e-07
0.015550000000000001,6536.829311181484,0.0,0.0,4.226681391080013,9.462629654608749e-07,9.462629654608744e-07
0.015600000000000001,6537.471026850198,0.0,0.0,4.218332818342734,9.46259223231061e-07,9.462592232310605e-07
0.01565,6537.2839002007095,0.0,0.0,4.21030604586835,9.462944506536843e-07,9.462944506536837e-07
0.015700000000000002,6537.893338440613,0.0,0.0,4.20260745548346,9.462995094750668e-07,9.462995094750663e-07
0.01575,6537.743638983664,0.0,0.0,4.195234247679344,9.463197245376793e-07,9.463197245376788e-07
0.0158,6538.17360704967,0.0,0.0,4.188190887119844,9.463386011113341e-07,9.463386011113336e-07
0.01585,6538.202191841394,0.0,0.0,4.181475062318909,9.463523027016636e-07,9.463523027016631e-07
0.0159,6538.368134435579,0.0,0.0,4.1750879239820495,9.463562787206871e-07,9.463562787206866e-07
0.015950000000000002,6538.601002016793,0.0,0.0,4.169028568850866,9.463891674011628e-07,9.463891674011622e-07
0.016,6538.521894858639,0.0,0.0,4.163294501314316,9.463632437909912e-07,9.463632437909906e-07
0.016050000000000002,6538.877755016991,0.0,0.0,4.157885916758459,9.463995751188688e-07,9.463995751188683e-07
0.0161,6538.667063755809,0.0,0.0,4.1527975398662855,9.464089743756448e-07,9.464089743756443e-07
0.01615,6539.055974398398,0.0,0.0,4.1480295219334185,9.463967694228677e-07,9.463967694228672e-07
0.0162,6538.812016042114,0.0,0.0,4.143574940349262,9.464206985797886e-07,9.46420698579788e-07
0.01625,6539.1195708584655,0.0,0.0,4.139432853563402,9.464314002312367e-07,9.464314002312361e-07
0.016300000000000002,6538.982804021073,0.0,0.0,4.1355959442731045,9.464143716152886e-07,9.46414371615288e-07
0.01635,6539.094059437812,0.0,0.0,4.132060820593961,9.464403748729799e-07,9.464403748729793e-07
0.0164,6539.124681140942,0.0,0.0,4.12882100789357,9.464330860444268e-07,9.464330860444263e-07
0.01645,6539.028769892805,0.0,0.0,4.125870035204975,9.464162775172484e-07,9.464162775172479e-07
0.0165,6539.170623104044,0.0,0.0,4.123202309987842,9.464410864716253e-07,9.464410864716248e-07
0.016550000000000002,6538.94873058767,0.0,0.0,4.120808912531957,9.464194065113445e-07,9.464194065113439e-07
0.0166,6539.131091932527,0.0,0.0,4.118684311003094,9.464229757411281e-07,9.464229757411274e-07
0.01665,6538.867513889948,0.0,0.0,4.116818092049951,9.464324065136528e-07,9.464324065136522e-07
0.0167,6539.0253351433,0.0,0.0,4.115204019109708,9.464194837194968e-07,9.464194837194963e-07
0.01675,6538.7977069979315,0.0,0.0,4.11383103517726,9.464099758778526e-07,9.464099758778521e-07
0.016800000000000002,6538.842754790426,0.0,0.0,4.112691448406734,9.464237985047507e-07,9.464237985047502e-07
0.01685,6538.732765061978,0.0,0.0,4.111774499959185,9.464028943890861e-07,9.464028943890856e-07
0.016900000000000002,6538.642178964841,0.0,0.0,4.1110703960374915,9.464118179637258e-07,9.464118179637251e-07
0.01695,6538.640225102649,0.0,0.0,4.110569033316326,9.464033128941829e-07,9.464033128941824e-07
0.017,6538.445564273574,0.0,0.0,4.110258763257386,9.463929494196406e-07,9.4639294941964e-07
0.01705,6538.490478956923,0.0,0.0,4.110129751811707,9.463925824409283e-07,9.463925824409278e-07
0.0171,6538.260935856149,0.0,0.0,4.110169230893745,9.463895638748185e-07,9.463895638748178e-07
0.017150000000000002,6538.303734372142,0.0,0.0,4.110367000452866,9.46376781365344e-07,9.463767813653434e-07
0.0172,6538.087680269015,0.0,0.0,4.11070987210334,9.463742514701599e-07,9.463742514701592e-07
0.01725,6538.079054511961,0.0,0.0,4.111186864668508,9.463672242594657e-07,9.463672242594651e-07
0.0173,6537.929793936031,0.0,0.0,4.111784929374898,9.463622669502266e-07,9.463622669502261e-07
0.01735,6537.855436627087,0.0,0.0,4.112491989890422,9.463597754543992e-07,9.463597754543986e-07
0.017400000000000002,6537.781151747735,0.0,0.0,4.113295411532128,9.463528627838791e-07,9.463528627838785e-07
0.01745,6537.653495690894,0.0,0.0,4.114182154103857,9.463521153969974e-07,9.463521153969967e-07
0.0175,6537.628918915035,0.0,0.0,4.115139876479641,9.463457427540527e-07,9.463457427540522e-07
0.01755,6537.480264584786,0.0,0.0,4.11615497620029,9.463437162336802e-07,9.463437162336796e-07
0.0176,6537.470411411096,0.0,0.0,4.117215089356758,9.463416919115299e-07,9.463416919115294e-07
0.017650000000000002,6537.343889180368,0.0,0.0,4.11830655038749,9.463395876758674e-07,9.463395876758668e-07
0.0177,6537.323411396928,0.0,0.0,4.1194166704864505,9.463382258132016e-07,9.46338225813201e-07
0.017750000000000002,6537.239453479675,0.0,0.0,4.120532075065758,9.463381900118525e-07,9.463381900118519e-07
0.0178,6537.207029046927,0.0,0.0,4.121639719554261,9.463391494752562e-07,9.463391494752555e-07
0.01785,6537.16522922644,0.0,0.0,4.122726556989619,9.463396337903874e-07,9.463396337903869e-07
0.0179,6537.133068037321,0.0,0.0,4.123779393696144,9.463426628753995e-07,9.463426628753989e-07
0.01795,6537.121638399865,0.0,0.0,4.12478539601159,9.46347664536782e-07,9.463476645367813e-07
0.018000000000000002,6537.107671379264,0.0,0.0,4.125731518222793,9.46350634194437e-07,9.463506341944363e-07
0.01805,6537.111354938659,0.0,0.0,4.126604973608272,9.463564828115585e-07,9.463564828115579e-07
0.0181,6537.132205301241,0.0,0.0,4.127393140270496,9.463671052111612e-07,9.463671052111606e-07
0.01815,6537.1486914193765,0.0,0.0,4.128083206105425,9.463688869786957e-07,9.463688869786952e-07
0.0182,6537.20505092026,0.0,0.0,4.128663062728877,9.463812890076886e-07,9.463812890076879e-07
0.018250000000000002,6537.248432323233,0.0,0.0,4.129120032498866,9.46397555647124e-07,9.463975556471234e-07
0.0183,6537.330515029615,0.0,0.0,4.129442389349071,9.464013101180193e-07,9.464013101180186e-07
0.01835,6537.418486330347,0.0,0.0,4.12961787869206,9.464248124619794e-07,9.464248124619787e-07
0.0184,6537.51141077505,0.0,0.0,4.129634938008871,9.464381531294364e-07,9.464381531294359e-07
0.01845,6537.661108183532,0.0,0.0,4.129482067908548,9.464514606685804e-07,9.464514606685798e-07
0.018500000000000003,6537.752441089368,0.0,0.0,4.129147672690232,9.464768398853191e-07,9.464768398853185e-07
0.01855,6537.969855544455,0.0,0.0,4.128621236398595,9.465022275637421e-07,9.465022275637415e-07
0.018600000000000002,6538.075760000175,0.0,0.0,4.127891142457935,9.465112591093207e-07,9.4651125910932e-07
0.01865,6538.33437708819,0.0,0.0,4.126947723399761,9.465508277691751e-07,9.465508277691745e-07
0.0187,6538.488403792822,0.0,0.0,4.125779724608537,9.465671457320816e-07,9.465671457320809e-07
0.01875,6538.762263742731,0.0,0.0,4.124377976342585,9.465984986489242e-07,9.465984986489237e-07
0.0188,6538.993059258758,0.0,0.0,4.122732014956943,9.46630101957462e-07,9.466301019574614e-07
0.018850000000000002,6539.258697214223,0.0,0.0,4.120832808803355,9.466598148374966e-07,9.466598148374961e-07
0.0189,6539.5852417289225,0.0,0.0,4.11867109726744,9.466910640825492e-07,9.466910640825487e-07
0.01895,6539.830187493066,0.0,0.0,4.116237700962919,9.467323703384434e-07,9.467323703384429e-07
0.019,6540.25384635813,0.0,0.0,4.113524790268393,9.467650408662731e-07,9.467650408662725e-07
0.01905,6540.499169978147,0.0,0.0,4.110523064197334,9.468127306181409e-07,9.468127306181404e-07
0.019100000000000002,6540.9941001170455,0.0,0.0,4.107225940727823,9.468561440964434e-07,9.468561440964428e-07
0.01915,6541.283528901915,0.0,0.0,4.103624385867503,9.468930878687238e-07,9.468930878687231e-07
0.019200000000000002,6541.795240765936,0.0,0.0,4.09971258248106,9.469494023758923e-07,9.469494023758918e-07
0.01925,6542.1783063422845,0.0,0.0,4.095482407520199,9.46986818707572e-07,9.469868187075714e-07
0.0193,6542.667437788339,0.0,0.0,4.090928210510884,9.470510554033288e-07,9.470510554033283e-07
0.019350000000000003,6543.17859766902,0.0,0.0,4.086043363399285,9.470926593596211e-07,9.470926593596205e-07
0.0194,6543.622299425487,0.0,0.0,4.080821909245848,9.471483781705239e-07,9.471483781705232e-07
0.019450000000000002,6544.252186524239,0.0,0.0,4.075259032736509,9.472042184522693e-07,9.472042184522686e-07
0.0195,6544.676305062634,0.0,0.0,4.06934849479881,9.472701348322172e-07,9.472701348322165e-07
0.01955,6545.393464565385,0.0,0.0,4.063087042069279,9.473115547087478e-07,9.473115547087472e-07
0.0196,6545.839714534949,0.0,0.0,4.056468566512846,9.474028711868488e-07,9.474028711868482e-07
0.01965,6546.597228234608,0.0,0.0,4.0494909024515575,9.474403050531783e-07,9.474403050531777e-07
0.019700000000000002,6547.120162256251,0.0,0.0,4.042148656636988,9.475164118907269e-07,9.475164118907264e-07
0.01975,6547.853062696453,0.0,0.0,4.034440080821103,9.475974969416835e-07,9.47597496941683e-07
0.0198,6548.525863452278,0.0,0.0,4.02636133027168,9.476558868015804e-07,9.476558868015799e-07
0.01985,6549.188115249277,0.0,0.0,4.017910231091905,9.477272900471579e-07,9.477272900471573e-07
0.0199,6550.009456791099,0.0,0.0,4.0090850822998645,9.478230851839342e-07,9.478230851839337e-07
0.019950000000000002,6550.627727798988,0.0,0.0,3.9998831670943145,9.478713102717876e-07,9.478713102717871e-07
0.02,6551.544868256839,0.0,0.0,3.9903046456638944,9.479582520389211e-07,9.479582520389206e-07
0.020050000000000002,6552.159917426454,0.0,0.0,3.980346767433297,9.48052555424421e-07,9.480525554244204e-07
0.0201,6553.133701017474,0.0,0.0,3.970011051562423,9.481038310910136e-07,9.48103831091013e-07
0.02015,6553.796855348248,0.0,0.0,3.9592952200397606,9.482118992369305e-07,9.482118992369299e-07
0.020200000000000003,6554.757064148789,0.0,0.0,3.9482015014514613,9.482871517173008e-07,9.482871517173002e-07
0.02025,6555.54563483154,0.0,0.0,3.9367289675160526,9.483654947509473e-07,9.483654947509467e-07
0.020300000000000002,6556.421348699307,0.0,0.0,3.9248795835088135,9.484620459965474e-07,9.484620459965468e-07
0.02035,6557.376098821244,0.0,0.0,3.912654633941327,9.485608834068225e-07,9.48560883406822e-07
0.0204,6558.171379771541,0.0,0.0,3.900055316862306,9.486255533500417e-07,9.486255533500412e-07
0.02045,6559.249668882153,0.0,0.0,3.8870851462225646,9.487520028088286e-07,9.487520028088279e-07
0.0205,6560.012980293029,0.0,0.0,3.8737449291708703,9.488173937443952e-07,9.488173937443946e-07
0.020550000000000002,6561.152173447008,0.0,0.0,3.8600398391065647,9.489232548649859e-07,9.489232548649853e-07
0.0206,6561.941912042543,0.0,0.0,3.84597096407118,9.490257411176997e-07,9.490257411176991e-07
0.02065,6563.084964740325,0.0,0.0,3.8315444012923248,9.491192697294984e-07,9.491192697294979e-07
0.0207,6563.963414733599,0.0,0.0,3.8167623049911406,9.49204430371375e-07,9.492044303713744e-07
0.02075,6565.018399385479,0.0,0.0,3.801630775043211,9.493137157438856e-07,9.493137157438849e-07
0.020800000000000003,6566.041367672202,0.0,0.0,3.7861540330395465,9.49406737410466e-07,9.494067374104654e-07
0.02085,6566.994760126312,0.0,0.0,3.7703374363014555,9.495119466565734e-07,9.495119466565728e-07
0.020900000000000002,6568.155381858447,0.0,0.0,3.7541875494664576,9.496111485666958e-07,9.496111485666953e-07
0.02095,6569.026314312333,0.0,0.0,3.7377090239314907,9.497069784117194e-07,9.497069784117188e-07
0.021,6570.270566771617,0.0,0.0,3.720910510604941,9.498239475708678e-07,9.498239475708673e-07
0.021050000000000003,6571.1296816560425,0.0,0.0,3.7037964881823537,9.499074286353766e-07,9.499074286353761e-07
0.0211,6572.377817163625,0.0,0.0,3.6863768532944245,9.500381024098794e-07,9.500381024098788e-07
0.021150000000000002,6573.3087726240765,0.0,0.0,3.66865694661625,9.501232896159098e-07,9.501232896159092e-07
0.0212,6574.4804632652285,0.0,0.0,3.6506467796741418,9.502322407216438e-07,9.502322407216431e-07
0.02125,6575.520514001348,0.0,0.0,3.6323535342628217,9.503366267454139e-07,9.503366267454133e-07
0.0213,6576.588814257269,0.0,0.0,3.6137866802013945,9.504532475188611e-07,9.504532475188605e-07
0.02135,6577.753144094709,0.0,0.0,3.594955596898555,9.505274889445588e-07,9.505274889445582e-07
0.021400000000000002,6578.704631224888,0.0,0.0,3.575868950352421,9.506723181335217e-07,9.506723181335211e-07
0.02145,6579.971091999098,0.0,0.0,3.556538440091571,9.507402567267384e-07,9.507402567267378e-07
0.021500000000000002,6580.851226680617,0.0,0.0,3.536972073568953,9.508571060326045e-07,9.508571060326039e-07
0.02155,6582.131455874754,0.0,0.0,3.517183247887705,9.509673156826614e-07,9.509673156826608e-07
0.0216,6583.042531518514,0.0,0.0,3.4971803827038115,9.510604586054894e-07,9.510604586054889e-07
0.021650000000000003,6584.24938430591,0.0,0.0,3.4769772367233736,9.511649179370547e-07,9.51164917937054e-07
0.0217,6585.253126718414,0.0,0.0,3.4565838258569195,9.512897988161735e-07,9.512897988161728e-07
0.021750000000000002,6586.3527512615565,0.0,0.0,3.4360133852964423,9.513614475214499e-07,9.513614475214494e-07
0.0218,6587.450125311527,0.0,0.0,3.415277989326885,9.514807527076394e-07,9.514807527076388e-07
0.02185,6588.43343851112,0.0,0.0,3.394390124789238,9.515969925629372e-07,9.515969925629366e-07
0.0219,6589.631001509826,0.0,0.0,3.37336404021068,9.516629747247239e-07,9.516629747247234e-07
0.02195,6590.501670753938,0.0,0.0,3.352211316488475,9.517938897615673e-07,9.517938897615668e-07
0.022000000000000002,6591.740346600508,0.0,0.0,3.330948207614879,9.518804482299041e-07,9.518804482299035e-07
0.02205,6592.5843290770845,0.0,0.0,3.3095860547106337,9.519691684024282e-07,9.519691684024277e-07
0.0221,6593.755933165682,0.0,0.0,3.288141866552037,9.520718274127384e-07,9.520718274127379e-07
0.02215,6594.658024872197,0.0,0.0,3.2666281203371605,9.521815910920839e-07,9.521815910920834e-07
0.0222,6595.718866093067,0.0,0.0,3.2450613642958697,9.522437360543698e-07,9.522437360543691e-07
0.022250000000000002,6596.693033231936,0.0,0.0,3.2234558683674006,9.523697032351021e-07,9.523697032351015e-07
0.0223,6597.624015948748,0.0,0.0,3.2018273192107762,9.524375489561568e-07,9.524375489561561e-07
0.022350000000000002,6598.680004850778,0.0,0.0,3.1801920109468007,9.52542762574346e-07,9.525427625743455e-07
0.0224,6599.493025836989,0.0,0.0,3.1585645230633568,9.526294532080672e-07,9.526294532080666e-07
0.02245,6600.596364113043,0.0,0.0,3.13696301685124,9.527221257556994e-07,9.527221257556989e-07
0.022500000000000003,6601.343906703507,0.0,0.0,3.1154013915457646,9.528016864907672e-07,9.528016864907665e-07
0.02255,6602.413610900937,0.0,0.0,3.093898759557085,9.528946155863627e-07,9.52894615586362e-07
0.022600000000000002,6603.16511878972,0.0,0.0,3.072469345452921,9.529693473603591e-07,9.529693473603584e-07
0.02265,6604.1338100532075,0.0,0.0,3.0511320544152025,9.53057659484315e-07,9.530576594843143e-07
0.0227,6604.94149808799,0.0,0.0,3.0299023219044185,9.531353514517038e-07,9.531353514517032e-07
0.02275,6605.770838622276,0.0,0.0,3.008797934504652,9.532065785415649e-07,9.532065785415644e-07
0.0228,6606.641228738534,0.0,0.0,2.9878360472056085,9.532926144755208e-07,9.532926144755202e-07
0.022850000000000002,6607.337036093814,0.0,0.0,2.9670329603612227,9.533499780114866e-07,9.53349978011486e-07
0.0229,6608.245575188207,0.0,0.0,2.946407383272518,9.534461735886002e-07,9.534461735885995e-07
0.02295,6608.860454693655,0.0,0.0,2.9259744308279974,9.534992232120726e-07,9.534992232120721e-07
0.023,6609.749162952575,0.0,0.0,2.905753507521302,9.535768253251746e-07,9.53576825325174e-07
0.02305,6610.329528938782,0.0,0.0,2.8857592974503294,9.536405385811282e-07,9.536405385811275e-07
0.023100000000000002,6611.148373609885,0.0,0.0,2.8660109647110295,9.537153208324436e-07,9.537153208324432e-07
0.02315,6611.747943675555,0.0,0.0,2.8465234065540166,9.537592711716492e-07,9.537592711716485e-07
0.023200000000000002,6612.446341640899,0.0,0.0,2.827314567274434,9.538545010351064e-07,9.538545010351058e-07
0.02325,6613.104313463339,0.0,0.0,2.808400253478934,9.538788637156456e-07,9.53878863715645e-07
0.0233,6613.653938343253,0.0,0.0,2.789796322737462,9.539497992183568e-07,9.539497992183562e-07
0.023350000000000003,6614.346189950755,0.0,0.0,2.771519690068203,9.540105862064331e-07,9.540105862064325e-07
0.0234,6614.804233051317,0.0,0.0,2.7535842367449295,9.54053371885687e-07,9.540533718856865e-07
0.023450000000000002,6615.475591001554,0.0,0.0,2.7360069985851765,9.54100610705861e-07,9.541006107058605e-07
0.0235,6615.878879565129,0.0,0.0,2.7188006213665528,9.54166569698894e-07,9.541665696988935e-07
0.02355,6616.500959110373,0.0,0.0,2.701981416864605,9.541932722498991e-07,9.541932722498985e-07
0.0236,6616.888714651776,0.0,0.0,2.685561140249674,9.542474355253749e-07,9.542474355253742e-07
0.02365,6617.416037231684,0.0,0.0,2.669554575986135,9.543006960241204e-07,9.5430069602412e-07
0.023700000000000002,6617.83971084455,0.0,0.0,2.6539732224059094,9.543211294675237e-07,9.54321129467523e-07
0.02375,6618.238287835449,0.0,0.0,2.6388293069625828,9.543810971206853e-07,9.543810971206847e-07
0.0238,6618.700960723357,0.0,0.0,2.6241344697226348,9.544082707955995e-07,9.544082707955988e-07
0.02385,6618.994508447813,0.0,0.0,2.609898117270472,9.544432222296937e-07,9.54443222229693e-07
0.0239,6619.451010922385,0.0,0.0,2.5961314419336836,9.54476331652105e-07,9.544763316521046e-07
0.023950000000000003,6619.684537456913,0.0,0.0,2.5828415737541186,9.545163713186116e-07,9.54516371318611e-07
0.024,6620.100333907316,0.0,0.0,2.5700383361090293,9.545261306194446e-07,9.54526130619444e-07
0.024050000000000002,6620.3043377184,0.0,0.0,2.5577270583409453,9.545754700665229e-07,9.545754700665225e-07
0.0241,6620.647365166711,0.0,0.0,2.5459154815151352,9.54581426813345e-07,9.545814268133444e-07
0.02415,6620.857050515303,0.0,0.0,2.5346075870353215,9.546144714843625e-07,9.54614471484362e-07
0.024200000000000003,6621.09907333682,0.0,0.0,2.523808283789105,9.54633923850448e-07,9.546339238504474e-07
0.02425,6621.339987757327,0.0,0.0,2.513520629172982,9.546593381823842e-07,9.546593381823836e-07
0.024300000000000002,6621.486659233833,0.0,0.0,2.503746267141708,9.546701298206215e-07,9.546701298206209e-07
0.02435,6621.734045892631,0.0,0.0,2.4944871838062825,9.546937477512134e-07,9.546937477512128e-07
0.0244,6621.814820376918,0.0,0.0,2.4857420808623116,9.547065526169604e-07,9.547065526169597e-07
0.02445,6622.0447790669705,0.0,0.0,2.4775112859494692,9.547234081527621e-07,9.547234081527617e-07
0.0245,6622.094470652646,0.0,0.0,2.46979102370472,9.547338883374919e-07,9.547338883374914e-07
0.024550000000000002,6622.270395588361,0.0,0.0,2.4625793523064865,9.547442565797798e-07,9.547442565797794e-07
0.0246,6622.320178185896,0.0,0.0,2.455870660854147,9.547568414058793e-07,9.54756841405879e-07
0.024650000000000002,6622.420863561018,0.0,0.0,2.449660149072022,9.547560966959933e-07,9.54756096695993e-07
0.0247,6622.4848098042385,0.0,0.0,2.4439408014336292,9.547753279260572e-07,9.547753279260566e-07
0.02475,6622.516318145935,0.0,0.0,2.438704826648528,9.547712189013751e-07,9.547712189013745e-07
0.024800000000000003,6622.589914140078,0.0,0.0,2.433943814341542,9.54778912354173e-07,9.547789123541725e-07
0.02485,6622.559469538363,0.0,0.0,2.429647202459232,9.54781202086205e-07,9.547812020862044e-07
0.024900000000000002,6622.633678725661,0.0,0.0,2.4258051254501787,9.547884870171924e-07,9.54788487017192e-07
0.02495,6622.571462269489,0.0,0.0,2.422404599869914,9.54780646075027e-07,9.547806460750266e-07
0.025,6622.617262137773,0.0,0.0,2.419433973654939,9.547948303890675e-07,9.547948303890668e-07
0.025050000000000003,6622.556730144921,0.0,0.0,2.4168785752179764,9.54782812375948e-07,9.547828123759476e-07
0.0251,6622.248818663443,0.0,0.0,2.417434315824636,9.547809562866214e-07,9.547809562866208e-07
0.025150000000000002,6622.249700367708,0.0,0.0,2.4180793729992978,9.54766601167818e-07,9.547666011678176e-07
0.0252,6622.017613059579,0.0,0.0,2.4187045133381924,9.547545828992152e-07,9.547545828992148e-07
0.02525,6621.969419001897,0.0,0.0,2.419302364655029,9.547465387384198e-07,9.547465387384192e-07
0.0253,6621.8437990968,0.0,0.0,2.4198680081496957,9.547432016997829e-07,9.547432016997825e-07
0.02535,6621.73990536507,0.0,0.0,2.4204035760229425,9.547303588758509e-07,9.547303588758502e-07
0.025400000000000002,6621.703603336819,0.0,0.0,2.420909430502881,9.547286051275444e-07,9.54728605127544e-07
0.02545,6621.566579625132,0.0,0.0,2.42138650036194,9.547305870280953e-07,9.547305870280946e-07
0.025500000000000002,6621.5983914902645,0.0,0.0,2.4218366301547904,9.54722821255475e-07,9.547228212554743e-07
0.02555,6621.457027525746,0.0,0.0,2.4222594528914594,9.547235685656707e-07,9.5472356856567e-07
0.0256,6621.5017414667,0.0,0.0,2.422657711551458,9.547198712117484e-07,9.547198712117478e-07
0.025650000000000003,6621.39460471608,0.0,0.0,2.4230302000823944,9.54719225236515e-07,9.547192252365144e-07
0.0257,6621.416564159264,0.0,0.0,2.423379907304598,9.547167639357392e-07,9.547167639357386e-07
0.025750000000000002,6621.3635904146195,0.0,0.0,2.4237058882515896,9.547184694382975e-07,9.547184694382971e-07
0.0258,6621.353647121811,0.0,0.0,2.424010493287797,9.547159296757091e-07,9.547159296757085e-07
0.02585,6621.3516874276975,0.0,0.0,2.4242937514076752,9.547193240430826e-07,9.54719324043082e-07
0.025900000000000003,6621.321024923457,0.0,0.0,2.4245569467685826,9.547178231471638e-07,9.547178231471632e-07
0.02595,6621.346104541156,0.0,0.0,2.4248011794684485,9.547181377906606e-07,9.5471813779066e-07
0.026000000000000002,6621.306076196787,0.0,0.0,2.4250264881918464,9.547177534561517e-07,9.547177534561512e-07
0.02605,6621.334036133176,0.0,0.0,2.425234745064872,9.547179868677348e-07,9.547179868677342e-07
0.0261,6621.306189848327,0.0,0.0,2.4254253744867493,9.547180281687244e-07,9.547180281687238e-07
0.02615,6621.322619857729,0.0,0.0,2.425600718755854,9.547175486083872e-07,9.547175486083866e-07
0.0262,6621.312996028032,0.0,0.0,2.4257601184158784,9.547172473098522e-07,9.547172473098516e-07
0.026250000000000002,6621.317362674677,0.0,0.0,2.42590568916153,9.547159638979586e-07,9.54715963897958e-07
0.0263,6621.317706441272,0.0,0.0,2.426037252222144,9.54715423526386e-07,9.547154235263855e-07
0.026350000000000002,6621.317781634607,0.0,0.0,2.4261561218840746,9.54714924185647e-07,9.547149241856464e-07
0.0264,6621.313129868474,0.0,0.0,2.4262628747692108,9.547127720856514e-07,9.547127720856508e-07
0.02645,6621.3191694143525,0.0,0.0,2.4263579583120185,9.54712176007711e-07,9.547121760077106e-07
0.026500000000000003,6621.2994103535,0.0,0.0,2.426442668423585,9.547081678211449e-07,9.547081678211443e-07
0.02655,6621.314176928403,0.0,0.0,2.4265169041198793,9.547083018852116e-07,9.54708301885211e-07
0.026600000000000002,6621.280815219875,0.0,0.0,2.426582299706264,9.547007959712268e-07,9.547007959712262e-07
0.02665,6621.293881567048,0.0,0.0,2.426638587574498,9.546989982884098e-07,9.546989982884091e-07
0.0267,6621.259498750932,0.0,0.0,2.426687345282611,9.54694880482381e-07,9.546948804823806e-07
0.026750000000000003,6621.257848510648,0.0,0.0,2.426728414391526,9.546962055827953e-07,9.546962055827947e-07
0.0268,6621.241010775311,0.0,0.0,2.426762941884429,9.5468321821919e-07,9.546832182191893e-07
0.026850000000000002,6621.204115575053,0.0,0.0,2.4267912410042247,9.546859334259996e-07,9.54685933425999e-07
0.0269,6621.214288960654,0.0,0.0,2.4268139611804775,9.546759172086828e-07,9.546759172086822e-07
0.02695,6621.138806906396,0.0,0.0,2.4268318949806096,9.546684377635861e-07,9.546684377635855e-07
0.027,6621.164361356227,0.0,0.0,2.4268452637495455,9.546599098484516e-07,9.546599098484512e-07
0.02705,6621.063788019514,0.0,0.0,2.4268550852666895,9.54655160982314e-07,9.546551609823133e-07
0.027100000000000003,6621.088327231598,0.0,0.0,2.4268614082659754,9.546442059574436e-07,9.54644205957443e-07
0.02715,6620.99105292085,0.0,0.0,2.4268652053223048,9.546412962097413e-07,9.546412962097406e-07
0.027200000000000002,6620.988053600908,0.0,0.0,2.426866565770162,9.546302116751883e-07,9.546302116751877e-07
0.02725,6620.919959185595,0.0,0.0,2.4268662928209017,9.546174783564465e-07,9.54617478356446e-07
0.0273,6620.8621245845725,0.0,0.0,2.426864657813136,9.546175737722184e-07,9.546175737722177e-07
0.027350000000000003,6620.843542929313,0.0,0.0,2.426862212299699,9.5459677182304e-07,9.545967718230394e-07
0.0274,6620.720737445733,0.0,0.0,2.4268593950155717,9.545896971159685e-07,9.545896971159678e-07
0.027450000000000002,6620.738380507706,0.0,0.0,2.426856570282672,9.545770391815289e-07,9.545770391815284e-07
0.0275,6620.5796329124005,0.0,0.0,2.426854229540881,9.54574205668984e-07,9.545742056689833e-07
0.02755,6620.610723040458,0.0,0.0,2.4268526745731496,9.545527682126107e-07,9.545527682126103e-07
0.027600000000000003,6620.448221066958,0.0,0.0,2.4268523348810183,9.545530755843092e-07,9.545530755843086e-07
0.02765,6620.448581974023,0.0,0.0,2.4268535523388604,9.545234156873527e-07,9.54523415687352e-07
0.027700000000000002,6620.317463455483,0.0,0.0,2.4268566441161536,9.545235555282141e-07,9.545235555282137e-07
0.02775,6620.252823361932,0.0,0.0,2.4268619748923586,9.544998382879204e-07,9.544998382879198e-07
0.027800000000000002,6620.184287152542,0.0,0.0,2.4268697949920326,9.544919684018028e-07,9.544919684018022e-07
0.02785,6620.038454650008,0.0,0.0,2.4268804172687117,9.544709258594555e-07,9.54470925859455e-07
0.0279,6620.03528429265,0.0,0.0,2.4268941385885463,9.54470792691192e-07,9.544707926911914e-07
0.027950000000000003,6619.835687253679,0.0,0.0,2.4269111175083493,9.54446669111733e-07,9.544466691117324e-07
0.028,6619.862755616179,0.0,0.0,2.4269317851665826,9.544366572107018e-07,9.544366572107014e-07
0.028050000000000002,6619.643681337528,0.0,0.0,2.426956083184391,9.544215456460814e-07,9.544215456460808e-07
0.0281,6619.6569589483015,0.0,0.0,2.4269845609020115,9.544075466349094e-07,9.544075466349088e-07
0.02815,6619.469017116416,0.0,0.0,2.4270170295593485,9.543879249863863e-07,9.543879249863857e-07
0.028200000000000003,6619.4140989220095,0.0,0.0,2.4270540121193473,9.543719359997435e-07,9.54371935999743e-07
0.02825,6619.300925846178,0.0,0.0,2.427095360013319,9.543672168499298e-07,9.543672168499294e-07
0.028300000000000002,6619.164824290131,0.0,0.0,2.4271414257802597,9.543403938216162e-07,9.543403938216158e-07
0.02835,6619.130021365864,0.0,0.0,2.42719227432968,9.543348622349425e-07,9.54334862234942e-07
0.0284,6618.915239185125,0.0,0.0,2.4272479174241695,9.54309873068362e-07,9.543098730683615e-07
0.028450000000000003,6618.934558435835,0.0,0.0,2.42730870636187,9.543011954115542e-07,9.543011954115537e-07
0.0285,6618.679347743302,0.0,0.0,2.4273742527555315,9.542751452527488e-07,9.542751452527483e-07
0.028550000000000002,6618.704339985232,0.0,0.0,2.4274452239259925,9.542741560798934e-07,9.54274156079893e-07
0.0286,6618.472137835777,0.0,0.0,2.4275209850173023,9.54241946919093e-07,9.542419469190926e-07
0.028650000000000002,6618.448936796141,0.0,0.0,2.4276022774877903,9.542497224317666e-07,9.54249722431766e-07
0.0287,6618.297947289601,0.0,0.0,2.427688525882011,9.542211614369755e-07,9.542211614369749e-07
0.02875,6618.1872770340415,0.0,0.0,2.4277802189241853,9.542103665231314e-07,9.54210366523131e-07
0.028800000000000003,6618.12422210041,0.0,0.0,2.4278770735342716,9.541962077036517e-07,9.541962077036512e-07
0.02885,6617.930472258923,0.0,0.0,2.4279791069126824,9.541852985100582e-07,9.541852985100578e-07
0.028900000000000002,6617.940932344983,0.0,0.0,2.428086491863543,9.541590529222023e-07,9.541590529222018e-07
0.02895,6617.6855890054485,0.0,0.0,2.428198720492259,9.541550111872952e-07,9.541550111872947e-07
0.029,6617.730501303997,0.0,0.0,2.428316419371027,9.541392590423511e-07,9.541392590423507e-07
0.029050000000000003,6617.479622058958,0.0,0.0,2.4284386698555775,9.54120386736606e-07,9.541203867366056e-07
0.0291,6617.496009978351,0.0,0.0,2.4285663714540244,9.54123883829484e-07,9.541238838294833e-07
0.029150000000000002,6617.3137616553295,0.0,0.0,2.4286985176901954,9.540923463410615e-07,9.54092346341061e-07
0.0292,6617.24527196924,0.0,0.0,2.4288358011129647,9.540908382790456e-07,9.540908382790452e-07
0.02925,6617.157928624098,0.0,0.0,2.4289775340247024,9.540739571038945e-07,9.54073957103894e-07
0.029300000000000003,6617.005391892375,0.0,0.0,2.4291238988853547,9.540731002738419e-07,9.540731002738415e-07
0.02935,6617.008711418311,0.0,0.0,2.429274823726216,9.540433715178908e-07,9.540433715178901e-07
0.029400000000000003,6616.7881634911555,0.0,0.0,2.429429850606631,9.54061999211573e-07,9.540619992115725e-07
0.02945,6616.855542635633,0.0,0.0,2.429589511770551,9.540288446349587e-07,9.540288446349583e-07
0.029500000000000002,6616.618301431976,0.0,0.0,2.429752799229177,9.540367201897552e-07,9.540367201897548e-07
0.02955,6616.675018362763,0.0,0.0,2.4299205989224646,9.540108039252018e-07,9.540108039252014e-07
0.0296,6616.484431424117,0.0,0.0,2.430091624501429,9.540189064289977e-07,9.540189064289973e-07
0.029650000000000003,6616.479771129144,0.0,0.0,2.4302667893328405,9.539943682450672e-07,9.539943682450667e-07
0.0297,6616.378579600375,0.0,0.0,2.4304450307448824,9.540000347987358e-07,9.540000347987354e-07
0.029750000000000002,6616.284050095637,0.0,0.0,2.4306268032702065,9.539814015018895e-07,9.539814015018891e-07
0.0298,6616.285929384523,0.0,0.0,2.430811683547388,9.539875933406858e-07,9.539875933406854e-07
0.02985,6616.1195967186095,0.0,0.0,2.4309993972370854,9.539789150975845e-07,9.53978915097584e-07
0.029900000000000003,6616.198635715078,0.0,0.0,2.4311903026809,9.539746193078292e-07,9.539746193078288e-07
0.02995,6615.995429050387,0.0,0.0,2.4313834221173174,9.53968872593884e-07,9.539688725938836e-07
0.030000000000000002,6616.091310955032,0.0,0.0,2.4315795900865544,9.539651473035817e-07,9.539651473035813e-07
0.03005,6615.919232864689,0.0,0.0,2.431777466398763,9.539707800271228e-07,9.539707800271224e-07
0.030100000000000002,6615.977827730185,0.0,0.0,2.4319780896981884,9.539544713542082e-07,9.539544713542078e-07
0.03015,6615.881813627161,0.0,0.0,2.4321801823456406,9.539706758321257e-07,9.539706758321253e-07
0.0302,6615.868468248971,0.0,0.0,2.4323845031523987,9.53956862994399e-07,9.539568629943986e-07
0.030250000000000003,6615.873181264658,0.0,0.0,2.4325902686982444,9.539652725720538e-07,9.539652725720533e-07
0.0303,6615.772917408971,0.0,0.0,2.432797493062525,9.539541513725695e-07,9.539541513725693e-07
0.030350000000000002,6615.86547391632,0.0,0.0,2.433006218772578,9.53972149613122e-07,9.539721496131216e-07
0.0304,6615.715398717815,0.0,0.0,2.4332156433429666,9.539490912428483e-07,9.53949091242848e-07
0.03045,6615.842934543247,0.0,0.0,2.4334265389861534,9.53976301032005e-07,9.539763010320045e-07
0.030500000000000003,6615.705913990783,0.0,0.0,2.4336376085837363,9.539637092213431e-07,9.539637092213427e-07
0.03055,6615.818897423197,0.0,0.0,2.433849927849847,9.539753890396236e-07,9.539753890396232e-07
0.030600000000000002,6615.739622616964,0.0,0.0,2.4340621428599496,9.539790296939393e-07,9.539790296939389e-07
0.03065,6615.800867611592,0.0,0.0,2.434275221347193,9.539903303681546e-07,9.539903303681544e-07
0.0307,6615.811158466965,0.0,0.0,2.4344881437037524,9.539836886237004e-07,9.539836886237e-07
0.030750000000000003,6615.789879755435,0.0,0.0,2.4347012701900916,9.54001633149764e-07,9.540016331497637e-07
0.0308,6615.894803649587,0.0,0.0,2.434914322448614,9.54005241998225e-07,9.540052419982247e-07
0.030850000000000002,6615.813425635746,0.0,0.0,2.4351268525444296,9.540052839772237e-07,9.540052839772235e-07
0.0309,6615.970181667081,0.0,0.0,2.4353394310780723,9.540282140863054e-07,9.54028214086305e-07
0.030950000000000002,6615.882132460425,0.0,0.0,2.43555091249906,9.540237758859504e-07,9.5402377588595e-07
0.031,6616.041577272505,0.0,0.0,2.435762372521227,9.54043226776724e-07,9.540432267767235e-07
0.03105,6615.988335358118,0.0,0.0,2.4359724159913823,9.540426125122013e-07,9.54042612512201e-07
0.031100000000000003,6616.106580998441,0.0,0.0,2.436182095888368,9.540643890292258e-07,9.540643890292254e-07
0.03115,6616.125950870094,0.0,0.0,2.4363902615520128,9.540601951842394e-07,9.54060195184239e-07
0.031200000000000002,6616.180277153596,0.0,0.0,2.436597568888615,9.540947442764429e-07,9.540947442764424e-07
0.03125,6616.288370419796,0.0,0.0,2.4368035073151226,9.54082554294682e-07,9.540825542946816e-07
0.0313,6616.277474669697,0.0,0.0,2.437008008906118,9.541154501283272e-07,9.54115450128327e-07
0.03135,6616.4507540505,0.0,0.0,2.4372113357952987,9.5411688921094e-07,9.541168892109396e-07
0.031400000000000004,6616.418812092316,0.0,0.0,2.4374126662880164,9.541434789767796e-07,9.541434789767792e-07
0.03145,6616.609368772439,0.0,0.0,2.4376129402993385,9.541407883316969e-07,9.541407883316965e-07
0.0315,6616.589895173309,0.0,0.0,2.437810841867683,9.54169671982505e-07,9.541696719825045e-07
0.03155,6616.757441504482,0.0,0.0,2.438007493032105,9.541739995427293e-07,9.54173999542729e-07
0.0316,6616.79313792405,0.0,0.0,2.438201663186366,9.541949434678797e-07,9.541949434678793e-07
0.031650000000000005,6616.905095880598,0.0,0.0,2.4383941870697337,9.542077443431282e-07,9.542077443431278e-07
0.0317,6617.015225782281,0.0,0.0,2.4385843709918396,9.542260055646179e-07,9.542260055646174e-07
0.03175,6617.0690277949525,0.0,0.0,2.438772430816071,9.542406594676487e-07,9.542406594676483e-07
0.0318,6617.239112213395,0.0,0.0,2.4389583363506016,9.542554196318481e-07,9.542554196318477e-07
0.03185,6617.257401684242,0.0,0.0,2.4391415995287122,9.542794578731504e-07,9.5427945787315e-07
0.031900000000000005,6617.458436646162,0.0,0.0,2.4393228737124346,9.542844952812593e-07,9.542844952812589e-07
0.03195,6617.473685493725,0.0,0.0,2.439501107857172,9.54315862431432e-07,9.543158624314316e-07
0.032,6617.669890305096,0.0,0.0,2.439677388878907,9.543229995677334e-07,9.54322999567733e-07
0.03205,6617.721646784007,0.0,0.0,2.4398505029622966,9.543490853580978e-07,9.543490853580976e-07
0.032100000000000004,6617.874401839798,0.0,0.0,2.4400213991750075,9.543574071483374e-07,9.54357407148337e-07
0.032150000000000005,6617.985308568941,0.0,0.0,2.440189225496732,9.543896678146445e-07,9.543896678146443e-07
0.0322,6618.086515245188,0.0,0.0,2.4403544135994406,9.543893422523534e-07,9.54389342252353e-07
0.03225,6618.247445024764,0.0,0.0,2.4405167161637134,9.54423741856161e-07,9.544237418561605e-07
0.0323,6618.309039028844,0.0,0.0,2.4406759065128463,9.544287852604483e-07,9.544287852604479e-07
0.032350000000000004,6618.502034831117,0.0,0.0,2.4408323563917067,9.544541001388317e-07,9.544541001388313e-07
0.0324,6618.547526920837,0.0,0.0,2.4409853080435653,9.544685415888718e-07,9.544685415888713e-07
0.03245,6618.746697980694,0.0,0.0,2.441135628195975,9.544915015468918e-07,9.544915015468916e-07
0.0325,6618.80763064977,0.0,0.0,2.4412822492798205,9.545022408053306e-07,9.545022408053301e-07
0.03255,6618.978073274168,0.0,0.0,2.441426128395046,9.54527978170052e-07,9.545279781700516e-07
0.032600000000000004,6619.0811232276865,0.0,0.0,2.4415663302860113,9.545418575444523e-07,9.545418575444519e-07
0.03265,6619.206703136658,0.0,0.0,2.441703461106071,9.545567824284107e-07,9.545567824284103e-07
0.0327,6619.351494141705,0.0,0.0,2.4418370987528184,9.54582382890819e-07,9.545823828908186e-07
0.03275,6619.442109802961,0.0,0.0,2.441967283299947,9.54592000369937e-07,9.545920003699365e-07
0.0328,6619.614826999743,0.0,0.0,2.442094187545815,9.546138812299163e-07,9.546138812299159e-07
0.032850000000000004,6619.681267847146,0.0,0.0,2.442217293649548,9.54626668154223e-07,9.546266681542226e-07
0.0329,6619.863712607953,0.0,0.0,2.4423372277765774,9.546494508234532e-07,9.546494508234528e-07
0.03295,6619.929988563917,0.0,0.0,2.44245314463654,9.54655721382348e-07,9.546557213823476e-07
0.033,6620.093382365747,0.0,0.0,2.442565871187812,9.546825756835369e-07,9.546825756835365e-07
0.03305,6620.181974240885,0.0,0.0,2.4426745308613507,9.546875712746022e-07,9.546875712746018e-07
0.033100000000000004,6620.311838403418,0.0,0.0,2.442779821704824,9.547114908812977e-07,9.547114908812972e-07
0.03315,6620.428956395647,0.0,0.0,2.4428811930291445,9.547193669164855e-07,9.54719366916485e-07
0.0332,6620.525968278422,0.0,0.0,2.4429789207750106,9.547408622582956e-07,9.547408622582954e-07
0.03325,6620.666098209299,0.0,0.0,2.443072993708838,9.547485247139605e-07,9.5474852471396e-07
0.0333,6620.7386499201775,0.0,0.0,2.443163160695909,9.547680249421166e-07,9.547680249421162e-07
0.033350000000000005,6620.886511515564,0.0,0.0,2.4432498766739443,9.547766097765531e-07,9.547766097765527e-07
0.0334,6620.950038352559,0.0,0.0,2.443332529729539,9.547915660220803e-07,9.547915660220799e-07
0.03345,6621.0865948855235,0.0,0.0,2.4434118055953142,9.548029673532062e-07,9.548029673532058e-07
0.0335,6621.158146032976,0.0,0.0,2.443487016591678,9.548151343390728e-07,9.548151343390724e-07
0.03355,6621.270871082283,0.0,0.0,2.4435588472861034,9.548257402780457e-07,9.548257402780453e-07
0.033600000000000005,6621.355349598204,0.0,0.0,2.443626751106902,9.548351627304675e-07,9.54835162730467e-07
0.03365,6621.440761659992,0.0,0.0,2.4436911483234667,9.54847819014232e-07,9.548478190142315e-07
0.0337,6621.53807701443,0.0,0.0,2.443751872193636,9.548533288741357e-07,9.548533288741353e-07
0.03375,6621.6001169742385,0.0,0.0,2.4438089391442093,9.548662543721377e-07,9.548662543721373e-07
0.033800000000000004,6621.701350702088,0.0,0.0,2.4438626405374824,9.54870692428847e-07,9.548706924288466e-07
0.033850000000000005,6621.75061802249,0.0,0.0,2.443912617177637,9.548811580878305e-07,9.548811580878301e-07
0.0339,6621.843164836147,0.0,0.0,2.4439594369620146,9.548857290296518e-07,9.548857290296514e-07
0.03395,6621.891514122289,0.0,0.0,2.444002622944177,9.54895307672379e-07,9.548953076723785e-07
0.034,6621.967042587068,0.0,0.0,2.4440427966206526,9.548970630659381e-07,9.548970630659377e-07
0.034050000000000004,6622.0168381660915,0.0,0.0,2.4440795403004256,9.54905417774433e-07,9.549054177744325e-07
0.0341,6622.073265038525,0.0,0.0,2.444113329550714,9.54907485906776e-07,9.549074859067756e-07
0.03415,6622.124764772992,0.0,0.0,2.444143970749189,9.549121396943106e-07,9.549121396943104e-07
0.0342,6622.162589499752,0.0,0.0,2.444171665688085,9.549144210610788e-07,9.549144210610783e-07
0.03425,6622.211532414441,0.0,0.0,2.4441965616107066,9.5491722990884e-07,9.549172299088395e-07
0.034300000000000004,6622.237163508825,0.0,0.0,2.4442185559555933,9.54918269106318e-07,9.549182691063175e-07
0.03435,6622.276353102847,0.0,0.0,2.444238074628421,9.549193112283288e-07,9.549193112283283e-07
0.0344,6622.295316212999,0.0,0.0,2.4442548317294905,9.549194906570453e-07,9.549194906570449e-07
0.03445,6622.321172948165,0.0,0.0,2.4442693575131242,9.54918965835822e-07,9.549189658358217e-07
0.0345,6622.33466954684,0.0,0.0,2.4442813798275367,9.549174495637369e-07,9.549174495637365e-07
0.034550000000000004,6622.347319082837,0.0,0.0,2.4442913594538,9.549159871037402e-07,9.5491598710374e-07
0.0346,6622.353830250596,0.0,0.0,2.4442991664221103,9.549128346051497e-07,9.549128346051493e-07
0.03465,6622.3554814298,0.0,0.0,2.4443050858350004,9.549101508258558e-07,9.549101508258554e-07
0.0347,6622.351661175992,0.0,0.0,2.4443091987368573,9.549050111966885e-07,9.54905011196688e-07
0.03475,6622.3454573373165,0.0,0.0,2.4443115797215076,9.549022987993546e-07,9.549022987993541e-07
0.034800000000000005,6622.328871372163,0.0,0.0,2.4443125124514884,9.548940287181225e-07,9.54894028718122e-07
0.03485,6622.315826237615,0.0,0.0,2.4443119035987144,9.5489148208526e-07,9.548914820852596e-07
0.0349,6622.287345766102,0.0,0.0,2.4443101523151847,9.548817713332893e-07,9.548817713332888e-07
0.03495,6622.265818549976,0.0,0.0,2.4443071135978482,9.54877297198912e-07,9.548772971989116e-07
0.035,6622.228329950834,0.0,0.0,2.444303176018769,9.54866053781107e-07,9.548660537811066e-07
0.035050000000000005,6622.1942063375545,0.0,0.0,2.4442982743784394,9.548611134904569e-07,9.548611134904565e-07
0.0351,6622.152657687369,0.0,0.0,2.444292686360104,9.548481424841629e-07,9.548481424841626e-07
0.03515,6622.101817018685,0.0,0.0,2.4442864733789245,9.54841175908746e-07,9.548411759087458e-07
0.0352,6622.058953032019,0.0,0.0,2.4442797779467944,9.548289334692423e-07,9.548289334692418e-07
0.035250000000000004,6621.991074133208,0.0,0.0,2.4442727764234795,9.548183607725875e-07,9.54818360772587e-07
0.035300000000000005,6621.945210950832,0.0,0.0,2.4442655088256307,9.548064151359884e-07,9.54806415135988e-07
0.03535,6621.864142431701,0.0,0.0,2.4442582263340635,9.547946858300176e-07,9.547946858300172e-07
0.0354,6621.811645944587,0.0,0.0,2.444250909014383,9.547828233318402e-07,9.547828233318398e-07
0.03545,6621.723610387462,0.0,0.0,2.4442438149965926,9.547660000884098e-07,9.547660000884093e-07
0.035500000000000004,6621.656607732673,0.0,0.0,2.4442369412733242,9.54758773672722e-07,9.547587736727216e-07
0.03555,6621.57133247694,0.0,0.0,2.444230489085056,9.547374831392127e-07,9.547374831392123e-07
0.0356,6621.483627108274,0.0,0.0,2.4442245125274584,9.547296009208571e-07,9.547296009208567e-07
0.03565,6621.404242610291,0.0,0.0,2.444219138752805,9.54708587949541e-07,9.547085879495405e-07
0.0357,6621.296869106901,0.0,0.0,2.4442144685857157,9.547003441725357e-07,9.547003441725352e-07
0.035750000000000004,6621.221095199549,0.0,0.0,2.4442105804706546,9.546745840629397e-07,9.546745840629393e-07
0.0358,6621.097586189418,0.0,0.0,2.4442075910081007,9.546701714706022e-07,9.546701714706018e-07
0.03585,6621.02027574163,0.0,0.0,2.444205558815171,9.54640794553418e-07,9.546407945534176e-07
0.0359,6620.889437481249,0.0,0.0,2.4442045841663025,9.546346286260837e-07,9.546346286260835e-07
0.03595,6620.8005670428365,0.0,0.0,2.444204728816834,9.54609743452237e-07,9.546097434522366e-07
0.036000000000000004,6620.676017145688,0.0,0.0,2.444206060901418,9.545976950572869e-07,9.545976950572865e-07
0.03605,6620.564617766552,0.0,0.0,2.4442086492802466,9.545737738105813e-07,9.545737738105809e-07
0.0361,6620.453570518218,0.0,0.0,2.444212539906102,9.54563849018823e-07,9.545638490188227e-07
0.03615,6620.32048947429,0.0,0.0,2.4442177870739323,9.545380500082845e-07,9.54538050008284e-07
0.0362,6620.220438286771,0.0,0.0,2.444224441869653,9.545241916700572e-07,9.545241916700568e-07
0.036250000000000004,6620.070302574231,0.0,0.0,2.444232517824952,9.545063336396517e-07,9.545063336396515e-07
0.0363,6619.976699505383,0.0,0.0,2.4442420898140056,9.54483173074485e-07,9.544831730744847e-07
0.03635,6619.817803938525,0.0,0.0,2.4442531179946294,9.544702276078866e-07,9.544702276078861e-07
0.0364,6619.719318376984,0.0,0.0,2.4442657026765455,9.544467298659249e-07,9.544467298659244e-07
0.03645,6619.568006577221,0.0,0.0,2.444279763824433,9.54432321207342e-07,9.544323212073415e-07
0.036500000000000005,6619.449456544173,0.0,0.0,2.44429539951016,9.544060000560876e-07,9.544060000560872e-07
0.03655,6619.316342641901,0.0,0.0,2.444312526787619,9.54398358996445e-07,9.543983589964448e-07
0.0366,6619.175001792121,0.0,0.0,2.444331192323289,9.543652068390748e-07,9.543652068390743e-07
0.03665,6619.0600830374,0.0,0.0,2.4443513667388217,9.54360285166176e-07,9.543602851661755e-07
0.0367,6618.899650757056,0.0,0.0,2.4443730015843004,9.5432976028341e-07,9.543297602834097e-07
0.036750000000000005,6618.800291590331,0.0,0.0,2.4443961503794314,9.543225142591934e-07,9.54322514259193e-07
0.0368,6618.63016252524,0.0,0.0,2.444420667235805,9.54292316555829e-07,9.542923165558285e-07
0.03685,6618.532943861329,0.0,0.0,2.4444466650009717,9.542865581119812e-07,9.542865581119808e-07
0.0369,6618.370707410577,0.0,0.0,2.4444739383061767,9.54257438303193e-07,9.542574383031926e-07
0.036950000000000004,6618.2607961555,0.0,0.0,2.4445026123037974,9.542479533249717e-07,9.542479533249713e-07
0.037000000000000005,6618.1190280831415,0.0,0.0,2.444532479470761,9.54225793776945e-07,9.542257937769445e-07
0.03705,6617.989338114684,0.0,0.0,2.444563614566233,9.542105690817251e-07,9.542105690817247e-07
0.0371,6617.872158832232,0.0,0.0,2.444595876369556,9.541918002879465e-07,9.541918002879461e-07
0.03715,6617.721265149388,0.0,0.0,2.4446292144714294,9.541755781410605e-07,9.5417557814106e-07
0.037200000000000004,6617.628113443749,0.0,0.0,2.4446636216975346,9.541620071862679e-07,9.541620071862675e-07
0.03725,6617.465068710153,0.0,0.0,2.444698895106253,9.541381854683163e-07,9.541381854683159e-07
0.0373,6617.382055766216,0.0,0.0,2.44473515006467,9.541346241689097e-07,9.541346241689093e-07
0.03735,6617.224760162104,0.0,0.0,2.4447720858887885,9.541042740665816e-07,9.541042740665812e-07
0.0374,6617.135518418981,0.0,0.0,2.4448098540669845,9.541046665599393e-07,9.541046665599388e-07
0.037450000000000004,6616.9999782239265,0.0,0.0,2.4448481492993093,9.540777402757345e-07,9.54077740275734e-07
0.0375,6616.897422512013,0.0,0.0,2.4448870956340194,9.540774886228004e-07,9.540774886228e-07
0.03755,6616.788674217279,0.0,0.0,2.444926454766176,9.540462774311206e-07,9.540462774311204e-07
0.0376,6616.667105381414,0.0,0.0,2.444966226699859,9.54056171533179e-07,9.540561715331785e-07
0.03765,6616.590639354522,0.0,0.0,2.445006321608552,9.540210782299986e-07,9.540210782299981e-07
0.037700000000000004,6616.453394814709,0.0,0.0,2.4450465621506305,9.540280871007861e-07,9.540280871007857e-07
0.03775,6616.396375609784,0.0,0.0,2.4450870391952537,9.54003240273856e-07,9.540032402738555e-07
0.0378,6616.262524188689,0.0,0.0,2.4451274198444564,9.54002889038942e-07,9.540028890389416e-07
0.03785,6616.206132215704,0.0,0.0,2.4451678937562917,9.539818380745616e-07,9.539818380745612e-07
0.0379,6616.091433067712,0.0,0.0,2.4452080837984167,9.539852516255936e-07,9.539852516255932e-07
0.037950000000000005,6616.0271035424375,0.0,0.0,2.445248172938265,9.53964385117253e-07,9.539643851172526e-07
0.038,6615.9390505654355,0.0,0.0,2.4452878560528175,9.539626481926792e-07,9.539626481926787e-07
0.03805,6615.859344071608,0.0,0.0,2.445327209210976,9.539561941935492e-07,9.539561941935487e-07
0.0381,6615.806571280736,0.0,0.0,2.4453660760486033,9.539437826832806e-07,9.539437826832802e-07
0.03815,6615.71070007243,0.0,0.0,2.4454043621622747,9.539445093436602e-07,9.539445093436598e-07
0.038200000000000005,6615.684991987621,0.0,0.0,2.4454421127684354,9.539325960573106e-07,9.5393259605731e-07
0.03825,6615.589145096119,0.0,0.0,2.445479053391925,9.539360791294035e-07,9.53936079129403e-07
0.0383,6615.574040149254,0.0,0.0,2.445515395621822,9.53920952502693e-07,9.539209525026925e-07
0.03835,6615.493368074671,0.0,0.0,2.445550757801196,9.539325161228228e-07,9.539325161228224e-07
0.038400000000000004,6615.475167714494,0.0,0.0,2.445585400027738,9.539113520800245e-07,9.539113520800238e-07
0.038450000000000005,6615.420064190818,0.0,0.0,2.4456189730134534,9.539279818356872e-07,9.539279818356868e-07
0.0385,6615.390238446079,0.0,0.0,2.4456516506072146,9.539098725952737e-07,9.53909872595273e-07
0.03855,6615.369179751748,0.0,0.0,2.445683245493015,9.539241947439581e-07,9.539241947439577e-07
0.0386,6615.323726659131,0.0,0.0,2.4457137593356,9.539087108248298e-07,9.539087108248294e-07
0.038650000000000004,6615.3328308543205,0.0,0.0,2.4457432029320736,9.539255401279365e-07,9.53925540127936e-07
0.038700000000000005,6615.283656264805,0.0,0.0,2.445771405654186,9.539123369584048e-07,9.539123369584044e-07
0.03875,6615.309619955995,0.0,0.0,2.445798569291264,9.5392600704784e-07,9.539260070478397e-07
0.0388,6615.270716978942,0.0,0.0,2.4458243817516747,9.53922455638487e-07,9.539224556384866e-07
0.03885,6615.301343088398,0.0,0.0,2.4458491694131412,9.539292830533128e-07,9.539292830533124e-07
0.038900000000000004,6615.283751472569,0.0,0.0,2.4458725870370635,9.539312981043031e-07,9.539312981043027e-07
0.03895,6615.306358554953,0.0,0.0,2.4458949242207884,9.539384541050556e-07,9.53938454105055e-07
0.039,6615.322653452549,0.0,0.0,2.4459159727795834,9.539455047668522e-07,9.539455047668517e-07
0.03905,6615.330417285459,0.0,0.0,2.445935859851277,9.539441458390472e-07,9.539441458390467e-07
0.0391,6615.37648572828,0.0,0.0,2.44595458563427,9.539640064570827e-07,9.539640064570822e-07
0.039150000000000004,6615.378694647811,0.0,0.0,2.4459720834871406,9.539562976747522e-07,9.539562976747518e-07
0.0392,6615.443683327556,0.0,0.0,2.445988545270613,9.539784561893575e-07,9.53978456189357e-07
0.03925,6615.449248690455,0.0,0.0,2.446003757420279,9.539743679162489e-07,9.539743679162484e-07
0.0393,6615.524676121375,0.0,0.0,2.4460180637287285,9.539981346116354e-07,9.53998134611635e-07
0.03935,6615.545227819478,0.0,0.0,2.446031172479267,9.53990141574436e-07,9.539901415744355e-07
0.039400000000000004,6615.61626352443,0.0,0.0,2.446043464689942,9.54022085703676e-07,9.540220857036756e-07
0.03945,6615.665923922908,0.0,0.0,2.4460547120055174,9.540121162918134e-07,9.540121162918132e-07
0.0395,6615.723853512169,0.0,0.0,2.4460651741002555,9.54041961137075e-07,9.540419611370747e-07
0.03955,6615.803049500068,0.0,0.0,2.4460748248251964,9.540410268515195e-07,9.540410268515193e-07
0.0396,6615.853257529582,0.0,0.0,2.4460837240402684,9.540642182665e-07,9.540642182664996e-07
0.039650000000000005,6615.952250298171,0.0,0.0,2.4460920482588433,9.540670417205604e-07,9.5406704172056e-07
0.0397,6616.001707930834,0.0,0.0,2.4460996760658844,9.540916426744685e-07,9.54091642674468e-07
0.03975,6616.112995325016,0.0,0.0,2.446106943992673,9.540961567340262e-07,9.540961567340258e-07
0.0398,6616.170202715491,0.0,0.0,2.446113629322458,9.54116060716915e-07,9.541160607169146e-07
0.039850000000000003,6616.281232395077,0.0,0.0,2.446120132916823,9.541311003366158e-07,9.541311003366154e-07
0.039900000000000005,6616.358706296241,0.0,0.0,2.4461262322700064,9.541412886275616e-07,9.541412886275612e-07
0.03995,6616.457773511839,0.0,0.0,2.446132264664833,9.541638907365337e-07,9.541638907365333e-07
0.04,6616.560884118305,0.0,0.0,2.446138138120593,9.541736449449222e-07,9.541736449449218e-07
0.04005,6616.6502387215,0.0,0.0,2.4461440288404717,9.541970006412908e-07,9.541970006412904e-07
0.040100000000000004,6616.771879788696,0.0,0.0,2.4461500498664477,9.542038088772711e-07,9.542038088772707e-07
0.040150000000000005,6616.856826992023,0.0,0.0,2.4461561640606337,9.54234824606785e-07,9.542348246067846e-07
0.0402,6616.9918153354665,0.0,0.0,2.446162663576223,9.542362975628313e-07,9.54236297562831e-07
0.04025,6617.078516884014,0.0,0.0,2.4461693762593626,9.542688609984731e-07,9.542688609984727e-07
0.0403,6617.214817940098,0.0,0.0,2.4461766695372185,9.542729002953344e-07,9.54272900295334e-07
0.040350000000000004,6617.314854532007,0.0,0.0,2.4461843358781263,9.543035904130254e-07,9.54303590413025e-07
0.040400000000000005,6617.441985630055,0.0,0.0,2.4461927099041834,9.543080118025333e-07,9.543080118025329e-07
0.04045,6617.559102748975,0.0,0.0,2.4462016454242934,9.543392952928803e-07,9.5433929529288e-07
0.0405,6617.675597139448,0.0,0.0,2.4462113571689392,9.543453633134046e-07,9.543453633134041e-07
0.04055,6617.808024041719,0.0,0.0,2.446221843618212,9.54372436491649e-07,9.543724364916485e-07
0.040600000000000004,6617.915537948183,0.0,0.0,2.446233130769945,9.543849083064292e-07,9.543849083064288e-07
0.04065,6618.059551893029,0.0,0.0,2.4462454017324347,9.544070193152871e-07,9.544070193152867e-07
0.0407,6618.163727413253,0.0,0.0,2.4462585013282117,9.544220264931415e-07,9.54422026493141e-07
0.04075,6618.30885953574,0.0,0.0,2.4462727201301573,9.54442338906934e-07,9.544423389069336e-07
0.0408,6618.41971120278,0.0,0.0,2.4462878381221005,9.544610936856502e-07,9.544610936856498e-07
0.040850000000000004,6618.557685740312,0.0,0.0,2.446304132534721,9.544755093453761e-07,9.544755093453757e-07
0.0409,6618.67887109224,0.0,0.0,2.4463214152456247,9.545000593894795e-07,9.545000593894791e-07
0.04095,6618.806367532378,0.0,0.0,2.4463398734092436,9.545093724197883e-07,9.545093724197879e-07
0.041,6618.937113803615,0.0,0.0,2.446359401587261,9.545353580459927e-07,9.545353580459923e-07
0.04105,6619.053949760967,0.0,0.0,2.4463800361229566,9.545452702419552e-07,9.545452702419548e-07
0.041100000000000005,6619.1929586371525,0.0,0.0,2.4464018235180442,9.54570099085361e-07,9.545700990853606e-07
0.04115,6619.301036353009,0.0,0.0,2.4464246246062418,9.54577358764033e-07,9.545773587640326e-07
0.0412,6619.440437803411,0.0,0.0,2.446448608005564,9.546053179645205e-07,9.5460531796452e-07
0.04125,6619.548767917,0.0,0.0,2.4464735252109175,9.54610446680685e-07,9.546104466806845e-07
0.0413,6619.680322608611,0.0,0.0,2.4464995784099184,9.546359020317186e-07,9.546359020317181e-07
0.041350000000000005,6619.79280212932,0.0,0.0,2.446526524122232,9.546449735105029e-07,9.546449735105024e-07
0.0414,6619.914450859594,0.0,0.0,2.446554501762632,9.54665423606947e-07,9.546654236069465e-07
0.04145,6620.030571746981,0.0,0.0,2.4465833366609004,9.546756067261103e-07,9.546756067261099e-07
0.0415,6620.140817246119,0.0,0.0,2.4466130499948755,9.546954515631724e-07,9.54695451563172e-07
0.041550000000000004,6620.261134799675,0.0,0.0,2.4466435802723474,9.547054784982988e-07,9.547054784982984e-07
0.041600000000000005,6620.3602698904515,0.0,0.0,2.446674814333335,9.547210555851123e-07,9.54721055585112e-07
0.04165,6620.47915134125,0.0,0.0,2.446706806961277,9.547350347071624e-07,9.54735034707162e-07
0.0417,6620.573212861451,0.0,0.0,2.446739326031073,9.54745707644159e-07,9.547457076441586e-07
0.04175,6620.684317895316,0.0,0.0,2.446772492550095,9.547606830478304e-07,9.5476068304783e-07
0.041800000000000004,6620.776202104744,0.0,0.0,2.446806040173033,9.54769573588562e-07,9.547695735885615e-07
0.041850000000000005,6620.877156115995,0.0,0.0,2.4468379545701695,9.54784319595673e-07,9.547843195956727e-07
0.0419,6620.968203116585,0.0,0.0,2.4468680254006263,9.547909167402429e-07,9.547909167402425e-07
0.04195,6621.057133549377,0.0,0.0,2.446899029981279,9.54806164549308e-07,9.548061645493075e-07
0.042,6621.146867196031,0.0,0.0,2.44693114069073,9.548104295415897e-07,9.548104295415892e-07
0.042050000000000004,6621.224153692383,0.0,0.0,2.4469640936457697,9.548246754079048e-07,9.548246754079044e-07
0.042100000000000005,6621.309870289338,0.0,0.0,2.4469980544084504,9.54828681935688e-07,9.548286819356876e-07
0.04215,6621.378682446991,0.0,0.0,2.447032669325072,9.548405457167391e-07,9.548405457167387e-07
0.0422,6621.456220398118,0.0,0.0,2.447068106542469,9.548440361224416e-07,9.548440361224412e-07
0.04225,6621.518655830929,0.0,0.0,2.4471040194769076,9.548540468595522e-07,9.548540468595518e-07
0.042300000000000004,6621.585907907446,0.0,0.0,2.4471405067247227,9.548571074416048e-07,9.548571074416043e-07
0.04235,6621.642793983209,0.0,0.0,2.4471773628353795,9.54864472594541e-07,9.548644725945405e-07
0.0424,6621.698532299406,0.0,0.0,2.4472145445006572,9.548678441760446e-07,9.548678441760441e-07
0.04245,6621.750016460615,0.0,0.0,2.4472520028548326,9.548725284979989e-07,9.548725284979984e-07
0.0425,6621.794251471717,0.0,0.0,2.4472895458987596,9.548753495218382e-07,9.548753495218377e-07
0.042550000000000004,6621.838593626332,0.0,0.0,2.4473272462287645,9.548782978609553e-07,9.548782978609549e-07
0.0426,6621.873375369437,0.0,0.0,2.4473648190291657,9.548802275879282e-07,9.548802275879278e-07
0.04265,6621.90849173436,0.0,0.0,2.44740236892948,9.548813435249266e-07,9.548813435249264e-07
0.0427,6621.934685769486,0.0,0.0,2.447439626471993,9.548821457475126e-07,9.548821457475122e-07
0.04275,6621.959837133969,0.0,0.0,2.4474766865134754,9.548820860401538e-07,9.548820860401534e-07
0.042800000000000005,6621.977805282241,0.0,0.0,2.447513348027278,9.548811408501773e-07,9.548811408501769e-07
0.04285,6621.992457811778,0.0,0.0,2.4475496082237735,9.548801217453377e-07,9.548801217453375e-07
0.0429,6622.002009125693,0.0,0.0,2.4475853736257243,9.548773112697348e-07,9.548773112697344e-07
0.04295,6622.006746594691,0.0,0.0,2.4476205272863565,9.548757832772547e-07,9.548757832772543e-07
0.043000000000000003,6622.006837877558,0.0,0.0,2.4476550752338206,9.548705200362822e-07,9.548705200362818e-07
0.043050000000000005,6622.002535901246,0.0,0.0,2.4476888227748868,9.54868619273725e-07,9.548686192737246e-07
0.0431,6621.992599567198,0.0,0.0,2.4477218349731036,9.548616176081618e-07,9.548616176081616e-07
0.04315,6621.979612750588,0.0,0.0,2.4477539139080116,9.548582042309124e-07,9.54858204230912e-07
0.0432,6621.959634625634,0.0,0.0,2.447785116687078,9.54850313295074e-07,9.548503132950735e-07
0.043250000000000004,6621.937802818183,0.0,0.0,2.4478152771266655,9.54845556906759e-07,9.548455569067585e-07
0.043300000000000005,6621.908669001129,0.0,0.0,2.447844406739902,9.548361077992634e-07,9.54836107799263e-07
0.04335,6621.876839219563,0.0,0.0,2.447872406244199,9.548300608276257e-07,9.548300608276252e-07
0.0434,6621.84006933624,0.0,0.0,2.4478992155208448,9.548203928574201e-07,9.548203928574197e-07
0.04345,6621.797354261114,0.0,0.0,2.447924809894057,9.54810994879224e-07,9.548109948792236e-07
0.043500000000000004,6621.753544935378,0.0,0.0,2.4479490866516684,9.548029123926548e-07,9.548029123926543e-07
0.043550000000000005,6621.700493474903,0.0,0.0,2.4479720691040567,9.547902408677788e-07,9.547902408677784e-07
0.0436,6621.649449519303,0.0,0.0,2.4479936314339885,9.547820966920073e-07,9.547820966920069e-07
0.04365,6621.586617268258,0.0,0.0,2.4480138020175133,9.547674476816302e-07,9.547674476816298e-07
0.0437,6621.528150934091,0.0,0.0,2.4480324738131594,9.547604890057267e-07,9.547604890057262e-07
0.043750000000000004,6621.4576709999565,0.0,0.0,2.4480496526749915,9.5474149370439e-07,9.547414937043896e-07
0.0438,6621.389457463318,0.0,0.0,2.44806526894767,9.547364699627931e-07,9.547364699627927e-07
0.04385,6621.314119691034,0.0,0.0,2.448079302683849,9.547151269405242e-07,9.547151269405237e-07
0.0439,6621.235244204455,0.0,0.0,2.4480917256619965,9.54709323703341e-07,9.547093237033406e-07
0.04395,6621.155648424989,0.0,0.0,2.44810249634129,9.546868884427276e-07,9.546868884427272e-07
0.044000000000000004,6621.066627887528,0.0,0.0,2.4481116088920647,9.546812225895326e-07,9.546812225895322e-07
0.04405,6620.9831561206465,0.0,0.0,2.448119017740777,9.546567212931327e-07,9.546567212931322e-07
0.0441,6620.884733665792,0.0,0.0,2.448124724194203,9.54650266319995e-07,9.546502663199948e-07
0.04415,6620.796479904096,0.0,0.0,2.4481286938931697,9.546271642550389e-07,9.546271642550384e-07
0.0442,6620.692186286492,0.0,0.0,2.4481309232638457,9.546167981063057e-07,9.546167981063053e-07
0.044250000000000005,6620.595990398193,0.0,0.0,2.4481313966239315,9.545957849747832e-07,9.545957849747828e-07
0.0443,6620.489371870635,0.0,0.0,2.448130106626657,9.545833623435355e-07,9.54583362343535e-07
0.04435,6620.384460915936,0.0,0.0,2.4481270476401376,9.545634838413709e-07,9.545634838413705e-07
0.0444,6620.276938155209,0.0,0.0,2.4481222191920735,9.545475983946886e-07,9.545475983946881e-07
0.04445,6620.1631847880835,0.0,0.0,2.4481156158658517,9.545318457927912e-07,9.545318457927908e-07
0.044500000000000005,6620.055732942659,0.0,0.0,2.4481072550136482,9.54510136404955e-07,9.545101364049547e-07
0.04455,6619.933928287349,0.0,0.0,2.4480971226183583,9.54499069806518e-07,9.544990698065175e-07
0.0446,6619.826145986788,0.0,0.0,2.448085257403153,9.54474178573522e-07,9.544741785735216e-07
0.04465,6619.699666795762,0.0,0.0,2.4480716383244068,9.544633549359e-07,9.544633549358996e-07
0.044700000000000004,6619.587101294172,0.0,0.0,2.448056311986171,9.54437459127447e-07,9.544374591274467e-07
0.044750000000000005,6619.46139890146,0.0,0.0,2.448039268907822,9.544297665784e-07,9.544297665783997e-07
0.0448,6619.342421631066,0.0,0.0,2.448020547417504,9.543991099007752e-07,9.543991099007748e-07
0.04485,6619.218620516368,0.0,0.0,2.4480001666849582,9.543944493868696e-07,9.543944493868692e-07
0.0449,6619.093730755164,0.0,0.0,2.447978141844733,9.54364496453901e-07,9.543644964539005e-07
0.044950000000000004,6618.973670758949,0.0,0.0,2.4479545323306167,9.54356097250777e-07,9.543560972507766e-07
0.045000000000000005,6618.84214131469,0.0,0.0,2.44792932399766,9.543304846748173e-07,9.54330484674817e-07
0.04505,6618.726849207957,0.0,0.0,2.447902608909573,9.543207043029634e-07,9.54320704302963e-07
0.0451,6618.592615425202,0.0,0.0,2.4478743538826344,9.542949271667395e-07,9.542949271667391e-07
0.04515,6618.4767654022435,0.0,0.0,2.4478446705169707,9.54284084520745e-07,9.542840845207446e-07
0.045200000000000004,6618.345834591784,0.0,0.0,2.4478135376942074,9.54263874075703e-07,9.542638740757027e-07
0.045250000000000005,6618.227433771229,0.0,0.0,2.4477810480948197,9.542457668879263e-07,9.54245766887926e-07
0.0453,6618.101432893793,0.0,0.0,2.4477472220505923,9.542327342730297e-07,9.542327342730293e-07
0.04535,6617.979593833917,0.0,0.0,2.4477121081050086,9.54210493450486e-07,9.542104934504857e-07
0.0454,6617.861289819718,0.0,0.0,2.4476757809327268,9.542011625555303e-07,9.542011625555298e-07
0.045450000000000004,6617.735114482053,0.0,0.0,2.4476382339624134,9.541759259827752e-07,9.541759259827748e-07
0.0455,6617.624983166058,0.0,0.0,2.447599598957286,9.541721506869404e-07,9.5417215068694e-07
0.04555,6617.4977962590065,0.0,0.0,2.4475598382261756,9.54141853151718e-07,9.541418531517176e-07
0.0456,6617.392356530736,0.0,0.0,2.4475191094085127,9.541438760184143e-07,9.541438760184139e-07
0.04565,6617.269844677433,0.0,0.0,2.4474773740121125,9.541117065271956e-07,9.541117065271952e-07
0.045700000000000005,6617.165888057144,0.0,0.0,2.44743478072081,9.54114782250331e-07,9.541147822503306e-07
0.04575,6617.051194289991,0.0,0.0,2.447391328899359,9.540838674491025e-07,9.54083867449102e-07
0.0458,6616.947241627426,0.0,0.0,2.4473471112043637,9.540882135731432e-07,9.540882135731427e-07
0.04585,6616.84349917497,0.0,0.0,2.4473021953608365,9.540572910730414e-07,9.540572910730408e-07
0.0459,6616.737576096472,0.0,0.0,2.447256601042657,9.540619313054593e-07,9.54061931305459e-07
0.045950000000000005,6616.646146528749,0.0,0.0,2.447210476547414,9.540355685432166e-07,9.54035568543216e-07
0.046,6616.540516610203,0.0,0.0,2.4471637836368236,9.540347823679105e-07,9.5403478236791e-07
0.04605,6616.457303983152,0.0,0.0,2.447116707912522,9.540159041651367e-07,9.540159041651363e-07
0.0461,6616.357808838775,0.0,0.0,2.4470691936052895,9.540123921894626e-07,9.540123921894622e-07
0.046150000000000004,6616.280255690549,0.0,0.0,2.4470214235678354,9.539967698721508e-07,9.539967698721504e-07
0.046200000000000005,6616.188671012602,0.0,0.0,2.4469733642648537,9.539901824308393e-07,9.539901824308387e-07
0.04625,6616.1151371281685,0.0,0.0,2.44692515424291,9.539841073630937e-07,9.539841073630931e-07
0.0463,6616.036877737105,0.0,0.0,2.4468768341289757,9.539689698276269e-07,9.539689698276264e-07
0.04635,6615.9629890470815,0.0,0.0,2.446828462250358,9.539713280966455e-07,9.539713280966448e-07
0.046400000000000004,6615.900234328086,0.0,0.0,2.4467801674551612,9.53954455790285e-07,9.539544557902847e-07
0.046450000000000005,6615.828824650604,0.0,0.0,2.4467319229684152,9.539590422688683e-07,9.539590422688677e-07
0.0465,6615.7772852190365,0.0,0.0,2.4466839235574884,9.539409923085467e-07,9.53940992308546e-07
0.04655,6615.71235237157,0.0,0.0,2.446636102135738,9.539516542897857e-07,9.53951654289785e-07
0.0466,6615.670138685645,0.0,0.0,2.44658865587584,9.539295647046715e-07,9.539295647046708e-07
0.046650000000000004,6615.613614750011,0.0,0.0,2.4465415276514157,9.539442930668296e-07,9.53944293066829e-07
0.046700000000000005,6615.578195703673,0.0,0.0,2.446494887182618,9.539247481775174e-07,9.539247481775168e-07
0.04675,6615.534631759699,0.0,0.0,2.446448735822732,9.539365297011776e-07,9.53936529701177e-07
0.0468,6615.501489635587,0.0,0.0,2.4464031593039413,9.539228869730893e-07,9.539228869730887e-07
0.04685,6615.474301191369,0.0,0.0,2.446358246898027,9.539333789174828e-07,9.539333789174822e-07
0.046900000000000004,6615.444050014181,0.0,0.0,2.4463139910569898,9.53922617970297e-07,9.539226179702964e-07
0.046950000000000006,6615.430660312258,0.0,0.0,2.4462705602641392,9.539319845118542e-07,9.539319845118536e-07
0.047,6615.407111735964,0.0,0.0,2.446227883073427,9.539279543153936e-07,9.53927954315393e-07
0.04705,6615.404568991281,0.0,0.0,2.446186165701775,9.539304181472568e-07,9.539304181472561e-07
0.0471,6615.3897038242485,0.0,0.0,2.4461453293103603,9.53936735710784e-07,9.539367357107833e-07
0.047150000000000004,6615.396586858869,0.0,0.0,2.4461055536554968,9.539340822650437e-07,9.53934082265043e-07
0.0472,6615.393554522679,0.0,0.0,2.4460668041225953,9.539448770581443e-07,9.539448770581437e-07
0.04725,6615.404213626458,0.0,0.0,2.4460291850006226,9.539404007397493e-07,9.539404007397485e-07
0.0473,6615.41729633067,0.0,0.0,2.445992740841429,9.539582355781513e-07,9.539582355781507e-07
0.04735,6615.431341322425,0.0,0.0,2.4459574793700773,9.53947841619926e-07,9.539478416199253e-07
0.047400000000000005,6615.457895854903,0.0,0.0,2.44592352839574,9.539722618126603e-07,9.539722618126597e-07
0.04745,6615.477749014181,0.0,0.0,2.4458908190088224,9.53961412426105e-07,9.539614124261045e-07
0.0475,6615.516540803768,0.0,0.0,2.4458595380417285,9.539865271048146e-07,9.53986527104814e-07
0.04755,6615.543146569054,0.0,0.0,2.4458295791422184,9.539774040238676e-07,9.53977404023867e-07
0.0476,6615.591677766564,0.0,0.0,2.4458011263339747,9.54004642158323e-07,9.540046421583223e-07
0.047650000000000005,6615.629441027787,0.0,0.0,2.445774100850611,9.539958424323502e-07,9.539958424323494e-07
0.0477,6615.682348859735,0.0,0.0,2.4457486190862365,9.540225036289437e-07,9.54022503628943e-07
0.04775,6615.734137992704,0.0,0.0,2.4457246788171827,9.540198538388286e-07,9.54019853838828e-07
0.0478,6615.790912948281,0.0,0.0,2.4457023058603022,9.540412533059575e-07,9.540412533059567e-07
0.047850000000000004,6615.855166442864,0.0,0.0,2.4456815832909555,9.540448585949487e-07,9.54044858594948e-07
0.047900000000000005,6615.915952970053,0.0,0.0,2.4456624514903154,9.540634613377178e-07,9.540634613377171e-07
0.04795,6615.992157059866,0.0,0.0,2.4456450523896422,9.540718195943036e-07,9.54071819594303e-07
0.048,6616.0575013423395,0.0,0.0,2.4456292651968248,9.540862921919022e-07,9.540862921919016e-07
0.04805,6616.142867312865,0.0,0.0,2.44561526156585,9.54102335720851e-07,9.541023357208502e-07
0.048100000000000004,6616.215946776698,0.0,0.0,2.445602918712879,9.54109926160052e-07,9.541099261600514e-07
0.048150000000000005,6616.305614536098,0.0,0.0,2.4455923587672377,9.541337371467163e-07,9.541337371467156e-07
0.0482,6616.390233505668,0.0,0.0,2.4455835243976596,9.541383359459888e-07,9.541383359459881e-07
0.04825,6616.482234946693,0.0,0.0,2.4455764588913893,9.54164129144716e-07,9.541641291447153e-07
0.0483,6616.576795713066,0.0,0.0,2.4455711868309704,9.541680808028093e-07,9.541680808028085e-07
0.048350000000000004,6616.67188441776,0.0,0.0,2.4455676598227387,9.54197999650823e-07,9.541979996508224e-07
0.048400000000000006,6616.776190205049,0.0,0.0,2.4455659696138263,9.541982607367187e-07,9.54198260736718e-07
0.04845,6616.872949909134,0.0,0.0,2.445566001531654,9.542312086386546e-07,9.54231208638654e-07
0.0485,6616.985720628649,0.0,0.0,2.445567886466352,9.542330742287061e-07,9.542330742287055e-07
0.04855,6617.08653848167,0.0,0.0,2.44557148428311,9.54262488913283e-07,9.542624889132824e-07
0.048600000000000004,6617.202235020306,0.0,0.0,2.4455769118592388,9.542688901452824e-07,9.542688901452817e-07
0.048650000000000006,6617.310705677465,0.0,0.0,2.4455840641244193,9.542966742830023e-07,9.542966742830015e-07
0.0487,6617.427403058465,0.0,0.0,2.4455929880362044,9.543042687462478e-07,9.543042687462472e-07
0.04875,6617.542044851053,0.0,0.0,2.445603647699602,9.543298611840085e-07,9.543298611840079e-07
0.0488,6617.659401444411,0.0,0.0,2.445616006475032,9.543429436789064e-07,9.543429436789055e-07
0.048850000000000005,6617.7807760167425,0.0,0.0,2.445630101771528,9.543623751757423e-07,9.543623751757417e-07
0.0489,6617.897261141014,0.0,0.0,2.4456458249565034,9.543811838352344e-07,9.543811838352337e-07
0.04895,6618.023967490021,0.0,0.0,2.4456632608526485,9.543967687616034e-07,9.543967687616025e-07
0.049,6618.141362994564,0.0,0.0,2.4456822689725186,9.54418659113611e-07,9.544186591136104e-07
0.04905,6618.269625667795,0.0,0.0,2.4457029368687553,9.54431125199695e-07,9.544311251996944e-07
0.049100000000000005,6618.389846098725,0.0,0.0,2.445725135974818,9.544566479378348e-07,9.54456647937834e-07
0.04915,6618.517277262565,0.0,0.0,2.4457489091081426,9.544651291210865e-07,9.544651291210859e-07
0.0492,6618.640279003003,0.0,0.0,2.4457741749360795,9.544934496249693e-07,9.544934496249684e-07
0.04925,6618.765734856924,0.0,0.0,2.445800905670087,9.545003995043401e-07,9.545003995043395e-07
0.049300000000000004,6618.8913905411955,0.0,0.0,2.4458290896959602,9.545282637818506e-07,9.545282637818498e-07
0.049350000000000005,6619.013422926807,0.0,0.0,2.4458586242771125,9.545354946515557e-07,9.54535494651555e-07
0.0494,6619.14096596042,0.0,0.0,2.4458895536373984,9.545627843032791e-07,9.545627843032785e-07
0.04945,6619.260390093206,0.0,0.0,2.445921733145223,9.545697264004315e-07,9.545697264004308e-07
0.0495,6619.386708427548,0.0,0.0,2.4459552160029268,9.545955074182056e-07,9.54595507418205e-07
0.049550000000000004,6619.505188125926,0.0,0.0,2.445989860442145,9.54604677518478e-07,9.546046775184774e-07
0.049600000000000005,6619.628363398217,0.0,0.0,2.4460256977460455,9.54626011182822e-07,9.546260111828214e-07
0.04965,6619.745427944129,0.0,0.0,2.446062617882657,9.546382471015426e-07,9.54638247101542e-07
0.0497,6619.86456701572,0.0,0.0,2.446100600155324,9.54656593811224e-07,9.546565938112233e-07
0.04975,6619.980744246324,0.0,0.0,2.446139591525852,9.54669800563795e-07,9.546698005637943e-07
0.049800000000000004,6620.093585757362,0.0,0.0,2.446179504763004,9.54684920199214e-07,9.546849201992133e-07
0.049850000000000005,6620.2083922315815,0.0,0.0,2.4462203443376356,9.547011163205564e-07,9.547011163205558e-07
0.0499,6620.315849515924,0.0,0.0,2.4462619701530812,9.547114724190668e-07,9.547114724190662e-07
0.04995,6620.4263917958215,0.0,0.0,2.4463044107363423,9.547295441241085e-07,9.547295441241079e-07
0.05,6620.529292230863,0.0,0.0,2.4463475169584927,9.547378002788416e-07,9.54737800278841e-07
0.050050000000000004,6620.634522242277,0.0,0.0,2.4463913050027584,9.547554083042413e-07,9.547554083042407e-07
0.050100000000000006,6620.732444106119,0.0,0.0,2.4464356474900337,9.5476204382585e-07,9.547620438258493e-07
0.05015,6620.83119320727,0.0,0.0,2.4464805287488525,9.547797322727045e-07,9.547797322727039e-07
0.0502,6620.924710213229,0.0,0.0,2.4465258625207054,9.547843615251698e-07,9.547843615251692e-07
0.05025,6621.015450918195,0.0,0.0,2.446571578944671,9.548011385709788e-07,9.548011385709782e-07
0.050300000000000004,6621.104325420602,0.0,0.0,2.4466176438141534,9.54805571062287e-07,9.548055710622863e-07
0.050350000000000006,6621.1871964401225,0.0,0.0,2.4466639413046916,9.548196342900288e-07,9.548196342900281e-07
0.0504,6621.2697034330085,0.0,0.0,2.446710472086789,9.548244925307191e-07,9.548244925307185e-07
0.05045,6621.345291397866,0.0,0.0,2.446757097616655,9.548361293297533e-07,9.548361293297527e-07
0.0505,6621.420344234607,0.0,0.0,2.4468038218365953,9.54840773397228e-07,9.548407733972273e-07
0.050550000000000005,6621.488481828573,0.0,0.0,2.4468505156676255,9.5485004609085e-07,9.548500460908494e-07
0.0506,6621.555360252533,0.0,0.0,2.4468971626801377,9.548548888024403e-07,9.548548888024396e-07
0.05065,6621.61610353164,0.0,0.0,2.4469436627523162,9.548612365065381e-07,9.548612365065375e-07
0.0507,6621.67380082634,0.0,0.0,2.446989960820302,9.548662631574076e-07,9.54866263157407e-07
0.05075,6621.727264557514,0.0,0.0,2.447035997122962,9.54870423225256e-07,9.548704232252552e-07
0.050800000000000005,6621.775696410046,0.0,0.0,2.447081682210097,9.548745677901281e-07,9.548745677901275e-07
0.05085,6621.820833107966,0.0,0.0,2.447126989126646,9.548771114437187e-07,9.54877111443718e-07
0.0509,6621.86038087436,0.0,0.0,2.4471718059500236,9.548802043515667e-07,9.54880204351566e-07
0.05095,6621.896706861201,0.0,0.0,2.447216121590363,9.548813159419155e-07,9.548813159419149e-07
0.051000000000000004,6621.927244316688,0.0,0.0,2.44725982215862,9.548828315095272e-07,9.548828315095266e-07
0.051050000000000005,6621.954311668037,0.0,0.0,2.4473028892661417,9.54883048665776e-07,9.548830486657754e-07
0.0511,6621.975975620336,0.0,0.0,2.44734522883054,9.548826516176016e-07,9.54882651617601e-07
0.05115,6621.993407333431,0.0,0.0,2.447386798370356,9.548820951637604e-07,9.548820951637598e-07
0.0512,6622.0060449625935,0.0,0.0,2.447427534759038,9.548796880423813e-07,9.548796880423804e-07
0.051250000000000004,6622.013971811659,0.0,0.0,2.4474673700441922,9.548784412176004e-07,9.548784412175998e-07
0.051300000000000005,6622.017246269034,0.0,0.0,2.4475062657611226,9.548741771564374e-07,9.548741771564368e-07
0.05135,6622.015823087628,0.0,0.0,2.4475441386434014,9.548717697739123e-07,9.548717697739117e-07
0.0514,6622.0095692790355,0.0,0.0,2.4475809666822124,9.548663005927768e-07,9.548663005927762e-07
0.05145,6621.998945016355,0.0,0.0,2.44761666175251,9.548623312756504e-07,9.548623312756497e-07
0.051500000000000004,6621.983139610788,0.0,0.0,2.4476512056288167,9.5485585145814e-07,9.548558514581394e-07
0.051550000000000006,6621.963275021767,0.0,0.0,2.447684521538218,9.548501385891835e-07,9.54850138589183e-07
0.0516,6621.938244509021,0.0,0.0,2.447716579678752,9.548432151243714e-07,9.548432151243708e-07
0.05165,6621.9089319242385,0.0,0.0,2.4477473265949254,9.54834857312734e-07,9.548348573127333e-07
0.0517,6621.875058847865,0.0,0.0,2.447776717203249,9.548286399765601e-07,9.548286399765595e-07
0.051750000000000004,6621.836409319372,0.0,0.0,2.4478047173494835,9.54817074768414e-07,9.548170747684133e-07
0.051800000000000006,6621.793867958127,0.0,0.0,2.447831272151052,9.548112368589897e-07,9.54811236858989e-07
0.05185,6621.745967888784,0.0,0.0,2.447856360950337,9.547973979356706e-07,9.5479739793567e-07
0.0519,6621.695315212366,0.0,0.0,2.4478799274733607,9.547917249027925e-07,9.547917249027919e-07
0.05195,6621.638365525558,0.0,0.0,2.447901957387902,9.547748810862334e-07,9.547748810862326e-07
0.052000000000000005,6621.579461350551,0.0,0.0,2.4479224007366454,9.547703513117548e-07,9.547703513117542e-07
0.05205,6621.514600679323,0.0,0.0,2.447941241236391,9.547507020281974e-07,9.547507020281967e-07
0.0521,6621.446978930998,0.0,0.0,2.4479584433483286,9.547457185758665e-07,9.54745718575866e-07
0.05215,6621.374892646149,0.0,0.0,2.447973985540104,9.547256096395988e-07,9.547256096395982e-07
0.0522,6621.299094997875,0.0,0.0,2.4479878461717535,9.54718966620467e-07,9.547189666204664e-07
0.052250000000000005,6621.220019897649,0.0,0.0,2.448000001138613,9.546981071930282e-07,9.546981071930273e-07
0.0523,6621.136089392394,0.0,0.0,2.4480104388945656,9.54690553776495e-07,9.546905537764945e-07
0.05235,6621.051070352047,0.0,0.0,2.448019137623504,9.54669862110792e-07,9.546698621107914e-07
0.0524,6620.959470585557,0.0,0.0,2.448026091091464,9.546591607777669e-07,9.546591607777662e-07
0.052450000000000004,6620.868240070571,0.0,0.0,2.4480312839692235,9.546409726492098e-07,9.546409726492092e-07
0.052500000000000005,6620.770603423119,0.0,0.0,2.448034712239776,9.546263944871532e-07,9.546263944871523e-07
0.05255,6620.672831759802,0.0,0.0,2.4480363689089515,9.54610330566675e-07,9.546103305666743e-07
0.0526,6620.570175620017,0.0,0.0,2.4480362523219275,9.545926402414386e-07,9.54592640241438e-07
0.05265,6620.466268106639,0.0,0.0,2.4480343626124452,9.54578858282064e-07,9.545788582820633e-07
0.052700000000000004,6620.359340224951,0.0,0.0,2.448030702962214,9.545571644257401e-07,9.545571644257395e-07
0.052750000000000005,6620.249448811646,0.0,0.0,2.448025277484424,9.545467391626557e-07,9.54546739162655e-07
0.0528,6620.13934274879,0.0,0.0,2.4480180972086005,9.54521274761301e-07,9.545212747613003e-07
0.05285,6620.023908487631,0.0,0.0,2.4480091679441833,9.545126262216422e-07,9.545126262216416e-07
0.0529,6619.910619464958,0.0,0.0,2.447998509011846,9.544857599740115e-07,9.544857599740108e-07
0.052950000000000004,6619.791530064323,0.0,0.0,2.4479861287747826,9.544776413617883e-07,9.544776413617877e-07
0.053000000000000005,6619.674521692446,0.0,0.0,2.447972052685043,9.544494347569574e-07,9.544494347569568e-07
0.05305,6619.5530229002925,0.0,0.0,2.4479562946326663,9.54442201755738e-07,9.544422017557374e-07
0.0531,6619.432947866621,0.0,0.0,2.4479388826810426,9.544139986429944e-07,9.544139986429938e-07
0.05315,6619.309908651472,0.0,0.0,2.4479198400457998,9.544046478234257e-07,9.54404647823425e-07
0.053200000000000004,6619.186705459637,0.0,0.0,2.447899192721447,9.54380053422347e-07,9.543800534223464e-07
0.053250000000000006,6619.064029379325,0.0,0.0,2.4478769777807874,9.54367088983787e-07,9.543670889837864e-07
0.0533,6618.937848828332,0.0,0.0,2.4478532165526983,9.543452444874689e-07,9.543452444874682e-07
0.05335,6618.815268569974,0.0,0.0,2.447827958554147,9.543300414021472e-07,9.543300414021466e-07
0.0534,6618.688668026896,0.0,0.0,2.4478012249054113,9.543121730155409e-07,9.543121730155402e-07
0.053450000000000004,6618.565590686208,0.0,0.0,2.4477730702419542,9.542914098631115e-07,9.542914098631107e-07
0.053500000000000006,6618.4393039689185,0.0,0.0,2.447743521322446,9.542803380235877e-07,9.54280338023587e-07
0.05355,6618.316692835306,0.0,0.0,2.447712632417034,9.542544803617194e-07,9.542544803617188e-07
0.0536,6618.1918849141075,0.0,0.0,2.4476804413915083,9.542474931565668e-07,9.542474931565661e-07
0.05365,6618.06910283944,0.0,0.0,2.4476469959013207,9.542193366892321e-07,9.542193366892315e-07
0.053700000000000005,6617.947928662516,0.0,0.0,2.447612350740644,9.54215935743871e-07,9.542159357438703e-07
0.05375,6617.8251698602335,0.0,0.0,2.447576542298074,9.541843653800775e-07,9.541843653800769e-07
0.0538,6617.707580857716,0.0,0.0,2.447539642429166,9.541855712681638e-07,9.541855712681632e-07
0.05385,6617.587145500754,0.0,0.0,2.447501681315584,9.54152068116267e-07,9.541520681162664e-07
0.0539,6617.472480880914,0.0,0.0,2.447462739086602,9.541541452074732e-07,9.541541452074726e-07
0.053950000000000005,6617.355531536336,0.0,0.0,2.4474228485937077,9.541230052800632e-07,9.541230052800626e-07
0.054,6617.244486469471,0.0,0.0,2.4473820875311634,9.541237018801943e-07,9.541237018801937e-07
0.05405,6617.131981960798,0.0,0.0,2.447340500684271,9.540950845493172e-07,9.540950845493166e-07
0.0541,6617.024065598491,0.0,0.0,2.447298155369246,9.540949566952904e-07,9.540949566952898e-07
0.054150000000000004,6616.918085576078,0.0,0.0,2.4472551149537867,9.540698445008612e-07,9.540698445008605e-07
0.054200000000000005,6616.812792053892,0.0,0.0,2.447211429035383,9.540659750025828e-07,9.540659750025822e-07
0.05425,6616.713830357257,0.0,0.0,2.4471671802297523,9.540483498558095e-07,9.540483498558087e-07
0.0543,6616.6132295885345,0.0,0.0,2.4471224052252496,9.54038745200323e-07,9.540387452003224e-07
0.05435,6616.520165273847,0.0,0.0,2.4470771996600775,9.540274681010339e-07,9.540274681010332e-07
0.054400000000000004,6616.425354025885,0.0,0.0,2.447031594905608,9.540147400373872e-07,9.540147400373865e-07
0.054450000000000005,6616.339141577071,0.0,0.0,2.4469856877174134,9.540093932843265e-07,9.540093932843259e-07
0.0545,6616.25105025169,0.0,0.0,2.446939517623286,9.53991637724966e-07,9.539916377249653e-07
0.05455,6616.170536766529,0.0,0.0,2.446893168857554,9.539938455442211e-07,9.539938455442205e-07
0.0546,6616.091581695127,0.0,0.0,2.4468467010359802,9.539722817835512e-07,9.539722817835506e-07
0.054650000000000004,6616.016253187538,0.0,0.0,2.446800176235373,9.53978520124103e-07,9.539785201241023e-07
0.054700000000000006,6615.946508377943,0.0,0.0,2.4467536748847722,9.539568586593386e-07,9.53956858659338e-07
0.05475,6615.8779709809005,0.0,0.0,2.4467072412142197,9.539655065001246e-07,9.53965506500124e-07
0.0548,6615.816886848555,0.0,0.0,2.4466609703040088,9.539433888953485e-07,9.539433888953479e-07
0.05485,6615.75540295207,0.0,0.0,2.4466148928708877,9.53954439793559e-07,9.539544397935584e-07
0.054900000000000004,6615.703629735957,0.0,0.0,2.446569111133966,9.539346252397756e-07,9.53934625239775e-07
0.054950000000000006,6615.650306613869,0.0,0.0,2.446523654870823,9.539435288368046e-07,9.53943528836804e-07
0.055,6615.606268439384,0.0,0.0,2.4464786159303835,9.539297365268157e-07,9.53929736526815e-07
0.05505,6615.563294990464,0.0,0.0,2.44643403987761,9.539353938955758e-07,9.53935393895575e-07
0.0551,6615.526342192469,0.0,0.0,2.4463899952635884,9.539270152489192e-07,9.539270152489186e-07
0.055150000000000005,6615.493883370475,0.0,0.0,2.4463465504935753,9.539300042869382e-07,9.539300042869376e-07
0.055200000000000006,6615.465052192151,0.0,0.0,2.4463037519684327,9.539280499435086e-07,9.53928049943508e-07
0.05525,6615.4425362132315,0.0,0.0,2.4462616829394905,9.539256623837462e-07,9.539256623837455e-07
0.0553,6615.421998190295,0.0,0.0,2.446220373424522,9.53932817153136e-07,9.539328171531353e-07
0.05535,6615.410145377693,0.0,0.0,2.446179915917893,9.53924906773252e-07,9.539249067732513e-07
0.055400000000000005,6615.397999006235,0.0,0.0,2.4461403322236497,9.539381108307064e-07,9.539381108307058e-07
0.05545,6615.395307099234,0.0,0.0,2.4461017096855153,9.539284022858052e-07,9.539284022858044e-07
0.0555,6615.393908520103,0.0,0.0,2.4460640782716947,9.539461829280804e-07,9.539461829280797e-07
0.05555,6615.398870748269,0.0,0.0,2.4460275025175435,9.539336133172858e-07,9.539336133172851e-07
0.055600000000000004,6615.408171157718,0.0,0.0,2.4459920329313354,9.53956969241215e-07,9.539569692412144e-07
0.055650000000000005,6615.421778702517,0.0,0.0,2.445957709016365,9.539431032828938e-07,9.539431032828932e-07
0.0557,6615.440950130285,0.0,0.0,2.4459245979336703,9.539675757474537e-07,9.539675757474531e-07
0.05575,6615.462898481184,0.0,0.0,2.445892717959513,9.539573534004654e-07,9.539573534004648e-07
0.0558,6615.492795590449,0.0,0.0,2.4458621469878663,9.539804281964416e-07,9.53980428196441e-07
0.055850000000000004,6615.522877891357,0.0,0.0,2.445832892735268,9.53973356455841e-07,9.539733564558403e-07
0.055900000000000005,6615.561830649075,0.0,0.0,2.445805029954036,9.539956680996433e-07,9.539956680996427e-07
0.05595,6615.602009026314,0.0,0.0,2.4457785702503507,9.53993369475905e-07,9.539933694759043e-07
0.056,6615.648560455011,0.0,0.0,2.4457535698290047,9.540112681409362e-07,9.540112681409356e-07
0.05605,6615.69856560227,0.0,0.0,2.4457300548615333,9.540167261082563e-07,9.540167261082555e-07
0.056100000000000004,6615.752917470166,0.0,0.0,2.4457080552326698,9.540293856217303e-07,9.540293856217297e-07
0.056150000000000005,6615.8122139207635,0.0,0.0,2.4456876160886676,9.540413328538777e-07,9.54041332853877e-07
0.0562,6615.873712640812,0.0,0.0,2.4456687400637986,9.540502527103939e-07,9.540502527103933e-07
0.05625,6615.942439387744,0.0,0.0,2.4456514866367547,9.540682409502995e-07,9.540682409502989e-07
0.0563,6616.010835031961,0.0,0.0,2.4456358412477495,9.540725104249773e-07,9.540725104249767e-07
0.056350000000000004,6616.08755773641,0.0,0.0,2.445621863317822,9.540971297387635e-07,9.540971297387628e-07
0.056400000000000006,6616.164098101822,0.0,0.0,2.445609538579016,9.54097811633818e-07,9.540978116338173e-07
0.05645,6616.2471889447115,0.0,0.0,2.4455989116223815,9.541259792994287e-07,9.541259792994278e-07
0.0565,6616.331732348822,0.0,0.0,2.445589978521686,9.541262670180367e-07,9.541262670180359e-07
0.05655,6616.4210866309795,0.0,0.0,2.4455827610069787,9.541560915335392e-07,9.541560915335386e-07
0.056600000000000004,6616.513059976573,0.0,0.0,2.4455772710919796,9.541561165522576e-07,9.541561165522568e-07
0.056650000000000006,6616.607576694436,0.0,0.0,2.4455735032435477,9.541872162209864e-07,9.541872162209855e-07
0.0567,6616.707203467619,0.0,0.0,2.4455714884673148,9.541887952805075e-07,9.541887952805066e-07
0.05675,6616.806195293083,0.0,0.0,2.4455711950230214,9.542175729515832e-07,9.542175729515826e-07
0.0568,6616.911880692466,0.0,0.0,2.445572660091846,9.542239974494706e-07,9.542239974494698e-07
0.056850000000000005,6617.016447918636,0.0,0.0,2.4455758459535324,9.542490761807753e-07,9.542490761807745e-07
0.056900000000000006,6617.12638267271,0.0,0.0,2.4455807786233876,9.542593465608858e-07,9.54259346560885e-07
0.05695,6617.235922593319,0.0,0.0,2.445587425195473,9.542816611491726e-07,9.542816611491718e-07
0.057,6617.350069549145,0.0,0.0,2.445595794600309,9.542965902074136e-07,9.542965902074128e-07
0.057050000000000003,6617.464085248118,0.0,0.0,2.4456058652446946,9.54313696526964e-07,9.543136965269632e-07
0.057100000000000005,6617.580836823238,0.0,0.0,2.4456176221725223,9.543347498225356e-07,9.54334749822535e-07
0.05715,6617.699698683378,0.0,0.0,2.4456310608638137,9.543472608889425e-07,9.543472608889418e-07
0.0572,6617.818250618351,0.0,0.0,2.445646141445892,9.543719020128423e-07,9.543719020128417e-07
0.05725,6617.940458208071,0.0,0.0,2.4456628705547083,9.543820967271778e-07,9.54382096727177e-07
0.057300000000000004,6618.06139341982,0.0,0.0,2.445681195110497,9.544092032938833e-07,9.544092032938825e-07
0.057350000000000005,6618.1853232952235,0.0,0.0,2.44570111754982,9.544166861335414e-07,9.544166861335408e-07
0.0574,6618.308024597093,0.0,0.0,2.445722584884065,9.544462596760489e-07,9.544462596760482e-07
0.05745,6618.433288724813,0.0,0.0,2.4457455858764328,9.54452371631915e-07,9.544523716319142e-07
0.0575,6618.55706975143,0.0,0.0,2.445770075818499,9.544814365587621e-07,9.544814365587615e-07
0.057550000000000004,6618.682262482091,0.0,0.0,2.4457960236859146,9.54488898624257e-07,9.544888986242562e-07
0.057600000000000005,6618.807275187112,0.0,0.0,2.445823396702085,9.545159022045146e-07,9.54515902204514e-07
0.05765,6618.931369748087,0.0,0.0,2.4458521429320563,9.545247840424912e-07,9.545247840424906e-07
0.0577,6619.056526525947,0.0,0.0,2.445882241541969,9.545497051106516e-07,9.54549705110651e-07
0.05775,6619.17968344404,0.0,0.0,2.4459136271846984,9.545605938960148e-07,9.54560593896014e-07
0.057800000000000004,6619.303520901894,0.0,0.0,2.4459462791438824,9.545817325803117e-07,9.545817325803111e-07
0.057850000000000006,6619.425267645584,0.0,0.0,2.445980128663628,9.545961962160655e-07,9.545961962160649e-07
0.0579,6619.547350331812,0.0,0.0,2.446015147674291,9.54612988796836e-07,9.546129887968353e-07
0.05795,6619.666907518417,0.0,0.0,2.446051273508788,9.546299343744469e-07,9.546299343744463e-07
0.058,6619.785950609887,0.0,0.0,2.4460884606039475,9.546435713392747e-07,9.54643571339274e-07
0.058050000000000004,6619.90340317611,0.0,0.0,2.446126658988402,9.546625030393015e-07,9.546625030393008e-07
0.058100000000000006,6620.018466815165,0.0,0.0,2.446165803759614,9.546725702100243e-07,9.546725702100237e-07
0.05815,6620.1327397983705,0.0,0.0,2.4462058551381327,9.546934010421202e-07,9.546934010421196e-07
0.0582,6620.243789419762,0.0,0.0,2.4462467370647945,9.547007927973905e-07,9.547007927973899e-07
0.05825,6620.3538170547,0.0,0.0,2.4462884128811817,9.547217058664453e-07,9.547217058664444e-07
0.058300000000000005,6620.460268788167,0.0,0.0,2.4463308003333237,9.547280234600251e-07,9.547280234600243e-07
0.058350000000000006,6620.565610443205,0.0,0.0,2.446373861212547,9.547480507252253e-07,9.547480507252247e-07
0.0584,6620.666966801613,0.0,0.0,2.4464175169349542,9.547533748666108e-07,9.5475337486661e-07
0.05845,6620.766481728642,0.0,0.0,2.4464617169648535,9.547721503286936e-07,9.547721503286928e-07
0.0585,6620.862762141018,0.0,0.0,2.446506395238368,9.547774132864503e-07,9.547774132864495e-07
0.058550000000000005,6620.955746430964,0.0,0.0,2.446551484902695,9.54793501087366e-07,9.54793501087365e-07
0.058600000000000006,6621.046087115947,0.0,0.0,2.4465969342669647,9.547996032031199e-07,9.54799603203119e-07
0.05865,6621.132413020094,0.0,0.0,2.4466426667218033,9.548127551878246e-07,9.54812755187824e-07
0.0587,6621.2160557405105,0.0,0.0,2.4466886318184087,9.548192911794051e-07,9.548192911794043e-07
0.058750000000000004,6621.29522762664,0.0,0.0,2.4467347419254097,9.548298243710226e-07,9.54829824371022e-07
0.058800000000000005,6621.371789004032,0.0,0.0,2.4467809513132317,9.548367141494386e-07,9.54836714149438e-07
0.05885,6621.443419924638,0.0,0.0,2.446827175185071,9.54844360476308e-07,9.548443604763073e-07
0.0589,6621.512122610522,0.0,0.0,2.4468733634075694,9.548516073475688e-07,9.54851607347568e-07
0.05895,6621.576245086511,0.0,0.0,2.4469194403885797,9.54856825440345e-07,9.548568254403444e-07
0.059000000000000004,6621.636514470119,0.0,0.0,2.446965344877212,9.548634803186742e-07,9.548634803186733e-07
0.059050000000000005,6621.692621739049,0.0,0.0,2.4470110137596546,9.548670804422227e-07,9.54867080442222e-07
0.0591,6621.744396877257,0.0,0.0,2.4470563763512407,9.548726088970014e-07,9.548726088970006e-07
0.05915,6621.792010651946,0.0,0.0,2.447101377604862,9.548748116118165e-07,9.548748116118159e-07
0.0592,6621.834987624024,0.0,0.0,2.447145942218754,9.54878901733118e-07,9.548789017331174e-07
0.059250000000000004,6621.873895896548,0.0,0.0,2.447190020794054,9.54880111863624e-07,9.54880111863623e-07
0.059300000000000005,6621.907859829426,0.0,0.0,2.447233537280564,9.548822844006502e-07,9.548822844006494e-07
0.05935,6621.937666926583,0.0,0.0,2.4472764419809145,9.548827836042782e-07,9.548827836042776e-07
0.0594,6621.962623921582,0.0,0.0,2.447318664892417,9.548829857206063e-07,9.548829857206056e-07
0.05945,6621.983082272509,0.0,0.0,2.4473601521233377,9.548826711298272e-07,9.548826711298265e-07
0.059500000000000004,6621.998825609254,0.0,0.0,2.4474008422181472,9.548810369874308e-07,9.5488103698743e-07
0.059550000000000006,6622.009919550653,0.0,0.0,2.4474406765552588,9.548796962900192e-07,9.548796962900184e-07
0.0596,6622.01631100727,0.0,0.0,2.447479602623301,9.548766332595864e-07,9.548766332595857e-07
0.05965,6622.017998631416,0.0,0.0,2.4475175588139635,9.548737586312128e-07,9.548737586312122e-07
0.0597,6622.014967905227,0.0,0.0,2.447554499238699,9.548697864200776e-07,9.54869786420077e-07
0.059750000000000004,6622.0072887321985,0.0,0.0,2.447590363650629,9.54865022985939e-07,9.548650229859384e-07
0.059800000000000006,6621.994829810487,0.0,0.0,2.4476251087965157,9.548604717776783e-07,9.548604717776775e-07
0.05985,6621.9777909988425,0.0,0.0,2.447658679748638,9.5485342297692e-07,9.548534229769193e-07
0.0599,6621.9560350236625,0.0,0.0,2.447691032809881,9.548489162941008e-07,9.548489162941e-07
0.05995,6621.929706169227,0.0,0.0,2.4477221203951305,9.548390583110182e-07,9.548390583110175e-07
0.060000000000000005,6621.898761185004,0.0,0.0,2.4477518984730513,9.548348273224159e-07,9.548348273224152e-07
0.060050000000000006,6621.86328565172,0.0,0.0,2.4477803267822784,9.548224319834236e-07,9.548224319834227e-07
0.0601,6621.823421583792,0.0,0.0,2.4478073614012517,9.54818132863844e-07,9.548181328638435e-07
0.06015,6621.778870714943,0.0,0.0,2.4478329690334175,9.548034304013993e-07,9.548034304013984e-07
0.060200000000000004,6621.730362647417,0.0,0.0,2.447857107733914,9.547991377100178e-07,9.54799137710017e-07
0.060250000000000005,6621.677102375284,0.0,0.0,2.4478797486014052,9.547822798295675e-07,9.547822798295668e-07
0.0603,6621.620001882536,0.0,0.0,2.4479008555574464,9.547774126124058e-07,9.547774126124052e-07
0.06035,6621.55851576961,0.0,0.0,2.4479204014504234,9.547596745253637e-07,9.547596745253629e-07
0.0604,6621.4931265946625,0.0,0.0,2.44793835704032,9.547529710971792e-07,9.547529710971783e-07
0.060450000000000004,6621.423639087961,0.0,0.0,2.4479546976817548,9.54735259686575e-07,9.547352596865742e-07
0.060500000000000005,6621.350363060088,0.0,0.0,2.4479694006987294,9.547265852010883e-07,9.547265852010877e-07
0.06055,6621.273489911425,0.0,0.0,2.4479824440300337,9.547091576081527e-07,9.547091576081519e-07
0.0606,6621.19242113862,0.0,0.0,2.4479938112782786,9.546977339629012e-07,9.546977339629006e-07
0.06065,6621.108699319919,0.0,0.0,2.448003484072547,9.546821476035604e-07,9.546821476035598e-07
0.060700000000000004,6621.020553922978,0.0,0.0,2.448011450924821,9.546667806941752e-07,9.546667806941743e-07
0.060750000000000005,6620.930047397476,0.0,0.0,2.448017698827417,9.546534877174002e-07,9.546534877173995e-07
0.0608,6620.8356289248195,0.0,0.0,2.448022220184966,9.546348067545429e-07,9.546348067545422e-07
0.06085,6620.7388480543505,0.0,0.0,2.4480250079308075,9.54623109538619e-07,9.546231095386183e-07
0.0609,6620.638499873752,0.0,0.0,2.448026058491192,9.546013886519681e-07,9.546013886519673e-07
0.060950000000000004,6620.536032920491,0.0,0.0,2.4480253703552144,9.54591869219402e-07,9.545918692194012e-07
0.061000000000000006,6620.430657765337,0.0,0.0,2.448022944620355,9.545668683144451e-07,9.545668683144445e-07
0.06105,6620.322583122153,0.0,0.0,2.4480187845544497,9.545588088827638e-07,9.545588088827631e-07
0.0611,6620.212966245693,0.0,0.0,2.4480128967137067,9.545325084257794e-07,9.545325084257788e-07
0.06115,6620.100163949791,0.0,0.0,2.448005288378107,9.54524027451011e-07,9.5452402745101e-07
0.061200000000000004,6619.986453441204,0.0,0.0,2.4479959718956397,9.544977603063801e-07,9.544977603063795e-07
0.061250000000000006,6619.86989008596,0.0,0.0,2.447984958678439,9.54488447839173e-07,9.544884478391723e-07
0.0613,6619.7527093307335,0.0,0.0,2.4479722662985344,9.54462818395534e-07,9.544628183955332e-07
0.06135,6619.632899505566,0.0,0.0,2.4479579107774883,9.544515448084033e-07,9.544515448084026e-07
0.0614,6619.512959197141,0.0,0.0,2.4479419141439314,9.544287500350657e-07,9.544287500350649e-07
0.061450000000000005,6619.390939531505,0.0,0.0,2.447924298328068,9.54413484471397e-07,9.544134844713964e-07
0.061500000000000006,6619.268333929724,0.0,0.0,2.4479050881801663,9.54394731246316e-07,9.543947312463152e-07
0.06155,6619.145111641317,0.0,0.0,2.4478843121677145,9.543756780643167e-07,9.543756780643158e-07
0.0616,6619.020778778102,0.0,0.0,2.4478619977888867,9.54360731367746e-07,9.543607313677454e-07
0.06165,6618.896538881286,0.0,0.0,2.447838179380865,9.543375848815212e-07,9.543375848815204e-07
0.061700000000000005,6618.771466986143,0.0,0.0,2.4478128875720686,9.543275639699053e-07,9.543275639699044e-07
0.061750000000000006,6618.646970615485,0.0,0.0,2.447786161841706,9.542997469177638e-07,9.54299746917763e-07
0.0618,6618.52163396158,0.0,0.0,2.4477580363134557,9.542942125426136e-07,9.542942125426128e-07
0.06185,6618.397618588078,0.0,0.0,2.4477285538338562,9.542636347094103e-07,9.542636347094097e-07
0.061900000000000004,6618.273188695252,0.0,0.0,2.4476977546128453,9.54260581763464e-07,9.542605817634634e-07
0.061950000000000005,6618.149632204411,0.0,0.0,2.4476656822225564,9.542285191133412e-07,9.542285191133403e-07
0.062,6618.027169604746,0.0,0.0,2.4476323837932172,9.542278511478532e-07,9.542278511478524e-07
0.06205,6617.905169250617,0.0,0.0,2.4475979035630826,9.541949496476095e-07,9.541949496476087e-07
0.0621,6617.784742939943,0.0,0.0,2.4475622945131157,9.541946990874475e-07,9.541946990874467e-07
0.062150000000000004,6617.665236676756,0.0,0.0,2.447525602719995,9.541641980920948e-07,9.54164198092094e-07
0.062200000000000005,6617.547781947488,0.0,0.0,2.447487885199627,9.541616774013468e-07,9.54161677401346e-07
0.06225,6617.431105659314,0.0,0.0,2.447449190586709,9.541350848134283e-07,9.541350848134274e-07
0.0623,6617.317237767054,0.0,0.0,2.4474095783749665,9.541301026622881e-07,9.541301026622873e-07
0.06235,6617.204625952332,0.0,0.0,2.4473691016423125,9.541077945143317e-07,9.54107794514331e-07
0.062400000000000004,6617.094184693917,0.0,0.0,2.447327818366063,9.54099073804217e-07,9.54099073804216e-07
0.062450000000000006,6616.986645907855,0.0,0.0,2.447285789275465,9.540834298344687e-07,9.54083429834468e-07
0.0625,6616.880597398876,0.0,0.0,2.4472430693842013,9.540692419803185e-07,9.540692419803176e-07
0.06255000000000001,6616.77808897905,0.0,0.0,2.447199725400678,9.540604465470308e-07,9.5406044654703e-07
0.0626,6616.677376528712,0.0,0.0,2.4471558115983787,9.540422970078356e-07,9.540422970078347e-07
0.06265,6616.580699845271,0.0,0.0,2.4471113984301285,9.540388018614216e-07,9.540388018614208e-07
0.0627,6616.485541590017,0.0,0.0,2.447066540233877,9.54017450283024e-07,9.540174502830232e-07
0.06275,6616.395272767381,0.0,0.0,2.4470213094056668,9.54019472424072e-07,9.54019472424071e-07
0.06280000000000001,6616.30676195766,0.0,0.0,2.4469757633480183,9.539950575496857e-07,9.539950575496848e-07
0.06285,6616.222552401965,0.0,0.0,2.446929971150926,9.540011656859101e-07,9.540011656859093e-07
0.0629,6616.141771431617,0.0,0.0,2.4468839963950053,9.539767536770687e-07,9.53976753677068e-07
0.06295,6616.064223465382,0.0,0.0,2.446837903293647,9.539836603135707e-07,9.539836603135696e-07
0.063,6615.9909795881285,0.0,0.0,2.446791761369474,9.539614334539712e-07,9.539614334539701e-07
0.06305000000000001,6615.920915416451,0.0,0.0,2.446745629206253,9.539684681049316e-07,9.539684681049305e-07
0.0631,6615.855874979336,0.0,0.0,2.4466995813714054,9.539491189550523e-07,9.539491189550514e-07
0.06315,6615.79320107947,0.0,0.0,2.4466536726761325,9.539544272025909e-07,9.5395442720259e-07
0.0632,6615.73676859952,0.0,0.0,2.4466079790627684,9.539409862621888e-07,9.53940986262188e-07
0.06325,6615.6824939793505,0.0,0.0,2.4465625553317425,9.539419756849064e-07,9.539419756849055e-07
0.06330000000000001,6615.634115175893,0.0,0.0,2.446517474618318,9.53935560040611e-07,9.5393556004061e-07
0.06335,6615.589068212523,0.0,0.0,2.446472794826487,9.539326301595917e-07,9.539326301595908e-07
0.0634,6615.549183287257,0.0,0.0,2.4464285832317705,9.53932676924519e-07,9.53932676924518e-07
0.06345,6615.513159929422,0.0,0.0,2.4463849017001116,9.539255023526326e-07,9.539255023526317e-07
0.0635,6615.482123547059,0.0,0.0,2.446341810942894,9.539330767147004e-07,9.539330767146995e-07
0.06355000000000001,6615.455737990195,0.0,0.0,2.446299376864015,9.539212394008496e-07,9.539212394008488e-07
0.0636,6615.433212857562,0.0,0.0,2.446257652531716,9.53935096137642e-07,9.53935096137641e-07
0.06365,6615.41658027024,0.0,0.0,2.4462167061598374,9.53921096481795e-07,9.539210964817942e-07
0.0637,6615.403309651951,0.0,0.0,2.4461765869790004,9.539388172002589e-07,9.539388172002578e-07
0.06375,6615.395771903346,0.0,0.0,2.4461373593656663,9.539240849624327e-07,9.539240849624317e-07
0.06380000000000001,6615.392187780434,0.0,0.0,2.4460990737514847,9.539448943099917e-07,9.539448943099909e-07
0.06385,6615.393935448593,0.0,0.0,2.4460617881968143,9.539305394289352e-07,9.539305394289343e-07
0.0639,6615.3997077917575,0.0,0.0,2.4460255530682606,9.539521618650441e-07,9.539521618650433e-07
0.06395,6615.4108808519,0.0,0.0,2.4459904205017464,9.539414206575817e-07,9.539414206575809e-07
0.064,6615.426354937308,0.0,0.0,2.445956443169786,9.539607340099274e-07,9.539607340099266e-07
0.06405000000000001,6615.446275401364,0.0,0.0,2.445923664126704,9.539552948006144e-07,9.539552948006136e-07
0.0641,6615.471565741542,0.0,0.0,2.445892137065983,9.539719822027753e-07,9.539719822027745e-07
0.06415,6615.500677569383,0.0,0.0,2.445861899829692,9.539719693245334e-07,9.539719693245324e-07
0.06420000000000001,6615.534778978272,0.0,0.0,2.445833001749338,9.539847406998769e-07,9.53984740699876e-07
0.06425,6615.57333044724,0.0,0.0,2.4458054795384054,9.539922130178482e-07,9.539922130178473e-07
0.06430000000000001,6615.616263030628,0.0,0.0,2.445779374756373,9.53999449409924e-07,9.539994494099232e-07
0.06435,6615.6635209307515,0.0,0.0,2.4457547241036015,9.540142779721242e-07,9.540142779721233e-07
0.0644,6615.715240476759,0.0,0.0,2.4457315606544787,9.540175676492133e-07,9.540175676492124e-07
0.06445000000000001,6615.771345685968,0.0,0.0,2.4457099216817113,9.540377783717718e-07,9.54037778371771e-07
0.0645,6615.830879776701,0.0,0.0,2.4456898310706103,9.540379456585967e-07,9.540379456585959e-07
0.06455,6615.895715959845,0.0,0.0,2.445671326197156,9.540635528163547e-07,9.540635528163539e-07
0.0646,6615.963323115389,0.0,0.0,2.44565442344142,9.54060909996557e-07,9.540609099965561e-07
0.06465,6616.035719196223,0.0,0.0,2.4456391567216955,9.540899038554745e-07,9.540899038554734e-07
0.06470000000000001,6616.1113574177925,0.0,0.0,2.445625539655549,9.54087410397314e-07,9.540874103973128e-07
0.06475,6616.191109329334,0.0,0.0,2.445613597689992,9.541169205158597e-07,9.541169205158588e-07
0.0648,6616.274035826576,0.0,0.0,2.445603344170352,9.541162409743648e-07,9.541162409743637e-07
0.06485,6616.360712955991,0.0,0.0,2.4455947951254697,9.541452526947158e-07,9.54145252694715e-07
0.0649,6616.450779522223,0.0,0.0,2.4455879649401275,9.541472423555831e-07,9.541472423555823e-07
0.06495000000000001,6616.543420726509,0.0,0.0,2.4455828572010168,9.541740453846733e-07,9.541740453846725e-07
0.065,6616.640279435791,0.0,0.0,2.4455794879416852,9.541808643795251e-07,9.541808643795243e-07
0.06505,6616.73870880761,0.0,0.0,2.4455778518029456,9.542034299961674e-07,9.542034299961664e-07
0.0651,6616.84119166819,0.0,0.0,2.4455779617030577,9.542157751611633e-07,9.542157751611625e-07
0.06515,6616.945214191132,0.0,0.0,2.4455798064613194,9.54234333605468e-07,9.542343336054672e-07
0.06520000000000001,6617.052819471249,0.0,0.0,2.4455833940710465,9.542515890564395e-07,9.542515890564386e-07
0.06525,6617.1616245698615,0.0,0.0,2.4455887097439213,9.54266061027241e-07,9.5426606102724e-07
0.0653,6617.273751590817,0.0,0.0,2.445595753407276,9.542885271476689e-07,9.54288527147668e-07
0.06535,6617.387077884975,0.0,0.0,2.4456045112977742,9.542987463101284e-07,9.542987463101276e-07
0.0654,6617.5025661849095,0.0,0.0,2.4456149710999324,9.543253304504272e-07,9.543253304504264e-07
0.06545000000000001,6617.620030364652,0.0,0.0,2.4456271207197453,9.543332273196788e-07,9.54333227319678e-07
0.0655,6617.7385269744955,0.0,0.0,2.445640938294877,9.543616698456763e-07,9.543616698456755e-07
0.06555,6617.8588578811095,0.0,0.0,2.4456564104252103,9.54368428536914e-07,9.543684285369132e-07
0.0656,6617.979951779986,0.0,0.0,2.4456735078596465,9.54398085972374e-07,9.54398085972373e-07
0.06565,6618.1027086951235,0.0,0.0,2.4456922139192985,9.544044359708882e-07,9.544044359708874e-07
0.06570000000000001,6618.225386943659,0.0,0.0,2.4457124940000536,9.544333868251165e-07,9.544333868251154e-07
0.06575,6618.3497964208955,0.0,0.0,2.4457343266515665,9.544415970104517e-07,9.544415970104508e-07
0.0658,6618.47382999799,0.0,0.0,2.4457576748056473,9.54467830612372e-07,9.54467830612371e-07
0.06585,6618.598694802807,0.0,0.0,2.445782508420618,9.544786966852326e-07,9.544786966852318e-07
0.0659,6618.723535907641,0.0,0.0,2.4458087917746756,9.545019759494636e-07,9.545019759494627e-07
0.06595000000000001,6618.848418264757,0.0,0.0,2.445836485897615,9.545155543752606e-07,9.545155543752598e-07
0.066,6618.9729680147575,0.0,0.0,2.4458655538546825,9.545350892977658e-07,9.54535089297765e-07
0.06605,6619.097296047923,0.0,0.0,2.4458959515713454,9.545522678982934e-07,9.545522678982925e-07
0.0661,6619.221045075289,0.0,0.0,2.4459276392879605,9.545674357652524e-07,9.545674357652516e-07
0.06615,6619.343861493933,0.0,0.0,2.44596056803459,9.545877235037063e-07,9.545877235037055e-07
0.06620000000000001,6619.466105757093,0.0,0.0,2.4459946947929017,9.545994979260295e-07,9.545994979260286e-07
0.06625,6619.586984941749,0.0,0.0,2.446029968455391,9.546216585936375e-07,9.546216585936364e-07
0.0663,6619.706676893322,0.0,0.0,2.446066339379494,9.5463070575176e-07,9.546307057517591e-07
0.06635,6619.825101309541,0.0,0.0,2.4461037571101083,9.54654208076334e-07,9.546542080763332e-07
0.0664,6619.9416805388455,0.0,0.0,2.446142165747815,9.546609663071107e-07,9.546609663071098e-07
0.06645000000000001,6620.056676812565,0.0,0.0,2.446181514093282,9.546846593364327e-07,9.546846593364318e-07
0.0665,6620.169682224358,0.0,0.0,2.4462217416547114,9.546906093862255e-07,9.546906093862247e-07
0.06655,6620.280692749633,0.0,0.0,2.4462627963018617,9.547128608203163e-07,9.547128608203152e-07
0.0666,6620.389241306656,0.0,0.0,2.446304614726258,9.547188970065418e-07,9.54718897006541e-07
0.06665,6620.495708736006,0.0,0.0,2.4463471415660663,9.547392169271738e-07,9.54739216927173e-07
0.06670000000000001,6620.599416580724,0.0,0.0,2.4463903136765826,9.547456032005891e-07,9.547456032005883e-07
0.06675,6620.700424586082,0.0,0.0,2.4464340708534804,9.54763248344002e-07,9.547632483440009e-07
0.0668,6620.798809577525,0.0,0.0,2.446478351638777,9.547707778546435e-07,9.547707778546424e-07
0.06685,6620.893935128943,0.0,0.0,2.4465230907141966,9.547851042438772e-07,9.547851042438764e-07
0.0669,6620.986208197691,0.0,0.0,2.4465682283088537,9.547937256830403e-07,9.547937256830393e-07
0.06695000000000001,6621.07499343216,0.0,0.0,2.4466136952365853,9.548050826545152e-07,9.548050826545142e-07
0.067,6621.160729997298,0.0,0.0,2.4466594328651063,9.548142897678686e-07,9.548142897678676e-07
0.06705,6621.242543456337,0.0,0.0,2.4467053692267897,9.548228670374035e-07,9.548228670374024e-07
0.0671,6621.321223610678,0.0,0.0,2.446751445933923,9.54832440251768e-07,9.54832440251767e-07
0.06715,6621.395795492258,0.0,0.0,2.446797591448036,9.548385642809842e-07,9.548385642809834e-07
0.06720000000000001,6621.4667913305175,0.0,0.0,2.446843744541344,9.548477611260532e-07,9.548477611260521e-07
0.06725,6621.533738693515,0.0,0.0,2.4468898369636287,9.548522070532738e-07,9.548522070532728e-07
0.0673,6621.596733200679,0.0,0.0,2.4469358045316785,9.548602764605092e-07,9.548602764605082e-07
0.06735000000000001,6621.655583644057,0.0,0.0,2.4469815817385667,9.548634999933985e-07,9.548634999933977e-07
0.0674,6621.710246512537,0.0,0.0,2.447027102696109,9.548700435246135e-07,9.548700435246124e-07
0.06745000000000001,6621.760705136416,0.0,0.0,2.4470723053497285,9.548723453816628e-07,9.54872345381662e-07
0.0675,6621.806672781332,0.0,0.0,2.4471171213402267,9.548769830617792e-07,9.548769830617783e-07
0.06755,6621.8484447585315,0.0,0.0,2.4471614918819484,9.548786507296293e-07,9.548786507296283e-07
0.06760000000000001,6621.885546807736,0.0,0.0,2.447205349235893,9.548812221994392e-07,9.548812221994382e-07
0.06765,6621.918280018142,0.0,0.0,2.4472486352454856,9.54882179323134e-07,9.548821793231331e-07
0.06770000000000001,6621.946352617494,0.0,0.0,2.4472912848424415,9.548828837446315e-07,9.548828837446305e-07
0.06775,6621.969895422458,0.0,0.0,2.4473332401663654,9.54882862246815e-07,9.548828622468142e-07
0.0678,6621.988731232626,0.0,0.0,2.4473744395845776,9.54882009449154e-07,9.548820094491532e-07
0.06785000000000001,6622.002960730868,0.0,0.0,2.4474148258658737,9.548806186577695e-07,9.548806186577685e-07
0.0679,6622.012474631737,0.0,0.0,2.447454341248772,9.548786940362174e-07,9.548786940362163e-07
0.06795,6622.017298866541,0.0,0.0,2.4474929291663243,9.548754698200397e-07,9.548754698200387e-07
0.068,6622.017418124647,0.0,0.0,2.4475305360227493,9.548728617907786e-07,9.548728617907775e-07
0.06805,6622.012836918748,0.0,0.0,2.4475671069772296,9.54867512995344e-07,9.54867512995343e-07
0.06810000000000001,6622.003553910519,0.0,0.0,2.4476025916352167,9.548645686032373e-07,9.548645686032365e-07
0.06815,6621.989585466925,0.0,0.0,2.447636938421781,9.548567411378223e-07,9.548567411378212e-07
0.0682,6621.9709432895625,0.0,0.0,2.4476700994163796,9.548537475477154e-07,9.548537475477144e-07
0.06825,6621.947693127656,0.0,0.0,2.4477020270007954,9.548434726327504e-07,9.548434726327494e-07
0.0683,6621.919791490425,0.0,0.0,2.447732676101088,9.54840194412472e-07,9.54840194412471e-07
0.06835000000000001,6621.887360642531,0.0,0.0,2.4477620032962326,9.54827884858481e-07,9.548278848584798e-07
0.0684,6621.850407875826,0.0,0.0,2.4477899663333518,9.54824015682915e-07,9.548240156829139e-07
0.06845,6621.808955057007,0.0,0.0,2.447816526398361,9.548100259956123e-07,9.548100259956112e-07
0.0685,6621.763130261103,0.0,0.0,2.44784164496508,9.548052004943627e-07,9.548052004943616e-07
0.06855,6621.712961618153,0.0,0.0,2.4478652869875863,9.54790257932936e-07,9.54790257932935e-07
0.06860000000000001,6621.658473425651,0.0,0.0,2.4478874184989454,9.54783608894591e-07,9.547836088945902e-07
0.06865,6621.599849053802,0.0,0.0,2.4479080084181346,9.547687375868462e-07,9.547687375868451e-07
0.0687,6621.5370712816175,0.0,0.0,2.447927027448979,9.547596058750365e-07,9.547596058750357e-07
0.06875,6621.470302221822,0.0,0.0,2.4479444484084483,9.54745319263598e-07,9.54745319263597e-07
0.0688,6621.399523473494,0.0,0.0,2.447960247111288,9.54733401506179e-07,9.547334015061779e-07
0.06885000000000001,6621.32510468464,0.0,0.0,2.4479744003356383,9.54720303293038e-07,9.547203032930372e-07
0.0689,6621.246668829559,0.0,0.0,2.447986888878973,9.547049813961727e-07,9.547049813961716e-07
0.06895,6621.16494900982,0.0,0.0,2.4479976941920896,9.546937049061147e-07,9.546937049061137e-07
0.069,6621.079479610893,0.0,0.0,2.4480068016028333,9.546750140814108e-07,9.5467501408141e-07
0.06905,6620.990807716366,0.0,0.0,2.4480141976372383,9.54665087875857e-07,9.546650878758562e-07
0.06910000000000001,6620.898720287339,0.0,0.0,2.44801987219133,9.546438218514006e-07,9.546438218513996e-07
0.06915,6620.803749705231,0.0,0.0,2.4480238169620088,9.546349131965416e-07,9.546349131965405e-07
0.0692,6620.705558972653,0.0,0.0,2.4480260264732743,9.546113268687773e-07,9.546113268687762e-07
0.06925,6620.604621474707,0.0,0.0,2.4480264975522465,9.546030395147735e-07,9.546030395147725e-07
0.0693,6620.501116166871,0.0,0.0,2.448025229538256,9.54578395888133e-07,9.545783958881318e-07
0.06935000000000001,6620.394731344425,0.0,0.0,2.448022224150089,9.545691753847599e-07,9.54569175384759e-07
0.0694,6620.28634216745,0.0,0.0,2.4480174858187036,9.545451252929205e-07,9.545451252929195e-07
0.06945,6620.1753283949665,0.0,0.0,2.448011020946448,9.54534016821687e-07,9.54534016821686e-07
0.0695,6620.06259699893,0.0,0.0,2.448002839116604,9.545113270648927e-07,9.545113270648917e-07
0.06955,6619.947474240971,0.0,0.0,2.4479929513464587,9.544976667687755e-07,9.544976667687747e-07
0.06960000000000001,6619.83119444118,0.0,0.0,2.4479813723905672,9.544776512054123e-07,9.544776512054115e-07
0.06965,6619.712635827129,0.0,0.0,2.4479681178516906,9.544600774549472e-07,9.544600774549461e-07
0.0697,6619.593244407983,0.0,0.0,2.4479532072864147,9.544439945928344e-07,9.544439945928335e-07
0.06975,6619.472191105145,0.0,0.0,2.4479366612993223,9.544221715147915e-07,9.544221715147904e-07
0.0698,6619.35024057916,0.0,0.0,2.447918503659763,9.54409914547764e-07,9.54409914547763e-07
0.06985000000000001,6619.227291704925,0.0,0.0,2.447898760064112,9.543843526655535e-07,9.543843526655524e-07
0.0699,6619.103669242312,0.0,0.0,2.4478774583622243,9.543758127546687e-07,9.543758127546679e-07
0.06995,6618.979399492518,0.0,0.0,2.447854629152032,9.543465899241286e-07,9.543465899241278e-07
0.07,6618.854713845637,0.0,0.0,2.4478303041130527,9.543416721383718e-07,9.54341672138371e-07
0.07005,6618.730066399528,0.0,0.0,2.4478045186545665,9.543098494153758e-07,9.543098494153747e-07
0.07010000000000001,6618.604914927453,0.0,0.0,2.447777308370533,9.543068492313879e-07,9.543068492313868e-07
0.07015,6618.480396372789,0.0,0.0,2.4477487127472584,9.542745509513301e-07,9.54274550951329e-07
0.0702,6618.355867729857,0.0,0.0,2.4477187715995177,9.542720644645292e-07,9.542720644645281e-07
0.07025,6618.232008408341,0.0,0.0,2.447687527997102,9.54240331077573e-07,9.54240331077572e-07
0.0703,6618.10864147969,0.0,0.0,2.4476550259359784,9.542373802065593e-07,9.542373802065585e-07
0.07035000000000001,6617.986437252991,0.0,0.0,2.447621311734732,9.542081054968873e-07,9.542081054968864e-07
0.0704,6617.864855127441,0.0,0.0,2.447586433243577,9.542024921418471e-07,9.542024921418463e-07
0.07045,6617.744779723344,0.0,0.0,2.4475504397943464,9.541777796903923e-07,9.541777796903914e-07
0.07050000000000001,6617.625951275223,0.0,0.0,2.447513382870407,9.541684904839988e-07,9.54168490483998e-07
0.07055,6617.508646588745,0.0,0.0,2.447475314662363,9.541488030497028e-07,9.541488030497018e-07
0.07060000000000001,6617.39296942024,0.0,0.0,2.4474362892703607,9.541355939563484e-07,9.541355939563476e-07
0.07065,6617.27942911648,0.0,0.0,2.4473963625625226,9.541218041880907e-07,9.541218041880898e-07
0.0707,6617.167503532622,0.0,0.0,2.4473555902121844,9.541038381173198e-07,9.541038381173188e-07
0.07075000000000001,6617.058137951955,0.0,0.0,2.4473140313526325,9.54096337354382e-07,9.54096337354381e-07
0.0708,6616.950857447437,0.0,0.0,2.447271743594803,9.540743983383236e-07,9.540743983383225e-07
0.07085000000000001,6616.8462604259585,0.0,0.0,2.447228788569589,9.540718636300587e-07,9.540718636300578e-07
0.0709,6616.744064593388,0.0,0.0,2.4471852253349327,9.540474862706018e-07,9.54047486270601e-07
0.07095,6616.645022466655,0.0,0.0,2.4471411181746747,9.54048833296872e-07,9.540488332968712e-07
0.07100000000000001,6616.548472556473,0.0,0.0,2.4470965273536396,9.54023030650066e-07,9.540230306500652e-07
0.07105,6616.455319354189,0.0,0.0,2.447051518016587,9.540271063962689e-07,9.54027106396268e-07
0.0711,6616.365324177186,0.0,0.0,2.4470061532906997,9.540018963571243e-07,9.540018963571235e-07
0.07115,6616.278388619919,0.0,0.0,2.4469604976532158,9.540061226805678e-07,9.54006122680567e-07
0.0712,6616.195293208934,0.0,0.0,2.4469146166563394,9.539841661012478e-07,9.53984166101247e-07
0.07125000000000001,6616.115415421773,0.0,0.0,2.4468685740126066,9.539868134346878e-07,9.53986813434687e-07
0.0713,6616.039550861024,0.0,0.0,2.4468224373429592,9.539691447036025e-07,9.539691447036014e-07
0.07135,6615.966966146669,0.0,0.0,2.44677626919638,9.539693421858306e-07,9.539693421858298e-07
0.0714,6615.899091937572,0.0,0.0,2.446730138976797,9.539575208878762e-07,9.539575208878753e-07
0.07145,6615.8341502060375,0.0,0.0,2.4466841077826262,9.53953395347595e-07,9.53953395347594e-07
0.07150000000000001,6615.774325134068,0.0,0.0,2.4466382455758002,9.539489504404988e-07,9.53948950440498e-07
0.07155,6615.717890305623,0.0,0.0,2.4465926134159965,9.53940233913978e-07,9.53940233913977e-07
0.0716,6615.666225995157,0.0,0.0,2.446547279726673,9.539424232184192e-07,9.539424232184184e-07
0.07165,6615.618415742423,0.0,0.0,2.4465023061805242,9.539300809743733e-07,9.539300809743724e-07
0.0717,6615.575532201661,0.0,0.0,2.4464577587769885,9.539385416344175e-07,9.539385416344167e-07
0.07175000000000001,6615.536610509224,0.0,0.0,2.446413699669878,9.539226989884737e-07,9.539226989884729e-07
0.0718,6615.502411802812,0.0,0.0,2.4463701917177487,9.539367078277913e-07,9.539367078277904e-07
0.07185,6615.472911531253,0.0,0.0,2.446327297823084,9.539191616201181e-07,9.539191616201173e-07
0.0719,6615.447580733549,0.0,0.0,2.4462850768324502,9.539362920181075e-07,9.539362920181066e-07
0.07195,6615.42740788678,0.0,0.0,2.4462435914262275,9.539193981782193e-07,9.539193981782182e-07
0.07200000000000001,6615.4113998226785,0.0,0.0,2.446202897801333,9.539377971044337e-07,9.53937797104433e-07
0.07205,6615.400523650525,0.0,0.0,2.4461630566995614,9.53923011235112e-07,9.53923011235111e-07
0.0721,6615.39382747623,0.0,0.0,2.446124121588861,9.539411260283567e-07,9.539411260283557e-07
0.07215,6615.392517168429,0.0,0.0,2.446086151065047,9.539304792028735e-07,9.539304792028724e-07
0.0722,6615.395142276019,0.0,0.0,2.4460491964002364,9.539459262206915e-07,9.539459262206907e-07
0.07225000000000001,6615.403166762898,0.0,0.0,2.4460133121392613,9.539414699886008e-07,9.539414699886e-07
0.0723,6615.4154207432075,0.0,0.0,2.44597854818892,9.539530185548038e-07,9.539530185548027e-07
0.07235,6615.432611814192,0.0,0.0,2.445944954689365,9.539551452744147e-07,9.539551452744138e-07
0.0724,6615.454252291111,0.0,0.0,2.445912578965594,9.539625974007618e-07,9.53962597400761e-07
0.07245,6615.480817481206,0.0,0.0,2.445881467681256,9.53971697010004e-07,9.53971697010003e-07
0.07250000000000001,6615.51156686431,0.0,0.0,2.44585166454888,9.539743866770056e-07,9.539743866770048e-07
0.07255,6615.547175219173,0.0,0.0,2.4458232122501067,9.539906214854308e-07,9.5399062148543e-07
0.0726,6615.5871892716605,0.0,0.0,2.445796151077272,9.539893549480548e-07,9.53989354948054e-07
0.07265,6615.631540791572,0.0,0.0,2.4457705198408335,9.540108809672703e-07,9.540108809672695e-07
0.0727,6615.680296250726,0.0,0.0,2.4457463541841755,9.540074838210943e-07,9.540074838210934e-07
0.07275000000000001,6615.733516206589,0.0,0.0,2.4457236898520898,9.540329526486758e-07,9.540329526486748e-07
0.0728,6615.790694413903,0.0,0.0,2.445702557202564,9.540283087669562e-07,9.540283087669554e-07
0.07285,6615.852168719371,0.0,0.0,2.4456829881855726,9.54056268084918e-07,9.54056268084917e-07
0.0729,6615.91777957466,0.0,0.0,2.4456650093915804,9.540525275434722e-07,9.540525275434713e-07
0.07295,6615.987111457685,0.0,0.0,2.445648647029186,9.540802811413989e-07,9.54080281141398e-07
0.07300000000000001,6616.060553630485,0.0,0.0,2.445633924244693,9.540796580176935e-07,9.540796580176926e-07
0.07305,6616.137598852154,0.0,0.0,2.4456208619356143,9.54105629808529e-07,9.541056298085282e-07
0.0731,6616.2184359212215,0.0,0.0,2.4456094793255736,9.541089926624675e-07,9.541089926624667e-07
0.07315,6616.302513640736,0.0,0.0,2.445599790957419,9.541321483481748e-07,9.541321483481738e-07
0.0732,6616.390540209847,0.0,0.0,2.445591813523404,9.541407240305493e-07,9.541407240305483e-07
0.07325000000000001,6616.48114552674,0.0,0.0,2.445585554417708,9.54159602044961e-07,9.5415960204496e-07
0.0733,6616.575632718836,0.0,0.0,2.4455810269137,9.541742055877107e-07,9.541742055877096e-07
0.07335,6616.6725321828335,0.0,0.0,2.4455782328834688,9.541886621306551e-07,9.54188662130654e-07
0.0734,6616.7728155324,0.0,0.0,2.4455771807829607,9.542085714638418e-07,9.54208571463841e-07
0.07345,6616.875376565516,0.0,0.0,2.4455778676809494,9.542193768228774e-07,9.542193768228763e-07
0.07350000000000001,6616.9810662695945,0.0,0.0,2.4455802967774645,9.542438121224238e-07,9.54243812122423e-07
0.07355,6617.088651529435,0.0,0.0,2.445584461114506,9.54251375390184e-07,9.542513753901832e-07
0.0736,6617.19895888746,0.0,0.0,2.4455903572134563,9.542794883447198e-07,9.54279488344719e-07
0.07365000000000001,6617.3112686321465,0.0,0.0,2.4455979755755655,9.542851336938113e-07,9.542851336938105e-07
0.0737,6617.425423167208,0.0,0.0,2.445607305395985,9.54314786287165e-07,9.54314786287164e-07
0.07375000000000001,6617.541644739421,0.0,0.0,2.4456183344154527,9.543204545200414e-07,9.543204545200405e-07
0.0738,6617.659289582482,0.0,0.0,2.4456310449881737,9.543500391453005e-07,9.543500391452997e-07
0.07385,6617.778655085351,0.0,0.0,2.4456454217551338,9.543566715597126e-07,9.543566715597115e-07
0.07390000000000001,6617.898962819175,0.0,0.0,2.445661440756027,9.543849733123188e-07,9.54384973312318e-07
0.07395,6618.020984241083,0.0,0.0,2.445679083257767,9.543939865362272e-07,9.543939865362262e-07
0.07400000000000001,6618.143289883719,0.0,0.0,2.445698319734176,9.54419235817737e-07,9.544192358177361e-07
0.07405,6618.2670312925375,0.0,0.0,2.4457191268556855,9.54431821592893e-07,9.544318215928922e-07
0.0741,6618.39090839851,0.0,0.0,2.4457414716283,9.54453337038226e-07,9.544533370382249e-07
0.07415000000000001,6618.515597858301,0.0,0.0,2.445765325050632,9.544694540794389e-07,9.54469454079438e-07
0.0742,6618.640199983677,0.0,0.0,2.445790650742048,9.54487144583132e-07,9.544871445831312e-07
0.07425000000000001,6618.765292102194,0.0,0.0,2.4458174148813048,9.545068608695418e-07,9.545068608695408e-07
0.0743,6618.889924932196,0.0,0.0,2.4458455777630284,9.545204926777358e-07,9.54520492677735e-07
0.07435,6619.014541532879,0.0,0.0,2.4458751002092987,9.545434133893046e-07,9.545434133893035e-07
0.07440000000000001,6619.1386348405695,0.0,0.0,2.4459059401825223,9.545537340623842e-07,9.545537340623834e-07
0.07445,6619.262075535201,0.0,0.0,2.445938053343051,9.545785660817333e-07,9.545785660817324e-07
0.0745,6619.384785467873,0.0,0.0,2.4459713944450088,9.545866723779178e-07,9.54586672377917e-07
0.07455,6619.506505954898,0.0,0.0,2.446005915884057,9.546123054777736e-07,9.546123054777725e-07
0.0746,6619.62707097806,0.0,0.0,2.446041568530328,9.546189585246688e-07,9.546189585246678e-07
0.07465000000000001,6619.74629740213,0.0,0.0,2.446078301431268,9.546443590763884e-07,9.546443590763876e-07
0.0747,6619.864182238614,0.0,0.0,2.4461160627686467,9.546506705149282e-07,9.546506705149271e-07
0.07475,6619.980191818443,0.0,0.0,2.446154798339246,9.54674368410758e-07,9.54674368410757e-07
0.0748,6620.094606929258,0.0,0.0,2.4461944534998183,9.546814611279351e-07,9.546814611279343e-07
0.07485,6620.20691042638,0.0,0.0,2.446234971498148,9.54702609267679e-07,9.547026092676779e-07
0.07490000000000001,6620.3171642408915,0.0,0.0,2.4462762951028196,9.547107844279298e-07,9.54710784427929e-07
0.07495,6620.425007910344,0.0,0.0,2.4463183649602356,9.547290055777976e-07,9.547290055777968e-07
0.075,6620.530623808767,0.0,0.0,2.446361122468959,9.547385923011661e-07,9.547385923011653e-07
0.07505,6620.633356331348,0.0,0.0,2.4464045050669077,9.547533992292516e-07,9.547533992292507e-07
0.0751,6620.733623391819,0.0,0.0,2.4464484531370436,9.547644845136409e-07,9.5476448451364e-07
0.07515000000000001,6620.830808954262,0.0,0.0,2.4464929019820865,9.547760798463806e-07,9.547760798463798e-07
0.0752,6620.925118982312,0.0,0.0,2.446537790747619,9.547880065198454e-07,9.547880065198445e-07
0.07525,6621.016110591899,0.0,0.0,2.4465830530681494,9.54796940497913e-07,9.54796940497912e-07
0.0753,6621.104028455273,0.0,0.0,2.4466286272365494,9.548091590918919e-07,9.54809159091891e-07
0.07535,6621.188323799869,0.0,0.0,2.4466744458468517,9.54815818470077e-07,9.54815818470076e-07
0.07540000000000001,6621.269248721587,0.0,0.0,2.446720446014884,9.5482768349992e-07,9.548276834999192e-07
0.07545,6621.3464566117345,0.0,0.0,2.446766560767331,9.5483275898929e-07,9.548327589892891e-07
0.0755,6621.419920784002,0.0,0.0,2.446812725553755,9.54843432460679e-07,9.54843432460678e-07
0.07555,6621.489550281816,0.0,0.0,2.4468588743125985,9.548475469151272e-07,9.548475469151264e-07
0.0756,6621.555197958866,0.0,0.0,2.4469049414796795,9.548564935599608e-07,9.548564935599597e-07
0.07565000000000001,6621.616834579305,0.0,0.0,2.4469508622769935,9.548599437394725e-07,9.548599437394716e-07
0.0757,6621.6742604082065,0.0,0.0,2.446996570040952,9.548668637268762e-07,9.54866863726875e-07
0.07575,6621.7275921305245,0.0,0.0,2.447042001874617,9.548698456694997e-07,9.548698456694988e-07
0.0758,6621.776476824102,0.0,0.0,2.44708709082154,9.54874572328682e-07,9.54874572328681e-07
0.07585,6621.821146749143,0.0,0.0,2.4471317753272532,9.548770552073245e-07,9.548770552073234e-07
0.07590000000000001,6621.861270671551,0.0,0.0,2.4471759894443585,9.548797512240327e-07,9.548797512240318e-07
0.07595,6621.897003774362,0.0,0.0,2.4472196726953874,9.548814203810751e-07,9.548814203810743e-07
0.076,6621.928122896077,0.0,0.0,2.4472627607751205,9.548824290746258e-07,9.54882429074625e-07
0.07605,6621.9547420336285,0.0,0.0,2.4473051946105087,9.548828963626874e-07,9.548828963626863e-07
0.0761,6621.976677338693,0.0,0.0,2.4473469121242464,9.5488262562611e-07,9.54882625626109e-07
0.07615000000000001,6621.994010450844,0.0,0.0,2.4473878553739192,9.54881445159561e-07,9.548814451595601e-07
0.0762,6622.006654213979,0.0,0.0,2.447427965500143,9.548803198431381e-07,9.548803198431373e-07
0.07625,6622.014611500067,0.0,0.0,2.4474671858322843,9.548771389364212e-07,9.548771389364204e-07
0.0763,6622.017868884076,0.0,0.0,2.447505460693148,9.548754386119315e-07,9.548754386119305e-07
0.07635,6622.016419504624,0.0,0.0,2.447542735598264,9.548700446403488e-07,9.54870044640348e-07
0.07640000000000001,6622.010268540267,0.0,0.0,2.447578957880335,9.54867945967109e-07,9.548679459671082e-07
0.07645,6621.999427722308,0.0,0.0,2.4476140756530467,9.548603106646782e-07,9.54860310664677e-07
0.0765,6621.983888052439,0.0,0.0,2.447648039739468,9.548576958388996e-07,9.548576958388986e-07
0.07655,6621.963727902847,0.0,0.0,2.447680801116458,9.54848168193724e-07,9.548481681937232e-07
0.0766,6621.938895708986,0.0,0.0,2.4477123140011154,9.548446546944816e-07,9.548446546944808e-07
0.07665000000000001,6621.909510674249,0.0,0.0,2.4477425330649916,9.548336995274988e-07,9.54833699527498e-07
0.0767,6621.8755350387755,0.0,0.0,2.447771415912692,9.548288936914464e-07,9.548288936914455e-07
0.07675,6621.837110121681,0.0,0.0,2.4477989210478097,9.548170746650099e-07,9.54817074665009e-07
0.07680000000000001,6621.79415392852,0.0,0.0,2.447825009972143,9.548103651493223e-07,9.548103651493215e-07
0.07685,6621.746915230634,0.0,0.0,2.447849645119053,9.54798497804264e-07,9.547984978042632e-07
0.07690000000000001,6621.695249355518,0.0,0.0,2.4478727920390813,9.54789227533676e-07,9.547892275336752e-07
0.07695,6621.639422460672,0.0,0.0,2.4478944174240485,9.547779075592028e-07,9.54777907559202e-07
0.077,6621.579360081191,0.0,0.0,2.4479144910140627,9.547657950208638e-07,9.54765795020863e-07
0.07705000000000001,6621.515286669541,0.0,0.0,2.4479329838941215,9.547553231483282e-07,9.547553231483273e-07
0.0771,6621.447118340363,0.0,0.0,2.447949870256921,9.547401851516906e-07,9.547401851516898e-07
0.07715000000000001,6621.375184912897,0.0,0.0,2.4479651257189485,9.547308745892187e-07,9.547308745892178e-07
0.0772,6621.299344076861,0.0,0.0,2.447978728971059,9.54712699319807e-07,9.547126993198061e-07
0.07725,6621.219872481723,0.0,0.0,2.4479906604548978,9.547043374706027e-07,9.547043374706019e-07
0.07730000000000001,6621.13683275496,0.0,0.0,2.4480009034111556,9.546838400375606e-07,9.546838400375597e-07
0.07735,6621.050318741145,0.0,0.0,2.4480094431965047,9.546757278604564e-07,9.546757278604555e-07
0.07740000000000001,6620.960475315423,0.0,0.0,2.448016267745643,9.546536767416113e-07,9.546536767416104e-07
0.07745,6620.867417485733,0.0,0.0,2.4480213673756,9.546452613532376e-07,9.546452613532368e-07
0.0775,6620.771363554425,0.0,0.0,2.4480247348107347,9.546225516879988e-07,9.54622551687998e-07
0.07755000000000001,6620.672191289991,0.0,0.0,2.448026365333612,9.546127885229282e-07,9.546127885229274e-07
0.0776,6620.570490329324,0.0,0.0,2.4480262565880118,9.54590858008749e-07,9.545908580087484e-07
0.07765,6620.465848399657,0.0,0.0,2.4480244087237817,9.54578591687855e-07,9.545785916878542e-07
0.0777,6620.358972911342,0.0,0.0,2.4480208244252197,9.545584763130268e-07,9.54558476313026e-07
0.07775,6620.249482602335,0.0,0.0,2.4480155086372575,9.545431251512773e-07,9.545431251512767e-07
0.07780000000000001,6620.13811099767,0.0,0.0,2.448008469131721,9.54525589012828e-07,9.545255890128271e-07
0.07785,6620.024321137964,0.0,0.0,2.447999715579859,9.545064632348744e-07,9.545064632348737e-07
0.0779,6619.9090592920675,0.0,0.0,2.447989260781617,9.544923625811726e-07,9.544923625811717e-07
0.07795,6619.791738531856,0.0,0.0,2.447977119190104,9.544691406124783e-07,9.544691406124775e-07
0.078,6619.673117020362,0.0,0.0,2.4479633083765115,9.544584932465118e-07,9.54458493246511e-07
0.07805000000000001,6619.552973130014,0.0,0.0,2.447947847672189,9.544317585469412e-07,9.544317585469403e-07
0.0781,6619.431717806984,0.0,0.0,2.4479307592234996,9.544240085812194e-07,9.544240085812185e-07
0.07815,6619.309342354259,0.0,0.0,2.4479120671418086,9.543944873979451e-07,9.543944873979443e-07
0.0782,6619.186168077449,0.0,0.0,2.447891797966573,9.54389104228896e-07,9.543891042288954e-07
0.07825,6619.062349001806,0.0,0.0,2.4478699806282225,9.54357777973438e-07,9.543577779734371e-07
0.07830000000000001,6618.937817105801,0.0,0.0,2.4478466457058383,9.543534855888603e-07,9.543534855888595e-07
0.07835,6618.81329145484,0.0,0.0,2.4478218268795047,9.54322239836762e-07,9.543222398367612e-07
0.0784,6618.688238356442,0.0,0.0,2.44779555867623,9.543173550428369e-07,9.54317355042836e-07
0.07845,6618.563539242183,0.0,0.0,2.4477678791276736,9.542877471971548e-07,9.54287747197154e-07
0.0785,6618.438739663141,0.0,0.0,2.447738826765172,9.542812105514963e-07,9.542812105514955e-07
0.07855000000000001,6618.314666585346,0.0,0.0,2.447708443656205,9.542545384040268e-07,9.54254538404026e-07
0.0786,6618.190696627711,0.0,0.0,2.4476767720014685,9.54244990245136e-07,9.542449902451352e-07
0.07865,6618.067971022435,0.0,0.0,2.447643857739398,9.542229495946985e-07,9.542229495946978e-07
0.0787,6617.945686794844,0.0,0.0,2.447609746703036,9.54209214104626e-07,9.542092141046252e-07
0.07875,6617.824811665207,0.0,0.0,2.447574488097159,9.54192513440045e-07,9.541925134400444e-07
0.07880000000000001,6617.70495184589,0.0,0.0,2.447538131262899,9.541746379354478e-07,9.54174637935447e-07
0.07885,6617.586748705169,0.0,0.0,2.4475007285062964,9.541632771777621e-07,9.541632771777613e-07
0.0789,6617.469846716443,0.0,0.0,2.447462332218224,9.541413336782921e-07,9.541413336782913e-07
0.07895,6617.3549852966835,0.0,0.0,2.4474229975892117,9.541353326615555e-07,9.541353326615547e-07
0.079,6617.241844663662,0.0,0.0,2.447382779902239,9.541099393433472e-07,9.541099393433463e-07
0.07905000000000001,6617.130842419791,0.0,0.0,2.4473417366664814,9.541082082567014e-07,9.541082082567006e-07
0.0791,6617.022130477038,0.0,0.0,2.447299925873692,9.540810755627007e-07,9.540810755627e-07
0.07915,6616.915722840598,0.0,0.0,2.44725740716747,9.54081957067192e-07,9.54081957067191e-07
0.0792,6616.811923584483,0.0,0.0,2.447214240767747,9.54054731279525e-07,9.540547312795242e-07
0.07925,6616.710745697503,0.0,0.0,2.4471704879650367,9.540568539413532e-07,9.540568539413524e-07
0.07930000000000001,6616.61256808425,0.0,0.0,2.4471262112568337,9.540312099701787e-07,9.54031209970178e-07
0.07935,6616.517039568685,0.0,0.0,2.4470814728367514,9.5403268181579e-07,9.540326818157892e-07
0.0794,6616.425072410817,0.0,0.0,2.44703633729383,9.54010852909716e-07,9.540108529097154e-07
0.07945,6616.335861441491,0.0,0.0,2.446990867448578,9.54009802742422e-07,9.54009802742421e-07
0.0795,6616.250459106186,0.0,0.0,2.4469451293644213,9.53993253626673e-07,9.539932536266723e-07
0.07955000000000001,6616.168131142491,0.0,0.0,2.4468991863212515,9.53988838838237e-07,9.539888388382361e-07
0.0796,6616.089879823168,0.0,0.0,2.4468531056121523,9.539783620265892e-07,9.539783620265883e-07
0.07965,6616.014756905283,0.0,0.0,2.446806950327974,9.539698061693999e-07,9.53969806169399e-07
0.07970000000000001,6615.9441138193015,0.0,0.0,2.4467607885841614,9.539662619199631e-07,9.539662619199623e-07
0.07975,6615.876814051247,0.0,0.0,2.446714683606793,9.539532707039816e-07,9.539532707039807e-07
0.07980000000000001,6615.813946752286,0.0,0.0,2.446668702981786,9.539562295845828e-07,9.53956229584582e-07
0.07985,6615.754918549273,0.0,0.0,2.446622910341114,9.539399450983387e-07,9.539399450983378e-07
0.0799,6615.70032049416,0.0,0.0,2.4465773722575763,9.539481952162004e-07,9.539481952161996e-07
0.07995000000000001,6615.649749565173,0.0,0.0,2.4465321522592105,9.539297120270903e-07,9.539297120270895e-07
0.08,6615.603709165444,0.0,0.0,2.4464873154063844,9.539421984096428e-07,9.53942198409642e-07
0.08005000000000001,6615.562061441491,0.0,0.0,2.446442925324823,9.539230214011763e-07,9.539230214011754e-07
0.0801,6615.5246714059795,0.0,0.0,2.446399044460438,9.53937699257771e-07,9.539376992577699e-07
0.08015,6615.492187403947,0.0,0.0,2.4463557364630617,9.5392022799476e-07,9.539202279947592e-07
0.08020000000000001,6615.4638234261665,0.0,0.0,2.4463130612091915,9.539348652975193e-07,9.539348652975185e-07
0.08025,6615.440500514897,0.0,0.0,2.446271081348053,9.539209226738373e-07,9.539209226738363e-07
0.08030000000000001,6615.421378459513,0.0,0.0,2.4462298542945695,9.539340482270996e-07,9.539340482270986e-07
0.08035,6615.407452221288,0.0,0.0,2.446189441231315,9.53925108514388e-07,9.539251085143871e-07
0.0804,6615.39756573683,0.0,0.0,2.446149896864926,9.539350780061436e-07,9.539350780061428e-07
0.08045000000000001,6615.393095642946,0.0,0.0,2.4461112802852103,9.539327637203457e-07,9.539327637203446e-07
0.0805,6615.39267207433,0.0,0.0,2.4460736437004305,9.539383659276589e-07,9.53938365927658e-07
0.08055000000000001,6615.397488364059,0.0,0.0,2.4460370430859975,9.53943181700207e-07,9.53943181700206e-07
0.0806,6615.406604526374,0.0,0.0,2.4460015284351684,9.539444778725193e-07,9.539444778725187e-07
0.08065,6615.420765268783,0.0,0.0,2.445967152069301,9.53956052818909e-07,9.539560528189082e-07
0.08070000000000001,6615.439221829067,0.0,0.0,2.4459339612686297,9.539533507323039e-07,9.539533507323033e-07
0.08075,6615.462683056116,0.0,0.0,2.445902004574355,9.539712681417396e-07,9.539712681417387e-07
0.08080000000000001,6615.4905115731,0.0,0.0,2.4458713265618255,9.539653124384086e-07,9.539653124384078e-07
0.08085,6615.522956094537,0.0,0.0,2.4458419712396444,9.539880779422866e-07,9.539880779422858e-07
0.0809,6615.5600324378065,0.0,0.0,2.4458139803462378,9.539807865667064e-07,9.539807865667056e-07
0.08095000000000001,6615.601431252449,0.0,0.0,2.445787393515062,9.540063509055011e-07,9.540063509055005e-07
0.081,6615.647367192339,0.0,0.0,2.445762248889977,9.53999393236451e-07,9.539993932364502e-07
0.08105,6615.6975118560595,0.0,0.0,2.445738581712387,9.540261532837177e-07,9.540261532837169e-07
0.0811,6615.752175758542,0.0,0.0,2.4457164266383087,9.540211800498132e-07,9.540211800498124e-07
0.08115,6615.810646515381,0.0,0.0,2.445695813747353,9.540470699164948e-07,9.54047069916494e-07
0.08120000000000001,6615.873723233115,0.0,0.0,2.4456767741130228,9.54046114073075e-07,9.540461140730743e-07
0.08125,6615.940337956238,0.0,0.0,2.4456593330537566,9.54069309811122e-07,9.540693098111211e-07
0.0813,6616.011304623274,0.0,0.0,2.4456435172554576,9.54073494890615e-07,9.540734948906142e-07
0.08135,6616.0857075679205,0.0,0.0,2.4456293471021584,9.540931965335539e-07,9.54093196533553e-07
0.0814,6616.164278133107,0.0,0.0,2.4456168452037543,9.541030550854488e-07,9.54103055085448e-07
0.08145000000000001,6616.245933682789,0.0,0.0,2.445606026615878,9.541185656648262e-07,9.541185656648254e-07
0.0815,6616.331635319785,0.0,0.0,2.445596909578733,9.541344838628868e-07,9.54134483862886e-07
0.08155,6616.420225048365,0.0,0.0,2.4455895042898934,9.541457336615953e-07,9.541457336615944e-07
0.0816,6616.51242602622,0.0,0.0,2.4455838237720053,9.54167012031177e-07,9.541670120311762e-07
0.08165,6616.607486850674,0.0,0.0,2.445579873931963,9.541749854488933e-07,9.541749854488924e-07
0.08170000000000001,6616.705743986472,0.0,0.0,2.445577662353316,9.542003056596632e-07,9.542003056596623e-07
0.08175,6616.806623064847,0.0,0.0,2.4455771904507007,9.542060670998582e-07,9.542060670998573e-07
0.0818,6616.910390369689,0.0,0.0,2.445578460247491,9.542342054869662e-07,9.542342054869656e-07
0.08185,6617.016641587067,0.0,0.0,2.4455814692477054,9.542390120101038e-07,9.54239012010103e-07
0.0819,6617.1251775540095,0.0,0.0,2.4455862130823274,9.542681294662402e-07,9.542681294662394e-07
0.08195000000000001,6617.236216719693,0.0,0.0,2.445592685864415,9.542738461466537e-07,9.542738461466529e-07
0.082,6617.3490308165765,0.0,0.0,2.4456008769390993,9.543020404428457e-07,9.543020404428448e-07
0.08205,6617.464078337134,0.0,0.0,2.4456107764584356,9.543099840081632e-07,9.543099840081626e-07
0.0821,6617.580567183413,0.0,0.0,2.445622368145546,9.543360596397548e-07,9.543360596397542e-07
0.08215,6617.699051147227,0.0,0.0,2.445635638192315,9.543471641900794e-07,9.543471641900785e-07
0.08220000000000001,6617.818456516813,0.0,0.0,2.445650564509551,9.543699233075593e-07,9.543699233075585e-07
0.08225,6617.939689017872,0.0,0.0,2.445667129244798,9.543851302411585e-07,9.543851302411577e-07
0.0823,6618.0614774229725,0.0,0.0,2.4456853055476033,9.544038029213903e-07,9.544038029213895e-07
0.08235,6618.184612192815,0.0,0.0,2.4457050706084758,9.544231401625111e-07,9.544231401625103e-07
0.0824,6618.308131111744,0.0,0.0,2.4457263934757316,9.544379149420084e-07,9.544379149420078e-07
0.08245000000000001,6618.43254708388,0.0,0.0,2.445749246401729,9.544608529519287e-07,9.544608529519278e-07
0.0825,6618.557016559543,0.0,0.0,2.445773594614941,9.54472049229622e-07,9.544720492296212e-07
0.08255,6618.681989575824,0.0,0.0,2.4457994052865906,9.544979596022415e-07,9.544979596022407e-07
0.0826,6618.806798237891,0.0,0.0,2.4458266404735522,9.54506278369643e-07,9.545062783696423e-07
0.08265,6618.931527495365,0.0,0.0,2.445855262043272,9.545339069370189e-07,9.54533906937018e-07
0.08270000000000001,6619.055974362441,0.0,0.0,2.445885229149125,9.545406062005065e-07,9.545406062005057e-07
0.08275,6619.179832183774,0.0,0.0,2.4459164988973985,9.545685026710674e-07,9.545685026710665e-07
0.0828,6619.303110511674,0.0,0.0,2.4459490273824525,9.54574658102138e-07,9.545746581021375e-07
0.08285000000000001,6619.425420746923,0.0,0.0,2.445982767394562,9.546016867269486e-07,9.546016867269477e-07
0.0829,6619.546888548239,0.0,0.0,2.4460176722317097,9.54608244916697e-07,9.54608244916696e-07
0.08295000000000001,6619.66689264461,0.0,0.0,2.446053690571542,9.546331950707905e-07,9.546331950707897e-07
0.083,6619.785848049498,0.0,0.0,2.4460907731211035,9.546411470625267e-07,9.546411470625259e-07
0.08305,6619.902953464238,0.0,0.0,2.44612886513612,9.546630867325684e-07,9.546630867325677e-07
0.08310000000000001,6620.018628569918,0.0,0.0,2.4461679143713853,9.546728501996316e-07,9.546728501996308e-07
0.08315,6620.132194651343,0.0,0.0,2.4462078634030453,9.54691472685458e-07,9.546914726854573e-07
0.08320000000000001,6620.243983050873,0.0,0.0,2.446248657457949,9.547030589001227e-07,9.547030589001218e-07
0.08325,6620.353304035305,0.0,0.0,2.446290236318826,9.547182299239521e-07,9.547182299239513e-07
0.0833,6620.460566229049,0.0,0.0,2.446332543064714,9.547315186455015e-07,9.547315186455009e-07
0.08335000000000001,6620.565096912578,0.0,0.0,2.4463755155717073,9.547434339815838e-07,9.54743433981583e-07
0.0834,6620.66714787261,0.0,0.0,2.446419094399489,9.547577893282105e-07,9.547577893282096e-07
0.08345000000000001,6620.766300496734,0.0,0.0,2.446463216129949,9.547671124640697e-07,9.547671124640689e-07
0.0835,6620.862617984009,0.0,0.0,2.4465078193632968,9.547817082649658e-07,9.54781708264965e-07
0.08355,6620.955777255749,0.0,0.0,2.4465528394921203,9.54789050752397e-07,9.547890507523961e-07
0.08360000000000001,6621.045811218146,0.0,0.0,2.4465982134373636,9.548031655286816e-07,9.548031655286808e-07
0.08365,6621.132497607764,0.0,0.0,2.446643876202922,9.548091584106993e-07,9.548091584106985e-07
0.08370000000000001,6621.215693790639,0.0,0.0,2.4466897629216304,9.548219830815377e-07,9.548219830815368e-07
0.08375,6621.295411693805,0.0,0.0,2.4467358087475373,9.548272885831306e-07,9.548272885831297e-07
0.0838,6621.371346260794,0.0,0.0,2.4467819475570125,9.548381898376712e-07,9.548381898376706e-07
0.08385000000000001,6621.443592629635,0.0,0.0,2.4468281147704394,9.548431509753366e-07,9.548431509753358e-07
0.0839,6621.511846615369,0.0,0.0,2.4468742435069317,9.548518523680813e-07,9.548518523680805e-07
0.08395000000000001,6621.576235843479,0.0,0.0,2.446920269789061,9.5485656997077e-07,9.54856569970769e-07
0.084,6621.636399221511,0.0,0.0,2.4469661263798064,9.5486296507812e-07,9.54862965078119e-07
0.08405,6621.692554636526,0.0,0.0,2.447011750160312,9.5486738065787e-07,9.54867380657869e-07
0.08410000000000001,6621.744324812462,0.0,0.0,2.4470570742073923,9.548716108233701e-07,9.548716108233693e-07
0.08415,6621.791891804006,0.0,0.0,2.4471020361315015,9.548753917889868e-07,9.54875391788986e-07
0.08420000000000001,6621.834984368493,0.0,0.0,2.447146570206126,9.548778307594912e-07,9.548778307594904e-07
0.08425,6621.873708399395,0.0,0.0,2.4471906148972176,9.548805287785447e-07,9.548805287785438e-07
0.0843,6621.907861563027,0.0,0.0,2.447234106041419,9.548815870482398e-07,9.54881587048239e-07
0.08435000000000001,6621.937523037143,0.0,0.0,2.4472769832289463,9.548827625097735e-07,9.548827625097727e-07
0.0844,6621.962557521122,0.0,0.0,2.4473191845787836,9.548828416779144e-07,9.548828416779136e-07
0.08445,6621.982978809505,0.0,0.0,2.447360650751611,9.548821110464017e-07,9.548821110464009e-07
0.0845,6621.998744648898,0.0,0.0,2.4474013226031825,9.54881502573967e-07,9.548815025739662e-07
0.08455,6622.009827528235,0.0,0.0,2.447441142398959,9.548786665036992e-07,9.548786665036984e-07
0.08460000000000001,6622.016221581504,0.0,0.0,2.447480053785866,9.548774781390426e-07,9.548774781390417e-07
0.08465,6622.017908887707,0.0,0.0,2.447518001084334,9.548725347575618e-07,9.54872534757561e-07
0.0847,6622.014890581227,0.0,0.0,2.4475549311126827,9.548706786615572e-07,9.548706786615566e-07
0.08475,6622.007180756854,0.0,0.0,2.4475907905151923,9.548638821725578e-07,9.54863882172557e-07
0.0848,6621.994758954888,0.0,0.0,2.447625529389781,9.548610231571211e-07,9.548610231571205e-07
0.08485000000000001,6621.977697140883,0.0,0.0,2.447659097405591,9.548528460235685e-07,9.548528460235676e-07
0.0849,6621.955948087166,0.0,0.0,2.447691447903827,9.548485460468516e-07,9.548485460468507e-07
0.08495,6621.929628037072,0.0,0.0,2.447722533978762,9.548395073682654e-07,9.548395073682645e-07
0.085,6621.898668024187,0.0,0.0,2.447752312464828,9.548332897985144e-07,9.548332897985135e-07
0.08505,6621.863248837619,0.0,0.0,2.44778074017953,9.548239990046283e-07,9.548239990046274e-07
0.08510000000000001,6621.823255916718,0.0,0.0,2.4478077776241998,9.548153405324626e-07,9.54815340532462e-07
0.08515,6621.778918217749,0.0,0.0,2.4478333856948242,9.548063317270223e-07,9.548063317270214e-07
0.0852,6621.730145807951,0.0,0.0,2.4478575286265922,9.54794952553347e-07,9.547949525533461e-07
0.08525,6621.677128677569,0.0,0.0,2.4478801717139937,9.54786443792951e-07,9.547864437929501e-07
0.0853,6621.619842568018,0.0,0.0,2.4479012831676843,9.547723405095612e-07,9.547723405095604e-07
0.08535000000000001,6621.558466388714,0.0,0.0,2.4479208327490185,9.547643872388915e-07,9.547643872388906e-07
0.0854,6621.492994416776,0.0,0.0,2.447938792908147,9.547477088395426e-07,9.547477088395418e-07
0.08545,6621.423572498222,0.0,0.0,2.4479551380653652,9.547400955879372e-07,9.547400955879364e-07
0.0855,6621.350326558663,0.0,0.0,2.4479698450073952,9.54721441827021e-07,9.547214418270204e-07
0.08555,6621.273243741075,0.0,0.0,2.447982892964408,9.547134995935298e-07,9.54713499593529e-07
0.08560000000000001,6621.192611719257,0.0,0.0,2.4479942632822964,9.546937638872012e-07,9.546937638872004e-07
0.08565,6621.108338975909,0.0,0.0,2.4480039399797753,9.546847649263831e-07,9.546847649263823e-07
0.0857,6621.020773984964,0.0,0.0,2.44801190916415,9.546648316684993e-07,9.546648316684985e-07
0.08575,6620.929756808244,0.0,0.0,2.4480181597021233,9.546539806944403e-07,9.546539806944396e-07
0.0858,6620.835795270365,0.0,0.0,2.4480226825584883,9.546349420060064e-07,9.546349420060055e-07
0.08585000000000001,6620.738549157492,0.0,0.0,2.448025471448645,9.546212760198045e-07,9.546212760198037e-07
0.0859,6620.638674714609,0.0,0.0,2.4480265223304074,9.546041602832654e-07,9.546041602832645e-07
0.08595,6620.535813336631,0.0,0.0,2.4480258337436744,9.54587083136673e-07,9.545870831366721e-07
0.08600000000000001,6620.430573549343,0.0,0.0,2.4480234066884323,9.545724415149952e-07,9.545724415149944e-07
0.08605,6620.322652054863,0.0,0.0,2.448019244531686,9.545517051591102e-07,9.545517051591094e-07
0.08610000000000001,6620.212676720702,0.0,0.0,2.448013353304042,9.545399210892923e-07,9.545399210892917e-07
0.08615,6620.100321222866,0.0,0.0,2.4480057412095055,9.545154551304011e-07,9.545154551304003e-07
0.0862,6619.9861698631985,0.0,0.0,2.4479964192143377,9.545065091880362e-07,9.545065091880353e-07
0.08625000000000001,6619.870091191734,0.0,0.0,2.447985400399898,9.54478896684345e-07,9.544788966843442e-07
0.0863,6619.752386766673,0.0,0.0,2.4479727005118654,9.544720755595633e-07,9.544720755595624e-07
0.08635000000000001,6619.633204914693,0.0,0.0,2.447958337513428,9.544423721854478e-07,9.544423721854472e-07
0.0864,6619.51266884057,0.0,0.0,2.447942331774636,9.544367986119258e-07,9.54436798611925e-07
0.08645,6619.3910614133465,0.0,0.0,2.4479247061110967,9.544061305562579e-07,9.54406130556257e-07
0.08650000000000001,6619.268316562207,0.0,0.0,2.4479054853024245,9.544006832900787e-07,9.54400683290078e-07
0.08655,6619.145033610303,0.0,0.0,2.4478846970119132,9.543706346864579e-07,9.54370634686457e-07
0.08660000000000001,6619.020786429049,0.0,0.0,2.447862370208024,9.543638093979143e-07,9.543638093979135e-07
0.08665,6618.896453066539,0.0,0.0,2.447838537211476,9.543360000182543e-07,9.543360000182536e-07
0.0867,6618.771490432255,0.0,0.0,2.447813231150296,9.543266275609518e-07,9.54326627560951e-07
0.08675000000000001,6618.64678934817,0.0,0.0,2.4477864887154994,9.543022288955852e-07,9.543022288955844e-07
0.0868,6618.521781469457,0.0,0.0,2.447758346985863,9.54289423524633e-07,9.54289423524632e-07
0.08685000000000001,6618.397465148152,0.0,0.0,2.447728846875756,9.54269520534766e-07,9.542695205347652e-07
0.0869,6618.273143819536,0.0,0.0,2.447698029278694,9.542525256214587e-07,9.542525256214579e-07
0.08695,6618.149823576817,0.0,0.0,2.447665938843543,9.542377321255159e-07,9.54237732125515e-07
0.08700000000000001,6618.026992757767,0.0,0.0,2.4476326203247067,9.542166086726697e-07,9.54216608672669e-07
0.08705,6617.905345259696,0.0,0.0,2.4475981217200427,9.542066534736327e-07,9.542066534736318e-07
0.08710000000000001,6617.784650394692,0.0,0.0,2.44756249138894,9.541820615193734e-07,9.541820615193726e-07
0.08715,6617.665426798192,0.0,0.0,2.447525780418165,9.54176384137222e-07,9.541763841372212e-07
0.0872,6617.547560143334,0.0,0.0,2.4474880405854638,9.541492108631027e-07,9.54149210863102e-07
0.08725000000000001,6617.431360323282,0.0,0.0,2.4474493256010077,9.541467785729095e-07,9.54146778572909e-07
0.0873,6617.317077102648,0.0,0.0,2.4474096905499967,9.541186365696482e-07,9.541186365696474e-07
0.08735000000000001,6617.204551915018,0.0,0.0,2.4473691913784905,9.541177171741395e-07,9.541177171741386e-07
0.0874,6617.094420141002,0.0,0.0,2.4473278861327925,9.540905305905627e-07,9.540905305905618e-07
0.08745,6616.986306892079,0.0,0.0,2.4472858327576668,9.540895379323242e-07,9.540895379323234e-07
0.08750000000000001,6616.880934282588,0.0,0.0,2.447243091871981,9.540649179928279e-07,9.54064917992827e-07
0.08755,6616.777778157466,0.0,0.0,2.44719972308667,9.540623606505248e-07,9.540623606505242e-07
0.0876,6616.677831412311,0.0,0.0,2.447155789315153,9.54042069531091e-07,9.540420695310902e-07
0.08765,6616.580239273859,0.0,0.0,2.447111351441833,9.5403639045061e-07,9.540363904506092e-07
0.0877,6616.486182588395,0.0,0.0,2.4470664742071695,9.540218116643518e-07,9.54021811664351e-07
0.08775000000000001,6616.3948149565285,0.0,0.0,2.4470212197341183,9.540122447083085e-07,9.540122447083076e-07
0.0878,6616.307154691275,0.0,0.0,2.446975653934503,9.54003868755557e-07,9.540038687555563e-07
0.08785,6616.222480152647,0.0,0.0,2.446929839870885,9.539902705706378e-07,9.53990270570637e-07
0.0879,6616.141771066245,0.0,0.0,2.4468838443293537,9.539882396393728e-07,9.53988239639372e-07
0.08795,6616.064294742866,0.0,0.0,2.4468377310859544,9.539707927878364e-07,9.539707927878357e-07
0.08800000000000001,6615.990890864776,0.0,0.0,2.4467915669869678,9.53974596097725e-07,9.539745960977242e-07
0.08805,6615.921156203871,0.0,0.0,2.446745416628526,9.53954423005302e-07,9.539544230053012e-07
0.0881,6615.8554569120215,0.0,0.0,2.4466993463172586,9.539626321844648e-07,9.53962632184464e-07
0.08815,6615.7937982014755,0.0,0.0,2.446653421072596,9.539413803609534e-07,9.539413803609526e-07
0.0882,6615.736244036294,0.0,0.0,2.4466077063245377,9.539524223916779e-07,9.53952422391677e-07
0.08825000000000001,6615.6830107742535,0.0,0.0,2.446562267299849,9.539317590533533e-07,9.539317590533525e-07
0.0883,6615.633858313593,0.0,0.0,2.446517167842143,9.539438574031284e-07,9.539438574031276e-07
0.08835,6615.5894295893895,0.0,0.0,2.446472473263805,9.539258425805327e-07,9.539258425805318e-07
0.0884,6615.54896254728,0.0,0.0,2.446428245540873,9.53936896245797e-07,9.539368962457961e-07
0.08845,6615.513488113049,0.0,0.0,2.4463845493789083,9.539234870422346e-07,9.53923487042234e-07
0.08850000000000001,6615.482055633003,0.0,0.0,2.4463414448314187,9.539319650107856e-07,9.539319650107847e-07
0.08855,6615.455704930315,0.0,0.0,2.4462989954515013,9.539243842421657e-07,9.539243842421648e-07
0.0886,6615.433428618301,0.0,0.0,2.446257259174347,9.539292322570455e-07,9.539292322570447e-07
0.08865,6615.4164039719,0.0,0.0,2.446216297897495,9.539284860168753e-07,9.539284860168745e-07
0.0887,6615.40345023197,0.0,0.0,2.4461761672975557,9.539289160816226e-07,9.539289160816217e-07
0.08875000000000001,6615.395725778383,0.0,0.0,2.446136926864829,9.53935333085517e-07,9.53935333085516e-07
0.0888,6615.392286103928,0.0,0.0,2.4460986303060785,9.539315713592082e-07,9.539315713592076e-07
0.08885,6615.3938778728725,0.0,0.0,2.4460613338551602,9.539444454944613e-07,9.539444454944604e-07
0.0889,6615.399907672438,0.0,0.0,2.446025089074132,9.539373775487683e-07,9.539373775487675e-07
0.08895,6615.410872813584,0.0,0.0,2.4459899487282737,9.539557007535045e-07,9.539557007535037e-07
0.08900000000000001,6615.426357117386,0.0,0.0,2.445955961955249,9.539464423194712e-07,9.539464423194703e-07
0.08905,6615.446537854444,0.0,0.0,2.4459231774381283,9.539686981187248e-07,9.539686981187242e-07
0.0891,6615.471465625176,0.0,0.0,2.445891642035317,9.539590757486496e-07,9.539590757486488e-07
0.08915000000000001,6615.500759771822,0.0,0.0,2.44586139990059,9.539831637777142e-07,9.539831637777136e-07
0.0892,6615.534902808794,0.0,0.0,2.4458324950995696,9.53975151375441e-07,9.539751513754402e-07
0.08925000000000001,6615.573231674251,0.0,0.0,2.445804967439494,9.539992078159414e-07,9.539992078159408e-07
0.0893,6615.6163712294265,0.0,0.0,2.445778857741949,9.53994414147673e-07,9.53994414147672e-07
0.08935,6615.663471985007,0.0,0.0,2.4457542011190627,9.540167879025938e-07,9.54016787902593e-07
0.08940000000000001,6615.715415796959,0.0,0.0,2.4457310350003594,9.540167734222466e-07,9.540167734222458e-07
0.08945,6615.771038322546,0.0,0.0,2.445709389860832,9.54035914682053e-07,9.540359146820523e-07
0.08950000000000001,6615.831388348979,0.0,0.0,2.445689299040568,9.54041778489372e-07,9.540417784893712e-07
0.08955,6615.895326959051,0.0,0.0,2.44567078858083,9.540569639808798e-07,9.54056963980879e-07
0.0896,6615.963705666537,0.0,0.0,2.4456538873458507,9.540688785602618e-07,9.54068878560261e-07
0.08965000000000001,6616.035548214612,0.0,0.0,2.4456386169237456,9.540800447772244e-07,9.540800447772236e-07
0.0897,6616.111619824948,0.0,0.0,2.4456250013855847,9.54097801451708e-07,9.54097801451707e-07
0.08975000000000001,6616.190976265462,0.0,0.0,2.445613057966958,9.541052189985728e-07,9.54105218998572e-07
0.0898,6616.274214483858,0.0,0.0,2.4456028054709624,9.54128015705363e-07,9.541280157053622e-07
0.08985,6616.360726830591,0.0,0.0,2.4455942570929237,9.541327725325503e-07,9.541327725325497e-07
0.08990000000000001,6616.450646663628,0.0,0.0,2.44558742596926,9.541590365750002e-07,9.541590365749994e-07
0.08995,6616.543752420782,0.0,0.0,2.4455823212387595,9.541626104740644e-07,9.541626104740636e-07
0.09000000000000001,6616.639911736781,0.0,0.0,2.4455789503859267,9.54190750242384e-07,9.541907502423832e-07
0.09005,6616.739089551332,0.0,0.0,2.4455773184266203,9.541945458827167e-07,9.541945458827158e-07
0.0901,6616.840871883685,0.0,0.0,2.445577426930671,9.542228559086717e-07,9.542228559086708e-07
0.09015000000000001,6616.945606378362,0.0,0.0,2.445579277084599,9.542285209306652e-07,9.542285209306643e-07
0.0902,6617.0524596869,0.0,0.0,2.4455828644440296,9.542552068590621e-07,9.542552068590613e-07
0.09025000000000001,6617.16207145714,0.0,0.0,2.445588186001704,9.542641196693463e-07,9.542641196693454e-07
0.0903,6617.2734642501255,0.0,0.0,2.445595231888998,9.542879437817124e-07,9.542879437817116e-07
0.09035,6617.387309129213,0.0,0.0,2.4456039946007038,9.543008763929616e-07,9.543008763929607e-07
0.09040000000000001,6617.502577811907,0.0,0.0,2.4456144588596436,9.543210512654357e-07,9.543210512654349e-07
0.09045,6617.620036708033,0.0,0.0,2.445626612752385,9.543384706857514e-07,9.543384706857506e-07
0.09050000000000001,6617.738553829133,0.0,0.0,2.445640436032684,9.54354541352868e-07,9.543545413528672e-07
0.09055,6617.85887568163,0.0,0.0,2.445655911770688,9.54376363499415e-07,9.54376363499414e-07
0.0906,6617.980050278789,0.0,0.0,2.445673015481239,9.543886124067e-07,9.543886124066992e-07
0.09065000000000001,6618.102527540964,0.0,0.0,2.4456917250007577,9.544140305076677e-07,9.544140305076669e-07
0.0907,6618.225633908295,0.0,0.0,2.4457120118525424,9.54423213522361e-07,9.5442321352236e-07
0.09075000000000001,6618.349614414208,0.0,0.0,2.445733848662341,9.54451204663881e-07,9.544512046638802e-07
0.0908,6618.473957792302,0.0,0.0,2.445757203314046,9.544582092568562e-07,9.544582092568554e-07
0.09085,6618.598678071562,0.0,0.0,2.4457820430967576,9.544875046446763e-07,9.544875046446754e-07
0.09090000000000001,6618.7236093547435,0.0,0.0,2.44580833270001,9.544935851246014e-07,9.544935851246007e-07
0.09095,6618.848364736908,0.0,0.0,2.445836034167789,9.545226336107059e-07,9.545226336107052e-07
0.091,6618.973105660947,0.0,0.0,2.445865109067348,9.545290430032472e-07,9.545290430032464e-07
0.09105,6619.097256634212,0.0,0.0,2.4458955146879595,9.545565903017953e-07,9.545565903017947e-07
0.0911,6619.2210867710655,0.0,0.0,2.4459272094287514,9.545642226851308e-07,9.5456422268513e-07
0.09115000000000001,6619.3438925722285,0.0,0.0,2.445960146226354,9.545892504280501e-07,9.545892504280493e-07
0.0912,6619.466131225644,0.0,0.0,2.4459942805053783,9.545988805358118e-07,9.54598880535811e-07
0.09125,6619.586924803144,0.0,0.0,2.4460295612333027,9.546205819868151e-07,9.546205819868143e-07
0.0913,6619.706810890335,0.0,0.0,2.446065940730401,9.546325719006394e-07,9.546325719006385e-07
0.09135,6619.824962247048,0.0,0.0,2.446103364850417,9.546507025285603e-07,9.546507025285594e-07
0.09140000000000001,6619.9418012331325,0.0,0.0,2.4461417826797853,9.546648834180217e-07,9.54664883418021e-07
0.09145,6620.0566178808085,0.0,0.0,2.446181137326819,9.546795810485656e-07,9.546795810485647e-07
0.0915,6620.169765044337,0.0,0.0,2.4462213749544857,9.54695541295761e-07,9.546955412957602e-07
0.09155,6620.280608839407,0.0,0.0,2.4462624364681123,9.547071692740228e-07,9.54707169274022e-07
0.0916,6620.3893802064185,0.0,0.0,2.446304264980093,9.547242060695493e-07,9.547242060695485e-07
0.09165000000000001,6620.495656097169,0.0,0.0,2.4463467998852426,9.547334630895012e-07,9.547334630895003e-07
0.0917,6620.599433621773,0.0,0.0,2.44638998148579,9.547506216220871e-07,9.547506216220863e-07
0.09175,6620.700508787114,0.0,0.0,2.4464337479028426,9.54758298705032e-07,9.547582987050313e-07
0.0918,6620.798735493403,0.0,0.0,2.446478037076086,9.547746981618338e-07,9.547746981618331e-07
0.09185,6620.8940280449815,0.0,0.0,2.44652278625197,9.547814613333254e-07,9.547814613333245e-07
0.09190000000000001,6620.986127882526,0.0,0.0,2.446567931202235,9.547963342803988e-07,9.54796334280398e-07
0.09195,6621.0751162144115,0.0,0.0,2.44661340873613,9.548027855321717e-07,9.548027855321709e-07
0.092,6621.160576774592,0.0,0.0,2.4466591529459363,9.548154914583098e-07,9.54815491458309e-07
0.09205,6621.242715166022,0.0,0.0,2.446705100301908,9.548220001565632e-07,9.548220001565623e-07
0.0921,6621.321089883518,0.0,0.0,2.446751183849308,9.548322528217618e-07,9.54832252821761e-07
0.09215000000000001,6621.39590314967,0.0,0.0,2.4467973398704994,9.54838849355343e-07,9.548388493553421e-07
0.0922,6621.466732991306,0.0,0.0,2.4468435008868026,9.548466302296723e-07,9.548466302296714e-07
0.09225,6621.53380498973,0.0,0.0,2.44688960327739,9.548531634324406e-07,9.548531634324397e-07
0.09230000000000001,6621.596702355655,0.0,0.0,2.4469355795475596,9.548586463001985e-07,9.548586463001977e-07
0.09235,6621.655624088348,0.0,0.0,2.446981366228775,9.548647501354833e-07,9.548647501354827e-07
0.09240000000000001,6621.710252597198,0.0,0.0,2.447026896621677,9.548683290198891e-07,9.548683290198883e-07
0.09245,6621.760690028274,0.0,0.0,2.4470721074683808,9.548734940005814e-07,9.548734940005806e-07
0.0925,6621.806725499317,0.0,0.0,2.4471169333089158,9.548756177243664e-07,9.548756177243656e-07
0.09255000000000001,6621.848403475227,0.0,0.0,2.4471613114901,9.54879365078069e-07,9.548793650780682e-07
0.0926,6621.8855856898845,0.0,0.0,2.447205178225645,9.548804298629887e-07,9.548804298629879e-07
0.09265000000000001,6621.918261246105,0.0,0.0,2.447248471622415,9.54882364858559e-07,9.548823648585585e-07
0.0927,6621.946379805008,0.0,0.0,2.4472911301248206,9.548826642367438e-07,9.54882664236743e-07
0.09275,6621.96987661917,0.0,0.0,2.447333092920694,9.54882563066109e-07,9.54882563066108e-07
0.09280000000000001,6621.988757868979,0.0,0.0,2.4473743008694693,9.548821981640292e-07,9.548821981640283e-07
0.09285,6622.00295471537,0.0,0.0,2.4474146947993,9.548800636766016e-07,9.548800636766008e-07
0.09290000000000001,6622.012484789239,0.0,0.0,2.447454218202607,9.548789350397111e-07,9.548789350397103e-07
0.09295,6622.017304596726,0.0,0.0,2.4474928139188026,9.548749823105636e-07,9.548749823105628e-07
0.093,6622.017425070557,0.0,0.0,2.447530428310016,9.54872801177863e-07,9.548728011778622e-07
0.09305000000000001,6622.012846185888,0.0,0.0,2.447567006749285,9.548674435420233e-07,9.548674435420224e-07
0.0931,6622.003553277689,0.0,0.0,2.447602498526278,9.548637843162043e-07,9.548637843162034e-07
0.09315000000000001,6621.989600131636,0.0,0.0,2.4476368520701177,9.548575140867442e-07,9.548575140867434e-07
0.0932,6621.970949283945,0.0,0.0,2.447670019727875,9.548519481795347e-07,9.548519481795339e-07
0.09325,6621.947701269659,0.0,0.0,2.447701953386083,9.548452452812262e-07,9.548452452812254e-07
0.09330000000000001,6621.9197971298745,0.0,0.0,2.447732608643554,9.54837375332334e-07,9.548373753323333e-07
0.09335,6621.887381051965,0.0,0.0,2.447761941189937,9.54830660539779e-07,9.54830660539778e-07
0.09340000000000001,6621.850396582805,0.0,0.0,2.4477899100221716,9.548202466409536e-07,9.54820246640953e-07
0.09345,6621.808979224955,0.0,0.0,2.447816474988843,9.548136932596026e-07,9.548136932596018e-07
0.0935,6621.763132546069,0.0,0.0,2.447841598678602,9.548007952139774e-07,9.548007952139766e-07
0.09355000000000001,6621.71295195171,0.0,0.0,2.44786524527194,9.547943228565304e-07,9.547943228565296e-07
0.0936,6621.658500094138,0.0,0.0,2.447887381257921,9.547792159464956e-07,9.547792159464948e-07
0.09365000000000001,6621.599832199718,0.0,0.0,2.4479079752830595,9.547725388869139e-07,9.54772538886913e-07
0.0937,6621.537103244385,0.0,0.0,2.447926997946748,9.547557792698642e-07,9.547557792698634e-07
0.09375,6621.470265497404,0.0,0.0,2.44794442252239,9.54748306622429e-07,9.547483066224282e-07
0.09380000000000001,6621.399615557694,0.0,0.0,2.447960223959096,9.54730732055528e-07,9.547307320555273e-07
0.09385,6621.325001427805,0.0,0.0,2.447974380174191,9.547217228557959e-07,9.54721722855795e-07
0.09390000000000001,6621.246814860809,0.0,0.0,2.4479868707440473,9.547042160118595e-07,9.547042160118589e-07
0.09395,6621.164853065545,0.0,0.0,2.4479976782707555,9.546929615119155e-07,9.546929615119147e-07
0.094,6621.079582899003,0.0,0.0,2.4480067871106153,9.546763884521202e-07,9.546763884521193e-07
0.09405000000000001,6620.990728234045,0.0,0.0,2.448014184611988,9.54662190931309e-07,9.54662190931308e-07
0.0941,6620.898849929278,0.0,0.0,2.4480198600561485,9.546473635277404e-07,9.546473635277395e-07
0.09415,6620.803639556135,0.0,0.0,2.4480238055524954,9.546297322146725e-07,9.546297322146716e-07
0.0942,6620.705636843193,0.0,0.0,2.4480260153981686,9.54617092905182e-07,9.546170929051814e-07
0.09425,6620.60462799262,0.0,0.0,2.4480264865092343,9.545959795229408e-07,9.5459597952294e-07
0.09430000000000001,6620.501067412233,0.0,0.0,2.44802521820957,9.54585591606885e-07,9.545855916068841e-07
0.09435,6620.394819496285,0.0,0.0,2.4480222122731896,9.545612314733479e-07,9.545612314733472e-07
0.0944,6620.286276987663,0.0,0.0,2.4480174730095077,9.545528824600703e-07,9.545528824600694e-07
0.09445,6620.175435597712,0.0,0.0,2.448011007100675,9.545259110660273e-07,9.545259110660264e-07
0.0945,6620.062485263477,0.0,0.0,2.448002823741707,9.545188673147994e-07,9.545188673147986e-07
0.09455000000000001,6619.947685542716,0.0,0.0,2.4479929345646703,9.544904264707084e-07,9.544904264707076e-07
0.0946,6619.8309997886745,0.0,0.0,2.4479813535280934,9.54483649007349e-07,9.544836490073482e-07
0.09465,6619.712863767408,0.0,0.0,2.4479680972043867,9.544549874464135e-07,9.544549874464126e-07
0.0947,6619.593100744406,0.0,0.0,2.447953184184561,9.544473937777753e-07,9.544473937777744e-07
0.09475,6619.4723292630315,0.0,0.0,2.447936635948903,9.54419891414432e-07,9.544198914144312e-07
0.09480000000000001,6619.350152151955,0.0,0.0,2.4479184755523984,9.544102325927162e-07,9.544102325927153e-07
0.09485,6619.227410818428,0.0,0.0,2.4478987292929304,9.543853234407432e-07,9.543853234407423e-07
0.0949,6619.103562262387,0.0,0.0,2.447877424594129,9.54372533967353e-07,9.543725339673524e-07
0.09495,6618.979502324421,0.0,0.0,2.4478545923447026,9.54351267514335e-07,9.543512675143341e-07
0.095,6618.854704247703,0.0,0.0,2.4478302642431777,9.543347280119464e-07,9.543347280119456e-07
0.09505000000000001,6618.730039001993,0.0,0.0,2.4478044755675845,9.543177609111162e-07,9.543177609111154e-07
0.0951,6618.604993063196,0.0,0.0,2.447777262157214,9.542971761037694e-07,9.542971761037686e-07
0.09515,6618.480407437874,0.0,0.0,2.447748663362865,9.542847892784105e-07,9.542847892784097e-07
0.0952,6618.355878298497,0.0,0.0,2.447718719133617,9.542603908830863e-07,9.542603908830856e-07
0.09525,6618.232026641236,0.0,0.0,2.4476874725037194,9.54252181315471e-07,9.542521813154702e-07
0.09530000000000001,6618.108740786081,0.0,0.0,2.447654967422376,9.5422488116708e-07,9.542248811670792e-07
0.09535,6617.986348062431,0.0,0.0,2.4476212502990764,9.542199196277328e-07,9.54219919627732e-07
0.0954,6617.864975859606,0.0,0.0,2.447586368889128,9.541909503301005e-07,9.541909503300996e-07
0.09545000000000001,6617.744736193206,0.0,0.0,2.447550372624803,9.54188066131702e-07,9.541880661317012e-07
0.0955,6617.626010359092,0.0,0.0,2.447513312924529,9.541589761113668e-07,9.54158976111366e-07
0.09555000000000001,6617.508565133516,0.0,0.0,2.4474752418611243,9.541565824227484e-07,9.541565824227477e-07
0.0956,6617.393150354609,0.0,0.0,2.4474362142473396,9.541292522319053e-07,9.541292522319044e-07
0.09565,6617.279230751869,0.0,0.0,2.4473962845601545,9.541257258670462e-07,9.541257258670453e-07
0.09570000000000001,6617.167722189069,0.0,0.0,2.44735551059289,9.541017645482346e-07,9.541017645482338e-07
0.09575,6617.05798621037,0.0,0.0,2.447313949015404,9.540958361226432e-07,9.540958361226424e-07
0.09580000000000001,6616.951045973821,0.0,0.0,2.447271660224638,9.540765999263324e-07,9.540765999263316e-07
0.09585,6616.846104241923,0.0,0.0,2.4472287027770814,9.54067170033068e-07,9.540671700330671e-07
0.0959,6616.744302454041,0.0,0.0,2.447185139245478,9.540537077319633e-07,9.540537077319625e-07
0.09595000000000001,6616.6448264520595,0.0,0.0,2.4471410299730145,9.540402414990452e-07,9.540402414990443e-07
0.096,6616.548678568594,0.0,0.0,2.4470964390535896,9.540328158204164e-07,9.540328158204156e-07
0.09605000000000001,6616.45525034686,0.0,0.0,2.4470514284911014,9.540155449410588e-07,9.54015544941058e-07
0.0961,6616.3653244639145,0.0,0.0,2.4470060634507464,9.5401380451529e-07,9.54013804515289e-07
0.09615,6616.278461544925,0.0,0.0,2.4469604073101725,9.539934076617602e-07,9.539934076617595e-07
0.09620000000000001,6616.195243750785,0.0,0.0,2.446914525779582,9.53996533111161e-07,9.5399653311116e-07
0.09625,6616.115495388265,0.0,0.0,2.4468684835061665,9.539742635373535e-07,9.539742635373526e-07
0.09630000000000001,6616.039413038371,0.0,0.0,2.446822346120279,9.539807731885683e-07,9.539807731885674e-07
0.09635,6615.967237565308,0.0,0.0,2.4467761792987752,9.539584411545145e-07,9.539584411545136e-07
0.0964,6615.898761676879,0.0,0.0,2.4467300482310654,9.53966531611045e-07,9.539665316110444e-07
0.09645000000000001,6615.834521106366,0.0,0.0,2.446684019198938,9.539459940193438e-07,9.53945994019343e-07
0.0965,6615.774055916273,0.0,0.0,2.446638156565456,9.539539401627378e-07,9.53953940162737e-07
0.09655000000000001,6615.718144894717,0.0,0.0,2.446592526901302,9.539370039276844e-07,9.539370039276836e-07
0.0966,6615.666004058068,0.0,0.0,2.4465471933778695,9.539430491938997e-07,9.539430491938988e-07
0.09665,6615.618717830352,0.0,0.0,2.4465022223513175,9.539314477660461e-07,9.539314477660455e-07
0.09670000000000001,6615.5752766216865,0.0,0.0,2.446457675671476,9.539341933760688e-07,9.53934193376068e-07
0.09675,6615.536806019008,0.0,0.0,2.4464136188343026,9.539289901620071e-07,9.539289901620063e-07
0.09680000000000001,6615.5023371603165,0.0,0.0,2.4463701122671524,9.53927764353365e-07,9.539277643533644e-07
0.09685,6615.472922751751,0.0,0.0,2.446327220042297,9.539294216196524e-07,9.539294216196516e-07
0.0969,6615.44760909818,0.0,0.0,2.4462850009803248,9.539239921320271e-07,9.539239921320263e-07
0.09695000000000001,6615.427378948319,0.0,0.0,2.4462435171306582,9.53932461477366e-07,9.539324614773651e-07
0.097,6615.411444126828,0.0,0.0,2.4462028257360964,9.539232936328145e-07,9.539232936328136e-07
0.09705000000000001,6615.400449423566,0.0,0.0,2.4461629860702443,9.53937662717235e-07,9.539376627172342e-07
0.0971,6615.393990387251,0.0,0.0,2.446124053733833,9.539259807445607e-07,9.5392598074456e-07
0.09715,6615.3923292789905,0.0,0.0,2.446086084808245,9.539448236144266e-07,9.539448236144258e-07
0.09720000000000001,6615.395356932832,0.0,0.0,2.4460491329489504,9.53932124501426e-07,9.539321245014254e-07
0.09725,6615.403023095654,0.0,0.0,2.4460132506295165,9.539537716128593e-07,9.539537716128584e-07
0.09730000000000001,6615.415560441587,0.0,0.0,2.4459784894539975,9.539418544208753e-07,9.539418544208745e-07
0.09735,6615.432487368078,0.0,0.0,2.4459448978253584,9.539643160193672e-07,9.539643160193664e-07
0.0974,6615.454442470878,0.0,0.0,2.4459125249702938,9.539551342694232e-07,9.539551342694223e-07
0.09745000000000001,6615.480591277383,0.0,0.0,2.445881415193084,9.539765261171924e-07,9.539765261171915e-07
0.0975,6615.511779490036,0.0,0.0,2.4458516147614673,9.539716728528354e-07,9.539716728528345e-07
0.09755,6615.547027807231,0.0,0.0,2.445823163813741,9.539905627132512e-07,9.539905627132504e-07
0.0976,6615.587283003256,0.0,0.0,2.445796105310779,9.539912124575894e-07,9.539912124575886e-07
0.09765,6615.631418481614,0.0,0.0,2.445770475129933,9.540065049558775e-07,9.540065049558767e-07
0.09770000000000001,6615.680479784679,0.0,0.0,2.445746312388105,9.540134193322306e-07,9.540134193322298e-07
0.09775,6615.733326986142,0.0,0.0,2.4457236488978062,9.540246258772616e-07,9.54024625877261e-07
0.0978,6615.790842274346,0.0,0.0,2.445702519307078,9.54037747099138e-07,9.54037747099137e-07
0.09785,6615.8521240317605,0.0,0.0,2.4456829514993452,9.540451832891194e-07,9.540451832891186e-07
0.0979,6615.917789496311,0.0,0.0,2.4456649752557045,9.540638203123135e-07,9.540638203123126e-07
0.09795000000000001,6615.987134366639,0.0,0.0,2.445648614501281,9.54068218696019e-07,9.540682186960184e-07
0.098,6616.060555122923,0.0,0.0,2.445633893809085,9.540912866911808e-07,9.5409128669118e-07
0.09805,6616.137627738806,0.0,0.0,2.4456208332881952,9.540938681569206e-07,9.540938681569197e-07
0.0981,6616.218340781287,0.0,0.0,2.4456094518742795,9.541197109058128e-07,9.54119710905812e-07
0.09815,6616.3026928860945,0.0,0.0,2.445599765887358,9.541221300413624e-07,9.541221300413616e-07
0.09820000000000001,6616.390290697988,0.0,0.0,2.4455917885633585,9.54148936926351e-07,9.541489369263501e-07
0.09825,6616.4814004329555,0.0,0.0,2.445585532206961,9.541527516179532e-07,9.541527516179524e-07
0.0983,6616.575385871155,0.0,0.0,2.445581004366236,9.541788668766316e-07,9.541788668766307e-07
0.09835,6616.672757013678,0.0,0.0,2.445578213259274,9.54185530509899e-07,9.54185530509898e-07
0.0984,6616.772589745281,0.0,0.0,2.4455771607044596,9.542093959574297e-07,9.542093959574289e-07
0.09845000000000001,6616.875636224965,0.0,0.0,2.445577850622983,9.54220127576686e-07,9.542201275766852e-07
0.0985,6616.980807584195,0.0,0.0,2.4455802794613573,9.542406236654759e-07,9.54240623665475e-07
0.09855,6617.088888511008,0.0,0.0,2.4455844464098377,9.542560370515796e-07,9.542560370515788e-07
0.09860000000000001,6617.198824374612,0.0,0.0,2.445590342840867,9.542726684208459e-07,9.542726684208452e-07
0.09865,6617.3113306091245,0.0,0.0,2.4455979630574873,9.54292832316831e-07,9.542928323168303e-07
0.09870000000000001,6617.42540155215,0.0,0.0,2.445607293616584,9.543055440474047e-07,9.543055440474039e-07
0.09875,6617.541667802961,0.0,0.0,2.4456183236265887,9.543300776988535e-07,9.543300776988529e-07
0.0988,6617.659277730913,0.0,0.0,2.4456310353169917,9.543393429686558e-07,9.54339342968655e-07
0.09885000000000001,6617.778596372773,0.0,0.0,2.4456454122946085,9.543672659710446e-07,9.543672659710437e-07
0.0989,6617.899087392497,0.0,0.0,2.445661432803121,9.543740835136317e-07,9.543740835136309e-07
0.09895000000000001,6618.020804408616,0.0,0.0,2.4456790749432713,9.544040727914583e-07,9.544040727914575e-07
0.099,6618.143464041007,0.0,0.0,2.4456983131332986,9.544095888639765e-07,9.54409588863976e-07
0.09905,6618.2668855833435,0.0,0.0,2.4457191200037784,9.544402549341446e-07,9.544402549341438e-07
0.09910000000000001,6618.391046228869,0.0,0.0,2.445741466444408,9.544457128752173e-07,9.544457128752166e-07
0.09915,6618.515450699892,0.0,0.0,2.4457653196725033,9.544755556574584e-07,9.544755556574575e-07
0.09920000000000001,6618.64038577285,0.0,0.0,2.4457906471551674,9.544822059161314e-07,9.544822059161306e-07
0.09925,6618.765117901731,0.0,0.0,2.445817411109351,9.54509936105232e-07,9.545099361052311e-07
0.0993,6618.890074096667,0.0,0.0,2.445845575463592,9.54518655228151e-07,9.545186552281502e-07
0.09935000000000001,6619.0144365571305,0.0,0.0,2.4458750979128903,9.54543391528426e-07,9.545433915284252e-07
0.0994,6619.138711856781,0.0,0.0,2.4459059388936515,9.545547180128724e-07,9.545547180128715e-07
0.09945000000000001,6619.262000694014,0.0,0.0,2.4459380519536777,9.545758860218813e-07,9.545758860218805e-07
0.0995,6619.3848596743555,0.0,0.0,2.445971394002476,9.545900014423252e-07,9.545900014423246e-07
0.09955,6619.506420500151,0.0,0.0,2.4460059151289864,9.546074850901102e-07,9.546074850901094e-07
0.09960000000000001,6619.6271283244205,0.0,0.0,2.4460415685257026,9.546240621924592e-07,9.546240621924584e-07
0.09965,6619.746280972539,0.0,0.0,2.4460783013944263,9.546382043842707e-07,9.5463820438427e-07
0.09970000000000001,6619.864161717249,0.0,0.0,2.446116063333925,9.546565782433314e-07,9.546565782433305e-07
0.09975,6619.980221986744,0.0,0.0,2.4461547990800545,9.54667953992074e-07,9.546679539920732e-07
0.0998,6620.0945960474555,0.0,0.0,2.4461944547402115,9.546872715573373e-07,9.546872715573365e-07
0.09985000000000001,6620.206927147426,0.0,0.0,2.446234973133383,9.546966528235323e-07,9.546966528235315e-07
0.0999,6620.317129148671,0.0,0.0,2.4462762969926346,9.547158880674094e-07,9.547158880674088e-07
0.09995000000000001,6620.425087671708,0.0,0.0,2.446318367604062,9.547241469285521e-07,9.547241469285513e-07
0.1,6620.530517042986,0.0,0.0,2.446361124732433,9.547423162522038e-07,9.547423162522031e-07
0.10005,6620.633463362632,0.0,0.0,2.4464045083385373,9.54750175988317e-07,9.54750175988316e-07
0.10010000000000001,6620.733531625539,0.0,0.0,2.4464484556512778,9.547665113824726e-07,9.547665113824717e-07
0.10015,6620.830886896632,0.0,0.0,2.44649290559396,9.54774504416629e-07,9.547745044166282e-07
0.10020000000000001,6620.925024045322,0.0,0.0,2.4465377933073236,9.5478843292497e-07,9.547884329249692e-07
0.10025,6621.016217959714,0.0,0.0,2.446583056840516,9.547968727316533e-07,9.547968727316525e-07
0.1003,6621.103921313335,0.0,0.0,2.4466286298879107,9.548081293889619e-07,9.54808129388961e-07
0.10035000000000001,6621.188410058109,0.0,0.0,2.4466744496736927,9.548169889236036e-07,9.548169889236028e-07
0.1004,6621.26919007549,0.0,0.0,2.4467204490770285,9.54825635629909e-07,9.548256356299082e-07
0.10045000000000001,6621.3464977981575,0.0,0.0,2.4467665646839154,9.548346408586073e-07,9.548346408586066e-07
0.1005,6621.419895395795,0.0,0.0,2.446812729079483,9.548409363929155e-07,9.548409363929147e-07
0.10055,6621.489572461059,0.0,0.0,2.446858878370417,9.548496483625426e-07,9.548496483625418e-07
0.10060000000000001,6621.555187737046,0.0,0.0,2.4469049455104974,9.54854017205114e-07,9.548540172051132e-07
0.10065,6621.616828883253,0.0,0.0,2.446950866232279,9.548618709921188e-07,9.54861870992118e-07
0.10070000000000001,6621.6742861299945,0.0,0.0,2.446996574376113,9.548648060733107e-07,9.548648060733098e-07
0.10075,6621.727552921356,0.0,0.0,2.4470420056451334,9.548712620670821e-07,9.548712620670813e-07
0.1008,6621.7765166839745,0.0,0.0,2.447087095134941,9.548731809797768e-07,9.54873180979776e-07
0.10085000000000001,6621.821109907879,0.0,0.0,2.4471317788505966,9.548778245807848e-07,9.54877824580784e-07
0.1009,6621.861302062109,0.0,0.0,2.4471759935736417,9.548790159093898e-07,9.54879015909389e-07
0.10095,6621.896972392957,0.0,0.0,2.447219675952681,9.548816062728811e-07,9.548816062728803e-07
0.101,6621.928155127541,0.0,0.0,2.447262764730675,9.54882174519427e-07,9.548821745194263e-07
0.10105,6621.954713168906,0.0,0.0,2.4473051977374043,9.548826986155582e-07,9.548826986155573e-07
0.10110000000000001,6621.976698566693,0.0,0.0,2.4473469158250873,9.54882537600645e-07,9.548825376006442e-07
0.10115,6621.993999598446,0.0,0.0,2.4473878585122937,9.548811954351376e-07,9.548811954351367e-07
0.1012,6622.00666028112,0.0,0.0,2.4474279689798726,9.54880028611185e-07,9.548800286111842e-07
0.10125,6622.0146089567725,0.0,0.0,2.447467188907205,9.548771834059156e-07,9.548771834059148e-07
0.1013,6622.017869362979,0.0,0.0,2.44750546395201,9.54874616990421e-07,9.548746169904204e-07
0.10135000000000001,6622.01642280018,0.0,0.0,2.4475427384932766,9.548707162099255e-07,9.548707162099247e-07
0.1014,6622.010265606274,0.0,0.0,2.447578960770342,9.548663428503061e-07,9.548663428503053e-07
0.10145,6621.999428600143,0.0,0.0,2.4476140783305778,9.548618024923333e-07,9.548618024923325e-07
0.1015,6621.9838922008485,0.0,0.0,2.4476480422045843,9.548552945118571e-07,9.548552945118563e-07
0.10155,6621.963722562401,0.0,0.0,2.4476808034454423,9.548504326056647e-07,9.548504326056639e-07
0.10160000000000001,6621.9389015208235,0.0,0.0,2.4477123161017436,9.548416096773117e-07,9.548416096773108e-07
0.10165,6621.909503353971,0.0,0.0,2.447742535080324,9.548365530975116e-07,9.548365530975107e-07
0.1017,6621.8755496465,0.0,0.0,2.4477714176594745,9.548254906620031e-07,9.548254906620023e-07
0.10175000000000001,6621.837082707202,0.0,0.0,2.4477989228367663,9.548201070233636e-07,9.548201070233628e-07
0.1018,6621.79419100361,0.0,0.0,2.447825011439809,9.548071347322017e-07,9.548071347322009e-07
0.10185000000000001,6621.7468721861105,0.0,0.0,2.447849646691763,9.548010872858609e-07,9.5480108728586e-07
0.1019,6621.695291302382,0.0,0.0,2.447872793275197,9.547867429000173e-07,9.547867429000167e-07
0.10195,6621.639380234736,0.0,0.0,2.447894418779478,9.547795001177267e-07,9.547795001177258e-07
0.10200000000000001,6621.579409325503,0.0,0.0,2.447914492016642,9.547645264118035e-07,9.547645264118027e-07
0.10205,6621.515225174072,0.0,0.0,2.4479329850208864,9.54755417945112e-07,9.547554179451114e-07
0.10210000000000001,6621.447193741633,0.0,0.0,2.4479498710357523,9.547406230195783e-07,9.547406230195775e-07
0.10215,6621.375113771047,0.0,0.0,2.4479651265853253,9.547290216542672e-07,9.547290216542663e-07
0.1022,6621.299400974927,0.0,0.0,2.44797872957405,9.547151189784223e-07,9.547151189784215e-07
0.10225000000000001,6621.219834135368,0.0,0.0,2.447990661096175,9.547005222026816e-07,9.547005222026807e-07
0.1023,6621.1368679579555,0.0,0.0,2.448000903884653,9.546880924566043e-07,9.546880924566034e-07
0.10235000000000001,6621.050279065716,0.0,0.0,2.448009443672917,9.546701931574782e-07,9.546701931574775e-07
0.1024,6620.960506442405,0.0,0.0,2.448016268146188,9.546595288481935e-07,9.546595288481928e-07
0.10245,6620.867410404713,0.0,0.0,2.448021367751943,9.54638401266811e-07,9.5463840126681e-07
0.10250000000000001,6620.771329706906,0.0,0.0,2.448024735177884,9.546293933264348e-07,9.54629393326434e-07
0.10255,6620.6722535320105,0.0,0.0,2.448026365681012,9.546054780378652e-07,9.546054780378644e-07
0.10260000000000001,6620.5704120682985,0.0,0.0,2.448026256939338,9.545977127944884e-07,9.545977127944876e-07
0.10265,6620.465929011441,0.0,0.0,2.448024409104963,9.54571753603297e-07,9.54571753603296e-07
0.1027,6620.358882666015,0.0,0.0,2.44802082479476,9.545644841230604e-07,9.545644841230595e-07
0.10275000000000001,6620.249602820378,0.0,0.0,2.4480155091252542,9.545375901618743e-07,9.545375901618736e-07
0.1028,6620.13796260117,0.0,0.0,2.448008469567695,9.545297790634424e-07,9.545297790634416e-07
0.10285000000000001,6620.024486753233,0.0,0.0,2.447999716233916,9.545032216189592e-07,9.545032216189584e-07
0.1029,6619.908905004449,0.0,0.0,2.447989261360552,9.544938124781125e-07,9.54493812478112e-07
0.10295,6619.791873343387,0.0,0.0,2.4479771200366813,9.544688275946214e-07,9.544688275946205e-07
0.10300000000000001,6619.673000844715,0.0,0.0,2.4479633091601816,9.54456813022804e-07,9.544568130228035e-07
0.10305,6619.553077109015,0.0,0.0,2.447947848734085,9.544345690106346e-07,9.544345690106337e-07
0.10310000000000001,6619.431609603478,0.0,0.0,2.447930760231528,9.544191078262293e-07,9.544191078262284e-07
0.10315,6619.30943805856,0.0,0.0,2.4479120684108198,9.544004561151083e-07,9.544004561151074e-07
0.1032,6619.186100393862,0.0,0.0,2.4478917992645157,9.543811529427167e-07,9.543811529427159e-07
0.10325000000000001,6619.06235835074,0.0,0.0,2.447869982099563,9.54366451637697e-07,9.543664516376963e-07
0.1033,6618.937852036367,0.0,0.0,2.4478466473469855,9.543433627653284e-07,9.543433627653276e-07
0.10335000000000001,6618.813238782563,0.0,0.0,2.447821828618581,9.543325538948271e-07,9.543325538948263e-07
0.1034,6618.688292627797,0.0,0.0,2.447795560713062,9.543061703018402e-07,9.543061703018394e-07
0.10345,6618.5634808219975,0.0,0.0,2.447767881233822,9.542986813276426e-07,9.542986813276418e-07
0.10350000000000001,6618.4388345052585,0.0,0.0,2.4477388292773004,9.542700520305187e-07,9.54270052030518e-07
0.10355,6618.314527005421,0.0,0.0,2.4477084461231184,9.542648004156386e-07,9.542648004156377e-07
0.10360000000000001,6618.190872854209,0.0,0.0,2.4476767750107897,9.542353421995576e-07,9.542353421995567e-07
0.10365,6618.067794220841,0.0,0.0,2.447643860618509,9.542310271570491e-07,9.542310271570483e-07
0.1037,6617.945835250226,0.0,0.0,2.4476097501311784,9.54202299584594e-07,9.542022995845932e-07
0.10375000000000001,6617.824668930131,0.0,0.0,2.4475744913201516,9.541974773574405e-07,9.541974773574396e-07
0.1038,6617.705105960586,0.0,0.0,2.447538135081293,9.54171167290194e-07,9.54171167290193e-07
0.10385000000000001,6617.586561824711,0.0,0.0,2.447500732029378,9.541643838178804e-07,9.541643838178795e-07
0.1039,6617.47003070608,0.0,0.0,2.4474623363984844,9.541419829461868e-07,9.54141982946186e-07
0.10395,6617.354823291774,0.0,0.0,2.4474230014810354,9.541321527178605e-07,9.541321527178596e-07
0.10400000000000001,6617.241968155749,0.0,0.0,2.4473827844296627,9.541147066505879e-07,9.54114706650587e-07
0.10405,6617.1307537889725,0.0,0.0,2.447341741000219,9.5410116167516e-07,9.541011616751591e-07
0.1041,6617.022208571856,0.0,0.0,2.447299930840001,9.54089298052577e-07,9.540892980525762e-07
0.10415,6616.915651769361,0.0,0.0,2.447257412016196,9.540718480154656e-07,9.54071848015465e-07
0.1042,6616.811983572244,0.0,0.0,2.4472142461096937,9.540655698051385e-07,9.540655698051377e-07
0.10425000000000001,6616.7107323183245,0.0,0.0,2.4471704933890983,9.540447267053221e-07,9.540447267053213e-07
0.1043,6616.612517022089,0.0,0.0,2.4471262168598327,9.540433494484109e-07,9.5404334944841e-07
0.10435,6616.517138823078,0.0,0.0,2.4470814787590447,9.540201709317492e-07,9.540201709317485e-07
0.1044,6616.424940400731,0.0,0.0,2.447036343055573,9.540225743348826e-07,9.54022574334882e-07
0.10445,6616.335992724306,0.0,0.0,2.4469908737316435,9.539985028882688e-07,9.53998502888268e-07
0.10450000000000001,6616.250307297568,0.0,0.0,2.446945135211891,9.540031528051369e-07,9.540031528051363e-07
0.10455,6616.168313799593,0.0,0.0,2.4468991929736204,9.539800176440342e-07,9.539800176440334e-07
0.1046,6616.0896402193675,0.0,0.0,2.4468531114976853,9.539851097306131e-07,9.539851097306125e-07
0.10465,6616.015030773446,0.0,0.0,2.4468069573320035,9.539647933524116e-07,9.53964793352411e-07
0.1047,6615.943853379069,0.0,0.0,2.4467607947410603,9.539686583061841e-07,9.539686583061835e-07
0.10475000000000001,6615.87703769455,0.0,0.0,2.4467146908808814,9.539528000634156e-07,9.53952800063415e-07
0.1048,6615.813757949647,0.0,0.0,2.446668709506037,9.539540086698323e-07,9.539540086698317e-07
0.10485,6615.755110922375,0.0,0.0,2.4466229179011596,9.539439790308693e-07,9.539439790308687e-07
0.10490000000000001,6615.700123826211,0.0,0.0,2.4465773791176226,9.539414695345547e-07,9.53941469534554e-07
0.10495,6615.649922275115,0.0,0.0,2.4465321599345806,9.539380710560622e-07,9.539380710560615e-07
0.10500000000000001,6615.603591215739,0.0,0.0,2.4464873226351833,9.539314748409014e-07,9.539314748409008e-07
0.10505,6615.562097815865,0.0,0.0,2.4464429328542265,9.539347795945787e-07,9.53934779594578e-07
0.1051,6615.524687073614,0.0,0.0,2.446399051938405,9.539243539152117e-07,9.53924353915211e-07
0.10515000000000001,6615.492133974403,0.0,0.0,2.446355743840354,9.53933871907455e-07,9.539338719074544e-07
0.1052,6615.463884349639,0.0,0.0,2.446313068843479,9.53920415699452e-07,9.539204156994511e-07
0.10525000000000001,6615.440411549248,0.0,0.0,2.446271088574367,9.53935033465483e-07,9.539350334654823e-07
0.1053,6615.421517190381,0.0,0.0,2.4462298621562644,9.53919972664981e-07,9.539199726649803e-07
0.10535,6615.407258141091,0.0,0.0,2.4461894484003763,9.53938039678139e-07,9.539380396781383e-07
0.10540000000000001,6615.39780173978,0.0,0.0,2.4461499049732094,9.539231223111157e-07,9.53923122311115e-07
0.10545,6615.392859604888,0.0,0.0,2.4461112875297797,9.539428358957578e-07,9.539428358957572e-07
0.10550000000000001,6615.392893553489,0.0,0.0,2.4460736519715853,9.539298653653125e-07,9.53929865365312e-07
0.10555,6615.397285142252,0.0,0.0,2.446037050454364,9.5394937505299e-07,9.539493750529895e-07
0.1056,6615.406809327158,0.0,0.0,2.4460015367653662,9.539401461148499e-07,9.539401461148492e-07
0.10565000000000001,6615.42053831364,0.0,0.0,2.4459671594083394,9.539577381022059e-07,9.539577381022052e-07
0.1057,6615.439447336962,0.0,0.0,2.4459339695080815,9.53953695080777e-07,9.539536950807764e-07
0.10575000000000001,6615.462483593499,0.0,0.0,2.4459020119036907,9.539681631890653e-07,9.539681631890647e-07
0.1058,6615.490645924894,0.0,0.0,2.445871334529355,9.539701672169442e-07,9.539701672169435e-07
0.10585,6615.522863795691,0.0,0.0,2.4458419785220107,9.539808414506295e-07,9.539808414506287e-07
0.10590000000000001,6615.5601071013525,0.0,0.0,2.4458139881149146,9.539892269608936e-07,9.539892269608928e-07
0.10595,6615.601358998818,0.0,0.0,2.4457874007928364,9.53995996815661e-07,9.5399599681566e-07
0.10600000000000001,6615.647420153983,0.0,0.0,2.44576225649555,9.54010420453111e-07,9.540104204531103e-07
0.10605,6615.697513109002,0.0,0.0,2.445738589189151,9.540138880496373e-07,9.540138880496364e-07
0.1061,6615.752115925503,0.0,0.0,2.4457164340231223,9.540333340065333e-07,9.540333340065326e-07
0.10615000000000001,6615.81075591518,0.0,0.0,2.4456958214038247,9.540346118703176e-07,9.540346118703168e-07
0.1062,6615.873598147594,0.0,0.0,2.445676781389267,9.540576818695691e-07,9.540576818695683e-07
0.10625000000000001,6615.940462965375,0.0,0.0,2.445659340789555,9.540581861803967e-07,9.54058186180396e-07
0.1063,6616.011162034933,0.0,0.0,2.4456435242258965,9.540831719595722e-07,9.540831719595716e-07
0.10635,6616.085883890035,0.0,0.0,2.4456293548804866,9.540845843313206e-07,9.5408458433132e-07
0.10640000000000001,6616.164055276509,0.0,0.0,2.4456168518106804,9.54109640727738e-07,9.541096407277374e-07
0.10645,6616.246170019658,0.0,0.0,2.44560603429342,9.541135695306171e-07,9.541135695306165e-07
0.10650000000000001,6616.331404382837,0.0,0.0,2.4455969159059103,9.541370901799043e-07,9.541370901799036e-07
0.10655,6616.420429353312,0.0,0.0,2.445589511751206,9.54144823770029e-07,9.541448237700283e-07
0.1066,6616.512244181064,0.0,0.0,2.445583829972891,9.541655213131477e-07,9.541655213131471e-07
0.10665000000000001,6616.607662260258,0.0,0.0,2.445579881240692,9.541780027916162e-07,9.541780027916155e-07
0.1067,6616.705569346147,0.0,0.0,2.445577668503183,9.5419501408875e-07,9.541950140887494e-07
0.10675000000000001,6616.806787683769,0.0,0.0,2.4455771975717653,9.542126235905847e-07,9.54212623590584e-07
0.1068,6616.910272826379,0.0,0.0,2.4455784665373352,9.542257242268717e-07,9.54225724226871e-07
0.10685,6617.016696929605,0.0,0.0,2.445581476026306,9.542482061300364e-07,9.542482061300355e-07
0.10690000000000001,6617.12517339654,0.0,0.0,2.4455862195293445,9.542577059903117e-07,9.542577059903108e-07
0.10695,6617.236192601259,0.0,0.0,2.445592692250622,9.542843418222352e-07,9.542843418222345e-07
0.10700000000000001,6617.349065486598,0.0,0.0,2.445600883366218,9.542909810793116e-07,9.542909810793108e-07
0.10705,6617.464017313433,0.0,0.0,2.4456107824208937,9.54320601392715e-07,9.543206013927141e-07
0.1071,6617.580666263444,0.0,0.0,2.445622374577675,9.54325540931596e-07,9.543255409315952e-07
0.10715000000000001,6617.698899021493,0.0,0.0,2.4456356436329036,9.543566542153766e-07,9.54356654215376e-07
0.1072,6617.818640354245,0.0,0.0,2.4456505708515635,9.543612161764006e-07,9.543612161763997e-07
0.10725000000000001,6617.9395021646305,0.0,0.0,2.4456671344123486,9.543923145982276e-07,9.54392314598227e-07
0.1073,6618.061649608572,0.0,0.0,2.4456853117541932,9.543977608597588e-07,9.54397760859758e-07
0.10735,6618.184449030315,0.0,0.0,2.4457050755800456,9.544274252887237e-07,9.544274252887228e-07
0.10740000000000001,6618.3083040520105,0.0,0.0,2.4457263995716403,9.544348952331771e-07,9.544348952331763e-07
0.10745,6618.4323681249525,0.0,0.0,2.44574925128496,9.544619298846378e-07,9.54461929884637e-07
0.1075,6618.55718791458,0.0,0.0,2.4457736005091064,9.544722134005054e-07,9.544722134005047e-07
0.10755,6618.681846062455,0.0,0.0,2.445799410159443,9.544958704193186e-07,9.54495870419318e-07
0.1076,6618.806903316494,0.0,0.0,2.4458266460360742,9.545092917555573e-07,9.545092917555566e-07
0.10765000000000001,6618.931453381672,0.0,0.0,2.445855266838475,9.545292531527228e-07,9.54529253152722e-07
0.1077,6619.0560276093165,0.0,0.0,2.445885234339075,9.54545740233518e-07,9.545457402335173e-07
0.10775,6619.179785991749,0.0,0.0,2.4459165035715853,9.5456209148691e-07,9.545620914869094e-07
0.1078,6619.3031371519055,0.0,0.0,2.4459490321424027,9.545811371673729e-07,9.545811371673722e-07
0.10785,6619.425424641787,0.0,0.0,2.4459827719804332,9.545943952320337e-07,9.54594395232033e-07
0.10790000000000001,6619.546846677169,0.0,0.0,2.4460176765616155,9.54615130106466e-07,9.546151301064652e-07
0.10795,6619.666961259525,0.0,0.0,2.4460536951191427,9.54626063774773e-07,9.546260637747723e-07
0.108,6619.785769998035,0.0,0.0,2.4460907771530627,9.546474685721718e-07,9.54647468572171e-07
0.10805000000000001,6619.903033525503,0.0,0.0,2.4461288695991596,9.546569474118553e-07,9.546569474118547e-07
0.1081,6620.0185456680765,0.0,0.0,2.4461679181732525,9.54677939226868e-07,9.546779392268673e-07
0.10815000000000001,6620.132293209666,0.0,0.0,2.4462078678650414,9.546868595116837e-07,9.546868595116829e-07
0.1082,6620.243866318728,0.0,0.0,2.4462486609572673,9.547064246006143e-07,9.547064246006134e-07
0.10825,6620.353428258138,0.0,0.0,2.44629024067049,9.54715523376376e-07,9.547155233763753e-07
0.10830000000000001,6620.460450616222,0.0,0.0,2.4463325463703036,9.547329004728784e-07,9.547329004728778e-07
0.10835,6620.565193088285,0.0,0.0,2.4463755196499126,9.547426434795947e-07,9.547426434795938e-07
0.10840000000000001,6620.667062156843,0.0,0.0,2.446419097463778,9.547573525008282e-07,9.547573525008275e-07
0.10845,6620.766381624071,0.0,0.0,2.4464632199383383,9.547679384458954e-07,9.547679384458948e-07
0.1085,6620.862537435504,0.0,0.0,2.4465078222047603,9.54779797767707e-07,9.547797977677064e-07
0.10855000000000001,6620.955846649146,0.0,0.0,2.4465528429672263,9.547911099109818e-07,9.547911099109812e-07
0.1086,6621.045761917362,0.0,0.0,2.446598216212556,9.548002633158185e-07,9.548002633158177e-07
0.10865000000000001,6621.132523314363,0.0,0.0,2.4466438793246668,9.54811906260492e-07,9.548119062604912e-07
0.1087,6621.215687682034,0.0,0.0,2.4466897656884603,9.548187189847364e-07,9.548187189847356e-07
0.10875,6621.295408423003,0.0,0.0,2.4467358115773177,9.548301450067351e-07,9.548301450067345e-07
0.10880000000000001,6621.371355734312,0.0,0.0,2.446781950334931,9.54835101429011e-07,9.548351014290104e-07
0.10885,6621.443575152586,0.0,0.0,2.446828117293127,9.548456842691905e-07,9.548456842691899e-07
0.10890000000000001,6621.511877249668,0.0,0.0,2.446874246270323,9.54849315736063e-07,9.548493157360621e-07
0.10895,6621.576191676358,0.0,0.0,2.446920271977438,9.54858458728644e-07,9.548584587286432e-07
0.109,6621.6364494094705,0.0,0.0,2.4469661290642555,9.548612133467164e-07,9.548612133467158e-07
0.10905000000000001,6621.692504222029,0.0,0.0,2.4470117520349635,9.548684721864338e-07,9.54868472186433e-07
0.1091,6621.744369398984,0.0,0.0,2.4470570766963244,9.548706351116093e-07,9.548706351116087e-07
0.10915000000000001,6621.791850883336,0.0,0.0,2.4471020377742705,9.548757624620236e-07,9.54875762462023e-07
0.1092,6621.835022566826,0.0,0.0,2.4471465725005834,9.54877428876891e-07,9.548774288768902e-07
0.10925,6621.873671736942,0.0,0.0,2.447190616345766,9.548804008227506e-07,9.548804008227498e-07
0.10930000000000001,6621.907893188219,0.0,0.0,2.44723410812968,9.548814563873994e-07,9.548814563873986e-07
0.10935,6621.937499838168,0.0,0.0,2.447276984634638,9.548824637720116e-07,9.54882463772011e-07
0.10940000000000001,6621.962572120382,0.0,0.0,2.447319186430473,9.548826239110313e-07,9.548826239110304e-07
0.10945,6621.982970358692,0.0,0.0,2.4473606521334133,9.548820057692048e-07,9.548820057692042e-07
0.1095,6621.998749473388,0.0,0.0,2.447401324248805,9.548808888550085e-07,9.548808888550076e-07
0.10955000000000001,6622.009825309729,0.0,0.0,2.4474411437342036,9.548790527415873e-07,9.548790527415866e-07
0.1096,6622.016221450391,0.0,0.0,2.4474800551817664,9.5487626646318e-07,9.54876266463179e-07
0.10965000000000001,6622.017909658029,0.0,0.0,2.4475180023861296,9.54873588672751e-07,9.548735886727503e-07
0.1097,6622.01489115581,0.0,0.0,2.4475549322352457,9.548688318602806e-07,9.5486883186028e-07
0.10975,6622.007176679009,0.0,0.0,2.447590791719,9.548655698510889e-07,9.54865569851088e-07
0.10980000000000001,6621.994766383535,0.0,0.0,2.447625530310811,9.54858702954184e-07,9.548587029541831e-07
0.10985,6621.977686335112,0.0,0.0,2.44765909851242,9.548549378425797e-07,9.54854937842579e-07
0.10990000000000001,6621.955962678646,0.0,0.0,2.447691448652976,9.548460429755699e-07,9.54846042975569e-07
0.10995,6621.929605928439,0.0,0.0,2.4477225350081264,9.548416295144678e-07,9.548416295144671e-07
0.11,6621.898698013519,0.0,0.0,2.4477523131036394,9.548310337481918e-07,9.548310337481912e-07
0.11005000000000001,6621.863211161936,0.0,0.0,2.4477807411380614,9.548256237963675e-07,9.548256237963669e-07
0.1101,6621.823296060272,0.0,0.0,2.4478077782020984,9.548138420276672e-07,9.548138420276664e-07
0.11015000000000001,6621.778877889894,0.0,0.0,2.447833386550135,9.548069470935851e-07,9.548069470935845e-07
0.1102,6621.730185337454,0.0,0.0,2.447857529164653,9.547946283544335e-07,9.547946283544328e-07
0.11025,6621.677087009012,0.0,0.0,2.447880172466038,9.547856741885007e-07,9.547856741884998e-07
0.11030000000000001,6621.619888623582,0.0,0.0,2.447901283652377,9.547735118892134e-07,9.547735118892127e-07
0.11035,6621.558421286828,0.0,0.0,2.447920833387462,9.547619686748594e-07,9.547619686748587e-07
0.11040000000000001,6621.493030894318,0.0,0.0,2.44793879336489,9.547505467054411e-07,9.547505467054405e-07
0.11045,6621.423551069493,0.0,0.0,2.4479551385875755,9.54736054509579e-07,9.54736054509578e-07
0.1105,6621.350334565506,0.0,0.0,2.447969845450842,9.547257658238165e-07,9.547257658238157e-07
0.11055000000000001,6621.273243714342,0.0,0.0,2.4479828934117758,9.547081894496581e-07,9.547081894496573e-07
0.1106,6621.192603917472,0.0,0.0,2.4479942637122476,9.546991656208144e-07,9.546991656208135e-07
0.11065000000000001,6621.108356449127,0.0,0.0,2.4480039403804024,9.546786924454344e-07,9.546786924454336e-07
0.1107,6621.02073592784,0.0,0.0,2.448011909593568,9.54670712027253e-07,9.546707120272524e-07
0.11075,6620.9298179125735,0.0,0.0,2.4480181600799518,9.546478904412832e-07,9.546478904412824e-07
0.11080000000000001,6620.835712987901,0.0,0.0,2.448022682972547,9.546404199226822e-07,9.546404199226816e-07
0.11085,6620.738640953933,0.0,0.0,2.4480254718302183,9.54616073806706e-07,9.546160738067054e-07
0.1109,6620.638580334715,0.0,0.0,2.4480265227240627,9.54608345096352e-07,9.54608345096351e-07
0.11095000000000001,6620.535914028519,0.0,0.0,2.44802583414667,9.5458353226724e-07,9.545835322672394e-07
0.111,6620.430462040863,0.0,0.0,2.448023407063472,9.545745861392364e-07,9.545745861392358e-07
0.11105000000000001,6620.322776931245,0.0,0.0,2.4480192449705926,9.545504927096376e-07,9.545504927096367e-07
0.1111,6620.212548552505,0.0,0.0,2.448013353672107,9.545393613076651e-07,9.545393613076645e-07
0.11115,6620.100439540337,0.0,0.0,2.4480057416839416,9.545170863214387e-07,9.545170863214379e-07
0.11120000000000001,6619.986070869878,0.0,0.0,2.4479964195930437,9.545029619972515e-07,9.545029619972508e-07
0.11125,6619.870168811215,0.0,0.0,2.4479854008968323,9.54483412659809e-07,9.54483412659808e-07
0.11130000000000001,6619.752319369066,0.0,0.0,2.4479727009141126,9.54465722390655e-07,9.544657223906542e-07
0.11135,6619.633261561569,0.0,0.0,2.4479583380152334,9.544494979881031e-07,9.544494979881025e-07
0.1114,6619.512629122841,0.0,0.0,2.4479423322177087,9.54428070398702e-07,9.544280703987013e-07
0.11145000000000001,6619.3910667137725,0.0,0.0,2.447924706594713,9.544152945052949e-07,9.544152945052942e-07
0.1115,6619.268350294526,0.0,0.0,2.44790548582244,9.543904444962412e-07,9.543904444962404e-07
0.11155000000000001,6619.144968344417,0.0,0.0,2.4478846974684156,9.543807856186616e-07,9.54380785618661e-07
0.1116,6619.020871926237,0.0,0.0,2.4478623708112215,9.543532447769657e-07,9.54353244776965e-07
0.11165,6618.896356569308,0.0,0.0,2.4478385376676184,9.543459619464362e-07,9.543459619464353e-07
0.11170000000000001,6618.771604259905,0.0,0.0,2.447813231847809,9.543168785661265e-07,9.543168785661256e-07
0.11175,6618.646650463492,0.0,0.0,2.4477864891469094,9.54310835414341e-07,9.543108354143403e-07
0.11180000000000001,6618.521948473253,0.0,0.0,2.4477583477862885,9.542816762034805e-07,9.542816762034797e-07
0.11185,6618.397281358949,0.0,0.0,2.447728847297539,9.542755462276487e-07,9.54275546227648e-07
0.1119,6618.273322657316,0.0,0.0,2.4476980301117153,9.542478463784114e-07,9.542478463784107e-07
0.11195000000000001,6618.149657750754,0.0,0.0,2.447665939268512,9.54240315681858e-07,9.542403156818572e-07
0.112,6618.027144784611,0.0,0.0,2.447632621168929,9.54215552787848e-07,9.542155527878474e-07
0.11205000000000001,6617.905194442911,0.0,0.0,2.447598122136718,9.54205423309028e-07,9.542054233090273e-07
0.1121,6617.784798573756,0.0,0.0,2.447562492217459,9.541848470795547e-07,9.541848470795539e-07
0.11215,6617.665291530685,0.0,0.0,2.447525780868455,9.54171281230106e-07,9.541712812301052e-07
0.11220000000000001,6617.54766429169,0.0,0.0,2.4474880413617104,9.541556604636622e-07,9.541556604636614e-07
0.11225,6617.431300446059,0.0,0.0,2.447449326133644,9.5413833893877e-07,9.541383389387694e-07
0.11230000000000001,6617.317099319332,0.0,0.0,2.4474096912662313,9.541279182620635e-07,9.541279182620628e-07
0.11235,6617.204554620217,0.0,0.0,2.4473691920106493,9.541070265747622e-07,9.541070265747616e-07
0.1124,6617.094402604604,0.0,0.0,2.4473278867746098,9.541015046518042e-07,9.541015046518036e-07
0.11245000000000001,6616.986349854484,0.0,0.0,2.447285833491147,9.540778105113386e-07,9.54077810511338e-07
0.1125,6616.880848661202,0.0,0.0,2.447243092403965,9.54076280156165e-07,9.540762801561643e-07
0.11255000000000001,6616.777909322864,0.0,0.0,2.447199723922348,9.54051083476182e-07,9.540510834761814e-07
0.1126,6616.677664861586,0.0,0.0,2.4471557896913514,9.540522129554004e-07,9.540522129553998e-07
0.11265,6616.580418467127,0.0,0.0,2.447111352329898,9.540271158351557e-07,9.54027115835155e-07
0.11270000000000001,6616.485998285322,0.0,0.0,2.447066474470785,9.540293364802152e-07,9.540293364802145e-07
0.11275,6616.395004871706,0.0,0.0,2.447021220633373,9.54006124257659e-07,9.540061242576584e-07
0.11280000000000001,6616.30694788875,0.0,0.0,2.4469756540720096,9.540077467116737e-07,9.54007746711673e-07
0.11285,6616.222704640372,0.0,0.0,2.4469298407987217,9.53988191258589e-07,9.539881912585883e-07
0.1129,6616.141546020123,0.0,0.0,2.4468838444267296,9.539876977767072e-07,9.539876977767066e-07
0.11295000000000001,6616.0644993501255,0.0,0.0,2.446837731950688,9.53973242800668e-07,9.539732428006674e-07
0.113,6615.990721345807,0.0,0.0,2.446791567130636,9.53969512222831e-07,9.539695122228303e-07
0.11305000000000001,6615.921296576733,0.0,0.0,2.4467454174160985,9.539611617877412e-07,9.539611617877406e-07
0.1131,6615.8553383517465,0.0,0.0,2.4466993465105773,9.539535322720425e-07,9.539535322720419e-07
0.11315,6615.793896413079,0.0,0.0,2.446653421731668,9.539517370892517e-07,9.53951737089251e-07
0.11320000000000001,6615.736175690806,0.0,0.0,2.4466077066218466,9.539401773831077e-07,9.539401773831071e-07
0.11325,6615.683030634751,0.0,0.0,2.4465622677177206,9.539446824528829e-07,9.539446824528822e-07
0.11330000000000001,6615.633894100584,0.0,0.0,2.446517168256458,9.539298257435746e-07,9.53929825743574e-07
0.11335,6615.589343025944,0.0,0.0,2.446472473453943,9.539397738285291e-07,9.539397738285287e-07
0.1134,6615.549077037712,0.0,0.0,2.4464282460343525,9.539227563769191e-07,9.539227563769185e-07
0.11345000000000001,6615.513356171938,0.0,0.0,2.4463845493454093,9.539368120549093e-07,9.539368120549087e-07
0.1135,6615.482211141332,0.0,0.0,2.4463414454169308,9.539192127859059e-07,9.539192127859052e-07
0.11355000000000001,6615.455513614443,0.0,0.0,2.4462989952478265,9.539356415371208e-07,9.539356415371202e-07
0.1136,6615.433657199431,0.0,0.0,2.446257259855827,9.539193011343302e-07,9.539193011343298e-07
0.11365,6615.416158278963,0.0,0.0,2.446216297575173,9.53936263047035e-07,9.539362630470343e-07
0.11370000000000001,6615.403691699777,0.0,0.0,2.4461761680032046,9.539229663427684e-07,9.539229663427677e-07
0.11375,6615.395504793999,0.0,0.0,2.446136926549808,9.539387633348495e-07,9.53938763334849e-07
0.11380000000000001,6615.392490617215,0.0,0.0,2.4460986309538604,9.53930083936119e-07,9.539300839361186e-07
0.11385,6615.393678513645,0.0,0.0,2.4460613335351176,9.539432849732112e-07,9.539432849732108e-07
0.1139,6615.400100868373,0.0,0.0,2.4460250896351785,9.539404047277386e-07,9.539404047277382e-07
0.11395000000000001,6615.410701083095,0.0,0.0,2.4459899484418006,9.539500905435939e-07,9.539500905435935e-07
0.114,6615.426483779246,0.0,0.0,2.4459559623034584,9.539535615597409e-07,9.539535615597404e-07
0.11405,6615.446460446373,0.0,0.0,2.4459231772732646,9.539594503064652e-07,9.539594503064647e-07
0.11410000000000001,6615.471499770813,0.0,0.0,2.445891642152261,9.539691994119408e-07,9.539691994119401e-07
0.11415,6615.5007562185765,0.0,0.0,2.4458613998337038,9.53971583474362e-07,9.539715834743616e-07
0.11420000000000001,6615.534881463665,0.0,0.0,2.445832495043286,9.539869413346657e-07,9.539869413346653e-07
0.11425,6615.573284476606,0.0,0.0,2.4458049675437854,9.5398670826524e-07,9.539867082652396e-07
0.1143,6615.616277939683,0.0,0.0,2.44577885747246,9.540064143778869e-07,9.540064143778865e-07
0.11435000000000001,6615.66361338512,0.0,0.0,2.445754201413272,9.540049353199516e-07,9.540049353199511e-07
0.1144,6615.715239865307,0.0,0.0,2.4457310346008017,9.540273722807182e-07,9.540273722807178e-07
0.11445000000000001,6615.771229502517,0.0,0.0,2.4457093902724147,9.540262324843669e-07,9.540262324843664e-07
0.1145,6615.831195426168,0.0,0.0,2.4456892985143033,9.54049643555744e-07,9.540496435557435e-07
0.11455,6615.8955231516975,0.0,0.0,2.445670789061907,9.540505001894486e-07,9.54050500189448e-07
0.11460000000000001,6615.963495359838,0.0,0.0,2.445653886714428,9.540731305533476e-07,9.540731305533472e-07
0.11465,6616.035770404419,0.0,0.0,2.4456386173988265,9.540775026930248e-07,9.540775026930244e-07
0.11470000000000001,6616.111397356021,0.0,0.0,2.4456250006999776,9.540978766197715e-07,9.54097876619771e-07
0.11475,6616.191175593429,0.0,0.0,2.445613058354415,9.541068768145351e-07,9.541068768145347e-07
0.1148,6616.2740498668245,0.0,0.0,2.445602804841488,9.541239764592389e-07,9.541239764592384e-07
0.11485000000000001,6616.3608613293345,0.0,0.0,2.445594257355579,9.541382301366437e-07,9.541382301366432e-07
0.1149,6616.450531802905,0.0,0.0,2.445587425457772,9.541515306648409e-07,9.541515306648404e-07
0.11495000000000001,6616.543851137642,0.0,0.0,2.445582321386902,9.541711145160573e-07,9.541711145160569e-07
0.115,6616.639845370819,0.0,0.0,2.445578950059071,9.541806797196085e-07,9.54180679719608e-07
0.11505,6616.739111267522,0.0,0.0,2.445577318380567,9.542050503442702e-07,9.542050503442696e-07
0.11510000000000001,6616.840898378567,0.0,0.0,2.4455774268635695,9.542115058505998e-07,9.542115058505994e-07
0.11515,6616.945542477163,0.0,0.0,2.4455792768198883,9.542396374822413e-07,9.542396374822409e-07
0.11520000000000001,6617.052547693592,0.0,0.0,2.445582864534522,9.542439915398399e-07,9.542439915398394e-07
0.11525,6617.161963514366,0.0,0.0,2.445588185558334,9.542745263794213e-07,9.542745263794208e-07
0.1153,6617.2735923295995,0.0,0.0,2.4455952321214625,9.542780711621734e-07,9.542780711621728e-07
0.11535000000000001,6617.387153005437,0.0,0.0,2.445603993925299,9.543094297315778e-07,9.543094297315774e-07
0.1154,6617.50275898692,0.0,0.0,2.4456144592152222,9.54313564328137e-07,9.543135643281365e-07
0.11545000000000001,6617.619841523703,0.0,0.0,2.4456266119768006,9.543441996852673e-07,9.543441996852669e-07
0.1155,6617.738746225198,0.0,0.0,2.44564043640639,9.543501729489107e-07,9.543501729489103e-07
0.11555,6617.858698021964,0.0,0.0,2.4456559110011944,9.543787597623397e-07,9.54378759762339e-07
0.11560000000000001,6617.9802154127765,0.0,0.0,2.445673015863766,9.543875609571448e-07,9.543875609571444e-07
0.11565,6618.102371654094,0.0,0.0,2.4456917243034884,9.544130830051854e-07,9.54413083005185e-07
0.11570000000000001,6618.225783201484,0.0,0.0,2.4457120121838924,9.544253205170646e-07,9.54425320517064e-07
0.11575,6618.34948239571,0.0,0.0,2.445733848101844,9.544472160614794e-07,9.54447216061479e-07
0.1158,6618.474058498522,0.0,0.0,2.4457572034980464,9.544630005796907e-07,9.544630005796903e-07
0.11585000000000001,6618.5986157996995,0.0,0.0,2.445782042711836,9.544811955621377e-07,9.544811955621372e-07
0.1159,6618.723637363509,0.0,0.0,2.445808332678056,9.54500187193044e-07,9.545001871930435e-07
0.11595000000000001,6618.848356942624,0.0,0.0,2.4458360339398513,9.545150124738806e-07,9.545150124738802e-07
0.116,6618.9730961884,0.0,0.0,2.4458651088417,9.545364906649394e-07,9.54536490664939e-07
0.11605,6619.097288339217,0.0,0.0,2.4458955146085652,9.545486338113911e-07,9.545486338113905e-07
0.11610000000000001,6619.221024473271,0.0,0.0,2.4459272090106667,9.545715655500346e-07,9.54571565550034e-07
0.11615,6619.343983916189,0.0,0.0,2.445960146335007,9.545819475115804e-07,9.5458194751158e-07
0.11620000000000001,6619.466022318832,0.0,0.0,2.445994279940654,9.54605172608996e-07,9.546051726089956e-07
0.11625,6619.587041467797,0.0,0.0,2.446029561467729,9.54614753660772e-07,9.546147536607714e-07
0.1163,6619.706693614958,0.0,0.0,2.446065940133148,9.546371468207036e-07,9.54637146820703e-07
0.11635000000000001,6619.82508229766,0.0,0.0,2.446103365176355,9.546468150466192e-07,9.546468150466188e-07
0.1164,6619.941676867856,0.0,0.0,2.4461417820336435,9.546673851727895e-07,9.54667385172789e-07
0.11645000000000001,6620.05674472926,0.0,0.0,2.4461811376962617,9.546778363741023e-07,9.546778363741018e-07
0.1165,6620.169643089467,0.0,0.0,2.4462213743353707,9.546958703600576e-07,9.54695870360057e-07
0.11655,6620.280716013026,0.0,0.0,2.446262436754888,9.54707482582468e-07,9.547074825824675e-07
0.11660000000000001,6620.3892907545705,0.0,0.0,2.4463042644272854,9.54722607724587e-07,9.547226077245866e-07
0.11665,6620.495727906013,0.0,0.0,2.446346800066945,9.547354390843336e-07,9.54735439084333e-07
0.11670000000000001,6620.599375042841,0.0,0.0,2.446389981014101,9.547475990390035e-07,9.54747599039003e-07
0.11675,6620.700555380612,0.0,0.0,2.4464337479609144,9.547614019053412e-07,9.547614019053408e-07
0.1168,6620.798703585751,0.0,0.0,2.4464780367585113,9.54770844634227e-07,9.547708446342266e-07
0.11685000000000001,6620.894040695387,0.0,0.0,2.446522786154609,9.547851023261093e-07,9.547851023261089e-07
0.1169,6620.986137353429,0.0,0.0,2.44656793106905,9.547922972188024e-07,9.54792297218802e-07
0.11695000000000001,6621.07509032819,0.0,0.0,2.44661340851615,9.548063457390589e-07,9.548063457390583e-07
0.117,6621.160611962427,0.0,0.0,2.4466591529759754,9.548118563213833e-07,9.54811856321383e-07
0.11705,6621.2426750293425,0.0,0.0,2.446705099970885,9.548249980718553e-07,9.548249980718546e-07
0.11710000000000001,6621.321136613955,0.0,0.0,2.446751184002253,9.548293895384634e-07,9.54829389538463e-07
0.11715,6621.395847528011,0.0,0.0,2.4467973394361224,9.548409881461392e-07,9.548409881461388e-07
0.11720000000000001,6621.466794945204,0.0,0.0,2.446843501135351,9.548447263201026e-07,9.548447263201022e-07
0.11725000000000001,6621.53374175128,0.0,0.0,2.446889602763222,9.548543140679372e-07,9.548543140679367e-07
0.1173,6621.59676074128,0.0,0.0,2.4469355798051486,9.548576766869687e-07,9.54857676686968e-07
0.11735000000000001,6621.655572430933,0.0,0.0,2.4469813657240675,9.54865011352245e-07,9.548650113522443e-07
0.1174,6621.710298243598,0.0,0.0,2.4470268968536324,9.548680648158195e-07,9.54868064815819e-07
0.11745,6621.760649073343,0.0,0.0,2.447072106995992,9.548731318489002e-07,9.548731318488996e-07
0.11750000000000001,6621.806761180204,0.0,0.0,2.447116933506832,9.54875736238342e-07,9.548757362383415e-07
0.11755,6621.848375487814,0.0,0.0,2.4471613111127644,9.54878730472118e-07,9.548787304721176e-07
0.11760000000000001,6621.885605064391,0.0,0.0,2.4472051783333324,9.548805760913085e-07,9.54880576091308e-07
0.11765,6621.918250002847,0.0,0.0,2.4472484713835128,9.548818352540472e-07,9.548818352540468e-07
0.1177,6621.946385000987,0.0,0.0,2.447291130135418,9.548825260129286e-07,9.548825260129281e-07
0.11775000000000001,6621.969875453422,0.0,0.0,2.4473330927912906,9.548824401129622e-07,9.548824401129618e-07
0.1178,6621.988756558744,0.0,0.0,2.447374300782995,9.548815825849945e-07,9.54881582584994e-07
0.11785000000000001,6622.002957460215,0.0,0.0,2.4474146947799147,9.548805043403363e-07,9.548805043403359e-07
0.1179,6622.012481574062,0.0,0.0,2.4474542180076098,9.548778001212812e-07,9.548778001212808e-07
0.11795,6622.01730650881,0.0,0.0,2.44749281398186,9.548759593897604e-07,9.548759593897598e-07
0.11800000000000001,6622.017426133746,0.0,0.0,2.4475304280482355,9.548712795656554e-07,9.54871279565655e-07
0.11805,6622.0128411976,0.0,0.0,2.447567006862759,9.548687303539294e-07,9.54868730353929e-07
0.11810000000000001,6622.003562171219,0.0,0.0,2.447602498234001,9.548621552655215e-07,9.548621552655211e-07
0.11815,6621.989586843612,0.0,0.0,2.4476368522103837,9.548587516492069e-07,9.548587516492062e-07
0.1182,6621.970967796963,0.0,0.0,2.447670019439919,9.54850580331609e-07,9.548505803316086e-07
0.11825000000000001,6621.947676888347,0.0,0.0,2.4477019535333153,9.548459922537568e-07,9.548459922537564e-07
0.1183,6621.919825896994,0.0,0.0,2.4477326083875894,9.548366972599633e-07,9.548366972599629e-07
0.11835000000000001,6621.887350792666,0.0,0.0,2.4477619413080576,9.548304775830203e-07,9.548304775830198e-07
0.1184,6621.850425841056,0.0,0.0,2.447789909823412,9.548206241712821e-07,9.548206241712817e-07
0.11845,6621.8089514989315,0.0,0.0,2.4478164750603195,9.548122877122966e-07,9.548122877122962e-07
0.11850000000000001,6621.763159507179,0.0,0.0,2.447841598530014,9.548024485566755e-07,9.54802448556675e-07
0.11855,6621.712927255991,0.0,0.0,2.447865245295676,9.54791568049685e-07,9.547915680496845e-07
0.11860000000000001,6621.658518918779,0.0,0.0,2.447887381161549,9.547822050022689e-07,9.547822050022682e-07
0.11865,6621.599823688957,0.0,0.0,2.447907975250609,9.54768531670489e-07,9.547685316704884e-07
0.1187,6621.537099426085,0.0,0.0,2.447926997902643,9.547598945453282e-07,9.547598945453278e-07
0.11875000000000001,6621.470281235256,0.0,0.0,2.447944422453088,9.547434243884408e-07,9.547434243884403e-07
0.1188,6621.39958904058,0.0,0.0,2.4479602239444014,9.547355084289006e-07,9.547355084289e-07
0.11885000000000001,6621.325037736715,0.0,0.0,2.447974380089569,9.54716524948099e-07,9.547165249480985e-07
0.1189,6621.246767005057,0.0,0.0,2.447986870749135,9.547090263077585e-07,9.54709026307758e-07
0.11895,6621.1649147652315,0.0,0.0,2.4479976781810606,9.546881291009106e-07,9.546881291009102e-07
0.11900000000000001,6621.079505908388,0.0,0.0,2.44800678711769,9.54680465535598e-07,9.546804655355973e-07
0.11905,6620.9908171827365,0.0,0.0,2.448014184535047,9.546584996064784e-07,9.54658499606478e-07
0.11910000000000001,6620.89875559089,0.0,0.0,2.4480198600480843,9.546499080002316e-07,9.546499080002312e-07
0.11915,6620.803734294717,0.0,0.0,2.448023805495904,9.546278699626558e-07,9.546278699626554e-07
0.1192,6620.705542889099,0.0,0.0,2.4480260153685403,9.546174909639996e-07,9.546174909639992e-07
0.11925000000000001,6620.604723809885,0.0,0.0,2.4480264864747605,9.545964289690174e-07,9.545964289690168e-07
0.1193,6620.500970609931,0.0,0.0,2.4480252181590854,9.5458343839369e-07,9.545834383936895e-07
0.11935000000000001,6620.394911040123,0.0,0.0,2.448022212256204,9.545642860157398e-07,9.545642860157393e-07
0.1194,6620.286200956989,0.0,0.0,2.44801747294698,9.545480602545313e-07,9.545480602545308e-07
0.11945,6620.17548958675,0.0,0.0,2.448011007086868,9.545314939470787e-07,9.545314939470783e-07
0.11950000000000001,6620.062451305177,0.0,0.0,2.4480028236806577,9.545117093516277e-07,9.54511709351627e-07
0.11955,6619.94770371163,0.0,0.0,2.4479929345379476,9.544980709854334e-07,9.54498070985433e-07
0.11960000000000001,6619.830996975194,0.0,0.0,2.4479813534809773,9.544747818364815e-07,9.54474781836481e-07
0.11965,6619.712843847565,0.0,0.0,2.447968097147795,9.544639881711677e-07,9.54463988171167e-07
0.1197,6619.5931495680925,0.0,0.0,2.4479531841699336,9.544377017023112e-07,9.544377017023106e-07
0.11975000000000001,6619.47225142676,0.0,0.0,2.4479366358442873,9.544292276736173e-07,9.544292276736167e-07
0.1198,6619.350253464285,0.0,0.0,2.447918475582222,9.544008502328826e-07,9.544008502328822e-07
0.11985000000000001,6619.227293664019,0.0,0.0,2.4478987291455523,9.543938267759882e-07,9.543938267759876e-07
0.1199,6619.103691766941,0.0,0.0,2.447877424665262,9.543645723338135e-07,9.543645723338129e-07
0.11995,6618.979361482997,0.0,0.0,2.447854592153695,9.543578605747514e-07,9.543578605747508e-07
0.12000000000000001,6618.854858334101,0.0,0.0,2.447830264359571,9.543291620998584e-07,9.543291620998578e-07
0.12005,6618.729874257662,0.0,0.0,2.4478044753418113,9.54321502670347e-07,9.543215026703465e-07
0.12010000000000001,6618.605160032287,0.0,0.0,2.447777262289136,9.542947997929228e-07,9.542947997929221e-07
0.12015,6618.480248950304,0.0,0.0,2.4477486631282397,9.542850334736216e-07,9.54285033473621e-07
0.1202,6618.356019342332,0.0,0.0,2.4477187192510494,9.54261590527283e-07,9.542615905272824e-07
0.12025000000000001,6618.231904031131,0.0,0.0,2.4476874722772792,9.54248791013323e-07,9.542487910133223e-07
0.1203,6618.108846551653,0.0,0.0,2.44765496750431,9.542295666126225e-07,9.54229566612622e-07
0.12035000000000001,6617.986257973065,0.0,0.0,2.4476212501055685,9.54213192600718e-07,9.542131926007174e-07
0.12040000000000001,6617.865043146423,0.0,0.0,2.4475863689055655,9.541986684634928e-07,9.541986684634921e-07
0.12045,6617.744704053687,0.0,0.0,2.447550372506085,9.541787036409893e-07,9.541787036409886e-07
0.12050000000000001,6617.626001662687,0.0,0.0,2.447513312855785,9.541688084512266e-07,9.54168808451226e-07
0.12055,6617.508609985517,0.0,0.0,2.447475241835367,9.541457661304974e-07,9.541457661304968e-07
0.1206,6617.393081280857,0.0,0.0,2.447436214092357,9.541399114540166e-07,9.54139911454016e-07
0.12065000000000001,6617.279321158541,0.0,0.0,2.4473962846276462,9.541147958552685e-07,9.54114795855268e-07
0.1207,6617.167605344606,0.0,0.0,2.4473555103501283,9.541119106335441e-07,9.541119106335437e-07
0.12075000000000001,6617.058135100889,0.0,0.0,2.4473139491779303,9.540861606217854e-07,9.54086160621785e-07
0.1208,6616.950867516825,0.0,0.0,2.4472716598795614,9.540848150529603e-07,9.540848150529599e-07
0.12085,6616.846299534164,0.0,0.0,2.4472287030081055,9.54060106107539e-07,9.540601061075383e-07
0.12090000000000001,6616.744102349346,0.0,0.0,2.447185138842619,9.540587465384772e-07,9.540587465384766e-07
0.12095,6616.64502316791,0.0,0.0,2.447141030221664,9.540367793875843e-07,9.540367793875836e-07
0.12100000000000001,6616.548484312808,0.0,0.0,2.4470964386197926,9.540338925151527e-07,9.540338925151521e-07
0.12105,6616.455443117739,0.0,0.0,2.44705142874736,9.540162366001526e-07,9.540162366001522e-07
0.1211,6616.365138435362,0.0,0.0,2.4470060630269432,9.540105478300029e-07,9.540105478300024e-07
0.12115000000000001,6616.278630678192,0.0,0.0,2.4469604075276816,9.539983923294793e-07,9.539983923294786e-07
0.1212,6616.195104287794,0.0,0.0,2.4469145254389413,9.539890960622621e-07,9.539890960622617e-07
0.12125000000000001,6616.115599419617,0.0,0.0,2.446868483636366,9.53983095098159e-07,9.539830950981583e-07
0.1213,6616.039345896593,0.0,0.0,2.4468223458922767,9.539699241278347e-07,9.53969924127834e-07
0.12135,6615.967272745203,0.0,0.0,2.4467761793224936,9.539701541404487e-07,9.53970154140448e-07
0.12140000000000001,6615.898755077482,0.0,0.0,2.4467300481316605,9.539534355862909e-07,9.539534355862902e-07
0.12145,6615.834494291276,0.0,0.0,2.4466840190703696,9.539593344965927e-07,9.53959334496592e-07
0.12150000000000001,6615.774124300735,0.0,0.0,2.4466381566148043,9.539400047566788e-07,9.539400047566782e-07
0.12155,6615.718030175301,0.0,0.0,2.446592526608457,9.539504431668975e-07,9.539504431668968e-07
0.1216,6615.666155016429,0.0,0.0,2.4465471935596357,9.539299024260357e-07,9.53929902426035e-07
0.12165000000000001,6615.618544800748,0.0,0.0,2.4465022219220303,9.539433640427488e-07,9.539433640427481e-07
0.1217,6615.575462927248,0.0,0.0,2.4464576759605245,9.53923307268029e-07,9.539233072680284e-07
0.12175000000000001,6615.536605371769,0.0,0.0,2.446413618313145,9.539380455337082e-07,9.539380455337076e-07
0.1218,6615.502556787117,0.0,0.0,2.446370112645371,9.539202945603367e-07,9.53920294560336e-07
0.12185,6615.472689845842,0.0,0.0,2.4463272194704455,9.539345475043801e-07,9.539345475043795e-07
0.12190000000000001,6615.447841901967,0.0,0.0,2.446285001393067,9.539207881866466e-07,9.53920788186646e-07
0.12195,6615.427163399673,0.0,0.0,2.4462435165933956,9.539330478751945e-07,9.539330478751938e-07
0.12200000000000001,6615.411634978422,0.0,0.0,2.446202826099016,9.539246065424844e-07,9.539246065424837e-07
0.12205,6615.400281482612,0.0,0.0,2.4461629856059375,9.539337690822095e-07,9.539337690822089e-07
0.1221,6615.394137192819,0.0,0.0,2.446124054008655,9.53931497259511e-07,9.539314972595105e-07
0.12215000000000001,6615.3922069308055,0.0,0.0,2.446086084445486,9.539369907017077e-07,9.53936990701707e-07
0.1222,6615.395443679908,0.0,0.0,2.446049133068114,9.539411112562646e-07,9.53941111256264e-07
0.12225000000000001,6615.402979354079,0.0,0.0,2.446013250435127,9.539430148429315e-07,9.539430148429308e-07
0.1223,6615.415558477896,0.0,0.0,2.4459784893773953,9.539530949991065e-07,9.539530949991058e-07
0.12235,6615.432530710824,0.0,0.0,2.4459448978079905,9.539520717918953e-07,9.539520717918947e-07
0.12240000000000001,6615.454365724078,0.0,0.0,2.445912524732902,9.539671284735923e-07,9.539671284735917e-07
0.12245,6615.4806965426815,0.0,0.0,2.4458814153479507,9.539643371160933e-07,9.539643371160927e-07
0.12250000000000001,6615.511646674459,0.0,0.0,2.4458516143654006,9.539829177175488e-07,9.539829177175481e-07
0.12255,6615.547192831683,0.0,0.0,2.4458231641457324,9.539798966109429e-07,9.539798966109422e-07
0.1226,6615.587087573878,0.0,0.0,2.4457961047865227,9.540002715540558e-07,9.540002715540552e-07
0.12265000000000001,6615.631633700581,0.0,0.0,2.44577047557303,9.539986928566485e-07,9.539986928566478e-07
0.1227,6615.680260171084,0.0,0.0,2.445746311795093,9.540191084589669e-07,9.540191084589662e-07
0.12275000000000001,6615.733540104029,0.0,0.0,2.445723649376511,9.540205626290394e-07,9.540205626290388e-07
0.1228,6615.790635476029,0.0,0.0,2.4457025186966415,9.54039421968639e-07,9.540394219686383e-07
0.12285,6615.852326381425,0.0,0.0,2.445682951959327,9.540452441901618e-07,9.540452441901611e-07
0.12290000000000001,6615.917593826207,0.0,0.0,2.445664974672455,9.540612955036282e-07,9.540612955036276e-07
0.12295,6615.987310870908,0.0,0.0,2.4456486148799175,9.540723640817986e-07,9.54072364081798e-07
0.12300000000000001,6616.06041175211,0.0,0.0,2.4456338933466655,9.54084877924699e-07,9.540848779246984e-07
0.12305,6616.137732554735,0.0,0.0,2.4456208335206435,9.541014977060646e-07,9.54101497706064e-07
0.1231,6616.218270821478,0.0,0.0,2.445609451579848,9.541103047210573e-07,9.541103047210567e-07
0.12315000000000001,6616.302734854118,0.0,0.0,2.4455997659648983,9.541322159822865e-07,9.541322159822859e-07
0.1232,6616.390278146036,0.0,0.0,2.4455917884556433,9.541376949026754e-07,9.541376949026748e-07
0.12325000000000001,6616.481377970797,0.0,0.0,2.4455855321028244,9.541640775334892e-07,9.541640775334886e-07
0.1233,6616.575447690695,0.0,0.0,2.4455810044725865,9.541671232401006e-07,9.541671232401e-07
0.12335,6616.672657932049,0.0,0.0,2.445578212951846,9.541967058871075e-07,9.541967058871068e-07
0.12340000000000001,6616.772718035723,0.0,0.0,2.4455771609866095,9.54198550429557e-07,9.541985504295564e-07
0.12345,6616.875487260066,0.0,0.0,2.445577850166773,9.542298167234274e-07,9.542298167234268e-07
0.12350000000000001,6616.980969793203,0.0,0.0,2.44558027986457,9.5423185309726e-07,9.542318530972594e-07
0.12355000000000001,6617.088714469498,0.0,0.0,2.4455844458281297,9.542631937446804e-07,9.542631937446797e-07
0.1236,6617.19900995948,0.0,0.0,2.4455903433357267,9.542668167898597e-07,9.54266816789859e-07
0.12365000000000001,6617.3111369794115,0.0,0.0,2.445597962419891,9.542967308527726e-07,9.54296730852772e-07
0.1237,6617.42559388795,0.0,0.0,2.4456072941252573,9.543031142437782e-07,9.543031142437775e-07
0.12375000000000001,6617.541488786472,0.0,0.0,2.445618323025078,9.54330408492544e-07,9.543304084925434e-07
0.12380000000000001,6617.659436362396,0.0,0.0,2.4456310357701434,9.543403603519079e-07,9.543403603519072e-07
0.12385,6617.778459613089,0.0,0.0,2.445645411790881,9.543642430785597e-07,9.543642430785588e-07
0.12390000000000001,6617.899205227944,0.0,0.0,2.4456614331589526,9.543781326457995e-07,9.543781326457989e-07
0.12395,6618.020706001498,0.0,0.0,2.44567907457677,9.543982805474294e-07,9.543982805474287e-07
0.124,6618.143536426257,0.0,0.0,2.445698313328229,9.544159800468783e-07,9.544159800468776e-07
0.12405000000000001,6618.2668471434645,0.0,0.0,2.4457191198276855,9.54432561439137e-07,9.544325614391364e-07
0.1241,6618.391048526651,0.0,0.0,2.4457414664374357,9.544534776918555e-07,9.544534776918546e-07
0.12415000000000001,6618.515477798173,0.0,0.0,2.4457653196854765,9.544670654398896e-07,9.544670654398888e-07
0.1242,6618.64033653387,0.0,0.0,2.445790646962937,9.544902604409443e-07,9.544902604409437e-07
0.12425,6618.765186365005,0.0,0.0,2.445817411285769,9.545017139020188e-07,9.545017139020182e-07
0.12430000000000001,6618.889984599916,0.0,0.0,2.445845575108163,9.545260166263883e-07,9.545260166263875e-07
0.12435,6619.014547711803,0.0,0.0,2.445875098250567,9.545363638839727e-07,9.545363638839719e-07
0.12440000000000001,6619.138583327801,0.0,0.0,2.445905938403053,9.54560526592359e-07,9.545605265923584e-07
0.12445,6619.262138834076,0.0,0.0,2.445938052394643,9.545707806450086e-07,9.545707806450078e-07
0.1245,6619.38472060779,0.0,0.0,2.4459713934672584,9.54593663555211e-07,9.545936635552101e-07
0.12455000000000001,6619.506555719374,0.0,0.0,2.4460059156031146,9.546046768797644e-07,9.546046768797635e-07
0.1246,6619.626998323796,0.0,0.0,2.4460415679895315,9.546253550094132e-07,9.546253550094126e-07
0.12465000000000001,6619.746405417966,0.0,0.0,2.4460783018566046,9.546377283590433e-07,9.546377283590426e-07
0.1247,6619.864045495367,0.0,0.0,2.4461160628469925,9.54655587960557e-07,9.546555879605562e-07
0.12475,6619.980324428162,0.0,0.0,2.446154799457941,9.546695764015774e-07,9.546695764015765e-07
0.12480000000000001,6620.094512547317,0.0,0.0,2.4461944543651684,9.546843740495872e-07,9.546843740495864e-07
0.12485,6620.206988644838,0.0,0.0,2.4462349733726767,9.546998764772642e-07,9.546998764772636e-07
0.12490000000000001,6620.317088312416,0.0,0.0,2.4462762967561824,9.547117065200662e-07,9.547117065200654e-07
0.12495,6620.425111024116,0.0,0.0,2.4463183676960965,9.547283163041381e-07,9.547283163041373e-07
0.125,6620.530509111482,0.0,0.0,2.4463611246493464,9.54737553990712e-07,9.547375539907112e-07
0.12505,6620.633454706652,0.0,0.0,2.4464045082719994,9.547546251312357e-07,9.547546251312348e-07
0.12510000000000002,6620.733559036879,0.0,0.0,2.446448455736497,9.547618424294961e-07,9.547618424294953e-07
0.12515,6620.830842127971,0.0,0.0,2.4464929053797726,9.547786015568936e-07,9.547786015568928e-07
0.1252,6620.92508121782,0.0,0.0,2.446537793535413,9.547844399172216e-07,9.547844399172208e-07
0.12525,6621.016154260561,0.0,0.0,2.446583056520077,9.548001191277091e-07,9.548001191277083e-07
0.1253,6621.1039885277505,0.0,0.0,2.446628630210528,9.548051742229404e-07,9.548051742229396e-07
0.12535000000000002,6621.188339806002,0.0,0.0,2.4466744492813355,9.548191117137518e-07,9.54819111713751e-07
0.1254,6621.269262756199,0.0,0.0,2.4467204494592196,9.548238471700238e-07,9.54823847170023e-07
0.12545,6621.346425022336,0.0,0.0,2.4467665642538448,9.548355721755484e-07,9.548355721755476e-07
0.1255,6621.41996393536,0.0,0.0,2.446812729458672,9.548402425831653e-07,9.548402425831646e-07
0.12555,6621.489511600753,0.0,0.0,2.446858877971079,9.548495316111133e-07,9.548495316111126e-07
0.12560000000000002,6621.555239356837,0.0,0.0,2.4469049458334737,9.548541575403337e-07,9.548541575403331e-07
0.12565,6621.616785945295,0.0,0.0,2.4469508658979104,9.548610267184858e-07,9.54861026718485e-07
0.1257,6621.6743210865725,0.0,0.0,2.4469965746239217,9.548654192843043e-07,9.548654192843034e-07
0.12575,6621.727526137477,0.0,0.0,2.4470420054084783,9.548700871344252e-07,9.548700871344243e-07
0.1258,6621.776534744574,0.0,0.0,2.447087095276336,9.548738944858205e-07,9.548738944858197e-07
0.12585000000000002,6621.821100745865,0.0,0.0,2.447131778743564,9.548767148091119e-07,9.54876714809111e-07
0.1259,6621.861303450246,0.0,0.0,2.4471759935948474,9.548795067457153e-07,9.548795067457144e-07
0.12595,6621.896976773482,0.0,0.0,2.4472196759661595,9.54880873511761e-07,9.5488087351176e-07
0.126,6621.928147254158,0.0,0.0,2.44726276464833,9.548822374762125e-07,9.548822374762117e-07
0.12605,6621.954722780511,0.0,0.0,2.4473051978491513,9.54882495512285e-07,9.548824955122841e-07
0.12610000000000002,6621.9766882149215,0.0,0.0,2.447346915649297,9.548821225653215e-07,9.54882122565321e-07
0.12615,6621.994009570149,0.0,0.0,2.447387858702767,9.548814910913125e-07,9.548814910913117e-07
0.1262,6622.006652064713,0.0,0.0,2.4474279687378,9.5487924489001e-07,9.548792448900091e-07
0.12625,6622.014613900729,0.0,0.0,2.4474671891393798,9.548777677143307e-07,9.548777677143299e-07
0.1263,6622.017868440561,0.0,0.0,2.4475054636879374,9.548737166889286e-07,9.548737166889278e-07
0.12635000000000002,6622.0164195016905,0.0,0.0,2.4475427387290267,9.548712513161148e-07,9.54871251316114e-07
0.1264,6622.0102730127555,0.0,0.0,2.447578960520165,9.548656622953425e-07,9.548656622953417e-07
0.12645,6621.999417069345,0.0,0.0,2.4476140785490017,9.548619033814208e-07,9.5486190338142e-07
0.1265,6621.9839073892335,0.0,0.0,2.447648041991285,9.548551969428295e-07,9.548551969428286e-07
0.12655,6621.963704973463,0.0,0.0,2.44768080361827,9.548497397114103e-07,9.548497397114097e-07
0.12660000000000002,6621.938919429269,0.0,0.0,2.4477123159525407,9.548424063837265e-07,9.548424063837257e-07
0.12665,6621.909487049462,0.0,0.0,2.4477425351883295,9.548348350540276e-07,9.548348350540267e-07
0.1267,6621.875563254553,0.0,0.0,2.4477714175751824,9.548273437683166e-07,9.548273437683158e-07
0.12675,6621.837072656762,0.0,0.0,2.447798922881344,9.548173206292882e-07,9.548173206292873e-07
0.1268,6621.794196160242,0.0,0.0,2.4478250114144466,9.548100229771284e-07,9.548100229771276e-07
0.12685000000000002,6621.746874257986,0.0,0.0,2.4478496466768966,9.547973864570408e-07,9.5479738645704e-07
0.1269,6621.6952796834785,0.0,0.0,2.4478727933027677,9.547904268192904e-07,9.547904268192896e-07
0.12695,6621.6394027954475,0.0,0.0,2.4478944187194904,9.547752598283869e-07,9.54775259828386e-07
0.127,6621.579375815074,0.0,0.0,2.4479144920773317,9.547685356233549e-07,9.547685356233543e-07
0.12705,6621.515268233678,0.0,0.0,2.4479329849409686,9.54751187491915e-07,9.547511874919142e-07
0.12710000000000002,6621.447141986421,0.0,0.0,2.4479498711105756,9.547443411398595e-07,9.547443411398586e-07
0.12715,6621.375174197013,0.0,0.0,2.4479651265020705,9.547254249540842e-07,9.547254249540834e-07
0.1272,6621.299331093968,0.0,0.0,2.447978729646624,9.547178716606165e-07,9.547178716606157e-07
0.12725,6621.219912375346,0.0,0.0,2.4479906610251536,9.546982048362288e-07,9.54698204836228e-07
0.1273,6621.136784915399,0.0,0.0,2.448000903939498,9.54689222257796e-07,9.546892222577951e-07
0.12735000000000002,6621.05036229657,0.0,0.0,2.448009443624685,9.546697175956705e-07,9.546697175956697e-07
0.1274,6620.960426845012,0.0,0.0,2.4480162681757585,9.546585569029407e-07,9.546585569029398e-07
0.12745,6620.8674851026035,0.0,0.0,2.4480213677279252,9.546401093435952e-07,9.546401093435943e-07
0.1275,6620.771260596394,0.0,0.0,2.4480247351847924,9.546261086713981e-07,9.546261086713973e-07
0.12755,6620.672315077466,0.0,0.0,2.4480263656762777,9.546094665810845e-07,9.546094665810836e-07
0.12760000000000002,6620.570362967077,0.0,0.0,2.448026256931502,9.545921863233607e-07,9.545921863233599e-07
0.12765,6620.465959948489,0.0,0.0,2.448024409108452,9.545778176229477e-07,9.545778176229468e-07
0.1277,6620.358872429305,0.0,0.0,2.4480208247858832,9.545571446592816e-07,9.545571446592808e-07
0.12775,6620.249592913844,0.0,0.0,2.448015509121959,9.54545167837042e-07,9.545451678370411e-07
0.1278,6620.137990523504,0.0,0.0,2.448008469571507,9.545213579954333e-07,9.545213579954325e-07
0.12785000000000002,6620.024440560445,0.0,0.0,2.447999716210319,9.545115076656568e-07,9.54511507665656e-07
0.1279,6619.908971318677,0.0,0.0,2.447989261390689,9.544852147174683e-07,9.544852147174675e-07
0.12795,6619.791785298523,0.0,0.0,2.44797711997973,9.544768415739602e-07,9.544768415739594e-07
0.128,6619.673109630655,0.0,0.0,2.447963309227178,9.544490700093415e-07,9.544490700093407e-07
0.12805,6619.552952569622,0.0,0.0,2.4479478486417294,9.544412380644842e-07,9.544412380644834e-07
0.12810000000000002,6619.4317438062035,0.0,0.0,2.4479307603330613,9.544132229276254e-07,9.544132229276248e-07
0.12815000000000001,6619.309299126307,0.0,0.0,2.4479120682884155,9.544048310534486e-07,9.544048310534478e-07
0.1282,6619.18624243834,0.0,0.0,2.447891799394243,9.543779163324016e-07,9.543779163324008e-07
0.12825,6619.062214264644,0.0,0.0,2.447869981956221,9.543678361098067e-07,9.543678361098059e-07
0.1283,6618.937994205612,0.0,0.0,2.4478466474885443,9.54343304419146e-07,9.543433044191452e-07
0.12835000000000002,6618.813105417532,0.0,0.0,2.4478218284741944,9.543305674071903e-07,9.543305674071896e-07
0.12840000000000001,6618.688408784621,0.0,0.0,2.447795560839455,9.543094546982526e-07,9.543094546982517e-07
0.12845,6618.563386978388,0.0,0.0,2.4477678811146655,9.54293405877003e-07,9.54293405877002e-07
0.1285,6618.4389045747985,0.0,0.0,2.4477388293650084,9.542763754659777e-07,9.542763754659768e-07
0.12855,6618.314479670771,0.0,0.0,2.4477084460498073,9.542567757684877e-07,9.542567757684869e-07
0.12860000000000002,6618.1908965021885,0.0,0.0,2.447676775040995,9.542440204745232e-07,9.542440204745224e-07
0.12865000000000001,6618.067799111954,0.0,0.0,2.447643860615676,9.542211336424978e-07,9.54221133642497e-07
0.1287,6617.945797080376,0.0,0.0,2.447609750082809,9.54212316498663e-07,9.542123164986622e-07
0.12875,6617.82474121601,0.0,0.0,2.4475744914051027,9.541869156356817e-07,9.54186915635681e-07
0.1288,6617.705004603293,0.0,0.0,2.447538134949912,9.541812230682883e-07,9.541812230682875e-07
0.12885,6617.586686002463,0.0,0.0,2.447500732196296,9.54154501166596e-07,9.541545011665952e-07
0.12890000000000001,6617.469887455669,0.0,0.0,2.4474623361922894,9.541507436241752e-07,9.541507436241744e-07
0.12895,6617.3549847204085,0.0,0.0,2.4474230017209355,9.541242116555507e-07,9.5412421165555e-07
0.129,6617.241788990137,0.0,0.0,2.447382784154383,9.541209515570412e-07,9.541209515570404e-07
0.12905,6617.1309459189115,0.0,0.0,2.447341741292962,9.540962635124903e-07,9.540962635124894e-07
0.1291,6617.022012065128,0.0,0.0,2.4472999305303236,9.540920320779779e-07,9.540920320779772e-07
0.12915000000000001,6616.9158423414,0.0,0.0,2.447257412317922,9.540707595510413e-07,9.540707595510405e-07
0.1292,6616.811805566776,0.0,0.0,2.4472142458053323,9.540642538741021e-07,9.540642538741013e-07
0.12925,6616.710895513754,0.0,0.0,2.447170493670123,9.540477151281178e-07,9.54047715128117e-07
0.1293,6616.612370055352,0.0,0.0,2.4471262165949432,9.540379596509798e-07,9.54037959650979e-07
0.12935,6616.5172655886845,0.0,0.0,2.4470814789826583,9.540270437308868e-07,9.540270437308861e-07
0.12940000000000002,6616.424841612093,0.0,0.0,2.4470363428754625,9.540135600814096e-07,9.540135600814087e-07
0.12945,6616.336056301631,0.0,0.0,2.4469908738548596,9.540085881121136e-07,9.540085881121128e-07
0.1295,6616.250282507338,0.0,0.0,2.4469451351514517,9.53991473764236e-07,9.539914737642352e-07
0.12955,6616.168301595185,0.0,0.0,2.4468991929745374,9.539921739884876e-07,9.53992173988487e-07
0.1296,6616.08968498668,0.0,0.0,2.4468531115637764,9.53972091532581e-07,9.539720915325802e-07
0.12965000000000002,6616.014955361639,0.0,0.0,2.44680695720236,9.539776277652614e-07,9.539776277652605e-07
0.1297,6615.943960826851,0.0,0.0,2.446760794939189,9.539557608089151e-07,9.539557608089143e-07
0.12975,6615.876896126824,0.0,0.0,2.4467146906167128,9.539648138926019e-07,9.539648138926012e-07
0.1298,6615.813930224464,0.0,0.0,2.4466687098261977,9.539427332414495e-07,9.539427332414489e-07
0.12985,6615.754916585282,0.0,0.0,2.4466229175297447,9.53953690635476e-07,9.53953690635475e-07
0.12990000000000002,6615.700330108147,0.0,0.0,2.4465773795188204,9.539331411117028e-07,9.53933141111702e-07
0.12995,6615.649711021907,0.0,0.0,2.446532159506826,9.53944304232991e-07,9.539443042329905e-07
0.13,6615.603804627381,0.0,0.0,2.4464873230773634,9.53927014594839e-07,9.539270145948382e-07
0.13005,6615.561884652032,0.0,0.0,2.44644293240727,9.53936790773527e-07,9.53936790773526e-07
0.1301,6615.524894634056,0.0,0.0,2.4463990523771977,9.539242569450042e-07,9.539242569450035e-07
0.13015000000000002,6615.491942094359,0.0,0.0,2.446355743439075,9.539313906599058e-07,9.53931390659905e-07
0.1302,6615.464050087292,0.0,0.0,2.4463130692074153,9.539246610563593e-07,9.539246610563585e-07
0.13025,6615.440277832961,0.0,0.0,2.4462710882731256,9.5392839141601e-07,9.53928391416009e-07
0.1303,6615.421618315211,0.0,0.0,2.446229862403914,9.53927962087083e-07,9.53927962087082e-07
0.13035,6615.407188383836,0.0,0.0,2.4461894482296507,9.539280964905083e-07,9.539280964905074e-07
0.13040000000000002,6615.397838185636,0.0,0.0,2.446149905069405,9.53933843277386e-07,9.539338432773852e-07
0.13045,6615.39286071209,0.0,0.0,2.4461112875235145,9.539308064930617e-07,9.539308064930609e-07
0.1305,6615.392850825954,0.0,0.0,2.446073651887456,9.539419828700506e-07,9.539419828700495e-07
0.13055,6615.397368949366,0.0,0.0,2.4460370506244677,9.539367549917028e-07,9.539367549917017e-07
0.1306,6615.4066902237555,0.0,0.0,2.44600153651585,9.539521122912061e-07,9.539521122912053e-07
0.13065000000000002,6615.420684800293,0.0,0.0,2.445967159731472,9.53946081595337e-07,9.539460815953361e-07
0.1307,6615.439279091567,0.0,0.0,2.445933969121432,9.539640268054547e-07,9.539640268054536e-07
0.13075,6615.4626721263285,0.0,0.0,2.44590201235333,9.53958829558009e-07,9.53958829558008e-07
0.1308,6615.490438933925,0.0,0.0,2.445871334042695,9.539776082439863e-07,9.539776082439855e-07
0.13085,6615.523083417879,0.0,0.0,2.4458419790501567,9.539749152608258e-07,9.53974915260825e-07
0.13090000000000002,6615.559884992551,0.0,0.0,2.445813987586797,9.539928518586493e-07,9.539928518586482e-07
0.13095,6615.601573000235,0.0,0.0,2.4457874013237557,9.539941310151933e-07,9.539941310151925e-07
0.131,6615.6472211823275,0.0,0.0,2.4457622559977383,9.540098338755052e-07,9.540098338755044e-07
0.13105,6615.697693915832,0.0,0.0,2.4457385896620307,9.540161835534397e-07,9.540161835534387e-07
0.1311,6615.751954405723,0.0,0.0,2.445716433599291,9.540286863598786e-07,9.540286863598778e-07
0.13115000000000002,6615.810894096754,0.0,0.0,2.445695821768626,9.540406958309158e-07,9.54040695830915e-07
0.1312,6615.873490405204,0.0,0.0,2.4456767811034923,9.540495867918468e-07,9.54049586791846e-07
0.13125,6615.940533269698,0.0,0.0,2.4456593409861695,9.540672423404256e-07,9.540672423404247e-07
0.1313,6616.011131439421,0.0,0.0,2.445643524123041,9.540726929574036e-07,9.540726929574028e-07
0.13135,6616.085877828595,0.0,0.0,2.445629354895061,9.540954100464017e-07,9.540954100464009e-07
0.13140000000000002,6616.164093917221,0.0,0.0,2.4456168518923427,9.540981109995076e-07,9.54098110999507e-07
0.13145,6616.246101087014,0.0,0.0,2.4456060341290056,9.541248099211013e-07,9.541248099211003e-07
0.1315,6616.331504144496,0.0,0.0,2.4455969161741122,9.541258842893481e-07,9.541258842893473e-07
0.13155,6616.420298757385,0.0,0.0,2.445589511409893,9.541551155678291e-07,9.541551155678283e-07
0.1316,6616.512401801877,0.0,0.0,2.4455838303977075,9.541559507986388e-07,9.541559507986377e-07
0.13165000000000002,6616.607485622027,0.0,0.0,2.445579880771981,9.541861004489532e-07,9.541861004489523e-07
0.1317,6616.705755418435,0.0,0.0,2.44557766902136,9.541881405978256e-07,9.541881405978247e-07
0.13175,6616.806598228526,0.0,0.0,2.445577197030991,9.542176258937053e-07,9.542176258937042e-07
0.1318,6616.910462659472,0.0,0.0,2.4455784670934713,9.542221948788383e-07,9.542221948788375e-07
0.13185,6617.016509066396,0.0,0.0,2.445581475473446,9.542496367303908e-07,9.5424963673039e-07
0.13190000000000002,6617.125353862444,0.0,0.0,2.445586220062043,9.54257763397689e-07,9.542577633976882e-07
0.13195,6617.236027559291,0.0,0.0,2.445592691757548,9.54282155449864e-07,9.54282155449863e-07
0.132,6617.349207677339,0.0,0.0,2.4456008838051613,9.542944292412552e-07,9.542944292412544e-07
0.13205,6617.463902456268,0.0,0.0,2.4456107820564603,9.543152344474065e-07,9.543152344474057e-07
0.1321,6617.580753531165,0.0,0.0,2.4456223748750974,9.54331755484307e-07,9.54331755484306e-07
0.13215000000000002,6617.698838440766,0.0,0.0,2.4456356434279454,9.54348921413127e-07,9.543489214131262e-07
0.1322,6617.818673754592,0.0,0.0,2.4456505709791494,9.54369300371086e-07,9.54369300371085e-07
0.13225,6617.939498555415,0.0,0.0,2.4456671343938035,9.543832436436322e-07,9.543832436436313e-07
0.1323,6618.06162116632,0.0,0.0,2.4456853116836346,9.544066508521042e-07,9.544066508521034e-07
0.13235,6618.184507842051,0.0,0.0,2.4457050757521546,9.544181624585717e-07,9.544181624585709e-07
0.13240000000000002,6618.308219679061,0.0,0.0,2.445726399321048,9.54443466284027e-07,9.54443466284026e-07
0.13245,6618.432471856937,0.0,0.0,2.445749251609771,9.544535608272217e-07,9.544535608272209e-07
0.1325,6618.5570689320875,0.0,0.0,2.4457736001191708,9.544794779503732e-07,9.544794779503724e-07
0.13255,6618.681978108895,0.0,0.0,2.445799410606605,9.544892518503717e-07,9.54489251850371e-07
0.1326,6618.806760277048,0.0,0.0,2.4458266455448103,9.545145010265743e-07,9.545145010265734e-07
0.13265000000000002,6618.931603188306,0.0,0.0,2.445855267356209,9.545249681924822e-07,9.545249681924813e-07
0.1327,6619.055878139103,0.0,0.0,2.445885233822069,9.5454843900847e-07,9.545484390084693e-07
0.13275,6619.179928227586,0.0,0.0,2.445916504085453,9.545603817193632e-07,9.545603817193623e-07
0.1328,6619.303006565242,0.0,0.0,2.4459490316609505,9.545812519537839e-07,9.54581251953783e-07
0.13285,6619.425542156559,0.0,0.0,2.4459827724369245,9.545951341636748e-07,9.54595134163674e-07
0.13290000000000002,6619.54674310839,0.0,0.0,2.44601767616389,9.546129338442726e-07,9.546129338442718e-07
0.13295,6619.667048302548,0.0,0.0,2.4460536954646,9.54628850680143e-07,9.546288506801422e-07
0.133,6619.785702927521,0.0,0.0,2.446090776886047,9.546434916916797e-07,9.546434916916789e-07
0.13305,6619.903077618434,0.0,0.0,2.4461288697889354,9.546611679341333e-07,9.546611679341325e-07
0.1331,6620.018524746001,0.0,0.0,2.4461679180683524,9.546729078431207e-07,9.546729078431199e-07
0.13315000000000002,6620.1322930150445,0.0,0.0,2.4462078678876993,9.546917674853084e-07,9.546917674853076e-07
0.1332,6620.243884633238,0.0,0.0,2.4462486610131102,9.547011204084937e-07,9.547011204084928e-07
0.13325,6620.353393777237,0.0,0.0,2.4462902405380444,9.54720385078914e-07,9.547203850789129e-07
0.1333,6620.460500647669,0.0,0.0,2.4463325465781565,9.54728021844018e-07,9.54728021844017e-07
0.13335,6620.56512866282,0.0,0.0,2.446375519378474,9.547468241793058e-07,9.54746824179305e-07
0.13340000000000002,6620.667138145017,0.0,0.0,2.4464190977981715,9.547534483074487e-07,9.547534483074478e-07
0.13345,6620.766298587685,0.0,0.0,2.446463219569913,9.547709670072453e-07,9.547709670072444e-07
0.1335,6620.862622995875,0.0,0.0,2.4465078226076145,9.547771913890794e-07,9.547771913890786e-07
0.13355,6620.955761703019,0.0,0.0,2.4465528425566623,9.547927573064197e-07,9.547927573064189e-07
0.1336,6621.045844411701,0.0,0.0,2.446598216636615,9.54799020613917e-07,9.54799020613916e-07
0.13365000000000002,6621.132444441828,0.0,0.0,2.4466438789099927,9.548121872256077e-07,9.548121872256068e-07
0.1337,6621.2157607615145,0.0,0.0,2.4466897660848224,9.548186950031464e-07,9.548186950031456e-07
0.13375,6621.295343934388,0.0,0.0,2.446735811216992,9.548292793032272e-07,9.548292793032263e-07
0.1338,6621.371409138995,0.0,0.0,2.4467819506506845,9.548359864352621e-07,9.548359864352613e-07
0.13385,6621.443533578123,0.0,0.0,2.446828117027087,9.548440558774804e-07,9.548440558774793e-07
0.13390000000000002,6621.511907722791,0.0,0.0,2.4468742464815985,9.548507014514855e-07,9.548507014514846e-07
0.13395,6621.576171288784,0.0,0.0,2.4469202718267766,9.548565204232956e-07,9.548565204232945e-07
0.134,6621.636460319368,0.0,0.0,2.4469661291549665,9.548626913836145e-07,9.548626913836136e-07
0.13405,6621.692502509544,0.0,0.0,2.4470117520130357,9.548666458947738e-07,9.54866645894773e-07
0.1341,6621.744362647422,0.0,0.0,2.447057076660657,9.548718634092648e-07,9.54871863409264e-07
0.13415000000000002,6621.791864441328,0.0,0.0,2.4471020378727752,9.548743671902017e-07,9.548743671902009e-07
0.1342,6621.835004472268,0.0,0.0,2.447146572356753,9.548781853648528e-07,9.548781853648517e-07
0.13425,6621.873692064919,0.0,0.0,2.447190616537281,9.5487958825745e-07,9.548795882574491e-07
0.1343,6621.907872207572,0.0,0.0,2.4472341079055853,9.54881678847317e-07,9.54881678847316e-07
0.13435,6621.937520239484,0.0,0.0,2.4472769848881955,9.548821973716762e-07,9.548821973716754e-07
0.13440000000000002,6621.962553374953,0.0,0.0,2.447319186158076,9.548824092906583e-07,9.548824092906574e-07
0.13445000000000001,6621.982986183966,0.0,0.0,2.4473606524157523,9.54882084265335e-07,9.54882084265334e-07
0.1345,6621.998737554654,0.0,0.0,2.4474013239681796,9.548804690745596e-07,9.548804690745585e-07
0.13455,6622.009832778659,0.0,0.0,2.447441144002758,9.54879161266243e-07,9.548791612662422e-07
0.1346,6622.016218341807,0.0,0.0,2.4474800549329325,9.548759567062484e-07,9.548759567062474e-07
0.13465000000000002,6622.017908822922,0.0,0.0,2.447518002613606,9.548733796649933e-07,9.548733796649923e-07
0.13470000000000001,6622.01489529847,0.0,0.0,2.4475549320380883,9.548689584447726e-07,9.548689584447717e-07
0.13475,6622.007170054959,0.0,0.0,2.4475907918852813,9.548647425600893e-07,9.548647425600884e-07
0.1348,6621.994774177352,0.0,0.0,2.447625530185963,9.548595313462107e-07,9.548595313462097e-07
0.13485,6621.977679053851,0.0,0.0,2.447659098600731,9.548533112248926e-07,9.548533112248918e-07
0.13490000000000002,6621.955967749294,0.0,0.0,2.4476914486050205,9.548476981065673e-07,9.548476981065662e-07
0.13495000000000001,6621.929604378045,0.0,0.0,2.4477225350233467,9.548392016415897e-07,9.548392016415889e-07
0.135,6621.898694985282,0.0,0.0,2.4477523131215038,9.548334504049164e-07,9.548334504049154e-07
0.13505,6621.86321989125,0.0,0.0,2.4477807410920054,9.548225794407818e-07,9.54822579440781e-07
0.1351,6621.8232801742615,0.0,0.0,2.447807778273712,9.548167586929667e-07,9.548167586929659e-07
0.13515000000000002,6621.77890222561,0.0,0.0,2.4478333864592163,9.548036471111815e-07,9.548036471111804e-07
0.13520000000000001,6621.730151947164,0.0,0.0,2.4478575292691027,9.54797595144102e-07,9.547975951441009e-07
0.13525,6621.677128802731,0.0,0.0,2.4478801723548997,9.54782622637834e-07,9.547826226378332e-07
0.1353,6621.619839618947,0.0,0.0,2.447901283766366,9.547759576028413e-07,9.547759576028404e-07
0.13535,6621.558476346913,0.0,0.0,2.4479208332774305,9.547597232389968e-07,9.54759723238996e-07
0.13540000000000002,6621.492970441855,0.0,0.0,2.4479387934694326,9.547518860430696e-07,9.547518860430688e-07
0.13545000000000001,6621.423615917925,0.0,0.0,2.4479551384945775,9.547351464870282e-07,9.547351464870272e-07
0.1355,6621.35026729959,0.0,0.0,2.447969845532681,9.547254840030665e-07,9.547254840030655e-07
0.13555,6621.273310275092,0.0,0.0,2.4479828933460035,9.547090468887389e-07,9.54709046888738e-07
0.1356,6621.192541611201,0.0,0.0,2.447994263763747,9.54696926845229e-07,9.54696926845228e-07
0.13565,6621.108411573669,0.0,0.0,2.448003940344744,9.54681532640163e-07,9.54681532640162e-07
0.13570000000000002,6621.020689841719,0.0,0.0,2.448011909617187,9.54666452704504e-07,9.546664527045031e-07
0.13575,6620.929853611441,0.0,0.0,2.448018160067896,9.546526644717077e-07,9.54652664471707e-07
0.1358,6620.835689627671,0.0,0.0,2.44802268297726,9.54634360441757e-07,9.546343604417561e-07
0.13585,6620.73864898403,0.0,0.0,2.4480254718312318,9.546224576570695e-07,9.546224576570686e-07
0.1359,6620.638590384298,0.0,0.0,2.4480265227226137,9.546009904656415e-07,9.546009904656406e-07
0.13595000000000002,6620.535884647767,0.0,0.0,2.4480258341463896,9.545909107689513e-07,9.545909107689505e-07
0.136,6620.430509857356,0.0,0.0,2.448023407070355,9.54566695228546e-07,9.54566695228545e-07
0.13605,6620.32271233132,0.0,0.0,2.4480192449557108,9.545580298156644e-07,9.545580298156635e-07
0.1361,6620.21262865259,0.0,0.0,2.44801335369902,9.545318233744613e-07,9.545318233744604e-07
0.13615,6620.100344287314,0.0,0.0,2.4480057416441943,9.545238501813966e-07,9.545238501813957e-07
0.13620000000000002,6619.986180569273,0.0,0.0,2.4479964196479425,9.544966937766675e-07,9.544966937766666e-07
0.13625,6619.870047290505,0.0,0.0,2.447985400828749,9.544884703529898e-07,9.544884703529887e-07
0.1363,6619.7524478860505,0.0,0.0,2.447972700995708,9.544615668337708e-07,9.5446156683377e-07
0.13635,6619.633131549361,0.0,0.0,2.447958337924259,9.544520689628923e-07,9.544520689628915e-07
0.1364,6619.512756465041,0.0,0.0,2.4479423323178735,9.544266377417974e-07,9.544266377417966e-07
0.13645000000000002,6619.390944693955,0.0,0.0,2.4479247064920715,9.544149019429366e-07,9.544149019429358e-07
0.1365,6619.268464335191,0.0,0.0,2.447905485926394,9.543920301618553e-07,9.543920301618545e-07
0.13655,6619.144866246562,0.0,0.0,2.447884697371391,9.543773065475962e-07,9.543773065475953e-07
0.1366,6619.020956687324,0.0,0.0,2.4478623708983833,9.543577891624167e-07,9.543577891624158e-07
0.13665,6618.896294142825,0.0,0.0,2.4478385375988174,9.543396841703583e-07,9.543396841703575e-07
0.13670000000000002,6618.771641144847,0.0,0.0,2.447813231894885,9.54323908220626e-07,9.543239082206252e-07
0.13675,6618.646639640454,0.0,0.0,2.447786489126409,9.543024626488714e-07,9.543024626488706e-07
0.1368,6618.521933761463,0.0,0.0,2.4477583477775227,9.542903533682029e-07,9.542903533682018e-07
0.13685,6618.3973218170695,0.0,0.0,2.447728847339339,9.542660794343926e-07,9.542660794343917e-07
0.1369,6618.273255081423,0.0,0.0,2.4476980300343945,9.54257083192235e-07,9.54257083192234e-07
0.13695000000000002,6618.149753206016,0.0,0.0,2.4476659393844336,9.542309468673617e-07,9.542309468673606e-07
0.137,6618.0270234744185,0.0,0.0,2.447632621018066,9.542240972210919e-07,9.54224097221091e-07
0.13705,6617.90533685447,0.0,0.0,2.447598122321895,9.541974125217035e-07,9.541974125217027e-07
0.1371,6617.784640891475,0.0,0.0,2.447562492007099,9.54191461407495e-07,9.541914614074942e-07
0.13715,6617.665459693742,0.0,0.0,2.4475257811055444,9.541657492606283e-07,9.541657492606274e-07
0.13720000000000002,6617.547488731879,0.0,0.0,2.4474880411072406,9.541593194741521e-07,9.541593194741513e-07
0.13725,6617.431480186895,0.0,0.0,2.4474493264025683,9.541361363719073e-07,9.541361363719064e-07
0.1373,6617.316920541182,0.0,0.0,2.4474096909965812,9.541279123416272e-07,9.541279123416263e-07
0.13735,6617.204724655134,0.0,0.0,2.447369192273194,9.541086455378628e-07,9.54108645537862e-07
0.1374,6617.094248865512,0.0,0.0,2.44732788652853,9.540975687450711e-07,9.540975687450703e-07
0.13745000000000002,6616.986482103254,0.0,0.0,2.447285833712472,9.540832593811922e-07,9.540832593811913e-07
0.1375,6616.880740405896,0.0,0.0,2.4472430922150554,9.540686742547547e-07,9.540686742547538e-07
0.13755,6616.77799175995,0.0,0.0,2.4471997240705883,9.540598895523571e-07,9.540598895523563e-07
0.1376,6616.677611294859,0.0,0.0,2.447155789592243,9.540416528943954e-07,9.540416528943944e-07
0.13765,6616.580439207732,0.0,0.0,2.447111352375675,9.540383936569667e-07,9.540383936569659e-07
0.13770000000000002,6616.486013730779,0.0,0.0,2.4470664744870296,9.54016930783053e-07,9.540169307830522e-07
0.13775,6616.394952910389,0.0,0.0,2.4470212205588737,9.540186252392978e-07,9.54018625239297e-07
0.1378,6616.307033336869,0.0,0.0,2.446975654210644,9.53994885743485e-07,9.539948857434839e-07
0.13785,6616.2225899871,0.0,0.0,2.446929840604988,9.540004704503927e-07,9.540004704503919e-07
0.1379,6616.141686508256,0.0,0.0,2.446883844677364,9.539758304672014e-07,9.539758304672006e-07
0.13795000000000002,6616.064334757037,0.0,0.0,2.4468377316511027,9.539838681628906e-07,9.539838681628898e-07
0.138,6615.990907266616,0.0,0.0,2.4467915674756493,9.539599836136293e-07,9.539599836136285e-07
0.13805,6615.9210945671275,0.0,0.0,2.44674541703573,9.53968851026491e-07,9.539688510264902e-07
0.1381,6615.85554837857,0.0,0.0,2.4466993469109983,9.539474422739241e-07,9.539474422739233e-07
0.13815,6615.793686895313,0.0,0.0,2.4466534213231883,9.539555502986407e-07,9.539555502986399e-07
0.13820000000000002,6615.736378092998,0.0,0.0,2.4466077070270646,9.539381940806807e-07,9.539381940806798e-07
0.13825,6615.682839619604,0.0,0.0,2.4465622673254988,9.539441800031326e-07,9.539441800031317e-07
0.1383,6615.634070225765,0.0,0.0,2.4465171686254736,9.53932120768492e-07,9.53932120768491e-07
0.13835,6615.589187266329,0.0,0.0,2.446472473127693,9.539350304176845e-07,9.539350304176835e-07
0.1384,6615.549205329019,0.0,0.0,2.4464282463101337,9.53929009221939e-07,9.539290092219379e-07
0.13845000000000002,6615.513261597412,0.0,0.0,2.4463845491366936,9.53928432248748e-07,9.53928432248747e-07
0.1385,6615.482268907571,0.0,0.0,2.446341445559348,9.539285949259068e-07,9.53928594925906e-07
0.13855,6615.455492366752,0.0,0.0,2.446298995181818,9.539247084337606e-07,9.539247084337596e-07
0.1386,6615.433643031318,0.0,0.0,2.44625725984467,9.5393059738985e-07,9.53930597389849e-07
0.13865,6615.416207286581,0.0,0.0,2.4462162976680495,9.539241474020394e-07,9.539241474020384e-07
0.13870000000000002,6615.403607223563,0.0,0.0,2.446176167827906,9.539347483766511e-07,9.5393474837665e-07
0.13875,6615.3956243040475,0.0,0.0,2.4461369268014397,9.539269673816766e-07,9.539269673816756e-07
0.1388,6615.392339497201,0.0,0.0,2.4460986306305377,9.539408411730227e-07,9.539408411730216e-07
0.13885,6615.39385465164,0.0,0.0,2.446061333919297,9.539332771234197e-07,9.539332771234186e-07
0.1389,6615.399907375603,0.0,0.0,2.446025089201554,9.539487557844214e-07,9.539487557844205e-07
0.13895000000000002,6615.410905987673,0.0,0.0,2.4459899489141406,9.539430756803464e-07,9.539430756803453e-07
0.139,6615.426271763214,0.0,0.0,2.445955961809259,9.539584587064377e-07,9.539584587064367e-07
0.13905,6615.4466751886275,0.0,0.0,2.4459231777825257,9.539562460065897e-07,9.539562460065888e-07
0.1391,6615.471288693761,0.0,0.0,2.4458916416501295,9.539700161208976e-07,9.539700161208966e-07
0.13915,6615.500955205516,0.0,0.0,2.4458614003161765,9.53972552479812e-07,9.53972552479811e-07
0.13920000000000002,6615.534702533951,0.0,0.0,2.4458324946028167,9.539835707412826e-07,9.539835707412815e-07
0.13925,6615.5734377246945,0.0,0.0,2.4458049679329337,9.539916769072938e-07,9.53991676907293e-07
0.1393,6615.616152741089,0.0,0.0,2.4457788571440493,9.53999301926521e-07,9.5399930192652e-07
0.13935,6615.663708969489,0.0,0.0,2.445754201670031,9.540132434842864e-07,9.540132434842853e-07
0.1394,6615.715176519343,0.0,0.0,2.445731034424784,9.540174022573893e-07,9.540174022573882e-07
0.13945000000000002,6615.771256947465,0.0,0.0,2.4457093903558134,9.540368467983425e-07,9.540368467983414e-07
0.1395,6615.831206305907,0.0,0.0,2.445689298525202,9.540380349034386e-07,9.540380349034375e-07
0.13955,6615.895474851683,0.0,0.0,2.4456707889590894,9.54062102279689e-07,9.54062102279688e-07
0.1396,6615.963577439961,0.0,0.0,2.445653886905946,9.540612918860572e-07,9.540612918860562e-07
0.13965,6616.03565918687,0.0,0.0,2.4456386171270523,9.54088678478683e-07,9.540886784786822e-07
0.13970000000000002,6616.111533918669,0.0,0.0,2.4456250010520457,9.540871798080795e-07,9.540871798080784e-07
0.13975,6616.191016462641,0.0,0.0,2.4456130579363453,9.541163152341255e-07,9.541163152341245e-07
0.1398,6616.274228111514,0.0,0.0,2.4456028053171233,9.541156042516162e-07,9.541156042516151e-07
0.13985,6616.36066942272,0.0,0.0,2.445594256842458,9.541448492695143e-07,9.541448492695132e-07
0.1399,6616.4507295224075,0.0,0.0,2.4455874259947263,9.541463575546046e-07,9.541463575546035e-07
0.13995000000000002,6616.543655390674,0.0,0.0,2.445582320842472,9.54174212151366e-07,9.54174212151365e-07
0.14,6616.640033105401,0.0,0.0,2.4455789505931875,9.541791404997927e-07,9.541791404997916e-07
0.14005,6616.738935412285,0.0,0.0,2.4455773178702214,9.54204404922179e-07,9.54204404922178e-07
0.1401,6616.841058950887,0.0,0.0,2.4455774273341344,9.542135791323471e-07,9.54213579132346e-07
0.14015,6616.945401681388,0.0,0.0,2.4455792764016824,9.542354841388396e-07,9.542354841388385e-07
0.14020000000000002,6617.052663316859,0.0,0.0,2.4455828648848303,9.542492428091191e-07,9.54249242809118e-07
0.14025,6617.161877802721,0.0,0.0,2.4455881852899743,9.542675241027009e-07,9.542675241026998e-07
0.1403,6617.27364610754,0.0,0.0,2.445595232303879,9.542856889459845e-07,9.542856889459834e-07
0.14035,6617.38713035978,0.0,0.0,2.445603993834691,9.543005742068923e-07,9.543005742068913e-07
0.1404,6617.5027522305345,0.0,0.0,2.445614459217428,9.543224924017026e-07,9.543224924017015e-07
0.14045000000000002,6617.619876739548,0.0,0.0,2.445626612068418,9.54334639473744e-07,9.543346394737429e-07
0.1405,6617.738682651664,0.0,0.0,2.4456404362241635,9.543592700303265e-07,9.543592700303255e-07
0.14055,6617.85878855074,0.0,0.0,2.4456559112709604,9.543696544238305e-07,9.543696544238294e-07
0.1406,6617.980101544602,0.0,0.0,2.4456730155181594,9.543957140702138e-07,9.543957140702127e-07
0.14065,6618.10250325531,0.0,0.0,2.4456917247097185,9.544054663408751e-07,9.54405466340874e-07
0.14070000000000002,6618.225639624968,0.0,0.0,2.445712011728326,9.544316023723769e-07,9.544316023723758e-07
0.14075000000000001,6618.349633178742,0.0,0.0,2.4457338485938585,9.544418434681608e-07,9.544418434681597e-07
0.1408,6618.473904144774,0.0,0.0,2.4457572029814862,9.54466793053678e-07,9.54466793053677e-07
0.14085,6618.5987701192935,0.0,0.0,2.4457820432350146,9.544784834909982e-07,9.544784834909972e-07
0.1409,6618.723487774589,0.0,0.0,2.445808332166826,9.54501219988227e-07,9.54501219988226e-07
0.14095000000000002,6618.848496240925,0.0,0.0,2.4458360344250782,9.545150255087004e-07,9.545150255086993e-07
0.14100000000000001,6618.972972191901,0.0,0.0,2.445865108398681,9.545348684580142e-07,9.545348684580131e-07
0.14105,6619.09739377327,0.0,0.0,2.445895514999892,9.545510822357728e-07,9.545510822357718e-07
0.1411,6619.220939004426,0.0,0.0,2.4459272086847075,9.545677399011381e-07,9.54567739901137e-07
0.14115,6619.344048708187,0.0,0.0,2.4459601465899374,9.545862649022916e-07,9.545862649022905e-07
0.14120000000000002,6619.4659790818305,0.0,0.0,2.445994279765194,9.545998305838445e-07,9.545998305838435e-07
0.14125000000000001,6619.587061782612,0.0,0.0,2.4460295615591003,9.546202043660543e-07,9.546202043660533e-07
0.1413,6619.70669683969,0.0,0.0,2.4460659401279,9.546311037927807e-07,9.546311037927796e-07
0.14135,6619.825056693028,0.0,0.0,2.4461033650963206,9.546525826604683e-07,9.546525826604673e-07
0.1414,6619.941721786194,0.0,0.0,2.4461417821915794,9.546614683962055e-07,9.546614683962045e-07
0.14145000000000002,6620.056683976269,0.0,0.0,2.4461811374668483,9.546831475495278e-07,9.546831475495267e-07
0.14150000000000001,6620.169716937697,0.0,0.0,2.446221374627407,9.546907792173479e-07,9.546907792173468e-07
0.14155,6620.280631153333,0.0,0.0,2.446262436407648,9.54711717787301e-07,9.547117177873e-07
0.1416,6620.389384072152,0.0,0.0,2.4463042648199727,9.547188379298518e-07,9.547188379298507e-07
0.14165,6620.49562972716,0.0,0.0,2.446346799645069,9.547381871965602e-07,9.547381871965592e-07
0.14170000000000002,6620.599473800134,0.0,0.0,2.4463899814505936,9.547454024046517e-07,9.547454024046506e-07
0.14175000000000001,6620.700459882438,0.0,0.0,2.4464337475260103,9.547625107653592e-07,9.547625107653581e-07
0.1418,6620.798793032123,0.0,0.0,2.44647803718327,9.547702090411925e-07,9.547702090411914e-07
0.14185,6620.893959015857,0.0,0.0,2.446522785752262,9.547846822183544e-07,9.547846822183533e-07
0.1419,6620.986209760555,0.0,0.0,2.446567931437501,9.547929919700448e-07,9.547929919700438e-07
0.14195000000000002,6621.075028815083,0.0,0.0,2.446613408193606,9.548047137233354e-07,9.548047137233344e-07
0.14200000000000002,6621.160660919756,0.0,0.0,2.4466591532426363,9.548135010627585e-07,9.548135010627574e-07
0.14205,6621.242639552612,0.0,0.0,2.4467050997644777,9.548226107374532e-07,9.54822610737452e-07
0.1421,6621.321158704352,0.0,0.0,2.4467511841436016,9.548315240265174e-07,9.548315240265163e-07
0.14215,6621.395837763077,0.0,0.0,2.4467973393600295,9.548383507724582e-07,9.548383507724571e-07
0.1422,6621.46679382747,0.0,0.0,2.4468435011454077,9.54846899360091e-07,9.5484689936009e-07
0.14225000000000002,6621.533752354322,0.0,0.0,2.446889602817274,9.548518762788133e-07,9.548518762788122e-07
0.1423,6621.596741851589,0.0,0.0,2.446935579691337,9.548595228763577e-07,9.548595228763567e-07
0.14235,6621.655598164611,0.0,0.0,2.4469813658933126,9.548630927987742e-07,9.548630927987731e-07
0.1424,6621.710267613915,0.0,0.0,2.4470268966382074,9.548693517612432e-07,9.548693517612421e-07
0.14245,6621.760682182287,0.0,0.0,2.447072107249781,9.548718766413924e-07,9.548718766413913e-07
0.14250000000000002,6621.80672775638,0.0,0.0,2.447116933226473,9.548763968861581e-07,9.54876396886157e-07
0.14255,6621.848407566485,0.0,0.0,2.4471613114105235,9.548780924997478e-07,9.548780924997468e-07
0.1426,6621.885575416616,0.0,0.0,2.4472051780269153,9.548807089632015e-07,9.548807089632004e-07
0.14265,6621.918276224659,0.0,0.0,2.4472484716890173,9.548816113256476e-07,9.548816113256465e-07
0.1427,6621.946363067271,0.0,0.0,2.4472911298398463,9.548823612086827e-07,9.548823612086816e-07
0.14275000000000002,6621.969892438217,0.0,0.0,2.447333093065117,9.54882329022426e-07,9.54882329022425e-07
0.1428,6621.98874462052,0.0,0.0,2.447374300537407,9.548814280590997e-07,9.548814280590987e-07
0.14285,6622.00296474266,0.0,0.0,2.4474146949916062,9.548801825749243e-07,9.548801825749233e-07
0.1429,6622.012478163281,0.0,0.0,2.4474542178326817,9.548779671375867e-07,9.548779671375856e-07
0.14295,6622.017306976549,0.0,0.0,2.4474928141168957,9.54875159943048e-07,9.54875159943047e-07
0.14300000000000002,6622.017427462731,0.0,0.0,2.447530427956453,9.548720069551752e-07,9.548720069551741e-07
0.14305,6622.012839394283,0.0,0.0,2.447567006911765,9.548673050832045e-07,9.548673050832035e-07
0.1431,6622.003562930527,0.0,0.0,2.447602498226819,9.548635429181713e-07,9.548635429181702e-07
0.14315,6621.989588565788,0.0,0.0,2.447636852180322,9.548567153852452e-07,9.54856715385244e-07
0.1432,6621.970962308335,0.0,0.0,2.447670019503125,9.5485254493078e-07,9.548525449307789e-07
0.14325000000000002,6621.947687116619,0.0,0.0,2.4477019534416393,9.54843533095223e-07,9.54843533095222e-07
0.1433,6621.919810086667,0.0,0.0,2.4477326085019113,9.548389711051218e-07,9.548389711051208e-07
0.14335,6621.8873728527515,0.0,0.0,2.4477619411761102,9.54827933531626e-07,9.54827933531625e-07
0.1434,6621.850397015561,0.0,0.0,2.4477899099655183,9.548227880128948e-07,9.548227880128938e-07
0.14345,6621.808986979784,0.0,0.0,2.4478164749133184,9.54810105519335e-07,9.54810105519334e-07
0.14350000000000002,6621.763118158466,0.0,0.0,2.4478415986751973,9.548039944089541e-07,9.54803994408953e-07
0.14355,6621.712973047693,0.0,0.0,2.4478652451572716,9.547902321008641e-07,9.54790232100863e-07
0.1436,6621.658470110255,0.0,0.0,2.447887381288686,9.547826371980672e-07,9.547826371980661e-07
0.14365,6621.599874139953,0.0,0.0,2.447907975137926,9.547684742356568e-07,9.547684742356557e-07
0.1437,6621.5370488237295,0.0,0.0,2.4479269979991187,9.547588244179607e-07,9.547588244179596e-07
0.14375000000000002,6621.470329831056,0.0,0.0,2.447944422374762,9.547449536388418e-07,9.547449536388408e-07
0.1438,6621.399545236838,0.0,0.0,2.447960224003982,9.547327315072012e-07,9.547327315072001e-07
0.14385,6621.325073893263,0.0,0.0,2.4479743800481506,9.547197468015485e-07,9.547197468015475e-07
0.1439,6621.2467406896685,0.0,0.0,2.447986870774231,9.547045938232252e-07,9.54704593823224e-07
0.14395,6621.164929795883,0.0,0.0,2.4479976781692288,9.546928906036221e-07,9.54692890603621e-07
0.14400000000000002,6621.079503356445,0.0,0.0,2.448006787118804,9.546746950897884e-07,9.546746950897873e-07
0.14405,6620.990805753454,0.0,0.0,2.4480141845409364,9.546643921652006e-07,9.546643921651995e-07
0.1441,6620.898782441043,0.0,0.0,2.4480198600382987,9.546433526170502e-07,9.546433526170492e-07
0.14415,6620.803691144013,0.0,0.0,2.4480238055054264,9.546342506444022e-07,9.546342506444012e-07
0.1442,6620.705601999914,0.0,0.0,2.4480260153624385,9.54610891732124e-07,9.54610891732123e-07
0.14425000000000002,6620.604650005487,0.0,0.0,2.4480264864741303,9.54602487331323e-07,9.54602487331322e-07
0.1443,6620.501057112125,0.0,0.0,2.4480252181684494,9.545776229618701e-07,9.54577622961869e-07
0.14435,6620.394813897808,0.0,0.0,2.448022212236072,9.545691667630362e-07,9.545691667630351e-07
0.1444,6620.286306714246,0.0,0.0,2.448017472978414,9.545438246238051e-07,9.54543824623804e-07
0.14445,6620.175377490863,0.0,0.0,2.448011007043991,9.545344183301491e-07,9.54534418330148e-07
0.14450000000000002,6620.062566526822,0.0,0.0,2.448002823733649,9.54509718886414e-07,9.54509718886413e-07
0.14455,6619.9475896821905,0.0,0.0,2.4479929344767637,9.54498452624814e-07,9.54498452624813e-07
0.1446,6619.831105116328,0.0,0.0,2.4479813535474615,9.544754619671945e-07,9.544754619671934e-07
0.14465,6619.712745570321,0.0,0.0,2.4479680970797233,9.5446155556023e-07,9.54461555560229e-07
0.1447,6619.593235055635,0.0,0.0,2.447953184235776,9.544411461410423e-07,9.544411461410412e-07
0.14475000000000002,6619.472181107303,0.0,0.0,2.4479366357849526,9.544240800571517e-07,9.544240800571506e-07
0.1448,6619.350305608817,0.0,0.0,2.447918475630241,9.544068019086494e-07,9.544068019086484e-07
0.14485,6619.22726322164,0.0,0.0,2.447898729113543,9.543864296800278e-07,9.543864296800268e-07
0.1449,6619.10369743577,0.0,0.0,2.4478774246761,9.543724191481238e-07,9.543724191481227e-07
0.14495,6618.979381658785,0.0,0.0,2.447854592166757,9.543490263676782e-07,9.543490263676772e-07
0.14500000000000002,6618.854813072084,0.0,0.0,2.447830264319401,9.543379782593488e-07,9.543379782593478e-07
0.14505,6618.729943243244,0.0,0.0,2.447804475409979,9.543122825386922e-07,9.543122825386911e-07
0.1451,6618.6050682618725,0.0,0.0,2.4477772621909777,9.543034762270402e-07,9.543034762270392e-07
0.14515,6618.480362553533,0.0,0.0,2.4477486632565393,9.542765764322344e-07,9.542765764322334e-07
0.1452,6618.355886014961,0.0,0.0,2.4477187190940266,9.54268958290423e-07,9.54268958290422e-07
0.14525000000000002,6618.23205323782,0.0,0.0,2.44768747245961,9.542422206743534e-07,9.542422206743523e-07
0.1453,6618.108686522576,0.0,0.0,2.447654967302125,9.542345475439122e-07,9.542345475439112e-07
0.14535,6617.986423384122,0.0,0.0,2.4476212503229244,9.542094439787656e-07,9.542094439787645e-07
0.1454,6617.864877232377,0.0,0.0,2.447586368678937,9.542004511665666e-07,9.542004511665656e-07
0.14545,6617.744866040923,0.0,0.0,2.447550372735194,9.541783873476858e-07,9.541783873476847e-07
0.14550000000000002,6617.625847888007,0.0,0.0,2.4475133126319575,9.54166961630176e-07,9.54166961630175e-07
0.14555,6617.508750546758,0.0,0.0,2.4474752420446015,9.541490964081813e-07,9.541490964081802e-07
0.1456,6617.392959466998,0.0,0.0,2.447436213905007,9.541344494395786e-07,9.541344494395775e-07
0.14565,6617.2794189162205,0.0,0.0,2.4473962847840256,9.5412153617168e-07,9.541215361716788e-07
0.1457,6617.16753546943,0.0,0.0,2.447355510230743,9.541033294022382e-07,9.541033294022371e-07
0.14575000000000002,6617.058175265675,0.0,0.0,2.4473139492535547,9.540956197804754e-07,9.540956197804744e-07
0.1458,6616.950857669234,0.0,0.0,2.4472716598519124,9.54074031867586e-07,9.54074031867585e-07
0.14585,6616.846278327422,0.0,0.0,2.447228702983854,9.540712318975521e-07,9.54071231897551e-07
0.1459,6616.744155833683,0.0,0.0,2.4471851389219474,9.540469719756148e-07,9.540469719756137e-07
0.14595,6616.6449369927,0.0,0.0,2.447141030086862,9.540482684124047e-07,9.540482684124037e-07
0.14600000000000002,6616.548600986825,0.0,0.0,2.4470964388087064,9.540225084839682e-07,9.54022508483967e-07
0.14605,6616.455300483195,0.0,0.0,2.447051428509328,9.540266755940214e-07,9.540266755940206e-07
0.1461,6616.365301749067,0.0,0.0,2.4470060633081054,9.540009180664966e-07,9.540009180664955e-07
0.14615,6616.278450970731,0.0,0.0,2.4469604072093807,9.54006471543322e-07,9.54006471543321e-07
0.1462,6616.195296495367,0.0,0.0,2.4469145257864784,9.539823797378947e-07,9.539823797378936e-07
0.14625000000000002,6616.115399473985,0.0,0.0,2.4468684832678997,9.539877641532655e-07,9.539877641532644e-07
0.1463,6616.0395470860585,0.0,0.0,2.4468223462681253,9.539669586504458e-07,9.539669586504447e-07
0.14635,6615.967077681111,0.0,0.0,2.4467761789511218,9.539707582750764e-07,9.539707582750753e-07
0.1464,6615.898937167324,0.0,0.0,2.4467300484858137,9.53954609122493e-07,9.539546091224918e-07
0.14645,6615.834330609132,0.0,0.0,2.446684018743055,9.539557346612975e-07,9.539557346612964e-07
0.14650000000000002,6615.77426537146,0.0,0.0,2.4466381569045343,9.539451956674967e-07,9.539451956674957e-07
0.14655,6615.717915460365,0.0,0.0,2.4465925263674198,9.539430250176437e-07,9.539430250176426e-07
0.1466,6615.666239534506,0.0,0.0,2.4465471937422767,9.539385092907012e-07,9.539385092907001e-07
0.14665,6615.618494110117,0.0,0.0,2.4465022218061705,9.539329840411388e-07,9.539329840411377e-07
0.1467,6615.575477050115,0.0,0.0,2.4464576760045884,9.53934304015965e-07,9.53934304015964e-07
0.14675000000000002,6615.536628606831,0.0,0.0,2.446413618343942,9.539259414158566e-07,9.539259414158555e-07
0.1468,6615.5024975241495,0.0,0.0,2.446370112538937,9.539323411566594e-07,9.539323411566583e-07
0.14685,6615.472782210681,0.0,0.0,2.4463272196503127,9.539221693576958e-07,9.539221693576947e-07
0.1469,6615.447719371346,0.0,0.0,2.4462850011420865,9.539324174071986e-07,9.539324174071976e-07
0.14695,6615.427313598669,0.0,0.0,2.4462435169088765,9.539218570623855e-07,9.539218570623845e-07
0.14700000000000002,6615.411460135465,0.0,0.0,2.446202825725521,9.539343999423013e-07,9.539343999423003e-07
0.14705000000000001,6615.400475714344,0.0,0.0,2.4461629860256036,9.539250819022747e-07,9.539250819022736e-07
0.1471,6615.393930941635,0.0,0.0,2.446124053555071,9.539382492761158e-07,9.539382492761148e-07
0.14715,6615.392417557994,0.0,0.0,2.446086084918093,9.539318036996231e-07,9.539318036996223e-07
0.1472,6615.395234814404,0.0,0.0,2.4460491325899847,9.539440168348891e-07,9.539440168348883e-07
0.14725000000000002,6615.403181583305,0.0,0.0,2.446013250906191,9.539418712865869e-07,9.539418712865858e-07
0.14730000000000001,6615.415367931292,0.0,0.0,2.4459784889277056,9.539518359535596e-07,9.539518359535585e-07
0.14735,6615.43270335568,0.0,0.0,2.4459448982210166,9.53955031275443e-07,9.53955031275442e-07
0.1474,6615.4542174948265,0.0,0.0,2.4459125243720985,9.539619017701188e-07,9.539619017701178e-07
0.14745,6615.480815061727,0.0,0.0,2.4458814156447373,9.539709545307686e-07,9.539709545307676e-07
0.14750000000000002,6615.51156086002,0.0,0.0,2.4458516141405093,9.53974430488287e-07,9.539744304882862e-07
0.14755000000000001,6615.547244582788,0.0,0.0,2.445823164291157,9.539892757032888e-07,9.539892757032877e-07
0.1476,6615.58707056351,0.0,0.0,2.4457961047252654,9.539896225706295e-07,9.539896225706285e-07
0.14765,6615.631615387205,0.0,0.0,2.445770475544648,9.540096230159062e-07,9.540096230159051e-07
0.1477,6615.68031376847,0.0,0.0,2.4457463119125844,9.540076330716655e-07,9.540076330716646e-07
0.14775000000000002,6615.733452451075,0.0,0.0,2.4457236491717103,9.540316576855095e-07,9.540316576855087e-07
0.14780000000000001,6615.790754259586,0.0,0.0,2.4457025189815336,9.540285332072086e-07,9.540285332072075e-07
0.14785,6615.852181062836,0.0,0.0,2.445682951602701,9.540551109443967e-07,9.54055110944396e-07
0.1479,6615.917760001872,0.0,0.0,2.4456649750907795,9.540522940969476e-07,9.540522940969466e-07
0.14795,6615.987129349975,0.0,0.0,2.445648614412164,9.540797959745256e-07,9.540797959745245e-07
0.14800000000000002,6616.06060379314,0.0,0.0,2.4456338938509057,9.540787828290835e-07,9.540787828290824e-07
0.14805000000000001,6616.137534722415,0.0,0.0,2.44562083299538,9.541056188080222e-07,9.541056188080213e-07
0.1481,6616.218468454942,0.0,0.0,2.445609452110311,9.541077583967706e-07,9.541077583967696e-07
0.14815,6616.302544510669,0.0,0.0,2.445599765446133,9.541325729127562e-07,9.541325729127552e-07
0.1482,6616.390454307664,0.0,0.0,2.445591788945147,9.541388900453564e-07,9.541388900453556e-07
0.14825000000000002,6616.481220996581,0.0,0.0,2.445585531655906,9.541607114911681e-07,9.54160711491167e-07
0.14830000000000002,6616.575582247203,0.0,0.0,2.445581004863477,9.541717835380084e-07,9.541717835380073e-07
0.14835,6616.6725484277895,0.0,0.0,2.4455782126266663,9.541901189260711e-07,9.541901189260703e-07
0.1484,6616.772799343656,0.0,0.0,2.4455771612335044,9.542060068547283e-07,9.542060068547273e-07
0.14845,6616.875437285997,0.0,0.0,2.4455778500065284,9.54220878716634e-07,9.542208787166331e-07
0.14850000000000002,6616.980986759738,0.0,0.0,2.4455802799328565,9.542411253989168e-07,9.542411253989158e-07
0.14855000000000002,6617.088729896514,0.0,0.0,2.445584445852354,9.542530351280886e-07,9.542530351280878e-07
0.1486,6617.198964330538,0.0,0.0,2.445590343221857,9.542767396463955e-07,9.542767396463945e-07
0.14865,6617.311210181655,0.0,0.0,2.445597962620601,9.542865670648287e-07,9.542865670648277e-07
0.1487,6617.425495613389,0.0,0.0,2.445607293843413,9.54312507746023e-07,9.54312507746022e-07
0.14875,6617.541609173064,0.0,0.0,2.4456183233805535,9.543213757173664e-07,9.543213757173656e-07
0.14880000000000002,6617.659297604652,0.0,0.0,2.4456310353524313,9.543481661947633e-07,9.543481661947622e-07
0.14885,6617.778611885023,0.0,0.0,2.4456454122558355,9.543572719494395e-07,9.543572719494384e-07
0.1489,6617.8990449473495,0.0,0.0,2.445661432660673,9.543835413893724e-07,9.543835413893716e-07
0.14895,6618.020868542328,0.0,0.0,2.4456790750919075,9.543939836303115e-07,9.543939836303105e-07
0.149,6618.143376730915,0.0,0.0,2.4456983128097867,9.544185367139762e-07,9.544185367139753e-07
0.14905000000000002,6618.266999782797,0.0,0.0,2.4457191203326816,9.54431173397418e-07,9.544311733974169e-07
0.1491,6618.3909066107335,0.0,0.0,2.4457414659601215,9.54453117652255e-07,9.544531176522541e-07
0.14915,6618.515605140365,0.0,0.0,2.4457653201203837,9.544684543442537e-07,9.544684543442529e-07
0.1492,6618.640227839216,0.0,0.0,2.445790646584067,9.544872871181125e-07,9.544872871181114e-07
0.14925,6618.765272942522,0.0,0.0,2.445817411597653,9.54505419626603e-07,9.54505419626602e-07
0.14930000000000002,6618.889921970468,0.0,0.0,2.445845574872304,9.54521050605259e-07,9.545210506052582e-07
0.14935,6619.014586185309,0.0,0.0,2.4458750984061886,9.545416719934583e-07,9.545416719934572e-07
0.1494,6619.138568397621,0.0,0.0,2.4459059383308737,9.545543900397812e-07,9.545543900397803e-07
0.14945,6619.2621306009505,0.0,0.0,2.4459380523814174,9.545768473167572e-07,9.545768473167561e-07
0.1495,6619.384751528987,0.0,0.0,2.445971393564845,9.545872431670109e-07,9.5458724316701e-07
0.14955000000000002,6619.506503462738,0.0,0.0,2.446005915424083,9.546106380654284e-07,9.546106380654276e-07
0.1496,6619.627068995575,0.0,0.0,2.446041568240682,9.546194879691844e-07,9.546194879691836e-07
0.14965,6619.746320121632,0.0,0.0,2.4460783015421224,9.546428099848976e-07,9.546428099848968e-07
0.1497,6619.864141629045,0.0,0.0,2.4461160632128416,9.546509410572854e-07,9.546509410572846e-07
0.14975,6619.980220748317,0.0,0.0,2.4461547990510075,9.546732034312287e-07,9.54673203431228e-07
0.14980000000000002,6620.094620602429,0.0,0.0,2.44619445480075,9.546813676235194e-07,9.546813676235185e-07
0.14985,6620.20687957467,0.0,0.0,2.4462349729227455,9.547017279098529e-07,9.547017279098518e-07
0.1499,6620.317194759438,0.0,0.0,2.4462762972058525,9.547104926123056e-07,9.547104926123045e-07
0.14995,6620.4250107076705,0.0,0.0,2.446318367261588,9.54728348602685e-07,9.54728348602684e-07
0.15,6620.530600208131,0.0,0.0,2.4463611250567934,9.547380215540187e-07,9.547380215540179e-07
0.15005000000000002,6620.633375067677,0.0,0.0,2.446404507902775,9.547530598632738e-07,9.547530598632727e-07
0.1501,6620.733625739832,0.0,0.0,2.446448456057267,9.547636640541176e-07,9.547636640541166e-07
0.15015,6620.830789192791,0.0,0.0,2.4464929051153304,9.54775861957955e-07,9.54775861957954e-07
0.1502,6620.925119758481,0.0,0.0,2.446537793735918,9.547871515258391e-07,9.547871515258383e-07
0.15025,6621.016130478825,0.0,0.0,2.446583056386949,9.547967393994024e-07,9.547967393994013e-07
0.15030000000000002,6621.103997650822,0.0,0.0,2.446628630272857,9.548082572869035e-07,9.548082572869027e-07
0.15035,6621.188344352639,0.0,0.0,2.446674449288259,9.548156425839965e-07,9.548156425839955e-07
0.1504,6621.269246303013,0.0,0.0,2.44672044938581,9.54826810337114e-07,9.548268103371132e-07
0.15045,6621.34645125622,0.0,0.0,2.4467665643885894,9.548324824683466e-07,9.548324824683457e-07
0.1505,6621.4199298321455,0.0,0.0,2.4468127292685558,9.548427006059069e-07,9.54842700605906e-07
0.15055000000000002,6621.489551783188,0.0,0.0,2.4468588782098384,9.548471338342647e-07,9.548471338342636e-07
0.1506,6621.5551950001645,0.0,0.0,2.4469049455553695,9.548558788319378e-07,9.548558788319367e-07
0.15065,6621.616832156697,0.0,0.0,2.4469508662048995,9.54859445487726e-07,9.54859445487725e-07
0.1507,6621.674275305538,0.0,0.0,2.446996574299571,9.548663480688492e-07,9.548663480688484e-07
0.15075,6621.727569530074,0.0,0.0,2.447042005738972,9.54869257442802e-07,9.548692574428012e-07
0.15080000000000002,6621.776495076586,0.0,0.0,2.4470870949488726,9.548741470371999e-07,9.54874147037199e-07
0.15085,6621.821135696802,0.0,0.0,2.4471317790580938,9.548764202153903e-07,9.548764202153894e-07
0.1509,6621.861273909529,0.0,0.0,2.447175993301613,9.548793306719128e-07,9.54879330671912e-07
0.15095,6621.8970004123585,0.0,0.0,2.447219676228485,9.548808117107455e-07,9.548808117107446e-07
0.151,6621.928129603475,0.0,0.0,2.4472627644232583,9.548819501051557e-07,9.548819501051548e-07
0.15105000000000002,6621.954734760583,0.0,0.0,2.447305198031842,9.548823519364875e-07,9.548823519364864e-07
0.1511,6621.976681137491,0.0,0.0,2.4473469155116083,9.548820354620064e-07,9.548820354620056e-07
0.15115,6621.994012766899,0.0,0.0,2.4473878587939257,9.548810121734684e-07,9.548810121734676e-07
0.1512,6622.006651513481,0.0,0.0,2.4474279686933427,9.548795870149418e-07,9.54879587014941e-07
0.15125,6622.014613083497,0.0,0.0,2.4474671891386404,9.548768181140406e-07,9.548768181140398e-07
0.15130000000000002,6622.017869242167,0.0,0.0,2.4475054637310594,9.548745747907673e-07,9.548745747907665e-07
0.15135,6622.016420057726,0.0,0.0,2.447542738647662,9.548698472070042e-07,9.548698472070034e-07
0.1514,6622.010269783888,0.0,0.0,2.4475789606339164,9.548669481221573e-07,9.548669481221565e-07
0.15145,6621.999423985967,0.0,0.0,2.44761407840893,9.548602193020799e-07,9.54860219302079e-07
0.1515,6621.983896026619,0.0,0.0,2.447648042150349,9.548566520483938e-07,9.54856652048393e-07
0.15155000000000002,6621.963721196314,0.0,0.0,2.4476808034463535,9.54848083064534e-07,9.54848083064533e-07
0.1516,6621.93889808383,0.0,0.0,2.4477123161302323,9.548436469773965e-07,9.548436469773956e-07
0.15165,6621.909513397838,0.0,0.0,2.447742535010775,9.548335980546413e-07,9.548335980546403e-07
0.1517,6621.875532464514,0.0,0.0,2.4477714177459933,9.548279289813788e-07,9.54827928981378e-07
0.15175,6621.837106726983,0.0,0.0,2.4477989227226247,9.548169151801864e-07,9.548169151801855e-07
0.15180000000000002,6621.794160248951,0.0,0.0,2.4478250115564992,9.548095453739421e-07,9.548095453739413e-07
0.15185,6621.746910438324,0.0,0.0,2.447849646554265,9.547981605112685e-07,9.547981605112677e-07
0.1519,6621.6952448057655,0.0,0.0,2.447872793404074,9.547886027372764e-07,9.547886027372756e-07
0.15195,6621.639434570468,0.0,0.0,2.4478944186404004,9.547774240508573e-07,9.547774240508563e-07
0.152,6621.579349181874,0.0,0.0,2.4479144921338283,9.547652693289154e-07,9.547652693289144e-07
0.15205000000000002,6621.51528753024,0.0,0.0,2.4479329849057954,9.547547550797827e-07,9.547547550797819e-07
0.1521,6621.447131974928,0.0,0.0,2.4479498711263274,9.547397688415679e-07,9.54739768841567e-07
0.15215,6621.375173370862,0.0,0.0,2.4479651265023743,9.547301707671026e-07,9.547301707671017e-07
0.1522,6621.299343793314,0.0,0.0,2.4479787296333617,9.547123655659286e-07,9.547123655659277e-07
0.15225,6621.219887070288,0.0,0.0,2.4479906610473052,9.547036716769164e-07,9.547036716769155e-07
0.15230000000000002,6621.136823205861,0.0,0.0,2.448000903911929,9.546833492556724e-07,9.546833492556716e-07
0.15235,6621.05031088113,0.0,0.0,2.448009443653538,9.546752623556092e-07,9.546752623556083e-07
0.1524,6620.960490984407,0.0,0.0,2.448016268148884,9.546530132480842e-07,9.546530132480833e-07
0.15245,6620.867409305522,0.0,0.0,2.448021367749411,9.546449791924365e-07,9.546449791924354e-07
0.1525,6620.7713460445775,0.0,0.0,2.448024735170854,9.546216315097687e-07,9.546216315097679e-07
0.15255000000000002,6620.672222537753,0.0,0.0,2.4480263656807404,9.546129113092582e-07,9.546129113092573e-07
0.1526,6620.570459881085,0.0,0.0,2.4480262569370232,9.54589441692442e-07,9.545894416924412e-07
0.15265,6620.465861202704,0.0,0.0,2.4480244090927443,9.545792154591016e-07,9.545792154591006e-07
0.1527,6620.3589702146055,0.0,0.0,2.4480208248105546,9.545566286065314e-07,9.545566286065306e-07
0.15275,6620.249499482491,0.0,0.0,2.4480155090898985,9.545441245095173e-07,9.545441245095163e-07
0.15280000000000002,6620.138075635371,0.0,0.0,2.4480084696080113,9.545233157170764e-07,9.545233157170753e-07
0.15285,6620.02436752572,0.0,0.0,2.447999716172455,9.545079422410954e-07,9.545079422410943e-07
0.1529,6619.909029278889,0.0,0.0,2.4479892614260352,9.54489569059077e-07,9.544895690590762e-07
0.15295,6619.791744568332,0.0,0.0,2.4479771199504623,9.544710277659026e-07,9.544710277659018e-07
0.153,6619.673131211251,0.0,0.0,2.447963309246126,9.5445540952844e-07,9.544554095284391e-07
0.15305000000000002,6619.552952026619,0.0,0.0,2.4479478486368755,9.544337761477857e-07,9.544337761477848e-07
0.1531,6619.431721663326,0.0,0.0,2.447930760319791,9.54420832139611e-07,9.544208321396102e-07
0.15315,6619.309344587568,0.0,0.0,2.4479120683223567,9.543965921089795e-07,9.543965921089785e-07
0.1532,6619.186174234402,0.0,0.0,2.4478917993373055,9.543858375985907e-07,9.543858375985898e-07
0.15325,6619.062303544849,0.0,0.0,2.447869982036794,9.543598589168939e-07,9.54359858916893e-07
0.15330000000000002,6618.9378860427105,0.0,0.0,2.4478466473837583,9.543504615947847e-07,9.543504615947839e-07
0.15335000000000001,6618.813229860663,0.0,0.0,2.4478218286020423,9.543239166935741e-07,9.543239166935733e-07
0.1534,6618.688270985188,0.0,0.0,2.447795560690251,9.5431479794271e-07,9.54314797942709e-07
0.15345,6618.563534601841,0.0,0.0,2.4477678812816395,9.542890389474535e-07,9.542890389474527e-07
0.1535,6618.438751391608,0.0,0.0,2.4477388291846895,9.542790215537473e-07,9.542790215537462e-07
0.15355000000000002,6618.314633312527,0.0,0.0,2.4477084462378356,9.542554155511513e-07,9.542554155511502e-07
0.15360000000000001,6618.190747742547,0.0,0.0,2.4476767748513155,9.542433919164734e-07,9.542433919164726e-07
0.15365,6618.067938063533,0.0,0.0,2.4476438608002247,9.542231522071898e-07,9.54223152207189e-07
0.1537,6617.94567200574,0.0,0.0,2.4476097499100833,9.542082449219777e-07,9.542082449219769e-07
0.15375,6617.824848670775,0.0,0.0,2.447574491558712,9.541922733496282e-07,9.541922733496272e-07
0.15380000000000002,6617.704918649524,0.0,0.0,2.4475381348220737,9.54173977862452e-07,9.541739778624511e-07
0.15385000000000001,6617.5867464353,0.0,0.0,2.4475007322909943,9.54162738080025e-07,9.541627380800241e-07
0.1539,6617.469855716605,0.0,0.0,2.447462336136139,9.541410198477291e-07,9.54141019847728e-07
0.15395,6617.354986173662,0.0,0.0,2.447423001733701,9.54134469475429e-07,9.54134469475428e-07
0.154,6617.241817803987,0.0,0.0,2.4473827841873086,9.541097978332762e-07,9.541097978332754e-07
0.15405000000000002,6617.13088756162,0.0,0.0,2.447341741212208,9.5410738686606e-07,9.541073868660592e-07
0.15410000000000001,6617.022099072683,0.0,0.0,2.447299930659483,9.540807059645743e-07,9.540807059645735e-07
0.15415,6616.9157279711435,0.0,0.0,2.4472574121411452,9.540814378494447e-07,9.540814378494436e-07
0.1542,6616.8119446988385,0.0,0.0,2.4472142460265607,9.540540752728086e-07,9.540540752728078e-07
0.15425,6616.710735729787,0.0,0.0,2.4471704934098297,9.54056632653511e-07,9.540566326535102e-07
0.15430000000000002,6616.6125452677625,0.0,0.0,2.4471262168873684,9.54030146147811e-07,9.540301461478102e-07
0.15435000000000001,6616.517080363495,0.0,0.0,2.44708147866575,9.540330648866872e-07,9.540330648866863e-07
0.1544,6616.425031459735,0.0,0.0,2.4470363432080346,9.540090586347677e-07,9.540090586347668e-07
0.15445,6616.33586709021,0.0,0.0,2.446990873515768,9.5401091574248e-07,9.540109157424792e-07
0.1545,6616.250465599778,0.0,0.0,2.4469451354856426,9.539908466954284e-07,9.539908466954275e-07
0.15455000000000002,6616.168130359194,0.0,0.0,2.4468991926559513,9.53990453481883e-07,9.539904534818822e-07
0.15460000000000002,6616.089838424599,0.0,0.0,2.4468531118550647,9.539754426457694e-07,9.539754426457686e-07
0.15465,6616.014825197284,0.0,0.0,2.4468069569480613,9.539720102967525e-07,9.539720102967514e-07
0.1547,6615.944063404782,0.0,0.0,2.4467607951468064,9.53962702137746e-07,9.539627021377452e-07
0.15475,6615.876823985696,0.0,0.0,2.446714690463642,9.539559499792013e-07,9.539559499792002e-07
0.15480000000000002,6615.81397003477,0.0,0.0,2.446668709918132,9.539524296423479e-07,9.53952429642347e-07
0.15485000000000002,6615.754910618541,0.0,0.0,2.4466229175042096,9.539426363612864e-07,9.539426363612853e-07
0.1549,6615.700301000665,0.0,0.0,2.446577379474542,9.539444131148631e-07,9.539444131148623e-07
0.15495,6615.64977525935,0.0,0.0,2.446532159622079,9.539323936231325e-07,9.539323936231316e-07
0.155,6615.60370703241,0.0,0.0,2.4464873228929105,9.539384646056047e-07,9.539384646056036e-07
0.15505000000000002,6615.562011959013,0.0,0.0,2.4464429326561126,9.53925472527288e-07,9.53925472527287e-07
0.15510000000000002,6615.524741933522,0.0,0.0,2.4463990520695815,9.539344523431895e-07,9.539344523431887e-07
0.15515,6615.492115882505,0.0,0.0,2.446355743797312,9.53922027972226e-07,9.539220279722251e-07
0.1552,6615.46385955554,0.0,0.0,2.4463130688069414,9.539323230820152e-07,9.539323230820143e-07
0.15525,6615.44047979559,0.0,0.0,2.446271088703759,9.539221036398812e-07,9.539221036398801e-07
0.1553,6615.421411376699,0.0,0.0,2.4462298619559215,9.539321164866438e-07,9.53932116486643e-07
0.15535000000000002,6615.407393290186,0.0,0.0,2.446189448680365,9.539256253647235e-07,9.539256253647226e-07
0.1554,6615.397641887308,0.0,0.0,2.446149904629671,9.539339606087514e-07,9.539339606087505e-07
0.15545,6615.39304264458,0.0,0.0,2.4461112879392783,9.539324143696078e-07,9.53932414369607e-07
0.1555,6615.392688247461,0.0,0.0,2.446073651508616,9.539380493736941e-07,9.539380493736933e-07
0.15555,6615.397507562686,0.0,0.0,2.446037050953812,9.539422059454567e-07,9.539422059454558e-07
0.15560000000000002,6615.406579844302,0.0,0.0,2.446001536247805,9.539446183595515e-07,9.539446183595506e-07
0.15565,6615.420763119949,0.0,0.0,2.4459671599284603,9.53954675382945e-07,9.539546753829441e-07
0.1557,6615.439235543607,0.0,0.0,2.445933969002129,9.539539058402853e-07,9.539539058402845e-07
0.15575,6615.462679683592,0.0,0.0,2.4459020123898454,9.53969479504318e-07,9.53969479504317e-07
0.1558,6615.49046689652,0.0,0.0,2.4458713340902833,9.539661134403295e-07,9.539661134403287e-07
0.15585000000000002,6615.52302149138,0.0,0.0,2.4458419789180716,9.53986290730985e-07,9.539862907309838e-07
0.1559,6615.559978778158,0.0,0.0,2.4458139877999745,9.539813780382299e-07,9.539813780382288e-07
0.15595,6615.601449768438,0.0,0.0,2.4457874010339946,9.5400483047573e-07,9.540048304757291e-07
0.156,6615.647370523912,0.0,0.0,2.4457622563559496,9.539997437595174e-07,9.539997437595166e-07
0.15605,6615.697523247541,0.0,0.0,2.44573858924593,9.540248984115206e-07,9.540248984115197e-07
0.15610000000000002,6615.752140264694,0.0,0.0,2.445716434060473,9.54021147248075e-07,9.540211472480742e-07
0.15615,6615.81069940467,0.0,0.0,2.4456958212764577,9.540463837536227e-07,9.540463837536218e-07
0.1562,6615.8736881084,0.0,0.0,2.445676781612438,9.540454175950078e-07,9.54045417595007e-07
0.15625,6615.940337793016,0.0,0.0,2.445659340475123,9.540692626580226e-07,9.540692626580218e-07
0.1563,6616.011319194335,0.0,0.0,2.4456435246205652,9.540722844869202e-07,9.540722844869192e-07
0.15635000000000002,6616.085703665772,0.0,0.0,2.445629354426602,9.540935850066194e-07,9.540935850066185e-07
0.1564,6616.164248705711,0.0,0.0,2.4456168523158106,9.541013951619461e-07,9.54101395161945e-07
0.15645,6616.245970399162,0.0,0.0,2.4456060337629877,9.541194468739848e-07,9.54119446873984e-07
0.1565,6616.331607351066,0.0,0.0,2.445596916471417,9.54132345364923e-07,9.541323453649221e-07
0.15655,6616.42022522022,0.0,0.0,2.4455895111892514,9.541469535338311e-07,9.541469535338303e-07
0.15660000000000002,6616.512444195973,0.0,0.0,2.4455838305340163,9.541647114832961e-07,9.541647114832953e-07
0.15665,6616.607475256326,0.0,0.0,2.4455798807247704,9.541761888831275e-07,9.541761888831266e-07
0.1567,6616.7057335773015,0.0,0.0,2.445577668977449,9.541980819791915e-07,9.541980819791907e-07
0.15675,6616.806651304619,0.0,0.0,2.4455771971644436,9.542071826918547e-07,9.542071826918539e-07
0.1568,6616.910380598169,0.0,0.0,2.445578466875101,9.54232093886678e-07,9.542320938866772e-07
0.15685000000000002,6617.016616590273,0.0,0.0,2.445581475769711,9.542398858699292e-07,9.542398858699283e-07
0.1569,6617.125225054299,0.0,0.0,2.4455862196969127,9.542664543908553e-07,9.542664543908544e-07
0.15695,6617.23617321237,0.0,0.0,2.4455926921803584,9.542741625628487e-07,9.542741625628479e-07
0.157,6617.349049514168,0.0,0.0,2.445600883336899,9.5430095332653e-07,9.543009533265292e-07
0.15705,6617.464068462769,0.0,0.0,2.445610782555266,9.543097863690623e-07,9.543097863690614e-07
0.15710000000000002,6617.58058492679,0.0,0.0,2.4456223743608074,9.543354664897405e-07,9.543354664897394e-07
0.15715,6617.699003876318,0.0,0.0,2.445635643940905,9.543464495133898e-07,9.54346449513389e-07
0.1572,6617.818516882089,0.0,0.0,2.4456505704826705,9.543699408781217e-07,9.543699408781209e-07
0.15725,6617.939642452393,0.0,0.0,2.445667134858717,9.5438378305161e-07,9.543837830516091e-07
0.1573,6618.061493660814,0.0,0.0,2.4456853112632517,9.544043709618069e-07,9.54404370961806e-07
0.15735000000000002,6618.184615909958,0.0,0.0,2.445705076115658,9.544213804802698e-07,9.54421380480269e-07
0.1574,6618.308133913776,0.0,0.0,2.4457263990253506,9.544387708514883e-07,9.544387708514874e-07
0.15745,6618.432532929528,0.0,0.0,2.445749251828495,9.544588248531685e-07,9.544588248531676e-07
0.1575,6618.557033792368,0.0,0.0,2.4457735999832493,9.54473143462173e-07,9.544731434621721e-07
0.15755,6618.681987334837,0.0,0.0,2.4457994106571213,9.544957196995225e-07,9.544957196995217e-07
0.15760000000000002,6618.8067758716525,0.0,0.0,2.4458266455792774,9.545074522623122e-07,9.545074522623113e-07
0.15765,6618.93156436956,0.0,0.0,2.4458552672383544,9.545317145790988e-07,9.54531714579098e-07
0.1577,6619.05593817724,0.0,0.0,2.4458852340188018,9.545416056239922e-07,9.545416056239914e-07
0.15775,6619.179849360524,0.0,0.0,2.445916503816017,9.545665227168546e-07,9.545665227168538e-07
0.1578,6619.303101182986,0.0,0.0,2.4459490319930848,9.545754473801223e-07,9.545754473801214e-07
0.15785000000000002,6619.425435441248,0.0,0.0,2.4459827720531564,9.545999345908026e-07,9.545999345908016e-07
0.1579,6619.546857793573,0.0,0.0,2.4460176765859534,9.54608757130788e-07,9.54608757130787e-07
0.15795,6619.666929776255,0.0,0.0,2.4460536950172713,9.54631815756621e-07,9.5463181575662e-07
0.158,6619.785821404197,0.0,0.0,2.446090777344727,9.546412637081674e-07,9.546412637081666e-07
0.15805,6619.902962584498,0.0,0.0,2.4461288693325107,9.546620949331117e-07,9.546620949331108e-07
0.15810000000000002,6620.018633192852,0.0,0.0,2.4461679185084524,9.546726605033335e-07,9.546726605033327e-07
0.15815,6620.132194160439,0.0,0.0,2.4462078674770913,9.546907460699586e-07,9.546907460699578e-07
0.1582,6620.243971025578,0.0,0.0,2.446248661381934,9.54702626461902e-07,9.54702626461901e-07
0.15825,6620.353322056956,0.0,0.0,2.446290240221057,9.547177619374278e-07,9.54717761937427e-07
0.1583,6620.460556401103,0.0,0.0,2.446332546834817,9.547308498046696e-07,9.547308498046685e-07
0.15835000000000002,6620.565089260662,0.0,0.0,2.4463755191876295,9.547431290222893e-07,9.547431290222882e-07
0.1584,6620.667161249508,0.0,0.0,2.4464190979188483,9.54757048408428e-07,9.54757048408427e-07
0.15845,6620.766291427597,0.0,0.0,2.446463219521013,9.547668077694766e-07,9.547668077694758e-07
0.1585,6620.8626148911935,0.0,0.0,2.4465078225842447,9.547809871531975e-07,9.547809871531966e-07
0.15855,6620.955783720263,0.0,0.0,2.4465528426490706,9.547887195619841e-07,9.54788719561983e-07
0.15860000000000002,6621.045810434375,0.0,0.0,2.446598216480123,9.548024907753095e-07,9.548024907753086e-07
0.15865,6621.132487978229,0.0,0.0,2.4466438791229432,9.54808742954421e-07,9.5480874295442e-07
0.1587,6621.2157100652585,0.0,0.0,2.446689765823412,9.548214481439857e-07,9.548214481439846e-07
0.15875,6621.295399427764,0.0,0.0,2.446735811517402,9.548267209026626e-07,9.548267209026615e-07
0.1588,6621.371351083859,0.0,0.0,2.44678195032126,9.548378076592453e-07,9.548378076592445e-07
0.15885000000000002,6621.443591916831,0.0,0.0,2.4468281173740976,9.54842473626474e-07,9.548424736264732e-07
0.1589,6621.511851236982,0.0,0.0,2.4468742461284423,9.54851566627871e-07,9.548515666278702e-07
0.15895,6621.576223952454,0.0,0.0,2.446920272174404,9.548558155942509e-07,9.548558155942498e-07
0.159,6621.636413017766,0.0,0.0,2.4469661288228703,9.548627526095528e-07,9.54862752609552e-07
0.15905,6621.692543334357,0.0,0.0,2.4470117523199844,9.548665751333045e-07,9.548665751333037e-07
0.15910000000000002,6621.744328883552,0.0,0.0,2.447057076386518,9.548714024685663e-07,9.548714024685653e-07
0.15915,6621.791890912251,0.0,0.0,2.4471020381065576,9.548746107128186e-07,9.548746107128178e-07
0.1592,6621.834985181544,0.0,0.0,2.4471465721683896,9.548775434271597e-07,9.548775434271588e-07
0.15925,6621.873704547678,0.0,0.0,2.4471906166760107,9.548798243018502e-07,9.548798243018493e-07
0.1593,6621.907865758067,0.0,0.0,2.4472341078178337,9.548811782642593e-07,9.548811782642585e-07
0.15935000000000002,6621.937521742986,0.0,0.0,2.4472769849247586,9.548821698748408e-07,9.5488216987484e-07
0.15940000000000001,6621.962555451943,0.0,0.0,2.447319186170494,9.548822793520662e-07,9.548822793520652e-07
0.15945,6621.98298190933,0.0,0.0,2.4473606523573683,9.548816555077152e-07,9.54881655507714e-07
0.1595,6621.998742615329,0.0,0.0,2.447401324067872,9.548807919219656e-07,9.548807919219647e-07
0.15955,6622.009828234675,0.0,0.0,2.4474411438669685,9.54878339598438e-07,9.54878339598437e-07
0.15960000000000002,6622.016221093181,0.0,0.0,2.4474800550979,9.54876645493226e-07,9.548766454932252e-07
0.15965000000000001,6622.017908893579,0.0,0.0,2.4475180024265746,9.54872320933347e-07,9.548723209333462e-07
0.1597,6622.014891599829,0.0,0.0,2.447554932238998,9.548697712901396e-07,9.548697712901387e-07
0.15975,6622.007177796569,0.0,0.0,2.447590791677573,9.548637235367933e-07,9.548637235367925e-07
0.1598,6621.994762237931,0.0,0.0,2.447625530392922,9.548601213638227e-07,9.548601213638219e-07
0.15985000000000002,6621.977694968021,0.0,0.0,2.4476590984005884,9.548526789390811e-07,9.548526789390803e-07
0.15990000000000001,6621.955948380033,0.0,0.0,2.4476914487918746,9.548476860239305e-07,9.548476860239297e-07
0.15995,6621.929626267293,0.0,0.0,2.447722534854604,9.548393074565585e-07,9.548393074565577e-07
0.16,6621.898671792861,0.0,0.0,2.4477523132676238,9.54832507232808e-07,9.54832507232807e-07
0.16005,6621.86324288267,0.0,0.0,2.4477807409709023,9.54823703195939e-07,9.54823703195938e-07
0.16010000000000002,6621.823258977317,0.0,0.0,2.4478077783681047,9.548146841477391e-07,9.548146841477383e-07
0.16015000000000001,6621.778919963512,0.0,0.0,2.447833386391481,9.548059262262303e-07,9.548059262262294e-07
0.1602,6621.730139275859,0.0,0.0,2.4478575293105904,9.54794372696813e-07,9.54794372696812e-07
0.16025,6621.677134771053,0.0,0.0,2.4478801723376193,9.547860020089065e-07,9.54786002008906e-07
0.1603,6621.619841887875,0.0,0.0,2.447901283761724,9.547717784787511e-07,9.547717784787503e-07
0.16035000000000002,6621.558464482077,0.0,0.0,2.4479208333001483,9.547639319299186e-07,9.547639319299175e-07
0.16040000000000001,6621.492992763539,0.0,0.0,2.4479387934322134,9.547471425851294e-07,9.547471425851283e-07
0.16045,6621.423582764237,0.0,0.0,2.4479551385415994,9.547397113507363e-07,9.547397113507355e-07
0.1605,6621.350311151482,0.0,0.0,2.4479698454796823,9.547207248196996e-07,9.547207248196987e-07
0.16055,6621.2732560922395,0.0,0.0,2.447982893400508,9.54713351374471e-07,9.547133513744699e-07
0.16060000000000002,6621.192605377629,0.0,0.0,2.4479942637110375,9.546927840825641e-07,9.546927840825633e-07
0.16065000000000002,6621.108339423351,0.0,0.0,2.4480039403920366,9.546849020064135e-07,9.546849020064127e-07
0.1607,6621.020768436269,0.0,0.0,2.4480119095775,9.546635578500242e-07,9.546635578500232e-07
0.16075,6620.929771014115,0.0,0.0,2.448018160097862,9.546544713638121e-07,9.546544713638113e-07
0.1608,6620.835773494874,0.0,0.0,2.4480226829574843,9.546332448797081e-07,9.54633244879707e-07
0.16085000000000002,6620.738566549977,0.0,0.0,2.448025471840508,9.546222359158487e-07,9.546222359158478e-07
0.16090000000000002,6620.6386685960015,0.0,0.0,2.4480265227225466,9.546019944696156e-07,9.546019944696147e-07
0.16095,6620.535813567104,0.0,0.0,2.448025834138581,9.545884421186784e-07,9.545884421186773e-07
0.161,6620.430570743612,0.0,0.0,2.448023407083236,9.545699013108684e-07,9.545699013108676e-07
0.16105,6620.322664563806,0.0,0.0,2.44801924494041,9.545533999025386e-07,9.545533999025377e-07
0.16110000000000002,6620.212660701432,0.0,0.0,2.4480133537129642,9.54537011919122e-07,9.54537011919121e-07
0.16115000000000002,6620.100329946319,0.0,0.0,2.4480057416347885,9.545174643505683e-07,9.545174643505672e-07
0.1612,6619.9861758029665,0.0,0.0,2.447996419648901,9.54503341954985e-07,9.545033419549842e-07
0.16125,6619.870071921947,0.0,0.0,2.447985400839203,9.54481014574122e-07,9.544810145741211e-07
0.1613,6619.752403046464,0.0,0.0,2.447972700970439,9.544688975520828e-07,9.54468897552082e-07
0.16135000000000002,6619.633196394837,0.0,0.0,2.4479583379663183,9.544444293297572e-07,9.544444293297561e-07
0.16140000000000002,6619.512672443095,0.0,0.0,2.4479423322570204,9.544337047784205e-07,9.544337047784199e-07
0.16145,6619.391046067091,0.0,0.0,2.4479247065718757,9.544080592300978e-07,9.54408059230097e-07
0.1615,6619.26834831919,0.0,0.0,2.447905485827654,9.543978370758095e-07,9.543978370758086e-07
0.16155,6619.144993535655,0.0,0.0,2.4478846974872677,9.543722052686613e-07,9.543722052686604e-07
0.16160000000000002,6619.020821637335,0.0,0.0,2.4478623707673424,9.543614350797762e-07,9.543614350797751e-07
0.16165000000000002,6618.8964332933965,0.0,0.0,2.4478385377413363,9.543371010670496e-07,9.543371010670487e-07
0.1617,6618.771501867197,0.0,0.0,2.447813231744928,9.54324719334976e-07,9.543247193349752e-07
0.16175,6618.646774458882,0.0,0.0,2.447786489278252,9.543029017089566e-07,9.543029017089557e-07
0.1618,6618.521808221896,0.0,0.0,2.4477583476292835,9.542879904908556e-07,9.542879904908547e-07
0.16185000000000002,6618.397433529788,0.0,0.0,2.4477288474775083,9.542696837633871e-07,9.542696837633863e-07
0.16190000000000002,6618.273160988826,0.0,0.0,2.447698029912029,9.542516159887613e-07,9.542516159887605e-07
0.16195,6618.149826457166,0.0,0.0,2.4476659394845974,9.542374569543362e-07,9.542374569543351e-07
0.162,6618.026973871645,0.0,0.0,2.4476326209453316,9.542160079660991e-07,9.542160079660983e-07
0.16205,6617.9053603240645,0.0,0.0,2.447598122361497,9.542061831163622e-07,9.542061831163611e-07
0.1621,6617.7846453322945,0.0,0.0,2.447562492004531,9.54181596332297e-07,9.541815963322962e-07
0.16215000000000002,6617.665426526746,0.0,0.0,2.447525781067542,9.541758053942588e-07,9.54175805394258e-07
0.1622,6617.547550238558,0.0,0.0,2.4474880411870035,9.541487944088498e-07,9.54148794408849e-07
0.16225,6617.431391742775,0.0,0.0,2.4474493262805166,9.541462831817732e-07,9.541462831817722e-07
0.1623,6617.3170336328385,0.0,0.0,2.4474096911594057,9.54117969525418e-07,9.541179695254173e-07
0.16235,6617.204589761302,0.0,0.0,2.447369192071851,9.54117620570613e-07,9.54117620570612e-07
0.16240000000000002,6617.094402100283,0.0,0.0,2.447327886764,9.540894183607681e-07,9.54089418360767e-07
0.16245,6616.986314591686,0.0,0.0,2.4472858334482868,9.540898935672927e-07,9.540898935672916e-07
0.1625,6616.88091725286,0.0,0.0,2.4472430925002966,9.54063344997505e-07,9.540633449975042e-07
0.16255,6616.7778111619755,0.0,0.0,2.4471997237723055,9.540632647505892e-07,9.540632647505883e-07
0.1626,6616.677789766775,0.0,0.0,2.4471557898940803,9.54039853834475e-07,9.540398538344741e-07
0.16265000000000002,6616.580268353471,0.0,0.0,2.447111352079163,9.540379814671579e-07,9.540379814671568e-07
0.1627,6616.4861719539995,0.0,0.0,2.4470664747680164,9.540189511560098e-07,9.540189511560088e-07
0.16275,6616.394812048175,0.0,0.0,2.4470212203028137,9.540143642450946e-07,9.540143642450938e-07
0.1628,6616.307152067047,0.0,0.0,2.446975654431659,9.540005566647665e-07,9.540005566647656e-07
0.16285,6616.222497834752,0.0,0.0,2.4469298404274,9.539927819357462e-07,9.539927819357453e-07
0.16290000000000002,6616.14174857524,0.0,0.0,2.4468838448036494,9.53984527905647e-07,9.539845279056461e-07
0.16295,6616.064304849736,0.0,0.0,2.4468377315816827,9.53973617757349e-07,9.539736177573483e-07
0.163,6615.990904109049,0.0,0.0,2.4467915674836362,9.539706929450678e-07,9.53970692945067e-07
0.16305,6615.92113086152,0.0,0.0,2.4467454170914262,9.539572336614536e-07,9.539572336614528e-07
0.1631,6615.855479452058,0.0,0.0,2.4466993467904863,9.53958884596913e-07,9.53958884596912e-07
0.16315000000000002,6615.7937870008345,0.0,0.0,2.44665342150683,9.539439380062293e-07,9.539439380062285e-07
0.1632,6615.73624940344,0.0,0.0,2.446607706783548,9.539489755227838e-07,9.539489755227828e-07
0.16325,6615.68299299633,0.0,0.0,2.44656226762245,9.53933954442609e-07,9.539339544426082e-07
0.1633,6615.633896930924,0.0,0.0,2.446517168282509,9.53940908826003e-07,9.53940908826002e-07
0.16335,6615.589375123618,0.0,0.0,2.446472473506754,9.539274031331647e-07,9.539274031331638e-07
0.16340000000000002,6615.5490084442545,0.0,0.0,2.446428245905067,9.539347117183054e-07,9.539347117183046e-07
0.16345,6615.513461782577,0.0,0.0,2.446384549555631,9.539242935001154e-07,9.539242935001143e-07
0.1635,6615.482071272258,0.0,0.0,2.446341445138752,9.53930500379896e-07,9.53930500379895e-07
0.16355,6615.455681356371,0.0,0.0,2.446298995590258,9.539245233639432e-07,9.539245233639423e-07
0.1636,6615.433468770221,0.0,0.0,2.4462572594613765,9.539284689582749e-07,9.539284689582738e-07
0.16365000000000002,6615.416361125784,0.0,0.0,2.4462162980133506,9.539278956133964e-07,9.539278956133954e-07
0.1637,6615.403478491135,0.0,0.0,2.4461761675314255,9.539288623275946e-07,9.539288623275936e-07
0.16375,6615.395724345048,0.0,0.0,2.4461369270387907,9.539341428812186e-07,9.539341428812178e-07
0.1638,6615.392270844973,0.0,0.0,2.4460986304606136,9.539319450608994e-07,9.539319450608983e-07
0.16385,6615.393889697422,0.0,0.0,2.4460613340144506,9.539429583881023e-07,9.539429583881012e-07
0.16390000000000002,6615.3999074062085,0.0,0.0,2.4460250891852855,9.53937964611248e-07,9.539379646112469e-07
0.16395,6615.410870617297,0.0,0.0,2.445989948849237,9.53954033921567e-07,9.539540339215662e-07
0.164,6615.42634110312,0.0,0.0,2.4459559619538895,9.539471152183789e-07,9.539471152183778e-07
0.16405,6615.4465745010975,0.0,0.0,2.445923177561071,9.539670962305738e-07,9.53967096230573e-07
0.1641,6615.471417309247,0.0,0.0,2.445891641942311,9.539595094936329e-07,9.539595094936318e-07
0.16415000000000002,6615.500802456513,0.0,0.0,2.4458613999604633,9.53981935706508e-07,9.539819357065071e-07
0.1642,6615.534874994682,0.0,0.0,2.445832495011712,9.539751602479363e-07,9.539751602479354e-07
0.16425,6615.5732507303455,0.0,0.0,2.4458049674823905,9.539984257985748e-07,9.53998425798574e-07
0.1643,6615.616348274599,0.0,0.0,2.4457788576222534,9.539939699773296e-07,9.539939699773288e-07
0.16435,6615.66351117484,0.0,0.0,2.445754201178366,9.54016530418141e-07,9.540165304181399e-07
0.16440000000000002,6615.7153703924305,0.0,0.0,2.4457310349145556,9.540157346123188e-07,9.540157346123178e-07
0.16445,6615.771072706109,0.0,0.0,2.4457093898823903,9.540362918593352e-07,9.540362918593343e-07
0.1645,6615.83137562979,0.0,0.0,2.445689298967551,9.540401594921685e-07,9.540401594921674e-07
0.16455,6615.89532524324,0.0,0.0,2.445670788561086,9.540578102148674e-07,9.540578102148664e-07
0.1646,6615.963702942921,0.0,0.0,2.445653887246304,9.540668799064215e-07,9.540668799064205e-07
0.16465000000000002,6616.035561543481,0.0,0.0,2.4456386168550304,9.540812132449207e-07,9.540812132449198e-07
0.1647,6616.11160082175,0.0,0.0,2.4456250012464795,9.540954939758008e-07,9.540954939757997e-07
0.16475,6616.190981873923,0.0,0.0,2.4456130578248745,9.541066187529915e-07,9.541066187529905e-07
0.1648,6616.274230084755,0.0,0.0,2.445602805341683,9.54125597217637e-07,9.54125597217636e-07
0.16485,6616.3606993319945,0.0,0.0,2.4455942569054363,9.54134103304377e-07,9.54134103304376e-07
0.16490000000000002,6616.450669042296,0.0,0.0,2.4455874258450065,9.541568145664138e-07,9.54156814566413e-07
0.16495,6616.543744434417,0.0,0.0,2.445582321074428,9.541636748064252e-07,9.541636748064243e-07
0.165,6616.639918418215,0.0,0.0,2.4455789502856558,9.541888304370409e-07,9.541888304370398e-07
0.16505,6616.73907163019,0.0,0.0,2.4455773182432434,9.54195253694965e-07,9.54195253694964e-07
0.1651,6616.840906083018,0.0,0.0,2.4455774269068735,9.542214079277767e-07,9.542214079277757e-07
0.16515000000000002,6616.945565996569,0.0,0.0,2.4455792768698936,9.542286666611674e-07,9.542286666611663e-07
0.1652,6617.052492588995,0.0,0.0,2.445582864389209,9.542543947388868e-07,9.54254394738886e-07
0.16525,6617.162049911728,0.0,0.0,2.44558818579753,9.542636514081234e-07,9.542636514081226e-07
0.1653,6617.273477718314,0.0,0.0,2.445595231799469,9.542877167121697e-07,9.542877167121686e-07
0.16535,6617.387289809976,0.0,0.0,2.4456039943198498,9.542998692051029e-07,9.542998692051018e-07
0.16540000000000002,6617.5026065804595,0.0,0.0,2.445614458765749,9.543213604742649e-07,9.54321360474264e-07
0.16545,6617.620004400338,0.0,0.0,2.4456266124724637,9.543369270218074e-07,9.543369270218066e-07
0.1655,6617.738576249464,0.0,0.0,2.4456404358790684,9.543553442243662e-07,9.543553442243652e-07
0.16555,6617.858871220199,0.0,0.0,2.4456559115467478,9.543744062141046e-07,9.543744062141037e-07
0.1656,6617.98004431167,0.0,0.0,2.445673015319032,9.543896877528917e-07,9.543896877528908e-07
0.16565000000000002,6618.102534000236,0.0,0.0,2.445691724826102,9.544118899649793e-07,9.544118899649782e-07
0.16570000000000001,6618.22563563646,0.0,0.0,2.4457120116974687,9.544243840404239e-07,9.54424384040423e-07
0.16575,6618.349610972574,0.0,0.0,2.4457338485386204,9.544489935098277e-07,9.544489935098267e-07
0.1658,6618.4739509351275,0.0,0.0,2.4457572031195616,9.544593739347174e-07,9.544593739347166e-07
0.16585,6618.598701208481,0.0,0.0,2.4457820430190864,9.544853885267711e-07,9.544853885267703e-07
0.16590000000000002,6618.723575685309,0.0,0.0,2.445808332452643,9.544945335744665e-07,9.544945335744657e-07
0.16595000000000001,6618.848392659585,0.0,0.0,2.4458360340780017,9.545208177834656e-07,9.545208177834646e-07
0.166,6618.973087861628,0.0,0.0,2.4458651087954166,9.545296702582758e-07,9.54529670258275e-07
0.16605,6619.097269851409,0.0,0.0,2.4458955145657,9.545551019944832e-07,9.545551019944823e-07
0.1661,6619.221066922107,0.0,0.0,2.4459272091416304,9.545645274212796e-07,9.545645274212787e-07
0.16615000000000002,6619.343921117585,0.0,0.0,2.4459601461242046,9.54588133876096e-07,9.545881338760948e-07
0.16620000000000001,6619.466102264432,0.0,0.0,2.445994280225111,9.54598799104674e-07,9.545987991046729e-07
0.16625,6619.586946483115,0.0,0.0,2.44602956111805,9.546198616115208e-07,9.5461986161152e-07
0.1663,6619.706801264388,0.0,0.0,2.446065940536731,9.546321496899477e-07,9.546321496899466e-07
0.16635,6619.824965722226,0.0,0.0,2.4461033647312704,9.546502658182216e-07,9.546502658182205e-07
0.16640000000000002,6619.941797052356,0.0,0.0,2.446141782502009,9.54664235914842e-07,9.546642359148412e-07
0.16645000000000001,6620.05662605133,0.0,0.0,2.4461811372189666,9.546793341076699e-07,9.54679334107669e-07
0.1665,6620.1697566152625,0.0,0.0,2.4462213748061212,9.546947302382578e-07,9.546947302382567e-07
0.16655,6620.280609790112,0.0,0.0,2.446262436301309,9.547070360625344e-07,9.547070360625335e-07
0.1666,6620.3893876694765,0.0,0.0,2.446304264851956,9.54723342769775e-07,9.54723342769774e-07
0.16665000000000002,6620.495642790617,0.0,0.0,2.446346799685937,9.547333058158778e-07,9.54733305815877e-07
0.16670000000000001,6620.599445540923,0.0,0.0,2.4463899813392147,9.547498367166361e-07,9.547498367166353e-07
0.16675,6620.700501443757,0.0,0.0,2.446433747702247,9.547580335733128e-07,9.54758033573312e-07
0.1668,6620.798740377746,0.0,0.0,2.4464780369486894,9.547740390162248e-07,9.54774039016224e-07
0.16685,6620.894020161373,0.0,0.0,2.446522786035668,9.54781065011748e-07,9.547810650117468e-07
0.16690000000000002,6620.986142871863,0.0,0.0,2.446567931115116,9.547958420972581e-07,9.54795842097257e-07
0.16695000000000002,6621.075098650801,0.0,0.0,2.4466134085434157,9.548022110632922e-07,9.548022110632912e-07
0.167,6621.160590674021,0.0,0.0,2.4466591528762645,9.548151959304834e-07,9.548151959304823e-07
0.16705,6621.242707879604,0.0,0.0,2.4467051001354907,9.548212628399388e-07,9.54821262839938e-07
0.1671,6621.321094339788,0.0,0.0,2.4467511837789537,9.54832093848661e-07,9.5483209384866e-07
0.16715000000000002,6621.395896292799,0.0,0.0,2.446797339706553,9.548380094018986e-07,9.548380094018977e-07
0.16720000000000002,6621.466742631866,0.0,0.0,2.4468435008265965,9.548465524722766e-07,9.548465524722755e-07
0.16725,6621.533795150755,0.0,0.0,2.446889603099177,9.548522566305074e-07,9.548522566305063e-07
0.1673,6621.596707932069,0.0,0.0,2.4469355794526173,9.548585903853762e-07,9.54858590385375e-07
0.16735,6621.655623163634,0.0,0.0,2.446981366082787,9.548638436140307e-07,9.548638436140296e-07
0.16740000000000002,6621.710251187172,0.0,0.0,2.4470268965012196,9.548682101364454e-07,9.548682101364446e-07
0.16745000000000002,6621.760690640363,0.0,0.0,2.447072107331651,9.548726550314495e-07,9.548726550314486e-07
0.1675,6621.806726314193,0.0,0.0,2.447116933199184,9.548753867444806e-07,9.548753867444795e-07
0.16755,6621.848403196882,0.0,0.0,2.447161311384558,9.54878628605515e-07,9.548786286055141e-07
0.1676,6621.885584128868,0.0,0.0,2.4472051781020605,9.54880064663431e-07,9.5488006466343e-07
0.16765000000000002,6621.918264675722,0.0,0.0,2.4472484715691225,9.548817564622863e-07,9.548817564622852e-07
0.16770000000000002,6621.946375910894,0.0,0.0,2.4472911299978333,9.548821640274782e-07,9.548821640274772e-07
0.16775,6621.969879684363,0.0,0.0,2.447333092875506,9.54882079773969e-07,9.54882079773968e-07
0.1678,6621.988755991135,0.0,0.0,2.4473743007503597,9.548815939861702e-07,9.548815939861691e-07
0.16785,6622.002955787157,0.0,0.0,2.4474146947628204,9.548796776476709e-07,9.5487967764767e-07
0.16790000000000002,6622.0124838707425,0.0,0.0,2.4474542180684042,9.548782702006942e-07,9.548782702006933e-07
0.16795000000000002,6622.01730497762,0.0,0.0,2.447492813881693,9.548746510022103e-07,9.548746510022093e-07
0.168,6622.017425589716,0.0,0.0,2.4475304281830024,9.548721330651809e-07,9.5487213306518e-07
0.16805,6622.01284490623,0.0,0.0,2.447567006699824,9.548671043829365e-07,9.548671043829356e-07
0.1681,6622.003554283217,0.0,0.0,2.4476024984179836,9.548631631371038e-07,9.548631631371027e-07
0.16815000000000002,6621.989599510256,0.0,0.0,2.447636852013933,9.548571285651752e-07,9.548571285651741e-07
0.16820000000000002,6621.970950139633,0.0,0.0,2.4476700196406345,9.548513918831148e-07,9.54851391883114e-07
0.16825,6621.947699160712,0.0,0.0,2.4477019533346334,9.548447876821011e-07,9.548447876821e-07
0.1683,6621.919799618543,0.0,0.0,2.447732608577128,9.548369058579037e-07,9.548369058579028e-07
0.16835,6621.887380233569,0.0,0.0,2.4477619411314726,9.548301140811076e-07,9.548301140811065e-07
0.16840000000000002,6621.8503941249055,0.0,0.0,2.447789909980687,9.548198444476676e-07,9.548198444476668e-07
0.16845000000000002,6621.808984026157,0.0,0.0,2.447816474924438,9.548131119951582e-07,9.548131119951574e-07
0.1685,6621.76312813299,0.0,0.0,2.447841598640575,9.548003917383516e-07,9.548003917383508e-07
0.16855,6621.712955046411,0.0,0.0,2.447865245210672,9.547937698399207e-07,9.547937698399199e-07
0.1686,6621.658496732581,0.0,0.0,2.4478873812204873,9.547787631441012e-07,9.547787631441003e-07
0.16865,6621.59983868394,0.0,0.0,2.447907975215518,9.547720793826554e-07,9.547720793826543e-07
0.16870000000000002,6621.537092820047,0.0,0.0,2.447926997916217,9.547551879004493e-07,9.547551879004485e-07
0.16875,6621.470277932437,0.0,0.0,2.447944422457955,9.547480573741754e-07,9.547480573741746e-07
0.1688,6621.399603964982,0.0,0.0,2.447960223923851,9.547298906477464e-07,9.547298906477453e-07
0.16885,6621.3250097296395,0.0,0.0,2.447974380121267,9.547217650734232e-07,9.547217650734223e-07
0.1689,6621.246808447907,0.0,0.0,2.4479868707101335,9.54703072896126e-07,9.54703072896125e-07
0.16895000000000002,6621.164860614881,0.0,0.0,2.4479976782219435,9.546933238415272e-07,9.546933238415264e-07
0.169,6621.079571440011,0.0,0.0,2.448006787077744,9.546748975657854e-07,9.546748975657844e-07
0.16905,6620.9907414005465,0.0,0.0,2.4480141845697854,9.54662921434267e-07,9.54662921434266e-07
0.1691,6620.898840404111,0.0,0.0,2.448019860020122,9.546454814181425e-07,9.546454814181415e-07
0.16915,6620.803642062515,0.0,0.0,2.448023805514037,9.546308095909946e-07,9.546308095909935e-07
0.16920000000000002,6620.705639816881,0.0,0.0,2.4480260153604365,9.546148943717271e-07,9.54614894371726e-07
0.16925,6620.6046256525815,0.0,0.0,2.4480264864717793,9.545972943251235e-07,9.545972943251224e-07
0.1693,6620.501066000358,0.0,0.0,2.4480252181713285,9.54583169199013e-07,9.54583169199012e-07
0.16935,6620.39482195555,0.0,0.0,2.448022212235423,9.545627177892809e-07,9.545627177892798e-07
0.1694,6620.286280860214,0.0,0.0,2.4480174729729516,9.545503206207667e-07,9.545503206207658e-07
0.16945000000000002,6620.175421241561,0.0,0.0,2.4480110070579575,9.545274364375242e-07,9.545274364375231e-07
0.1695,6620.0625052792575,0.0,0.0,2.44800282370799,9.545163693872737e-07,9.545163693872727e-07
0.16955,6619.947667497858,0.0,0.0,2.447992934515507,9.544917975149544e-07,9.544917975149534e-07
0.1696,6619.831012159364,0.0,0.0,2.4479813534937906,9.544813685182705e-07,9.544813685182695e-07
0.16965,6619.712851479982,0.0,0.0,2.4479680971480255,9.54456115685919e-07,9.54456115685918e-07
0.16970000000000002,6619.593119033684,0.0,0.0,2.447953184152885,9.544454271580047e-07,9.544454271580037e-07
0.16975,6619.472303812347,0.0,0.0,2.4479366358802457,9.544206525575902e-07,9.544206525575892e-07
0.1698,6619.350179893694,0.0,0.0,2.447918475524406,9.5440872654156e-07,9.54408726541559e-07
0.16985,6619.227388082857,0.0,0.0,2.447898729225987,9.54385603595882e-07,9.543856035958812e-07
0.1699,6619.103577337106,0.0,0.0,2.4478774245605655,9.543715247100975e-07,9.543715247100965e-07
0.16995000000000002,6618.97949297874,0.0,0.0,2.4478545922800454,9.543510921748553e-07,9.543510921748545e-07
0.17,6618.854714482944,0.0,0.0,2.4478302642129197,9.543341521204804e-07,9.543341521204796e-07
0.17005,6618.730025308777,0.0,0.0,2.447804475503673,9.543171729108382e-07,9.543171729108371e-07
0.1701,6618.605006038456,0.0,0.0,2.4477772621148337,9.542969946040986e-07,9.542969946040978e-07
0.17015,6618.480402233012,0.0,0.0,2.4477486633094863,9.542838479296924e-07,9.542838479296914e-07
0.17020000000000002,6618.355870767046,0.0,0.0,2.4477187190681247,9.5426046856748e-07,9.54260468567479e-07
0.17025,6618.2320428482835,0.0,0.0,2.4476874724540933,9.54251089403464e-07,9.54251089403463e-07
0.1703,6618.108723074827,0.0,0.0,2.4476549673413754,9.542249935766808e-07,9.5422499357668e-07
0.17035,6617.986360766397,0.0,0.0,2.4476212502474453,9.5421886927124e-07,9.542188692712389e-07
0.1704,6617.864964866679,0.0,0.0,2.4475863687905224,9.541909612308735e-07,9.541909612308726e-07
0.17045000000000002,6617.744755453275,0.0,0.0,2.44755037258792,9.54187191496088e-07,9.54187191496087e-07
0.1705,6617.625978350517,0.0,0.0,2.4475133128118625,9.541587079530727e-07,9.541587079530719e-07
0.17055,6617.508603848534,0.0,0.0,2.4474752418351504,9.541561186237457e-07,9.541561186237446e-07
0.1706,6617.393118335023,0.0,0.0,2.4474362141385653,9.541284936234266e-07,9.541284936234256e-07
0.17065,6617.27925227133,0.0,0.0,2.4473962845318913,9.541257906497031e-07,9.54125790649702e-07
0.17070000000000002,6617.167704950069,0.0,0.0,2.4473555104935074,9.541004871935871e-07,9.54100487193586e-07
0.17075,6617.058008261113,0.0,0.0,2.4473139489878495,9.54096432298683e-07,9.540964322986821e-07
0.1708,6616.951016739496,0.0,0.0,2.447271660111257,9.540747620586365e-07,9.540747620586355e-07
0.17085,6616.846132327638,0.0,0.0,2.447228702739046,9.540683463319027e-07,9.540683463319019e-07
0.1709,6616.744284073795,0.0,0.0,2.4471851391428587,9.540513037728347e-07,9.540513037728339e-07
0.17095000000000002,6616.6448306400225,0.0,0.0,2.4471410298977125,9.540418935906593e-07,9.540418935906582e-07
0.171,6616.548681807576,0.0,0.0,2.447096438957602,9.540300275146617e-07,9.540300275146607e-07
0.17105,6616.455248184175,0.0,0.0,2.4470514284068843,9.54017466175787e-07,9.54017466175786e-07
0.1711,6616.365323287983,0.0,0.0,2.447006063357959,9.540108039860533e-07,9.540108039860524e-07
0.17115,6616.2784614059,0.0,0.0,2.446960407215527,9.539954531440505e-07,9.539954531440494e-07
0.17120000000000002,6616.19525394662,0.0,0.0,2.446914525721529,9.53993494508509e-07,9.53993494508508e-07
0.17125,6616.115473087121,0.0,0.0,2.4468684833913517,9.539762055557894e-07,9.539762055557884e-07
0.1713,6616.03944438991,0.0,0.0,2.4468223460872602,9.539779844375224e-07,9.539779844375214e-07
0.17135,6615.967206659262,0.0,0.0,2.4467761791853913,9.539600076609343e-07,9.539600076609334e-07
0.1714,6615.898785324757,0.0,0.0,2.446730048202812,9.539642139186671e-07,9.53964213918666e-07
0.17145000000000002,6615.834501043358,0.0,0.0,2.446684019067049,9.539470516878481e-07,9.539470516878473e-07
0.1715,6615.774081433946,0.0,0.0,2.4466381565479316,9.539522012489189e-07,9.53952201248918e-07
0.17155,6615.71810710108,0.0,0.0,2.446592526745593,9.53937423824204e-07,9.53937423824203e-07
0.1716,6615.666046123314,0.0,0.0,2.446547193353112,9.539420509756955e-07,9.539420509756944e-07
0.17165,6615.618683484191,0.0,0.0,2.446502222194071,9.53931101651172e-07,9.53931101651171e-07
0.17170000000000002,6615.5752972566215,0.0,0.0,2.446457675629298,9.539339491121271e-07,9.539339491121263e-07
0.17175,6615.53679334697,0.0,0.0,2.4464136186937844,9.53927961694603e-07,9.53927961694602e-07
0.1718,6615.50235308673,0.0,0.0,2.446370112225888,9.539281450976796e-07,9.539281450976788e-07
0.17185,6615.472901594348,0.0,0.0,2.446327219915157,9.539277983746513e-07,9.539277983746504e-07
0.1719,6615.447628826693,0.0,0.0,2.4462850009341652,9.539249226397785e-07,9.539249226397774e-07
0.17195000000000002,6615.427372568806,0.0,0.0,2.446243517051697,9.539303531805959e-07,9.539303531805948e-07
0.17200000000000001,6615.411434423397,0.0,0.0,2.446202825653189,9.539245640069544e-07,9.539245640069533e-07
0.17205,6615.400467343683,0.0,0.0,2.446162986022933,9.539353490210285e-07,9.539353490210275e-07
0.1721,6615.393973242904,0.0,0.0,2.446124053633737,9.539273156753071e-07,9.53927315675306e-07
0.17215,6615.392342446028,0.0,0.0,2.446086084763725,9.539425253063033e-07,9.539425253063022e-07
0.17220000000000002,6615.395340481098,0.0,0.0,2.446049132816063,9.539333559883253e-07,9.539333559883243e-07
0.17225000000000001,6615.403048621565,0.0,0.0,2.446013250613469,9.539516724799665e-07,9.539516724799656e-07
0.1723,6615.4155239245,0.0,0.0,2.4459784892784775,9.539427701511151e-07,9.53942770151114e-07
0.17235,6615.432529239866,0.0,0.0,2.4459448978214957,9.539626551031992e-07,9.53962655103198e-07
0.1724,6615.454404370328,0.0,0.0,2.445912524808255,9.5395553803447e-07,9.539555380344691e-07
0.17245000000000002,6615.480620949492,0.0,0.0,2.4458814151840804,9.539754233846783e-07,9.539754233846775e-07
0.17250000000000001,6615.51175641247,0.0,0.0,2.445851614611378,9.539715299103468e-07,9.53971529910346e-07
0.17255,6615.547053572275,0.0,0.0,2.445823163824021,9.539900121291902e-07,9.539900121291891e-07
0.1726,6615.587250998976,0.0,0.0,2.445796105173432,9.539905152043303e-07,9.539905152043294e-07
0.17265,6615.631451072138,0.0,0.0,2.4457704751289437,9.540065231109966e-07,9.540065231109956e-07
0.17270000000000002,6615.680457172861,0.0,0.0,2.4457463122824175,9.54012182316557e-07,9.54012182316556e-07
0.17275000000000001,6615.733333874343,0.0,0.0,2.4457236488586607,9.540250981916629e-07,9.54025098191662e-07
0.1728,6615.790844723359,0.0,0.0,2.4457025192269675,9.540361652985095e-07,9.540361652985085e-07
0.17285,6615.852121304521,0.0,0.0,2.4456829514326897,9.540458862094788e-07,9.54045886209478e-07
0.1729,6615.917787321313,0.0,0.0,2.4456649751787576,9.54062076880697e-07,9.54062076880696e-07
0.17295000000000002,6615.987134968528,0.0,0.0,2.445648614408651,9.54069008131141e-07,9.540690081311399e-07
0.17300000000000001,6616.060565924444,0.0,0.0,2.4456338937689757,9.540895436258743e-07,9.540895436258733e-07
0.17305,6616.137603088443,0.0,0.0,2.4456208331600826,9.540945259195286e-07,9.540945259195278e-07
0.1731,6616.218372080698,0.0,0.0,2.445609451866698,9.541182375299645e-07,9.541182375299636e-07
0.17315,6616.30266563699,0.0,0.0,2.445599765761132,9.541224206812962e-07,9.541224206812952e-07
0.17320000000000002,6616.390312342905,0.0,0.0,2.445591788567602,9.5414789935765e-07,9.54147899357649e-07
0.17325000000000002,6616.481379166997,0.0,0.0,2.445585532083979,9.541525796825348e-07,9.541525796825338e-07
0.1733,6616.575412960781,0.0,0.0,2.445581004397324,9.541783530319033e-07,9.541783530319025e-07
0.17335,6616.672723364939,0.0,0.0,2.445578213116133,9.541847938875835e-07,9.541847938875826e-07
0.1734,6616.772624234466,0.0,0.0,2.4455771607350334,9.542095045641873e-07,9.542095045641863e-07
0.17345000000000002,6616.8756072362985,0.0,0.0,2.4455778504982044,9.542187683962007e-07,9.542187683961999e-07
0.17350000000000002,6616.980826872039,0.0,0.0,2.4455802794621966,9.542413284244367e-07,9.542413284244358e-07
0.17355,6617.088875184306,0.0,0.0,2.4455844462871723,9.542541393052394e-07,9.542541393052386e-07
0.1736,6617.198837741022,0.0,0.0,2.44559034283548,9.54273845074451e-07,9.542738450744502e-07
0.17365,6617.311314469182,0.0,0.0,2.4455979629460645,9.54290498873514e-07,9.54290498873513e-07
0.17370000000000002,6617.425416374302,0.0,0.0,2.445607293588041,9.543070898493639e-07,9.54307089849363e-07
0.17375000000000002,6617.541661626461,0.0,0.0,2.4456183235580213,9.543274256647872e-07,9.543274256647862e-07
0.1738,6617.659272620901,0.0,0.0,2.445631035256991,9.543410822668536e-07,9.543410822668527e-07
0.17385,6617.778609463509,0.0,0.0,2.4456454122662423,9.54364514077594e-07,9.54364514077593e-07
0.1739,6617.899074006953,0.0,0.0,2.445661432734798,9.543757992428154e-07,9.543757992428144e-07
0.17395000000000002,6618.020814302258,0.0,0.0,2.445679074935329,9.544014020674885e-07,9.544014020674875e-07
0.17400000000000002,6618.143453757993,0.0,0.0,2.445698313042649,9.544111552478118e-07,9.54411155247811e-07
0.17405,6618.266903125036,0.0,0.0,2.445719120030965,9.544377925064884e-07,9.544377925064874e-07
0.1741,6618.391019142177,0.0,0.0,2.4457414663201584,9.544469923442004e-07,9.544469923441996e-07
0.17415,6618.515480697999,0.0,0.0,2.4457653197127476,9.544734645675381e-07,9.544734645675373e-07
0.17420000000000002,6618.640360030264,0.0,0.0,2.445790647025965,9.544830811106812e-07,9.544830811106804e-07
0.17425000000000002,6618.765137220266,0.0,0.0,2.44581741113469,9.545082733105936e-07,9.545082733105926e-07
0.1743,6618.890056921827,0.0,0.0,2.4458455753412474,9.545191300474562e-07,9.545191300474553e-07
0.17435,6619.014456134013,0.0,0.0,2.445875097945064,9.545421393695198e-07,9.54542139369519e-07
0.1744,6619.138689671372,0.0,0.0,2.445905938769726,9.545548018451858e-07,9.545548018451847e-07
0.17445000000000002,6619.262021484058,0.0,0.0,2.445938051977188,9.54575028192914e-07,9.545750281929132e-07
0.17450000000000002,6619.384845656192,0.0,0.0,2.4459713939221426,9.545897361313265e-07,9.545897361313257e-07
0.17455,6619.506426455401,0.0,0.0,2.446005915123155,9.546069241517661e-07,9.546069241517653e-07
0.1746,6619.627127366009,0.0,0.0,2.4460415684765664,9.546235727970615e-07,9.546235727970604e-07
0.17465,6619.746281268144,0.0,0.0,2.4460783013766645,9.546378052990267e-07,9.546378052990257e-07
0.17470000000000002,6619.864160642913,0.0,0.0,2.446116063303423,9.54655975701967e-07,9.546559757019659e-07
0.17475000000000002,6619.980221173245,0.0,0.0,2.4461547990360284,9.546676205285162e-07,9.546676205285151e-07
0.1748,6620.094601829063,0.0,0.0,2.4461944547407635,9.546866538370466e-07,9.546866538370455e-07
0.17485,6620.206914917123,0.0,0.0,2.4462349730533726,9.546962752576878e-07,9.54696275257687e-07
0.1749,6620.317144993686,0.0,0.0,2.4462762970095633,9.547153756620358e-07,9.547153756620347e-07
0.17495000000000002,6620.425072452989,0.0,0.0,2.4463183675156053,9.547236264222373e-07,9.547236264222363e-07
0.17500000000000002,6620.53052908277,0.0,0.0,2.4463611247533854,9.547419763487164e-07,9.547419763487156e-07
0.17505,6620.63345268043,0.0,0.0,2.446404508244381,9.547494861243318e-07,9.547494861243308e-07
0.1751,6620.733544624091,0.0,0.0,2.446448455688506,9.54766355926093e-07,9.54766355926092e-07
0.17515,6620.830870829964,0.0,0.0,2.4464929054985354,9.547736331135678e-07,9.547736331135667e-07
0.1752,6620.925040275493,0.0,0.0,2.4465377933496137,9.547884684095445e-07,9.547884684095434e-07
0.17525000000000002,6621.0162054116,0.0,0.0,2.4465830567640685,9.547958295008076e-07,9.547958295008065e-07
0.1753,6621.103929285728,0.0,0.0,2.4466286299154936,9.548083039034313e-07,9.548083039034302e-07
0.17535,6621.188404439824,0.0,0.0,2.446674449614839,9.548158394842071e-07,9.54815839484206e-07
0.1754,6621.269195750638,0.0,0.0,2.4467204490984242,9.5482586760917e-07,9.548258676091692e-07
0.17545,6621.346491449597,0.0,0.0,2.4467665646287675,9.548334476142444e-07,9.548334476142434e-07
0.17550000000000002,6621.41990029208,0.0,0.0,2.446812729080514,9.548411588691767e-07,9.548411588691756e-07
0.17555,6621.4895708113,0.0,0.0,2.4468588783413163,9.548484752197897e-07,9.548484752197887e-07
0.1756,6621.555185872433,0.0,0.0,2.446904945481649,9.548541548818228e-07,9.548541548818217e-07
0.17565,6621.616832313598,0.0,0.0,2.446950866220324,9.548607919706137e-07,9.548607919706126e-07
0.1757,6621.674282869431,0.0,0.0,2.446996574339835,9.548648024654753e-07,9.548648024654742e-07
0.17575000000000002,6621.727555647479,0.0,0.0,2.4470420056459785,9.548703221843782e-07,9.548703221843771e-07
0.1758,6621.776513672703,0.0,0.0,2.447087095088784,9.548730181343772e-07,9.548730181343762e-07
0.17585,6621.8211140316325,0.0,0.0,2.4471317788772162,9.548770448249532e-07,9.548770448249522e-07
0.1759,6621.861296945319,0.0,0.0,2.4471759935151116,9.548786967976697e-07,9.548786967976689e-07
0.17595,6621.896977522729,0.0,0.0,2.4472196759900577,9.548809864517292e-07,9.548809864517282e-07
0.17600000000000002,6621.928150985584,0.0,0.0,2.4472627646773706,9.548817264155132e-07,9.548817264155124e-07
0.17605,6621.954715943126,0.0,0.0,2.447305197770069,9.548822084212466e-07,9.548822084212458e-07
0.1761,6621.976696546322,0.0,0.0,2.447346915771771,9.548820053730329e-07,9.548820053730318e-07
0.17615,6621.99400125617,0.0,0.0,2.447387858542947,9.548807898489644e-07,9.548807898489636e-07
0.1762,6622.00665893523,0.0,0.0,2.4474279689270606,9.548794595163264e-07,9.548794595163253e-07
0.17625000000000002,6622.014609544683,0.0,0.0,2.447467188927764,9.548768093069658e-07,9.548768093069647e-07
0.1763,6622.017869385354,0.0,0.0,2.447505463913405,9.54874055963352e-07,9.54874055963351e-07
0.17635,6622.01642250593,0.0,0.0,2.4475427384970088,9.548703289022448e-07,9.54870328902244e-07
0.1764,6622.010265746973,0.0,0.0,2.447578960749637,9.548658118659327e-07,9.548658118659317e-07
0.17645,6621.999428385139,0.0,0.0,2.4476140783286526,9.548613839870413e-07,9.548613839870405e-07
0.17650000000000002,6621.983892565663,0.0,0.0,2.447648042194804,9.548547974003745e-07,9.548547974003734e-07
0.17655,6621.963722347096,0.0,0.0,2.447680803435481,9.54849981005723e-07,9.548499810057222e-07
0.1766,6621.938900517005,0.0,0.0,2.447712316109541,9.548411324509081e-07,9.54841132450907e-07
0.17665,6621.909506188203,0.0,0.0,2.4477425350587665,9.548361044046158e-07,9.548361044046148e-07
0.1767,6621.875545391217,0.0,0.0,2.4477714176744123,9.548249778501151e-07,9.54824977850114e-07
0.17675000000000002,6621.837087345484,0.0,0.0,2.447798922812208,9.548197307654403e-07,9.548197307654395e-07
0.1768,6621.794186464748,0.0,0.0,2.447825011453442,9.548065219603615e-07,9.548065219603604e-07
0.17685,6621.746877301105,0.0,0.0,2.4478496466648605,9.548008481780083e-07,9.548008481780072e-07
0.1769,6621.695284489275,0.0,0.0,2.4478727932903883,9.547859634663422e-07,9.547859634663411e-07
0.17695,6621.639389090568,0.0,0.0,2.4478944187517317,9.547794763608325e-07,9.547794763608314e-07
0.17700000000000002,6621.579399265315,0.0,0.0,2.4479144920283535,9.547634935087913e-07,9.547634935087902e-07
0.17705,6621.515234293009,0.0,0.0,2.4479329850013385,9.54755683519358e-07,9.54755683519357e-07
0.1771,6621.447186610404,0.0,0.0,2.447949871042604,9.54739278848246e-07,9.547392788482452e-07
0.17715,6621.375119310362,0.0,0.0,2.447965126571922,9.547295976331381e-07,9.547295976331373e-07
0.1772,6621.299395023378,0.0,0.0,2.4479787295781086,9.54713449337232e-07,9.547134493372308e-07
0.17725000000000002,6621.21984101216,0.0,0.0,2.4479906610877524,9.547014095717655e-07,9.547014095717645e-07
0.1773,6621.13686176632,0.0,0.0,2.4480009038845574,9.546860927635552e-07,9.546860927635541e-07
0.17735,6621.050281921797,0.0,0.0,2.448009443669,9.546713680392846e-07,9.546713680392837e-07
0.1774,6620.9605084247105,0.0,0.0,2.448016268142219,9.54657258588624e-07,9.546572585886232e-07
0.17745,6620.867405018051,0.0,0.0,2.4480213677494937,9.546397673129413e-07,9.546397673129402e-07
0.17750000000000002,6620.771335827038,0.0,0.0,2.4480247351734947,9.546269705157958e-07,9.546269705157947e-07
0.17755,6620.672248100735,0.0,0.0,2.4480263656779915,9.54606929766582e-07,9.546069297665809e-07
0.1776,6620.57041864915,0.0,0.0,2.448026256936029,9.545952467008305e-07,9.545952467008294e-07
0.17765,6620.465917778036,0.0,0.0,2.448024409099679,9.545731841927056e-07,9.545731841927047e-07
0.1777,6620.358899142045,0.0,0.0,2.448020824794602,9.545621244658063e-07,9.545621244658052e-07
0.17775000000000002,6620.249583587401,0.0,0.0,2.4480155091159723,9.54538843754742e-07,9.54538843754741e-07
0.1778,6620.13798044017,0.0,0.0,2.4480084695701096,9.545276834685713e-07,9.545276834685704e-07
0.17785,6620.024471332477,0.0,0.0,2.447999716221703,9.545041855419175e-07,9.545041855419164e-07
0.1779,6619.908919715293,0.0,0.0,2.447989261365444,9.544920652431063e-07,9.544920652431053e-07
0.17795,6619.7918565868795,0.0,0.0,2.4479771200201603,9.544694330386007e-07,9.544694330385998e-07
0.17800000000000002,6619.673020319072,0.0,0.0,2.447963309169065,9.54455483874489e-07,9.54455483874488e-07
0.17805,6619.553058019981,0.0,0.0,2.4479478487174533,9.544347466785907e-07,9.544347466785898e-07
0.1781,6619.43162422052,0.0,0.0,2.4479307602388074,9.544182256191085e-07,9.544182256191075e-07
0.17815,6619.3094300074845,0.0,0.0,2.4479120683988644,9.54400222252314e-07,9.54400222252313e-07
0.1782,6619.186104045197,0.0,0.0,2.4478917992691196,9.543806393236565e-07,9.543806393236554e-07
0.17825000000000002,6619.062355500865,0.0,0.0,2.44786998209134,9.543658991035733e-07,9.543658991035722e-07
0.17830000000000001,6618.93785487266,0.0,0.0,2.4478466473467084,9.543431171318118e-07,9.54343117131811e-07
0.17835,6618.81323831999,0.0,0.0,2.4478218286168296,9.543317785935708e-07,9.543317785935698e-07
0.1784,6618.688286289888,0.0,0.0,2.447795560700477,9.543060692409752e-07,9.543060692409743e-07
0.17845,6618.563495218172,0.0,0.0,2.447767881243062,9.542978497305484e-07,9.542978497305473e-07
0.17850000000000002,6618.438814442129,0.0,0.0,2.4477388292527356,9.542698959945087e-07,9.542698959945076e-07
0.17855000000000001,6618.31454763081,0.0,0.0,2.447708446138908,9.542641183894162e-07,9.542641183894153e-07
0.1786,6618.1908541785315,0.0,0.0,2.4476767749799193,9.542349607846141e-07,9.54234960784613e-07
0.17865,6618.067813533888,0.0,0.0,2.4476438606431503,9.542306356255946e-07,9.542306356255937e-07
0.1787,6617.9458111757185,0.0,0.0,2.447609750091836,9.542015656061232e-07,9.542015656061223e-07
0.17875000000000002,6617.824698812212,0.0,0.0,2.4475744913558914,9.541975205882475e-07,9.541975205882466e-07
0.17880000000000001,6617.705074784944,0.0,0.0,2.4475381350399616,9.541699335968478e-07,9.54169933596847e-07
0.17885,6617.586588679616,0.0,0.0,2.4475007320637148,9.541649717720712e-07,9.541649717720703e-07
0.1789,6617.470010225199,0.0,0.0,2.4474623363650077,9.541402004387663e-07,9.541402004387652e-07
0.17895,6617.354839750534,0.0,0.0,2.447423001510247,9.541332674437677e-07,9.541332674437669e-07
0.17900000000000002,6617.241951364828,0.0,0.0,2.447382784396756,9.541124141541581e-07,9.541124141541573e-07
0.17905000000000001,6617.13077137161,0.0,0.0,2.4473417410240295,9.54102753211722e-07,9.541027532117212e-07
0.1791,6617.022193783757,0.0,0.0,2.4472999308180783,9.540865476543153e-07,9.540865476543142e-07
0.17915,6616.915658116709,0.0,0.0,2.447257412018457,9.540738179697412e-07,9.540738179697404e-07
0.1792,6616.811987121585,0.0,0.0,2.4472142461066624,9.540625201979625e-07,9.540625201979616e-07
0.17925000000000002,6616.710722462879,0.0,0.0,2.447170493376542,9.540468646801946e-07,9.540468646801938e-07
0.17930000000000001,6616.612528355279,0.0,0.0,2.447126216869567,9.5404022624415e-07,9.540402262441493e-07
0.17935,6616.517127606103,0.0,0.0,2.4470814787361146,9.540222770235872e-07,9.540222770235864e-07
0.1794,6616.424954719407,0.0,0.0,2.4470363430841813,9.540195692607325e-07,9.540195692607316e-07
0.17945,6616.3359713118025,0.0,0.0,2.4469908736908126,9.540003876563494e-07,9.540003876563486e-07
0.17950000000000002,6616.250336827098,0.0,0.0,2.4469451352622213,9.540004935855546e-07,9.540004935855538e-07
0.17955000000000002,6616.168280004009,0.0,0.0,2.4468991929220847,9.539814518103685e-07,9.539814518103677e-07
0.1796,6616.089672077547,0.0,0.0,2.4468531115521426,9.539830100310392e-07,9.539830100310383e-07
0.17965,6616.015003443657,0.0,0.0,2.446806957278985,9.539656288302777e-07,9.539656288302769e-07
0.1797,6615.9438785768825,0.0,0.0,2.4467607947967873,9.539672108076783e-07,9.539672108076774e-07
0.17975000000000002,6615.877009662482,0.0,0.0,2.4467146908215733,9.53952972941735e-07,9.539529729417342e-07
0.17980000000000002,6615.813789247924,0.0,0.0,2.446668709562676,9.539532717224303e-07,9.539532717224294e-07
0.17985,6615.755080919085,0.0,0.0,2.4466229178453482,9.53943435572601e-07,9.539434355726002e-07
0.1799,6615.700146424694,0.0,0.0,2.44657737915824,9.539414391318919e-07,9.539414391318912e-07
0.17995,6615.6499092720705,0.0,0.0,2.4465321599021372,9.539368794487766e-07,9.53936879448776e-07
0.18000000000000002,6615.603597796662,0.0,0.0,2.446487322658417,9.539320065768664e-07,9.539320065768656e-07
0.18005000000000002,6615.56209288549,0.0,0.0,2.4464429328357444,9.539331009231324e-07,9.539331009231315e-07
0.1801,6615.524691993576,0.0,0.0,2.446399051951332,9.539252833499548e-07,9.53925283349954e-07
0.18015,6615.492133055503,0.0,0.0,2.446355743848182,9.539318621205104e-07,9.539318621205095e-07
0.1802,6615.463875799802,0.0,0.0,2.446313068826165,9.539215583929675e-07,9.539215583929667e-07
0.18025000000000002,6615.440430585147,0.0,0.0,2.446271088612757,9.539329259611442e-07,9.539329259611433e-07
0.18030000000000002,6615.421492014955,0.0,0.0,2.446229862116862,9.539210679489947e-07,9.539210679489939e-07
0.18035,6615.407283561839,0.0,0.0,2.446189448452214,9.539360896747422e-07,9.539360896747414e-07
0.1804,6615.397777527095,0.0,0.0,2.446149904918937,9.539239674472994e-07,9.539239674472985e-07
0.18045,6615.392885077006,0.0,0.0,2.446111287595923,9.539412137267386e-07,9.539412137267377e-07
0.18050000000000002,6615.392862837244,0.0,0.0,2.4460736518957207,9.539303122937118e-07,9.539303122937111e-07
0.18055000000000002,6615.397321423255,0.0,0.0,2.446037050533658,9.539482390247612e-07,9.539482390247603e-07
0.1806,6615.406771766811,0.0,0.0,2.4460015366880383,9.539400497595723e-07,9.539400497595715e-07
0.18065,6615.42057112545,0.0,0.0,2.445967159480586,9.539571909817457e-07,9.539571909817449e-07
0.1807,6615.4394218868665,0.0,0.0,2.445933969443453,9.53953021800137e-07,9.539530218001362e-07
0.18075000000000002,6615.462504618214,0.0,0.0,2.4459020119682893,9.5396816951093e-07,9.539681695109291e-07
0.18080000000000002,6615.490625269559,0.0,0.0,2.445871334478003,9.53968978534639e-07,9.53968978534638e-07
0.18085,6615.522884613824,0.0,0.0,2.4458419785760097,9.53981327171359e-07,9.539813271713582e-07
0.1809,6615.560090122096,0.0,0.0,2.4458139880848107,9.539876015390788e-07,9.53987601539078e-07
0.18095,6615.6013670882285,0.0,0.0,2.445787400815109,9.53996837647903e-07,9.539968376479022e-07
0.18100000000000002,6615.6474222555,0.0,0.0,2.445762256500761,9.540085349918541e-07,9.540085349918533e-07
0.18105000000000002,6615.697503775475,0.0,0.0,2.4457385891799186,9.54014861656037e-07,9.540148616560362e-07
0.1811,6615.752127115897,0.0,0.0,2.445716434044259,9.540314188137892e-07,9.540314188137883e-07
0.18115,6615.8107444873895,0.0,0.0,2.445695821374484,9.54035514550432e-07,9.540355145504312e-07
0.1812,6615.873612711385,0.0,0.0,2.4456767814343223,9.540559229281373e-07,9.540559229281364e-07
0.18125000000000002,6615.940440866028,0.0,0.0,2.4456593407278966,9.540588383135984e-07,9.540588383135977e-07
0.18130000000000002,6616.0111919361825,0.0,0.0,2.445643524299798,9.540817754851764e-07,9.540817754851758e-07
0.18135,6616.085850833792,0.0,0.0,2.4456293548052908,9.540847845575096e-07,9.54084784557509e-07
0.1814,6616.1640863226985,0.0,0.0,2.4456168518898527,9.541087807177516e-07,9.541087807177507e-07
0.18145,6616.246142944682,0.0,0.0,2.445606034222957,9.541132068280149e-07,9.54113206828014e-07
0.18150000000000002,6616.331429908982,0.0,0.0,2.4455969159906914,9.54136825875748e-07,9.541368258757471e-07
0.18155000000000002,6616.420402023435,0.0,0.0,2.4455895116754194,9.54143863787534e-07,9.541438637875334e-07
0.1816,6616.512273509418,0.0,0.0,2.4455838300568074,9.541658735617896e-07,9.541658735617888e-07
0.18165,6616.607634663884,0.0,0.0,2.4455798811778493,9.541764331791497e-07,9.541764331791488e-07
0.1817,6616.705589974798,0.0,0.0,2.4455776685615533,9.541959425202828e-07,9.54195942520282e-07
0.18175,6616.806775151706,0.0,0.0,2.445577197530019,9.542105335661332e-07,9.542105335661324e-07
0.18180000000000002,6616.910279843735,0.0,0.0,2.445578466570442,9.542270800794291e-07,9.542270800794285e-07
0.18185,6617.016691548671,0.0,0.0,2.445581476003435,9.54245752117235e-07,9.54245752117234e-07
0.1819,6617.125177682113,0.0,0.0,2.445586219540577,9.542593311145346e-07,9.54259331114534e-07
0.18195,6617.23619217446,0.0,0.0,2.445592692254301,9.542816752811402e-07,9.542816752811396e-07
0.182,6617.349058775843,0.0,0.0,2.445600883346585,9.542927078351036e-07,9.542927078351027e-07
0.18205000000000002,6617.464031969126,0.0,0.0,2.4456107824619697,9.54317919210522e-07,9.543179192105212e-07
0.1821,6617.58064683976,0.0,0.0,2.445622374534038,9.543271658885112e-07,9.543271658885103e-07
0.18215,6617.698919039184,0.0,0.0,2.445635643692812,9.543541542905391e-07,9.543541542905383e-07
0.1822,6617.8186214293455,0.0,0.0,2.4456505707969893,9.543625895474616e-07,9.543625895474607e-07
0.18225,6617.939521897881,0.0,0.0,2.4456671344876493,9.543901225467946e-07,9.543901225467935e-07
0.18230000000000002,6618.061626046473,0.0,0.0,2.445685311678794,9.543987857176398e-07,9.54398785717639e-07
0.18235,6618.184476103167,0.0,0.0,2.4457050756680454,9.544256438694159e-07,9.54425643869415e-07
0.1824,6618.308276562191,0.0,0.0,2.4457263994905194,9.5443548931622e-07,9.544354893162192e-07
0.18245,6618.432391867921,0.0,0.0,2.4457492513594827,9.544606097194654e-07,9.544606097194644e-07
0.1825,6618.557169058349,0.0,0.0,2.44577360044131,9.544723763061112e-07,9.544723763061102e-07
0.18255000000000002,6618.681861705367,0.0,0.0,2.4457994102231417,9.544949675525715e-07,9.544949675525706e-07
0.1826,6618.806888335145,0.0,0.0,2.4458266459756537,9.545090830826289e-07,9.54509083082628e-07
0.18265,6618.931468088738,0.0,0.0,2.445855266890694,9.545286967526426e-07,9.545286967526415e-07
0.1827,6619.056015894904,0.0,0.0,2.4458852343072524,9.545452306385727e-07,9.545452306385719e-07
0.18275,6619.17979175584,0.0,0.0,2.44591650359398,9.54561781753606e-07,9.54561781753605e-07
0.18280000000000002,6619.303137839024,0.0,0.0,2.4459490321425688,9.545804494653394e-07,9.545804494653386e-07
0.18285,6619.425419889909,0.0,0.0,2.445982771979069,9.545941869941827e-07,9.545941869941819e-07
0.1829,6619.546852647463,0.0,0.0,2.4460176765829296,9.54614403196424e-07,9.546144031964231e-07
0.18295,6619.666954512467,0.0,0.0,2.4460536950954666,9.546258375774568e-07,9.54625837577456e-07
0.183,6619.78577880168,0.0,0.0,2.446090777194673,9.54646807841107e-07,9.546468078411063e-07
0.18305000000000002,6619.903020722773,0.0,0.0,2.446128869547742,9.546566082287053e-07,9.546566082287045e-07
0.1831,6620.018562175608,0.0,0.0,2.4461679182353424,9.546774443114528e-07,9.54677444311452e-07
0.18315,6620.132275102844,0.0,0.0,2.446207867798102,9.546863217919067e-07,9.54686321791906e-07
0.1832,6620.243883216458,0.0,0.0,2.446248661023202,9.547061615076797e-07,9.547061615076789e-07
0.18325,6620.353413542211,0.0,0.0,2.446290240605135,9.547147565932315e-07,9.547147565932304e-07
0.18330000000000002,6620.46046433851,0.0,0.0,2.4463325464371977,9.547328705177336e-07,9.547328705177328e-07
0.18335,6620.565178910966,0.0,0.0,2.446375519585805,9.547416597601394e-07,9.547416597601386e-07
0.1834,6620.667076697947,0.0,0.0,2.4464190975316766,9.547575303294406e-07,9.547575303294395e-07
0.18345,6620.766368493584,0.0,0.0,2.44646321988516,9.547667654750063e-07,9.547667654750055e-07
0.1835,6620.862547221005,0.0,0.0,2.446507822253031,9.547801273237033e-07,9.547801273237023e-07
0.18355000000000002,6620.955840542951,0.0,0.0,2.446552842937712,9.547898143591647e-07,9.547898143591638e-07
0.1836,6621.045765377355,0.0,0.0,2.4465982162409685,9.548006536292899e-07,9.54800653629289e-07
0.18365,6621.132520777398,0.0,0.0,2.4466438793063205,9.548105718769415e-07,9.548105718769407e-07
0.1837,6621.215689522342,0.0,0.0,2.44668976569911,9.548190873216644e-07,9.548190873216636e-07
0.18375,6621.295408155273,0.0,0.0,2.4467358115802553,9.548288442573442e-07,9.548288442573432e-07
0.18380000000000002,6621.371353226765,0.0,0.0,2.4467819503189943,9.548353787846673e-07,9.548353787846665e-07
0.18385,6621.443580174513,0.0,0.0,2.4468281173174957,9.548444893452012e-07,9.548444893452003e-07
0.1839,6621.511871016021,0.0,0.0,2.4468742462394055,9.548494454732187e-07,9.548494454732179e-07
0.18395,6621.57619780173,0.0,0.0,2.4469202720139864,9.548574215188896e-07,9.548574215188888e-07
0.184,6621.636443715886,0.0,0.0,2.4469661290253466,9.548611752417176e-07,9.548611752417168e-07
0.18405000000000002,6621.692509909666,0.0,0.0,2.447011752082996,9.548676096629863e-07,9.548676096629855e-07
0.1841,6621.744363203512,0.0,0.0,2.447057076648566,9.54870437050048e-07,9.548704370500471e-07
0.18415,6621.791857317294,0.0,0.0,2.447102037828184,9.548750682819791e-07,9.548750682819783e-07
0.1842,6621.8350166142,0.0,0.0,2.4471465724532613,9.548770964630988e-07,9.54877096463098e-07
0.18425,6621.873676387201,0.0,0.0,2.4471906163931934,9.548798427996985e-07,9.548798427996977e-07
0.18430000000000002,6621.907889792676,0.0,0.0,2.447234108089378,9.548810328539182e-07,9.548810328539174e-07
0.18435,6621.937502312548,0.0,0.0,2.447276984671871,9.548819916869373e-07,9.548819916869365e-07
0.1844,6621.962570106398,0.0,0.0,2.4473191863973156,9.5488215525244e-07,9.54882155252439e-07
0.18445,6621.982971822886,0.0,0.0,2.4473606521616698,9.548815685664008e-07,9.548815685664e-07
0.1845,6621.998748620784,0.0,0.0,2.4474013242276667,9.548804148089618e-07,9.548804148089608e-07
0.18455000000000002,6622.00982550971,0.0,0.0,2.4474411437453636,9.548786079832466e-07,9.548786079832458e-07
0.18460000000000001,6622.016221524016,0.0,0.0,2.447480055179439,9.5487581221008e-07,9.548758122100789e-07
0.18465,6622.017909577098,0.0,0.0,2.4475180023844483,9.54873117919746e-07,9.54873117919745e-07
0.1847,6622.014891025562,0.0,0.0,2.4475549322426615,9.548683995148808e-07,9.5486839951488e-07
0.18475,6622.007176977393,0.0,0.0,2.4475907917091466,9.548650807079818e-07,9.54865080707981e-07
0.18480000000000002,6621.994765628568,0.0,0.0,2.447625530329353,9.54858276115659e-07,9.548582761156581e-07
0.18485000000000001,6621.977687920728,0.0,0.0,2.4476590984909232,9.548544623277824e-07,9.548544623277816e-07
0.1849,6621.955959898972,0.0,0.0,2.447691448679602,9.548455793555086e-07,9.548455793555076e-07
0.18495,6621.929609670766,0.0,0.0,2.4477225349825593,9.548412279824556e-07,9.548412279824548e-07
0.185,6621.898693725348,0.0,0.0,2.4477523131292647,9.54830470649038e-07,9.54830470649037e-07
0.18505000000000002,6621.863215629352,0.0,0.0,2.4477807411133976,9.54825360889859e-07,9.548253608898581e-07
0.18510000000000001,6621.823291115084,0.0,0.0,2.44780777822641,9.548131186964507e-07,9.548131186964499e-07
0.18515,6621.778883705813,0.0,0.0,2.4478333865268698,9.548068804343425e-07,9.548068804343417e-07
0.1852,6621.730178500729,0.0,0.0,2.4478575291852134,9.547936820964871e-07,9.547936820964863e-07
0.18525,6621.677093966967,0.0,0.0,2.447880172449101,9.547858563723945e-07,9.547858563723937e-07
0.18530000000000002,6621.619882611355,0.0,0.0,2.4479012836660283,9.54772294394947e-07,9.54772294394946e-07
0.18535000000000001,6621.558425651289,0.0,0.0,2.4479208333780567,9.5476241648126e-07,9.547624164812591e-07
0.1854,6621.493027725903,0.0,0.0,2.447938793372066,9.54749054417516e-07,9.547490544175153e-07
0.18545,6621.423553640194,0.0,0.0,2.447955138583911,9.54736747129531e-07,9.5473674712953e-07
0.1855,6621.350332502786,0.0,0.0,2.4479698454533314,9.547240241239038e-07,9.54724024123903e-07
0.18555000000000002,6621.273244249274,0.0,0.0,2.447982893412458,9.547090862569736e-07,9.547090862569727e-07
0.18560000000000001,6621.192606182396,0.0,0.0,2.447994263710277,9.546972358801492e-07,9.54697235880148e-07
0.18565,6621.108350807339,0.0,0.0,2.4480039403841727,9.546797101336904e-07,9.546797101336896e-07
0.1857,6621.0207440727,0.0,0.0,2.4480119095901207,9.546687073869048e-07,9.54668707386904e-07
0.18575,6620.929808656699,0.0,0.0,2.448018160083325,9.546489160412348e-07,9.54648916041234e-07
0.18580000000000002,6620.835722686055,0.0,0.0,2.448022682970191,9.546384627343798e-07,9.546384627343787e-07
0.18585000000000002,6620.738629846483,0.0,0.0,2.448025471831976,9.54617001698233e-07,9.546170016982322e-07
0.1859,6620.638593997466,0.0,0.0,2.448026522723995,9.54606555649384e-07,9.546065556493832e-07
0.18595,6620.535897677031,0.0,0.0,2.4480258341454166,9.54584244914303e-07,9.545842449143021e-07
0.186,6620.430479315307,0.0,0.0,2.4480234070665996,9.545730899007554e-07,9.545730899007546e-07
0.18605000000000002,6620.322760722925,0.0,0.0,2.4480192449664955,9.545508852722385e-07,9.545508852722376e-07
0.18610000000000002,6620.212562645223,0.0,0.0,2.4480133536775432,9.54538233923559e-07,9.54538233923558e-07
0.18615,6620.100426741397,0.0,0.0,2.4480057416775405,9.545171104337484e-07,9.545171104337475e-07
0.1862,6619.986083590412,0.0,0.0,2.4479964196005324,9.545022263097023e-07,9.545022263097015e-07
0.18625,6619.870156163645,0.0,0.0,2.447985400889747,9.544830497658353e-07,9.544830497658342e-07
0.18630000000000002,6619.7523299634095,0.0,0.0,2.4479727009206047,9.544653715250912e-07,9.544653715250903e-07
0.18635000000000002,6619.633255371032,0.0,0.0,2.4479583380111487,9.544487770275067e-07,9.544487770275056e-07
0.1864,6619.5126301627115,0.0,0.0,2.4479423322206166,9.544280261572611e-07,9.5442802615726e-07
0.18645,6619.391069420195,0.0,0.0,2.4479247065953667,9.54414322657451e-07,9.544143226574502e-07
0.1865,6619.268345560115,0.0,0.0,2.4479054858202716,9.54390578548834e-07,9.543905785488331e-07
0.18655000000000002,6619.144974638723,0.0,0.0,2.447884697474746,9.54379694130135e-07,9.54379694130134e-07
0.18660000000000002,6619.020862497386,0.0,0.0,2.447862370801852,9.543534236345372e-07,9.543534236345364e-07
0.18665,6618.896370838529,0.0,0.0,2.447838537682481,9.543449028896118e-07,9.54344902889611e-07
0.1867,6618.771584760219,0.0,0.0,2.447813231828497,9.54316936312897e-07,9.54316936312896e-07
0.18675,6618.646672960779,0.0,0.0,2.4477864891695895,9.543099917518502e-07,9.543099917518494e-07
0.18680000000000002,6618.521925765609,0.0,0.0,2.4477583477612326,9.542814473916795e-07,9.542814473916787e-07
0.18685000000000002,6618.397303026624,0.0,0.0,2.447728847324147,9.5427505930044e-07,9.542750593004392e-07
0.1869,6618.273300797256,0.0,0.0,2.447698030082777,9.542472227778197e-07,9.542472227778186e-07
0.18695,6618.14968141794,0.0,0.0,2.4476659393004696,9.542402768956737e-07,9.542402768956726e-07
0.187,6618.02711965526,0.0,0.0,2.447632621136852,9.542144504078292e-07,9.542144504078284e-07
0.18705000000000002,6617.905218390196,0.0,0.0,2.4475981221682406,9.542058938213933e-07,9.542058938213924e-07
0.18710000000000002,6617.784778860075,0.0,0.0,2.447562492192334,9.541832359498909e-07,9.5418323594989e-07
0.18715,6617.665305715899,0.0,0.0,2.447525780891595,9.541722312823983e-07,9.541722312823975e-07
0.1872,6617.547654229158,0.0,0.0,2.447488041343568,9.54153608227813e-07,9.541536082278122e-07
0.18725,6617.431308307417,0.0,0.0,2.4474493261496244,9.54139664928682e-07,9.541396649286812e-07
0.18730000000000002,6617.317093285731,0.0,0.0,2.4474096912578,9.54125535282982e-07,9.54125535282981e-07
0.18735000000000002,6617.2045563079855,0.0,0.0,2.447369192010875,9.541085990549088e-07,9.54108599054908e-07
0.1874,6617.094407765934,0.0,0.0,2.4473278867826584,9.54098949064168e-07,9.540989490641672e-07
0.18745,6616.9863374221595,0.0,0.0,2.4472858334745853,9.540794358620665e-07,9.540794358620656e-07
0.1875,6616.880865984374,0.0,0.0,2.4472430924266875,9.54073776028844e-07,9.54073776028843e-07
0.18755000000000002,6616.777889892992,0.0,0.0,2.4471997238929872,9.540525444218757e-07,9.540525444218748e-07
0.18760000000000002,6616.677685427522,0.0,0.0,2.447155789727208,9.540499685366315e-07,9.540499685366306e-07
0.18765,6616.580395495894,0.0,0.0,2.4471113522885863,9.540282323485426e-07,9.540282323485418e-07
0.1877,6616.486025537826,0.0,0.0,2.447066474520224,9.540275335455313e-07,9.540275335455304e-07
0.18775,6616.394973503042,0.0,0.0,2.4470212205822834,9.540067232388292e-07,9.540067232388284e-07
0.18780000000000002,6616.306980294441,0.0,0.0,2.4469756541274994,9.540065518357848e-07,9.54006551835784e-07
0.18785000000000002,6616.22267475853,0.0,0.0,2.446929840747036,9.539881438367218e-07,9.53988143836721e-07
0.1879,6616.141571829478,0.0,0.0,2.446883844477586,9.539871855465606e-07,9.5398718554656e-07
0.18795,6616.064475998957,0.0,0.0,2.446837731903492,9.539725199495384e-07,9.539725199495377e-07
0.188,6615.990743859782,0.0,0.0,2.4467915671759557,9.539696731022853e-07,9.539696731022844e-07
0.18805000000000002,6615.92127508242,0.0,0.0,2.446745417374098,9.539597841686005e-07,9.539597841685997e-07
0.18810000000000002,6615.855355910304,0.0,0.0,2.446699346542173,9.539543103552672e-07,9.539543103552663e-07
0.18815,6615.793885864326,0.0,0.0,2.4466534217112166,9.53949794208102e-07,9.539497942081013e-07
0.1882,6615.736178367309,0.0,0.0,2.4466077066304126,9.539414232547567e-07,9.539414232547559e-07
0.18825,6615.683033826553,0.0,0.0,2.446562267717329,9.539423594293825e-07,9.539423594293819e-07
0.1883,6615.633887832593,0.0,0.0,2.446517168250208,9.539313346926847e-07,9.53931334692684e-07
0.18835000000000002,6615.589351860918,0.0,0.0,2.4464724734729786,9.539372739183015e-07,9.53937273918301e-07
0.1884,6615.549063558478,0.0,0.0,2.446428246005202,9.539243306024308e-07,9.539243306024302e-07
0.18845,6615.513376382263,0.0,0.0,2.446384549389992,9.539343506360988e-07,9.53934350636098e-07
0.1885,6615.482184390988,0.0,0.0,2.44634144536586,9.539206297162202e-07,9.539206297162194e-07
0.18855,6615.455543815688,0.0,0.0,2.446298995306595,9.539334522762245e-07,9.53933452276224e-07
0.18860000000000002,6615.433626668387,0.0,0.0,2.4462572597936836,9.53920360561964e-07,9.539203605619632e-07
0.18865,6615.416187566473,0.0,0.0,2.446216297641039,9.539345132316208e-07,9.5393451323162e-07
0.1887,6615.403662392952,0.0,0.0,2.44617616793244,9.53923547878042e-07,9.539235478780414e-07
0.18875,6615.395535716278,0.0,0.0,2.4461369266204094,9.539375503538232e-07,9.539375503538223e-07
0.1888,6615.392458419659,0.0,0.0,2.4460986308832213,9.539301092732083e-07,9.539301092732077e-07
0.18885000000000002,6615.393708859657,0.0,0.0,2.44606133360002,9.539426591871893e-07,9.539426591871887e-07
0.1889,6615.400075991747,0.0,0.0,2.4460250895780367,9.539398641399123e-07,9.539398641399117e-07
0.18895,6615.410719368982,0.0,0.0,2.4459899484901593,9.539499970660528e-07,9.53949997066052e-07
0.189,6615.426470458441,0.0,0.0,2.445955962267085,9.539525515641454e-07,9.539525515641445e-07
0.18905,6615.4464708811975,0.0,0.0,2.445923177303609,9.539597568421585e-07,9.539597568421577e-07
0.18910000000000002,6615.471492078003,0.0,0.0,2.4458916421346975,9.539678574277593e-07,9.539678574277587e-07
0.18915,6615.500758724886,0.0,0.0,2.4458613998394774,9.539721332902317e-07,9.539721332902309e-07
0.1892,6615.534886502804,0.0,0.0,2.445832495056078,9.539854473289598e-07,9.539854473289592e-07
0.18925,6615.573271507326,0.0,0.0,2.445804967516368,9.539872896855036e-07,9.53987289685503e-07
0.1893,6615.6162960932725,0.0,0.0,2.4457788575095156,9.540050001183333e-07,9.540050001183324e-07
0.18935000000000002,6615.663592961058,0.0,0.0,2.4457542013667775,9.540053278004767e-07,9.54005327800476e-07
0.1894,6615.715261602665,0.0,0.0,2.4457310346548358,9.540262392806956e-07,9.54026239280695e-07
0.18945,6615.771204963722,0.0,0.0,2.4457093902055744,9.540262651033763e-07,9.540262651033757e-07
0.1895,6615.83122418915,0.0,0.0,2.445689298589797,9.54048956174147e-07,9.540489561741464e-07
0.18955,6615.895490960916,0.0,0.0,2.445670788981658,9.540500220322547e-07,9.540500220322538e-07
0.18960000000000002,6615.96352810826,0.0,0.0,2.445653886794876,9.540730222258697e-07,9.54073022225869e-07
0.18965,6616.0357401311,0.0,0.0,2.445638617323261,9.54076419881386e-07,9.540764198813854e-07
0.1897,6616.111423877792,0.0,0.0,2.445625000775092,9.54098387670462e-07,9.540983876704614e-07
0.18975,6616.19115177646,0.0,0.0,2.4456130582843962,9.541051893811686e-07,9.54105189381168e-07
0.1898,6616.27407231589,0.0,0.0,2.4456028049076335,9.54125067993866e-07,9.541250679938651e-07
0.18985000000000002,6616.360840324797,0.0,0.0,2.445594257300123,9.541359881646905e-07,9.541359881646899e-07
0.1899,6616.4505488023815,0.0,0.0,2.4455874255012184,9.54153119718837e-07,9.541531197188364e-07
0.18995,6616.54384061614,0.0,0.0,2.445582321356188,9.541684266261445e-07,9.541684266261438e-07
0.19,6616.639848773924,0.0,0.0,2.445578950074067,9.541826099416734e-07,9.541826099416726e-07
0.19005,6616.739113097242,0.0,0.0,2.4455773183775715,9.542020974747819e-07,9.542020974747812e-07
0.19010000000000002,6616.840893486497,0.0,0.0,2.4455774268533497,9.542135857120582e-07,9.542135857120576e-07
0.19015,6616.945549877109,0.0,0.0,2.445579276840479,9.54236606864927e-07,9.542366068649264e-07
0.1902,6617.052536349527,0.0,0.0,2.4455828645000053,9.542460458892946e-07,9.54246045889294e-07
0.19025,6617.16198041496,0.0,0.0,2.4455881856083512,9.54271603206608e-07,9.542716032066071e-07
0.1903,6617.273570177409,0.0,0.0,2.445595232060459,9.542799211839508e-07,9.542799211839502e-07
0.19035000000000002,6617.387177767271,0.0,0.0,2.4456039939947116,9.543067983728203e-07,9.543067983728197e-07
0.1904,6617.502734308508,0.0,0.0,2.445614459144358,9.543150635560592e-07,9.543150635560583e-07
0.19045,6617.619865178802,0.0,0.0,2.4456266120515306,9.543419798805766e-07,9.54341979880576e-07
0.1905,6617.738722430073,0.0,0.0,2.4456404363287327,9.543512453472244e-07,9.543512453472236e-07
0.19055,6617.85872274613,0.0,0.0,2.445655911081724,9.543770109593264e-07,9.543770109593255e-07
0.19060000000000002,6617.980190399192,0.0,0.0,2.4456730157845468,9.543881682987663e-07,9.543881682987657e-07
0.19065000000000001,6618.102394665715,0.0,0.0,2.4456917243736496,9.54411819196931e-07,9.544118191969302e-07
0.1907,6618.225764218127,0.0,0.0,2.4457120121227667,9.5442548013386e-07,9.544254801338594e-07
0.19075,6618.349496654486,0.0,0.0,2.445733848152555,9.544463757894657e-07,9.544463757894649e-07
0.1908,6618.474047944003,0.0,0.0,2.4457572034544515,9.5446279700417e-07,9.54462797004169e-07
0.19085000000000002,6618.598623901206,0.0,0.0,2.445782042744512,9.54480669486588e-07,9.544806694865872e-07
0.19090000000000001,6618.723631601969,0.0,0.0,2.4458083326587206,9.54499728684117e-07,9.544997286841161e-07
0.19095,6618.848359006034,0.0,0.0,2.4458360339452225,9.5451467963366e-07,9.545146796336593e-07
0.191,6618.973099088967,0.0,0.0,2.445865108851324,9.545359045812725e-07,9.545359045812718e-07
0.19105,6619.097280467228,0.0,0.0,2.4458955145867622,9.5454835268267e-07,9.545483526826694e-07
0.19110000000000002,6619.221035676956,0.0,0.0,2.4459272090447914,9.545709964076318e-07,9.545709964076312e-07
0.19115000000000001,6619.343971111183,0.0,0.0,2.4459601462921685,9.545815865390698e-07,9.545815865390692e-07
0.1912,6619.466035877319,0.0,0.0,2.4459942799917505,9.54604735185581e-07,9.546047351855803e-07
0.19125,6619.587026437745,0.0,0.0,2.4460295614080545,9.546142231699052e-07,9.546142231699046e-07
0.1913,6619.706710844779,0.0,0.0,2.4460659401993756,9.546369204152802e-07,9.546369204152795e-07
0.19135000000000002,6619.825063225096,0.0,0.0,2.4461033651042805,9.54646050867224e-07,9.546460508672231e-07
0.19140000000000001,6619.9416958736965,0.0,0.0,2.4461417821048643,9.546674189520495e-07,9.546674189520486e-07
0.19145,6620.056727531304,0.0,0.0,2.446181137627179,9.546768144520398e-07,9.546768144520391e-07
0.1915,6620.169657965295,0.0,0.0,2.4462213743989025,9.546961550232964e-07,9.546961550232958e-07
0.19155,6620.280702684865,0.0,0.0,2.4462624366946693,9.547062309378157e-07,9.547062309378149e-07
0.19160000000000002,6620.389303104278,0.0,0.0,2.44630426448362,9.547230924457412e-07,9.547230924457403e-07
0.19165000000000001,6620.4957168261135,0.0,0.0,2.4463468000180906,9.547340089120172e-07,9.547340089120163e-07
0.1917,6620.599383677264,0.0,0.0,2.446389981051888,9.54748212662487e-07,9.547482126624864e-07
0.19175,6620.700550022258,0.0,0.0,2.4464337479367484,9.547598685388598e-07,9.547598685388591e-07
0.1918,6620.79870562926,0.0,0.0,2.4464780367721515,9.547714928599575e-07,9.547714928599566e-07
0.19185000000000002,6620.894040989947,0.0,0.0,2.4465227861499717,9.547835602359978e-07,9.54783560235997e-07
0.19190000000000002,6620.986135535441,0.0,0.0,2.446567931064232,9.547928881484535e-07,9.547928881484529e-07
0.19195,6621.075093355786,0.0,0.0,2.446613408530775,9.54804879669241e-07,9.5480487966924e-07
0.192,6621.160607274142,0.0,0.0,2.4466591529494606,9.548123209041814e-07,9.548123209041805e-07
0.19205,6621.242681580081,0.0,0.0,2.4467051000055235,9.548236775805735e-07,9.548236775805727e-07
0.19210000000000002,6621.321128459256,0.0,0.0,2.4467511839592784,9.548296785438485e-07,9.548296785438477e-07
0.19215000000000002,6621.395856321853,0.0,0.0,2.446797339482662,9.548398626960647e-07,9.548398626960639e-07
0.1922,6621.4667863727045,0.0,0.0,2.4468435010851053,9.54844819780229e-07,9.54844819780228e-07
0.19225,6621.533749638747,0.0,0.0,2.44688960281483,9.548533972904135e-07,9.548533972904129e-07
0.1923,6621.596753283253,0.0,0.0,2.4469355797525547,9.548575869544315e-07,9.548575869544308e-07
0.19235000000000002,6621.655579663957,0.0,0.0,2.44698136577664,9.548642860544217e-07,9.548642860544208e-07
0.19240000000000002,6621.71029134681,0.0,0.0,2.4470268968034024,9.548678221710334e-07,9.548678221710326e-07
0.19245,6621.760654958798,0.0,0.0,2.4470721070421027,9.548725596323353e-07,9.548725596323347e-07
0.1925,6621.806756689559,0.0,0.0,2.447116933467282,9.548753841915322e-07,9.548753841915313e-07
0.19255,6621.848378548653,0.0,0.0,2.447161311144672,9.548782562191089e-07,9.548782562191082e-07
0.19260000000000002,6621.885602948112,0.0,0.0,2.4472051783072457,9.548801634185278e-07,9.548801634185271e-07
0.19265000000000002,6621.918251420554,0.0,0.0,2.447248471402775,9.548814045454924e-07,9.548814045454916e-07
0.1927,6621.946384140162,0.0,0.0,2.4472911301217577,9.548820933093162e-07,9.548820933093156e-07
0.19275,6621.969875633496,0.0,0.0,2.447333092795025,9.548820118178893e-07,9.548820118178885e-07
0.1928,6621.988756888189,0.0,0.0,2.447374300786991,9.54881156814068e-07,9.54881156814067e-07
0.19285000000000002,6622.002956841829,0.0,0.0,2.447414694768042,9.54880059155287e-07,9.548800591552863e-07
0.19290000000000002,6622.012482085384,0.0,0.0,2.4474542180236747,9.54877387268984e-07,9.548773872689831e-07
0.19295,6622.017306233496,0.0,0.0,2.447492813961479,9.548755053956444e-07,9.548755053956435e-07
0.193,6622.01742599771,0.0,0.0,2.4475304280726733,9.548708635859266e-07,9.548708635859258e-07
0.19305,6622.012841798916,0.0,0.0,2.4475670068344733,9.548682983508035e-07,9.548682983508027e-07
0.19310000000000002,6622.003560857843,0.0,0.0,2.4476024982647835,9.548617001116162e-07,9.548617001116154e-07
0.19315000000000002,6621.989588910945,0.0,0.0,2.447636852178784,9.54858391105819e-07,9.548583911058185e-07
0.1932,6621.970964970758,0.0,0.0,2.447670019470056,9.54850032235122e-07,9.54850032235121e-07
0.19325,6621.947680163823,0.0,0.0,2.4477019535043443,9.548457598461942e-07,9.548457598461936e-07
0.1933,6621.919822333865,0.0,0.0,2.4477326084134696,9.548359997296174e-07,9.548359997296166e-07
0.19335000000000002,6621.887354525551,0.0,0.0,2.4477619412836553,9.548304199472544e-07,9.548304199472537e-07
0.19340000000000002,6621.8504217618965,0.0,0.0,2.447789909843626,9.54819730209625e-07,9.548197302096243e-07
0.19345,6621.8089557440035,0.0,0.0,2.4478164750427713,9.548124374562637e-07,9.54812437456263e-07
0.1935,6621.763155534145,0.0,0.0,2.4478415985426287,9.54801326143222e-07,9.548013261432213e-07
0.19355,6621.712930149304,0.0,0.0,2.447865245286717,9.54791934100268e-07,9.547919341002674e-07
0.19360000000000002,6621.658517419886,0.0,0.0,2.4478873811659065,9.547808579337578e-07,9.547808579337571e-07
0.19365000000000002,6621.599823850429,0.0,0.0,2.4479079752491213,9.54769085684313e-07,9.547690856843121e-07
0.1937,6621.537100210626,0.0,0.0,2.4479269979013476,9.547583650991946e-07,9.54758365099194e-07
0.19375,6621.470279363601,0.0,0.0,2.4479444224561493,9.547441138102507e-07,9.547441138102499e-07
0.1938,6621.39959256151,0.0,0.0,2.4479602239388,9.547338661328353e-07,9.547338661328346e-07
0.19385000000000002,6621.32503184995,0.0,0.0,2.4479743800961793,9.54717272389933e-07,9.547172723899322e-07
0.19390000000000002,6621.246775223803,0.0,0.0,2.447986870741285,9.547073752541428e-07,9.547073752541422e-07
0.19395,6621.164904862559,0.0,0.0,2.447997678187863,9.546888303761797e-07,9.546888303761788e-07
0.194,6621.079516630375,0.0,0.0,2.4480067871109346,9.546789233733304e-07,9.546789233733296e-07
0.19405,6620.990805788439,0.0,0.0,2.4480141845400203,9.546590526234201e-07,9.546590526234193e-07
0.19410000000000002,6620.898767856306,0.0,0.0,2.4480198600435683,9.546485790322547e-07,9.546485790322538e-07
0.19415000000000002,6620.80372085431,0.0,0.0,2.448023805498237,9.54628181098028e-07,9.546281810980273e-07
0.1942,6620.705557015635,0.0,0.0,2.4480260153671223,9.546164656382392e-07,9.546164656382385e-07
0.19425,6620.604709896232,0.0,0.0,2.4480264864739776,9.545964189369953e-07,9.545964189369945e-07
0.1943,6620.500983063823,0.0,0.0,2.4480252181603834,9.545827713009212e-07,9.545827713009205e-07
0.19435000000000002,6620.394900649441,0.0,0.0,2.4480222122533033,9.545639202451435e-07,9.54563920245143e-07
0.19440000000000002,6620.286209345648,0.0,0.0,2.4480174729497506,9.545477500430434e-07,9.545477500430427e-07
0.19445,6620.175482689981,0.0,0.0,2.448011007083376,9.54530787139499e-07,9.545307871394984e-07
0.1945,6620.062456556399,0.0,0.0,2.4480028236830056,9.545117140271384e-07,9.545117140271377e-07
0.19455,6619.947701094271,0.0,0.0,2.44799293453622,9.544970763932837e-07,9.544970763932828e-07
0.19460000000000002,6619.830995648164,0.0,0.0,2.4479813534803805,9.54475017567026e-07,9.544750175670253e-07
0.19465000000000002,6619.712849421056,0.0,0.0,2.447968097150297,9.544628147174955e-07,9.544628147174946e-07
0.1947,6619.593140527297,0.0,0.0,2.4479531841643936,9.544380361895237e-07,9.54438036189523e-07
0.19475,6619.472262575365,0.0,0.0,2.4479366358518795,9.544280209696864e-07,9.544280209696856e-07
0.1948,6619.350240506727,0.0,0.0,2.4479184755711616,9.544011422503211e-07,9.544011422503203e-07
0.19485000000000002,6619.227309091956,0.0,0.0,2.4478987291592014,9.543927324119412e-07,9.543927324119405e-07
0.19490000000000002,6619.103672944334,0.0,0.0,2.4478774246471913,9.543646806495924e-07,9.543646806495918e-07
0.19495,6618.979383123158,0.0,0.0,2.447854592173841,9.543570296134539e-07,9.543570296134532e-07
0.195,6618.854835626391,0.0,0.0,2.447830264336531,9.543289472536e-07,9.543289472535993e-07
0.19505,6618.72989622577,0.0,0.0,2.4478044753648946,9.543210562953903e-07,9.543210562953897e-07
0.1951,6618.605139281039,0.0,0.0,2.447777262264663,9.542941723136046e-07,9.542941723136037e-07
0.19515000000000002,6618.480268887304,0.0,0.0,2.447748663152674,9.542850299351681e-07,9.542850299351675e-07
0.1952,6618.355999935143,0.0,0.0,2.4477187192262146,9.542605114562333e-07,9.542605114562326e-07
0.19525,6618.231922086865,0.0,0.0,2.4476874723000033,9.5424924153319e-07,9.542492415331891e-07
0.1953,6618.108831347896,0.0,0.0,2.447654967484963,9.542280456623921e-07,9.542280456623913e-07
0.19535,6617.986268733336,0.0,0.0,2.4476212501200134,9.542140439696417e-07,9.54214043969641e-07
0.19540000000000002,6617.865037264263,0.0,0.0,2.447586368895345,9.541967915966676e-07,9.54196791596667e-07
0.19545,6617.744705533917,0.0,0.0,2.4475503725108023,9.541798311830012e-07,9.541798311830003e-07
0.1955,6617.626003567743,0.0,0.0,2.4475133128559015,9.541667206853558e-07,9.54166720685355e-07
0.19555,6617.508604767012,0.0,0.0,2.4474752418277044,9.541470112191205e-07,9.541470112191197e-07
0.1956,6617.393090608407,0.0,0.0,2.447436214106032,9.541377860791056e-07,9.541377860791048e-07
0.19565000000000002,6617.2793065905125,0.0,0.0,2.4473962846055564,9.541159759394e-07,9.54115975939399e-07
0.1957,6617.167625082281,0.0,0.0,2.447355510377987,9.54109952920422e-07,9.541099529204211e-07
0.19575,6617.058111726517,0.0,0.0,2.4473139491434894,9.540870726273243e-07,9.540870726273234e-07
0.1958,6616.9508923516905,0.0,0.0,2.4472716599177318,9.5408322712779e-07,9.540832271277893e-07
0.19585,6616.846274226177,0.0,0.0,2.447228702965771,9.540605792357224e-07,9.540605792357216e-07
0.19590000000000002,6616.744128650101,0.0,0.0,2.44718513888802,9.540576788927453e-07,9.540576788927447e-07
0.19595,6616.644994995996,0.0,0.0,2.4471410301732877,9.54036686788983e-07,9.540366867889822e-07
0.196,6616.548513470323,0.0,0.0,2.447096438668714,9.540334553690834e-07,9.540334553690828e-07
0.19605,6616.455415324697,0.0,0.0,2.4470514286998535,9.540154911082007e-07,9.540154911081998e-07
0.1961,6616.365162461565,0.0,0.0,2.447006063069605,9.540107813776176e-07,9.54010781377617e-07
0.19615000000000002,6616.27861089939,0.0,0.0,2.4469604074892666,9.539969944148253e-07,9.539969944148244e-07
0.1962,6616.1951205379655,0.0,0.0,2.446914525471315,9.539899473105216e-07,9.539899473105207e-07
0.19625,6616.115586011989,0.0,0.0,2.4468684836084633,9.53981117857637e-07,9.539811178576362e-07
0.1963,6616.039355711035,0.0,0.0,2.446822345910974,9.539712863877458e-07,9.539712863877451e-07
0.19635,6615.967268072153,0.0,0.0,2.446776179313155,9.539677234316785e-07,9.539677234316779e-07
0.19640000000000002,6615.898753311927,0.0,0.0,2.446730048128856,9.539551445423868e-07,9.539551445423861e-07
0.19645,6615.83450235473,0.0,0.0,2.4466840190823564,9.53956643669595e-07,9.539566436695942e-07
0.1965,6615.774111169675,0.0,0.0,2.446638156593257,9.539418474077396e-07,9.539418474077387e-07
0.19655,6615.718046902603,0.0,0.0,2.4465925266384803,9.539477143512537e-07,9.539477143512529e-07
0.1966,6615.666135168786,0.0,0.0,2.446547193520031,9.53931669100053e-07,9.539316691000523e-07
0.19665000000000002,6615.618568081027,0.0,0.0,2.446502221970194,9.539408066819218e-07,9.53940806681921e-07
0.1967,6615.575435642056,0.0,0.0,2.446457675904222,9.53924805432808e-07,9.539248054328073e-07
0.19675,6615.536636050072,0.0,0.0,2.4464136183743954,9.539358533658956e-07,9.53935853365895e-07
0.1968,6615.5025245440775,0.0,0.0,2.446370112580375,9.539213561309151e-07,9.539213561309145e-07
0.19685,6615.472721132854,0.0,0.0,2.446327219535133,9.539328638906295e-07,9.539328638906289e-07
0.19690000000000002,6615.4478128201545,0.0,0.0,2.4462850013279556,9.539213163953957e-07,9.539213163953949e-07
0.19695000000000001,6615.427190592043,0.0,0.0,2.446243516655461,9.539319277916922e-07,9.539319277916914e-07
0.197,6615.411608798436,0.0,0.0,2.446202826038987,9.539245792588194e-07,9.539245792588185e-07
0.19705,6615.400305934221,0.0,0.0,2.4461629856592326,9.53933203715531e-07,9.539332037155302e-07
0.1971,6615.3941167024395,0.0,0.0,2.4461240539629916,9.539309491049434e-07,9.539309491049425e-07
0.19715000000000002,6615.392221266021,0.0,0.0,2.4460860844791577,9.539368973072025e-07,9.539368973072017e-07
0.19720000000000001,6615.39543573963,0.0,0.0,2.4460491330457113,9.539401640551546e-07,9.53940164055154e-07
0.19725,6615.4029821294735,0.0,0.0,2.446013250446266,9.53943231108911e-07,9.539432311089101e-07
0.1973,6615.415559609037,0.0,0.0,2.445978489376305,9.53951925914966e-07,9.539519259149653e-07
0.19735,6615.432525398499,0.0,0.0,2.4459448977966094,9.539524110619593e-07,9.539524110619585e-07
0.19740000000000002,6615.454376346945,0.0,0.0,2.4459125247577185,9.539659334228453e-07,9.539659334228444e-07
0.19745000000000001,6615.48067978793,0.0,0.0,2.4458814153089334,9.539645945807853e-07,9.539645945807844e-07
0.1975,6615.511668689279,0.0,0.0,2.445851614414373,9.539819150486718e-07,9.53981915048671e-07
0.19755,6615.547167357525,0.0,0.0,2.445823164087489,9.539798640775852e-07,9.539798640775843e-07
0.1976,6615.587114714432,0.0,0.0,2.4457961048501264,9.539996559093051e-07,9.539996559093043e-07
0.19765000000000002,6615.631605535852,0.0,0.0,2.4457704755021905,9.539982094583753e-07,9.539982094583745e-07
0.19770000000000001,6615.680289350429,0.0,0.0,2.445746311869534,9.540190153775875e-07,9.54019015377587e-07
0.19775,6615.7335098168705,0.0,0.0,2.445723649298276,9.540195201292475e-07,9.540195201292466e-07
0.1978,6615.790666054517,0.0,0.0,2.445702518773196,9.540399323979906e-07,9.540399323979898e-07
0.19785,6615.852297217096,0.0,0.0,2.4456829518861833,9.540435884328976e-07,9.540435884328968e-07
0.19790000000000002,6615.917619465325,0.0,0.0,2.44566497473879,9.540624170789249e-07,9.540624170789238e-07
0.19795000000000001,6615.987289758688,0.0,0.0,2.4456486148209002,9.540701228082415e-07,9.540701228082407e-07
0.198,6616.060428697505,0.0,0.0,2.445633893396558,9.540865315363572e-07,9.540865315363564e-07
0.19805,6616.137718795115,0.0,0.0,2.445620833480393,9.540987693928346e-07,9.540987693928337e-07
0.1981,6616.218281134148,0.0,0.0,2.4456094516079236,9.541123618688535e-07,9.541123618688527e-07
0.19815000000000002,6616.30272937177,0.0,0.0,2.445599765949546,9.541291404835139e-07,9.54129140483513e-07
0.19820000000000002,6616.390277303241,0.0,0.0,2.4455917884548297,9.541399868847266e-07,9.541399868847258e-07
0.19825,6616.481384938363,0.0,0.0,2.445585532116855,9.541608454426548e-07,9.54160845442654e-07
0.1983,6616.575436102169,0.0,0.0,2.4455810044448594,9.541694482990073e-07,9.541694482990065e-07
0.19835,6616.672672465113,0.0,0.0,2.4455782129888077,9.541935213032768e-07,9.541935213032757e-07
0.19840000000000002,6616.772700852188,0.0,0.0,2.4455771609376686,9.54200726212827e-07,9.542007262128261e-07
0.19845000000000002,6616.87550770825,0.0,0.0,2.44557785022583,9.542268583381291e-07,9.54226858338128e-07
0.1985,6616.9809457535885,0.0,0.0,2.445580279795229,9.542337232888841e-07,9.542337232888833e-07
0.19855,6617.088740970572,0.0,0.0,2.44558444590305,9.54260617264249e-07,9.542606172642481e-07
0.1986,6617.198982863686,0.0,0.0,2.4455903432582655,9.542682585942349e-07,9.54268258594234e-07
0.19865000000000002,6617.311163045641,0.0,0.0,2.445597962496902,9.542946351591628e-07,9.54294635159162e-07
0.19870000000000002,6617.425569325484,0.0,0.0,2.4456072940491236,9.543040717131352e-07,9.543040717131342e-07
0.19875,6617.54151183242,0.0,0.0,2.4456183230984605,9.54328819532947e-07,9.543288195329459e-07
0.1988,6617.659414753234,0.0,0.0,2.445631035700395,9.543408352513406e-07,9.543408352513396e-07
0.19885,6617.778479089552,0.0,0.0,2.4456454118516873,9.54363131882361e-07,9.5436313188236e-07
0.19890000000000002,6617.899188968113,0.0,0.0,2.44566143310743,9.543781749017063e-07,9.543781749017053e-07
0.19895000000000002,6618.020717792117,0.0,0.0,2.445679074614976,9.5439756313323e-07,9.54397563133229e-07
0.199,6618.143529424964,0.0,0.0,2.4456983133007486,9.544156941058568e-07,9.54415694105856e-07
0.19905,6618.2668499190595,0.0,0.0,2.4457191198417183,9.54432106493459e-07,9.54432106493458e-07
0.1991,6618.391048985353,0.0,0.0,2.4457414664347907,9.544530004545224e-07,9.544530004545216e-07
0.19915000000000002,6618.5154743373505,0.0,0.0,2.4457653196748055,9.544667312762742e-07,9.544667312762732e-07
0.19920000000000002,6618.640343499113,0.0,0.0,2.44579064698623,9.544897315047171e-07,9.54489731504716e-07
0.19925,6618.765175270652,0.0,0.0,2.445817411249273,9.545013623143248e-07,9.545013623143238e-07
0.1993,6618.889999343764,0.0,0.0,2.445845575155618,9.545255757650012e-07,9.545255757650002e-07
0.19935,6619.014530665533,0.0,0.0,2.445875098194491,9.545358677598255e-07,9.545358677598247e-07
0.19940000000000002,6619.138601120169,0.0,0.0,2.4459059384642576,9.545602867528495e-07,9.545602867528487e-07
0.19945000000000002,6619.262120745203,0.0,0.0,2.4459380523279486,9.5457005583399e-07,9.54570055833989e-07
0.1995,6619.3847391873505,0.0,0.0,2.4459713935368206,9.54593687652315e-07,9.54593687652314e-07
0.19955,6619.506536466091,0.0,0.0,2.446005915530045,9.546036806043188e-07,9.54603680604318e-07
0.1996,6619.6270173794155,0.0,0.0,2.4460415680601777,9.546256659910575e-07,9.546256659910565e-07
0.19965000000000002,6619.746387814682,0.0,0.0,2.4460783017891177,9.546364547942624e-07,9.546364547942613e-07
0.19970000000000002,6619.864060626035,0.0,0.0,2.4461160629066563,9.54656159360737e-07,9.54656159360736e-07
0.19975,6619.980311882175,0.0,0.0,2.4461547994046935,9.546680677930166e-07,9.546680677930156e-07
0.1998,6620.094522740607,0.0,0.0,2.4461944544101843,9.546851348675195e-07,9.546851348675185e-07
0.19985,6620.206980549763,0.0,0.0,2.446234973335991,9.546982060045246e-07,9.546982060045236e-07
0.19990000000000002,6620.317094056311,0.0,0.0,2.446276296781715,9.547125663937157e-07,9.547125663937149e-07
0.19995000000000002,6620.425107992898,0.0,0.0,2.4463183676824163,9.547265735464426e-07,9.547265735464416e-07
0.2,6620.530509048375,0.0,0.0,2.4463611246505232,9.547384134506896e-07,9.547384134506885e-07
0.20005,6620.633457605535,0.0,0.0,2.4464045082811525,9.547529107452878e-07,9.547529107452867e-07
0.2001,6620.733553869537,0.0,0.0,2.446448455716503,9.547626059347836e-07,9.547626059347825e-07
0.20015000000000002,6620.830848745624,0.0,0.0,2.446492905407778,9.547770080935253e-07,9.547770080935245e-07
0.20020000000000002,6620.925073469194,0.0,0.0,2.4465377934979133,9.547850365688568e-07,9.547850365688558e-07
0.20025,6621.016163066425,0.0,0.0,2.446583056563808,9.547987143113748e-07,9.54798714311374e-07
0.2003,6621.103978574562,0.0,0.0,2.446628630159318,9.548055618760094e-07,9.548055618760086e-07
0.20035,6621.188350468832,0.0,0.0,2.446674449335687,9.548179367248872e-07,9.548179367248863e-07
0.20040000000000002,6621.2692521011695,0.0,0.0,2.4467204494025396,9.548240108208164e-07,9.548240108208156e-07
0.20045000000000002,6621.346434861143,0.0,0.0,2.446766564309175,9.548346341548112e-07,9.548346341548103e-07
0.2005,6621.419955110595,0.0,0.0,2.4468127294046322,9.548401986295647e-07,9.548401986295639e-07
0.20055,6621.489519491859,0.0,0.0,2.4468588780221445,9.5484880325183e-07,9.54848803251829e-07
0.2006,6621.555232213142,0.0,0.0,2.4469049457856027,9.548539434041587e-07,9.548539434041578e-07
0.20065000000000002,6621.616792040733,0.0,0.0,2.446950865939676,9.548604606609696e-07,9.548604606609687e-07
0.20070000000000002,6621.674316336474,0.0,0.0,2.4469965745889244,9.54865082688853e-07,9.548650826888522e-07
0.20075,6621.727529301796,0.0,0.0,2.44704200543408,9.548696244722013e-07,9.548696244722004e-07
0.2008,6621.77653291427,0.0,0.0,2.447087095257999,9.548734878898577e-07,9.548734878898568e-07
0.20085,6621.821101503156,0.0,0.0,2.4471317787533104,9.548762985776245e-07,9.548762985776237e-07
0.20090000000000002,6621.861303426014,0.0,0.0,2.4471759935914434,9.548790747978532e-07,9.548790747978524e-07
0.20095000000000002,6621.896976128037,0.0,0.0,2.447219675960619,9.548804631362198e-07,9.548804631362187e-07
0.201,6621.92814841068,0.0,0.0,2.4472627646608585,9.548818091632105e-07,9.548818091632096e-07
0.20105,6621.954721209756,0.0,0.0,2.447305197828888,9.548820728873559e-07,9.54882072887355e-07
0.2011,6621.976689867447,0.0,0.0,2.447346915674263,9.548817066182916e-07,9.548817066182905e-07
0.20115000000000002,6621.994008047143,0.0,0.0,2.447387858673169,9.548810635207366e-07,9.548810635207357e-07
0.20120000000000002,6622.006653183708,0.0,0.0,2.447427968769638,9.548788268182211e-07,9.548788268182203e-07
0.20125,6622.014613220151,0.0,0.0,2.447467189105046,9.54877364429386e-07,9.548773644293851e-07
0.2013,6622.017868551788,0.0,0.0,2.4475054637226146,9.548732623399706e-07,9.548732623399695e-07
0.20135,6622.01641994713,0.0,0.0,2.4475427386936457,9.548709151131066e-07,9.548709151131058e-07
0.20140000000000002,6622.010271902552,0.0,0.0,2.447578960553319,9.548651236954384e-07,9.548651236954375e-07
0.20145000000000002,6621.9994186983295,0.0,0.0,2.4476140785177036,9.548616818790126e-07,9.548616818790118e-07
0.2015,6621.9839053646465,0.0,0.0,2.447648042017993,9.54854522737906e-07,9.548545227379052e-07
0.20155,6621.963707109178,0.0,0.0,2.4476808035946744,9.548496719055884e-07,9.548496719055873e-07
0.2016,6621.938917217212,0.0,0.0,2.447712315971107,9.548415573335508e-07,9.5484155733355e-07
0.20165,6621.909489195209,0.0,0.0,2.447742535173103,9.548349423783367e-07,9.548349423783358e-07
0.20170000000000002,6621.875561307018,0.0,0.0,2.4477714175851117,9.548263004714105e-07,9.548263004714095e-07
0.20175,6621.837073934453,0.0,0.0,2.4477989228754113,9.548176035771525e-07,9.548176035771515e-07
0.2018,6621.794195894367,0.0,0.0,2.447825011415071,9.548087962471027e-07,9.548087962471018e-07
0.20185,6621.746873240162,0.0,0.0,2.4478496466793587,9.547978156622031e-07,9.54797815662202e-07
0.2019,6621.695281878951,0.0,0.0,2.447872793296718,9.547890641212537e-07,9.547890641212526e-07
0.20195000000000002,6621.6393994310765,0.0,0.0,2.447894418727052,9.547757797353236e-07,9.547757797353225e-07
0.202,6621.57938037171,0.0,0.0,2.4479144920671434,9.547671108830796e-07,9.547671108830787e-07
0.20205,6621.5152621765965,0.0,0.0,2.447932984951723,9.54751724243361e-07,9.5475172424336e-07
0.2021,6621.447149626575,0.0,0.0,2.447949871098423,9.547429484422946e-07,9.547429484422938e-07
0.20215,6621.375165052941,0.0,0.0,2.447965126513164,9.547258880930904e-07,9.547258880930896e-07
0.20220000000000002,6621.299341233762,0.0,0.0,2.447978729635582,9.547166138054396e-07,9.547166138054387e-07
0.20225,6621.219901668181,0.0,0.0,2.447990661034084,9.546985027072569e-07,9.54698502707256e-07
0.2023,6621.136795767963,0.0,0.0,2.448000903931258,9.54688187491071e-07,9.5468818749107e-07
0.20235,6621.05035134698,0.0,0.0,2.448009443630479,9.54669774866949e-07,9.546697748669482e-07
0.2024,6620.960437743357,0.0,0.0,2.4480162681708815,9.546578070513549e-07,9.54657807051354e-07
0.20245000000000002,6620.867474511114,0.0,0.0,2.4480213677303215,9.546398733721217e-07,9.546398733721207e-07
0.2025,6620.771270072356,0.0,0.0,2.4480247351831026,9.54625672843888e-07,9.546256728438872e-07
0.20255,6620.67230750292,0.0,0.0,2.448026365676034,9.546089218825274e-07,9.546089218825266e-07
0.2026,6620.570368107758,0.0,0.0,2.4480262569316666,9.54592045661694e-07,9.545920456616932e-07
0.20265,6620.465957069731,0.0,0.0,2.448024409107255,9.545769996931493e-07,9.545769996931485e-07
0.20270000000000002,6620.358873219721,0.0,0.0,2.448020824786074,9.545572362187234e-07,9.545572362187226e-07
0.20275,6620.249594329021,0.0,0.0,2.4480155091217295,9.545441515715049e-07,9.545441515715038e-07
0.2028,6620.137986194019,0.0,0.0,2.4480084695696425,9.54521588236883e-07,9.54521588236882e-07
0.20285,6620.024448262242,0.0,0.0,2.447999716213271,9.545104053316279e-07,9.54510405331627e-07
0.2029,6619.908960316881,0.0,0.0,2.447989261384817,9.544854573378374e-07,9.544854573378366e-07
0.20295000000000002,6619.791798767644,0.0,0.0,2.4479771199870513,9.54475794932315e-07,9.544757949323141e-07
0.203,6619.673094390923,0.0,0.0,2.4479633092168163,9.54449188166759e-07,9.544491881667582e-07
0.20305,6619.552969234935,0.0,0.0,2.447947848653688,9.544403848854362e-07,9.544403848854354e-07
0.2031,6619.431725530107,0.0,0.0,2.4479307603178504,9.544130924753695e-07,9.544130924753684e-07
0.20315,6619.309318837678,0.0,0.0,2.4479120683049325,9.544042919570862e-07,9.544042919570853e-07
0.20320000000000002,6619.186221926439,0.0,0.0,2.4478917993753964,9.54377430376653e-07,9.543774303766523e-07
0.20325000000000001,6619.062234367321,0.0,0.0,2.4478699819748932,9.543676998170765e-07,9.543676998170757e-07
0.2033,6618.937975496039,0.0,0.0,2.447846647469085,9.54342397801951e-07,9.543423978019501e-07
0.20335,6618.813122064437,0.0,0.0,2.4478218284921938,9.543308639718578e-07,9.54330863971857e-07
0.2034,6618.688394289824,0.0,0.0,2.447795560821918,9.543081214459383e-07,9.543081214459373e-07
0.20345000000000002,6618.563399194559,0.0,0.0,2.447767881129356,9.542941063943408e-07,9.5429410639434e-07
0.20350000000000001,6618.438894983983,0.0,0.0,2.4477388293527533,9.542746632017927e-07,9.542746632017916e-07
0.20355,6618.314485662644,0.0,0.0,2.447708446057189,9.54257799826353e-07,9.542577998263522e-07
0.2036,6618.190894971474,0.0,0.0,2.4476767750377864,9.542420341974952e-07,9.542420341974941e-07
0.20365,6618.067795847185,0.0,0.0,2.4476438606128625,9.542223449839154e-07,9.542223449839146e-07
0.20370000000000002,6617.945804477889,0.0,0.0,2.447609750090289,9.54210216717758e-07,9.54210216717757e-07
0.20375000000000001,6617.824730409755,0.0,0.0,2.447574491391323,9.541881431923982e-07,9.541881431923974e-07
0.2038,6617.705018503495,0.0,0.0,2.447538134968425,9.541791919313148e-07,9.541791919313137e-07
0.20385,6617.586668553399,0.0,0.0,2.4475007321710245,9.54155568079267e-07,9.541555680792659e-07
0.2039,6617.469908630246,0.0,0.0,2.447462336222311,9.541489685125073e-07,9.541489685125065e-07
0.20395000000000002,6617.354960398398,0.0,0.0,2.4474230016853107,9.541249398466686e-07,9.541249398466677e-07
0.20400000000000001,6617.241814922177,0.0,0.0,2.447382784192356,9.541196079500054e-07,9.541196079500046e-07
0.20405,6617.130919743705,0.0,0.0,2.4473417412521696,9.54096504653865e-07,9.54096504653864e-07
0.2041,6617.022037787054,0.0,0.0,2.4472999305716656,9.540912417893326e-07,9.540912417893318e-07
0.20415,6616.915817019166,0.0,0.0,2.4472574122753676,9.5407042185223e-07,9.54070421852229e-07
0.20420000000000002,6616.8118301818595,0.0,0.0,2.44721424584646,9.540640779854431e-07,9.540640779854423e-07
0.20425000000000001,6616.710872524522,0.0,0.0,2.4471704936310306,9.540467602487383e-07,9.540467602487375e-07
0.2043,6616.6123899086415,0.0,0.0,2.447126216628709,9.540383949547385e-07,9.540383949547377e-07
0.20435,6616.517249940002,0.0,0.0,2.4470814789541464,9.54025505030256e-07,9.540255050302551e-07
0.2044,6616.424852539446,0.0,0.0,2.44703634289648,9.54014524063755e-07,9.540145240637541e-07
0.20445000000000002,6616.336049844514,0.0,0.0,2.446990873840041,9.540065743074734e-07,9.540065743074726e-07
0.20450000000000002,6616.2502846974985,0.0,0.0,2.446945135157292,9.53992823884802e-07,9.539928238848009e-07
0.20455,6616.168303724755,0.0,0.0,2.4468991929767654,9.539898442759427e-07,9.539898442759418e-07
0.2046,6616.0896778783945,0.0,0.0,2.4468531115508725,9.539736489530861e-07,9.539736489530853e-07
0.20465,6616.014967896087,0.0,0.0,2.4468069572239957,9.53975180088287e-07,9.53975180088286e-07
0.20470000000000002,6615.943943091477,0.0,0.0,2.4467607949077386,9.539573183060136e-07,9.539573183060127e-07
0.20475000000000002,6615.876917839194,0.0,0.0,2.446714690655453,9.539624674820393e-07,9.539624674820384e-07
0.2048,6615.813905830103,0.0,0.0,2.4466687097800017,9.539440871258393e-07,9.539440871258384e-07
0.20485,6615.754942855051,0.0,0.0,2.446622917581219,9.539516413932462e-07,9.539516413932451e-07
0.2049,6615.700301920436,0.0,0.0,2.4465773794616954,9.53934124662241e-07,9.539341246622402e-07
0.20495000000000002,6615.649740969755,0.0,0.0,2.446532159567014,9.53942706041973e-07,9.539427060419722e-07
0.20500000000000002,6615.603773788064,0.0,0.0,2.446487323014935,9.539275012768396e-07,9.539275012768387e-07
0.20505,6615.561914514488,0.0,0.0,2.4464429324676695,9.53935743616088e-07,9.539357436160871e-07
0.2051,6615.5248673199385,0.0,0.0,2.4463990523191206,9.539241853673057e-07,9.539241853673047e-07
0.20515,6615.491966107586,0.0,0.0,2.4463557434914915,9.53930909846965e-07,9.539309098469642e-07
0.20520000000000002,6615.464029195629,0.0,0.0,2.4463130691596118,9.53924051212142e-07,9.53924051212141e-07
0.20525000000000002,6615.440295488877,0.0,0.0,2.4462710883128524,9.539284172501417e-07,9.539284172501408e-07
0.2053,6615.421604615249,0.0,0.0,2.4462298623724275,9.539268965751534e-07,9.539268965751526e-07
0.20535,6615.407196906054,0.0,0.0,2.4461894482492137,9.539285088468358e-07,9.539285088468347e-07
0.2054,6615.3978355512745,0.0,0.0,2.4461499050612354,9.539324690109613e-07,9.539324690109602e-07
0.20545000000000002,6615.392857467311,0.0,0.0,2.4461112875193347,9.53931426130989e-07,9.53931426130988e-07
0.20550000000000002,6615.392859160643,0.0,0.0,2.4460736519022226,9.539404972940576e-07,9.539404972940567e-07
0.20555,6615.397356229714,0.0,0.0,2.446037050598058,9.539373767264018e-07,9.53937376726401e-07
0.2056,6615.406706913731,0.0,0.0,2.4460015365527674,9.539507242699342e-07,9.539507242699332e-07
0.20565,6615.420663976973,0.0,0.0,2.4459671596830868,9.53946505022888e-07,9.53946505022887e-07
0.20570000000000002,6615.439303906341,0.0,0.0,2.445933969178171,9.539629368524886e-07,9.539629368524875e-07
0.20575000000000002,6615.46264401394,0.0,0.0,2.4459020122884283,9.539588702024705e-07,9.539588702024697e-07
0.2058,6615.49046878647,0.0,0.0,2.4458713341113985,9.539769877708114e-07,9.539769877708105e-07
0.20585,6615.523053319377,0.0,0.0,2.445841978977752,9.53974433566695e-07,9.53974433566694e-07
0.2059,6615.559914339003,0.0,0.0,2.4458139876591,9.539928067069348e-07,9.53992806706934e-07
0.20595000000000002,6615.601544559215,0.0,0.0,2.4457874012513074,9.539930559770544e-07,9.539930559770536e-07
0.20600000000000002,6615.6472485013255,0.0,0.0,2.4457622560666965,9.540103982364852e-07,9.540103982364843e-07
0.20605,6615.697668508072,0.0,0.0,2.4457385895977746,9.540145061618485e-07,9.540145061618477e-07
0.2061,6615.751976319054,0.0,0.0,2.4457164336548716,9.54029827397303e-07,9.54029827397302e-07
0.20615,6615.810876913543,0.0,0.0,2.4456958217225657,9.540384781622717e-07,9.540384781622709e-07
0.20620000000000002,6615.873502451496,0.0,0.0,2.445676781137846,9.540511954675363e-07,9.540511954675355e-07
0.20625000000000002,6615.940525821312,0.0,0.0,2.4456593409625653,9.540646166687192e-07,9.540646166687182e-07
0.2063,6616.011134587752,0.0,0.0,2.4456435241338794,9.540746098299326e-07,9.540746098299318e-07
0.20635,6616.085879148739,0.0,0.0,2.445629354896294,9.54092546996241e-07,9.5409254699624e-07
0.2064,6616.164087481648,0.0,0.0,2.445616851876208,9.541001529963748e-07,9.54100152996374e-07
0.20645000000000002,6616.246112753445,0.0,0.0,2.445606034157789,9.541219065421063e-07,9.541219065421055e-07
0.20650000000000002,6616.331487774147,0.0,0.0,2.445596916132326,9.541278548468546e-07,9.541278548468537e-07
0.20655,6616.420318633671,0.0,0.0,2.445589511460691,9.541523733151626e-07,9.541523733151617e-07
0.2066,6616.512379452338,0.0,0.0,2.4455838303375486,9.54157672337933e-07,9.541576723379321e-07
0.20665,6616.607509754071,0.0,0.0,2.445579880838881,9.541836875322096e-07,9.541836875322087e-07
0.20670000000000002,6616.705729696005,0.0,0.0,2.445577668947796,9.5418947802535e-07,9.54189478025349e-07
0.20675000000000002,6616.806625108698,0.0,0.0,2.445577197107558,9.54215663503236e-07,9.54215663503235e-07
0.2068,6616.910435421436,0.0,0.0,2.4455784670155465,9.54223058804996e-07,9.542230588049952e-07
0.20685,6617.01653527057,0.0,0.0,2.4455814755486136,9.542481891954612e-07,9.542481891954604e-07
0.2069,6617.125329873809,0.0,0.0,2.44558621999057,9.542581243413744e-07,9.542581243413736e-07
0.20695000000000002,6617.236048563844,0.0,0.0,2.4455926918221085,9.54281214639138e-07,9.542812146391371e-07
0.20700000000000002,6617.349189642664,0.0,0.0,2.445600883747224,9.542943234147056e-07,9.542943234147048e-07
0.20705,6617.463917507373,0.0,0.0,2.4456107821042963,9.543147307934553e-07,9.543147307934545e-07
0.2071,6617.58074178841,0.0,0.0,2.445622374837357,9.543312669224566e-07,9.543312669224558e-07
0.20715,6617.698845969842,0.0,0.0,2.4456356434520927,9.54348742837654e-07,9.543487428376532e-07
0.20720000000000002,6617.818671002499,0.0,0.0,2.4456505709675525,9.54368554253354e-07,9.543685542533533e-07
0.20725000000000002,6617.93949661928,0.0,0.0,2.4456671343912504,9.543832426965388e-07,9.543832426965378e-07
0.2073,6618.0616269564725,0.0,0.0,2.4456853116979604,9.544058004806929e-07,9.54405800480692e-07
0.20735,6618.184498845219,0.0,0.0,2.4457050757254244,9.544181848476873e-07,9.544181848476865e-07
0.2074,6618.308231585477,0.0,0.0,2.445726399358373,9.544426607936244e-07,9.544426607936236e-07
0.20745000000000002,6618.432456932131,0.0,0.0,2.4457492515609385,9.54453469195863e-07,9.544534691958622e-07
0.20750000000000002,6618.557086579558,0.0,0.0,2.4457736001767514,9.544788490656507e-07,9.544788490656499e-07
0.20755,6618.681958432886,0.0,0.0,2.445799410541421,9.544889325415713e-07,9.544889325415704e-07
0.2076,6618.8067808105725,0.0,0.0,2.4458266456132782,9.545141478452594e-07,9.545141478452585e-07
0.20765,6618.931582681524,0.0,0.0,2.4458552672849283,9.54524349491609e-07,9.545243494916082e-07
0.20770000000000002,6619.055898015256,0.0,0.0,2.4458852338929304,9.545484081508256e-07,9.545484081508246e-07
0.20775000000000002,6619.179909140844,0.0,0.0,2.4459165040148627,9.545594414132236e-07,9.545594414132228e-07
0.2078,6619.303024514065,0.0,0.0,2.4459490317273263,9.545815396415269e-07,9.54581539641526e-07
0.20785,6619.42552582631,0.0,0.0,2.4459827723755083,9.54593891935389e-07,9.54593891935388e-07
0.2079,6619.546757019177,0.0,0.0,2.446017676216376,9.546134924830868e-07,9.54613492483086e-07
0.20795000000000002,6619.667037348102,0.0,0.0,2.446053695420876,9.546273668180067e-07,9.546273668180059e-07
0.20800000000000002,6619.785710664895,0.0,0.0,2.446090776918852,9.54644234891215e-07,9.546442348912139e-07
0.20805,6619.903072801121,0.0,0.0,2.4461288697659387,9.546595353685809e-07,9.5465953536858e-07
0.2081,6620.018526900493,0.0,0.0,2.4461679180795883,9.546737302128858e-07,9.54673730212885e-07
0.20815,6620.132293380908,0.0,0.0,2.4462078678873342,9.546900914881638e-07,9.546900914881628e-07
0.2082,6620.243881508391,0.0,0.0,2.4462486610010834,9.547019175897427e-07,9.547019175897418e-07
0.20825000000000002,6620.353399623569,0.0,0.0,2.4462902405604137,9.54718771461484e-07,9.54718771461483e-07
0.2083,6620.4604924202595,0.0,0.0,2.446332546545119,9.547286995388148e-07,9.547286995388137e-07
0.20835,6620.5651384697,0.0,0.0,2.446375519418894,9.54745366509314e-07,9.547453665093133e-07
0.2084,6620.667127348584,0.0,0.0,2.446419097750357,9.54753937698858e-07,9.54753937698857e-07
0.20845,6620.766309962358,0.0,0.0,2.446463219622131,9.547697282700496e-07,9.547697282700488e-07
0.20850000000000002,6620.862611118178,0.0,0.0,2.4465078225504766,9.547774569074066e-07,9.547774569074058e-07
0.20855,6620.955773771526,0.0,0.0,2.4465528426153074,9.547917663038175e-07,9.547917663038167e-07
0.2086,6621.045832569635,0.0,0.0,2.4465982165771263,9.547990559161881e-07,9.54799055916187e-07
0.20865,6621.132455400737,0.0,0.0,2.446643878966435,9.54811438028292e-07,9.54811438028291e-07
0.2087,6621.215751042096,0.0,0.0,2.446689766031595,9.54818522621095e-07,9.548185226210941e-07
0.20875000000000002,6621.2953521949,0.0,0.0,2.4467358112644653,9.548287327132665e-07,9.548287327132657e-07
0.2088,6621.371402245404,0.0,0.0,2.4467819506083845,9.548356510658e-07,9.548356510657992e-07
0.20885,6621.443539050327,0.0,0.0,2.446828117061751,9.548436527126987e-07,9.548436527126979e-07
0.2089,6621.511903666844,0.0,0.0,2.4468742464543345,9.548502578905222e-07,9.548502578905213e-07
0.20895,6621.576173771082,0.0,0.0,2.4469202718442373,9.548561953398353e-07,9.548561953398345e-07
0.20900000000000002,6621.636459331617,0.0,0.0,2.4469661291459164,9.54862196291569e-07,9.54862196291568e-07
0.20905,6621.692502116198,0.0,0.0,2.4470117520125956,9.548663391340867e-07,9.548663391340857e-07
0.2091,6621.744364034859,0.0,0.0,2.447057076668235,9.548713657730081e-07,9.548713657730073e-07
0.20915,6621.791862313479,0.0,0.0,2.4471020378569137,9.548740370248694e-07,9.548740370248684e-07
0.2092,6621.835007052313,0.0,0.0,2.447146572378682,9.548777167642283e-07,9.548777167642274e-07
0.20925000000000002,6621.873689109141,0.0,0.0,2.447190616508442,9.548792174511948e-07,9.54879217451194e-07
0.2093,6621.907875297909,0.0,0.0,2.447234107938525,9.548812493084587e-07,9.548812493084579e-07
0.20935,6621.937517196775,0.0,0.0,2.4472769848511007,9.548817928844311e-07,9.548817928844303e-07
0.2094,6621.962556041865,0.0,0.0,2.447319186196258,9.548820058623217e-07,9.548820058623208e-07
0.20945,6621.982983996624,0.0,0.0,2.447360652376411,9.548816735960519e-07,9.54881673596051e-07
0.20950000000000002,6621.998739128735,0.0,0.0,2.4474013240061954,9.548800589942871e-07,9.548800589942863e-07
0.20955000000000001,6622.009831755583,0.0,0.0,2.447441143965526,9.548787838026954e-07,9.548787838026945e-07
0.2096,6622.016218747375,0.0,0.0,2.447480054966887,9.548754957474633e-07,9.548754957474622e-07
0.20965,6622.017908930861,0.0,0.0,2.4475180025825334,9.548730771324933e-07,9.548730771324923e-07
0.2097,6622.014894710943,0.0,0.0,2.447554932063738,9.548684012983337e-07,9.548684012983328e-07
0.20975000000000002,6622.007170880155,0.0,0.0,2.4475907918639663,9.54864548865572e-07,9.548645488655712e-07
0.20980000000000001,6621.994773233939,0.0,0.0,2.4476255302011958,9.5485884506338e-07,9.54858845063379e-07
0.20985,6621.977679874686,0.0,0.0,2.447659098589791,9.548532432363659e-07,9.54853243236365e-07
0.2099,6621.955967151856,0.0,0.0,2.447691448610173,9.54846872144006e-07,9.548468721440049e-07
0.20995,6621.9296044783605,0.0,0.0,2.4477225350223035,9.548392550290201e-07,9.54839255029019e-07
0.21000000000000002,6621.898695558141,0.0,0.0,2.4477523131171246,9.548325022302694e-07,9.548325022302686e-07
0.21005000000000001,6621.8632183422105,0.0,0.0,2.447780741099697,9.548227253283626e-07,9.548227253283618e-07
0.2101,6621.823282780433,0.0,0.0,2.4478077782621215,9.548157364815237e-07,9.548157364815226e-07
0.21015,6621.778898476564,0.0,0.0,2.4478333864723334,9.54803832135347e-07,9.548038321353462e-07
0.2102,6621.730156707568,0.0,0.0,2.447857529253719,9.547965711839755e-07,9.547965711839746e-07
0.21025000000000002,6621.6771230052855,0.0,0.0,2.4478801723704144,9.547827767066177e-07,9.547827767066168e-07
0.21030000000000001,6621.61984641066,0.0,0.0,2.447901283749848,9.54775015692929e-07,9.54775015692928e-07
0.21035,6621.558468502987,0.0,0.0,2.4479208332926925,9.547597672213064e-07,9.547597672213056e-07
0.2104,6621.492979071219,0.0,0.0,2.4479387934545076,9.547511109225265e-07,9.547511109225257e-07
0.21045,6621.4236068462615,0.0,0.0,2.447955138507043,9.54735001804705e-07,9.547350018047041e-07
0.21050000000000002,6621.350276273983,0.0,0.0,2.4479698455213885,9.547249450300819e-07,9.54724945030081e-07
0.21055000000000001,6621.27330165302,0.0,0.0,2.4479828933544283,9.547086532416743e-07,9.547086532416732e-07
0.2106,6621.192549645038,0.0,0.0,2.4479942637566086,9.546966632834998e-07,9.54696663283499e-07
0.21065,6621.1084042468565,0.0,0.0,2.448003940349123,9.546808582095394e-07,9.546808582095385e-07
0.2107,6621.020695986788,0.0,0.0,2.4480119096138475,9.546664705341393e-07,9.546664705341384e-07
0.21075000000000002,6620.929849143708,0.0,0.0,2.44801816006897,9.54651713189277e-07,9.54651713189276e-07
0.21080000000000002,6620.835691885005,0.0,0.0,2.448022682976491,9.54634625958535e-07,9.54634625958534e-07
0.21085,6620.738649047732,0.0,0.0,2.448025471830658,9.546212787401933e-07,9.546212787401923e-07
0.2109,6620.6385879791405,0.0,0.0,2.4480265227224876,9.546014308762552e-07,9.546014308762541e-07
0.21095,6620.535889281199,0.0,0.0,2.4480258341461574,9.545895919211057e-07,9.545895919211049e-07
0.21100000000000002,6620.430502855493,0.0,0.0,2.4480234070689457,9.545672114675797e-07,9.545672114675788e-07
0.21105000000000002,6620.322721770545,0.0,0.0,2.4480192449576665,9.545566854643306e-07,9.545566854643295e-07
0.2111,6620.212616697778,0.0,0.0,2.4480133536946354,9.545322981763764e-07,9.545322981763753e-07
0.21115,6620.10035841265,0.0,0.0,2.4480057416496543,9.545226104680937e-07,9.545226104680928e-07
0.2112,6619.986164760941,0.0,0.0,2.447996419639838,9.544970045848761e-07,9.544970045848753e-07
0.21125000000000002,6619.8700640684165,0.0,0.0,2.4479854008378794,9.544874584099345e-07,9.544874584099336e-07
0.21130000000000002,6619.752430546836,0.0,0.0,2.4479727009841104,9.544616077819377e-07,9.544616077819369e-07
0.21135,6619.63314910179,0.0,0.0,2.4479583379365,9.544513788025478e-07,9.54451378802547e-07
0.2114,6619.512738928266,0.0,0.0,2.4479423323038234,9.544263328488976e-07,9.544263328488966e-07
0.21145,6619.390961557837,0.0,0.0,2.447924706505702,9.544145886850408e-07,9.5441458868504e-07
0.21150000000000002,6619.268448963274,0.0,0.0,2.4479054859123592,9.543913438879802e-07,9.543913438879793e-07
0.21155000000000002,6619.14487919951,0.0,0.0,2.447884697383551,9.543773725976938e-07,9.543773725976927e-07
0.2116,6619.020946563978,0.0,0.0,2.4478623708871927,9.543567430633223e-07,9.543567430633215e-07
0.21165,6618.8963012956565,0.0,0.0,2.4478385376069176,9.543400727183526e-07,9.543400727183517e-07
0.2117,6618.771636937532,0.0,0.0,2.4478132318890915,9.543225790226054e-07,9.543225790226045e-07
0.21175000000000002,6618.646640482731,0.0,0.0,2.4477864891276875,9.543030706512343e-07,9.543030706512335e-07
0.21180000000000002,6618.521936767222,0.0,0.0,2.4477583477798963,9.542888638970285e-07,9.542888638970276e-07
0.21185,6618.3973145856025,0.0,0.0,2.4477288473313936,9.542667635557258e-07,9.54266763555725e-07
0.2119,6618.273266242907,0.0,0.0,2.447698030046485,9.542555972295342e-07,9.54255597229533e-07
0.21195,6618.14973863763,0.0,0.0,2.4476659393667384,9.542315375213275e-07,9.542315375213264e-07
0.21200000000000002,6618.027040811357,0.0,0.0,2.447632621039526,9.542227930810652e-07,9.542227930810643e-07
0.21205000000000002,6617.905317017051,0.0,0.0,2.447598122295265,9.541977417253946e-07,9.541977417253938e-07
0.2121,6617.784662943601,0.0,0.0,2.447562492036937,9.541905061313481e-07,9.54190506131347e-07
0.21215,6617.665435762561,0.0,0.0,2.4475257810715965,9.541656658103913e-07,9.541656658103905e-07
0.2122,6617.547513701079,0.0,0.0,2.4474880411426407,9.5415885228003e-07,9.541588522800292e-07
0.21225000000000002,6617.43145518066,0.0,0.0,2.4474493263654935,9.541355236283184e-07,9.541355236283175e-07
0.21230000000000002,6617.316944474616,0.0,0.0,2.4474096910326484,9.541280197148662e-07,9.541280197148653e-07
0.21235,6617.204702452607,0.0,0.0,2.447369192237711,9.541074449427028e-07,9.54107444942702e-07
0.2124,6617.094268862882,0.0,0.0,2.4473278865609784,9.540982690078038e-07,9.54098269007803e-07
0.21245,6616.986464596929,0.0,0.0,2.4472858336827987,9.540814765578928e-07,9.54081476557892e-07
0.21250000000000002,6616.880754730975,0.0,0.0,2.447243092239005,9.540699213775583e-07,9.540699213775577e-07
0.21255000000000002,6616.777981423617,0.0,0.0,2.4471997240521803,9.540575936571835e-07,9.540575936571827e-07
0.2126,6616.677616810223,0.0,0.0,2.447155789602623,9.540433374069213e-07,9.540433374069204e-07
0.21265,6616.580438663381,0.0,0.0,2.447111352372118,9.540357199509486e-07,9.540357199509478e-07
0.2127,6616.486009575176,0.0,0.0,2.4470664744818884,9.54018889208306e-07,9.540188892083054e-07
0.21275000000000002,6616.394961275543,0.0,0.0,2.4470212205713944,9.540157550605349e-07,9.54015755060534e-07
0.21280000000000002,6616.3070207808305,0.0,0.0,2.446975654188932,9.539969297566787e-07,9.53996929756678e-07
0.21285,6616.222606824306,0.0,0.0,2.4469298406342213,9.539976050672792e-07,9.539976050672783e-07
0.2129,6616.141665459489,0.0,0.0,2.446883844639731,9.539777636400556e-07,9.53977763640055e-07
0.21295,6616.064359197392,0.0,0.0,2.4468377316945844,9.539812120245268e-07,9.539812120245262e-07
0.21300000000000002,6615.990880524732,0.0,0.0,2.446791567426248,9.539616222700337e-07,9.53961622270033e-07
0.21305000000000002,6615.921122479736,0.0,0.0,2.4467454170882124,9.539665775495426e-07,9.539665775495417e-07
0.2131,6615.8555199114535,0.0,0.0,2.446699346855288,9.539486467395063e-07,9.539486467395055e-07
0.21315,6615.793715374838,0.0,0.0,2.4466534213792652,9.539537765765187e-07,9.539537765765179e-07
0.2132,6615.736350155195,0.0,0.0,2.446607706970793,9.539388796446238e-07,9.53938879644623e-07
0.21325000000000002,6615.682865963347,0.0,0.0,2.446562267378379,9.539429590714434e-07,9.539429590714425e-07
0.21330000000000002,6615.634046585652,0.0,0.0,2.446517168576467,9.53932267413188e-07,9.53932267413187e-07
0.21335,6615.589207133676,0.0,0.0,2.4464724731694854,9.539343388644589e-07,9.53934338864458e-07
0.2134,6615.549189723622,0.0,0.0,2.446428246275204,9.53928672841898e-07,9.539286728418973e-07
0.21345,6615.5132727149785,0.0,0.0,2.4463845491622846,9.53928172127608e-07,9.539281721276074e-07
0.21350000000000002,6615.482262275437,0.0,0.0,2.446341445542502,9.539278966754963e-07,9.539278966754957e-07
0.21355000000000002,6615.455494194771,0.0,0.0,2.446298995187294,9.539247281761157e-07,9.539247281761149e-07
0.2136,6615.433646378729,0.0,0.0,2.4462572598499706,9.539297064574552e-07,9.539297064574546e-07
0.21365,6615.416198428642,0.0,0.0,2.4462162976504445,9.539242573668496e-07,9.539242573668488e-07
0.2137,6615.403621231251,0.0,0.0,2.4461761678556555,9.53933868406199e-07,9.539338684061982e-07
0.21375000000000002,6615.395605928028,0.0,0.0,2.4461369267630935,9.539269605175067e-07,9.539269605175058e-07
0.21380000000000002,6615.392361241838,0.0,0.0,2.4460986306771577,9.53940178663013e-07,9.539401786630122e-07
0.21385,6615.393830039781,0.0,0.0,2.446061333863817,9.539329633142587e-07,9.53932963314258e-07
0.2139,6615.399934499266,0.0,0.0,2.4460250892630864,9.539484888709303e-07,9.539484888709295e-07
0.21395,6615.410876785056,0.0,0.0,2.4459899488468864,9.539422990573809e-07,9.5394229905738e-07
0.21400000000000002,6615.426301938142,0.0,0.0,2.445955961878385,9.539587222498494e-07,9.539587222498485e-07
0.21405000000000002,6615.446645337173,0.0,0.0,2.4459231777123254,9.53954900941147e-07,9.539549009411461e-07
0.2141,6615.47131697409,0.0,0.0,2.445891641717733,9.539708775949153e-07,9.539708775949145e-07
0.21415,6615.500929128357,0.0,0.0,2.4458614002514505,9.539706049687403e-07,9.539706049687395e-07
0.2142,6615.534725957298,0.0,0.0,2.4458324946613748,9.53985020454506e-07,9.539850204545051e-07
0.21425000000000002,6615.573417347334,0.0,0.0,2.4458049678809535,9.539891626803186e-07,9.539891626803178e-07
0.21430000000000002,6615.616169268884,0.0,0.0,2.445778857186095,9.540012633935774e-07,9.540012633935765e-07
0.21435,6615.66369704882,0.0,0.0,2.445754201638175,9.540102627178639e-07,9.54010262717863e-07
0.2144,6615.715183220965,0.0,0.0,2.445731034443862,9.540197381510439e-07,9.54019738151043e-07
0.21445,6615.771255460237,0.0,0.0,2.445709390348587,9.54033558808663e-07,9.540335588086622e-07
0.21450000000000002,6615.8312028240125,0.0,0.0,2.445689298519243,9.540405648263978e-07,9.54040564826397e-07
0.21455000000000002,6615.895482836904,0.0,0.0,2.4456707889765603,9.540587006841847e-07,9.540587006841839e-07
0.2146,6615.963565133628,0.0,0.0,2.4456538868755584,9.540638221405983e-07,9.540638221405977e-07
0.21465,6616.035675633941,0.0,0.0,2.4456386171684863,9.540853646113636e-07,9.540853646113627e-07
0.2147,6616.111513524001,0.0,0.0,2.4456250009991987,9.540895230189158e-07,9.54089523018915e-07
0.21475,6616.191040032515,0.0,0.0,2.445613057997026,9.54113278629902e-07,9.541132786299011e-07
0.21480000000000002,6616.274202415517,0.0,0.0,2.4456028052492975,9.541175985240466e-07,9.541175985240457e-07
0.21485,6616.360696060171,0.0,0.0,2.4455942569139335,9.54142239357704e-07,9.541422393577032e-07
0.2149,6616.450702628409,0.0,0.0,2.4455874259198573,9.54147891161448e-07,9.54147891161447e-07
0.21495,6616.543682032215,0.0,0.0,2.445582320917366,9.54172117539747e-07,9.541721175397462e-07
0.215,6616.640007177853,0.0,0.0,2.445578950519247,9.54180158365368e-07,9.541801583653672e-07
0.21505000000000002,6616.73895967672,0.0,0.0,2.4455773179391787,9.542028515888308e-07,9.5420285158883e-07
0.2151,6616.841037351712,0.0,0.0,2.4455774272711914,9.542140849057497e-07,9.542140849057488e-07
0.21515,6616.945419708297,0.0,0.0,2.445579276455446,9.542344305992638e-07,9.542344305992632e-07
0.2152,6617.052649143057,0.0,0.0,2.4455828648401163,9.542493029703152e-07,9.542493029703144e-07
0.21525,6617.161888043801,0.0,0.0,2.4455881853230323,9.542668696599334e-07,9.542668696599326e-07
0.21530000000000002,6617.273639758281,0.0,0.0,2.4455952322820282,9.542854174010837e-07,9.542854174010829e-07
0.21535,6617.3871325282635,0.0,0.0,2.4456039938429703,9.543001821100503e-07,9.543001821100494e-07
0.2154,6617.502754426611,0.0,0.0,2.445614459221561,9.543220333625978e-07,9.543220333625971e-07
0.21545,6617.619870130079,0.0,0.0,2.445626612050447,9.543343528261803e-07,9.543343528261794e-07
0.2155,6617.738693203448,0.0,0.0,2.4456404362536697,9.54358783202492e-07,9.54358783202491e-07
0.21555000000000002,6617.858774663179,0.0,0.0,2.4456559112297622,9.543693169592347e-07,9.543693169592339e-07
0.2156,6617.980118014632,0.0,0.0,2.4456730155681705,9.543953487323224e-07,9.543953487323216e-07
0.21565,6618.102484673732,0.0,0.0,2.445691724650851,9.544049464840421e-07,9.544049464840413e-07
0.2157,6618.225659848594,0.0,0.0,2.4457120117932716,9.544314763266404e-07,9.544314763266396e-07
0.21575,6618.349611718702,0.0,0.0,2.445733848523465,9.54441045811311e-07,9.544410458113102e-07
0.21580000000000002,6618.473926044257,0.0,0.0,2.4457572030534336,9.544669820997447e-07,9.544669820997439e-07
0.21585000000000001,6618.598748640126,0.0,0.0,2.445782043162729,9.544773565265825e-07,9.544773565265817e-07
0.2159,6618.723507918803,0.0,0.0,2.445808332235806,9.545017468292085e-07,9.545017468292077e-07
0.21595,6618.848477881695,0.0,0.0,2.4458360343595795,9.545135695515026e-07,9.545135695515018e-07
0.216,6618.97298845492,0.0,0.0,2.4458651084576073,9.545357015871788e-07,9.54535701587178e-07
0.21605000000000002,6619.097379768295,0.0,0.0,2.4458955149477686,9.545493432448627e-07,9.545493432448619e-07
0.21610000000000001,6619.220950284594,0.0,0.0,2.445927208726613,9.545688066998712e-07,9.545688066998704e-07
0.21615,6619.344040558424,0.0,0.0,2.445960146558169,9.54584324823681e-07,9.5458432482368e-07
0.2162,6619.465983768732,0.0,0.0,2.445994279784748,9.54601028168932e-07,9.546010281689315e-07
0.21625,6619.587060399472,0.0,0.0,2.4460295615504206,9.546181727908152e-07,9.546181727908143e-07
0.21630000000000002,6619.706695192473,0.0,0.0,2.446065940124462,9.546323155044932e-07,9.546323155044923e-07
0.21635000000000001,6619.825060979114,0.0,0.0,2.4461033651103645,9.546505777267658e-07,9.54650577726765e-07
0.2164,6619.941714988571,0.0,0.0,2.4461417821660554,9.546625848929838e-07,9.54662584892983e-07
0.21645,6620.056693052034,0.0,0.0,2.446181137501628,9.54681278898656e-07,9.546812788986552e-07
0.2165,6620.169705835681,0.0,0.0,2.446221374583256,9.546917098315327e-07,9.546917098315319e-07
0.21655000000000002,6620.280643689187,0.0,0.0,2.446262436458067,9.547100745950977e-07,9.547100745950966e-07
0.21660000000000001,6620.389370662739,0.0,0.0,2.4463042647637074,9.547195202647001e-07,9.54719520264699e-07
0.21665,6620.495643372831,0.0,0.0,2.446346799703761,9.54736824440267e-07,9.547368244402662e-07
0.2167,6620.5994602707715,0.0,0.0,2.4463899813896703,9.54745809410521e-07,9.547458094105202e-07
0.21675,6620.700472932329,0.0,0.0,2.446433747586057,9.547614436102762e-07,9.547614436102753e-07
0.21680000000000002,6620.798780684091,0.0,0.0,2.446478037124392,9.547703464448163e-07,9.547703464448155e-07
0.21685000000000001,6620.89397022932,0.0,0.0,2.4465227858066183,9.547838896941143e-07,9.547838896941135e-07
0.2169,6620.98620001358,0.0,0.0,2.446567931388147,9.547928928922687e-07,9.547928928922677e-07
0.21695,6621.075036739297,0.0,0.0,2.446613408235235,9.548041447771988e-07,9.54804144777198e-07
0.217,6621.1606548322625,0.0,0.0,2.4466591532082,9.548132200322472e-07,9.548132200322464e-07
0.21705000000000002,6621.242643818526,0.0,0.0,2.4467050997899196,9.548221961639142e-07,9.548221961639134e-07
0.21710000000000002,6621.321156081155,0.0,0.0,2.446751184126299,9.548311253312209e-07,9.5483112533122e-07
0.21715,6621.395838733071,0.0,0.0,2.4467973393672793,9.54838019354161e-07,9.548380193541603e-07
0.2172,6621.466794399871,0.0,0.0,2.446843501146913,9.54846445883278e-07,9.548464458832772e-07
0.21725,6621.533750316628,0.0,0.0,2.4468896028060816,9.548515666115345e-07,9.548515666115337e-07
0.21730000000000002,6621.5967450037915,0.0,0.0,2.446935579709775,9.54859067372009e-07,9.54859067372008e-07
0.21735000000000002,6621.6555941891875,0.0,0.0,2.446981365867191,9.548627629374956e-07,9.548627629374948e-07
0.2174,6621.710272033656,0.0,0.0,2.4470268966695845,9.548689274375099e-07,9.548689274375088e-07
0.21745,6621.760677485041,0.0,0.0,2.4470721072128048,9.548715098702732e-07,9.548715098702724e-07
0.2175,6621.806732472646,0.0,0.0,2.4471169332663716,9.548760128371715e-07,9.548760128371707e-07
0.21755000000000002,6621.84840297319,0.0,0.0,2.447161311367802,9.548776957874885e-07,9.548776957874876e-07
0.21760000000000002,6621.885579599212,0.0,0.0,2.4472051780695954,9.548803506585163e-07,9.548803506585154e-07
0.21765,6621.918272574295,0.0,0.0,2.4472484716465015,9.54881210375779e-07,9.54881210375778e-07
0.2177,6621.946366005529,0.0,0.0,2.447291129879574,9.54881994724399e-07,9.548819947243981e-07
0.21775,6621.969890172372,0.0,0.0,2.4473330930278654,9.548819603796772e-07,9.548819603796763e-07
0.21780000000000002,6621.988746177924,0.0,0.0,2.4473743005699395,9.548810094587717e-07,9.548810094587708e-07
0.21785000000000002,6622.002963763621,0.0,0.0,2.4474146949631357,9.548798839182023e-07,9.548798839182014e-07
0.2179,6622.012478585611,0.0,0.0,2.4474542178550056,9.548774541317078e-07,9.54877454131707e-07
0.21795,6622.01730691371,0.0,0.0,2.447492814099804,9.548749612645494e-07,9.548749612645486e-07
0.218,6622.017427277264,0.0,0.0,2.4475304279667096,9.548713706802948e-07,9.54871370680294e-07
0.21805000000000002,6622.012839562262,0.0,0.0,2.447567006906717,9.54867220756001e-07,9.548672207560003e-07
0.21810000000000002,6622.003562904668,0.0,0.0,2.447602498225739,9.548627777050358e-07,9.54862777705035e-07
0.21815,6621.989588213763,0.0,0.0,2.447636852185684,9.548567392446604e-07,9.548567392446596e-07
0.2182,6621.970963143865,0.0,0.0,2.447670019492565,9.548516721149597e-07,9.548516721149587e-07
0.21825,6621.947685556204,0.0,0.0,2.4477019534554487,9.548436371061014e-07,9.548436371061006e-07
0.21830000000000002,6621.919812455153,0.0,0.0,2.4477326084843782,9.548380381820044e-07,9.548380381820035e-07
0.21835000000000002,6621.887369547233,0.0,0.0,2.447761941194996,9.548280683717286e-07,9.548280683717277e-07
0.2184,6621.850401161327,0.0,0.0,2.4477899099448632,9.548218622676608e-07,9.548218622676597e-07
0.21845,6621.808982008646,0.0,0.0,2.4478164749335884,9.54810206984735e-07,9.54810206984734e-07
0.2185,6621.763123808593,0.0,0.0,2.447841598654623,9.548031502121707e-07,9.548031502121698e-07
0.21855000000000002,6621.712966741928,0.0,0.0,2.4478652451761045,9.547902308777274e-07,9.547902308777265e-07
0.21860000000000002,6621.658476846739,0.0,0.0,2.4478873812708297,9.54781943992934e-07,9.54781943992933e-07
0.21865,6621.599867169799,0.0,0.0,2.447907975152921,9.547683059682021e-07,9.547683059682013e-07
0.2187,6621.537055613201,0.0,0.0,2.4479269979859257,9.547583345416591e-07,9.547583345416583e-07
0.21875,6621.470323511667,0.0,0.0,2.4479444223846483,9.547445728106716e-07,9.547445728106707e-07
0.21880000000000002,6621.399550717829,0.0,0.0,2.4479602239960085,9.54732468453896e-07,9.54732468453895e-07
0.21885000000000002,6621.325069423242,0.0,0.0,2.4479743800530023,9.547191383921317e-07,9.547191383921308e-07
0.2189,6621.246743852434,0.0,0.0,2.4479868707708787,9.54704547735184e-07,9.547045477351831e-07
0.21895,6621.164928154493,0.0,0.0,2.447997678170065,9.546920751898822e-07,9.546920751898814e-07
0.219,6621.079503097264,0.0,0.0,2.4480067871187057,9.546748225157474e-07,9.546748225157464e-07
0.21905000000000002,6620.990808103096,0.0,0.0,2.448014184539422,9.546634284144022e-07,9.546634284144014e-07
0.21910000000000002,6620.898777847744,0.0,0.0,2.4480198600395253,9.546435780208085e-07,9.546435780208076e-07
0.21915,6620.803697828762,0.0,0.0,2.44802380550364,9.546332305689624e-07,9.546332305689615e-07
0.2192,6620.705593320842,0.0,0.0,2.4480260153629656,9.546111173048454e-07,9.546111173048443e-07
0.21925,6620.604660498102,0.0,0.0,2.448026486473883,9.54601521304394e-07,9.546015213043932e-07
0.21930000000000002,6620.50104481717,0.0,0.0,2.44802521816673,9.54577741744732e-07,9.545777417447312e-07
0.21935000000000002,6620.394827746527,0.0,0.0,2.448022212238609,9.545683688064115e-07,9.545683688064105e-07
0.2194,6620.286291660555,0.0,0.0,2.448017472973627,9.545437316415686e-07,9.545437316415678e-07
0.21945,6620.175393089116,0.0,0.0,2.4480110070495815,9.545338889377295e-07,9.545338889377286e-07
0.2195,6620.062550899514,0.0,0.0,2.448002823726067,9.545093290679718e-07,9.54509329067971e-07
0.21955000000000002,6619.947604827231,0.0,0.0,2.447992934484701,9.544982584599213e-07,9.544982584599202e-07
0.21960000000000002,6619.831090749939,0.0,0.0,2.4479813535381787,9.544747255894204e-07,9.544747255894196e-07
0.21965,6619.712758660729,0.0,0.0,2.4479680970884585,9.544617198717376e-07,9.544617198717365e-07
0.2197,6619.593223739217,0.0,0.0,2.4479531842268454,9.544400567619501e-07,9.544400567619493e-07
0.21975,6619.472189974184,0.0,0.0,2.44793663579206,9.544245770307327e-07,9.544245770307317e-07
0.21980000000000002,6619.350299618521,0.0,0.0,2.4479184756242076,9.54405405145054e-07,9.54405405145053e-07
0.21985000000000002,6619.22726599791,0.0,0.0,2.447898729116558,9.543871819986032e-07,9.543871819986024e-07
0.2199,6619.103697893803,0.0,0.0,2.447877424675288,9.543708120271765e-07,9.543708120271755e-07
0.21995,6618.979377880237,0.0,0.0,2.447854592163525,9.543499153185168e-07,9.54349915318516e-07
0.22,6618.854820163665,0.0,0.0,2.4478302643257064,9.543362968122068e-07,9.543362968122058e-07
0.22005000000000002,6618.729932711084,0.0,0.0,2.447804475398957,9.54313161988758e-07,9.543131619887571e-07
0.22010000000000002,6618.6050820970395,0.0,0.0,2.4477772622054728,9.543018815863563e-07,9.543018815863554e-07
0.22015,6618.4803456975405,0.0,0.0,2.4477486632373315,9.542772864224476e-07,9.542772864224468e-07
0.2202,6618.35590521795,0.0,0.0,2.4477187191161915,9.542676166372807e-07,9.542676166372798e-07
0.22025,6618.232032306669,0.0,0.0,2.4476874724336164,9.542426091445987e-07,9.542426091445976e-07
0.22030000000000002,6618.108708555984,0.0,0.0,2.4476549673300285,9.542336030107088e-07,9.54233603010708e-07
0.22035000000000002,6617.986400619796,0.0,0.0,2.447621250292357,9.542093877704378e-07,9.54209387770437e-07
0.2204,6617.86490013363,0.0,0.0,2.4475863687098993,9.542000076924965e-07,9.542000076924954e-07
0.22045,6617.74484372873,0.0,0.0,2.4475503727036165,9.541778048719292e-07,9.541778048719284e-07
0.2205,6617.625868588304,0.0,0.0,2.447513312661539,9.54167068828814e-07,9.541670688288131e-07
0.22055000000000002,6617.5087322234795,0.0,0.0,2.4474752420167576,9.54147964101554e-07,9.54147964101553e-07
0.22060000000000002,6617.39297482,0.0,0.0,2.447436213928827,9.54135089913752e-07,9.54135089913751e-07
0.22065,6617.27940678989,0.0,0.0,2.4473962847638013,9.541198959666177e-07,9.541198959666166e-07
0.2207,6617.167543962145,0.0,0.0,2.447355510244995,9.541044236258559e-07,9.54104423625855e-07
0.22075,6617.0581707933925,0.0,0.0,2.4473139492449207,9.540935728831666e-07,9.540935728831658e-07
0.22080000000000002,6616.9508576242115,0.0,0.0,2.4472716598528375,9.540754479538238e-07,9.54075447953823e-07
0.22085000000000002,6616.846283020965,0.0,0.0,2.4472287029896043,9.540689323050605e-07,9.540689323050594e-07
0.2209,6616.744146565816,0.0,0.0,2.4471851389080443,9.540485376657227e-07,9.540485376657216e-07
0.22095,6616.644950386413,0.0,0.0,2.447141030107451,9.540459049668773e-07,9.540459049668762e-07
0.221,6616.5485838553495,0.0,0.0,2.447096438780288,9.540240352795386e-07,9.540240352795375e-07
0.22105000000000002,6616.455320881226,0.0,0.0,2.447051428543666,9.540244441317855e-07,9.540244441317846e-07
0.22110000000000002,6616.36527841922,0.0,0.0,2.4470060632672075,9.540022246313588e-07,9.54002224631358e-07
0.22115,6616.278476638087,0.0,0.0,2.4469604072544704,9.540045515656613e-07,9.540045515656602e-07
0.2212,6616.195269215112,0.0,0.0,2.4469145257371436,9.539833103269182e-07,9.539833103269174e-07
0.22125,6616.1154272834065,0.0,0.0,2.446868483318568,9.539862954303089e-07,9.539862954303078e-07
0.22130000000000002,6616.039519712545,0.0,0.0,2.4468223462164085,9.539674053012586e-07,9.539674053012578e-07
0.22135000000000002,6615.9671037462185,0.0,0.0,2.4467761790010485,9.539698175229685e-07,9.539698175229677e-07
0.2214,6615.898912913066,0.0,0.0,2.4467300484377503,9.539545276921079e-07,9.539545276921068e-07
0.22145,6615.834352413614,0.0,0.0,2.4466840187863443,9.539553281593598e-07,9.53955328159359e-07
0.2215,6615.774246724311,0.0,0.0,2.4466381568663444,9.539446081029915e-07,9.539446081029906e-07
0.22155,6615.717930012298,0.0,0.0,2.4465925263974673,9.539430895986607e-07,9.539430895986598e-07
0.22160000000000002,6615.666229656523,0.0,0.0,2.4465471937201553,9.53937506305265e-07,9.539375063052639e-07
0.22165,6615.618499028677,0.0,0.0,2.4465022218182746,9.539333907394135e-07,9.539333907394126e-07
0.2217,6615.575476951598,0.0,0.0,2.446457676001527,9.539330361629703e-07,9.539330361629694e-07
0.22175,6615.536623917386,0.0,0.0,2.4464136183361123,9.539265166178014e-07,9.539265166178003e-07
0.2218,6615.502506947656,0.0,0.0,2.446370112556631,9.539309956534802e-07,9.539309956534791e-07
0.22185000000000002,6615.472768026506,0.0,0.0,2.4463272196215673,9.539227173716448e-07,9.539227173716438e-07
0.22190000000000001,6615.447737939008,0.0,0.0,2.4462850011797688,9.539311981399516e-07,9.539311981399508e-07
0.22195,6615.427291247074,0.0,0.0,2.446243516862093,9.539221802933754e-07,9.539221802933744e-07
0.222,6615.411485341385,0.0,0.0,2.4462028257787862,9.53933500428865e-07,9.539335004288639e-07
0.22205,6615.400448447615,0.0,0.0,2.4461629859659157,9.5392500863829e-07,9.539250086382888e-07
0.22210000000000002,6615.393959445489,0.0,0.0,2.4461240536181967,9.539378230663406e-07,9.539378230663396e-07
0.22215000000000001,6615.392388451747,0.0,0.0,2.446086084851969,9.539312090928777e-07,9.539312090928766e-07
0.2222,6615.395263695044,0.0,0.0,2.4460491326557032,9.539441599939928e-07,9.539441599939918e-07
0.22225,6615.40315377454,0.0,0.0,2.4460132508415673,9.539406892770084e-07,9.539406892770073e-07
0.2223,6615.415393576637,0.0,0.0,2.445978488987678,9.539525754865845e-07,9.539525754865835e-07
0.22235000000000002,6615.432680753547,0.0,0.0,2.445944898166288,9.539532655914222e-07,9.539532655914211e-07
0.22240000000000001,6615.454236342575,0.0,0.0,2.445912524418527,9.539631894186592e-07,9.539631894186582e-07
0.22245,6615.480800240084,0.0,0.0,2.445881415606598,9.53968680246374e-07,9.539686802463729e-07
0.2225,6615.511571345537,0.0,0.0,2.4458516141678377,9.539761530850174e-07,9.539761530850164e-07
0.22255,6615.547238729051,0.0,0.0,2.445823164274477,9.539866262387996e-07,9.539866262387986e-07
0.22260000000000002,6615.5870713202385,0.0,0.0,2.4457961047290415,9.539916194895942e-07,9.539916194895932e-07
0.22265000000000001,6615.631619817467,0.0,0.0,2.44577047555277,9.54006776998964e-07,9.54006776998963e-07
0.2227,6615.680304361925,0.0,0.0,2.44574631189163,9.540097128901238e-07,9.540097128901227e-07
0.22275,6615.7334661921095,0.0,0.0,2.4457236492033188,9.540288173935613e-07,9.540288173935602e-07
0.2228,6615.790736704734,0.0,0.0,2.445702518938679,9.540305014759015e-07,9.540305014759005e-07
0.22285000000000002,6615.852201920357,0.0,0.0,2.4456829516545233,9.54052471816821e-07,9.540524718168199e-07
0.22290000000000001,6615.9177362235405,0.0,0.0,2.445664975029915,9.540539769789192e-07,9.540539769789181e-07
0.22295,6615.987155318738,0.0,0.0,2.445648614478709,9.540775252701745e-07,9.540775252701734e-07
0.223,6616.060576502681,0.0,0.0,2.4456338937795716,9.540800430317322e-07,9.540800430317312e-07
0.22305,6616.137562249188,0.0,0.0,2.4456208330679177,9.541038344166426e-07,9.541038344166416e-07
0.22310000000000002,6616.218441534809,0.0,0.0,2.4456094520372997,9.5410851347801e-07,9.54108513478009e-07
0.22315000000000002,6616.302570029984,0.0,0.0,2.445599765516235,9.54131326666906e-07,9.541313266669049e-07
0.2232,6616.390430739243,0.0,0.0,2.445591788878755,9.541391202604185e-07,9.541391202604175e-07
0.22325,6616.481241951198,0.0,0.0,2.4455855317151745,9.541599880115284e-07,9.541599880115273e-07
0.2233,6616.57556446795,0.0,0.0,2.445581004811923,9.541715297860439e-07,9.541715297860428e-07
0.22335000000000002,6616.672562345548,0.0,0.0,2.4455782126675145,9.54189841436208e-07,9.541898414362071e-07
0.22340000000000002,6616.772789698566,0.0,0.0,2.445577161203278,9.542053660955113e-07,9.542053660955105e-07
0.22345,6616.875442405258,0.0,0.0,2.4455778500239043,9.542209200243138e-07,9.542209200243128e-07
0.2235,6616.980986001961,0.0,0.0,2.4455802799273125,9.542402378526942e-07,9.54240237852693e-07
0.22355,6617.088726446922,0.0,0.0,2.4455844458446347,9.542532390781327e-07,9.542532390781316e-07
0.22360000000000002,6617.198971765847,0.0,0.0,2.445590343241317,9.54275766461398e-07,9.54275766461397e-07
0.22365000000000002,6617.311198826163,0.0,0.0,2.4455979625884052,9.542867714017084e-07,9.542867714017074e-07
0.2237,6617.425510528271,0.0,0.0,2.445607293886067,9.543116114124483e-07,9.543116114124472e-07
0.22375,6617.541591247954,0.0,0.0,2.445618323327703,9.543214294058275e-07,9.543214294058264e-07
0.2238,6617.659317654343,0.0,0.0,2.4456310354122093,9.543474896041695e-07,9.543474896041684e-07
0.22385000000000002,6617.778590426366,0.0,0.0,2.4456454121896583,9.543570556361093e-07,9.543570556361083e-07
0.22390000000000002,6617.899067152799,0.0,0.0,2.4456614327301995,9.543831858647425e-07,9.543831858647417e-07
0.22395,6618.020846042277,0.0,0.0,2.445679075019633,9.543934226195023e-07,9.543934226195012e-07
0.224,6618.143398836502,0.0,0.0,2.445698312881135,9.544185530055707e-07,9.544185530055696e-07
0.22405,6618.26697876761,0.0,0.0,2.4457191202633526,9.544302411540245e-07,9.544302411540234e-07
0.22410000000000002,6618.390925725298,0.0,0.0,2.4457414660238794,9.54453501813457e-07,9.544535018134558e-07
0.22415000000000002,6618.515588424374,0.0,0.0,2.4457653200625717,9.544671756700045e-07,9.544671756700037e-07
0.2242,6618.640241738506,0.0,0.0,2.44579064663308,9.54487982680468e-07,9.54487982680467e-07
0.22425,6618.765262019358,0.0,0.0,2.445817411557422,9.545038645731772e-07,9.545038645731761e-07
0.2243,6618.889929680249,0.0,0.0,2.4458455749011914,9.545219625633472e-07,9.545219625633461e-07
0.22435000000000002,6619.014581771594,0.0,0.0,2.4458750983881483,9.545399430797599e-07,9.545399430797588e-07
0.22440000000000002,6619.1385693665625,0.0,0.0,2.4459059383363266,9.545554011591613e-07,9.545554011591605e-07
0.22445,6619.262132969013,0.0,0.0,2.4459380523871865,9.545750661340003e-07,9.545750661339995e-07
0.2245,6619.3847459969165,0.0,0.0,2.4459713935469343,9.545882304750614e-07,9.545882304750603e-07
0.22455,6619.506511687594,0.0,0.0,2.446005915451994,9.546089283886462e-07,9.54608928388645e-07
0.22460000000000002,6619.627058486048,0.0,0.0,2.446041568202544,9.546203408772036e-07,9.546203408772026e-07
0.22465000000000002,6619.746332432648,0.0,0.0,2.446078301587874,9.546412789782356e-07,9.546412789782347e-07
0.2247,6619.864127819456,0.0,0.0,2.44611606315949,9.54651575128481e-07,9.546515751284802e-07
0.22475,6619.980235575077,0.0,0.0,2.4461547991089323,9.5467192882518e-07,9.546719288251792e-07
0.2248,6620.094605247461,0.0,0.0,2.446194454738918,9.546817308056238e-07,9.54681730805623e-07
0.22485000000000002,6620.206894765954,0.0,0.0,2.446234972984941,9.54700749450295e-07,9.547007494502942e-07
0.22490000000000002,6620.317180210373,0.0,0.0,2.446276297143861,9.547105696970402e-07,9.547105696970391e-07
0.22495,6620.425024184479,0.0,0.0,2.4463183673203788,9.547276636233676e-07,9.547276636233665e-07
0.225,6620.530587989179,0.0,0.0,2.446361125001382,9.54737832403045e-07,9.547378324030439e-07
0.22505,6620.63338570687,0.0,0.0,2.446404507951815,9.547526294527863e-07,9.547526294527852e-07
0.22510000000000002,6620.733616904675,0.0,0.0,2.446448456014819,9.54763255729636e-07,9.547632557296352e-07
0.22515000000000002,6620.830795929536,0.0,0.0,2.446492905148629,9.54775621083751e-07,9.5477562108375e-07
0.2252,6620.925115136401,0.0,0.0,2.44653779371109,9.547865905890479e-07,9.54786590589047e-07
0.22525,6621.016132990693,0.0,0.0,2.4465830564016695,9.547966095400951e-07,9.54796609540094e-07
0.2253,6621.103997038255,0.0,0.0,2.446628630267,9.548076183226936e-07,9.548076183226927e-07
0.22535000000000002,6621.188343173897,0.0,0.0,2.4466744492839236,9.548155474127258e-07,9.548155474127248e-07
0.22540000000000002,6621.269249027553,0.0,0.0,2.4467204493986405,9.548261635023296e-07,9.548261635023285e-07
0.22545,6621.3464471382795,0.0,0.0,2.4467665643666123,9.54832359974891e-07,9.548323599748902e-07
0.2255,6621.419935015758,0.0,0.0,2.4468127292972857,9.548421017811961e-07,9.54842101781195e-07
0.22555,6621.489545789355,0.0,0.0,2.446858878174184,9.548469439946196e-07,9.548469439946188e-07
0.22560000000000002,6621.555201397122,0.0,0.0,2.446904945595218,9.548553615816782e-07,9.548553615816771e-07
0.22565000000000002,6621.616825617741,0.0,0.0,2.4469508661609423,9.548591739030866e-07,9.548591739030858e-07
0.2257,6621.67428165928,0.0,0.0,2.446996574344807,9.548659193544292e-07,9.548659193544281e-07
0.22575,6621.727563498744,0.0,0.0,2.4470420056924804,9.548689135360632e-07,9.548689135360621e-07
0.2258,6621.776500550771,0.0,0.0,2.447087094993862,9.5487378893285e-07,9.54873788932849e-07
0.22585000000000002,6621.821130877528,0.0,0.0,2.4471317790146805,9.548760310325169e-07,9.54876031032516e-07
0.22590000000000002,6621.861277877394,0.0,0.0,2.4471759933407338,9.548790066728891e-07,9.54879006672888e-07
0.22595,6621.896997288019,0.0,0.0,2.447219676193368,9.548804141179166e-07,9.548804141179155e-07
0.226,6621.928131852174,0.0,0.0,2.447262764452289,9.548816150512233e-07,9.548816150512225e-07
0.22605,6621.954733233368,0.0,0.0,2.447305198008025,9.548819834519843e-07,9.548819834519835e-07
0.22610000000000002,6621.976681991284,0.0,0.0,2.4473469155284304,9.548816478583258e-07,9.54881647858325e-07
0.22615000000000002,6621.994012394109,0.0,0.0,2.4473878587830207,9.548807022659502e-07,9.548807022659491e-07
0.2262,6622.006651503514,0.0,0.0,2.4474279686969322,9.548791200439377e-07,9.548791200439367e-07
0.22625,6622.014613222358,0.0,0.0,2.447467189140632,9.548765812060806e-07,9.548765812060798e-07
0.2263,6622.017869111207,0.0,0.0,2.4475054637227216,9.54874024355809e-07,9.548740243558082e-07
0.22635000000000002,6622.016419935361,0.0,0.0,2.447542738660275,9.548696778902574e-07,9.548696778902566e-07
0.22640000000000002,6622.010270258638,0.0,0.0,2.4475789606163705,9.54866335511467e-07,9.548663355114661e-07
0.22645,6621.999422958636,0.0,0.0,2.44761407842923,9.548600912283052e-07,9.54860091228304e-07
0.2265,6621.983897652675,0.0,0.0,2.4476480421268785,9.548560210133685e-07,9.548560210133676e-07
0.22655,6621.963718844235,0.0,0.0,2.4476808034706194,9.548479510405463e-07,9.548479510405455e-07
0.22660000000000002,6621.938901106159,0.0,0.0,2.4477123161047856,9.548430563579977e-07,9.548430563579966e-07
0.22665000000000002,6621.909509696893,0.0,0.0,2.4477425350351414,9.548334041773774e-07,9.548334041773765e-07
0.2267,6621.875536669441,0.0,0.0,2.447771417722144,9.548274415119265e-07,9.548274415119256e-07
0.22675,6621.837102101714,0.0,0.0,2.447798922743905,9.548165989494632e-07,9.548165989494621e-07
0.2268,6621.794165061635,0.0,0.0,2.4478250115369433,9.54809215568738e-07,9.548092155687371e-07
0.22685000000000002,6621.746905570305,0.0,0.0,2.4478496465703263,9.54797670279063e-07,9.547976702790622e-07
0.22690000000000002,6621.695249415015,0.0,0.0,2.4478727933904056,9.547884669134876e-07,9.547884669134867e-07
0.22695,6621.639430462865,0.0,0.0,2.4478944186501654,9.547767283361887e-07,9.547767283361878e-07
0.227,6621.57935241041,0.0,0.0,2.4479144921265417,9.547653373679324e-07,9.547653373679313e-07
0.22705,6621.515285371858,0.0,0.0,2.4479329849094706,9.547538530126351e-07,9.547538530126343e-07
0.22710000000000002,6621.447132818507,0.0,0.0,2.4479498711245338,9.547400197898823e-07,9.547400197898813e-07
0.22715000000000002,6621.37517394282,0.0,0.0,2.4479651265013374,9.54729095951464e-07,9.54729095951463e-07
0.2272,6621.299341558151,0.0,0.0,2.447978729635414,9.5471274953284e-07,9.547127495328391e-07
0.22725,6621.219891078158,0.0,0.0,2.4479906610433844,9.54702490237517e-07,9.54702490237516e-07
0.2273,6621.136817294996,0.0,0.0,2.448000903915792,9.546837909868448e-07,9.546837909868438e-07
0.22735000000000002,6621.050318558137,0.0,0.0,2.4480094436489215,9.546740664386903e-07,9.546740664386893e-07
0.22740000000000002,6620.960481654991,0.0,0.0,2.448016268152403,9.546534206690963e-07,9.546534206690952e-07
0.22745,6620.867420021191,0.0,0.0,2.4480213677460134,9.54643872175614e-07,9.546438721756128e-07
0.2275,6620.771334093051,0.0,0.0,2.448024735172455,9.546219089173498e-07,9.546219089173487e-07
0.22755,6620.6722353975065,0.0,0.0,2.4480263656797785,9.546119915670086e-07,9.546119915670076e-07
0.22760000000000002,6620.570446407278,0.0,0.0,2.4480262569358904,9.545895022055293e-07,9.545895022055283e-07
0.22765000000000002,6620.465874778053,0.0,0.0,2.448024409094559,9.54578560972501e-07,9.545785609725e-07
0.2277,6620.358956971783,0.0,0.0,2.448020824806857,9.545564085583e-07,9.545564085582989e-07
0.22775,6620.249511827887,0.0,0.0,2.448015509093829,9.545437779276976e-07,9.545437779276965e-07
0.2278,6620.138064582752,0.0,0.0,2.448008469602855,9.545227883336262e-07,9.54522788333625e-07
0.22785000000000002,6620.024376828512,0.0,0.0,2.447999716177009,9.545079018513754e-07,9.545079018513743e-07
0.22790000000000002,6619.909022012662,0.0,0.0,2.447989261421227,9.54488752250146e-07,9.54488752250145e-07
0.22795,6619.791749376347,0.0,0.0,2.447977119953603,9.544712461389723e-07,9.544712461389712e-07
0.228,6619.673129173388,0.0,0.0,2.447963309243856,9.544543679071775e-07,9.544543679071764e-07
0.22805,6619.552950939136,0.0,0.0,2.4479478486363724,9.544341629314455e-07,9.544341629314444e-07
0.2281,6619.431725912088,0.0,0.0,2.4479307603221527,9.544196742845642e-07,9.544196742845632e-07
0.22815000000000002,6619.309337217675,0.0,0.0,2.4479120683164415,9.543970226602576e-07,9.543970226602566e-07
0.22820000000000001,6619.186184487773,0.0,0.0,2.4478917993456504,9.543847026968605e-07,9.543847026968594e-07
0.22825,6619.0622904938045,0.0,0.0,2.4478699820244882,9.54360190821867e-07,9.54360190821866e-07
0.2283,6618.937901661704,0.0,0.0,2.4478466473986957,9.543495008359676e-07,9.543495008359666e-07
0.22835,6618.813211943311,0.0,0.0,2.4478218285832822,9.543240049333688e-07,9.543240049333678e-07
0.22840000000000002,6618.688290579348,0.0,0.0,2.447795560711044,9.543141559286608e-07,9.543141559286597e-07
0.22845000000000001,6618.563513950715,0.0,0.0,2.447767881257992,9.542887540598829e-07,9.542887540598818e-07
0.2285,6618.438772387016,0.0,0.0,2.4477388292092046,9.542788129209217e-07,9.542788129209206e-07
0.22855,6618.31461247748,0.0,0.0,2.447708446211769,9.542546635638153e-07,9.542546635638142e-07
0.2286,6618.190767788649,0.0,0.0,2.447676774876722,9.542436842405942e-07,9.542436842405931e-07
0.22865000000000002,6618.067919383497,0.0,0.0,2.447643860775103,9.542218869437697e-07,9.542218869437687e-07
0.22870000000000001,6617.9456885640275,0.0,0.0,2.4476097499325236,9.542090494815048e-07,9.542090494815037e-07
0.22875,6617.82483482459,0.0,0.0,2.447574491538579,9.54190506362084e-07,9.541905063620828e-07
0.2288,6617.70492917991,0.0,0.0,2.447538134837642,9.541752446315083e-07,9.541752446315072e-07
0.22885,6617.586739552618,0.0,0.0,2.4475007322794533,9.541605424469877e-07,9.541605424469866e-07
0.22890000000000002,6617.469858644818,0.0,0.0,2.447462336141561,9.541426427215204e-07,9.541426427215194e-07
0.22895000000000001,6617.35498726482,0.0,0.0,2.44742300173362,9.541319725544157e-07,9.541319725544147e-07
0.229,6617.241812560811,0.0,0.0,2.447382784180264,9.541116284322696e-07,9.541116284322686e-07
0.22905,6617.130896926285,0.0,0.0,2.4473417412252325,9.541047557260397e-07,9.541047557260386e-07
0.2291,6617.022085624609,0.0,0.0,2.447299930639105,9.540825701650111e-07,9.5408257016501e-07
0.22915000000000002,6616.915745094345,0.0,0.0,2.44725741216721,9.540788605673444e-07,9.540788605673434e-07
0.22920000000000001,6616.811924430363,0.0,0.0,2.4472142459940374,9.540557931529936e-07,9.540557931529925e-07
0.22925,6616.71075840771,0.0,0.0,2.4471704934466647,9.540542920812081e-07,9.54054292081207e-07
0.2293,6616.612520723949,0.0,0.0,2.4471262168457364,9.540315564726501e-07,9.54031556472649e-07
0.22935,6616.517106147788,0.0,0.0,2.447081478709823,9.540311128807896e-07,9.540311128807886e-07
0.22940000000000002,6616.425005057684,0.0,0.0,2.4470363431614546,9.54010036856782e-07,9.54010036856781e-07
0.22945000000000002,6616.335893154081,0.0,0.0,2.446990873561964,9.54009455124008e-07,9.540094551240069e-07
0.2295,6616.250440780745,0.0,0.0,2.4469451354400835,9.539913208707403e-07,9.539913208707392e-07
0.22955,6616.168153036013,0.0,0.0,2.446899192698072,9.539895211651872e-07,9.539895211651861e-07
0.2296,6616.0898184478165,0.0,0.0,2.4468531118163477,9.539754067982646e-07,9.539754067982636e-07
0.22965000000000002,6616.014841892701,0.0,0.0,2.4468069569806983,9.539715724717818e-07,9.539715724717807e-07
0.22970000000000002,6615.9440504617705,0.0,0.0,2.4467607951202335,9.539622162655707e-07,9.539622162655696e-07
0.22975,6615.876832587223,0.0,0.0,2.4467146904815875,9.539559087966659e-07,9.539559087966648e-07
0.2298,6615.813966111833,0.0,0.0,2.4466687099083377,9.539516146783005e-07,9.539516146782995e-07
0.22985,6615.75490961812,0.0,0.0,2.446622917503986,9.539428404576196e-07,9.539428404576185e-07
0.22990000000000002,6615.70030683041,0.0,0.0,2.4465773794836716,9.539434383711147e-07,9.539434383711136e-07
0.22995000000000002,6615.649764750403,0.0,0.0,2.4465321596026923,9.53932657992758e-07,9.53932657992757e-07
0.23,6615.603721821838,0.0,0.0,2.4464873229209516,9.539375247913747e-07,9.539375247913736e-07
0.23005,6615.561993238761,0.0,0.0,2.4464429326186754,9.53925603052616e-07,9.53925603052615e-07
0.2301,6615.524764061328,0.0,0.0,2.4463990521141823,9.539337418417693e-07,9.539337418417682e-07
0.23015000000000002,6615.492090854728,0.0,0.0,2.446355743745381,9.539218440650531e-07,9.53921844065052e-07
0.23020000000000002,6615.463886659131,0.0,0.0,2.4463130688634087,9.53932011549049e-07,9.539320115490479e-07
0.23025,6615.440451497473,0.0,0.0,2.4462710886431496,9.539214595882857e-07,9.539214595882846e-07
0.2303,6615.421439835519,0.0,0.0,2.4462298620174767,9.539323245292317e-07,9.539323245292307e-07
0.23035,6615.407365439988,0.0,0.0,2.4461894486183313,9.539244307248537e-07,9.539244307248527e-07
0.23040000000000002,6615.397668373818,0.0,0.0,2.446149904689077,9.539347427837796e-07,9.539347427837786e-07
0.23045000000000002,6615.393018165464,0.0,0.0,2.446111287883022,9.53930643742381e-07,9.539306437423799e-07
0.2305,6615.39270983432,0.0,0.0,2.4460736515584265,9.539393902682221e-07,9.53939390268221e-07
0.23055,6615.397489629677,0.0,0.0,2.4460370509109346,9.539399023893084e-07,9.539399023893073e-07
0.2306,6615.406593455467,0.0,0.0,2.446001536281004,9.539464330619476e-07,9.539464330619466e-07
0.23065000000000002,6615.420754070381,0.0,0.0,2.4459671599046167,9.53951948871908e-07,9.53951948871907e-07
0.23070000000000002,6615.439239850011,0.0,0.0,2.44593396901452,9.539560520782418e-07,9.539560520782408e-07
0.23075,6615.462680150232,0.0,0.0,2.4459020123882356,9.539664912048604e-07,9.539664912048596e-07
0.2308,6615.490461533418,0.0,0.0,2.44587133407941,9.539684128334242e-07,9.539684128334231e-07
0.23085,6615.523031602331,0.0,0.0,2.4458419789399977,9.539832336128099e-07,9.539832336128088e-07
0.23090000000000002,6615.559964182937,0.0,0.0,2.4458139877663228,9.539836363538845e-07,9.539836363538834e-07
0.23095000000000002,6615.601468254421,0.0,0.0,2.445787401077038,9.540019062183844e-07,9.540019062183833e-07
0.231,6615.6473487449275,0.0,0.0,2.4457622563034063,9.54001775210982e-07,9.54001775210981e-07
0.23105,6615.697547541901,0.0,0.0,2.4457385893052246,9.540222895320116e-07,9.540222895320105e-07
0.2311,6615.752114129122,0.0,0.0,2.4457164339948134,9.540227973733991e-07,9.54022797373398e-07
0.23115000000000002,6615.8107265775925,0.0,0.0,2.4456958213452036,9.540442304195174e-07,9.540442304195164e-07
0.23120000000000002,6615.873660608265,0.0,0.0,2.4456767815413736,9.540465793301819e-07,9.540465793301808e-07
0.23125,6615.940364712378,0.0,0.0,2.4456593405450238,9.540676467959345e-07,9.540676467959334e-07
0.2313,6616.0112936970945,0.0,0.0,2.4456435245527324,9.540729091835283e-07,9.540729091835272e-07
0.23135,6616.085726830495,0.0,0.0,2.4456293544889225,9.54092520578467e-07,9.54092520578466e-07
0.23140000000000002,6616.164228465476,0.0,0.0,2.4456168522595867,9.541014987741433e-07,9.541014987741422e-07
0.23145000000000002,6616.245987205353,0.0,0.0,2.445606033810213,9.541188802747165e-07,9.541188802747154e-07
0.2315,6616.331594282991,0.0,0.0,2.4455969164333298,9.541320037400722e-07,9.541320037400712e-07
0.23155,6616.420234098215,0.0,0.0,2.445589511215599,9.541467760882987e-07,9.541467760882976e-07
0.2316,6616.512439791809,0.0,0.0,2.4455838305191144,9.541640490725073e-07,9.541640490725063e-07
0.23165000000000002,6616.607475003072,0.0,0.0,2.445579880726466,9.54176251981835e-07,9.541762519818338e-07
0.23170000000000002,6616.705738254277,0.0,0.0,2.4455776689875615,9.541972573111129e-07,9.541972573111118e-07
0.23175,6616.806642497828,0.0,0.0,2.4455771971416804,9.542073187911654e-07,9.542073187911645e-07
0.2318,6616.910393097847,0.0,0.0,2.4455784669085907,9.542312759897937e-07,9.542312759897927e-07
0.23185,6617.016600708767,0.0,0.0,2.4455814757250467,9.542399324467477e-07,9.54239932446747e-07
0.23190000000000002,6617.125243795005,0.0,0.0,2.4455862197501665,9.542658005537429e-07,9.542658005537418e-07
0.23195000000000002,6617.23615217899,0.0,0.0,2.4455926921189923,9.542739798029915e-07,9.542739798029905e-07
0.232,6617.349072024732,0.0,0.0,2.4456008834030576,9.54300589724979e-07,9.543005897249779e-07
0.23205,6617.464045195305,0.0,0.0,2.4456107824850846,9.543092734672515e-07,9.543092734672505e-07
0.2321,6617.580608151739,0.0,0.0,2.4456223744316983,9.543354708173839e-07,9.54335470817383e-07
0.23215000000000002,6617.698981307398,0.0,0.0,2.4456356438701325,9.543455556910958e-07,9.54345555691095e-07
0.23220000000000002,6617.818538111984,0.0,0.0,2.445650570549898,9.543703345684255e-07,9.543703345684246e-07
0.23225,6617.939623074307,0.0,0.0,2.4456671347958254,9.543825101784645e-07,9.543825101784637e-07
0.2323,6618.061510582125,0.0,0.0,2.445685311318643,9.544051204135866e-07,9.544051204135857e-07
0.23235,6618.184601881732,0.0,0.0,2.4457050760681462,9.54419780357341e-07,9.5441978035734e-07
0.23240000000000002,6618.308144593504,0.0,0.0,2.4457263990623113,9.544397950232711e-07,9.544397950232703e-07
0.23245000000000002,6618.432525745973,0.0,0.0,2.4457492518017983,9.544569916282556e-07,9.544569916282548e-07
0.2325,6618.557037401455,0.0,0.0,2.445773599997795,9.544743280587936e-07,9.544743280587927e-07
0.23255,6618.681987156116,0.0,0.0,2.445799410653714,9.54493775249134e-07,9.54493775249133e-07
0.2326,6618.806772655505,0.0,0.0,2.445826645570237,9.545086691059237e-07,9.545086691059229e-07
0.23265000000000002,6618.931570789561,0.0,0.0,2.4458552672582785,9.545297909585306e-07,9.545297909585298e-07
0.23270000000000002,6619.055928767086,0.0,0.0,2.4458852339874695,9.545427296385682e-07,9.545427296385674e-07
0.23275,6619.179861239911,0.0,0.0,2.4459165038562642,9.545647455000424e-07,9.545647455000415e-07
0.2328,6619.303087337431,0.0,0.0,2.4459490319441697,9.545763722435414e-07,9.545763722435406e-07
0.23285,6619.4254506534035,0.0,0.0,2.445982772107895,9.545984046565817e-07,9.545984046565808e-07
0.23290000000000002,6619.546841631121,0.0,0.0,2.446017676525736,9.546094082130648e-07,9.54609408213064e-07
0.23295000000000002,6619.666946351693,0.0,0.0,2.446053695079877,9.546305969213363e-07,9.546305969213355e-07
0.233,6619.785804883231,0.0,0.0,2.4460907772805016,9.546416030237677e-07,9.546416030237669e-07
0.23305,6619.902978433707,0.0,0.0,2.446128869394968,9.546612084781055e-07,9.546612084781046e-07
0.2331,6620.0186184557515,0.0,0.0,2.446167918448383,9.546726882406418e-07,9.54672688240641e-07
0.23315000000000002,6620.132207324874,0.0,0.0,2.446207867531825,9.54690170331047e-07,9.546901703310462e-07
0.23320000000000002,6620.243959668644,0.0,0.0,2.4462486613327368,9.547023778628913e-07,9.547023778628904e-07
0.23325,6620.353331326347,0.0,0.0,2.4462902402620834,9.547174401481472e-07,9.547174401481464e-07
0.2333,6620.460549309355,0.0,0.0,2.4463325468018073,9.547303867142197e-07,9.547303867142189e-07
0.23335,6620.565094026584,0.0,0.0,2.4463755192105374,9.547429821933787e-07,9.547429821933778e-07
0.23340000000000002,6620.667158769371,0.0,0.0,2.446419097905231,9.547564487874278e-07,9.54756448787427e-07
0.23345000000000002,6620.76629162326,0.0,0.0,2.446463219523932,9.547667490765804e-07,9.547667490765795e-07
0.2335,6620.862616754586,0.0,0.0,2.446507822590541,9.547803332835844e-07,9.547803332835835e-07
0.23355,6620.955779999464,0.0,0.0,2.4465528426328063,9.547886686277284e-07,9.547886686277276e-07
0.2336,6621.045815647479,0.0,0.0,2.446598216504268,9.548018565464854e-07,9.548018565464846e-07
0.23365000000000002,6621.132481509719,0.0,0.0,2.4466438790906033,9.548086378123752e-07,9.54808637812374e-07
0.23370000000000002,6621.2157174427175,0.0,0.0,2.446689765861501,9.548208883302468e-07,9.54820888330246e-07
0.23375,6621.295391396991,0.0,0.0,2.4467358114736255,9.54826524332757e-07,9.54826524332756e-07
0.2338,6621.371359348553,0.0,0.0,2.446781950367845,9.54837351428759e-07,9.548373514287581e-07
0.23385,6621.443583715664,0.0,0.0,2.4468281173250643,9.548421748884576e-07,9.548421748884567e-07
0.23390000000000002,6621.511859016662,0.0,0.0,2.4468742461770683,9.548512146978093e-07,9.548512146978082e-07
0.23395000000000002,6621.576216749392,0.0,0.0,2.4469202721262957,9.54855428140005e-07,9.548554281400042e-07
0.234,6621.636419417804,0.0,0.0,2.4469661288678224,9.548624804703396e-07,9.548624804703388e-07
0.23405,6621.692537814351,0.0,0.0,2.4470117522782235,9.548661298705112e-07,9.548661298705104e-07
0.2341,6621.744333357477,0.0,0.0,2.447057076422583,9.54871168621434e-07,9.548711686214331e-07
0.23415000000000002,6621.791887463938,0.0,0.0,2.447102038075812,9.54874147864104e-07,9.54874147864103e-07
0.23420000000000002,6621.83498757587,0.0,0.0,2.4471465721919126,9.548773002368789e-07,9.54877300236878e-07
0.23425,6621.8737030539405,0.0,0.0,2.44719061665875,9.548793844710574e-07,9.548793844710565e-07
0.2343,6621.907866421647,0.0,0.0,2.4472341078273514,9.548808841401635e-07,9.548808841401626e-07
0.23435,6621.937521692441,0.0,0.0,2.4472769849216403,9.548817853156492e-07,9.548817853156484e-07
0.23440000000000003,6621.962555007091,0.0,0.0,2.447319186166168,9.54881908984062e-07,9.548819089840612e-07
0.23445000000000002,6621.9829825997485,0.0,0.0,2.4473606523673044,9.54881343220041e-07,9.5488134322004e-07
0.23450000000000001,6621.998741815399,0.0,0.0,2.4474013240517265,9.548803424705817e-07,9.548803424705808e-07
0.23455,6622.0098288951685,0.0,0.0,2.4474411438871497,9.548780968693833e-07,9.548780968693825e-07
0.2346,6622.016220682036,0.0,0.0,2.447480055073336,9.548761377349088e-07,9.54876137734908e-07
0.23465,6622.017908860881,0.0,0.0,2.447518002453174,9.548721242999808e-07,9.5487212429998e-07
0.23470000000000002,6622.014892110877,0.0,0.0,2.4475549322100907,9.548692454236921e-07,9.548692454236913e-07
0.23475000000000001,6622.007176690421,0.0,0.0,2.4475907917064568,9.548635318701029e-07,9.54863531870102e-07
0.2348,6621.994763891848,0.0,0.0,2.4476255303637235,9.548596289013225e-07,9.548596289013217e-07
0.23485,6621.977692746207,0.0,0.0,2.4476590984278346,9.548524401242248e-07,9.54852440124224e-07
0.2349,6621.95595100747,0.0,0.0,2.4476914487661,9.548472795750355e-07,9.548472795750346e-07
0.23495000000000002,6621.929623317723,0.0,0.0,2.447722534876916,9.548389686300734e-07,9.548389686300725e-07
0.23500000000000001,6621.898674835307,0.0,0.0,2.4477523132479018,9.548322295597137e-07,9.548322295597127e-07
0.23505,6621.863239871517,0.0,0.0,2.447780740986401,9.548232224457737e-07,9.548232224457728e-07
0.2351,6621.8232616804125,0.0,0.0,2.4478077783556853,9.548145596005454e-07,9.548145596005446e-07
0.23515,6621.778917755105,0.0,0.0,2.4478333863994446,9.548052828773045e-07,9.548052828773036e-07
0.23520000000000002,6621.730140677183,0.0,0.0,2.447857529305615,9.547944011974515e-07,9.547944011974507e-07
0.23525000000000001,6621.6771343384835,0.0,0.0,2.447880172338592,9.547852047016258e-07,9.54785204701625e-07
0.2353,6621.619841116375,0.0,0.0,2.447901283762983,9.547719327075929e-07,9.547719327075918e-07
0.23535,6621.558466536331,0.0,0.0,2.447920833295827,9.54763020882565e-07,9.54763020882564e-07
0.2354,6621.492989263362,0.0,0.0,2.4479387934377197,9.54747370081096e-07,9.547473700810952e-07
0.23545000000000002,6621.423587711582,0.0,0.0,2.447955138534151,9.547387542686898e-07,9.54738754268689e-07
0.23550000000000001,6621.350304696585,0.0,0.0,2.4479698454871386,9.547209532876094e-07,9.547209532876086e-07
0.23555,6621.273263927303,0.0,0.0,2.4479828933922794,9.547124343591584e-07,9.547124343591576e-07
0.2356,6621.192596248412,0.0,0.0,2.4479942637181886,9.546929300117675e-07,9.546929300117667e-07
0.23565,6621.108349558809,0.0,0.0,2.4480039403850498,9.546841159191197e-07,9.546841159191189e-07
0.23570000000000002,6621.02075752649,0.0,0.0,2.44801190958266,9.546635385172892e-07,9.546635385172883e-07
0.23575000000000002,6620.929782314906,0.0,0.0,2.4480181600933992,9.546538960178194e-07,9.546538960178186e-07
0.2358,6620.835762073266,0.0,0.0,2.4480226829598224,9.546329918040463e-07,9.546329918040452e-07
0.23585,6620.73857767049,0.0,0.0,2.4480254718389216,9.54621926194266e-07,9.54621926194265e-07
0.2359,6620.638658135873,0.0,0.0,2.4480265227221913,9.54601465550768e-07,9.546014655507671e-07
0.23595000000000002,6620.5358228415935,0.0,0.0,2.4480258341392735,9.545884175526504e-07,9.545884175526496e-07
0.23600000000000002,6620.430563028635,0.0,0.0,2.448023407081226,9.545690919222894e-07,9.545690919222886e-07
0.23605,6620.3226703171895,0.0,0.0,2.4480192449419724,9.54553637926994e-07,9.54553637926993e-07
0.2361,6620.212657109484,0.0,0.0,2.4480133537109756,9.545359609870722e-07,9.545359609870713e-07
0.23615,6620.100331080897,0.0,0.0,2.448005741635371,9.54517901431273e-07,9.545179014312719e-07
0.23620000000000002,6619.986177296385,0.0,0.0,2.447996419648883,9.545021301950808e-07,9.545021301950798e-07
0.23625000000000002,6619.870067580445,0.0,0.0,2.447985400836855,9.54481552007168e-07,9.544815520071669e-07
0.2363,6619.75241019619,0.0,0.0,2.447972700974196,9.54467641018523e-07,9.544676410185222e-07
0.23635,6619.633186507318,0.0,0.0,2.4479583379595398,9.544449429623729e-07,9.54444942962372e-07
0.2364,6619.512684786591,0.0,0.0,2.4479423322656557,9.544325404004683e-07,9.544325404004674e-07
0.23645000000000002,6619.391031483362,0.0,0.0,2.447924706559982,9.544084150951932e-07,9.544084150951922e-07
0.23650000000000002,6619.268364749381,0.0,0.0,2.447905485841407,9.543969033657247e-07,9.543969033657239e-07
0.23655,6619.144975616756,0.0,0.0,2.447884697470546,9.543722758204592e-07,9.543722758204584e-07
0.2366,6619.020840480108,0.0,0.0,2.44786237078531,9.543608529613602e-07,9.543608529613593e-07
0.23665,6618.896414041827,0.0,0.0,2.4478385377213105,9.5433678176889e-07,9.543367817688891e-07
0.23670000000000002,6618.771520840405,0.0,0.0,2.44781323176505,9.543245736899363e-07,9.543245736899354e-07
0.23675000000000002,6618.646756344862,0.0,0.0,2.4477864892574233,9.54302127162031e-07,9.543021271620299e-07
0.2368,6618.52182481026,0.0,0.0,2.4477583476486946,9.542883160970322e-07,9.542883160970313e-07
0.23685,6618.3974189405935,0.0,0.0,2.4477288474590186,9.542684396300132e-07,9.542684396300124e-07
0.2369,6618.2731730357555,0.0,0.0,2.447698029927428,9.542523914682901e-07,9.54252391468289e-07
0.23695000000000002,6618.149817366494,0.0,0.0,2.4476659394718,9.54235784833412e-07,9.54235784833411e-07
0.23700000000000002,6618.0269794938595,0.0,0.0,2.4476326209534154,9.54217157336393e-07,9.542171573363921e-07
0.23705,6617.905358448612,0.0,0.0,2.4475981223574794,9.542041797356754e-07,9.542041797356743e-07
0.2371,6617.784643265141,0.0,0.0,2.447562492002664,9.541829960115834e-07,9.541829960115826e-07
0.23715,6617.665432435993,0.0,0.0,2.4475257810743023,9.54173613401211e-07,9.5417361340121e-07
0.23720000000000002,6617.5475405474945,0.0,0.0,2.447488041173852,9.54150288885692e-07,9.541502888856909e-07
0.23725000000000002,6617.43140501212,0.0,0.0,2.447449326298777,9.54144072579357e-07,9.541440725793562e-07
0.2373,6617.317016964108,0.0,0.0,2.4474096911349092,9.541193899999807e-07,9.541193899999798e-07
0.23735,6617.204609346341,0.0,0.0,2.447369192100812,9.541155682269303e-07,9.541155682269295e-07
0.2374,6617.094380147758,0.0,0.0,2.4473278867299806,9.540906018257864e-07,9.540906018257855e-07
0.23745000000000002,6616.986338159265,0.0,0.0,2.447285833485174,9.54088158792489e-07,9.540881587924882e-07
0.23750000000000002,6616.880892702098,0.0,0.0,2.447243092460222,9.540641561495232e-07,9.540641561495224e-07
0.23755,6616.777835946841,0.0,0.0,2.4471997238131573,9.540619660940151e-07,9.540619660940143e-07
0.2376,6616.677765410818,0.0,0.0,2.447155789852411,9.540402021910125e-07,9.540402021910117e-07
0.23765,6616.580291457107,0.0,0.0,2.447111352118972,9.54037181185236e-07,9.54037181185235e-07
0.23770000000000002,6616.486150804001,0.0,0.0,2.4470664747301756,9.54018803457708e-07,9.540188034577072e-07
0.23775000000000002,6616.394830468707,0.0,0.0,2.447021220336059,9.540140588537504e-07,9.540140588537496e-07
0.2378,6616.3071369473155,0.0,0.0,2.446975654402959,9.53999944208481e-07,9.539999442084801e-07
0.23785,6616.222509084282,0.0,0.0,2.4469298404491435,9.539929016898432e-07,9.539929016898423e-07
0.2379,6616.141741495216,0.0,0.0,2.4468838447885366,9.5398354497883e-07,9.539835449788289e-07
0.23795000000000002,6616.064307476041,0.0,0.0,2.4468377315881074,9.539740360851528e-07,9.539740360851517e-07
0.23800000000000002,6615.990906018845,0.0,0.0,2.4467915674851626,9.539694859298972e-07,9.539694859298963e-07
0.23805,6615.921124292828,0.0,0.0,2.446745417080359,9.539577835645976e-07,9.539577835645968e-07
0.2381,6615.855490533615,0.0,0.0,2.4466993468098037,9.539576350024478e-07,9.539576350024467e-07
0.23815,6615.793771669165,0.0,0.0,2.4466534214783318,9.539444315628883e-07,9.539444315628873e-07
0.23820000000000002,6615.736268401465,0.0,0.0,2.446607706819293,9.53947877160458e-07,9.539478771604569e-07
0.23825000000000002,6615.682970876842,0.0,0.0,2.446562267579073,9.539342070580376e-07,9.539342070580368e-07
0.2383,6615.63392151669,0.0,0.0,2.4465171683311797,9.53940140380563e-07,9.53940140380562e-07
0.23835,6615.589348648928,0.0,0.0,2.4464724734528205,9.539272563515556e-07,9.539272563515547e-07
0.2384,6615.549035974732,0.0,0.0,2.4464282459614375,9.539344141384742e-07,9.539344141384731e-07
0.23845000000000002,6615.513434044698,0.0,0.0,2.4463845494973357,9.539236330064884e-07,9.539236330064874e-07
0.23850000000000002,6615.482098232363,0.0,0.0,2.4463414451958814,9.539307575290595e-07,9.539307575290584e-07
0.23855,6615.455655939449,0.0,0.0,2.4462989955347942,9.539232953131102e-07,9.539232953131093e-07
0.2386,6615.4334918671075,0.0,0.0,2.446257259512225,9.539292954192283e-07,9.539292954192273e-07
0.23865,6615.416340950591,0.0,0.0,2.4462162979675175,9.539261136413065e-07,9.539261136413056e-07
0.23870000000000002,6615.403495055839,0.0,0.0,2.4461761675693863,9.539302034886114e-07,9.539302034886104e-07
0.23875000000000002,6615.395711881049,0.0,0.0,2.446136927008847,9.539318869346152e-07,9.539318869346144e-07
0.2388,6615.392278737232,0.0,0.0,2.446098630480189,9.539336844021853e-07,9.539336844021845e-07
0.23885,6615.393886566108,0.0,0.0,2.4460613340047614,9.539403668741609e-07,9.539403668741598e-07
0.2389,6615.3999056398125,0.0,0.0,2.4460250891833897,9.539399389350281e-07,9.53939938935027e-07
0.23895000000000002,6615.410877130232,0.0,0.0,2.4459899488616115,9.539512866958918e-07,9.539512866958907e-07
0.23900000000000002,6615.426330031022,0.0,0.0,2.44595596192999,9.53949136314391e-07,9.5394913631439e-07
0.23905,6615.446589725829,0.0,0.0,2.4459231775947314,9.539643912755678e-07,9.53964391275567e-07
0.2391,6615.471398297441,0.0,0.0,2.445891641898511,9.539613876229172e-07,9.539613876229162e-07
0.23915,6615.50082465942,0.0,0.0,2.445861400011967,9.539794641597887e-07,9.539794641597878e-07
0.23920000000000002,6615.534850249219,0.0,0.0,2.445832494952786,9.539767257440427e-07,9.539767257440418e-07
0.23925000000000002,6615.573277110736,0.0,0.0,2.4458049675457274,9.539963475960074e-07,9.539963475960066e-07
0.2393,6615.616321067754,0.0,0.0,2.44577885755517,9.539950937272714e-07,9.539950937272705e-07
0.23935,6615.663538358645,0.0,0.0,2.445754201246006,9.540149525666654e-07,9.540149525666645e-07
0.2394,6615.715343906164,0.0,0.0,2.445731034847127,9.540163428139975e-07,9.540163428139964e-07
0.23945000000000002,6615.771097669467,0.0,0.0,2.445709389946301,9.540352571169748e-07,9.54035257116974e-07
0.23950000000000002,6615.831352936366,0.0,0.0,2.4456892989080155,9.540402400040564e-07,9.540402400040553e-07
0.23955,6615.89534486214,0.0,0.0,2.4456707886131075,9.540572936096105e-07,9.540572936096095e-07
0.2396,6615.96368690731,0.0,0.0,2.4456538872021865,9.540664842395812e-07,9.540664842395802e-07
0.23965,6616.035573556365,0.0,0.0,2.445638616888722,9.54081126958134e-07,9.540811269581332e-07
0.23970000000000002,6616.111593033864,0.0,0.0,2.4456250012230596,9.540947295060642e-07,9.540947295060632e-07
0.23975000000000002,6616.190985190249,0.0,0.0,2.445613057835986,9.541068276838872e-07,9.541068276838861e-07
0.2398,6616.274231265424,0.0,0.0,2.44560280534213,9.541246121038084e-07,9.541246121038075e-07
0.23985,6616.360693670903,0.0,0.0,2.4455942568921816,9.54134443974873e-07,9.541344439748722e-07
0.2399,6616.450678881562,0.0,0.0,2.4455874258694448,9.54155779042921e-07,9.541557790429201e-07
0.23995000000000002,6616.543730747315,0.0,0.0,2.4455823210383607,9.541639768667793e-07,9.541639768667784e-07
0.24000000000000002,6616.639935391499,0.0,0.0,2.445578950331054,9.541879136805575e-07,9.541879136805567e-07
0.24005,6616.739051908294,0.0,0.0,2.4455773181886653,9.541953618815446e-07,9.541953618815435e-07
0.2401,6616.840927847148,0.0,0.0,2.4455774269677986,9.54220755234547e-07,9.54220755234546e-07
0.24015,6616.945542798933,0.0,0.0,2.445579276803264,9.542284589458108e-07,9.5422845894581e-07
0.24020000000000002,6617.052516467532,0.0,0.0,2.4455828644583133,9.542541092475117e-07,9.542541092475109e-07
0.24025000000000002,6617.162026040396,0.0,0.0,2.4455881857269044,9.5426305154494e-07,9.54263051544939e-07
0.2403,6617.273500741767,0.0,0.0,2.4455952318682304,9.542878474714621e-07,9.542878474714613e-07
0.24035,6617.387268300221,0.0,0.0,2.4456039942538585,9.542988544973733e-07,9.542988544973722e-07
0.2404,6617.502625925515,0.0,0.0,2.44561445882584,9.543218975364239e-07,9.54321897536423e-07
0.24045000000000002,6617.61998762497,0.0,0.0,2.4456266124188204,9.543355292125764e-07,9.543355292125756e-07
0.24050000000000002,6617.738589987308,0.0,0.0,2.4456404359234765,9.54356224210478e-07,9.543562242104772e-07
0.24055,6617.858860838428,0.0,0.0,2.4456559115117567,9.543727044855193e-07,9.543727044855184e-07
0.2406,6617.980050995884,0.0,0.0,2.4456730153423663,9.543908058342162e-07,9.543908058342153e-07
0.24065,6618.102531060698,0.0,0.0,2.4456917248138264,9.544100003726318e-07,9.54410000372631e-07
0.24070000000000003,6618.225634851034,0.0,0.0,2.4457120116973114,9.544256098559204e-07,9.544256098559196e-07
0.24075000000000002,6618.349615235568,0.0,0.0,2.4457338485498794,9.544470524978158e-07,9.544470524978147e-07
0.24080000000000001,6618.473943380614,0.0,0.0,2.445757203096433,9.544605715079247e-07,9.544605715079239e-07
0.24085,6618.598711692672,0.0,0.0,2.445782043052148,9.544835336808654e-07,9.544835336808646e-07
0.2409,6618.723562616364,0.0,0.0,2.4458083324095843,9.54495578662438e-07,9.544955786624371e-07
0.24095000000000003,6618.848407753441,0.0,0.0,2.445836034128415,9.545191702161059e-07,9.54519170216105e-07
0.24100000000000002,6618.973071248095,0.0,0.0,2.4458651087381513,9.54530464580672e-07,9.545304645806708e-07
0.24105000000000001,6619.09728734213,0.0,0.0,2.445895514626809,9.545537503890358e-07,9.54553750389035e-07
0.2411,6619.221049076884,0.0,0.0,2.445927209077396,9.545650090056816e-07,9.545650090056808e-07
0.24115,6619.343938699916,0.0,0.0,2.445960146188428,9.545871241157293e-07,9.545871241157282e-07
0.2412,6619.46608539953,0.0,0.0,2.44599428016167,9.545989465990468e-07,9.545989465990458e-07
0.24125000000000002,6619.586962105818,0.0,0.0,2.446029561177627,9.54619193907609e-07,9.546191939076079e-07
0.24130000000000001,6619.70678725132,0.0,0.0,2.446065940481622,9.546319812141102e-07,9.546319812141092e-07
0.24135,6619.8249776851035,0.0,0.0,2.446103364779135,9.546498988588106e-07,9.546498988588098e-07
0.2414,6619.941787373792,0.0,0.0,2.4461417824615506,9.546638037867335e-07,9.546638037867327e-07
0.24145,6620.056633221433,0.0,0.0,2.446181137249829,9.54679194797786e-07,9.54679194797785e-07
0.24150000000000002,6620.169751940878,0.0,0.0,2.446221374784386,9.546941116408224e-07,9.546941116408216e-07
0.24155000000000001,6620.280611935688,0.0,0.0,2.4462624363123116,9.547070341654916e-07,9.547070341654906e-07
0.2416,6620.389387930103,0.0,0.0,2.446304264850679,9.547226269664024e-07,9.547226269664013e-07
0.24165,6620.495640193186,0.0,0.0,2.446346799676495,9.547333493158303e-07,9.547333493158295e-07
0.2417,6620.599450191841,0.0,0.0,2.446389981357648,9.547491122501034e-07,9.547491122501024e-07
0.24175000000000002,6620.7004950033215,0.0,0.0,2.4464337476745395,9.547580418877309e-07,9.5475804188773e-07
0.24180000000000001,6620.798748186617,0.0,0.0,2.4464780369834003,9.547733808296802e-07,9.547733808296793e-07
0.24185,6620.894011286366,0.0,0.0,2.446522785994035,9.547809796441877e-07,9.547809796441866e-07
0.2419,6620.986152405641,0.0,0.0,2.4465679311611073,9.547953010419177e-07,9.547953010419166e-07
0.24195,6621.07508875687,0.0,0.0,2.4466134084934503,9.548020006712618e-07,9.548020006712607e-07
0.24200000000000002,6621.1606005074045,0.0,0.0,2.446659152927382,9.548147933935467e-07,9.548147933935458e-07
0.24205000000000002,6621.242698389566,0.0,0.0,2.44670510008372,9.548209235275547e-07,9.548209235275536e-07
0.2421,6621.321103133272,0.0,0.0,2.446751183828635,9.548318211286678e-07,9.548318211286667e-07
0.24215,6621.395888372329,0.0,0.0,2.4467973396592506,9.548375612591878e-07,9.548375612591867e-07
0.2422,6621.466749444447,0.0,0.0,2.4468435008690514,9.548463758479297e-07,9.548463758479286e-07
0.24225000000000002,6621.533789500952,0.0,0.0,2.4468896030615515,9.548517368087998e-07,9.548517368087987e-07
0.24230000000000002,6621.596712305898,0.0,0.0,2.4469355794833203,9.548584608462158e-07,9.54858460846215e-07
0.24235,6621.655620008366,0.0,0.0,2.446981366058555,9.548632976408157e-07,9.548632976408148e-07
0.2424,6621.710253113273,0.0,0.0,2.4470268965173747,9.548680753544791e-07,9.54868075354478e-07
0.24245,6621.760689786145,0.0,0.0,2.4470721073225943,9.548721277066001e-07,9.54872127706599e-07
0.24250000000000002,6621.8067261916185,0.0,0.0,2.4471169332000957,9.548752028213767e-07,9.548752028213757e-07
0.24255000000000002,6621.848404047683,0.0,0.0,2.447161311390281,9.548781553871913e-07,9.548781553871902e-07
0.2426,6621.885582699448,0.0,0.0,2.447205178089095,9.548798054458795e-07,9.548798054458786e-07
0.24265,6621.918266422602,0.0,0.0,2.4472484715874705,9.548813565124597e-07,9.548813565124588e-07
0.2427,6621.946373989687,0.0,0.0,2.4472911299738236,9.548818258912146e-07,9.548818258912137e-07
0.24275000000000002,6621.969881528021,0.0,0.0,2.4473330929029857,9.548817520157445e-07,9.548817520157434e-07
0.24280000000000002,6621.988754345686,0.0,0.0,2.4473743007194,9.54881195548329e-07,9.54881195548328e-07
0.24285,6622.002957033531,0.0,0.0,2.447414694794946,9.54879400403315e-07,9.54879400403314e-07
0.2429,6622.012483063562,0.0,0.0,2.4474542180350776,9.548778474458828e-07,9.54877847445882e-07
0.24295,6622.017305233619,0.0,0.0,2.44749281391401,9.54874385920515e-07,9.548743859205142e-07
0.24300000000000002,6622.017425836016,0.0,0.0,2.447530428151546,9.548717311273612e-07,9.5487173112736e-07
0.24305000000000002,6622.012844135292,0.0,0.0,2.4475670067283515,9.548668041171913e-07,9.548668041171902e-07
0.2431,6622.003555435447,0.0,0.0,2.4476024983920066,9.548628267026134e-07,9.548628267026126e-07
0.24315,6621.9895980442425,0.0,0.0,2.4476368520356155,9.54856747208519e-07,9.54856747208518e-07
0.2432,6621.970951701712,0.0,0.0,2.4476700196224916,9.548511556955724e-07,9.548511556955713e-07
0.24325000000000002,6621.947697627083,0.0,0.0,2.44770195334786,9.548442919952574e-07,9.548442919952563e-07
0.24330000000000002,6621.919800867722,0.0,0.0,2.447732608567716,9.548367871181917e-07,9.548367871181906e-07
0.24335,6621.887379414549,0.0,0.0,2.4477619411360263,9.54829492870426e-07,9.548294928704252e-07
0.2434,6621.850394257824,0.0,0.0,2.4477899099795697,9.548198380286182e-07,9.548198380286173e-07
0.24345,6621.80898470826,0.0,0.0,2.447816474921366,9.548123816679817e-07,9.548123816679808e-07
0.24350000000000002,6621.763126419605,0.0,0.0,2.4478415986461646,9.548004686105519e-07,9.548004686105508e-07
0.24355000000000002,6621.712957849729,0.0,0.0,2.447865245202016,9.547929746991116e-07,9.547929746991106e-07
0.2436,6621.658492725776,0.0,0.0,2.447887381230397,9.547788724297125e-07,9.547788724297114e-07
0.24365,6621.59984383956,0.0,0.0,2.44790797520386,9.54771285890211e-07,9.547712858902099e-07
0.2437,6621.537086499479,0.0,0.0,2.4479269979278286,9.547552629280515e-07,9.547552629280507e-07
0.24375000000000002,6621.470285275124,0.0,0.0,2.4479444224458287,9.54747343553146e-07,9.547473435531452e-07
0.24380000000000002,6621.39959569311,0.0,0.0,2.447960223934793,9.547298577546256e-07,9.547298577546245e-07
0.24385,6621.3250186424675,0.0,0.0,2.447974380110804,9.547212075590431e-07,9.54721207559042e-07
0.2439,6621.246799127303,0.0,0.0,2.4479868707186188,9.547028628146227e-07,9.547028628146218e-07
0.24395,6621.164869968458,0.0,0.0,2.4479976782144828,9.546929836769087e-07,9.546929836769079e-07
0.24400000000000002,6621.079562315806,0.0,0.0,2.4480067870829383,9.546744583617526e-07,9.546744583617515e-07
0.24405000000000002,6620.990749900335,0.0,0.0,2.448014184565661,9.546628323731513e-07,9.546628323731502e-07
0.2441,6620.898832833176,0.0,0.0,2.4480198600221663,9.546447894662974e-07,9.546447894662964e-07
0.24415,6620.803648274694,0.0,0.0,2.4480238055126553,9.546309706105516e-07,9.546309706105505e-07
0.2442,6620.705635247668,0.0,0.0,2.4480260153603415,9.54613962882991e-07,9.5461396288299e-07
0.24425000000000002,6620.604628237431,0.0,0.0,2.448026486471778,9.545976662673282e-07,9.545976662673273e-07
0.24430000000000002,6620.501065564462,0.0,0.0,2.4480252181707143,9.545820515586772e-07,9.545820515586762e-07
0.24435,6620.394820025065,0.0,0.0,2.448022212235029,9.545632260677323e-07,9.545632260677314e-07
0.2444,6620.28628519472,0.0,0.0,2.448017472973639,9.545491066072735e-07,9.545491066072726e-07
0.24445,6620.1754144295455,0.0,0.0,2.4480110070554093,9.545279786030148e-07,9.54527978603014e-07
0.24450000000000002,6620.062514448918,0.0,0.0,2.448002823711575,9.545151753029371e-07,9.54515175302936e-07
0.24455000000000002,6619.947656064223,0.0,0.0,2.4479929345094766,9.544922545147409e-07,9.544922545147398e-07
0.2446,6619.831025550732,0.0,0.0,2.4479813535012394,9.544803220901268e-07,9.544803220901257e-07
0.24465,6619.7128364258,0.0,0.0,2.4479680971379887,9.544563662184109e-07,9.544563662184098e-07
0.2447,6619.593135265791,0.0,0.0,2.4479531841642297,9.544446490114063e-07,9.544446490114053e-07
0.24475000000000002,6619.472286804532,0.0,0.0,2.4479366358666725,9.544205893994736e-07,9.544205893994726e-07
0.24480000000000002,6619.350197140424,0.0,0.0,2.4479184755386822,9.54408311802078e-07,9.54408311802077e-07
0.24485,6619.227371060028,0.0,0.0,2.4478987292103356,9.543851487205267e-07,9.543851487205257e-07
0.2449,6619.103593498076,0.0,0.0,2.4478774245758284,9.543715286114417e-07,9.543715286114407e-07
0.24495,6618.979478219315,0.0,0.0,2.447854592264688,9.543502096974866e-07,9.543502096974855e-07
0.24500000000000002,6618.854727238467,0.0,0.0,2.447830264226501,9.543345797796986e-07,9.543345797796977e-07
0.24505000000000002,6618.730014951825,0.0,0.0,2.4478044754914214,9.543158783893875e-07,9.543158783893865e-07
0.2451,6618.605013556961,0.0,0.0,2.4477772621238842,9.542977984252611e-07,9.5429779842526e-07
0.24515,6618.480397839062,0.0,0.0,2.4477486633031638,9.5428220960548e-07,9.54282209605479e-07
0.2452,6618.355871692912,0.0,0.0,2.4477187190699428,9.542615533167102e-07,9.542615533167093e-07
0.24525000000000002,6618.232045508985,0.0,0.0,2.447687472456107,9.5424922306916e-07,9.54249223069159e-07
0.24530000000000002,6618.108716745122,0.0,0.0,2.4476549673340378,9.542262262964551e-07,9.54226226296454e-07
0.24535,6617.986370598545,0.0,0.0,2.447621250259118,9.542169257402494e-07,9.542169257402483e-07
0.2454,6617.864951692738,0.0,0.0,2.447586368773343,9.541921872740376e-07,9.541921872740366e-07
0.24545,6617.744771601839,0.0,0.0,2.447550372609271,9.541853369547098e-07,9.541853369547087e-07
0.24550000000000002,6617.625959580213,0.0,0.0,2.4475133127855457,9.541597698160317e-07,9.541597698160309e-07
0.24555000000000002,6617.508624679527,0.0,0.0,2.4474752418647054,9.541545125427212e-07,9.541545125427201e-07
0.2456,6617.393095972619,0.0,0.0,2.4474362141053496,9.541292500806948e-07,9.54129250080694e-07
0.24565,6617.2792754465645,0.0,0.0,2.4473962845666914,9.541245636981707e-07,9.541245636981696e-07
0.2457,6617.1676816282725,0.0,0.0,2.4473555104570073,9.54100831655266e-07,9.541008316552652e-07
0.24575000000000002,6617.058030923888,0.0,0.0,2.44731394902374,9.540956673296664e-07,9.540956673296656e-07
0.24580000000000002,6616.950995390075,0.0,0.0,2.4472716600759945,9.54074637988847e-07,9.540746379888459e-07
0.24585,6616.846151656041,0.0,0.0,2.4472287027713113,9.540680659942369e-07,9.540680659942358e-07
0.2459,6616.744267316493,0.0,0.0,2.4471851391136217,9.540507137965546e-07,9.540507137965535e-07
0.24595,6616.644844180465,0.0,0.0,2.44714102992158,9.540420571586299e-07,9.54042057158629e-07
0.24600000000000002,6616.548671956017,0.0,0.0,2.447096438938988,9.540290356142864e-07,9.540290356142853e-07
0.24605000000000002,6616.455253900338,0.0,0.0,2.447051428418198,9.540179735348767e-07,9.540179735348757e-07
0.2461,6616.365321857715,0.0,0.0,2.447006063353415,9.54009530708933e-07,9.540095307089322e-07
0.24615,6616.278458435274,0.0,0.0,2.4469604072116695,9.539961571949506e-07,9.539961571949495e-07
0.2462,6616.195261230434,0.0,0.0,2.446914525732856,9.539921022885518e-07,9.53992102288551e-07
0.24625000000000002,6616.115461554782,0.0,0.0,2.446868483371364,9.539769312085234e-07,9.539769312085223e-07
0.24630000000000002,6616.039459853968,0.0,0.0,2.446822346114426,9.539766576025937e-07,9.539766576025926e-07
0.24635,6615.967187643722,0.0,0.0,2.4467761791504654,9.539605723609764e-07,9.539605723609756e-07
0.2464,6615.898807255099,0.0,0.0,2.446730048243451,9.539631350006466e-07,9.539631350006457e-07
0.24645,6615.834476804818,0.0,0.0,2.446684019020571,9.539472882415182e-07,9.539472882415171e-07
0.24650000000000002,6615.77410721284,0.0,0.0,2.4466381565978,9.539515255349935e-07,9.539515255349927e-07
0.24655000000000002,6615.7180804810005,0.0,0.0,2.4465925266925765,9.539372013091336e-07,9.539372013091326e-07
0.2466,6615.666072730533,0.0,0.0,2.4465471934064995,9.539418857108301e-07,9.53941885710829e-07
0.24665,6615.618657643239,0.0,0.0,2.4465022221407766,9.539303415501955e-07,9.539303415501944e-07
0.2467,6615.575321472852,0.0,0.0,2.446457675679608,9.539343391034433e-07,9.539343391034422e-07
0.24675000000000002,6615.536771466819,0.0,0.0,2.4464136186469205,9.539266487896346e-07,9.539266487896335e-07
0.24680000000000002,6615.502371870179,0.0,0.0,2.4463701122665293,9.539290665441554e-07,9.539290665441544e-07
0.24685,6615.472886436014,0.0,0.0,2.4463272198809407,9.53925984388084e-07,9.53925984388083e-07
0.2469,6615.447639861363,0.0,0.0,2.4462850009595445,9.539262865201457e-07,9.539262865201447e-07
0.24695,6615.4273659202145,0.0,0.0,2.446243517034936,9.539281513993176e-07,9.539281513993168e-07
0.24700000000000003,6615.411436401355,0.0,0.0,2.446202825659362,9.539262286992936e-07,9.539262286992928e-07
0.24705000000000002,6615.4004700998485,0.0,0.0,2.4461629860265974,9.539329209227982e-07,9.539329209227972e-07
0.24710000000000001,6615.393965749997,0.0,0.0,2.4461240536189335,9.539291047161312e-07,9.539291047161301e-07
0.24715,6615.39235436153,0.0,0.0,2.4460860847881642,9.53940061416046e-07,9.539400614160448e-07
0.2472,6615.395324506403,0.0,0.0,2.4460491327813765,9.53935080090077e-07,9.53935080090076e-07
0.24725000000000003,6615.403068098677,0.0,0.0,2.44601325065633,9.539493671304601e-07,9.53949367130459e-07
0.24730000000000002,6615.415501445512,0.0,0.0,2.4459784892273486,9.539442509548409e-07,9.539442509548398e-07
0.24735000000000001,6615.432554016257,0.0,0.0,2.445944897878243,9.539606813909238e-07,9.539606813909227e-07
0.2474,6615.454378007675,0.0,0.0,2.4459125247463724,9.539566281963483e-07,9.539566281963474e-07
0.24745,6615.480647993312,0.0,0.0,2.4458814152480075,9.539739113287138e-07,9.539739113287127e-07
0.24750000000000003,6615.511729481207,0.0,0.0,2.4458516145461187,9.53972130571091e-07,9.5397213057109e-07
0.24755000000000002,6615.54707952748,0.0,0.0,2.4458231638874337,9.539890316002846e-07,9.539890316002836e-07
0.24760000000000001,6615.587226720829,0.0,0.0,2.4457961051125956,9.539905874676352e-07,9.539905874676341e-07
0.24765,6615.631472901554,0.0,0.0,2.445770475184073,9.540060766961632e-07,9.54006076696162e-07
0.2477,6615.680438382927,0.0,0.0,2.445746312233541,9.540117507542982e-07,9.540117507542974e-07
0.24775,6615.733349014449,0.0,0.0,2.4457236488984906,9.540251231770266e-07,9.540251231770257e-07
0.24780000000000002,6615.790833616505,0.0,0.0,2.4457025191962676,9.540353146008094e-07,9.540353146008086e-07
0.24785000000000001,6615.852128010867,0.0,0.0,2.4456829514520098,9.540462648125128e-07,9.540462648125117e-07
0.2479,6615.917785116042,0.0,0.0,2.445664975170259,9.54060940929381e-07,9.5406094092938e-07
0.24795,6615.9871326268285,0.0,0.0,2.445648614404789,9.540695847445952e-07,9.540695847445942e-07
0.248,6616.060572607029,0.0,0.0,2.4456338937839166,9.540882876404163e-07,9.540882876404152e-07
0.24805000000000002,6616.137592260937,0.0,0.0,2.445620833133199,9.540951286897188e-07,9.540951286897178e-07
0.24810000000000001,6616.2183866532,0.0,0.0,2.445609451903572,9.541170360475076e-07,9.541170360475068e-07
0.24815,6616.302647735785,0.0,0.0,2.4455997657141193,9.54122883022624e-07,9.541228830226232e-07
0.2482,6616.390332901399,0.0,0.0,2.4455917886220635,9.541469137375069e-07,9.541469137375058e-07
0.24825,6616.481356608998,0.0,0.0,2.445585532022514,9.541527602261564e-07,9.541527602261555e-07
0.24830000000000002,6616.575436730437,0.0,0.0,2.4455810044627175,9.541777097040193e-07,9.541777097040182e-07
0.24835000000000002,6616.67269903627,0.0,0.0,2.4455782130475003,9.541845931720479e-07,9.541845931720468e-07
0.2484,6616.772648356861,0.0,0.0,2.4455771608035946,9.54209279374329e-07,9.54209279374328e-07
0.24845,6616.875583994026,0.0,0.0,2.4455778504306043,9.542181384584238e-07,9.54218138458423e-07
0.2485,6616.980848454091,0.0,0.0,2.4455802795254886,9.5424153904628e-07,9.542415390462793e-07
0.24855000000000002,6617.08885585115,0.0,0.0,2.445584446228865,9.542530879719488e-07,9.542530879719477e-07
0.24860000000000002,6617.198854241705,0.0,0.0,2.4455903428858368,9.542744507799011e-07,9.542744507799e-07
0.24865,6617.311301156234,0.0,0.0,2.4455979629038973,9.542890872638343e-07,9.542890872638332e-07
0.2487,6617.425426127204,0.0,0.0,2.4456072936195117,9.5430800056816e-07,9.54308000568159e-07
0.24875,6617.541655592317,0.0,0.0,2.4456183235369364,9.543257584532215e-07,9.543257584532206e-07
0.24880000000000002,6617.659274784772,0.0,0.0,2.4456310352658512,9.543421735947005e-07,9.543421735946996e-07
0.24885000000000002,6617.77861108413,0.0,0.0,2.445645412268554,9.543627251663896e-07,9.543627251663885e-07
0.2489,6617.89906869865,0.0,0.0,2.4456614327202164,9.543769305728817e-07,9.543769305728807e-07
0.24895,6618.02082297327,0.0,0.0,2.445679074960401,9.543996364264996e-07,9.543996364264987e-07
0.249,6618.143442051223,0.0,0.0,2.4456983130067056,9.544121888366304e-07,9.544121888366293e-07
0.24905000000000002,6618.266917344821,0.0,0.0,2.4457191200753354,9.54436186492125e-07,9.544361864921241e-07
0.24910000000000002,6618.391002868803,0.0,0.0,2.4457414662675294,9.544478104883398e-07,9.544478104883388e-07
0.24915,6618.515498428591,0.0,0.0,2.445765319770748,9.544721279660956e-07,9.544721279660946e-07
0.2492,6618.640341362103,0.0,0.0,2.4457906469631685,9.5448359883386e-07,9.54483598833859e-07
0.24925,6618.765156153487,0.0,0.0,2.4458174111990396,9.545072762318398e-07,9.545072762318387e-07
0.24930000000000002,6618.890038289796,0.0,0.0,2.445845575276119,9.54519302849845e-07,9.54519302849844e-07
0.24935000000000002,6619.014473837087,0.0,0.0,2.4458750980077606,9.54541504790155e-07,9.545415047901542e-07
0.2494,6619.138673325831,0.0,0.0,2.445905938710042,9.545546285287384e-07,9.545546285287373e-07
0.24945,6619.262036000453,0.0,0.0,2.445938052030883,9.545747323806686e-07,9.545747323806676e-07
0.2495,6619.384833278643,0.0,0.0,2.44597139387477,9.545892553320552e-07,9.545892553320543e-07
0.24955000000000002,6619.5064363305455,0.0,0.0,2.446005915161593,9.546069044363499e-07,9.54606904436349e-07
0.24960000000000002,6619.627120144563,0.0,0.0,2.4460415684468475,9.54622855524234e-07,9.546228555242329e-07
0.24965,6619.7462856946295,0.0,0.0,2.4460783013957306,9.546379722691261e-07,9.546379722691253e-07
0.2497,6619.864158933757,0.0,0.0,2.446116063294128,9.54655114181712e-07,9.546551141817112e-07
0.24975,6619.980220211779,0.0,0.0,2.446154799034232,9.546678737279727e-07,9.546678737279716e-07
0.24980000000000002,6620.094605236678,0.0,0.0,2.446194454752171,9.54685747458008e-07,9.546857474580072e-07
0.24985000000000002,6620.206909248912,0.0,0.0,2.4462349730316846,9.546965185956791e-07,9.54696518595678e-07
0.2499,6620.317152560333,0.0,0.0,2.446276297039412,9.547145169673458e-07,9.547145169673447e-07
0.24995,6620.425063292452,0.0,0.0,2.4463183674774918,9.547237807807459e-07,9.547237807807448e-07
0.25,6620.530539388537,0.0,0.0,2.44636112479719,9.547412383655216e-07,9.547412383655208e-07
0.25005,6620.633441587847,0.0,0.0,2.446404508195161,9.547494980903061e-07,9.54749498090305e-07
0.2501,6620.733556032444,0.0,0.0,2.4464484557402835,9.547657829137187e-07,9.547657829137176e-07
0.25015000000000004,6620.830859442971,0.0,0.0,2.4464929054446367,9.547734788517751e-07,9.54773478851774e-07
0.25020000000000003,6620.925051229804,0.0,0.0,2.4465377934027517,9.54788071837248e-07,9.547880718372472e-07
0.25025000000000003,6621.016195149888,0.0,0.0,2.4465830567120794,9.54795513783095e-07,9.54795513783094e-07
0.2503,6621.103938517133,0.0,0.0,2.446628629963565,9.54808064415721e-07,9.5480806441572e-07
0.25035,6621.188396414557,0.0,0.0,2.4466744495708634,9.54815390901691e-07,9.5481539090169e-07
0.2504,6621.269202352295,0.0,0.0,2.446720449135915,9.54825742054999e-07,9.548257420549982e-07
0.25045,6621.3464862938245,0.0,0.0,2.446766564597462,9.548329111943464e-07,9.548329111943456e-07
0.2505,6621.419903936016,0.0,0.0,2.4468127291037445,9.548410913176528e-07,9.54841091317652e-07
0.25055,6621.48956858439,0.0,0.0,2.4468588783254113,9.548479030241275e-07,9.548479030241266e-07
0.2506,6621.555186710375,0.0,0.0,2.446904945488817,9.548540892138057e-07,9.548540892138046e-07
0.25065000000000004,6621.616832675183,0.0,0.0,2.4469508662205977,9.548602335289117e-07,9.548602335289109e-07
0.25070000000000003,6621.674281438997,0.0,0.0,2.4469965743313007,9.548646935262521e-07,9.548646935262513e-07
0.25075000000000003,6621.727557873357,0.0,0.0,2.4470420056609634,9.548698157362322e-07,9.548698157362311e-07
0.2508,6621.776510827883,0.0,0.0,2.4470870950669372,9.548728398476504e-07,9.548728398476494e-07
0.25085,6621.821117211692,0.0,0.0,2.447131778903795,9.548766104825054e-07,9.548766104825043e-07
0.2509,6621.861293597132,0.0,0.0,2.4471759934836927,9.5487844558711e-07,9.548784455871092e-07
0.25095,6621.896980776704,0.0,0.0,2.4472196760239386,9.548806228141505e-07,9.548806228141494e-07
0.251,6621.928147952464,0.0,0.0,2.447262764641075,9.54881419766579e-07,9.54881419766578e-07
0.25105,6621.954718553156,0.0,0.0,2.447305197806374,9.548818932254567e-07,9.548818932254556e-07
0.2511,6621.976694407771,0.0,0.0,2.447346915735452,9.548816764398233e-07,9.548816764398225e-07
0.25115,6621.994002808417,0.0,0.0,2.4473878585769993,9.54880484943911e-07,9.548804849439101e-07
0.25120000000000003,6622.006657923046,0.0,0.0,2.4474279688950746,9.548791490844174e-07,9.548791490844166e-07
0.25125000000000003,6622.0146099967615,0.0,0.0,2.4474671889556845,9.54876469312517e-07,9.548764693125162e-07
0.2513,6622.017869358377,0.0,0.0,2.447505463889034,9.548738034643427e-07,9.548738034643419e-07
0.25135,6622.016422167682,0.0,0.0,2.4475427385161703,9.548699119149658e-07,9.54869911914965e-07
0.2514,6622.010266245903,0.0,0.0,2.447578960734818,9.548656469938613e-07,9.548656469938605e-07
0.25145,6621.999427842711,0.0,0.0,2.4476140783378684,9.548608622027463e-07,9.548608622027455e-07
0.2515,6621.983892913746,0.0,0.0,2.447648042189917,9.548547333889247e-07,9.548547333889236e-07
0.25155,6621.963722319652,0.0,0.0,2.447680803435153,9.548493488830958e-07,9.54849348883095e-07
0.2516,6621.938899996908,0.0,0.0,2.447712316113514,9.548411620987365e-07,9.548411620987354e-07
0.25165,6621.909507360011,0.0,0.0,2.4477425350505086,9.548353822404472e-07,9.548353822404464e-07
0.25170000000000003,6621.875543382238,0.0,0.0,2.4477714176851624,9.548250726650202e-07,9.548250726650192e-07
0.25175000000000003,6621.837090225466,0.0,0.0,2.4477989227985235,9.548189631191416e-07,9.548189631191405e-07
0.2518,6621.7941826236465,0.0,0.0,2.4478250114681552,9.548066346337247e-07,9.548066346337237e-07
0.25185,6621.746882034133,0.0,0.0,2.4478496466486956,9.548000969034363e-07,9.548000969034353e-07
0.2519,6621.695278870119,0.0,0.0,2.4478727933061597,9.54786034159387e-07,9.547860341593859e-07
0.25195,6621.63939543008,0.0,0.0,2.447894418735838,9.547788097328502e-07,9.547788097328491e-07
0.252,6621.579392314786,0.0,0.0,2.447914492042658,9.547634589116098e-07,9.547634589116088e-07
0.25205,6621.515241581065,0.0,0.0,2.4479329849879283,9.547551638483594e-07,9.547551638483586e-07
0.2521,6621.447179186963,0.0,0.0,2.4479498710536416,9.547390833377573e-07,9.547390833377564e-07
0.25215,6621.375126525354,0.0,0.0,2.4479651265623095,9.5472926916105e-07,9.547292691610493e-07
0.25220000000000004,6621.299388268013,0.0,0.0,2.44797872958508,9.547130566751976e-07,9.547130566751967e-07
0.25225000000000003,6621.219846937471,0.0,0.0,2.447990661082221,9.547012890285635e-07,9.547012890285624e-07
0.2523,6621.136856920343,0.0,0.0,2.4480009038876793,9.546854959496247e-07,9.546854959496236e-07
0.25235,6621.050285350248,0.0,0.0,2.4480094436668685,9.546714393003922e-07,9.546714393003913e-07
0.2524,6620.960506616059,0.0,0.0,2.448016268142573,9.546564857559155e-07,9.546564857559146e-07
0.25245,6620.867404929265,0.0,0.0,2.448021367749361,9.546399807690954e-07,9.546399807690946e-07
0.2525,6620.771337926283,0.0,0.0,2.4480247351727127,9.546260854410113e-07,9.546260854410105e-07
0.25255,6620.67224385127,0.0,0.0,2.44802636567809,9.546072061372933e-07,9.546072061372924e-07
0.2526,6620.570424994609,0.0,0.0,2.448026256935902,9.545943429954788e-07,9.545943429954777e-07
0.25265,6620.465909352676,0.0,0.0,2.4480244090983097,9.545734230717939e-07,9.54573423071793e-07
0.25270000000000004,6620.358909464988,0.0,0.0,2.4480208247966417,9.545613135302523e-07,9.545613135302512e-07
0.25275000000000003,6620.249571511912,0.0,0.0,2.4480155091118965,9.545389354118768e-07,9.545389354118757e-07
0.2528,6620.137993921681,0.0,0.0,2.4480084695751945,9.54527079097822e-07,9.545270790978209e-07
0.25285,6620.024456769714,0.0,0.0,2.4479997162144738,9.545040246517263e-07,9.545040246517253e-07
0.2529,6619.9089348688,0.0,0.0,2.4479892613735488,9.544917663142218e-07,9.544917663142208e-07
0.25295,6619.791841245121,0.0,0.0,2.447977120010275,9.544689339724343e-07,9.544689339724332e-07
0.253,6619.673035317691,0.0,0.0,2.447963309179236,9.544555584211809e-07,9.544555584211798e-07
0.25305,6619.553043806764,0.0,0.0,2.4479478487063093,9.544338570288887e-07,9.544338570288879e-07
0.2531,6619.431637082539,0.0,0.0,2.4479307602492346,9.54418699603459e-07,9.544186996034581e-07
0.25315,6619.309418931214,0.0,0.0,2.4479120683886038,9.543989333322984e-07,9.543989333322973e-07
0.25320000000000004,6619.186112838345,0.0,0.0,2.447891799277443,9.543814906216624e-07,9.543814906216613e-07
0.25325000000000003,6619.062349316181,0.0,0.0,2.4478699820844283,9.543642515608408e-07,9.5436425156084e-07
0.2533,6618.937858085866,0.0,0.0,2.447846647350456,9.54344276354346e-07,9.543442763543452e-07
0.25335,6618.813238243875,0.0,0.0,2.4478218286156324,9.54329860896673e-07,9.543298608966718e-07
0.2534,6618.68828305613,0.0,0.0,2.447795560697521,9.543074270180694e-07,9.543074270180685e-07
0.25345,6618.563501729,0.0,0.0,2.4477678812493484,9.542957893710887e-07,9.542957893710879e-07
0.2535,6618.438804673298,0.0,0.0,2.4477388292417563,9.542713154888038e-07,9.542713154888027e-07
0.25355,6618.3145604246265,0.0,0.0,2.447708446153467,9.542620666677122e-07,9.542620666677111e-07
0.2536,6618.19083861161,0.0,0.0,2.4476767749607506,9.542362936485021e-07,9.54236293648501e-07
0.25365,6618.067831394385,0.0,0.0,2.4476438606654476,9.542287478568845e-07,9.542287478568834e-07
0.25370000000000004,6617.945791471895,0.0,0.0,2.4476097500657166,9.54202670411446e-07,9.542026704114453e-07
0.25375000000000003,6617.824719757176,0.0,0.0,2.4475744913840445,9.541959341241494e-07,9.541959341241483e-07
0.2538,6617.705053133639,0.0,0.0,2.4475381350093675,9.541706940557196e-07,9.541706940557188e-07
0.25385,6617.586610329947,0.0,0.0,2.44750073209466,9.541637867518991e-07,9.54163786751898e-07
0.2539,6617.469989222123,0.0,0.0,2.44746233633356,9.54140540938476e-07,9.54140540938475e-07
0.25395,6617.354859352942,0.0,0.0,2.447423001539942,9.541325319133538e-07,9.54132531913353e-07
0.254,6617.241933746447,0.0,0.0,2.4473827843687,9.541123121816086e-07,9.541123121816078e-07
0.25405,6617.130786382747,0.0,0.0,2.447341741048202,9.54102455177523e-07,9.541024551775222e-07
0.2541,6617.022181835501,0.0,0.0,2.4472999307976213,9.540860392220456e-07,9.540860392220448e-07
0.25415,6616.9156664983,0.0,0.0,2.4472574120330584,9.540738865458482e-07,9.540738865458471e-07
0.25420000000000004,6616.811982603591,0.0,0.0,2.4472142460975186,9.540616979519138e-07,9.54061697951913e-07
0.25425000000000003,6616.710722844027,0.0,0.0,2.447170493378419,9.54047178152022e-07,9.540471781520212e-07
0.2543,6616.612532138506,0.0,0.0,2.447126216874163,9.540392301795755e-07,9.540392301795747e-07
0.25435,6616.517119653151,0.0,0.0,2.4470814787236406,9.540226777564537e-07,9.540226777564526e-07
0.2544,6616.424966611948,0.0,0.0,2.447036343103289,9.540185696222459e-07,9.540185696222448e-07
0.25445,6616.33595573413,0.0,0.0,2.4469908736641477,9.540007015967326e-07,9.540007015967317e-07
0.2545,6616.250355610234,0.0,0.0,2.446945135294683,9.539996688568477e-07,9.539996688568466e-07
0.25455,6616.168258483266,0.0,0.0,2.446899192883374,9.539815098053583e-07,9.539815098053575e-07
0.2546,6616.089695672782,0.0,0.0,2.446853111594897,9.539825230329588e-07,9.539825230329578e-07
0.25465,6616.014978419653,0.0,0.0,2.4468069572321536,9.539652873628137e-07,9.539652873628127e-07
0.25470000000000004,6615.943904198786,0.0,0.0,2.446760794845098,9.539671864469584e-07,9.539671864469575e-07
0.25475000000000003,6615.8769841872045,0.0,0.0,2.4467146907720236,9.539521325751594e-07,9.539521325751586e-07
0.2548,6615.813813751176,0.0,0.0,2.4466687096107145,9.53953779247422e-07,9.53953779247421e-07
0.25485,6615.755058059884,0.0,0.0,2.4466229177991083,9.539420545012143e-07,9.539420545012133e-07
0.2549,6615.700166881337,0.0,0.0,2.4465773791999,9.539424829397168e-07,9.539424829397158e-07
0.25495,6615.649891835185,0.0,0.0,2.4465321598652863,9.539349797821346e-07,9.539349797821337e-07
0.255,6615.603611571312,0.0,0.0,2.4464873226878723,9.539335254900527e-07,9.539335254900518e-07
0.25505,6615.56208316229,0.0,0.0,2.446442932813528,9.539307683212261e-07,9.539307683212253e-07
0.2551,6615.5246973215235,0.0,0.0,2.4463990519641725,9.53927158233474e-07,9.539271582334731e-07
0.25515,6615.492132234684,0.0,0.0,2.446355743844094,9.539292363248355e-07,9.539292363248344e-07
0.25520000000000004,6615.463872002897,0.0,0.0,2.4463130688198356,9.53923628124869e-07,9.53923628124868e-07
0.25525000000000003,6615.440438872163,0.0,0.0,2.4462710886283023,9.53930183882091e-07,9.539301838820902e-07
0.2553,6615.4214794184,0.0,0.0,2.446229862091096,9.53923149245733e-07,9.539231492457322e-07
0.25535,6615.407300028322,0.0,0.0,2.4461894484863187,9.539334236182312e-07,9.539334236182304e-07
0.2554,6615.397757644482,0.0,0.0,2.4461499048760813,9.53925877241522e-07,9.539258772415211e-07
0.25545,6615.392907718948,0.0,0.0,2.4461112876451043,9.539388062351597e-07,9.539388062351588e-07
0.2555,6615.392838070736,0.0,0.0,2.4460736518403086,9.539318898384235e-07,9.539318898384227e-07
0.25555,6615.397347503924,0.0,0.0,2.446037050592394,9.539462391379493e-07,9.539462391379482e-07
0.2556,6615.40674510836,0.0,0.0,2.4460015366264316,9.539411754079483e-07,9.539411754079474e-07
0.25565,6615.420597506414,0.0,0.0,2.4459671595419152,9.53955695212149e-07,9.53955695212148e-07
0.25570000000000004,6615.439396528879,0.0,0.0,2.4459339693829865,9.53953630838585e-07,9.539536308385842e-07
0.25575000000000003,6615.462528112391,0.0,0.0,2.4459020120246824,9.539672103051228e-07,9.539672103051218e-07
0.2558,6615.490604310691,0.0,0.0,2.4458713344261804,9.539690687535115e-07,9.539690687535107e-07
0.25585,6615.5229023653055,0.0,0.0,2.4458419786203063,9.539808700209613e-07,9.539808700209602e-07
0.2559,6615.560076015996,0.0,0.0,2.445813988048148,9.539872333421275e-07,9.539872333421266e-07
0.25595,6615.601377104805,0.0,0.0,2.445787400841597,9.53996787931291e-07,9.5399678793129e-07
0.256,6615.647416571363,0.0,0.0,2.445762256484091,9.540078231345865e-07,9.540078231345857e-07
0.25605,6615.697504903638,0.0,0.0,2.4457385891848022,9.540150788602945e-07,9.540150788602936e-07
0.2561,6615.752130489264,0.0,0.0,2.4457164340500785,9.540305180560391e-07,9.540305180560383e-07
0.25615,6615.810736732963,0.0,0.0,2.445695821356759,9.540358312494766e-07,9.540358312494755e-07
0.25620000000000004,6615.873624492412,0.0,0.0,2.4456767814621716,9.540550075658558e-07,9.54055007565855e-07
0.25625000000000003,6615.940425397996,0.0,0.0,2.445659340689333,9.540590825325365e-07,9.540590825325355e-07
0.25630000000000003,6616.0112105521675,0.0,0.0,2.4456435243466674,9.54081016031941e-07,9.540810160319402e-07
0.25635,6616.0858296118495,0.0,0.0,2.445629354750178,9.540848006735636e-07,9.540848006735627e-07
0.2564,6616.16410940646,0.0,0.0,2.4456168519501986,9.54108321861599e-07,9.541083218615982e-07
0.25645,6616.246118686538,0.0,0.0,2.44560603415787,9.541128738018405e-07,9.541128738018396e-07
0.2565,6616.331454533982,0.0,0.0,2.445596916057234,9.541367674971613e-07,9.541367674971607e-07
0.25655,6616.420377724813,0.0,0.0,2.445589511608095,9.54143108904139e-07,9.541431089041384e-07
0.2566,6616.512296697345,0.0,0.0,2.445583830121514,9.54166258856739e-07,9.541662588567382e-07
0.25665,6616.607613216555,0.0,0.0,2.4455798811164096,9.541752392417703e-07,9.541752392417694e-07
0.25670000000000004,6616.70560901338,0.0,0.0,2.445577668616517,9.541967545475015e-07,9.541967545475007e-07
0.25675000000000003,6616.80675899778,0.0,0.0,2.4455771974818585,9.54208939522087e-07,9.542089395220862e-07
0.25680000000000003,6616.910292615823,0.0,0.0,2.4455784666089797,9.542282467789153e-07,9.542282467789144e-07
0.25685,6617.016682438052,0.0,0.0,2.4455814759743553,9.542438469609948e-07,9.54243846960994e-07
0.2569,6617.125182882572,0.0,0.0,2.445586219557995,9.542607374407368e-07,9.54260737440736e-07
0.25695,6617.236190881247,0.0,0.0,2.4455926922476694,9.542795858333854e-07,9.542795858333846e-07
0.257,6617.349056176608,0.0,0.0,2.4456008833409255,9.542942132109637e-07,9.542942132109629e-07
0.25705,6617.464038247583,0.0,0.0,2.4456107824783824,9.54315792680299e-07,9.543157926802981e-07
0.2571,6617.580637089702,0.0,0.0,2.4456223745060437,9.543286236225987e-07,9.543286236225979e-07
0.25715,6617.6989318269925,0.0,0.0,2.445635643730115,9.543521389387636e-07,9.543521389387627e-07
0.25720000000000004,6617.818606045501,0.0,0.0,2.4456505707502636,9.543638650775533e-07,9.543638650775525e-07
0.25725000000000003,6617.939539262803,0.0,0.0,2.445667134540949,9.543883480824064e-07,9.543883480824055e-07
0.25730000000000003,6618.061607231685,0.0,0.0,2.4456853116192123,9.54399772612724e-07,9.543997726127232e-07
0.25735,6618.184495718147,0.0,0.0,2.445705075730737,9.54424204776511e-07,9.5442420477651e-07
0.2574,6618.308256707764,0.0,0.0,2.4457263994253102,9.544361199967113e-07,9.544361199967104e-07
0.25745,6618.4324112848135,0.0,0.0,2.445749251423824,9.544595548458593e-07,9.544595548458587e-07
0.2575,6618.557150617776,0.0,0.0,2.445773600378454,9.544726274824306e-07,9.544726274824298e-07
0.25755,6618.681878585746,0.0,0.0,2.445799410281299,9.544942962474401e-07,9.544942962474395e-07
0.2576,6618.806873413315,0.0,0.0,2.445826645922542,9.545089758979856e-07,9.545089758979847e-07
0.25765,6618.931480621124,0.0,0.0,2.4458552669358697,9.54528362813255e-07,9.545283628132542e-07
0.2577,6619.056005989542,0.0,0.0,2.4458852342699533,9.545448250614698e-07,9.545448250614692e-07
0.25775000000000003,6619.179798786608,0.0,0.0,2.4459165036210475,9.545617038464953e-07,9.545617038464945e-07
0.25780000000000003,6619.303133722181,0.0,0.0,2.445949032125054,9.545798343441957e-07,9.545798343441949e-07
0.25785,6619.425421040727,0.0,0.0,2.4459827719853195,9.545942631721505e-07,9.545942631721497e-07
0.2579,6619.54685431791,0.0,0.0,2.4460176765866253,9.546136829671418e-07,9.54613682967141e-07
0.25795,6619.666950156078,0.0,0.0,2.446053695080785,9.546259612891004e-07,9.546259612890995e-07
0.258,6619.785785513904,0.0,0.0,2.4460907772183442,9.546460875919288e-07,9.54646087591928e-07
0.25805,6619.903011944432,0.0,0.0,2.4461288695146637,9.546566832999528e-07,9.54656683299952e-07
0.2581,6620.018572589694,0.0,0.0,2.446167918275327,9.54676815031192e-07,9.546768150311912e-07
0.25815,6620.132263404428,0.0,0.0,2.4462078677512253,9.546862741392282e-07,9.546862741392274e-07
0.2582,6620.243895712289,0.0,0.0,2.446248661074073,9.54705688282848e-07,9.547056882828472e-07
0.25825000000000004,6620.353400649816,0.0,0.0,2.4462902405506233,9.547145411982805e-07,9.547145411982797e-07
0.25830000000000003,6620.460477130203,0.0,0.0,2.4463325464922714,9.547325851011729e-07,9.54732585101172e-07
0.25835,6620.565166566932,0.0,0.0,2.4463755195305286,9.547412632557282e-07,9.547412632557273e-07
0.2584,6620.667088191367,0.0,0.0,2.4464190975841937,9.547574293799671e-07,9.547574293799663e-07
0.25845,6620.766358098809,0.0,0.0,2.446463219835618,9.547662039262772e-07,9.547662039262763e-07
0.2585,6620.862556207387,0.0,0.0,2.446507822296843,9.547801769751747e-07,9.547801769751738e-07
0.25855,6620.955833103537,0.0,0.0,2.446552842899516,9.547891274141462e-07,9.547891274141453e-07
0.2586,6621.045771100487,0.0,0.0,2.4465982162712714,9.548007986429142e-07,9.548007986429133e-07
0.25865,6621.132516755433,0.0,0.0,2.4466438792832697,9.54809814467118e-07,9.548098144671175e-07
0.2587,6621.215691817396,0.0,0.0,2.4466897657131543,9.548192633252683e-07,9.548192633252675e-07
0.25875000000000004,6621.295407449064,0.0,0.0,2.4467358115740665,9.548280765525166e-07,9.548280765525157e-07
0.25880000000000003,6621.371352431466,0.0,0.0,2.4467819503161246,9.548355249523923e-07,9.548355249523914e-07
0.25885,6621.443582231574,0.0,0.0,2.446828117327716,9.548437666240245e-07,9.548437666240237e-07
0.2589,6621.511867867341,0.0,0.0,2.4468742462211552,9.548495150610422e-07,9.548495150610413e-07
0.25895,6621.576201745894,0.0,0.0,2.4469202720381222,9.548567851880845e-07,9.548567851880837e-07
0.259,6621.636439181069,0.0,0.0,2.4469661289950317,9.548611423228432e-07,9.548611423228424e-07
0.25905,6621.692514722866,0.0,0.0,2.447011752117021,9.548670808347382e-07,9.548670808347374e-07
0.2591,6621.744358306499,0.0,0.0,2.4470570766107915,9.5487029859811e-07,9.548702985981092e-07
0.25915,6621.791862025329,0.0,0.0,2.4471020378671184,9.548746450888942e-07,9.548746450888933e-07
0.2592,6621.835012226259,0.0,0.0,2.447146572413153,9.548768699560997e-07,9.54876869956099e-07
0.25925000000000004,6621.873680253309,0.0,0.0,2.4471906164319273,9.548795022334725e-07,9.548795022334716e-07
0.25930000000000003,6621.907886502164,0.0,0.0,2.447234108051919,9.548807503567423e-07,9.548807503567415e-07
0.25935,6621.9375049130695,0.0,0.0,2.447276984705696,9.548816957204824e-07,9.548816957204815e-07
0.2594,6621.962568150105,0.0,0.0,2.4473191863667303,9.54881855498013e-07,9.548818554980123e-07
0.25945,6621.982973121096,0.0,0.0,2.4473606521870273,9.548812735508637e-07,9.54881273550863e-07
0.2595,6621.998747846187,0.0,0.0,2.447401324206781,9.548801346400879e-07,9.548801346400872e-07
0.25955,6622.009825822406,0.0,0.0,2.4474411437601526,9.548782754271282e-07,9.548782754271274e-07
0.2596,6622.016221476147,0.0,0.0,2.4474800551696045,9.548755787757226e-07,9.548755787757218e-07
0.25965,6622.0179094724635,0.0,0.0,2.4475180023881338,9.548727243018837e-07,9.548727243018829e-07
0.2597,6622.0148910563385,0.0,0.0,2.4475549322435732,9.54868224178783e-07,9.54868224178782e-07
0.25975000000000004,6622.007177140671,0.0,0.0,2.4475907917028,9.548646241575438e-07,9.54864624157543e-07
0.25980000000000003,6621.994765058534,0.0,0.0,2.4476255303393026,9.548581509643565e-07,9.548581509643557e-07
0.25985,6621.977688985842,0.0,0.0,2.4476590984767794,9.548539645722373e-07,9.548539645722364e-07
0.2599,6621.955958177442,0.0,0.0,2.447691448695909,9.548454768326846e-07,9.548454768326837e-07
0.25995,6621.929612067387,0.0,0.0,2.4477225349636393,9.548407312097734e-07,9.548407312097726e-07
0.26,6621.898690573626,0.0,0.0,2.447752313148716,9.548303466624434e-07,9.548303466624426e-07
0.26005,6621.863219463659,0.0,0.0,2.4477807410929455,9.54824920118563e-07,9.54824920118562e-07
0.2601,6621.823286615583,0.0,0.0,2.447807778245858,9.548129191835227e-07,9.54812919183522e-07
0.26015,6621.778888696195,0.0,0.0,2.4478333865078334,9.548065530093283e-07,9.548065530093274e-07
0.2602,6621.730173129709,0.0,0.0,2.4478575292020217,9.547933524693534e-07,9.547933524693526e-07
0.26025000000000004,6621.677099465775,0.0,0.0,2.4478801724336945,9.547856906072785e-07,9.547856906072776e-07
0.26030000000000003,6621.619877161395,0.0,0.0,2.447901283678474,9.547717904924534e-07,9.547717904924526e-07
0.26035,6621.558430739448,0.0,0.0,2.4479208333674896,9.547624416654712e-07,9.547624416654703e-07
0.2604,6621.493023222223,0.0,0.0,2.447938793379466,9.547483531244807e-07,9.547483531244799e-07
0.26045,6621.4235572343105,0.0,0.0,2.447955138578326,9.547369661890395e-07,9.547369661890387e-07
0.2605,6621.35033001551,0.0,0.0,2.4479698454560723,9.547231317066022e-07,9.547231317066013e-07
0.26055,6621.273245354458,0.0,0.0,2.4479828934109955,9.547094723800783e-07,9.547094723800774e-07
0.2606,6621.1926066020405,0.0,0.0,2.447994263709599,9.546961915284556e-07,9.546961915284547e-07
0.26065,6621.108348655839,0.0,0.0,2.448003940385304,9.54680207802425e-07,9.546802078024244e-07
0.2607,6621.02074799936,0.0,0.0,2.448011909587759,9.546675812712146e-07,9.54667581271214e-07
0.26075000000000004,6620.929802882894,0.0,0.0,2.4480181600852013,9.546494458996032e-07,9.546494458996024e-07
0.26080000000000003,6620.835730203147,0.0,0.0,2.4480226829679914,9.546373481315176e-07,9.546373481315168e-07
0.26085,6620.73862065143,0.0,0.0,2.448025471832869,9.54617469481803e-07,9.546174694818024e-07
0.2609,6620.638604635886,0.0,0.0,2.4480265227234717,9.546055560058064e-07,9.546055560058055e-07
0.26095,6620.535885795165,0.0,0.0,2.4480258341441057,9.545845531116494e-07,9.545845531116486e-07
0.261,6620.430492068665,0.0,0.0,2.44802340706861,9.54572303467345e-07,9.545723034673442e-07
0.26105,6620.32274741645,0.0,0.0,2.448019244962542,9.545509464513128e-07,9.54550946451312e-07
0.2611,6620.212576040685,0.0,0.0,2.448013353682077,9.545377381563447e-07,9.545377381563439e-07
0.26115,6620.100413644667,0.0,0.0,2.448005741671407,9.545168608264635e-07,9.545168608264626e-07
0.2612,6619.986095875464,0.0,0.0,2.447996419606686,9.545020648884194e-07,9.545020648884186e-07
0.26125000000000004,6619.870145090552,0.0,0.0,2.4479854008827417,9.544824610319079e-07,9.54482461031907e-07
0.26130000000000003,6619.75233934638,0.0,0.0,2.447972700926731,9.544655459817753e-07,9.544655459817747e-07
0.26135,6619.633248012131,0.0,0.0,2.4479583380051766,9.544478640926537e-07,9.544478640926528e-07
0.2614,6619.5126350978735,0.0,0.0,2.44794233222464,9.54428493567448e-07,9.544284935674471e-07
0.26145,6619.3910671492795,0.0,0.0,2.4479247065925804,9.544131457904584e-07,9.544131457904576e-07
0.2615,6619.26834490731,0.0,0.0,2.4479054858200757,9.543912550219653e-07,9.543912550219645e-07
0.26155,6619.1449782640975,0.0,0.0,2.447884697477093,9.543783545845622e-07,9.543783545845613e-07
0.2616,6619.020855850024,0.0,0.0,2.4478623707957787,9.543541934237124e-07,9.543541934237116e-07
0.26165,6618.8963803699135,0.0,0.0,2.44783853769125,9.543435312533824e-07,9.543435312533818e-07
0.2617,6618.77157246379,0.0,0.0,2.44781323181569,9.543176655555303e-07,9.543176655555297e-07
0.26175000000000004,6618.64668769812,0.0,0.0,2.447786489185121,9.543087312418933e-07,9.543087312418924e-07
0.26180000000000003,6618.52190891864,0.0,0.0,2.4477583477419533,9.542820000595367e-07,9.542820000595359e-07
0.26185,6618.397321457486,0.0,0.0,2.4477288473455383,9.542740460964038e-07,9.542740460964031e-07
0.2619,6618.27328126043,0.0,0.0,2.4476980300585427,9.54247478253252e-07,9.542474782532512e-07
0.26195,6618.149701438031,0.0,0.0,2.447665939325647,9.542396201671171e-07,9.542396201671163e-07
0.262,6618.027099704878,0.0,0.0,2.447632621110253,9.542143199389109e-07,9.5421431993891e-07
0.26205,6617.905237585465,0.0,0.0,2.4475981221941328,9.542056595968114e-07,9.542056595968105e-07
0.2621,6617.784760996049,0.0,0.0,2.4475624921668344,9.541826760064812e-07,9.541826760064806e-07
0.26215,6617.665321598144,0.0,0.0,2.447525780914493,9.54172431863876e-07,9.54172431863875e-07
0.2622,6617.547640824304,0.0,0.0,2.447488041322968,9.541526292065673e-07,9.541526292065665e-07
0.26225000000000004,6617.431318694494,0.0,0.0,2.4474493261657653,9.541402557434858e-07,9.54140255743485e-07
0.26230000000000003,6617.317086267792,0.0,0.0,2.4474096912456997,9.541242034349918e-07,9.54124203434991e-07
0.26235,6617.204559610634,0.0,0.0,2.4473691920169784,9.541094831764394e-07,9.541094831764385e-07
0.2624,6617.094408304007,0.0,0.0,2.447327886781852,9.540973808765386e-07,9.540973808765378e-07
0.26245,6616.986332923305,0.0,0.0,2.447285833468468,9.540804755199305e-07,9.5408047551993e-07
0.2625,6616.880874352913,0.0,0.0,2.447243092438672,9.54072125035644e-07,9.540721250356433e-07
0.26255,6616.777877772668,0.0,0.0,2.4471997238739247,9.540535774649581e-07,9.540535774649573e-07
0.2626,6616.677700935486,0.0,0.0,2.4471557897518275,9.54048406476154e-07,9.540484064761532e-07
0.26265,6616.580376987174,0.0,0.0,2.4471113522576773,9.54029091818304e-07,9.540290918183031e-07
0.2627,6616.486046471935,0.0,0.0,2.4470664745554758,9.540262274656164e-07,9.540262274656155e-07
0.26275000000000004,6616.394950678376,0.0,0.0,2.4470212205423443,9.540072581533345e-07,9.540072581533339e-07
0.26280000000000003,6616.307004300876,0.0,0.0,2.4469756541698104,9.540056414426265e-07,9.540056414426257e-07
0.26285000000000003,6616.2226502458425,0.0,0.0,2.4469298407023734,9.539882377576971e-07,9.539882377576965e-07
0.2629,6616.141596027404,0.0,0.0,2.4468838445220027,9.53986764098297e-07,9.539867640982962e-07
0.26295,6616.064452819323,0.0,0.0,2.4468377318595023,9.539721065625056e-07,9.539721065625048e-07
0.263,6615.9907652549355,0.0,0.0,2.4467915672168807,9.539697740444224e-07,9.539697740444215e-07
0.26305,6615.921256083403,0.0,0.0,2.4467454173364063,9.539588571016086e-07,9.539588571016078e-07
0.2631,6615.85537184954,0.0,0.0,2.446699346574072,9.539549028752493e-07,9.539549028752484e-07
0.26315,6615.7938734622885,0.0,0.0,2.4466534216851055,9.53948409460362e-07,9.539484094603612e-07
0.2632,6615.736186763945,0.0,0.0,2.446607706648493,9.539424161422738e-07,9.53942416142273e-07
0.26325000000000004,6615.683029671325,0.0,0.0,2.4465622677068724,9.539406303309011e-07,9.539406303309003e-07
0.26330000000000003,6615.63388753491,0.0,0.0,2.4465171682512565,9.539325880486292e-07,9.539325880486285e-07
0.26335000000000003,6615.589356587502,0.0,0.0,2.446472473480445,9.539353579980775e-07,9.539353579980766e-07
0.2634,6615.549054470749,0.0,0.0,2.4464282459879945,9.53925673588455e-07,9.53925673588454e-07
0.26345,6615.513389517189,0.0,0.0,2.446384549415452,9.539324301327764e-07,9.539324301327758e-07
0.2635,6615.482167542797,0.0,0.0,2.4463414453315218,9.539218817575837e-07,9.539218817575828e-07
0.26355,6615.455563840058,0.0,0.0,2.4462989953477763,9.539317105622998e-07,9.53931710562299e-07
0.2636,6615.433604003448,0.0,0.0,2.446257259745566,9.539213532361176e-07,9.53921353236117e-07
0.26365,6615.416212129882,0.0,0.0,2.446216297693554,9.539331109467655e-07,9.539331109467646e-07
0.2637,6615.403636645733,0.0,0.0,2.4461761678758895,9.539241450167703e-07,9.539241450167695e-07
0.26375000000000004,6615.395561803343,0.0,0.0,2.446136926678135,9.539366040594362e-07,9.539366040594353e-07
0.26380000000000003,6615.392432718743,0.0,0.0,2.446098630824874,9.539302236024568e-07,9.53930223602456e-07
0.26385000000000003,6615.393733359346,0.0,0.0,2.446061333656027,9.53942226431943e-07,9.53942226431942e-07
0.2639,6615.400053388438,0.0,0.0,2.446025089524979,9.539394674958397e-07,9.53939467495839e-07
0.26395,6615.410739317014,0.0,0.0,2.4459899485373704,9.539500700431282e-07,9.539500700431276e-07
0.264,6615.426453726659,0.0,0.0,2.445955962226106,9.539516786507641e-07,9.539516786507633e-07
0.26405,6615.446483856403,0.0,0.0,2.4459231773358474,9.539602644151384e-07,9.539602644151376e-07
0.2641,6615.471483171861,0.0,0.0,2.445891642111141,9.539666018021313e-07,9.539666018021306e-07
0.26415,6615.500763259251,0.0,0.0,2.4458613998523275,9.539729520274824e-07,9.539729520274814e-07
0.2642,6615.534886416871,0.0,0.0,2.4458324950533368,9.539839494557296e-07,9.539839494557287e-07
0.26425000000000004,6615.573267111282,0.0,0.0,2.44580496750763,9.539882608999302e-07,9.539882608999294e-07
0.26430000000000003,6615.616304753413,0.0,0.0,2.445778857528431,9.540034296381321e-07,9.54003429638131e-07
0.26435000000000003,6615.663580285666,0.0,0.0,2.445754201337013,9.5400627823209e-07,9.540062782320891e-07
0.2644,6615.715277828382,0.0,0.0,2.445731034693513,9.54024772782598e-07,9.540247727825972e-07
0.26445,6615.771185659794,0.0,0.0,2.445709390157937,9.540270286818366e-07,9.540270286818358e-07
0.2645,6615.831245899246,0.0,0.0,2.4456892986438703,9.540477540086921e-07,9.540477540086913e-07
0.26455,6615.8954674825245,0.0,0.0,2.445670788921629,9.540504597405182e-07,9.540504597405174e-07
0.2646,6615.963552578819,0.0,0.0,2.445653886857943,9.540722075874658e-07,9.54072207587465e-07
0.26465,6616.035715359568,0.0,0.0,2.4456386172579254,9.540764357257078e-07,9.54076435725707e-07
0.2647,6616.111448141157,0.0,0.0,2.445625000839585,9.54098031350908e-07,9.54098031350907e-07
0.26475,6616.191128715594,0.0,0.0,2.4456130582216233,9.54104740740548e-07,9.541047407405469e-07
0.26480000000000004,6616.274093429274,0.0,0.0,2.4456028049656404,9.541251805888319e-07,9.54125180588831e-07
0.26485000000000003,6616.360821707798,0.0,0.0,2.445594257247541,9.541350900024404e-07,9.541350900024396e-07
0.2649,6616.450564364342,0.0,0.0,2.4455874255456704,9.541536525500826e-07,9.541536525500817e-07
0.26495,6616.543828478137,0.0,0.0,2.445582321320147,9.541671482206254e-07,9.541671482206245e-07
0.265,6616.639857110785,0.0,0.0,2.44557895009946,9.541834643394098e-07,9.54183464339409e-07
0.26505,6616.739108708058,0.0,0.0,2.445577318362526,9.542005528453617e-07,9.54200552845361e-07
0.2651,6616.840893827459,0.0,0.0,2.4455774268565236,9.54214627910474e-07,9.54214627910473e-07
0.26515,6616.94555344752,0.0,0.0,2.445579276848158,9.542349395832757e-07,9.542349395832748e-07
0.2652,6617.052529012504,0.0,0.0,2.445582864480635,9.542471260684682e-07,9.542471260684673e-07
0.26525,6617.161991174641,0.0,0.0,2.445588185637747,9.542699669936103e-07,9.542699669936095e-07
0.26530000000000004,6617.273556341734,0.0,0.0,2.445595232020879,9.54280892994697e-07,9.542808929946963e-07
0.26535000000000003,6617.387194132695,0.0,0.0,2.44560399404215,9.543053369994241e-07,9.543053369994233e-07
0.2654,6617.502715930391,0.0,0.0,2.445614459089486,9.543158016582714e-07,9.543158016582705e-07
0.26545,6617.619884908571,0.0,0.0,2.4456266121110732,9.543408084740464e-07,9.543408084740455e-07
0.2655,6617.738701931282,0.0,0.0,2.445640436265282,9.543516594061534e-07,9.543516594061525e-07
0.26555,6617.858743316418,0.0,0.0,2.4456559111460705,9.543762019512124e-07,9.543762019512115e-07
0.2656,6617.98017033895,0.0,0.0,2.44567301572022,9.543882116953976e-07,9.543882116953967e-07
0.26565,6618.1024135711405,0.0,0.0,2.4456917244349476,9.544113949664493e-07,9.544113949664485e-07
0.2657,6618.225746949018,0.0,0.0,2.44571201206527,9.544251530742899e-07,9.54425153074289e-07
0.26575,6618.349511763616,0.0,0.0,2.4457338482034916,9.544463089775992e-07,9.544463089775984e-07
0.26580000000000004,6618.474035342463,0.0,0.0,2.44575720341052,9.544621438062567e-07,9.544621438062559e-07
0.26585000000000003,6618.598633638308,0.0,0.0,2.445782042779122,9.544808904047564e-07,9.544808904047556e-07
0.2659,6618.7236248683375,0.0,0.0,2.445808332633317,9.544988300324885e-07,9.544988300324877e-07
0.26595,6618.848362606,0.0,0.0,2.4458360339597385,9.545150891720698e-07,9.54515089172069e-07
0.266,6618.97309855813,0.0,0.0,2.4458651088469514,9.54534865171741e-07,9.545348651717402e-07
0.26605,6619.097277976586,0.0,0.0,2.4458955145799344,9.545488384668156e-07,9.54548838466815e-07
0.2661,6619.221040948269,0.0,0.0,2.445927209061419,9.545699299717048e-07,9.54569929971704e-07
0.26615,6619.3439632964755,0.0,0.0,2.445960146265373,9.545820389479468e-07,9.54582038947946e-07
0.2662,6619.466045819421,0.0,0.0,2.44599428002667,9.546037487860514e-07,9.546037487860506e-07
0.26625,6619.587014731017,0.0,0.0,2.4460295613651692,9.546145495436356e-07,9.546145495436347e-07
0.26630000000000004,6619.706723825879,0.0,0.0,2.4460659402477622,9.546360998933444e-07,9.546360998933437e-07
0.26635000000000003,6619.825049379666,0.0,0.0,2.4461033650509143,9.546461857499567e-07,9.546461857499558e-07
0.2664,6619.9417100572155,0.0,0.0,2.44614178216044,9.546668184406755e-07,9.546668184406747e-07
0.26645,6620.056713426375,0.0,0.0,2.4461811375701044,9.546767249798543e-07,9.546767249798534e-07
0.2665,6620.169671503019,0.0,0.0,2.4462213744546704,9.546957916782892e-07,9.546957916782885e-07
0.26655,6620.280690053004,0.0,0.0,2.4462624366408194,9.547059176498334e-07,9.547059176498326e-07
0.2666,6620.389314439111,0.0,0.0,2.446304264532923,9.547229474060374e-07,9.547229474060367e-07
0.26665,6620.495707015725,0.0,0.0,2.4463467999736874,9.547335020564034e-07,9.547335020564026e-07
0.2667,6620.5993917031865,0.0,0.0,2.446389981089118,9.547482378643454e-07,9.547482378643445e-07
0.26675,6620.700543860167,0.0,0.0,2.4464337479065863,9.5475922092893e-07,9.547592209289292e-07
0.26680000000000004,6620.798709818331,0.0,0.0,2.446478036793487,9.547716220778247e-07,9.547716220778238e-07
0.26685000000000003,6620.894038713622,0.0,0.0,2.446522786136826,9.547828375952156e-07,9.54782837595215e-07
0.2669,6620.986135925511,0.0,0.0,2.4465679310679795,9.547930499817404e-07,9.547930499817396e-07
0.26695,6621.075094657219,0.0,0.0,2.4466134085352023,9.548041498282994e-07,9.548041498282986e-07
0.267,6621.1606044327955,0.0,0.0,2.4466591529362254,9.548124511475444e-07,9.548124511475437e-07
0.26705,6621.242685672133,0.0,0.0,2.4467051000258224,9.54822999768829e-07,9.548229997688283e-07
0.2671,6621.321123328295,0.0,0.0,2.4467511839317195,9.548297298977492e-07,9.548297298977485e-07
0.26715,6621.395862163779,0.0,0.0,2.4467973395153426,9.548392786344905e-07,9.548392786344896e-07
0.2672,6621.466780058102,0.0,0.0,2.446843501047452,9.548447672604567e-07,9.548447672604559e-07
0.26725,6621.5337560902035,0.0,0.0,2.4468896028550438,9.548529255552178e-07,9.54852925555217e-07
0.26730000000000004,6621.596746906946,0.0,0.0,2.4469355797100683,9.54857428871517e-07,9.548574288715161e-07
0.26735000000000003,6621.655585685854,0.0,0.0,2.4469813658189614,9.54863920639445e-07,9.548639206394442e-07
0.2674,6621.7102858169055,0.0,0.0,2.447026896761478,9.54867577006475e-07,9.548675770064743e-07
0.26745,6621.76065979646,0.0,0.0,2.4470721070812975,9.548722733447935e-07,9.548722733447927e-07
0.2675,6621.806752594623,0.0,0.0,2.447116933430859,9.548750844162208e-07,9.5487508441622e-07
0.26755,6621.848381798376,0.0,0.0,2.4471613111762736,9.548780081691347e-07,9.548780081691339e-07
0.2676,6621.885600490932,0.0,0.0,2.447205178280142,9.548798476923863e-07,9.548798476923857e-07
0.26765,6621.918253081492,0.0,0.0,2.4472484714237237,9.548811503211303e-07,9.548811503211294e-07
0.2677,6621.94638313613,0.0,0.0,2.447291130106234,9.548817982430212e-07,9.548817982430203e-07
0.26775,6621.9698760531355,0.0,0.0,2.4473330928038837,9.548817142004356e-07,9.548817142004348e-07
0.26780000000000004,6621.98875685244,0.0,0.0,2.44737430078363,9.548809095034578e-07,9.54880909503457e-07
0.26785000000000003,6622.0029566107,0.0,0.0,2.447414694765084,9.548796970250469e-07,9.54879697025046e-07
0.2679,6622.012482360404,0.0,0.0,2.447454218031403,9.54877199563621e-07,9.548771995636203e-07
0.26795,6622.017306034887,0.0,0.0,2.4474928139484806,9.54875078918911e-07,9.548750789189102e-07
0.268,6622.017425913542,0.0,0.0,2.4475304280891073,9.548707289126565e-07,9.548707289126556e-07
0.26805,6622.012842249216,0.0,0.0,2.447567006814331,9.548678294061017e-07,9.548678294061009e-07
0.2681,6622.0035598901795,0.0,0.0,2.4476024982866442,9.548615935126539e-07,9.548615935126532e-07
0.26815,6621.9895904097875,0.0,0.0,2.4476368521549934,9.54857918930693e-07,9.548579189306923e-07
0.2682,6621.970962867023,0.0,0.0,2.4476700194937875,9.548499139742595e-07,9.548499139742586e-07
0.26825,6621.947682798693,0.0,0.0,2.447701953480404,9.548453330305848e-07,9.54845333030584e-07
0.26830000000000004,6621.91981918728,0.0,0.0,2.4477326084357385,9.54835822217084e-07,9.548358222170832e-07
0.26835000000000003,6621.887358017163,0.0,0.0,2.4477619412626077,9.54830086404221e-07,9.548300864042202e-07
0.2684,6621.850418025806,0.0,0.0,2.4477899098618083,9.548194475796118e-07,9.54819447579611e-07
0.26845,6621.808959489903,0.0,0.0,2.4478164750267313,9.548122342841712e-07,9.548122342841703e-07
0.2685,6621.763151936929,0.0,0.0,2.447841598555156,9.548009047469423e-07,9.548009047469414e-07
0.26855,6621.712933317511,0.0,0.0,2.4478652452766982,9.54791879220636e-07,9.547918792206354e-07
0.2686,6621.658514864669,0.0,0.0,2.447887381172332,9.547802858369656e-07,9.54780285836965e-07
0.26865,6621.599825516656,0.0,0.0,2.4479079752449993,9.547691722627807e-07,9.547691722627798e-07
0.2687,6621.537099589287,0.0,0.0,2.4479269979023295,9.547576585058922e-07,9.547576585058914e-07
0.26875,6621.470278711421,0.0,0.0,2.447944422456811,9.547443084227386e-07,9.547443084227378e-07
0.26880000000000004,6621.399594579277,0.0,0.0,2.447960223935816,9.547330708691336e-07,9.54733070869133e-07
0.26885000000000003,6621.3250283252255,0.0,0.0,2.4479743800998714,9.547175170702746e-07,9.547175170702737e-07
0.26890000000000003,6621.246780240276,0.0,0.0,2.4479868707362673,9.54706562736718e-07,9.54706562736717e-07
0.26895,6621.164898330148,0.0,0.0,2.4479976781925843,9.546890484063505e-07,9.546890484063497e-07
0.269,6621.07952454268,0.0,0.0,2.4480067871058417,9.546781813021518e-07,9.54678181302151e-07
0.26905,6620.990796597974,0.0,0.0,2.4480141845439576,9.546591576169486e-07,9.546591576169478e-07
0.2691,6620.898778055511,0.0,0.0,2.448019860039977,9.54647998425015e-07,9.546479984250142e-07
0.26915,6620.803709872825,0.0,0.0,2.44802380550013,9.546280885442604e-07,9.546280885442595e-07
0.2692,6620.705568407964,0.0,0.0,2.448026015365914,9.546161262952157e-07,9.546161262952151e-07
0.26925,6620.604698395821,0.0,0.0,2.4480264864733674,9.545960589838087e-07,9.545960589838078e-07
0.26930000000000004,6620.50099423556,0.0,0.0,2.4480252181615785,9.54582728500134e-07,9.54582728500133e-07
0.26935000000000003,6620.394890163859,0.0,0.0,2.4480222122506072,9.545632497642265e-07,9.545632497642257e-07
0.26940000000000003,6620.286218683622,0.0,0.0,2.4480174729525133,9.545480244777535e-07,9.545480244777527e-07
0.26945,6620.17547483413,0.0,0.0,2.448011007079799,9.545297995422304e-07,9.545297995422295e-07
0.2695,6620.06246253316,0.0,0.0,2.4480028236858336,9.545122864684867e-07,9.545122864684861e-07
0.26955,6619.947697250818,0.0,0.0,2.4479929345334837,9.544958067017377e-07,9.54495806701737e-07
0.2696,6619.83099705306,0.0,0.0,2.4479813534814205,9.544758293652205e-07,9.544758293652199e-07
0.26965,6619.712850591793,0.0,0.0,2.4479680971502864,9.544613386551375e-07,9.544613386551366e-07
0.2697,6619.593136633667,0.0,0.0,2.4479531841618414,9.54438994850053e-07,9.544389948500521e-07
0.26975,6619.472269146404,0.0,0.0,2.4479366358562054,9.544264476505618e-07,9.54426447650561e-07
0.26980000000000004,6619.350231293896,0.0,0.0,2.4479184755636982,9.544021318430734e-07,9.544021318430726e-07
0.26985000000000003,6619.227320726153,0.0,0.0,2.4478987291688146,9.543911907924863e-07,9.543911907924854e-07
0.26990000000000003,6619.103659101067,0.0,0.0,2.4478774246343065,9.543655756764546e-07,9.543655756764537e-07
0.26995,6618.979398774349,0.0,0.0,2.4478545921887447,9.543556510486179e-07,9.54355651048617e-07
0.27,6618.854818543833,0.0,0.0,2.447830264318771,9.54329628367942e-07,9.543296283679412e-07
0.27005,6618.729914204333,0.0,0.0,2.4478044753839905,9.543199556006296e-07,9.543199556006287e-07
0.2701,6618.605120888698,0.0,0.0,2.447777262243657,9.542945423729618e-07,9.54294542372961e-07
0.27015,6618.480287070174,0.0,0.0,2.4477486631738348,9.542842881916032e-07,9.542842881916025e-07
0.2702,6618.355982500435,0.0,0.0,2.4477187192045373,9.542605098437614e-07,9.542605098437606e-07
0.27025,6618.2319381458165,0.0,0.0,2.447687472320296,9.54248893217209e-07,9.542488932172084e-07
0.27030000000000004,6618.1088171548345,0.0,0.0,2.4476549674657875,9.54227659047488e-07,9.542276590474872e-07
0.27035000000000003,6617.986280510365,0.0,0.0,2.4476212501361423,9.542140706165912e-07,9.542140706165903e-07
0.27040000000000003,6617.865028302892,0.0,0.0,2.447586368881981,9.541960588998431e-07,9.541960588998423e-07
0.27045,6617.744711253617,0.0,0.0,2.447550372519572,9.541801622619053e-07,9.541801622619044e-07
0.2705,6617.626001310608,0.0,0.0,2.4475133128512745,9.541657315205145e-07,9.541657315205136e-07
0.27055,6617.50860336034,0.0,0.0,2.4474752418266124,9.541475317274286e-07,9.541475317274277e-07
0.2706,6617.393095671432,0.0,0.0,2.4474362141121078,9.541366716115068e-07,9.54136671611506e-07
0.27065,6617.27929788278,0.0,0.0,2.4473962845932506,9.54116540200636e-07,9.541165402006352e-07
0.2707,6617.1676372136335,0.0,0.0,2.4473555103954325,9.541088700893324e-07,9.541088700893318e-07
0.27075,6617.058096419287,0.0,0.0,2.4473139491200775,9.540875216412502e-07,9.540875216412493e-07
0.27080000000000004,6616.950910370036,0.0,0.0,2.4472716599455993,9.540823385545738e-07,9.540823385545732e-07
0.27085000000000004,6616.846253955963,0.0,0.0,2.4472287029330357,9.540607601265487e-07,9.540607601265478e-07
0.27090000000000003,6616.7441505429915,0.0,0.0,2.4471851389237536,9.54057130661359e-07,9.54057130661358e-07
0.27095,6616.644972070284,0.0,0.0,2.447141030134493,9.540364720568487e-07,9.540364720568478e-07
0.271,6616.54853668742,0.0,0.0,2.4470964387084013,9.54033356793343e-07,9.540333567933423e-07
0.27105,6616.455392481963,0.0,0.0,2.447051428659471,9.540147952022548e-07,9.54014795202254e-07
0.2711,6616.3651841688115,0.0,0.0,2.447006063108367,9.540111894966196e-07,9.54011189496619e-07
0.27115,6616.278590958886,0.0,0.0,2.4469604074524027,9.539957860361277e-07,9.539957860361269e-07
0.2712,6616.1951380196915,0.0,0.0,2.4469145255039826,9.53990858566995e-07,9.53990858566994e-07
0.27125,6616.115571518267,0.0,0.0,2.4468684835801917,9.539794259038916e-07,9.53979425903891e-07
0.2713,6616.039366679494,0.0,0.0,2.4468223459327487,9.539726365315254e-07,9.539726365315245e-07
0.27135000000000004,6615.967260950434,0.0,0.0,2.4467761792978013,9.539656356397365e-07,9.539656356397357e-07
0.27140000000000003,6615.898756283723,0.0,0.0,2.446730048136061,9.539568166174535e-07,9.539568166174527e-07
0.27145,6615.83450362415,0.0,0.0,2.4466840190828285,9.539542971848717e-07,9.539542971848709e-07
0.2715,6615.7741055935,0.0,0.0,2.446638156583855,9.539436864530565e-07,9.539436864530556e-07
0.27155,6615.71805660913,0.0,0.0,2.446592526655827,9.539452795363342e-07,9.539452795363333e-07
0.2716,6615.666121558427,0.0,0.0,2.4465471934940695,9.5393350107026e-07,9.539335010702592e-07
0.27165,6615.618585147241,0.0,0.0,2.446502222003244,9.539384655989903e-07,9.539384655989895e-07
0.2717,6615.575415565624,0.0,0.0,2.446457675863941,9.539264586231741e-07,9.539264586231735e-07
0.27175,6615.536658506435,0.0,0.0,2.4464136184199137,9.53933775931618e-07,9.539337759316171e-07
0.2718,6615.502500326793,0.0,0.0,2.4463701125299573,9.539226817222062e-07,9.539226817222054e-07
0.27185000000000004,6615.472746319852,0.0,0.0,2.4463272195880523,9.539311857354362e-07,9.539311857354353e-07
0.27190000000000003,6615.447787388929,0.0,0.0,2.4462850012731976,9.53922206369651e-07,9.539222063696502e-07
0.27195,6615.427215444138,0.0,0.0,2.4462435167094814,9.539307323194824e-07,9.539307323194815e-07
0.272,6615.411585225938,0.0,0.0,2.446202825986471,9.539249797513728e-07,9.53924979751372e-07
0.27205,6615.400327457599,0.0,0.0,2.4461629857076654,9.539325117949804e-07,9.539325117949798e-07
0.2721,6615.394097841859,0.0,0.0,2.4461240539193345,9.539308670918486e-07,9.539308670918477e-07
0.27215,6615.392236835715,0.0,0.0,2.446086084515689,9.539366655943253e-07,9.539366655943245e-07
0.2722,6615.395423880236,0.0,0.0,2.446049133016675,9.539396669659318e-07,9.53939666965931e-07
0.27225,6615.402989874058,0.0,0.0,2.4460132504658914,9.53943358927979e-07,9.539433589279782e-07
0.2723,6615.415556164118,0.0,0.0,2.445978489365989,9.539511334436189e-07,9.53951133443618e-07
0.27235000000000004,6615.432524396995,0.0,0.0,2.4459448977962683,9.539527546140932e-07,9.539527546140923e-07
0.27240000000000003,6615.454381696106,0.0,0.0,2.4459125247680036,9.539650024879644e-07,9.539650024879636e-07
0.27245,6615.480670231892,0.0,0.0,2.4458814152880244,9.539649860710662e-07,9.539649860710654e-07
0.2725,6615.511682095568,0.0,0.0,2.4458516144445643,9.539810193409684e-07,9.539810193409676e-07
0.27255,6615.54715046919,0.0,0.0,2.445823164047965,9.539801331900485e-07,9.539801331900476e-07
0.2726,6615.58713450815,0.0,0.0,2.44579610489705,9.539989630963668e-07,9.53998963096366e-07
0.27265,6615.631583418817,0.0,0.0,2.4457704754484086,9.539982040712307e-07,9.5399820407123e-07
0.2727,6615.680313039538,0.0,0.0,2.4457463119277643,9.540186649743041e-07,9.540186649743033e-07
0.27275,6615.733485238291,0.0,0.0,2.445723649236515,9.540191245855575e-07,9.540191245855569e-07
0.2728,6615.790690731843,0.0,0.0,2.4457025188358346,9.54040017501341e-07,9.5404001750134e-07
0.27285000000000004,6615.852273134244,0.0,0.0,2.4456829518237737,9.540427367675496e-07,9.54042736767549e-07
0.27290000000000003,6615.917642171291,0.0,0.0,2.4456649747982446,9.540629732722181e-07,9.540629732722173e-07
0.27295,6615.987269065034,0.0,0.0,2.44564861476546,9.540688059266802e-07,9.540688059266794e-07
0.273,6616.06044672513,0.0,0.0,2.4456338934454824,9.540875336596255e-07,9.540875336596247e-07
0.27305,6616.137703888112,0.0,0.0,2.445620833438719,9.540970356259313e-07,9.540970356259305e-07
0.2731,6616.2182924659755,0.0,0.0,2.445609451640263,9.541137294550338e-07,9.541137294550331e-07
0.27315,6616.302721863522,0.0,0.0,2.4455997659268065,9.54127088774447e-07,9.541270887744461e-07
0.2732,6616.390280765053,0.0,0.0,2.4455917884664684,9.541415967702786e-07,9.541415967702778e-07
0.27325,6616.481385513144,0.0,0.0,2.445585532115932,9.541586124468513e-07,9.541586124468507e-07
0.2733,6616.5754315322565,0.0,0.0,2.445581004434267,9.541711519862506e-07,9.5417115198625e-07
0.27335000000000004,6616.672680775218,0.0,0.0,2.4455782130098576,9.541912634702518e-07,9.54191263470251e-07
0.27340000000000003,6616.772689071945,0.0,0.0,2.4455771609060433,9.542023695220725e-07,9.542023695220716e-07
0.27345,6616.875522483924,0.0,0.0,2.4455778502663192,9.542247314709005e-07,9.542247314708999e-07
0.2735,6616.980928451328,0.0,0.0,2.445580279746386,9.542351653429688e-07,9.542351653429682e-07
0.27355,6617.0887601712075,0.0,0.0,2.4455844459580107,9.542587563085574e-07,9.542587563085567e-07
0.2736,6617.198962333881,0.0,0.0,2.4455903431981327,9.542693880726564e-07,9.542693880726558e-07
0.27365,6617.311184207904,0.0,0.0,2.4455979625596402,9.542931373684825e-07,9.542931373684817e-07
0.2737,6617.425548145561,0.0,0.0,2.445607293984986,9.543048184012099e-07,9.543048184012092e-07
0.27375,6617.541532326059,0.0,0.0,2.445618323161309,9.543277334862518e-07,9.543277334862512e-07
0.2738,6617.659395503851,0.0,0.0,2.44563103564002,9.543411763642773e-07,9.543411763642767e-07
0.27385000000000004,6617.778496503052,0.0,0.0,2.4456454119070723,9.543624537201516e-07,9.543624537201508e-07
0.27390000000000003,6617.899173812294,0.0,0.0,2.4456614330579716,9.543781353507889e-07,9.543781353507882e-07
0.27395,6618.020730241662,0.0,0.0,2.4456790746563306,9.543972407703748e-07,9.543972407703742e-07
0.274,6618.143519940047,0.0,0.0,2.4456983132679997,9.54415340984108e-07,9.544153409841073e-07
0.27405,6618.266856193495,0.0,0.0,2.445719119864248,9.544320500876185e-07,9.544320500876179e-07
0.2741,6618.391045953204,0.0,0.0,2.4457414664223553,9.544524326894805e-07,9.5445243268948e-07
0.27415,6618.515474102791,0.0,0.0,2.445765319676183,9.54466828263027e-07,9.54466828263026e-07
0.2742,6618.6403468336175,0.0,0.0,2.445790646995146,9.54489065402815e-07,9.54489065402814e-07
0.27425,6618.765168999722,0.0,0.0,2.4458174112297546,9.545014942660681e-07,9.545014942660675e-07
0.2743,6618.890008200951,0.0,0.0,2.4458455751843178,9.545249287830726e-07,9.545249287830717e-07
0.27435000000000004,6619.014519552125,0.0,0.0,2.445875098156924,9.545359262310638e-07,9.545359262310632e-07
0.27440000000000003,6619.138614009078,0.0,0.0,2.445905938508737,9.54559761475255e-07,9.54559761475254e-07
0.27445,6619.262106502366,0.0,0.0,2.4459380522773158,9.54569955400962e-07,9.545699554009614e-07
0.2745,6619.384754238991,0.0,0.0,2.4459713935912872,9.545933584481198e-07,9.545933584481192e-07
0.27455,6619.506521062821,0.0,0.0,2.446005915472783,9.546033675104798e-07,9.546033675104792e-07
0.2746,6619.627032591707,0.0,0.0,2.44604156811776,9.546255704618065e-07,9.54625570461806e-07
0.27465,6619.746373203282,0.0,0.0,2.446078301732276,9.546359108049682e-07,9.546359108049673e-07
0.2747,6619.864074169949,0.0,0.0,2.446116062960365,9.546562958898142e-07,9.546562958898133e-07
0.27475,6619.980299723978,0.0,0.0,2.4461547993550057,9.546673091592266e-07,9.546673091592257e-07
0.2748,6620.094533155956,0.0,0.0,2.4461944544537317,9.546854665182859e-07,9.546854665182852e-07
0.27485000000000004,6620.206972057604,0.0,0.0,2.4462349732990885,9.546972782929415e-07,9.546972782929409e-07
0.27490000000000003,6620.317100430879,0.0,0.0,2.4462762968103315,9.547130300051646e-07,9.54713030005164e-07
0.27495,6620.425103752616,0.0,0.0,2.4463183676620672,9.547255430196888e-07,9.547255430196882e-07
0.275,6620.530511110855,0.0,0.0,2.446361124661499,9.547389322576618e-07,9.547389322576612e-07
0.27505,6620.633457598021,0.0,0.0,2.4464045082789703,9.547518534390505e-07,9.547518534390497e-07
0.2751,6620.7335519194285,0.0,0.0,2.446448455709378,9.54763102910266e-07,9.547631029102654e-07
0.27515,6620.8308523961505,0.0,0.0,2.446492905423038,9.547759981814276e-07,9.547759981814267e-07
0.2752,6620.925068327101,0.0,0.0,2.4465377934745405,9.547854462781081e-07,9.547854462781073e-07
0.27525,6621.016169365359,0.0,0.0,2.4465830565936586,9.547978130726216e-07,9.54797813072621e-07
0.2753,6621.103971377344,0.0,0.0,2.446628630123408,9.548058390130626e-07,9.54805839013062e-07
0.27535000000000004,6621.188358198216,0.0,0.0,2.4466744493756782,9.548171840556865e-07,9.548171840556859e-07
0.27540000000000003,6621.269244107432,0.0,0.0,2.4467204493591486,9.548241343149055e-07,9.548241343149049e-07
0.27545000000000003,6621.346442771301,0.0,0.0,2.4467665643538328,9.548340439532177e-07,9.54834043953217e-07
0.2755,6621.419947504076,0.0,0.0,2.4468127293594275,9.548401714515358e-07,9.548401714515351e-07
0.27555,6621.489526512736,0.0,0.0,2.446858878065806,9.54848363559285e-07,9.548483635592842e-07
0.2756,6621.55522591812,0.0,0.0,2.446904945744077,9.54853788607307e-07,9.548537886073064e-07
0.27565,6621.616797420151,0.0,0.0,2.4469508659771844,9.548601386100937e-07,9.548601386100928e-07
0.2757,6621.674311908492,0.0,0.0,2.4469965745557243,9.548648368283911e-07,9.548648368283905e-07
0.27575,6621.727532697232,0.0,0.0,2.4470420054614497,9.548693750110848e-07,9.548693750110842e-07
0.2758,6621.776530484562,0.0,0.0,2.447087095236348,9.548731929996218e-07,9.548731929996212e-07
0.27585000000000004,6621.821102981595,0.0,0.0,2.4471317787681417,9.548760751657475e-07,9.548760751657469e-07
0.27590000000000003,6621.861302745024,0.0,0.0,2.447175993582866,9.548787701479536e-07,9.548787701479528e-07
0.27595000000000003,6621.8969761041,0.0,0.0,2.4472196759623035,9.54880228096509e-07,9.548802280965084e-07
0.276,6621.928148926946,0.0,0.0,2.4472627646650547,9.548815238613312e-07,9.548815238613304e-07
0.27605,6621.954720330823,0.0,0.0,2.447305197818564,9.548818052882992e-07,9.548818052882984e-07
0.2761,6621.9766908811525,0.0,0.0,2.4473469156893546,9.54881454073923e-07,9.54881454073922e-07
0.27615,6621.994007025914,0.0,0.0,2.447387858653368,9.548807629876606e-07,9.5488076298766e-07
0.2762,6622.006654005179,0.0,0.0,2.44742796879253,9.548786019696788e-07,9.548786019696782e-07
0.27625,6622.014612684674,0.0,0.0,2.447467189079293,9.548770503326992e-07,9.548770503326984e-07
0.2763,6622.017868651676,0.0,0.0,2.447505463749521,9.548730423034947e-07,9.548730423034938e-07
0.27635000000000004,6622.016420297613,0.0,0.0,2.4475427386658226,9.548706215390624e-07,9.548706215390617e-07
0.27640000000000003,6622.010271030756,0.0,0.0,2.4475789605803984,9.54864872084655e-07,9.548648720846542e-07
0.27645000000000003,6621.999420020425,0.0,0.0,2.447614078491494,9.548614496717469e-07,9.54861449671746e-07
0.2765,6621.983903607911,0.0,0.0,2.4476480420418456,9.54854197237481e-07,9.548541972374804e-07
0.27655,6621.963709146358,0.0,0.0,2.447680803573065,9.548495394167093e-07,9.548495394167084e-07
0.2766,6621.938914989729,0.0,0.0,2.447712315989258,9.548411194280173e-07,9.548411194280167e-07
0.27665,6621.909491395263,0.0,0.0,2.447742535158004,9.548349366563458e-07,9.54834936656345e-07
0.2767,6621.875559274889,0.0,0.0,2.447771417596249,9.54825725488054e-07,9.548257254880534e-07
0.27675,6621.837075550584,0.0,0.0,2.447798922867516,9.548177333890793e-07,9.548177333890787e-07
0.2768,6621.794194844568,0.0,0.0,2.4478250114191176,9.548080816481442e-07,9.548080816481434e-07
0.27685000000000004,6621.7468734871145,0.0,0.0,2.4478496466781645,9.547980673380704e-07,9.547980673380697e-07
0.27690000000000003,6621.695282556867,0.0,0.0,2.447872793294688,9.547882340286037e-07,9.547882340286029e-07
0.27695000000000003,6621.639397641848,0.0,0.0,2.44789441873111,9.547761163711969e-07,9.547761163711962e-07
0.277,6621.579383321396,0.0,0.0,2.447914492060837,9.547662156399888e-07,9.547662156399881e-07
0.27705,6621.515257972332,0.0,0.0,2.447932984958982,9.547520884306913e-07,9.547520884306904e-07
0.2771,6621.447155033362,0.0,0.0,2.447949871090026,9.547420588247605e-07,9.547420588247596e-07
0.27715,6621.375158453209,0.0,0.0,2.447965126521423,9.547262081519123e-07,9.547262081519117e-07
0.2772,6621.2993488636475,0.0,0.0,2.4479787296272058,9.547158108662709e-07,9.547158108662702e-07
0.27725,6621.219893135024,0.0,0.0,2.4479906610414126,9.546987017356602e-07,9.546987017356595e-07
0.2773,6621.136804924923,0.0,0.0,2.448000903924564,9.546875498388563e-07,9.546875498388557e-07
0.27735000000000004,6621.050341791731,0.0,0.0,2.448009443635563,9.546697819471752e-07,9.546697819471746e-07
0.27740000000000004,6620.960447340037,0.0,0.0,2.4480162681667816,9.546573976861597e-07,9.54657397686159e-07
0.27745000000000003,6620.867465158645,0.0,0.0,2.4480213677326836,9.54639635375317e-07,9.54639635375316e-07
0.2775,6620.771278777279,0.0,0.0,2.448024735181633,9.546255281011162e-07,9.546255281011156e-07
0.27755,6620.672299754764,0.0,0.0,2.448026365676067,9.5460841403217e-07,9.546084140321694e-07
0.2776,6620.570374506945,0.0,0.0,2.448026256932036,9.545921677810942e-07,9.545921677810935e-07
0.27765,6620.465952285594,0.0,0.0,2.448024409106095,9.545762330641553e-07,9.545762330641547e-07
0.2777,6620.358876064558,0.0,0.0,2.4480208247868727,9.545575907581013e-07,9.545575907581005e-07
0.27775,6620.2495936025725,0.0,0.0,2.448015509120977,9.545431755116805e-07,9.545431755116796e-07
0.2778,6620.137984592287,0.0,0.0,2.4480084695691735,9.545221066060168e-07,9.54522106606016e-07
0.27785,6620.024452231125,0.0,0.0,2.4479997162146185,9.545093039199819e-07,9.545093039199812e-07
0.27790000000000004,6619.90895392693,0.0,0.0,2.447989261381496,9.544860440420439e-07,9.544860440420432e-07
0.27795000000000003,6619.791807459295,0.0,0.0,2.447977119991878,9.544746773003059e-07,9.54474677300305e-07
0.278,6619.67308350527,0.0,0.0,2.447963309209554,9.544497319748284e-07,9.544497319748276e-07
0.27805,6619.552982024606,0.0,0.0,2.4479478486627135,9.544393707378578e-07,9.54439370737857e-07
0.2781,6619.4317111138735,0.0,0.0,2.4479307603063654,9.544134802133586e-07,9.54413480213358e-07
0.27815,6619.309334440263,0.0,0.0,2.44791206831796,9.544034943123886e-07,9.544034943123878e-07
0.2782,6619.186205531792,0.0,0.0,2.447891799360377,9.543775620988655e-07,9.543775620988649e-07
0.27825,6619.062251019452,0.0,0.0,2.4478699819907486,9.543672078878632e-07,9.543672078878626e-07
0.2783,6618.937959060166,0.0,0.0,2.4478466474521747,9.543422012352575e-07,9.543422012352566e-07
0.27835,6618.813137693292,0.0,0.0,2.447821828508803,9.54330729063162e-07,9.543307290631612e-07
0.27840000000000004,6618.688379951823,0.0,0.0,2.447795560805545,9.54307564164275e-07,9.543075641642742e-07
0.27845000000000003,6618.563411692711,0.0,0.0,2.4477678811440393,9.54294332722155e-07,9.542943327221541e-07
0.2785,6618.438884733532,0.0,0.0,2.4477388293397433,9.542737603942418e-07,9.542737603942411e-07
0.27855,6618.314493212823,0.0,0.0,2.4477084460670775,9.54258342063091e-07,9.542583420630904e-07
0.2786,6618.190890408771,0.0,0.0,2.4476767750309394,9.542408502810346e-07,9.542408502810337e-07
0.27865,6618.067797131352,0.0,0.0,2.447643860615359,9.54223112357669e-07,9.542231123576684e-07
0.2787,6617.945806563682,0.0,0.0,2.4476097500918597,9.542088602274598e-07,9.542088602274591e-07
0.27875,6617.8247248741045,0.0,0.0,2.4475744913846285,9.541890096266351e-07,9.541890096266345e-07
0.2788,6617.70502737001,0.0,0.0,2.4475381349796717,9.54177803375163e-07,9.541778033751623e-07
0.27885,6617.586656490797,0.0,0.0,2.4475007321544986,9.541563870569488e-07,9.54156387056948e-07
0.27890000000000004,6617.4699235481985,0.0,0.0,2.447462336243182,9.541477028441727e-07,9.54147702844172e-07
0.27895000000000003,6617.354942973618,0.0,0.0,2.4474230016597436,9.541255620061832e-07,9.541255620061826e-07
0.279,6617.241834325928,0.0,0.0,2.4473827842213205,9.541186139089927e-07,9.54118613908992e-07
0.27905,6617.130898864662,0.0,0.0,2.447341741219801,9.540967963138383e-07,9.540967963138377e-07
0.2791,6617.022059478443,0.0,0.0,2.447299930605818,9.54090641361319e-07,9.540906413613184e-07
0.27915,6616.915795128848,0.0,0.0,2.4472574122397104,9.540702821870163e-07,9.540702821870154e-07
0.2792,6616.81185154262,0.0,0.0,2.4472142458817796,9.540639490796248e-07,9.54063949079624e-07
0.27925,6616.710852312073,0.0,0.0,2.4471704935964698,9.540461353717512e-07,9.540461353717505e-07
0.2793,6616.612408285802,0.0,0.0,2.4471262166606,9.540387599990108e-07,9.5403875999901e-07
0.27935,6616.517233949204,0.0,0.0,2.447081478925351,9.540243966882493e-07,9.540243966882484e-07
0.27940000000000004,6616.424865552758,0.0,0.0,2.447036342920342,9.540153463494223e-07,9.540153463494217e-07
0.27945000000000003,6616.336040216321,0.0,0.0,2.4469908738213673,9.540050420508402e-07,9.540050420508393e-07
0.2795,6616.250290549119,0.0,0.0,2.4469451351692086,9.539940115663396e-07,9.539940115663388e-07
0.27955,6616.168301828025,0.0,0.0,2.44689919297153,9.53988000158154e-07,9.53988000158153e-07
0.2796,6616.0896756623,0.0,0.0,2.446853111548238,9.539750664754473e-07,9.539750664754467e-07
0.27965,6616.014974169897,0.0,0.0,2.4468069572339965,9.53973175804683e-07,9.539731758046825e-07
0.2797,6615.9439328527515,0.0,0.0,2.446760794889666,9.539588030930212e-07,9.539588030930204e-07
0.27975,6615.876931722388,0.0,0.0,2.446714690680575,9.539604757972232e-07,9.539604757972225e-07
0.2798,6615.813888649487,0.0,0.0,2.4466687097476414,9.539454693916409e-07,9.539454693916403e-07
0.27985,6615.754962791745,0.0,0.0,2.4466229176193086,9.53949833753937e-07,9.53949833753936e-07
0.27990000000000004,6615.700279762609,0.0,0.0,2.4465773794181467,9.53935248137465e-07,9.539352481374642e-07
0.27995000000000003,6615.649764640769,0.0,0.0,2.446532159614087,9.53941229941687e-07,9.539412299416864e-07
0.28,6615.603749273733,0.0,0.0,2.4464873229649795,9.539282421620544e-07,9.539282421620535e-07
0.28005,6615.561939078735,0.0,0.0,2.4464429325182904,9.53934702993984e-07,9.539347029939834e-07
0.2801,6615.524843403634,0.0,0.0,2.44639905226866,9.539244677102194e-07,9.539244677102185e-07
0.28015,6615.491988596136,0.0,0.0,2.4463557435394794,9.539303514986485e-07,9.539303514986478e-07
0.2802,6615.4640087847865,0.0,0.0,2.446313069114932,9.539238566463914e-07,9.539238566463906e-07
0.28025,6615.440313136702,0.0,0.0,2.4462710883520145,9.539283252119205e-07,9.539283252119198e-07
0.2803,6615.421590227244,0.0,0.0,2.4462298623393974,9.539262673641276e-07,9.539262673641267e-07
0.28035,6615.4072075490985,0.0,0.0,2.4461894482742244,9.539288072577603e-07,9.539288072577594e-07
0.28040000000000004,6615.397828933338,0.0,0.0,2.4461499050444666,9.539315033762447e-07,9.53931503376244e-07
0.28045000000000003,6615.3928598007515,0.0,0.0,2.446111287526432,9.539319901014643e-07,9.539319901014636e-07
0.2805,6615.392861144718,0.0,0.0,2.4460736519044852,9.539393374688153e-07,9.539393374688145e-07
0.28055,6615.397349947626,0.0,0.0,2.4460370505856077,9.53938048891437e-07,9.539380488914362e-07
0.2806,6615.4067172412715,0.0,0.0,2.446001536574465,9.539495385167693e-07,9.539495385167687e-07
0.28065,6615.420649883712,0.0,0.0,2.445967159651922,9.539471158510021e-07,9.539471158510015e-07
0.2807,6615.439321286746,0.0,0.0,2.445933969217277,9.539618973610692e-07,9.539618973610684e-07
0.28075,6615.462623833503,0.0,0.0,2.445902012241732,9.539592590570346e-07,9.53959259057034e-07
0.2808,6615.490491092516,0.0,0.0,2.445871334163623,9.539762480630065e-07,9.539762480630058e-07
0.28085,6615.5230295362035,0.0,0.0,2.4458419789208126,9.53974468014991e-07,9.539744680149902e-07
0.28090000000000004,6615.559938819515,0.0,0.0,2.44581398771834,9.539924813708482e-07,9.539924813708474e-07
0.28095000000000003,6615.60152007765,0.0,0.0,2.4457874011908243,9.539926475597634e-07,9.539926475597626e-07
0.281,6615.647272194726,0.0,0.0,2.445762256125853,9.540105483103347e-07,9.54010548310334e-07
0.28105,6615.69764627206,0.0,0.0,2.445738589541053,9.540136205514152e-07,9.540136205514144e-07
0.2811,6615.751996384246,0.0,0.0,2.445716433706664,9.540304534836485e-07,9.540304534836477e-07
0.28115,6615.810859557974,0.0,0.0,2.445695821676602,9.540371389483236e-07,9.540371389483228e-07
0.2812,6615.873516553915,0.0,0.0,2.4456767811758016,9.54052239254583e-07,9.540522392545823e-07
0.28125,6615.940515320563,0.0,0.0,2.4456593409331164,9.540629020165913e-07,9.540629020165904e-07
0.2813,6616.011141157204,0.0,0.0,2.445643524153127,9.540759635479912e-07,9.540759635479903e-07
0.28135,6616.08587661538,0.0,0.0,2.4456293548871644,9.540905795839584e-07,9.540905795839578e-07
0.28140000000000004,6616.164085915718,0.0,0.0,2.445616851874164,9.54101674828352e-07,9.541016748283515e-07
0.28145000000000003,6616.246118264282,0.0,0.0,2.445606034170261,9.541198376609474e-07,9.541198376609465e-07
0.28150000000000003,6616.331478493058,0.0,0.0,2.4455969161090247,9.541293880414538e-07,9.54129388041453e-07
0.28155,6616.420331306931,0.0,0.0,2.4455895114934183,9.541503631773998e-07,9.54150363177399e-07
0.2816,6616.512363781814,0.0,0.0,2.445583830295642,9.54159064880825e-07,9.541590648808241e-07
0.28165,6616.607527840958,0.0,0.0,2.445579880887956,9.541818845679918e-07,9.54181884567991e-07
0.2817,6616.705709743802,0.0,0.0,2.445577668892304,9.54190600750252e-07,9.541906007502513e-07
0.28175,6616.806646243667,0.0,0.0,2.4455771971670477,9.542141853033636e-07,9.542141853033627e-07
0.2818,6616.9104137153945,0.0,0.0,2.4455784669531235,9.54223819765233e-07,9.542238197652324e-07
0.28185,6617.016556829315,0.0,0.0,2.4455814756113154,9.542471084323285e-07,9.542471084323278e-07
0.28190000000000004,6617.12530907313,0.0,0.0,2.445586219928765,9.542584779524716e-07,9.54258477952471e-07
0.28195000000000003,6617.236067941554,0.0,0.0,2.445592691880394,9.54280551640973e-07,9.542805516409725e-07
0.28200000000000003,6617.3491721928285,0.0,0.0,2.445600883693467,9.542942739544443e-07,9.542942739544435e-07
0.28205,6617.463932502406,0.0,0.0,2.445610782151168,9.54314453844024e-07,9.543144538440232e-07
0.2821,6617.58072959672,0.0,0.0,2.4456223747980257,9.543308657836623e-07,9.543308657836615e-07
0.28215,6617.698855011663,0.0,0.0,2.4456356434819786,9.543487758218366e-07,9.54348775821836e-07
0.2822,6617.81866525243,0.0,0.0,2.445650570947214,9.543678916119902e-07,9.543678916119894e-07
0.28225,6617.939498953935,0.0,0.0,2.4456671344007503,9.543834782562126e-07,9.543834782562117e-07
0.2823,6618.061627961928,0.0,0.0,2.445685311698763,9.544049922018874e-07,9.544049922018867e-07
0.28235,6618.184494584099,0.0,0.0,2.4457050757136805,9.544185008200415e-07,9.544185008200407e-07
0.28240000000000004,6618.30823882473,0.0,0.0,2.4457263993798612,9.544418322565883e-07,9.544418322565877e-07
0.28245000000000003,6618.432446993543,0.0,0.0,2.4457492515297203,9.54453745496208e-07,9.544537454962073e-07
0.28250000000000003,6618.5570987721685,0.0,0.0,2.4457736002159027,9.544781180334425e-07,9.544781180334417e-07
0.28255,6618.681944392221,0.0,0.0,2.445799410494867,9.544890663170646e-07,9.54489066317064e-07
0.2826,6618.806796161276,0.0,0.0,2.4458266456649986,9.545136088396931e-07,9.545136088396925e-07
0.28265,6618.931566494843,0.0,0.0,2.445855267228941,9.545242665456314e-07,9.545242665456305e-07
0.2827,6619.055914457089,0.0,0.0,2.4458852339506785,9.545481208522252e-07,9.545481208522246e-07
0.28275,6619.17989291747,0.0,0.0,2.445916503956399,9.545591030843904e-07,9.545591030843896e-07
0.2828,6619.303039985242,0.0,0.0,2.445949031783993,9.545815228428546e-07,9.54581522842854e-07
0.28285,6619.425511499056,0.0,0.0,2.445982772321587,9.545932970434095e-07,9.545932970434088e-07
0.28290000000000004,6619.546769767612,0.0,0.0,2.446017676265225,9.546137247273628e-07,9.546137247273622e-07
0.28295000000000003,6619.667026454838,0.0,0.0,2.446053695377771,9.546265487431159e-07,9.546265487431152e-07
0.28300000000000003,6619.785719408961,0.0,0.0,2.4460907769542795,9.546446611602506e-07,9.546446611602498e-07
0.28305,6619.903066319271,0.0,0.0,2.4461288697383785,9.546585551509195e-07,9.546585551509187e-07
0.2831,6620.018530997746,0.0,0.0,2.446167918097883,9.546742732051896e-07,9.54674273205189e-07
0.28315,6620.132291618066,0.0,0.0,2.4462078678779418,9.546890276345177e-07,9.54689027634517e-07
0.2832,6620.2438809707255,0.0,0.0,2.446248661000756,9.547024914092048e-07,9.54702491409204e-07
0.28325,6620.353402261572,0.0,0.0,2.446290240569503,9.547177079250986e-07,9.547177079250977e-07
0.2833,6620.460487855864,0.0,0.0,2.446332546527041,9.547292231265655e-07,9.54729223126565e-07
0.28335,6620.565144643839,0.0,0.0,2.4463755194444654,9.547443803844045e-07,9.547443803844039e-07
0.28340000000000004,6620.667119827001,0.0,0.0,2.446419097717544,9.547543459788692e-07,9.547543459788686e-07
0.28345000000000004,6620.766318450312,0.0,0.0,2.4464632196602776,9.54768878979614e-07,9.547688789796134e-07
0.28350000000000003,6620.862601968066,0.0,0.0,2.4465078225076,9.54777708072223e-07,9.547777080722222e-07
0.28355,6620.955783187095,0.0,0.0,2.4465528426607532,9.54791088031445e-07,9.547910880314442e-07
0.2836,6621.045823174751,0.0,0.0,2.446598216529862,9.547991343528923e-07,9.547991343528915e-07
0.28365,6621.132464422981,0.0,0.0,2.4466438790133176,9.54810936651971e-07,9.548109366519704e-07
0.2837,6621.215742614966,0.0,0.0,2.4466897659858065,9.548184375918673e-07,9.548184375918664e-07
0.28375,6621.295359751332,0.0,0.0,2.446735811307087,9.548283878562164e-07,9.548283878562157e-07
0.2838,6621.371395688765,0.0,0.0,2.446781950569422,9.548354319583437e-07,9.548354319583429e-07
0.28385,6621.443544441232,0.0,0.0,2.4468281170953,9.548434243409629e-07,9.54843424340962e-07
0.28390000000000004,6621.511899454443,0.0,0.0,2.4468742464263147,9.548499470880677e-07,9.54849947088067e-07
0.28395000000000004,6621.576176751934,0.0,0.0,2.4469202718653884,9.54856033612813e-07,9.548560336128123e-07
0.28400000000000003,6621.636457491585,0.0,0.0,2.4469661291313134,9.548618407377827e-07,9.54861840737782e-07
0.28405,6621.6925028603555,0.0,0.0,2.447011752019782,9.548661953438022e-07,9.548661953438016e-07
0.2841,6621.744364207625,0.0,0.0,2.447057076667662,9.548710084815285e-07,9.548710084815277e-07
0.28415,6621.791861342679,0.0,0.0,2.4471020378504718,9.548738733629872e-07,9.548738733629866e-07
0.2842,6621.83500859083,0.0,0.0,2.4471465723909174,9.548773893157222e-07,9.548773893157216e-07
0.28425,6621.873687151941,0.0,0.0,2.4471906164903836,9.54879013724531e-07,9.548790137245301e-07
0.2843,6621.907877432844,0.0,0.0,2.4472341079608606,9.54880966478055e-07,9.548809664780541e-07
0.28435,6621.937515024488,0.0,0.0,2.44727698482473,9.548815489993023e-07,9.548815489993015e-07
0.2844,6621.962558038728,0.0,0.0,2.447319186224932,9.548817633187493e-07,9.548817633187486e-07
0.28445000000000004,6621.982982267531,0.0,0.0,2.4473606523457807,9.548814076906806e-07,9.5488140769068e-07
0.28450000000000003,6621.998740438805,0.0,0.0,2.4474013240370245,9.548798346900967e-07,9.54879834690096e-07
0.28455,6622.009830883469,0.0,0.0,2.447441143934809,9.54878526751869e-07,9.548785267518684e-07
0.2846,6622.016219110359,0.0,0.0,2.4474800549958498,9.54875255054348e-07,9.548752550543474e-07
0.28465,6622.017909010838,0.0,0.0,2.4475180025554573,9.548728647684005e-07,9.548728647684e-07
0.2847,6622.01489420034,0.0,0.0,2.447554932087529,9.548681052014458e-07,9.54868105201445e-07
0.28475,6622.007171677238,0.0,0.0,2.4475907918433157,9.548644134803432e-07,9.548644134803424e-07
0.2848,6621.994772232463,0.0,0.0,2.4476255302176138,9.548584599457956e-07,9.54858459945795e-07
0.28485,6621.977680879174,0.0,0.0,2.4476590985771396,9.548532058289434e-07,9.548532058289426e-07
0.2849,6621.955966268464,0.0,0.0,2.447691448618307,9.548463792179305e-07,9.548463792179297e-07
0.28495000000000004,6621.929605018083,0.0,0.0,2.4477225350178924,9.548393194145447e-07,9.548393194145438e-07
0.28500000000000003,6621.89869548942,0.0,0.0,2.447752313117368,9.548319044964573e-07,9.548319044964564e-07
0.28505,6621.863217733274,0.0,0.0,2.4477807411025645,9.548228749694e-07,9.54822874969399e-07
0.2851,6621.823284160508,0.0,0.0,2.4478077782559287,9.548150615366232e-07,9.548150615366223e-07
0.28515,6621.778896174077,0.0,0.0,2.4478333864806108,9.548040300764872e-07,9.548040300764866e-07
0.2852,6621.730159951944,0.0,0.0,2.447857529243276,9.547958690914138e-07,9.54795869091413e-07
0.28525,6621.677118753892,0.0,0.0,2.4478801723817174,9.547829688669225e-07,9.54782968866922e-07
0.2853,6621.6198515947335,0.0,0.0,2.447901283737613,9.547743520485463e-07,9.547743520485457e-07
0.28535,6621.558462419919,0.0,0.0,2.4479208333046016,9.547598888958639e-07,9.54759888895863e-07
0.2854,6621.492985874196,0.0,0.0,2.4479387934427614,9.547505564776706e-07,9.547505564776698e-07
0.28545000000000004,6621.423599458925,0.0,0.0,2.44795513851751,9.547349867864921e-07,9.547349867864913e-07
0.28550000000000003,6621.350283973927,0.0,0.0,2.44796984551186,9.547245637156977e-07,9.54724563715697e-07
0.28555,6621.2732938532645,0.0,0.0,2.4479828933621106,9.547084446058963e-07,9.547084446058957e-07
0.2856,6621.192557209254,0.0,0.0,2.4479942637502097,9.546965008384726e-07,9.546965008384717e-07
0.28565,6621.10839717788,0.0,0.0,2.448003940353559,9.546804191034106e-07,9.5468041910341e-07
0.2857,6621.020702202489,0.0,0.0,2.44801190961059,9.546665456440587e-07,9.54666545644058e-07
0.28575,6620.929844035392,0.0,0.0,2.448018160070578,9.546510358139047e-07,9.546510358139039e-07
0.2858,6620.835695560399,0.0,0.0,2.448022682975568,9.546349252559254e-07,9.546349252559245e-07
0.28585,6620.738647007988,0.0,0.0,2.4480254718305723,9.546203894935183e-07,9.546203894935175e-07
0.2859,6620.63858813168,0.0,0.0,2.4480265227225133,9.546019085205054e-07,9.546019085205046e-07
0.28595000000000004,6620.535891118689,0.0,0.0,2.4480258341459287,9.54588551352162e-07,9.545885513521614e-07
0.28600000000000003,6620.430498903226,0.0,0.0,2.4480234070682996,9.545677932111773e-07,9.545677932111766e-07
0.28605,6620.322727800487,0.0,0.0,2.448019244958884,9.545555823458179e-07,9.545555823458172e-07
0.2861,6620.212608608099,0.0,0.0,2.448013353691854,9.545328896398115e-07,9.54532889639811e-07
0.28615,6620.100368379583,0.0,0.0,2.4480057416535663,9.545215505000999e-07,9.54521550500099e-07
0.2862,6619.986153086488,0.0,0.0,2.447996419633969,9.544975026434284e-07,9.544975026434278e-07
0.28625,6619.870077113728,0.0,0.0,2.447985400845069,9.544865493385465e-07,9.544865493385459e-07
0.2863,6619.752416438814,0.0,0.0,2.44797270097499,9.54461914032812e-07,9.544619140328113e-07
0.28635,6619.633163822088,0.0,0.0,2.4479583379466887,9.544507141070174e-07,9.544507141070168e-07
0.2864,6619.512723992669,0.0,0.0,2.4479423322921807,9.544263676694795e-07,9.54426367669479e-07
0.28645000000000004,6619.390976187512,0.0,0.0,2.4479247065177185,9.54414232791358e-07,9.544142327913573e-07
0.28650000000000003,6619.268435081853,0.0,0.0,2.447905485899775,9.543910591663488e-07,9.543910591663482e-07
0.28655,6619.144891802947,0.0,0.0,2.4478846973954607,9.543773498656097e-07,9.54377349865609e-07
0.2866,6619.020935649373,0.0,0.0,2.447862370875873,9.543561319081412e-07,9.543561319081404e-07
0.28665,6618.896310055764,0.0,0.0,2.4478385376163345,9.543403619286548e-07,9.54340361928654e-07
0.2867,6618.7716306538705,0.0,0.0,2.447813231881505,9.543216804321539e-07,9.54321680432153e-07
0.28675,6618.646643944772,0.0,0.0,2.4477864891321683,9.543036057783917e-07,9.54303605778391e-07
0.2868,6618.5219362950365,0.0,0.0,2.44775834777834,9.54287761234939e-07,9.542877612349384e-07
0.28685,6618.397311903264,0.0,0.0,2.447728847328909,9.542674405268021e-07,9.542674405268015e-07
0.2869,6618.27327205883,0.0,0.0,2.447698030052618,9.542544099219414e-07,9.542544099219407e-07
0.28695000000000004,6618.149729717301,0.0,0.0,2.4476659393560856,9.54232226129803e-07,9.542322261298024e-07
0.28700000000000003,6618.027052612227,0.0,0.0,2.4476326210540105,9.542216623518843e-07,9.542216623518835e-07
0.28705,6617.905302575591,0.0,0.0,2.4475981222763976,9.541983010127813e-07,9.541983010127807e-07
0.2871,6617.784679600153,0.0,0.0,2.4475624920591605,9.541895765709963e-07,9.541895765709957e-07
0.28715,6617.665417302902,0.0,0.0,2.4475257810457873,9.54165961427178e-07,9.541659614271771e-07
0.2872,6617.547533395498,0.0,0.0,2.44748804117069,9.541582518896397e-07,9.54158251889639e-07
0.28725,6617.431434784558,0.0,0.0,2.4474493263352644,9.541354449684752e-07,9.541354449684743e-07
0.2873,6617.316964903449,0.0,0.0,2.447409691063442,9.541278418002305e-07,9.5412784180023e-07
0.28735,6617.204682584511,0.0,0.0,2.4473691922066165,9.541069202005181e-07,9.541069202005175e-07
0.2874,6617.09428749344,0.0,0.0,2.447327886590614,9.540985584021979e-07,9.540985584021972e-07
0.28745000000000004,6616.986447758043,0.0,0.0,2.4472858336549477,9.540804838419378e-07,9.540804838419371e-07
0.28750000000000003,6616.880769172939,0.0,0.0,2.4472430922632977,9.54070667390957e-07,9.540706673909562e-07
0.28755000000000003,6616.777969831862,0.0,0.0,2.4471997240316985,9.540561661684676e-07,9.54056166168467e-07
0.2876,6616.677625088857,0.0,0.0,2.4471557896176614,9.540444742767996e-07,9.54044474276799e-07
0.28765,6616.5804339672295,0.0,0.0,2.4471113523625325,9.540339443701216e-07,9.54033944370121e-07
0.2877,6616.486010438896,0.0,0.0,2.4470664744846795,9.540203037704272e-07,9.540203037704264e-07
0.28775,6616.39496429064,0.0,0.0,2.447021220575048,9.5401376249969e-07,9.540137624996893e-07
0.2878,6616.307013870357,0.0,0.0,2.44697565417788,9.53998475250854e-07,9.539984752508532e-07
0.28785,6616.222617430598,0.0,0.0,2.446929840651865,9.53995555498814e-07,9.539955554988134e-07
0.2879,6616.141651391145,0.0,0.0,2.4468838446150034,9.539792775380292e-07,9.539792775380285e-07
0.28795000000000004,6616.064376294502,0.0,0.0,2.4468377317251084,9.53979273977412e-07,9.539792739774114e-07
0.28800000000000003,6615.990860837467,0.0,0.0,2.446791567389875,9.539629460996496e-07,9.53962946099649e-07
0.28805000000000003,6615.921144141383,0.0,0.0,2.446745417128705,9.539649059467905e-07,9.539649059467897e-07
0.2881,6615.855496875734,0.0,0.0,2.4466993468110094,9.539496453667221e-07,9.539496453667213e-07
0.28815,6615.793739039802,0.0,0.0,2.4466534214252467,9.5395249205128e-07,9.53952492051279e-07
0.2882,6615.736326535494,0.0,0.0,2.446607706923686,9.53939458117219e-07,9.539394581172184e-07
0.28825,6615.682888773237,0.0,0.0,2.4465622674243517,9.539421317355881e-07,9.539421317355873e-07
0.2883,6615.634025239567,0.0,0.0,2.4465171685322815,9.539323831950811e-07,9.539323831950803e-07
0.28835,6615.589226302695,0.0,0.0,2.4464724732096066,9.53933979262943e-07,9.539339792629423e-07
0.2884,6615.54917329215,0.0,0.0,2.446428246239691,9.539283419081556e-07,9.539283419081547e-07
0.28845000000000004,6615.51328584472,0.0,0.0,2.4463845491911136,9.539282301856273e-07,9.539282301856264e-07
0.28850000000000003,6615.4822528136965,0.0,0.0,2.4463414455205803,9.539271925998199e-07,9.53927192599819e-07
0.28855000000000003,6615.455499642531,0.0,0.0,2.446298995200597,9.539251003250888e-07,9.53925100325088e-07
0.2886,6615.433645083411,0.0,0.0,2.4462572598450585,9.539287518520549e-07,9.53928751852054e-07
0.28865,6615.41619547169,0.0,0.0,2.4462162976457495,9.539248004532595e-07,9.539248004532586e-07
0.2887,6615.403628313652,0.0,0.0,2.4461761678691554,9.539328198143805e-07,9.539328198143796e-07
0.28875,6615.395594890682,0.0,0.0,2.446136926740153,9.539275102289788e-07,9.53927510228978e-07
0.2888,6615.39237585508,0.0,0.0,2.446098630708145,9.539392063954534e-07,9.539392063954528e-07
0.28885,6615.393812248588,0.0,0.0,2.446061333824697,9.53933354857097e-07,9.53933354857096e-07
0.2889,6615.39995488076,0.0,0.0,2.4460250893083924,9.539477546094642e-07,9.539477546094634e-07
0.28895000000000004,6615.410854396377,0.0,0.0,2.4459899487957952,9.539423872859784e-07,9.539423872859776e-07
0.28900000000000003,6615.426325599991,0.0,0.0,2.4459559619328766,9.539583576505646e-07,9.539583576505638e-07
0.28905000000000003,6615.446621078007,0.0,0.0,2.4459231776551467,9.539545778958667e-07,9.53954577895866e-07
0.2891,6615.471341049206,0.0,0.0,2.445891641774967,9.539709670331915e-07,9.539709670331907e-07
0.28915,6615.500905923689,0.0,0.0,2.4458614001950045,9.539698127233632e-07,9.539698127233624e-07
0.2892,6615.534747538975,0.0,0.0,2.4458324947143493,9.539855905858896e-07,9.539855905858888e-07
0.28925,6615.5733979918505,0.0,0.0,2.445804967832187,9.53987900276542e-07,9.53987900276541e-07
0.2893,6615.616185783524,0.0,0.0,2.4457788572281687,9.54002280714169e-07,9.54002280714168e-07
0.28935,6615.663683805492,0.0,0.0,2.4457542016032057,9.540085861985163e-07,9.540085861985154e-07
0.2894,6615.715192770244,0.0,0.0,2.4457310344696195,9.540211149191189e-07,9.54021114919118e-07
0.28945000000000004,6615.771249824165,0.0,0.0,2.4457093903319653,9.54031574122874e-07,9.540315741228732e-07
0.28950000000000004,6615.831204366563,0.0,0.0,2.4456892985251724,9.540421717647995e-07,9.540421717647986e-07
0.28955000000000003,6615.895485343888,0.0,0.0,2.4456707889806073,9.540565503431835e-07,9.540565503431826e-07
0.2896,6615.96355865852,0.0,0.0,2.4456538868606095,9.540655059508502e-07,9.540655059508493e-07
0.28965,6616.035685791884,0.0,0.0,2.445638617192971,9.5408320927631e-07,9.540832092763092e-07
0.2897,6616.11149998935,0.0,0.0,2.4456250009648723,9.54091126083641e-07,9.540911260836402e-07
0.28975,6616.191056444754,0.0,0.0,2.445613058039194,9.541112763705019e-07,9.541112763705008e-07
0.2898,6616.2741836243695,0.0,0.0,2.4456028051995466,9.54118977985695e-07,9.541189779856942e-07
0.28985,6616.360716577933,0.0,0.0,2.445594256968767,9.5414052530955e-07,9.541405253095489e-07
0.2899,6616.450680987025,0.0,0.0,2.445587425860581,9.54148935427955e-07,9.541489354279541e-07
0.28995000000000004,6616.543704079287,0.0,0.0,2.445582320978271,9.541707870085397e-07,9.541707870085386e-07
0.29000000000000004,6616.6399853581,0.0,0.0,2.445578950457548,9.54180799074728e-07,9.541807990747272e-07
0.29005000000000003,6616.738980562555,0.0,0.0,2.4455773179987563,9.542019491923846e-07,9.542019491923835e-07
0.2901,6616.841017969993,0.0,0.0,2.4455774272145123,9.542143034213405e-07,9.542143034213394e-07
0.29015,6616.945436985928,0.0,0.0,2.4455792765064674,9.542339468165347e-07,9.542339468165338e-07
0.2902,6617.052634404437,0.0,0.0,2.4455828647952536,9.542491307279052e-07,9.542491307279044e-07
0.29025,6617.161899802423,0.0,0.0,2.4455881853593264,9.542667451495586e-07,9.542667451495577e-07
0.2903,6617.27363122744,0.0,0.0,2.44559523225433,9.542849302172723e-07,9.542849302172715e-07
0.29035,6617.387137607138,0.0,0.0,2.4456039938602054,9.543003185073916e-07,9.543003185073905e-07
0.2904,6617.502752820312,0.0,0.0,2.4456144592141973,9.543213403345224e-07,9.543213403345213e-07
0.29045000000000004,6617.619868260769,0.0,0.0,2.4456266120466914,9.543346281778866e-07,9.543346281778858e-07
0.29050000000000004,6617.738698359841,0.0,0.0,2.445640436267301,9.543580114168736e-07,9.543580114168727e-07
0.29055000000000003,6617.858766422276,0.0,0.0,2.4456559112056526,9.543696030077667e-07,9.543696030077659e-07
0.2906,6617.980128953798,0.0,0.0,2.445673015600861,9.543946259705352e-07,9.543946259705344e-07
0.29065,6618.102471411614,0.0,0.0,2.4456917246095595,9.544051253468117e-07,9.544051253468106e-07
0.2907,6618.2256749138505,0.0,0.0,2.44571201184075,9.544309139051025e-07,9.544309139051014e-07
0.29075,6618.349595320819,0.0,0.0,2.445733848470198,9.544410240164111e-07,9.5444102401641e-07
0.2908,6618.473943186969,0.0,0.0,2.4457572031097157,9.544666606267613e-07,9.544666606267602e-07
0.29085,6618.598731260813,0.0,0.0,2.44578204310408,9.54477074751492e-07,9.54477074751491e-07
0.2909,6618.723524947682,0.0,0.0,2.445808332293906,9.545017069487775e-07,9.545017069487766e-07
0.29095,6618.848461665911,0.0,0.0,2.4458360343026735,9.545130075519758e-07,9.545130075519747e-07
0.29100000000000004,6618.9730033498945,0.0,0.0,2.445865108510503,9.545359410352005e-07,9.545359410351995e-07
0.29105000000000003,6619.097366553734,0.0,0.0,2.4458955148993238,9.545485196234614e-07,9.545485196234604e-07
0.2911,6619.220961436251,0.0,0.0,2.445927208768083,9.545692840024423e-07,9.545692840024413e-07
0.29115,6619.3440316796705,0.0,0.0,2.4459601465237086,9.545832920758722e-07,9.545832920758712e-07
0.2912,6619.465990161609,0.0,0.0,2.445994279810155,9.546016718653775e-07,9.546016718653765e-07
0.29125,6619.5870565289515,0.0,0.0,2.4460295615335603,9.54617008331196e-07,9.546170083311952e-07
0.2913,6619.706696498398,0.0,0.0,2.44606594013129,9.546330370928738e-07,9.54633037092873e-07
0.29135,6619.825062108405,0.0,0.0,2.446103365112465,9.546493720397787e-07,9.546493720397776e-07
0.2914,6619.941711545188,0.0,0.0,2.4461417821541427,9.546632929475425e-07,9.546632929475416e-07
0.29145,6620.056698530731,0.0,0.0,2.4461811375216524,9.54680122382362e-07,9.546801223823609e-07
0.29150000000000004,6620.169698566919,0.0,0.0,2.446221374554771,9.546923230390463e-07,9.546923230390452e-07
0.29155000000000003,6620.280652374301,0.0,0.0,2.4462624364928294,9.547090448363789e-07,9.547090448363778e-07
0.2916,6620.389360877415,0.0,0.0,2.446304264722734,9.547199774322336e-07,9.547199774322325e-07
0.29165,6620.495653834365,0.0,0.0,2.4463467997484067,9.547359759795024e-07,9.547359759795014e-07
0.2917,6620.599449470595,0.0,0.0,2.4463899813416714,9.547460753765062e-07,9.547460753765052e-07
0.29175,6620.700483658713,0.0,0.0,2.4464337476347224,9.547608017025788e-07,9.547608017025778e-07
0.2918,6620.798770325718,0.0,0.0,2.4464780370754124,9.547704136867882e-07,9.547704136867873e-07
0.29185,6620.893979870372,0.0,0.0,2.4465227858532717,9.5478344920806e-07,9.54783449208059e-07
0.2919,6620.986191304624,0.0,0.0,2.4465679313440347,9.547927790769285e-07,9.547927790769274e-07
0.29195,6621.075044262885,0.0,0.0,2.4466134082743918,9.54803874294811e-07,9.5480387429481e-07
0.29200000000000004,6621.160648596261,0.0,0.0,2.446659153173887,9.548129624333378e-07,9.54812962433337e-07
0.29205000000000003,6621.242648635561,0.0,0.0,2.446705099817361,9.548220463112904e-07,9.548220463112894e-07
0.2921,6621.321152665098,0.0,0.0,2.446751184105183,9.548307730380996e-07,9.548307730380986e-07
0.29215,6621.39584073275,0.0,0.0,2.446797339380497,9.548379336512968e-07,9.548379336512957e-07
0.2922,6621.466793689789,0.0,0.0,2.4468435011405565,9.548460509465995e-07,9.548460509465984e-07
0.29225,6621.533749822719,0.0,0.0,2.4468896028044997,9.548514925301638e-07,9.54851492530163e-07
0.2923,6621.5967464908545,0.0,0.0,2.446935579717777,9.548586760613222e-07,9.548586760613211e-07
0.29235,6621.655591858803,0.0,0.0,2.4469813658521278,9.548626610616396e-07,9.548626610616387e-07
0.2924,6621.710274953349,0.0,0.0,2.447026896689794,9.548685728040152e-07,9.548685728040143e-07
0.29245,6621.7606741500695,0.0,0.0,2.447072107187151,9.54871359525554e-07,9.548713595255532e-07
0.29250000000000004,6621.806735964601,0.0,0.0,2.44711693329527,9.548757097721877e-07,9.548757097721866e-07
0.29255000000000003,6621.848399479527,0.0,0.0,2.447161311335559,9.548774964383818e-07,9.54877496438381e-07
0.2926,6621.8855828748865,0.0,0.0,2.4472051781028688,9.54880094365101e-07,9.548800943651e-07
0.29265,6621.918269616167,0.0,0.0,2.4472484716121308,9.5488097896777e-07,9.54880978967769e-07
0.2927,6621.946368492626,0.0,0.0,2.4472911299127587,9.54881763104766e-07,9.548817631047652e-07
0.29275,6621.969888178948,0.0,0.0,2.447333092995691,9.548817255530965e-07,9.548817255530956e-07
0.2928,6621.988747607565,0.0,0.0,2.4473743005990034,9.548807691650922e-07,9.548807691650913e-07
0.29285,6622.002962834342,0.0,0.0,2.4474146949367546,9.548796784315706e-07,9.548796784315698e-07
0.2929,6622.012479027061,0.0,0.0,2.4474542178768948,9.548771692721488e-07,9.548771692721477e-07
0.29295,6622.0173068217955,0.0,0.0,2.447492814081661,9.548748140349508e-07,9.5487481403495e-07
0.29300000000000004,6622.017427097828,0.0,0.0,2.447530427979639,9.548710124537334e-07,9.548710124537323e-07
0.29305000000000003,6622.012839823438,0.0,0.0,2.447567006897896,9.54867149768137e-07,9.54867149768136e-07
0.2931,6622.003562675862,0.0,0.0,2.447602498229338,9.548623329255498e-07,9.54862332925549e-07
0.29315,6621.989588204328,0.0,0.0,2.44763685218587,9.548567463172062e-07,9.548567463172053e-07
0.2932,6621.970963504497,0.0,0.0,2.447670019487776,9.548511486780372e-07,9.54851148678036e-07
0.29325,6621.947684659368,0.0,0.0,2.4477019534631466,9.548437052466992e-07,9.548437052466981e-07
0.2933,6621.919813961661,0.0,0.0,2.4477326084731668,9.548374661933432e-07,9.548374661933424e-07
0.29335,6621.887367303137,0.0,0.0,2.4477619412078666,9.548281621742364e-07,9.548281621742353e-07
0.2934,6621.850404145433,0.0,0.0,2.447789909929821,9.548212904535625e-07,9.548212904535615e-07
0.29345,6621.808978237113,0.0,0.0,2.4478164749489153,9.548102763019306e-07,9.548102763019295e-07
0.29350000000000004,6621.763128280284,0.0,0.0,2.4478415986384765,9.54802638291269e-07,9.54802638291268e-07
0.29355000000000003,6621.712961616456,0.0,0.0,2.4478652451912586,9.547902175557166e-07,9.547902175557156e-07
0.2936,6621.658482444637,0.0,0.0,2.447887381256004,9.547815524917398e-07,9.54781552491739e-07
0.29365,6621.599861231253,0.0,0.0,2.44790797516578,9.54768153029795e-07,9.547681530297941e-07
0.2937,6621.537061635604,0.0,0.0,2.447926997974165,9.547581139641305e-07,9.547581139641297e-07
0.29375,6621.470317600889,0.0,0.0,2.447944422393897,9.547442347854684e-07,9.547442347854675e-07
0.2938,6621.399556210841,0.0,0.0,2.4479602239881686,9.547324497739448e-07,9.547324497739438e-07
0.29385,6621.325064572055,0.0,0.0,2.447974380058257,9.547185911217668e-07,9.547185911217658e-07
0.2939,6621.246747753709,0.0,0.0,2.4479868707668766,9.547047356578402e-07,9.547047356578393e-07
0.29395,6621.1649254061385,0.0,0.0,2.4479976781718458,9.546913231535303e-07,9.546913231535293e-07
0.29400000000000004,6621.079504426674,0.0,0.0,2.448006787117642,9.546751925962902e-07,9.546751925962891e-07
0.29405000000000003,6620.990808334944,0.0,0.0,2.448014184538937,9.546625077628258e-07,9.546625077628247e-07
0.29410000000000003,6620.8987758739795,0.0,0.0,2.44801986003996,9.546440779182807e-07,9.546440779182797e-07
0.29415,6620.803701579513,0.0,0.0,2.4480238055024715,9.54632206891301e-07,9.546322068913e-07
0.2942,6620.705587735082,0.0,0.0,2.448026015363271,9.54611672063693e-07,9.546116720636921e-07
0.29425,6620.604667824885,0.0,0.0,2.448026486473606,9.546004818837303e-07,9.546004818837293e-07
0.2943,6620.501035824508,0.0,0.0,2.4480252181654776,9.545782626139852e-07,9.545782626139844e-07
0.29435,6620.394838172768,0.0,0.0,2.4480222122404216,9.545674104855107e-07,9.545674104855098e-07
0.2944,6620.286280011973,0.0,0.0,2.4480174729699216,9.545441274542235e-07,9.545441274542227e-07
0.29445,6620.175405602605,0.0,0.0,2.448011007054016,9.545331034723048e-07,9.54533103472304e-07
0.29450000000000004,6620.062537837227,0.0,0.0,2.448002823719778,9.545095190970975e-07,9.545095190970967e-07
0.29455000000000003,6619.947617993749,0.0,0.0,2.447992934491468,9.544977178267298e-07,9.54497717826729e-07
0.29460000000000003,6619.831077862625,0.0,0.0,2.4479813535300154,9.54474652224705e-07,9.54474652224704e-07
0.29465,6619.712770782708,0.0,0.0,2.447968097096448,9.544614640103682e-07,9.544614640103674e-07
0.2947,6619.5932127726355,0.0,0.0,2.447953184218274,9.544396963217047e-07,9.544396963217039e-07
0.29475,6619.472199327744,0.0,0.0,2.447936635799515,9.54424605906535e-07,9.544246059065342e-07
0.2948,6619.350292212915,0.0,0.0,2.447918475617197,9.544047748613902e-07,9.544047748613894e-07
0.29485,6619.227271078341,0.0,0.0,2.4478987291213836,9.543874532738e-07,9.54387453273799e-07
0.2949,6619.1036953646835,0.0,0.0,2.4478774246719617,9.543699716794112e-07,9.543699716794104e-07
0.29495,6618.979377623785,0.0,0.0,2.4478545921636816,9.543503477153713e-07,9.543503477153705e-07
0.29500000000000004,6618.854823265794,0.0,0.0,2.4478302643279086,9.543353441297887e-07,9.54335344129788e-07
0.29505000000000003,6618.729926705854,0.0,0.0,2.4478044753928936,9.54313644014046e-07,9.54313644014045e-07
0.29510000000000003,6618.605090885425,0.0,0.0,2.447777262214374,9.543009413747854e-07,9.543009413747844e-07
0.29515,6618.480334255704,0.0,0.0,2.447748663224336,9.542776892193118e-07,9.542776892193108e-07
0.2952,6618.35591900029,0.0,0.0,2.4477187191319714,9.542668250953498e-07,9.54266825095349e-07
0.29525,6618.232016498278,0.0,0.0,2.4476874724140902,9.542428019796227e-07,9.542428019796218e-07
0.2953,6618.108725914474,0.0,0.0,2.447654967351693,9.542330892594748e-07,9.54233089259474e-07
0.29535,6617.986382160947,0.0,0.0,2.4476212502678756,9.542092545573898e-07,9.54209254557389e-07
0.2954,6617.864919103233,0.0,0.0,2.4475863687353163,9.54199875520452e-07,9.54199875520451e-07
0.29545,6617.744824785328,0.0,0.0,2.4475503726768246,9.541772596568782e-07,9.541772596568771e-07
0.29550000000000004,6617.625886864824,0.0,0.0,2.447513312687625,9.541673815041039e-07,9.54167381504103e-07
0.29555000000000003,6617.508715156578,0.0,0.0,2.4474752419910706,9.541469637778338e-07,9.54146963777833e-07
0.29560000000000003,6617.392990070943,0.0,0.0,2.447436213951956,9.541358603746242e-07,9.541358603746234e-07
0.29565,6617.279393831219,0.0,0.0,2.447396284742935,9.541184482164674e-07,9.541184482164664e-07
0.2957,6617.167554123069,0.0,0.0,2.4473555102614903,9.54105611571507e-07,9.541056115715059e-07
0.29575,6617.058163766474,0.0,0.0,2.4473139492323672,9.54091737971231e-07,9.540917379712299e-07
0.2958,6616.950861190001,0.0,0.0,2.4472716598595428,9.540769639840472e-07,9.540769639840463e-07
0.29585,6616.846283053216,0.0,0.0,2.447228702988049,9.540668178328027e-07,9.540668178328019e-07
0.2959,6616.744142819335,0.0,0.0,2.4471851389028534,9.54050253912236e-07,9.54050253912235e-07
0.29595,6616.644957762832,0.0,0.0,2.4471410301183223,9.54043653752822e-07,9.540436537528212e-07
0.29600000000000004,6616.548572968504,0.0,0.0,2.447096438762542,9.540258007861818e-07,9.54025800786181e-07
0.29605000000000004,6616.455334955449,0.0,0.0,2.4470514285667826,9.540222166171156e-07,9.540222166171148e-07
0.29610000000000003,6616.365261499004,0.0,0.0,2.447006063237952,9.54003883686182e-07,9.54003883686181e-07
0.29615,6616.2784958864695,0.0,0.0,2.446960407287942,9.540025048779669e-07,9.54002504877966e-07
0.2962,6616.195248149808,0.0,0.0,2.4469145256990776,9.53984721492244e-07,9.53984721492243e-07
0.29625,6616.115449497766,0.0,0.0,2.4468684833589323,9.539845624386352e-07,9.539845624386343e-07
0.2963,6616.039496977429,0.0,0.0,2.4468223461736747,9.539684589137408e-07,9.5396845891374e-07
0.29635,6615.967126263942,0.0,0.0,2.4467761790436118,9.539684888299777e-07,9.539684888299768e-07
0.2964,6615.89889125928,0.0,0.0,2.4467300483954366,9.53955160030123e-07,9.539551600301223e-07
0.29645,6615.83437248784,0.0,0.0,2.446684018825786,9.539544398796582e-07,9.539544398796574e-07
0.29650000000000004,6615.774228818213,0.0,0.0,2.446638156829845,9.539448101912694e-07,9.539448101912685e-07
0.29655000000000004,6615.717945134422,0.0,0.0,2.446592526428491,9.539426186912343e-07,9.539426186912332e-07
0.29660000000000003,6615.666217760498,0.0,0.0,2.4465471936944727,9.53937326255707e-07,9.53937326255706e-07
0.29665,6615.618507269345,0.0,0.0,2.4465022218363615,9.539332582584999e-07,9.53933258258499e-07
0.2967,6615.575472599603,0.0,0.0,2.4464576759905357,9.539325742153072e-07,9.539325742153063e-07
0.29675,6615.536624177895,0.0,0.0,2.4464136183381635,9.53926598332072e-07,9.53926598332071e-07
0.2968,6615.502510767726,0.0,0.0,2.446370112562531,9.539303921908878e-07,9.539303921908867e-07
0.29685,6615.472760183698,0.0,0.0,2.4463272196063954,9.53922859857893e-07,9.539228598578922e-07
0.2969,6615.447749535037,0.0,0.0,2.4462850012026642,9.53930615934408e-07,9.539306159344072e-07
0.29695,6615.427276196203,0.0,0.0,2.44624351683069,9.53922220420092e-07,9.53922220420091e-07
0.29700000000000004,6615.411503358057,0.0,0.0,2.446202825816609,9.53933103312105e-07,9.539331033121041e-07
0.29705000000000004,6615.400427965585,0.0,0.0,2.4461629859213923,9.53924793784283e-07,9.539247937842821e-07
0.29710000000000003,6615.393981723947,0.0,0.0,2.446124053666858,9.539377541854134e-07,9.539377541854126e-07
0.29715,6615.3923650153065,0.0,0.0,2.446086084799276,9.53930615869617e-07,9.539306158696162e-07
0.2972,6615.395287533445,0.0,0.0,2.4460491327095553,9.539445226371295e-07,9.539445226371287e-07
0.29725,6615.403130212335,0.0,0.0,2.4460132507868697,9.539396386745399e-07,9.53939638674539e-07
0.2973,6615.415416102238,0.0,0.0,2.4459784890402156,9.539534196089064e-07,9.539534196089055e-07
0.29735,6615.432659907673,0.0,0.0,2.445944898116242,9.539517327314264e-07,9.539517327314256e-07
0.2974,6615.454254833324,0.0,0.0,2.445912524463162,9.5396450560168e-07,9.539645056016793e-07
0.29745,6615.480784611573,0.0,0.0,2.445881415567486,9.53966697809442e-07,9.53966697809441e-07
0.2975,6615.511583609821,0.0,0.0,2.4458516141988076,9.539778746553044e-07,9.539778746553033e-07
0.29755000000000004,6615.547230141241,0.0,0.0,2.445823164251368,9.53984280714022e-07,9.53984280714021e-07
0.29760000000000003,6615.587075946792,0.0,0.0,2.4457961047421293,9.539936322411334e-07,9.539936322411326e-07
0.29765,6615.631619224073,0.0,0.0,2.445770475548872,9.5400419816597e-07,9.54004198165969e-07
0.2977,6615.680300895062,0.0,0.0,2.4457463118847724,9.540118704808845e-07,9.540118704808834e-07
0.29775,6615.733473536527,0.0,0.0,2.4457236492194734,9.540261620506563e-07,9.540261620506552e-07
0.2978,6615.790725696804,0.0,0.0,2.4457025189122747,9.540326443071364e-07,9.540326443071356e-07
0.29785,6615.852216182176,0.0,0.0,2.4456829516890983,9.540499037689435e-07,9.540499037689424e-07
0.2979,6615.917719134338,0.0,0.0,2.445664974986804,9.54055951768264e-07,9.540559517682632e-07
0.29795,6615.987174638976,0.0,0.0,2.445648614527726,9.540751943855682e-07,9.540751943855674e-07
0.298,6616.060555522454,0.0,0.0,2.4456338937247417,9.540817208217957e-07,9.540817208217946e-07
0.29805000000000004,6616.13758419182,0.0,0.0,2.445620833125551,9.541018576760091e-07,9.541018576760083e-07
0.29810000000000003,6616.218419263956,0.0,0.0,2.4456094519772367,9.54109803995028e-07,9.54109803995027e-07
0.29815,6616.302591902275,0.0,0.0,2.445599765575525,9.541297741893645e-07,9.541297741893636e-07
0.2982,6616.390409883512,0.0,0.0,2.4455917888206806,9.541399812267532e-07,9.541399812267524e-07
0.29825,6616.481261130859,0.0,0.0,2.445585531768885,9.54158875868998e-07,9.54158875868997e-07
0.2983,6616.57554747097,0.0,0.0,2.44558100476284,9.54171970357539e-07,9.54171970357538e-07
0.29835,6616.672576640702,0.0,0.0,2.4455782127090893,9.54189132295183e-07,9.541891322951822e-07
0.2984,6616.772778449171,0.0,0.0,2.445577161169109,9.542054439412055e-07,9.542054439412046e-07
0.29845,6616.8754502808515,0.0,0.0,2.4455778500482435,9.542205310236557e-07,9.542205310236546e-07
0.2985,6616.98098162721,0.0,0.0,2.445580279912148,9.542400504186506e-07,9.542400504186496e-07
0.29855000000000004,6617.088727223624,0.0,0.0,2.4455844458487985,9.542530553138522e-07,9.542530553138513e-07
0.29860000000000003,6617.198974488799,0.0,0.0,2.4455903432468715,9.54275437190945e-07,9.542754371909442e-07
0.29865,6617.311192722962,0.0,0.0,2.44559796257194,9.542866628019587e-07,9.54286662801958e-07
0.2987,6617.425519704976,0.0,0.0,2.4456072939115154,9.543112727591494e-07,9.543112727591485e-07
0.29875,6617.541579314104,0.0,0.0,2.4456183232927016,9.543212682220376e-07,9.543212682220365e-07
0.2988,6617.659331866804,0.0,0.0,2.445631035454257,9.54347265103435e-07,9.543472651034339e-07
0.29885,6617.778574387016,0.0,0.0,2.4456454121404905,9.54356732385368e-07,9.543567323853673e-07
0.2989,6617.899084439493,0.0,0.0,2.4456614327835573,9.543831737960411e-07,9.543831737960403e-07
0.29895,6618.020828029151,0.0,0.0,2.4456790749623436,9.5439285852844e-07,9.543928585284391e-07
0.299,6618.143416960093,0.0,0.0,2.4456983129391823,9.544188142069782e-07,9.544188142069773e-07
0.29905000000000004,6618.2669610480325,0.0,0.0,2.44571912020492,9.544293960186098e-07,9.54429396018609e-07
0.29910000000000003,6618.390942472534,0.0,0.0,2.4457414660795247,9.544540533504355e-07,9.544540533504347e-07
0.29915,6618.515573083127,0.0,0.0,2.4457653200099734,9.544660505582076e-07,9.544660505582068e-07
0.2992,6618.640255210344,0.0,0.0,2.445790646679666,9.544887983053293e-07,9.544887983053282e-07
0.29925,6618.76525072091,0.0,0.0,2.4458174115167965,9.545024993494343e-07,9.545024993494335e-07
0.2993,6618.889938499067,0.0,0.0,2.4458455749332995,9.54522979427315e-07,9.54522979427314e-07
0.29935,6619.014575560619,0.0,0.0,2.4458750983640116,9.545384093014957e-07,9.545384093014948e-07
0.2994,6619.138572845425,0.0,0.0,2.4459059383504718,9.5455653138583e-07,9.545565313858291e-07
0.29945,6619.262132173725,0.0,0.0,2.445938052381914,9.54573456107692e-07,9.54573456107691e-07
0.2995,6619.3847441585995,0.0,0.0,2.445971393541907,9.54589375331617e-07,9.54589375331616e-07
0.29955000000000004,6619.506515941594,0.0,0.0,2.4460059154655904,9.546073419236536e-07,9.546073419236528e-07
0.29960000000000003,6619.627052023837,0.0,0.0,2.4460415681795418,9.54621405052339e-07,9.546214050523381e-07
0.29965,6619.746340752568,0.0,0.0,2.446078301618006,9.546398094872242e-07,9.546398094872233e-07
0.2997,6619.864117952785,0.0,0.0,2.446116063121871,9.546524790730382e-07,9.546524790730374e-07
0.29975,6619.980246559802,0.0,0.0,2.4461547991513437,9.546706508380012e-07,9.546706508380004e-07
0.2998,6620.094593508819,0.0,0.0,2.4461944546917014,9.54682419473022e-07,9.54682419473021e-07
0.29985,6620.206906804636,0.0,0.0,2.446234973034014,9.546997094878965e-07,9.546997094878957e-07
0.2999,6620.31716822637,0.0,0.0,2.4462762970930587,9.547110170429139e-07,9.547110170429128e-07
0.29995,6620.425035698664,0.0,0.0,2.446318367369923,9.547268758263036e-07,9.547268758263028e-07
0.3,6620.530577236781,0.0,0.0,2.4463611249531643,9.547380415375612e-07,9.547380415375603e-07
0.30005000000000004,6620.633395363741,0.0,0.0,2.446404507995864,9.547520766852371e-07,9.547520766852363e-07
0.30010000000000003,6620.733608534049,0.0,0.0,2.446448455974762,9.54763255228526e-07,9.547632552285252e-07
0.30015000000000003,6620.830802798689,0.0,0.0,2.4464929051821813,9.547752610437318e-07,9.547752610437307e-07
0.3002,6620.925109832588,0.0,0.0,2.4465377936834667,9.547864277953222e-07,9.547864277953213e-07
0.30025,6621.016136641986,0.0,0.0,2.446583056421293,9.547963845730518e-07,9.547963845730508e-07
0.3003,6621.103994979481,0.0,0.0,2.4466286302543225,9.54807350628676e-07,9.54807350628675e-07
0.30035,6621.188343674192,0.0,0.0,2.4466744492880874,9.548153959292906e-07,9.548153959292898e-07
0.3004,6621.2692499138875,0.0,0.0,2.446720449401422,9.548258488283524e-07,9.548258488283513e-07
0.30045,6621.346444996318,0.0,0.0,2.4467665643558103,9.548322272605906e-07,9.548322272605898e-07
0.3005,6621.419938166376,0.0,0.0,2.4468127293140856,9.54841789466642e-07,9.54841789466641e-07
0.30055000000000004,6621.489541815781,0.0,0.0,2.4468588781507186,9.54846790481384e-07,9.54846790481383e-07
0.30060000000000003,6621.555205911099,0.0,0.0,2.4469049456229652,9.548550850784592e-07,9.548550850784583e-07
0.30065000000000003,6621.61682076366,0.0,0.0,2.446950866128539,9.548589796487865e-07,9.548589796487856e-07
0.3007,6621.674286578839,0.0,0.0,2.4469965743792734,9.548656918958889e-07,9.54865691895888e-07
0.30075,6621.727558682415,0.0,0.0,2.4470420056557005,9.548686786104912e-07,9.548686786104904e-07
0.3008,6621.7765050378075,0.0,0.0,2.4470870950303216,9.54873603048479e-07,9.54873603048478e-07
0.30085,6621.821126825213,0.0,0.0,2.4471317789782567,9.548757722171773e-07,9.548757722171764e-07
0.3009,6621.861281342664,0.0,0.0,2.4471759933745973,9.54878837788728e-07,9.54878837788727e-07
0.30095,6621.896994431554,0.0,0.0,2.447219676161591,9.548801589590198e-07,9.54880158959019e-07
0.301,6621.928134035625,0.0,0.0,2.4472627644797087,9.548814285825437e-07,9.548814285825428e-07
0.30105000000000004,6621.9547316576545,0.0,0.0,2.4473051979841847,9.54881762910414e-07,9.548817629104131e-07
0.30110000000000003,6621.976682977252,0.0,0.0,2.4473469155467558,9.548814084471462e-07,9.548814084471454e-07
0.30115000000000003,6621.994011859423,0.0,0.0,2.4473878587690705,9.54880543214647e-07,9.548805432146462e-07
0.3012,6622.0066516679535,0.0,0.0,2.44742796870495,9.548788010123665e-07,9.548788010123654e-07
0.30125,6622.014613242663,0.0,0.0,2.4474671891370297,9.548764998688114e-07,9.548764998688105e-07
0.3013,6622.017869018137,0.0,0.0,2.4475054637207037,9.548736153364225e-07,9.548736153364216e-07
0.30135,6622.016419903939,0.0,0.0,2.44754273866607,9.54869675125073e-07,9.548696751250722e-07
0.3014,6622.010270520639,0.0,0.0,2.447578960605876,9.548658465770521e-07,9.548658465770513e-07
0.30145,6621.9994222937075,0.0,0.0,2.4476140784423372,9.54860150353485e-07,9.548601503534842e-07
0.3015,6621.983898784093,0.0,0.0,2.447648042110415,9.548554824120608e-07,9.548554824120598e-07
0.30155000000000004,6621.963717130993,0.0,0.0,2.4476808034882316,9.548480387098497e-07,9.54848038709849e-07
0.30160000000000003,6621.938903395272,0.0,0.0,2.447712316085333,9.548425139125682e-07,9.548425139125674e-07
0.30165000000000003,6621.9095067944545,0.0,0.0,2.447742535054231,9.548334744660297e-07,9.548334744660289e-07
0.3017,6621.875540093796,0.0,0.0,2.447771417702664,9.548269486954008e-07,9.548269486954e-07
0.30175,6621.837098203871,0.0,0.0,2.447798922761689,9.548166003748697e-07,9.548166003748686e-07
0.3018,6621.794169258861,0.0,0.0,2.447825011519933,9.548088238104855e-07,9.548088238104846e-07
0.30185,6621.746901196152,0.0,0.0,2.4478496465846824,9.54797554917091e-07,9.547975549170902e-07
0.3019,6621.695253727586,0.0,0.0,2.4478727933775515,9.54788215985395e-07,9.547882159853942e-07
0.30195,6621.639426385855,0.0,0.0,2.447894418659881,9.547764615506337e-07,9.547764615506328e-07
0.302,6621.579355980112,0.0,0.0,2.4479144921185583,9.547652474649446e-07,9.547652474649438e-07
0.30205000000000004,6621.515282495948,0.0,0.0,2.447932984914334,9.54753422022897e-07,9.547534220228961e-07
0.30210000000000004,6621.44713473898,0.0,0.0,2.4479498711211534,9.547400865068625e-07,9.547400865068614e-07
0.30215000000000003,6621.375173135512,0.0,0.0,2.447965126502049,9.54728515303838e-07,9.547285153038372e-07
0.3022,6621.2993410407225,0.0,0.0,2.4479787296355653,9.547129424624388e-07,9.54712942462438e-07
0.30225,6621.21989300749,0.0,0.0,2.447990661041311,9.547018027582672e-07,9.547018027582663e-07
0.3023,6621.136813833338,0.0,0.0,2.4480009039178987,9.546840560847345e-07,9.546840560847335e-07
0.30235,6621.050323534612,0.0,0.0,2.4480094436457547,9.546733389998798e-07,9.546733389998788e-07
0.3024,6620.960475156519,0.0,0.0,2.4480162681547575,9.546536862501016e-07,9.546536862501007e-07
0.30245,6620.8674279038705,0.0,0.0,2.4480213677433813,9.546431866668206e-07,9.546431866668198e-07
0.3025,6620.7713249435665,0.0,0.0,2.448024735173597,9.546220946616842e-07,9.546220946616833e-07
0.30255000000000004,6620.672245551754,0.0,0.0,2.448026365678894,9.546114325007762e-07,9.546114325007753e-07
0.30260000000000004,6620.570435478308,0.0,0.0,2.4480262569349214,9.545895303485664e-07,9.545895303485653e-07
0.30265000000000003,6620.46588612192,0.0,0.0,2.4480244090959578,9.545782017572466e-07,9.545782017572457e-07
0.3027,6620.358945523726,0.0,0.0,2.448020824803635,9.545562159509355e-07,9.545562159509347e-07
0.30275,6620.249522956093,0.0,0.0,2.448015509097248,9.545436682507585e-07,9.545436682507577e-07
0.3028,6620.1380541252765,0.0,0.0,2.448008469598038,9.5452233775556e-07,9.54522337755559e-07
0.30285,6620.024386182098,0.0,0.0,2.447999716181425,9.54508058147973e-07,9.545080581479721e-07
0.3029,6619.909014091723,0.0,0.0,2.447989261416153,9.544880412158478e-07,9.544880412158467e-07
0.30295,6619.791755480927,0.0,0.0,2.44797711995743,9.544716467090047e-07,9.544716467090038e-07
0.303,6619.673125141652,0.0,0.0,2.4479633092402797,9.544534330912795e-07,9.544534330912787e-07
0.30305000000000004,6619.552952614525,0.0,0.0,2.447947848637776,9.544347483515324e-07,9.544347483515316e-07
0.30310000000000004,6619.431726722245,0.0,0.0,2.447930760321891,9.54418590413311e-07,9.544185904133102e-07
0.30315000000000003,6619.309333788779,0.0,0.0,2.4479120683137263,9.543977013416939e-07,9.54397701341693e-07
0.3032,6619.186190503271,0.0,0.0,2.4478917993501805,9.543835753418967e-07,9.54383575341896e-07
0.30325,6619.062281926857,0.0,0.0,2.447869982016481,9.543608490853819e-07,9.54360849085381e-07
0.3033,6618.937912573503,0.0,0.0,2.4478466474088068,9.54348453793974e-07,9.543484537939731e-07
0.30335,6618.813198898284,0.0,0.0,2.4478218285696483,9.543245202998636e-07,9.54324520299863e-07
0.3034,6618.68830538237,0.0,0.0,2.447795560726567,9.543133148834299e-07,9.54313314883429e-07
0.30345,6618.563497750012,0.0,0.0,2.447767881239426,9.542890103986513e-07,9.542890103986504e-07
0.3035,6618.438789482175,0.0,0.0,2.4477388292289177,9.542782878322946e-07,9.542782878322938e-07
0.30355000000000004,6618.3145949540085,0.0,0.0,2.447708446190004,9.542545663073148e-07,9.54254566307314e-07
0.30360000000000004,6618.190785156361,0.0,0.0,2.447676774898418,9.54243553341505e-07,9.542435533415042e-07
0.30365000000000003,6618.067902681698,0.0,0.0,2.4476438607527564,9.542213766084478e-07,9.54221376608447e-07
0.3037,6617.945704012578,0.0,0.0,2.4476097499532656,9.542093473011706e-07,9.542093473011698e-07
0.30375,6617.82482110626,0.0,0.0,2.4475744915188042,9.541895684889862e-07,9.541895684889853e-07
0.3038,6617.70494064471,0.0,0.0,2.4475381348541725,9.541759560072747e-07,9.541759560072738e-07
0.30385,6617.586730722749,0.0,0.0,2.4475007322654956,9.541592122434438e-07,9.54159212243443e-07
0.3039,6617.469864450552,0.0,0.0,2.447462336150778,9.54143703463068e-07,9.541437034630671e-07
0.30395,6617.354984697224,0.0,0.0,2.4474230017282963,9.54130333188135e-07,9.541303331881342e-07
0.304,6617.241811691526,0.0,0.0,2.4473827841797604,9.541129324987171e-07,9.541129324987163e-07
0.30405,6617.130901245824,0.0,0.0,2.4473417412304377,9.541029297403164e-07,9.541029297403157e-07
0.30410000000000004,6617.02207786747,0.0,0.0,2.4472999306275924,9.540839822804804e-07,9.540839822804795e-07
0.30415000000000003,6616.915756081291,0.0,0.0,2.4472574121835406,9.540769953129935e-07,9.540769953129926e-07
0.3042,6616.811910448973,0.0,0.0,2.447214245971677,9.54057165082941e-07,9.540571650829402e-07
0.30425,6616.7107749665765,0.0,0.0,2.4471704934731764,9.540525408595732e-07,9.540525408595723e-07
0.3043,6616.6125020082845,0.0,0.0,2.4471262168142474,9.540327451530302e-07,9.540327451530294e-07
0.30435,6616.517126440265,0.0,0.0,2.44708147874405,9.540296145070097e-07,9.540296145070089e-07
0.3044,6616.424983746991,0.0,0.0,2.447036343124003,9.54010922131623e-07,9.54010922131622e-07
0.30445,6616.335914797216,0.0,0.0,2.4469908736001194,9.540083150442673e-07,9.540083150442665e-07
0.3045,6616.250419424565,0.0,0.0,2.4469451354009624,9.539918209423282e-07,9.539918209423274e-07
0.30455,6616.168173403098,0.0,0.0,2.4468991927354966,9.539887969176585e-07,9.539887969176576e-07
0.30460000000000004,6616.089799666342,0.0,0.0,2.446853111780437,9.539754894271185e-07,9.539754894271177e-07
0.30465000000000003,6616.014858446003,0.0,0.0,2.4468069570124427,9.539712657850909e-07,9.5397126578509e-07
0.3047,6615.944036631702,0.0,0.0,2.446760795092384,9.539619041837362e-07,9.539619041837354e-07
0.30475,6615.876843198172,0.0,0.0,2.4467146905030788,9.53955965223105e-07,9.539559652231042e-07
0.3048,6615.813959034246,0.0,0.0,2.446668709892673,9.539509841954e-07,9.539509841953992e-07
0.30485,6615.7549128700575,0.0,0.0,2.446622917511701,9.539431565348153e-07,9.539431565348144e-07
0.3049,6615.700307499519,0.0,0.0,2.4465773794829886,9.53942610805706e-07,9.539426108057052e-07
0.30495,6615.64976010616,0.0,0.0,2.4465321595946774,9.539330945931628e-07,9.53933094593162e-07
0.305,6615.603730285385,0.0,0.0,2.4464873229362545,9.539366516200003e-07,9.539366516199995e-07
0.30505,6615.561981151899,0.0,0.0,2.4464429325949397,9.53926003006937e-07,9.539260030069364e-07
0.30510000000000004,6615.524779382753,0.0,0.0,2.446399052144435,9.539329851380179e-07,9.53932985138017e-07
0.30515000000000003,6615.492072706389,0.0,0.0,2.446355743707971,9.539220518118825e-07,9.539220518118816e-07
0.3052,6615.463907052433,0.0,0.0,2.4463130689055896,9.539315225387844e-07,9.539315225387836e-07
0.30525,6615.440429434569,0.0,0.0,2.446271088595997,9.539213403366416e-07,9.539213403366405e-07
0.3053,6615.421462855676,0.0,0.0,2.4462298620668523,9.53932223309552e-07,9.53932223309551e-07
0.30535,6615.40734211969,0.0,0.0,2.446189448566821,9.539238871563316e-07,9.539238871563308e-07
0.3054,6615.397691243901,0.0,0.0,2.446149904739783,9.539351022227842e-07,9.539351022227832e-07
0.30545,6615.392996400991,0.0,0.0,2.446111287833325,9.539296282150902e-07,9.539296282150894e-07
0.3055,6615.392729785205,0.0,0.0,2.4460736516041712,9.539402265639335e-07,9.539402265639326e-07
0.30555,6615.397472057778,0.0,0.0,2.446037050869258,9.539384233046932e-07,9.539384233046924e-07
0.30560000000000004,6615.406608076546,0.0,0.0,2.4460015363158845,9.539477040729642e-07,9.539477040729633e-07
0.30565000000000003,6615.420742795827,0.0,0.0,2.4459671598763597,9.539500702538863e-07,9.539500702538852e-07
0.3057,6615.4392474013,0.0,0.0,2.4459339690338116,9.539576635508837e-07,9.539576635508826e-07
0.30575,6615.462676500502,0.0,0.0,2.4459020123772905,9.53964325261494e-07,9.53964325261493e-07
0.3058,6615.490461146517,0.0,0.0,2.4458713340802025,9.539702311674106e-07,9.539702311674095e-07
0.30585,6615.523035950943,0.0,0.0,2.4458419789481747,9.539809270183449e-07,9.53980927018344e-07
0.3059,6615.559955987795,0.0,0.0,2.4458139877479743,9.539855059534848e-07,9.53985505953484e-07
0.30595,6615.601479984736,0.0,0.0,2.4457874011037886,9.539996215842828e-07,9.53999621584282e-07
0.306,6615.64733381816,0.0,0.0,2.4457622562676486,9.540035378748543e-07,9.540035378748534e-07
0.30605,6615.697565144968,0.0,0.0,2.4457385893476586,9.540201846717948e-07,9.54020184671794e-07
0.30610000000000004,6615.752094369758,0.0,0.0,2.4457164339456225,9.540243112243162e-07,9.540243112243154e-07
0.30615000000000003,6615.810747831629,0.0,0.0,2.4456958213983895,9.54042438185502e-07,9.540424381855012e-07
0.3062,6615.873638476131,0.0,0.0,2.4456767814844733,9.540477352059285e-07,9.540477352059276e-07
0.30625,6615.940387001457,0.0,0.0,2.445659340602618,9.540662585783328e-07,9.54066258578332e-07
0.3063,6616.011271889629,0.0,0.0,2.4456435244949013,9.540736425845775e-07,9.540736425845766e-07
0.30635,6616.08574745591,0.0,0.0,2.4456293545439194,9.540915758663876e-07,9.540915758663867e-07
0.3064,6616.164209590795,0.0,0.0,2.445616852207822,9.54101796339656e-07,9.541017963396552e-07
0.30645,6616.246003741327,0.0,0.0,2.44560603385586,9.541183636187647e-07,9.541183636187638e-07
0.3065,6616.331580511134,0.0,0.0,2.4455969163939284,9.54131903452958e-07,9.541319034529571e-07
0.30655,6616.420244687583,0.0,0.0,2.445589511246243,9.541466217424004e-07,9.541466217423995e-07
0.30660000000000004,6616.512432615049,0.0,0.0,2.445583830496904,9.541636341998434e-07,9.541636341998423e-07
0.30665000000000003,6616.6074785684705,0.0,0.0,2.4455798807382756,9.541763549847456e-07,9.541763549847447e-07
0.30670000000000003,6616.705738301312,0.0,0.0,2.4455776689852455,9.541966447292058e-07,9.54196644729205e-07
0.30675,6616.80663886736,0.0,0.0,2.445577197133157,9.542075506049918e-07,9.54207550604991e-07
0.3068,6616.910400093055,0.0,0.0,2.4455784669264253,9.542306002074972e-07,9.542306002074963e-07
0.30685,6617.016590590423,0.0,0.0,2.445581475697191,9.5424015857307e-07,9.542401585730691e-07
0.3069,6617.125256619918,0.0,0.0,2.445586219785913,9.542651956053725e-07,9.542651956053715e-07
0.30695,6617.23613705951,0.0,0.0,2.4455926920752087,9.542740769590762e-07,9.542740769590752e-07
0.307,6617.349088886746,0.0,0.0,2.4456008834522707,9.54300171353403e-07,9.54300171353402e-07
0.30705,6617.464027103236,0.0,0.0,2.4456107824307094,9.543091442170694e-07,9.543091442170683e-07
0.30710000000000004,6617.580626851486,0.0,0.0,2.445622374488311,9.543353217019187e-07,9.543353217019178e-07
0.30715000000000003,6617.698962546421,0.0,0.0,2.4456356438117774,9.543451389524171e-07,9.543451389524163e-07
0.30720000000000003,6617.818556319366,0.0,0.0,2.445650570606972,9.543704947029895e-07,9.543704947029887e-07
0.30725,6617.939605916191,0.0,0.0,2.445667134740519,9.543817868062664e-07,9.543817868062656e-07
0.3073,6618.061526160014,0.0,0.0,2.445685311369285,9.544055840452644e-07,9.544055840452636e-07
0.30735,6618.184588269893,0.0,0.0,2.445705076022442,9.544187733198961e-07,9.544187733198953e-07
0.3074,6618.308155843836,0.0,0.0,2.4457263991005056,9.544405143693309e-07,9.5444051436933e-07
0.30745,6618.432517082034,0.0,0.0,2.4457492517709767,9.544557610786695e-07,9.544557610786687e-07
0.3075,6618.557043264599,0.0,0.0,2.4457736000191703,9.544752227436158e-07,9.54475222743615e-07
0.30755,6618.681984131919,0.0,0.0,2.4457994106411096,9.544924090845555e-07,9.544924090845547e-07
0.30760000000000004,6618.806772812547,0.0,0.0,2.4458266455725783,9.545096395418468e-07,9.54509639541846e-07
0.30765000000000003,6618.9315733563,0.0,0.0,2.4458552672649314,9.54528392053382e-07,9.545283920533809e-07
0.30770000000000003,6619.055923624915,0.0,0.0,2.445885233970942,9.54543671867183e-07,9.545436718671822e-07
0.30775,6619.179868652404,0.0,0.0,2.445916503880815,9.545634173111608e-07,9.545634173111598e-07
0.3078,6619.3030779410465,0.0,0.0,2.445949031911263,9.545771919814536e-07,9.545771919814527e-07
0.30785,6619.425461617833,0.0,0.0,2.44598277214683,9.545972371364299e-07,9.54597237136429e-07
0.3079,6619.546829469328,0.0,0.0,2.4460176764808623,9.546100321710828e-07,9.54610032171082e-07
0.30795,6619.6669592365,0.0,0.0,2.446053695128029,9.546296549187522e-07,9.546296549187514e-07
0.308,6619.785791672124,0.0,0.0,2.4460907772294096,9.546419863050197e-07,9.546419863050189e-07
0.30805,6619.902991504017,0.0,0.0,2.446128869446209,9.54660524354523e-07,9.546605243545221e-07
0.30810000000000004,6620.0186058840845,0.0,0.0,2.446167918397369,9.54672817356908e-07,9.54672817356907e-07
0.30815000000000003,6620.132218992845,0.0,0.0,2.4462078675798895,9.54689741986443e-07,9.546897419864422e-07
0.30820000000000003,6620.243949178428,0.0,0.0,2.446248661287845,9.547022694362226e-07,9.547022694362218e-07
0.30825,6620.3533403389365,0.0,0.0,2.446290240301339,9.54717234560866e-07,9.54717234560865e-07
0.3083,6620.4605419248865,0.0,0.0,2.446332546768075,9.547300824950467e-07,9.547300824950459e-07
0.30835,6620.565099617394,0.0,0.0,2.446375519236698,9.54742943593776e-07,9.547429435937751e-07
0.3084,6620.667154987642,0.0,0.0,2.4464190978860807,9.54756007764901e-07,9.547560077649001e-07
0.30845,6620.766293564494,0.0,0.0,2.446463219534519,9.547668100373332e-07,9.547668100373322e-07
0.3085,6620.862616539701,0.0,0.0,2.446507822587444,9.547798220306997e-07,9.547798220306988e-07
0.30855,6620.955778579549,0.0,0.0,2.446552842627391,9.547887618188383e-07,9.547887618188375e-07
0.30860000000000004,6621.045818481145,0.0,0.0,2.4465982165166222,9.548013390493194e-07,9.548013390493185e-07
0.30865000000000004,6621.132477440967,0.0,0.0,2.4466438790707605,9.548087063489272e-07,9.54808706348926e-07
0.30870000000000003,6621.215722459704,0.0,0.0,2.4466897658868425,9.548204167087774e-07,9.548204167087765e-07
0.30875,6621.295385655798,0.0,0.0,2.44673581144261,9.54826529029271e-07,9.548265290292702e-07
0.3088,6621.371365503118,0.0,0.0,2.4467819504022494,9.548369590020552e-07,9.548369590020541e-07
0.30885,6621.443577370746,0.0,0.0,2.446828117287318,9.548420975953291e-07,9.548420975953283e-07
0.3089,6621.511865264567,0.0,0.0,2.446874246215748,9.5485091254269e-07,9.548509125426891e-07
0.30895,6621.576210777435,0.0,0.0,2.4469202720867806,9.548552711207359e-07,9.548552711207348e-07
0.309,6621.6364248852615,0.0,0.0,2.446966128905803,9.548622581792828e-07,9.54862258179282e-07
0.30905,6621.692532956858,0.0,0.0,2.4470117522417643,9.548659118426248e-07,9.548659118426238e-07
0.30910000000000004,6621.744337460829,0.0,0.0,2.4470570764553514,9.54870999143291e-07,9.548709991432901e-07
0.30915000000000004,6621.791884128948,0.0,0.0,2.447102038046463,9.548738977483172e-07,9.548738977483164e-07
0.30920000000000003,6621.8349900905605,0.0,0.0,2.447146572215988,9.54877147881542e-07,9.548771478815412e-07
0.30925,6621.873701285573,0.0,0.0,2.447190616639328,9.548791340017185e-07,9.548791340017174e-07
0.3093,6621.907867474675,0.0,0.0,2.4472341078406483,9.548807140885913e-07,9.548807140885902e-07
0.30935,6621.937521208195,0.0,0.0,2.447276984913451,9.548815616654588e-07,9.54881561665458e-07
0.3094,6621.962555013985,0.0,0.0,2.4473191861681776,9.548816962915215e-07,9.548816962915206e-07
0.30945,6621.982982880897,0.0,0.0,2.447360652370082,9.548811626505607e-07,9.548811626505599e-07
0.3095,6621.998741363505,0.0,0.0,2.4474013240434376,9.548800786579558e-07,9.54880078657955e-07
0.30955,6622.009829321257,0.0,0.0,2.44744114389925,9.548779603122882e-07,9.548779603122873e-07
0.30960000000000004,6622.016220388435,0.0,0.0,2.447480055056966,9.548758336216502e-07,9.548758336216494e-07
0.30965000000000004,6622.017908853919,0.0,0.0,2.4475180024719103,9.548720156020358e-07,9.54872015602035e-07
0.30970000000000003,6622.014892479876,0.0,0.0,2.4475549321886696,9.548689297188004e-07,9.548689297187996e-07
0.30975,6622.007175849236,0.0,0.0,2.447590791728589,9.548634192021712e-07,9.548634192021704e-07
0.3098,6621.994765197155,0.0,0.0,2.447625530340573,9.548593429920042e-07,9.548593429920033e-07
0.30985,6621.977690942668,0.0,0.0,2.4476590984500817,9.548522806330795e-07,9.548522806330786e-07
0.3099,6621.955953220487,0.0,0.0,2.4476914487443393,9.548470696928657e-07,9.548470696928648e-07
0.30995,6621.929620739938,0.0,0.0,2.4477225348964353,9.54838715881593e-07,9.548387158815922e-07
0.31,6621.8986776146385,0.0,0.0,2.447752313230001,9.548321378958286e-07,9.548321378958277e-07
0.31005,6621.863237001584,0.0,0.0,2.4477807410011643,9.548228355448811e-07,9.548228355448803e-07
0.31010000000000004,6621.823264423022,0.0,0.0,2.447807778343178,9.548146159945144e-07,9.548146159945134e-07
0.31015000000000004,6621.778915290586,0.0,0.0,2.4478333864084463,9.548047356411219e-07,9.54804735641121e-07
0.31020000000000003,6621.730142625121,0.0,0.0,2.4478575292989695,9.547946167177595e-07,9.547946167177587e-07
0.31025,6621.677133060431,0.0,0.0,2.447880172341888,9.547844929928952e-07,9.547844929928942e-07
0.3103,6621.619841503463,0.0,0.0,2.4479012837616585,9.547722960827664e-07,9.547722960827655e-07
0.31035,6621.558467157782,0.0,0.0,2.4479208332943854,9.547621663737007e-07,9.547621663736998e-07
0.3104,6621.49298746928,0.0,0.0,2.44793879344039,9.54747847437929e-07,9.54747847437928e-07
0.31045,6621.423590720971,0.0,0.0,2.4479551385295735,9.547378035510468e-07,9.54737803551046e-07
0.3105,6621.350300397011,0.0,0.0,2.4479698454920222,9.54721491333292e-07,9.54721491333291e-07
0.31055,6621.273269460858,0.0,0.0,2.4479828933864254,9.547114531626838e-07,9.54711453162683e-07
0.3106,6621.192589511927,0.0,0.0,2.447994263723444,9.546934624237856e-07,9.546934624237845e-07
0.31065000000000004,6621.108357330055,0.0,0.0,2.448003940379651,9.54683179327247e-07,9.546831793272461e-07
0.31070000000000003,6621.020748862385,0.0,0.0,2.4480119095867527,9.546639949497657e-07,9.546639949497647e-07
0.31075,6620.929791599342,0.0,0.0,2.448018160089718,9.546530762882635e-07,9.546530762882627e-07
0.3108,6620.835752401044,0.0,0.0,2.4480226829618212,9.54633308615005e-07,9.546333086150042e-07
0.31085,6620.73858738077,0.0,0.0,2.448025471837517,9.546212803359212e-07,9.546212803359204e-07
0.3109,6620.6386486802785,0.0,0.0,2.448026522721931,9.546015968241014e-07,9.546015968241006e-07
0.31095,6620.535831653816,0.0,0.0,2.4480258341399144,9.545879767827742e-07,9.545879767827734e-07
0.311,6620.430555164895,0.0,0.0,2.448023407079315,9.545690191703833e-07,9.545690191703825e-07
0.31105,6620.322676859465,0.0,0.0,2.4480192449437106,9.545534006675216e-07,9.545534006675207e-07
0.3111,6620.212652153902,0.0,0.0,2.4480133537086477,9.545356996966676e-07,9.545356996966665e-07
0.31115000000000004,6620.100334141611,0.0,0.0,2.4480057416367567,9.545178309427667e-07,9.54517830942766e-07
0.31120000000000003,6619.986176306625,0.0,0.0,2.4479964196477235,9.545017316897728e-07,9.54501731689772e-07
0.31125,6619.870066306427,0.0,0.0,2.447985400836258,9.544815788921053e-07,9.544815788921044e-07
0.3113,6619.752413776362,0.0,0.0,2.4479727009757832,9.544671887430617e-07,9.544671887430606e-07
0.31135,6619.633180574402,0.0,0.0,2.4479583379555256,9.54444972269075e-07,9.544449722690742e-07
0.3114,6619.512692960807,0.0,0.0,2.4479423322711953,9.544321406342069e-07,9.54432140634206e-07
0.31145,6619.391021181667,0.0,0.0,2.447924706551656,9.544083371281154e-07,9.544083371281146e-07
0.3115,6619.268376904541,0.0,0.0,2.447905485851413,9.543966715507394e-07,9.543966715507385e-07
0.31155,6619.144961875705,0.0,0.0,2.447884697457827,9.543719794966563e-07,9.543719794966555e-07
0.3116,6619.020855395144,0.0,0.0,2.4478623707993985,9.543608975806583e-07,9.543608975806574e-07
0.31165000000000004,6618.896398337695,0.0,0.0,2.4478385377050587,9.543361690661396e-07,9.543361690661388e-07
0.31170000000000003,6618.771536823232,0.0,0.0,2.4478132317818933,9.543249803524647e-07,9.543249803524636e-07
0.31175,6618.646740541211,0.0,0.0,2.4477864892394066,9.543011269109765e-07,9.543011269109756e-07
0.3118,6618.52183988364,0.0,0.0,2.447758347666135,9.542891343251284e-07,9.542891343251275e-07
0.31185,6618.397405058533,0.0,0.0,2.4477288474417085,9.54267018939881e-07,9.542670189398802e-07
0.3119,6618.273185206633,0.0,0.0,2.4476980299427704,9.54253626280372e-07,9.542536262803711e-07
0.31195,6618.1498073068215,0.0,0.0,2.447665939458018,9.542339562557066e-07,9.542339562557055e-07
0.312,6618.026987015386,0.0,0.0,2.447632620963822,9.54218766898843e-07,9.542187668988421e-07
0.31205,6617.905353739696,0.0,0.0,2.4475981223499583,9.54202002801582e-07,9.542020028015811e-07
0.3121,6617.784644891545,0.0,0.0,2.4475624920056305,9.541848955233794e-07,9.541848955233785e-07
0.31215000000000004,6617.665433989768,0.0,0.0,2.4475257810752034,9.541711896840565e-07,9.541711896840557e-07
0.31220000000000003,6617.547535734371,0.0,0.0,2.4474880411676603,9.541523601704998e-07,9.541523601704987e-07
0.31225,6617.431412981707,0.0,0.0,2.447449326309281,9.541415344278567e-07,9.541415344278556e-07
0.3123,6617.317005967805,0.0,0.0,2.4474096911189958,9.541214953948593e-07,9.541214953948582e-07
0.31235,6617.20462305861,0.0,0.0,2.447369192120807,9.541130624612133e-07,9.541130624612122e-07
0.3124,6617.094364043567,0.0,0.0,2.4473278867051627,9.540926007283036e-07,9.540926007283026e-07
0.31245,6616.986356169792,0.0,0.0,2.447285833513139,9.540858275044882e-07,9.540858275044872e-07
0.3125,6616.88087326205,0.0,0.0,2.4472430924287054,9.54065922257862e-07,9.54065922257861e-07
0.31255,6616.77785620104,0.0,0.0,2.4471997238462437,9.540599275090208e-07,9.540599275090197e-07
0.3126,6616.677744914893,0.0,0.0,2.4471557898176135,9.540416394751385e-07,9.540416394751375e-07
0.31265000000000004,6616.5803115246545,0.0,0.0,2.447111352153297,9.54035513408993e-07,9.54035513408992e-07
0.31270000000000003,6616.4861317491395,0.0,0.0,2.4470664746963213,9.540198590083588e-07,9.540198590083577e-07
0.31275000000000003,6616.394847865682,0.0,0.0,2.4470212203671884,9.540127890753366e-07,9.540127890753355e-07
0.3128,6616.307121731835,0.0,0.0,2.44697565437455,9.540006161487312e-07,9.5400061614873e-07
0.31285,6616.22252157433,0.0,0.0,2.4469298404726665,9.539920023344506e-07,9.539920023344496e-07
0.3129,6616.141732112443,0.0,0.0,2.4468838447697285,9.539838842587852e-07,9.539838842587841e-07
0.31295,6616.064313383607,0.0,0.0,2.4468377316002803,9.539734283087544e-07,9.539734283087533e-07
0.313,6615.99090377143,0.0,0.0,2.446791567479146,9.539695911989638e-07,9.539695911989628e-07
0.31305,6615.921122726822,0.0,0.0,2.4467454170786667,9.53957347486386e-07,9.53957347486385e-07
0.3131,6615.855495868423,0.0,0.0,2.4466993468183067,9.53957640865537e-07,9.53957640865536e-07
0.31315000000000004,6615.7937626531575,0.0,0.0,2.446653421461926,9.539440215528787e-07,9.539440215528777e-07
0.31320000000000003,6615.736280815867,0.0,0.0,2.446607706842224,9.539479370551084e-07,9.539479370551074e-07
0.31325000000000003,6615.682955375459,0.0,0.0,2.4465622675490035,9.539336701400127e-07,9.539336701400116e-07
0.3133,6615.633939617025,0.0,0.0,2.4465171683665456,9.539404062531018e-07,9.539404062531008e-07
0.31335,6615.589328445358,0.0,0.0,2.446472473411991,9.539264513489833e-07,9.539264513489822e-07
0.3134,6615.549057635213,0.0,0.0,2.4464282460054894,9.539350159060639e-07,9.539350159060628e-07
0.31345,6615.513411542266,0.0,0.0,2.4463845494502365,9.539224482759123e-07,9.539224482759112e-07
0.3135,6615.4821208542935,0.0,0.0,2.4463414452435273,9.539317852819378e-07,9.539317852819367e-07
0.31355,6615.455633846297,0.0,0.0,2.4462989954869614,9.539216630493983e-07,9.539216630493973e-07
0.3136,6615.433512713857,0.0,0.0,2.4462572595576497,9.539307871431135e-07,9.539307871431124e-07
0.31365000000000004,6615.416321951448,0.0,0.0,2.4462162979248667,9.539240190410628e-07,9.53924019041062e-07
0.31370000000000003,6615.403511583291,0.0,0.0,2.446176167606772,9.539321399560803e-07,9.539321399560794e-07
0.31375000000000003,6615.395698290142,0.0,0.0,2.4461369269768936,9.539293710803671e-07,9.53929371080366e-07
0.3138,6615.392288937131,0.0,0.0,2.4460986305045087,9.539359918600608e-07,9.539359918600598e-07
0.31385,6615.39388002919,0.0,0.0,2.4460613339878807,9.53937522612741e-07,9.5393752261274e-07
0.3139,6615.399908276223,0.0,0.0,2.4460250891910706,9.539424989073162e-07,9.53942498907315e-07
0.31395,6615.41087842924,0.0,0.0,2.4459899488624326,9.53948247854919e-07,9.53948247854918e-07
0.314,6615.426324808403,0.0,0.0,2.445955961919457,9.539518008092616e-07,9.539518008092605e-07
0.31405,6615.446598661702,0.0,0.0,2.4459231776137127,9.539613162478441e-07,9.53961316247843e-07
0.3141,6615.471385893572,0.0,0.0,2.445891641870443,9.539639976015955e-07,9.539639976015944e-07
0.31415000000000004,6615.500840101577,0.0,0.0,2.4458614000472974,9.539765159655476e-07,9.539765159655468e-07
0.31420000000000003,6615.534832215746,0.0,0.0,2.445832494910096,9.539791302635223e-07,9.539791302635213e-07
0.31425000000000003,6615.573297131076,0.0,0.0,2.445804967593469,9.539936731960027e-07,9.539936731960016e-07
0.3143,6615.616299642853,0.0,0.0,2.4457788575026984,9.539971675782017e-07,9.539971675782009e-07
0.31435,6615.663560488864,0.0,0.0,2.4457542013005686,9.540126643577546e-07,9.540126643577536e-07
0.3144,6615.715321707961,0.0,0.0,2.445731034791044,9.54018000633242e-07,9.540180006332412e-07
0.31445,6615.771119219337,0.0,0.0,2.4457093900011153,9.540334194518712e-07,9.540334194518701e-07
0.3145,6615.831332644458,0.0,0.0,2.4456892988550827,9.540414453985817e-07,9.540414453985807e-07
0.31455,6615.895363253444,0.0,0.0,2.4456707886614466,9.540559161497726e-07,9.540559161497716e-07
0.3146,6615.963670912324,0.0,0.0,2.4456538871588758,9.54067252979984e-07,9.540672529799831e-07
0.31465000000000004,6616.03558665785,0.0,0.0,2.445638616924571,9.54080165715489e-07,9.540801657154881e-07
0.31470000000000004,6616.111583149567,0.0,0.0,2.4456250011947414,9.540951263297476e-07,9.540951263297468e-07
0.31475000000000003,6616.190991560111,0.0,0.0,2.4456130578547968,9.541061931809038e-07,9.54106193180903e-07
0.3148,6616.274228513242,0.0,0.0,2.445602805332367,9.541247414997217e-07,9.541247414997206e-07
0.31485,6616.360692738946,0.0,0.0,2.445594256891495,9.541340149760899e-07,9.541340149760888e-07
0.3149,6616.450683373448,0.0,0.0,2.44558742587952,9.541557709293148e-07,9.541557709293137e-07
0.31495,6616.543722850631,0.0,0.0,2.4455823210181094,9.541636174417166e-07,9.541636174417156e-07
0.315,6616.639946356048,0.0,0.0,2.4455789503598067,9.541879058600207e-07,9.541879058600196e-07
0.31505,6616.739038228282,0.0,0.0,2.4455773181512135,9.541949392343828e-07,9.541949392343817e-07
0.3151,6616.840943735464,0.0,0.0,2.445577427011737,9.54220874941202e-07,9.542208749412012e-07
0.31515000000000004,6616.945525189445,0.0,0.0,2.445579276753109,9.542278598232663e-07,9.542278598232655e-07
0.31520000000000004,6617.052535190053,0.0,0.0,2.445582864512081,9.542544564588651e-07,9.54254456458864e-07
0.31525000000000003,6617.1620067589365,0.0,0.0,2.4455881856700996,9.542621952590105e-07,9.542621952590096e-07
0.3153,6617.273519942515,0.0,0.0,2.445595231925262,9.542884825149578e-07,9.54288482514957e-07
0.31535,6617.387249723005,0.0,0.0,2.4456039941972665,9.54297701370281e-07,9.5429770137028e-07
0.3154,6617.502643291348,0.0,0.0,2.445614458879206,9.543228347117569e-07,9.543228347117558e-07
0.31545,6617.619971926873,0.0,0.0,2.4456266123692156,9.54334083703944e-07,9.54334083703943e-07
0.3155,6617.738603544441,0.0,0.0,2.4456404359667614,9.543574322970389e-07,9.54357432297038e-07
0.31555,6617.858849737439,0.0,0.0,2.445655911475,9.543710128260719e-07,9.543710128260708e-07
0.3156,6617.980059334677,0.0,0.0,2.4456730153704567,9.543922149794255e-07,9.543922149794245e-07
0.31565000000000004,6618.102525615216,0.0,0.0,2.445691724794117,9.544081431242404e-07,9.544081431242395e-07
0.31570000000000004,6618.225637289335,0.0,0.0,2.445712011707046,9.54427123429159e-07,9.544271234291579e-07
0.31575000000000003,6618.349615744597,0.0,0.0,2.445733848549258,9.544451328874622e-07,9.544451328874614e-07
0.3158,6618.473939999785,0.0,0.0,2.4457572030869463,9.544620807245986e-07,9.544620807245977e-07
0.31585,6618.598717703492,0.0,0.0,2.445782043070277,9.54481663255993e-07,9.54481663255992e-07
0.3159,6618.723554218082,0.0,0.0,2.4458083323824003,9.544969775910707e-07,9.544969775910698e-07
0.31595,6618.848418154807,0.0,0.0,2.4458360341626526,9.54517453679779e-07,9.54517453679778e-07
0.316,6618.973059201149,0.0,0.0,2.4458651086969243,9.545316634352696e-07,9.545316634352685e-07
0.31605,6619.097300561148,0.0,0.0,2.445895514672611,9.545522718572745e-07,9.545522718572735e-07
0.3161,6619.221035103814,0.0,0.0,2.4459272090274133,9.54565944075358e-07,9.545659440753572e-07
0.31615000000000004,6619.343952924548,0.0,0.0,2.4459601462399414,9.545859368529996e-07,9.545859368529985e-07
0.31620000000000004,6619.466071334211,0.0,0.0,2.4459942801091468,9.545995859988416e-07,9.545995859988405e-07
0.31625000000000003,6619.586975547172,0.0,0.0,2.4460295612284844,9.54618315093249e-07,9.54618315093248e-07
0.3163,6619.706774780431,0.0,0.0,2.446065940432878,9.546323261318691e-07,9.54632326131868e-07
0.31635,6619.82498880777,0.0,0.0,2.446103364823256,9.54649310130933e-07,9.54649310130932e-07
0.3164,6619.941777836443,0.0,0.0,2.4461417824222353,9.546638855255614e-07,9.546638855255603e-07
0.31645,6620.056640924453,0.0,0.0,2.4461811372821805,9.546788481517706e-07,9.546788481517697e-07
0.3165,6620.169746169906,0.0,0.0,2.4462213747587644,9.546939850937615e-07,9.546939850937607e-07
0.31655,6620.280615669439,0.0,0.0,2.4462624363295116,9.547068619319227e-07,9.547068619319217e-07
0.3166,6620.3893861890565,0.0,0.0,2.446304264841164,9.54722361439188e-07,9.54722361439187e-07
0.31665000000000004,6620.495639976656,0.0,0.0,2.4463467996771606,9.547332761628789e-07,9.547332761628778e-07
0.31670000000000004,6620.599452190281,0.0,0.0,2.446389981364562,9.547487808801833e-07,9.547487808801825e-07
0.31675000000000003,6620.700491374964,0.0,0.0,2.4464337476593956,9.547579966526546e-07,9.547579966526535e-07
0.3168,6620.798753172714,0.0,0.0,2.4464780370050265,9.547730499829147e-07,9.547730499829137e-07
0.31685,6620.894005170434,0.0,0.0,2.446522785965709,9.547809050487415e-07,9.547809050487404e-07
0.3169,6620.986159324159,0.0,0.0,2.4465679311940107,9.547950212676031e-07,9.54795021267602e-07
0.31695,6621.07508129493,0.0,0.0,2.4466134084560562,9.54801859589646e-07,9.548018595896449e-07
0.317,6621.160608178997,0.0,0.0,2.4466591529669235,9.54814593342579e-07,9.548145933425779e-07
0.31705,6621.242690748377,0.0,0.0,2.4467051000422506,9.548207013012328e-07,9.54820701301232e-07
0.3171,6621.321110449189,0.0,0.0,2.4467511838696434,9.548317054999208e-07,9.548317054999198e-07
0.31715,6621.395881564432,0.0,0.0,2.446797339618887,9.54837264214421e-07,9.548372642144198e-07
0.31720000000000004,6621.466755521786,0.0,0.0,2.4468435009065024,9.54846327729661e-07,9.548463277296602e-07
0.31725000000000003,6621.533784250604,0.0,0.0,2.4468896030269933,9.548513877247808e-07,9.5485138772478e-07
0.3173,6621.596716601609,0.0,0.0,2.4469355795129877,9.548584479617224e-07,9.548584479617213e-07
0.31735,6621.6556166663995,0.0,0.0,2.4469813660334325,9.548629291447171e-07,9.548629291447163e-07
0.3174,6621.7102554700405,0.0,0.0,2.4470268965363196,9.54868058936766e-07,9.54868058936765e-07
0.31745,6621.760688322969,0.0,0.0,2.4470721073090833,9.54871774698665e-07,9.54871774698664e-07
0.3175,6621.80672681376,0.0,0.0,2.4471169332069564,9.548751472321303e-07,9.548751472321295e-07
0.31755,6621.8484041040965,0.0,0.0,2.447161311388911,9.54877847579615e-07,9.54877847579614e-07
0.3176,6621.885582073262,0.0,0.0,2.4472051780841566,9.5487968655455e-07,9.54879686554549e-07
0.31765,6621.918267418094,0.0,0.0,2.4472484715971894,9.54881112104137e-07,9.54881112104136e-07
0.31770000000000004,6621.946372754411,0.0,0.0,2.4472911299588382,9.548816365318849e-07,9.548816365318838e-07
0.31775000000000003,6621.969882800302,0.0,0.0,2.4473330929214283,9.548815734591856e-07,9.548815734591845e-07
0.3178,6621.988753149617,0.0,0.0,2.4473743006972395,9.54880947090971e-07,9.5488094709097e-07
0.31785,6622.002957983767,0.0,0.0,2.4474146948188613,9.548792730349827e-07,9.548792730349819e-07
0.3179,6622.012482423471,0.0,0.0,2.447454218009235,9.548775673912348e-07,9.54877567391234e-07
0.31795,6622.017305453952,0.0,0.0,2.4474928139397947,9.548742799114872e-07,9.548742799114862e-07
0.318,6622.017426029522,0.0,0.0,2.447530428125606,9.548714574491645e-07,9.548714574491634e-07
0.31805,6622.012843493326,0.0,0.0,2.4475670067525725,9.548666796855943e-07,9.548666796855932e-07
0.3181,6622.003556442595,0.0,0.0,2.4476024983691294,9.548626002085296e-07,9.548626002085287e-07
0.31815,6621.989596711718,0.0,0.0,2.4476368520554863,9.548565623955095e-07,9.548565623955084e-07
0.31820000000000004,6621.9709532076795,0.0,0.0,2.447670019605009,9.54851011903902e-07,9.548510119039009e-07
0.31825000000000003,6621.947696047052,0.0,0.0,2.4477019533615634,9.548440116587532e-07,9.548440116587522e-07
0.3183,6621.919802323833,0.0,0.0,2.4477326085568882,9.548367490328246e-07,9.548367490328237e-07
0.31835,6621.887378212749,0.0,0.0,2.4477619411428777,9.54829097135096e-07,9.54829097135095e-07
0.3184,6621.850394994717,0.0,0.0,2.447789909975514,9.548199109121414e-07,9.548199109121403e-07
0.31845,6621.808984562576,0.0,0.0,2.447816474921783,9.54811871963546e-07,9.54811871963545e-07
0.3185,6621.763125787071,0.0,0.0,2.4478415986479805,9.54800637491131e-07,9.5480063749113e-07
0.31855,6621.712959345146,0.0,0.0,2.447865245197314,9.54792375935537e-07,9.547923759355362e-07
0.3186,6621.658490240335,0.0,0.0,2.4478873812364332,9.547791027049338e-07,9.547791027049327e-07
0.31865,6621.59984732564,0.0,0.0,2.4479079751959323,9.547706440372557e-07,9.547706440372548e-07
0.31870000000000004,6621.537081970484,0.0,0.0,2.4479269979360545,9.54755504161346e-07,9.547555041613449e-07
0.31875000000000003,6621.470290763841,0.0,0.0,2.4479444224367426,9.547467188691183e-07,9.547467188691172e-07
0.31880000000000003,6621.39958930106,0.0,0.0,2.447960223943201,9.547300503761204e-07,9.547300503761196e-07
0.31885,6621.3250257541995,0.0,0.0,2.447974380102414,9.547206646340816e-07,9.547206646340808e-07
0.3189,6621.246791446668,0.0,0.0,2.44798687072559,9.547029471254246e-07,9.547029471254235e-07
0.31895,6621.1648779484085,0.0,0.0,2.447997678208103,9.546925800495505e-07,9.546925800495497e-07
0.319,6621.079554260541,0.0,0.0,2.4480067870875137,9.546743847636707e-07,9.546743847636698e-07
0.31905,6620.990757702475,0.0,0.0,2.4480141845618633,9.546626077626851e-07,9.546626077626843e-07
0.3191,6620.8988255473205,0.0,0.0,2.4480198600241754,9.546445284483406e-07,9.546445284483397e-07
0.31915,6620.803654700425,0.0,0.0,2.448023805511215,9.54630938531891e-07,9.546309385318902e-07
0.31920000000000004,6620.7056299368505,0.0,0.0,2.448026015360377,9.546135130486554e-07,9.546135130486546e-07
0.31925000000000003,6620.604632121649,0.0,0.0,2.448026486471779,9.54597809372415e-07,9.545978093724138e-07
0.31930000000000003,6620.501063307824,0.0,0.0,2.4480252181699558,9.545814439700006e-07,9.545814439699995e-07
0.31935,6620.394820421225,0.0,0.0,2.448022212235102,9.545634958475358e-07,9.545634958475348e-07
0.3194,6620.286286759275,0.0,0.0,2.448017472973563,9.545484042383214e-07,9.545484042383205e-07
0.31945,6620.175410791097,0.0,0.0,2.4480110070540584,9.545282994933605e-07,9.545282994933594e-07
0.3195,6620.062520130396,0.0,0.0,2.448002823713606,9.545144670763744e-07,9.545144670763734e-07
0.31955,6619.947648366266,0.0,0.0,2.4479929345054363,9.544925319545655e-07,9.544925319545645e-07
0.3196,6619.831035088198,0.0,0.0,2.447981353506403,9.544797120875125e-07,9.544797120875117e-07
0.31965,6619.712825222511,0.0,0.0,2.4479680971305453,9.544564977317098e-07,9.544564977317088e-07
0.31970000000000004,6619.593147816713,0.0,0.0,2.4479531841728708,9.544442423518894e-07,9.544442423518883e-07
0.31975000000000003,6619.472273205951,0.0,0.0,2.447936635855889,9.544204775799567e-07,9.544204775799556e-07
0.31980000000000003,6619.350211358399,0.0,0.0,2.4479184755503094,9.54408199403479e-07,9.54408199403478e-07
0.31985,6619.22735661264,0.0,0.0,2.4478987291971337,9.54384714588271e-07,9.5438471458827e-07
0.3199,6619.103607679482,0.0,0.0,2.4478774245891066,9.54371773352364e-07,9.543717733523629e-07
0.31995,6618.979464730462,0.0,0.0,2.447854592250776,9.543494047858462e-07,9.543494047858452e-07
0.32,6618.85473953567,0.0,0.0,2.44783026423941,9.543352062270749e-07,9.543352062270738e-07
0.32005,6618.730004245274,0.0,0.0,2.447804475479056,9.543146937688585e-07,9.543146937688575e-07
0.3201,6618.605022231188,0.0,0.0,2.447777262134019,9.542987877698376e-07,9.542987877698368e-07
0.32015,6618.480391509332,0.0,0.0,2.4477486632948,9.542806801945052e-07,9.542806801945043e-07
0.32020000000000004,6618.355875355472,0.0,0.0,2.447718719074908,9.542628441503653e-07,9.542628441503645e-07
0.32025000000000003,6618.232044680672,0.0,0.0,2.4476874724539677,9.542474261133739e-07,9.542474261133728e-07
0.32030000000000003,6618.108714581948,0.0,0.0,2.447654967331889,9.542277210935065e-07,9.542277210935054e-07
0.32035,6617.9863757426765,0.0,0.0,2.447621250264773,9.542149730334147e-07,9.542149730334137e-07
0.3204,6617.864943599209,0.0,0.0,2.4475863687629733,9.541937636418098e-07,9.541937636418088e-07
0.32045,6617.744782438707,0.0,0.0,2.447550372623284,9.541833615477635e-07,9.541833615477624e-07
0.3205,6617.6259462253265,0.0,0.0,2.4475133127669912,9.5416129507735e-07,9.54161295077349e-07
0.32055,6617.5086401644085,0.0,0.0,2.4474752418864116,9.541526515640193e-07,9.541526515640185e-07
0.3206,6617.393078745856,0.0,0.0,2.447436214079912,9.541305975343218e-07,9.541305975343207e-07
0.32065,6617.2792938837465,0.0,0.0,2.4473962845941655,9.54122939832917e-07,9.541229398329159e-07
0.32070000000000004,6617.16766248744,0.0,0.0,2.447355510427198,9.541018965758289e-07,9.541018965758278e-07
0.32075000000000004,6617.058050148828,0.0,0.0,2.447313949053947,9.540943717866663e-07,9.540943717866652e-07
0.32080000000000003,6616.95097663648,0.0,0.0,2.44727166004528,9.540753515840853e-07,9.540753515840842e-07
0.32085,6616.84616930885,0.0,0.0,2.4472287028004636,9.540671455527805e-07,9.540671455527795e-07
0.3209,6616.744251293389,0.0,0.0,2.4471851390859904,9.540510532597707e-07,9.540510532597697e-07
0.32095,6616.644858006639,0.0,0.0,2.44714102994562,9.540415073066734e-07,9.540415073066725e-07
0.321,6616.5486607559515,0.0,0.0,2.447096438918421,9.540290287812758e-07,9.540290287812748e-07
0.32105,6616.455262045115,0.0,0.0,2.4470514284333724,9.540177385276262e-07,9.540177385276254e-07
0.3211,6616.365317029796,0.0,0.0,2.447006063343294,9.540092543091605e-07,9.540092543091594e-07
0.32115,6616.27845970775,0.0,0.0,2.4469604072151014,9.539961369544266e-07,9.539961369544256e-07
0.32120000000000004,6616.195263568214,0.0,0.0,2.4469145257354374,9.539916734959554e-07,9.539916734959546e-07
0.32125000000000004,6616.115455590602,0.0,0.0,2.4468684833615217,9.539769938990348e-07,9.539769938990338e-07
0.32130000000000003,6616.039469269425,0.0,0.0,2.446822346130429,9.539762196897035e-07,9.539762196897024e-07
0.32135,6615.967174987665,0.0,0.0,2.446776179127497,9.539605709146876e-07,9.539605709146865e-07
0.3214,6615.898822763136,0.0,0.0,2.446730048271842,9.539628387514846e-07,9.539628387514836e-07
0.32145,6615.834458851071,0.0,0.0,2.4466840189863865,9.539470787465342e-07,9.53947078746533e-07
0.3215,6615.774127047534,0.0,0.0,2.4466381566358244,9.539515090694585e-07,9.539515090694576e-07
0.32155,6615.718059319546,0.0,0.0,2.446592526650714,9.539366610417723e-07,9.539366610417712e-07
0.3216,6615.6660945421545,0.0,0.0,2.446547193449934,9.539422556242266e-07,9.539422556242258e-07
0.32165,6615.618635804356,0.0,0.0,2.4465022220960146,9.539293846731013e-07,9.539293846731002e-07
0.32170000000000004,6615.575342633328,0.0,0.0,2.446457675723265,9.539351557891309e-07,9.539351557891298e-07
0.32175000000000004,6615.536751597675,0.0,0.0,2.4464136186047005,9.53925237786032e-07,9.53925237786031e-07
0.32180000000000003,6615.502389793067,0.0,0.0,2.4463701123048844,9.539303358829653e-07,9.539303358829642e-07
0.32185,6615.472870977591,0.0,0.0,2.446327219846682,9.539241358616613e-07,9.539241358616604e-07
0.3219,6615.447652336363,0.0,0.0,2.446285000987472,9.539279589721635e-07,9.539279589721624e-07
0.32195,6615.427356779743,0.0,0.0,2.4462435170132952,9.539259352420746e-07,9.539259352420736e-07
0.322,6615.411441881148,0.0,0.0,2.4462028256728314,9.539282058023647e-07,9.539282058023636e-07
0.32205,6615.400468417952,0.0,0.0,2.4461629860208336,9.539304526417058e-07,9.53930452641705e-07
0.3221,6615.393963541507,0.0,0.0,2.4461240536155846,9.539312517185487e-07,9.539312517185478e-07
0.32215,6615.392360355686,0.0,0.0,2.4460860847996355,9.539374883346336e-07,9.539374883346328e-07
0.32220000000000004,6615.395314873728,0.0,0.0,2.4460491327609115,9.539372428527e-07,9.53937242852699e-07
0.32225000000000004,6615.403081036629,0.0,0.0,2.4460132506842505,9.53946850018499e-07,9.539468500184981e-07
0.32230000000000003,6615.4154855639645,0.0,0.0,2.4459784891916314,9.539462747646368e-07,9.53946274764636e-07
0.32235,6615.432572312281,0.0,0.0,2.4459448979197074,9.539583740551277e-07,9.539583740551267e-07
0.3224,6615.454357825331,0.0,0.0,2.4459125246992746,9.539583761532936e-07,9.539583761532925e-07
0.32245,6615.480669403029,0.0,0.0,2.4458814152982944,9.539719409969673e-07,9.539719409969662e-07
0.3225,6615.511707461278,0.0,0.0,2.445851614493065,9.539734994808132e-07,9.539734994808121e-07
0.32255,6615.5471014469085,0.0,0.0,2.445823163940578,9.53987483060326e-07,9.539874830603252e-07
0.3226,6615.587205530458,0.0,0.0,2.4457961050599137,9.539915194469625e-07,9.539915194469614e-07
0.32265,6615.631492684199,0.0,0.0,2.4457704752335845,9.540049824642416e-07,9.540049824642405e-07
0.32270000000000004,6615.680420559162,0.0,0.0,2.445746312187668,9.540122393767754e-07,9.540122393767746e-07
0.32275000000000004,6615.733364317226,0.0,0.0,2.4457236489381984,9.540244610050538e-07,9.54024461005053e-07
0.32280000000000003,6615.790821238617,0.0,0.0,2.445702519162915,9.540354047611175e-07,9.540354047611165e-07
0.32285,6615.852137077125,0.0,0.0,2.445682951476843,9.54045962665425e-07,9.540459626654242e-07
0.3229,6615.91777956495,0.0,0.0,2.4456649751536856,9.540607224011924e-07,9.540607224011916e-07
0.32295,6615.987134497637,0.0,0.0,2.4456486144114513,9.540695320906263e-07,9.540695320906254e-07
0.323,6616.060574390615,0.0,0.0,2.44563389378634,9.540878829413894e-07,9.540878829413884e-07
0.32305,6616.137586886674,0.0,0.0,2.4456208331206204,9.54095192257988e-07,9.540951922579872e-07
0.3231,6616.218395370634,0.0,0.0,2.4456094519248794,9.541165840238545e-07,9.541165840238536e-07
0.32315,6616.302635951067,0.0,0.0,2.445599765683606,9.541229245652224e-07,9.541229245652215e-07
0.32320000000000004,6616.390347310914,0.0,0.0,2.4455917886597867,9.541465510725267e-07,9.541465510725258e-07
0.32325000000000004,6616.481340017948,0.0,0.0,2.4455855319776183,9.54152653940704e-07,9.54152653940703e-07
0.32330000000000003,6616.575454926185,0.0,0.0,2.445581004512335,9.541775528740082e-07,9.541775528740073e-07
0.32335,6616.672679778224,0.0,0.0,2.445578212993569,9.541842406937997e-07,9.541842406937989e-07
0.3234,6616.77266803467,0.0,0.0,2.4455771608590977,9.542094097757338e-07,9.542094097757327e-07
0.32345,6616.875564465534,0.0,0.0,2.445577850374123,9.542174798078853e-07,9.542174798078845e-07
0.3235,6616.980867205026,0.0,0.0,2.4455802795801262,9.542419934245864e-07,9.542419934245855e-07
0.32355,6617.088838391639,0.0,0.0,2.4455844461766265,9.542521074723642e-07,9.54252107472363e-07
0.3236,6617.198869870586,0.0,0.0,2.4455903429329875,9.542752183087986e-07,9.542752183087975e-07
0.32365,6617.311287753587,0.0,0.0,2.4455979628621494,9.54287813871382e-07,9.542878138713812e-07
0.32370000000000004,6617.4254369109385,0.0,0.0,2.445607293653498,9.54309026734287e-07,9.54309026734286e-07
0.32375000000000004,6617.541647652055,0.0,0.0,2.445618323510601,9.543242606322625e-07,9.543242606322616e-07
0.32380000000000003,6617.659279678227,0.0,0.0,2.445631035282668,9.543433698941701e-07,9.54343369894169e-07
0.32385,6617.778609266581,0.0,0.0,2.4456454122606015,9.543611008782316e-07,9.543611008782307e-07
0.3239,6617.899067433955,0.0,0.0,2.4456614327180084,9.54378188223217e-07,9.543781882232163e-07
0.32395,6618.020827155907,0.0,0.0,2.4456790749715163,9.543979994940698e-07,9.54397999494069e-07
0.324,6618.1434351310845,0.0,0.0,2.445698312985982,9.54413394132703e-07,9.54413394132702e-07
0.32405,6618.266926667678,0.0,0.0,2.4457191201038375,9.544346511171217e-07,9.544346511171207e-07
0.3241,6618.390991470131,0.0,0.0,2.445741466231073,9.54448859587161e-07,9.544488595871599e-07
0.32415,6618.515511448919,0.0,0.0,2.445765319812854,9.54470793528109e-07,9.544707935281079e-07
0.3242,6618.640327138239,0.0,0.0,2.4457906469156345,9.54484410023091e-07,9.544844100230902e-07
0.32425000000000004,6618.7651710640175,0.0,0.0,2.4458174112493722,9.545062146673093e-07,9.545062146673085e-07
0.32430000000000003,6618.890023139055,0.0,0.0,2.445845575223431,9.545198250249963e-07,9.545198250249953e-07
0.32435,6619.014488717016,0.0,0.0,2.4458750980600503,9.545407524006315e-07,9.545407524006304e-07
0.3244,6619.138659124328,0.0,0.0,2.4459059386586035,9.545548452362188e-07,9.54554845236218e-07
0.32445,6619.262049078125,0.0,0.0,2.445938052078792,9.545742873044422e-07,9.545742873044412e-07
0.3245,6619.384821641547,0.0,0.0,2.4459713938306598,9.54589184254673e-07,9.545891842546722e-07
0.32455,6619.506446196111,0.0,0.0,2.4460059151994944,9.54606729929241e-07,9.5460672992924e-07
0.3246,6619.627112233845,0.0,0.0,2.4460415684150596,9.546225438201067e-07,9.546225438201058e-07
0.32465,6619.746291465451,0.0,0.0,2.446078301419416,9.546380049365577e-07,9.546380049365566e-07
0.3247,6619.86415533642,0.0,0.0,2.4461160632779704,9.54654630368398e-07,9.54654630368397e-07
0.32475000000000004,6619.980221602133,0.0,0.0,2.4461547990413783,9.54668035001703e-07,9.546680350017022e-07
0.32480000000000003,6620.094605938912,0.0,0.0,2.4461944547529177,9.546851709583533e-07,9.546851709583523e-07
0.32485,6620.206906561365,0.0,0.0,2.4462349730220936,9.546967272697322e-07,9.546967272697313e-07
0.3249,6620.317156993932,0.0,0.0,2.446276297056202,9.54713926666006e-07,9.547139266660051e-07
0.32495,6620.425057325593,0.0,0.0,2.4463183674530296,9.547239645191224e-07,9.547239645191216e-07
0.325,6620.530546564943,0.0,0.0,2.4463611248272357,9.547407017816298e-07,9.547407017816288e-07
0.32505,6620.633433477088,0.0,0.0,2.4464045081594317,9.547496021858383e-07,9.547496021858372e-07
0.3251,6620.733564715113,0.0,0.0,2.4464484557792936,9.547653476279906e-07,9.547653476279897e-07
0.32515,6620.830850474933,0.0,0.0,2.446492905402461,9.547734712868076e-07,9.547734712868066e-07
0.3252,6620.925060134236,0.0,0.0,2.4465377934455526,9.547877605268007e-07,9.547877605267999e-07
0.32525000000000004,6621.016186558732,0.0,0.0,2.4465830566688083,9.547953863254529e-07,9.54795386325452e-07
0.32530000000000003,6621.103946501351,0.0,0.0,2.4466286300048012,9.548078743480976e-07,9.548078743480966e-07
0.32535000000000003,6621.18838921342,0.0,0.0,2.446674449531683,9.548151566012982e-07,9.548151566012971e-07
0.3254,6621.269208564939,0.0,0.0,2.446720449170738,9.548256490235555e-07,9.548256490235546e-07
0.32545,6621.346481147277,0.0,0.0,2.4467665645667296,9.548325990640977e-07,9.548325990640968e-07
0.3255,6621.4199079144755,0.0,0.0,2.4468127291284136,9.548410571738894e-07,9.548410571738884e-07
0.32555,6621.489565748771,0.0,0.0,2.4468588783061507,9.548475508681186e-07,9.548475508681178e-07
0.3256,6621.555188401873,0.0,0.0,2.446904945501103,9.548540713945756e-07,9.548540713945747e-07
0.32565,6621.616832009535,0.0,0.0,2.446950866214192,9.548598800078225e-07,9.548598800078214e-07
0.3257,6621.674281160446,0.0,0.0,2.446996574330686,9.54864654607465e-07,9.54864654607464e-07
0.32575000000000004,6621.727558910875,0.0,0.0,2.4470420056670816,9.548694927485705e-07,9.548694927485696e-07
0.32580000000000003,6621.776509163859,0.0,0.0,2.447087095054557,9.548727552433485e-07,9.548727552433474e-07
0.32585000000000003,6621.821119284271,0.0,0.0,2.447131778920564,9.548763369565732e-07,9.548763369565724e-07
0.3259,6621.861291262813,0.0,0.0,2.44717599346207,9.54878308002121e-07,9.548783080021202e-07
0.32595,6621.896983159384,0.0,0.0,2.447219676048298,9.548804008984582e-07,9.548804008984574e-07
0.326,6621.928145644589,0.0,0.0,2.4472627646136793,9.54881239806127e-07,9.548812398061259e-07
0.32605,6621.9547206119605,0.0,0.0,2.4473051978345843,9.54881707634998e-07,9.548817076349969e-07
0.3261,6621.976692667612,0.0,0.0,2.4473469157061527,9.548814795868587e-07,9.548814795868579e-07
0.32615,6621.994004119134,0.0,0.0,2.4473878586051985,9.54880305781604e-07,9.548803057816032e-07
0.3262,6622.00665703913,0.0,0.0,2.4474279688675935,9.548789699332844e-07,9.548789699332836e-07
0.32625000000000004,6622.014610418619,0.0,0.0,2.447467188980421,9.548762580656821e-07,9.54876258065681e-07
0.32630000000000003,6622.017869320153,0.0,0.0,2.4475054638664395,9.54873678470196e-07,9.54873678470195e-07
0.32635000000000003,6622.016421858841,0.0,0.0,2.447542738534845,9.54869629639713e-07,9.54869629639712e-07
0.3264,6622.010266759167,0.0,0.0,2.4475789607191722,9.548656070780975e-07,9.548656070780965e-07
0.32645,6621.999427215795,0.0,0.0,2.447614078349006,9.548604783333593e-07,9.548604783333584e-07
0.3265,6621.983893472016,0.0,0.0,2.447648042182084,9.54854797577073e-07,9.548547975770719e-07
0.32655,6621.963721945773,0.0,0.0,2.447680803438501,9.548488488214887e-07,9.548488488214878e-07
0.3266,6621.938899997047,0.0,0.0,2.4477123161131646,9.548413331134112e-07,9.548413331134102e-07
0.32665,6621.909507839752,0.0,0.0,2.4477425350469306,9.548347720175415e-07,9.548347720175404e-07
0.3267,6621.875542261568,0.0,0.0,2.4477714176909617,9.54825335089237e-07,9.548253350892362e-07
0.32675000000000004,6621.837092048385,0.0,0.0,2.447798922789746,9.548182699917511e-07,9.548182699917503e-07
0.32680000000000003,6621.794179997104,0.0,0.0,2.4478250114780815,9.548069560039694e-07,9.548069560039685e-07
0.32685000000000003,6621.746885453711,0.0,0.0,2.4478496466369313,9.547993655812826e-07,9.547993655812815e-07
0.3269,6621.695274637028,0.0,0.0,2.447872793317912,9.547863690477324e-07,9.547863690477315e-07
0.32695,6621.639400377852,0.0,0.0,2.4478944187233713,9.54778094885032e-07,9.547780948850312e-07
0.327,6621.579386721349,0.0,0.0,2.4479144920540663,9.547637557080408e-07,9.5476375570804e-07
0.32705,6621.5152476336425,0.0,0.0,2.4479329849767257,9.547545202565723e-07,9.547545202565715e-07
0.3271,6621.447172824242,0.0,0.0,2.447949871063023,9.54739293028152e-07,9.547392930281512e-07
0.32715,6621.375132940699,0.0,0.0,2.4479651265537092,9.547287413375823e-07,9.547287413375815e-07
0.3272,6621.299382006721,0.0,0.0,2.4479787295914828,9.547131424048775e-07,9.547131424048766e-07
0.32725000000000004,6621.219852746511,0.0,0.0,2.447990661076766,9.547009021042643e-07,9.547009021042634e-07
0.32730000000000004,6621.136851790596,0.0,0.0,2.448000903890975,9.546854418315513e-07,9.546854418315504e-07
0.32735000000000003,6621.050289504488,0.0,0.0,2.448009443664289,9.546711926585468e-07,9.54671192658546e-07
0.3274,6620.960503641945,0.0,0.0,2.448016268143395,9.546563031731424e-07,9.546563031731415e-07
0.32745,6620.867406471843,0.0,0.0,2.4480213677487126,9.54639845400853e-07,9.546398454008521e-07
0.3275,6620.771337954097,0.0,0.0,2.4480247351722513,9.546258153521866e-07,9.546258153521858e-07
0.32755,6620.672242089388,0.0,0.0,2.4480263656780132,9.546071260569746e-07,9.546071260569737e-07
0.3276,6620.570428525335,0.0,0.0,2.4480262569356017,9.545940533270912e-07,9.545940533270903e-07
0.32765,6620.465904006393,0.0,0.0,2.448024409097363,9.545733206878303e-07,9.545733206878294e-07
0.3277,6620.358916535792,0.0,0.0,2.4480208247978528,9.545610916163602e-07,9.545610916163593e-07
0.32775000000000004,6620.249562801693,0.0,0.0,2.448015509108902,9.5453872025866e-07,9.54538720258659e-07
0.32780000000000004,6620.138004046556,0.0,0.0,2.448008469578848,9.545270201575283e-07,9.545270201575275e-07
0.32785000000000003,6620.024445442743,0.0,0.0,2.4479997162088107,9.545036045912384e-07,9.545036045912375e-07
0.3279,6619.908947056204,0.0,0.0,2.44798926137991,9.544919597118311e-07,9.544919597118303e-07
0.32795,6619.7918285109245,0.0,0.0,2.4479771200020646,9.544682276432548e-07,9.544682276432537e-07
0.328,6619.673048172593,0.0,0.0,2.447963309187785,9.544560740009248e-07,9.54456074000924e-07
0.32805,6619.553031206301,0.0,0.0,2.4479478486964625,9.544328060179623e-07,9.544328060179615e-07
0.3281,6619.431648968004,0.0,0.0,2.4479307602586986,9.544195763075377e-07,9.54419576307537e-07
0.32815,6619.309408140372,0.0,0.0,2.4479120683787072,9.543975124026687e-07,9.543975124026678e-07
0.3282,6619.1861220986375,0.0,0.0,2.447891799285984,9.543827292209988e-07,9.543827292209977e-07
0.32825000000000004,6619.062341914298,0.0,0.0,2.4478699820764964,9.54362475173986e-07,9.54362475173985e-07
0.32830000000000004,6618.937863274517,0.0,0.0,2.4478466473559743,9.543458373694125e-07,9.543458373694115e-07
0.32835000000000003,6618.813235487487,0.0,0.0,2.4478218286117523,9.543277846620995e-07,9.543277846620984e-07
0.3284,6618.6882831603525,0.0,0.0,2.447795560698043,9.54309234053213e-07,9.54309234053212e-07
0.32845,6618.563504343644,0.0,0.0,2.44776788125128,9.542935055936932e-07,9.542935055936921e-07
0.3285,6618.438799285992,0.0,0.0,2.4477388292358295,9.542732635332994e-07,9.542732635332983e-07
0.32855,6618.314568475753,0.0,0.0,2.4477084461622716,9.542596941429733e-07,9.542596941429724e-07
0.3286,6618.190828024482,0.0,0.0,2.4476767749477815,9.54238261216038e-07,9.54238261216037e-07
0.32865,6618.067844228793,0.0,0.0,2.447643860681194,9.542264170902612e-07,9.542264170902602e-07
0.3287,6617.945776686674,0.0,0.0,2.4476097500461953,9.542045341336987e-07,9.542045341336976e-07
0.32875000000000004,6617.824736051545,0.0,0.0,2.447574491405671,9.54193770006439e-07,9.54193770006438e-07
0.32880000000000004,6617.705035759254,0.0,0.0,2.44753813498492,9.541723440332098e-07,9.541723440332087e-07
0.32885000000000003,6617.586628232523,0.0,0.0,2.447500732120005,9.541618913723972e-07,9.541618913723962e-07
0.3289,6617.46997129954,0.0,0.0,2.44746233630683,9.541418950849224e-07,9.541418950849213e-07
0.32895,6617.3548766995045,0.0,0.0,2.44742300156596,9.54130970124143e-07,9.54130970124142e-07
0.329,6617.241917491508,0.0,0.0,2.4473827843430396,9.541133277969297e-07,9.541133277969287e-07
0.32905,6617.130800977066,0.0,0.0,2.4473417410713445,9.541012451742455e-07,9.541012451742445e-07
0.3291,6617.022169355937,0.0,0.0,2.4472999307766514,9.540867201017867e-07,9.540867201017856e-07
0.32915,6616.915676392359,0.0,0.0,2.447257412049762,9.540729967926085e-07,9.540729967926075e-07
0.3292,6616.811975617013,0.0,0.0,2.4472142460846085,9.540620957989616e-07,9.540620957989606e-07
0.32925000000000004,6616.710726613849,0.0,0.0,2.447170493385644,9.54046530997144e-07,9.54046530997143e-07
0.32930000000000004,6616.612531725959,0.0,0.0,2.447126216871899,9.540394395878175e-07,9.540394395878164e-07
0.32935000000000003,6616.517116598386,0.0,0.0,2.447081478719364,9.540221591229728e-07,9.540221591229717e-07
0.3294,6616.424973062508,0.0,0.0,2.4470363431130338,9.540187169042325e-07,9.540187169042314e-07
0.32945,6616.335945997113,0.0,0.0,2.446990873647751,9.540001753017307e-07,9.540001753017296e-07
0.3295,6616.250368346664,0.0,0.0,2.4469451353162603,9.539998958960105e-07,9.539998958960095e-07
0.32955,6616.168243059679,0.0,0.0,2.4468991928558452,9.539808347139317e-07,9.539808347139306e-07
0.3296,6616.08971331002,0.0,0.0,2.446853111626509,9.539829682978148e-07,9.539829682978138e-07
0.32965,6616.014959046335,0.0,0.0,2.4468069571960727,9.539643352381492e-07,9.539643352381482e-07
0.3297,6615.943924695635,0.0,0.0,2.446760794883443,9.539679659468709e-07,9.539679659468698e-07
0.32975000000000004,6615.876963147057,0.0,0.0,2.4467146907313233,9.539508046147225e-07,9.539508046147214e-07
0.32980000000000004,6615.813834658213,0.0,0.0,2.4466687096513464,9.539549702328506e-07,9.539549702328496e-07
0.32985000000000003,6615.755037890171,0.0,0.0,2.446622917758613,9.539402946147957e-07,9.539402946147947e-07
0.3299,6615.700185651144,0.0,0.0,2.4465773792377643,9.539441128671043e-07,9.539441128671032e-07
0.32995,6615.649875015247,0.0,0.0,2.4465321598301193,9.539327829487233e-07,9.539327829487222e-07
0.33,6615.603625874967,0.0,0.0,2.4464873227179527,9.539355677637517e-07,9.539355677637506e-07
0.33005,6615.562071791126,0.0,0.0,2.4464429327884245,9.53928182843984e-07,9.53928182843983e-07
0.3301,6615.52470535902,0.0,0.0,2.446399051982178,9.53929535231529e-07,9.53929535231528e-07
0.33015,6615.49212775806,0.0,0.0,2.4463557438327475,9.539263593254742e-07,9.539263593254731e-07
0.3302,6615.463872729158,0.0,0.0,2.4463130688228065,9.539262208420928e-07,9.539262208420917e-07
0.33025000000000004,6615.440441895816,0.0,0.0,2.446271088632819,9.539271503307635e-07,9.539271503307625e-07
0.33030000000000004,6615.421472691402,0.0,0.0,2.446229862077873,9.539258120014195e-07,9.539258120014185e-07
0.33035000000000003,6615.407310225945,0.0,0.0,2.446189448506856,9.539303900086541e-07,9.53930390008653e-07
0.3304,6615.397744245102,0.0,0.0,2.4461499048475317,9.539284554100043e-07,9.539284554100032e-07
0.33045,6615.392923879004,0.0,0.0,2.446111287679776,9.539359310254126e-07,9.539359310254115e-07
0.3305,6615.392819607062,0.0,0.0,2.4460736517993014,9.539342382650766e-07,9.539342382650756e-07
0.33055,6615.397367670063,0.0,0.0,2.446037050637423,9.539436626658667e-07,9.539436626658656e-07
0.3306,6615.406723819427,0.0,0.0,2.446001536577539,9.53943175408845e-07,9.539431754088439e-07
0.33065,6615.420619232249,0.0,0.0,2.445967159592071,9.539535219965556e-07,9.539535219965545e-07
0.3307,6615.439374991442,0.0,0.0,2.4459339693319393,9.53955203824385e-07,9.53955203824384e-07
0.33075,6615.462548768804,0.0,0.0,2.445902012073906,9.53965496392068e-07,9.539654963920669e-07
0.33080000000000004,6615.49058512374,0.0,0.0,2.4458713343791727,9.539701850087639e-07,9.539701850087628e-07
0.33085000000000003,6615.522919470164,0.0,0.0,2.445841978662473,9.539796170923213e-07,9.539796170923202e-07
0.3309,6615.560061463777,0.0,0.0,2.445813988011034,9.539879149278175e-07,9.539879149278165e-07
0.33095,6615.601388641507,0.0,0.0,2.445787400871311,9.539959449030432e-07,9.539959449030422e-07
0.331,6615.647408344197,0.0,0.0,2.4457622564616326,9.540081404286861e-07,9.54008140428685e-07
0.33105,6615.697509560683,0.0,0.0,2.4457385891980987,9.540145503821685e-07,9.540145503821674e-07
0.3311,6615.7521294767175,0.0,0.0,2.445716434045302,9.540305802376125e-07,9.540305802376114e-07
0.33115,6615.8107340692195,0.0,0.0,2.4456958213516566,9.54035491592539e-07,9.540354915925379e-07
0.3312,6615.873630679863,0.0,0.0,2.445676781475944,9.54054948021316e-07,9.54054948021315e-07
0.33125,6615.940415876423,0.0,0.0,2.4456593406661113,9.540587926962428e-07,9.540587926962417e-07
0.33130000000000004,6616.0112230448785,0.0,0.0,2.4456435243775583,9.540809745696349e-07,9.540809745696338e-07
0.33135000000000003,6616.085814529489,0.0,0.0,2.445629354711387,9.540844262908442e-07,9.54084426290843e-07
0.33140000000000003,6616.164126550752,0.0,0.0,2.4456168519946173,9.54108426120024e-07,9.541084261200228e-07
0.33145,6616.246099992763,0.0,0.0,2.4456060341080277,9.541123016525971e-07,9.54112301652596e-07
0.3315,6616.331474151834,0.0,0.0,2.4455969161098765,9.541371162510356e-07,9.541371162510346e-07
0.33155,6616.420357756956,0.0,0.0,2.4455895115531305,9.541422601209193e-07,9.541422601209183e-07
0.3316,6616.512316365915,0.0,0.0,2.445583830176008,9.541669096896297e-07,9.541669096896286e-07
0.33165,6616.6075944027925,0.0,0.0,2.445579881062931,9.541740779149813e-07,9.541740779149802e-07
0.3317,6616.705626380952,0.0,0.0,2.4455776686662354,9.54197717623332e-07,9.54197717623331e-07
0.33175,6616.806743539413,0.0,0.0,2.4455771974363034,9.542074758466526e-07,9.542074758466516e-07
0.33180000000000004,6616.910305696207,0.0,0.0,2.4455784666478735,9.542294854970396e-07,9.542294854970385e-07
0.33185000000000003,6617.01667204854,0.0,0.0,2.4455814759421917,9.542421346740905e-07,9.542421346740894e-07
0.33190000000000003,6617.125190287921,0.0,0.0,2.445586219581355,9.54262175486559e-07,9.54262175486558e-07
0.33195,6617.236186581443,0.0,0.0,2.445592692232694,9.542777142804822e-07,9.542777142804812e-07
0.332,6617.349057277802,0.0,0.0,2.4456008833459846,9.542957466184706e-07,9.542957466184695e-07
0.33205,6617.46404026606,0.0,0.0,2.4456107824822535,9.543138744112784e-07,9.543138744112773e-07
0.3321,6617.580632056717,0.0,0.0,2.445622374492301,9.543301357253154e-07,9.543301357253144e-07
0.33215,6617.698939606347,0.0,0.0,2.4456356437521567,9.543502944491746e-07,9.543502944491736e-07
0.3322,6617.818595797895,0.0,0.0,2.4456505707195464,9.54365242044433e-07,9.54365242044432e-07
0.33225,6617.939551561382,0.0,0.0,2.4456671345782515,9.543866897140473e-07,9.543866897140463e-07
0.33230000000000004,6618.061593281824,0.0,0.0,2.4456853115754096,9.544009174824386e-07,9.544009174824375e-07
0.33235000000000003,6618.184510808087,0.0,0.0,2.445705075778558,9.54422822128077e-07,9.54422822128076e-07
0.33240000000000003,6618.308240939751,0.0,0.0,2.4457263993738647,9.544369635470675e-07,9.544369635470665e-07
0.33245,6618.432427190821,0.0,0.0,2.4457492514761983,9.544585038455325e-07,9.544585038455314e-07
0.3325,6618.557135028224,0.0,0.0,2.4457736003256527,9.544731349515853e-07,9.544731349515842e-07
0.33255,6618.681893358095,0.0,0.0,2.4457994103318224,9.544935935020037e-07,9.544935935020026e-07
0.3326,6618.806859844218,0.0,0.0,2.445826645874705,9.545091490678793e-07,9.545091490678782e-07
0.33265,6618.931492580647,0.0,0.0,2.4458552669785023,9.545279859590777e-07,9.545279859590767e-07
0.3327,6619.055995906862,0.0,0.0,2.4458852342326494,9.54544699798684e-07,9.54544699798683e-07
0.33275,6619.179806725216,0.0,0.0,2.44591650365087,9.545615975130738e-07,9.545615975130727e-07
0.33280000000000004,6619.303128044064,0.0,0.0,2.445949032102404,9.545794740728472e-07,9.545794740728461e-07
0.33285000000000003,6619.425424348616,0.0,0.0,2.4459827719991236,9.545943492745232e-07,9.545943492745222e-07
0.33290000000000003,6619.546853338747,0.0,0.0,2.446017676580836,9.54613168957833e-07,9.54613168957832e-07
0.33295,6619.666948853345,0.0,0.0,2.446053695077423,9.546261516283771e-07,9.54626151628376e-07
0.333,6619.785788909568,0.0,0.0,2.446090777229479,9.546455073473934e-07,9.546455073473923e-07
0.33305,6619.903006635762,0.0,0.0,2.4461288694951406,9.546568923092793e-07,9.546568923092783e-07
0.3331,6620.018579509249,0.0,0.0,2.4461679183013683,9.546762503045799e-07,9.546762503045788e-07
0.33315,6620.132255145672,0.0,0.0,2.4462078677184858,9.546864298138614e-07,9.546864298138603e-07
0.3332,6620.243904938817,0.0,0.0,2.446248661111256,9.547052044920232e-07,9.547052044920221e-07
0.33325,6620.353390770503,0.0,0.0,2.446290240509118,9.54714592811235e-07,9.547145928112339e-07
0.33330000000000004,6620.460487274125,0.0,0.0,2.446332546535618,9.547322237386591e-07,9.54732223738658e-07
0.33335000000000004,6620.5651564625205,0.0,0.0,2.446375519485586,9.54741185189257e-07,9.54741185189256e-07
0.33340000000000003,6620.667097901813,0.0,0.0,2.4464190976282034,9.547572046406476e-07,9.547572046406465e-07
0.33345,6620.766349030791,0.0,0.0,2.4464632197927334,9.54765995563209e-07,9.54765995563208e-07
0.3335,6620.862564352952,0.0,0.0,2.446507822336203,9.54780077082864e-07,9.54780077082863e-07
0.33355,6620.955826037625,0.0,0.0,2.4465528428636487,9.547888095890776e-07,9.547888095890766e-07
0.3336,6621.045776909713,0.0,0.0,2.4465982163015316,9.548007914727028e-07,9.548007914727017e-07
0.33365,6621.132512251458,0.0,0.0,2.446643879258232,9.548094232582003e-07,9.548094232581993e-07
0.3337,6621.215694950093,0.0,0.0,2.446689765731243,9.54819305101718e-07,9.54819305101717e-07
0.33375,6621.295405627778,0.0,0.0,2.4467358115621067,9.548276554150423e-07,9.548276554150413e-07
0.33380000000000004,6621.371352979161,0.0,0.0,2.4467819503206676,9.548355701967677e-07,9.548355701967666e-07
0.33385000000000004,6621.443582805168,0.0,0.0,2.4468281173293134,9.548433579637494e-07,9.548433579637484e-07
0.33390000000000003,6621.511866289133,0.0,0.0,2.4468742462125554,9.548495258378642e-07,9.54849525837863e-07
0.33395,6621.576204114841,0.0,0.0,2.4469202720520395,9.548564225361245e-07,9.548564225361234e-07
0.334,6621.6364361823225,0.0,0.0,2.4469661289752938,9.548610950888628e-07,9.548610950888618e-07
0.33405,6621.692518112136,0.0,0.0,2.447011752140573,9.548667827977417e-07,9.548667827977407e-07
0.3341,6621.744354692856,0.0,0.0,2.4470570765831647,9.548701876080266e-07,9.548701876080256e-07
0.33415,6621.791865637803,0.0,0.0,2.4471020378966255,9.54874412082847e-07,9.548744120828458e-07
0.3342,6621.835008748927,0.0,0.0,2.4471465723816097,9.548767069551003e-07,9.548767069550993e-07
0.33425,6621.873683416254,0.0,0.0,2.4471906164632706,9.548793166861635e-07,9.548793166861624e-07
0.33430000000000004,6621.907883727756,0.0,0.0,2.4472341080205795,9.548805610134833e-07,9.548805610134823e-07
0.33435000000000004,6621.937507188545,0.0,0.0,2.4472769847348954,9.548815258499607e-07,9.548815258499596e-07
0.33440000000000003,6621.962566372101,0.0,0.0,2.4473191863393016,9.548816735497804e-07,9.548816735497793e-07
0.33445,6621.982974368541,0.0,0.0,2.4473606522107643,9.548810801379776e-07,9.548810801379765e-07
0.3345,6621.99874705246,0.0,0.0,2.4474013241860937,9.548799949443878e-07,9.548799949443867e-07
0.33455,6622.009826199766,0.0,0.0,2.4474411437761594,9.548780203171986e-07,9.548780203171976e-07
0.3346,6622.016221377163,0.0,0.0,2.447480055157311,9.548755104562446e-07,9.548755104562436e-07
0.33465,6622.01790938069,0.0,0.0,2.4475180023954053,9.548723789091555e-07,9.548723789091545e-07
0.3347,6622.014891165882,0.0,0.0,2.447554932240027,9.548682448888712e-07,9.548682448888702e-07
0.33475,6622.007177121126,0.0,0.0,2.44759079170161,9.548641761502126e-07,9.548641761502116e-07
0.33480000000000004,6621.994764812649,0.0,0.0,2.447625530343647,9.548582630759793e-07,9.548582630759783e-07
0.33485000000000004,6621.977689590823,0.0,0.0,2.447659098468507,9.548534212617858e-07,9.548534212617847e-07
0.33490000000000003,6621.955957069154,0.0,0.0,2.4476914487063235,9.54845666130268e-07,9.54845666130267e-07
0.33495,6621.929613726335,0.0,0.0,2.4477225349504512,9.54840118857548e-07,9.54840118857547e-07
0.335,6621.898688278759,0.0,0.0,2.447752313162795,9.548305838892961e-07,9.54830583889295e-07
0.33505,6621.863222371736,0.0,0.0,2.447780741077379,9.548242792576492e-07,9.548242792576482e-07
0.3351,6621.823283085927,0.0,0.0,2.447807778261041,9.548131644630147e-07,9.548131644630137e-07
0.33515,6621.778892743092,0.0,0.0,2.4478333864923676,9.548059307025275e-07,9.548059307025264e-07
0.3352,6621.730168637392,0.0,0.0,2.4478575292160105,9.547935622368718e-07,9.547935622368707e-07
0.33525,6621.677104222535,0.0,0.0,2.4478801724203603,9.547851311253942e-07,9.547851311253932e-07
0.33530000000000004,6621.619872280455,0.0,0.0,2.447901283689573,9.547719260629718e-07,9.547719260629707e-07
0.33535000000000004,6621.558435505748,0.0,0.0,2.4479208333575935,9.547619773029167e-07,9.547619773029157e-07
0.33540000000000003,6621.49301875402,0.0,0.0,2.447938793386792,9.547483895630785e-07,9.547483895630775e-07
0.33545,6621.423561140523,0.0,0.0,2.4479551385723166,9.547366097608754e-07,9.547366097608743e-07
0.3355,6621.350326861164,0.0,0.0,2.4479698454596077,9.54723065362714e-07,9.54723065362713e-07
0.33555,6621.273247507145,0.0,0.0,2.4479828934084864,9.547092125897263e-07,9.547092125897252e-07
0.3356,6621.192605607699,0.0,0.0,2.447994263710089,9.546960445817113e-07,9.546960445817102e-07
0.33565,6621.108348296704,0.0,0.0,2.4480039403852496,9.546800081397435e-07,9.546800081397425e-07
0.3357,6621.020749795528,0.0,0.0,2.4480119095864783,9.546674020591433e-07,9.546674020591422e-07
0.33575,6620.929799544669,0.0,0.0,2.4480181600861797,9.54649247259507e-07,9.546492472595057e-07
0.33580000000000004,6620.835735064742,0.0,0.0,2.4480226829664242,9.546372067223402e-07,9.54637206722339e-07
0.33585000000000004,6620.738614273275,0.0,0.0,2.448025471833421,9.54617196272668e-07,9.54617196272667e-07
0.33590000000000003,6620.638612393331,0.0,0.0,2.448026522722968,9.546055354543927e-07,9.546055354543915e-07
0.33595,6620.535876785129,0.0,0.0,2.4480258341430696,9.545841222394684e-07,9.545841222394674e-07
0.336,6620.430502077474,0.0,0.0,2.4480234070700755,9.545724880423555e-07,9.545724880423545e-07
0.33605,6620.322736641833,0.0,0.0,2.4480192449593234,9.54550278272437e-07,9.545502782724358e-07
0.3361,6620.212587232883,0.0,0.0,2.448013353685757,9.545382004781876e-07,9.545382004781865e-07
0.33615,6620.100402345542,0.0,0.0,2.4480057416661305,9.545158907724966e-07,9.545158907724955e-07
0.3362,6619.986106875186,0.0,0.0,2.4479964196120845,9.54502854138734e-07,9.545028541387327e-07
0.33625,6619.870134733918,0.0,0.0,2.44798540087626,9.54481150385997e-07,9.544811503859958e-07
0.33630000000000004,6619.752348647499,0.0,0.0,2.4479727009326715,9.544666790902362e-07,9.544666790902351e-07
0.33635000000000004,6619.633240089944,0.0,0.0,2.4479583379989354,9.544462082031054e-07,9.544462082031043e-07
0.33640000000000003,6619.512641275744,0.0,0.0,2.4479423322294744,9.544299507796614e-07,9.544299507796603e-07
0.33645,6619.3910629663205,0.0,0.0,2.447924706588354,9.544111781362957e-07,9.544111781362946e-07
0.3365,6619.26834683007,0.0,0.0,2.4479054858219924,9.54392980442619e-07,9.54392980442618e-07
0.33655,6619.144978730061,0.0,0.0,2.4478846974766366,9.543761455706894e-07,9.543761455706883e-07
0.3366,6619.020852870631,0.0,0.0,2.4478623707931724,9.54356100461016e-07,9.54356100461015e-07
0.33665,6618.896385838419,0.0,0.0,2.4478385376959304,9.543411813355044e-07,9.54341181335503e-07
0.3367,6618.771564544352,0.0,0.0,2.447813231807515,9.543196465401083e-07,9.543196465401072e-07
0.33675,6618.646697876301,0.0,0.0,2.4477864891955896,9.5430635902681e-07,9.543063590268088e-07
0.33680000000000004,6618.521896685528,0.0,0.0,2.4477583477280116,9.542839388841837e-07,9.542839388841826e-07
0.33685000000000004,6618.397335396685,0.0,0.0,2.4477288473615015,9.542717729511932e-07,9.54271772951192e-07
0.33690000000000003,6618.273265960162,0.0,0.0,2.4476980300396374,9.542492646148473e-07,9.542492646148463e-07
0.33695,6618.149717626479,0.0,0.0,2.4476659393457907,9.542375536586923e-07,9.542375536586912e-07
0.337,6618.027083073837,0.0,0.0,2.447632621088188,9.542158635242799e-07,9.542158635242786e-07
0.33705,6617.905254113329,0.0,0.0,2.4475981222162098,9.54203878325509e-07,9.542038783255078e-07
0.3371,6617.7847450561685,0.0,0.0,2.447562492144235,9.5418391894808e-07,9.54183918948079e-07
0.33715,6617.665336398496,0.0,0.0,2.447525780935585,9.54170974051991e-07,9.541709740519899e-07
0.3372,6617.547627621168,0.0,0.0,2.4474880413029476,9.541535550703032e-07,9.54153555070302e-07
0.33725,6617.431329809396,0.0,0.0,2.447449326182672,9.541391133224807e-07,9.541391133224796e-07
0.3373,6617.317077604834,0.0,0.0,2.4474096912314223,9.541248412956271e-07,9.541248412956258e-07
0.33735000000000004,6617.204565457651,0.0,0.0,2.4473691920266973,9.541086021344957e-07,9.541086021344944e-07
0.33740000000000003,6617.094405483966,0.0,0.0,2.447327886776038,9.540978034721142e-07,9.540978034721132e-07
0.33745,6616.986332526416,0.0,0.0,2.447285833468678,9.540797624065756e-07,9.540797624065743e-07
0.3375,6616.880877988535,0.0,0.0,2.447243092443138,9.540724407444573e-07,9.540724407444563e-07
0.33755,6616.777870910556,0.0,0.0,2.4471997238634056,9.540529110325217e-07,9.540529110325206e-07
0.3376,6616.677710838631,0.0,0.0,2.4471557897671214,9.540487458572098e-07,9.540487458572086e-07
0.33765,6616.58036425902,0.0,0.0,2.447111352236603,9.540283382728456e-07,9.540283382728445e-07
0.3377,6616.486061647046,0.0,0.0,2.4470664745806796,9.540267259842825e-07,9.540267259842815e-07
0.33775,6616.39493344829,0.0,0.0,2.4470212205123754,9.540062881362828e-07,9.540062881362817e-07
0.3378,6616.307023051615,0.0,0.0,2.446975654202545,9.54006420859625e-07,9.54006420859624e-07
0.33785000000000004,6616.222630494858,0.0,0.0,2.446929840666552,9.539869430537706e-07,9.539869430537695e-07
0.33790000000000003,6616.141616148836,0.0,0.0,2.4468838445586463,9.53987915258803e-07,9.539879152588018e-07
0.33795000000000003,6616.064432905025,0.0,0.0,2.4468377318219257,9.539704146307108e-07,9.539704146307098e-07
0.338,6615.990784311951,0.0,0.0,2.4467915672529847,9.539713437006563e-07,9.539713437006553e-07
0.33805,6615.9212384437415,0.0,0.0,2.446745417301733,9.539567416103412e-07,9.539567416103402e-07
0.3381,6615.85538747829,0.0,0.0,2.44669934660492,9.539568864943936e-07,9.539568864943926e-07
0.33815,6615.793860308488,0.0,0.0,2.4466534216579507,9.539458954260125e-07,9.539458954260114e-07
0.3382,6615.736196981799,0.0,0.0,2.4466077066697354,9.539447576409277e-07,9.539447576409267e-07
0.33825,6615.683022692268,0.0,0.0,2.446562267691165,9.539377928800947e-07,9.539377928800937e-07
0.3383,6615.633891000438,0.0,0.0,2.446517168259526,9.53935186363926e-07,9.53935186363925e-07
0.33835000000000004,6615.589356732486,0.0,0.0,2.446472473478861,9.539323145659732e-07,9.539323145659722e-07
0.33840000000000003,6615.549050662742,0.0,0.0,2.446428245981418,9.539283949291305e-07,9.539283949291293e-07
0.33845000000000003,6615.513396857182,0.0,0.0,2.4463845494289744,9.539293267927438e-07,9.539293267927425e-07
0.3385,6615.482156843657,0.0,0.0,2.44634144531006,9.539245757980147e-07,9.539245757980136e-07
0.33855,6615.455577552024,0.0,0.0,2.4462989953754812,9.539287040888178e-07,9.539287040888165e-07
0.3386,6615.433587652173,0.0,0.0,2.4462572597110994,9.539238710786144e-07,9.539238710786133e-07
0.33865,6615.416230593405,0.0,0.0,2.446216297732639,9.539303490765347e-07,9.539303490765334e-07
0.3387,6615.403616594916,0.0,0.0,2.446176167832072,9.539263567542434e-07,9.539263567542424e-07
0.33875,6615.395582797323,0.0,0.0,2.446136926724204,9.539342067360124e-07,9.539342067360114e-07
0.3388,6615.392411385009,0.0,0.0,2.4460986307767136,9.539320334858394e-07,9.539320334858383e-07
0.33885000000000004,6615.393754347399,0.0,0.0,2.446061333703608,9.539402708461508e-07,9.539402708461498e-07
0.33890000000000003,6615.400033350403,0.0,0.0,2.4460250894782427,9.539408249722968e-07,9.539408249722957e-07
0.33895000000000003,6615.41075776041,0.0,0.0,2.445989948580585,9.539485816141017e-07,9.539485816141006e-07
0.339,6615.426437399757,0.0,0.0,2.4459559621865883,9.539525840313316e-07,9.539525840313305e-07
0.33905,6615.446497541675,0.0,0.0,2.4459231773691736,9.539592149086448e-07,9.539592149086437e-07
0.3391,6615.471472500033,0.0,0.0,2.4458916420839114,9.539671057383746e-07,9.539671057383733e-07
0.33915,6615.500770570712,0.0,0.0,2.4458613998713177,9.539722648541544e-07,9.539722648541534e-07
0.3392,6615.534882636487,0.0,0.0,2.445832495042066,9.539841461494596e-07,9.539841461494583e-07
0.33925,6615.573267232808,0.0,0.0,2.445804967509523,9.53987822503494e-07,9.539878225034927e-07
0.3393,6615.616308235813,0.0,0.0,2.4457788575348696,9.540034444104939e-07,9.540034444104926e-07
0.33935000000000004,6615.663573297035,0.0,0.0,2.445754201321132,9.54005953761221e-07,9.540059537612198e-07
0.33940000000000003,6615.715288049635,0.0,0.0,2.445731034717232,9.540247454794227e-07,9.540247454794215e-07
0.33945000000000003,6615.771172511024,0.0,0.0,2.4457093901258182,9.54026679630424e-07,9.54026679630423e-07
0.3395,6615.831261513493,0.0,0.0,2.4456892986822636,9.540478204482474e-07,9.540478204482464e-07
0.33955,6615.89544986841,0.0,0.0,2.4456707888768743,9.54049961302072e-07,9.54049961302071e-07
0.3396,6615.9635716021985,0.0,0.0,2.4456538869065247,9.540724816308033e-07,9.540724816308023e-07
0.33965,6616.035695485962,0.0,0.0,2.4456386172057663,9.54075691798563e-07,9.54075691798562e-07
0.3397,6616.111468215791,0.0,0.0,2.4456250008925355,9.540985902658894e-07,9.540985902658884e-07
0.33975,6616.191109017809,0.0,0.0,2.4456130581682864,9.541036949601309e-07,9.541036949601298e-07
0.3398,6616.274112122553,0.0,0.0,2.4456028050165273,9.54126055797544e-07,9.541260557975428e-07
0.33985000000000004,6616.360804535678,0.0,0.0,2.445594257199457,9.541337317009606e-07,9.541337317009595e-07
0.33990000000000004,6616.450579483307,0.0,0.0,2.445587425588267,9.54154827033935e-07,9.541548270339339e-07
0.33995000000000003,6616.543815802927,0.0,0.0,2.4455823212831413,9.541655126810466e-07,9.541655126810454e-07
0.34,6616.639866964842,0.0,0.0,2.445578950128529,9.541848768110987e-07,9.541848768110975e-07
0.34005,6616.739101888059,0.0,0.0,2.445577318341077,9.541987158784045e-07,9.541987158784035e-07
0.3401,6616.8408974309705,0.0,0.0,2.445577426868493,9.542161827776207e-07,9.542161827776196e-07
0.34015,6616.945553071592,0.0,0.0,2.4455792768448212,9.542330070040917e-07,9.542330070040906e-07
0.3402,6617.052526182691,0.0,0.0,2.4455828644740443,9.542487074156493e-07,9.542487074156483e-07
0.34025,6617.161997020959,0.0,0.0,2.445588185652841,9.54268060302158e-07,9.542680603021569e-07
0.3403,6617.2735476923945,0.0,0.0,2.4455952319965633,9.542823803212946e-07,9.542823803212933e-07
0.34035000000000004,6617.387205221549,0.0,0.0,2.445603994073712,9.5430357713002e-07,9.543035771300188e-07
0.34040000000000004,6617.502702765756,0.0,0.0,2.4456144590504665,9.543170851840153e-07,9.54317085184014e-07
0.34045000000000003,6617.619899662097,0.0,0.0,2.4456266121551278,9.543392998789183e-07,9.54339299878917e-07
0.3405,6617.738686046337,0.0,0.0,2.4456404362163613,9.543526530126841e-07,9.543526530126828e-07
0.34055,6617.858759783021,0.0,0.0,2.4456559111971394,9.543750193726319e-07,9.543750193726308e-07
0.3406,6617.98015377512,0.0,0.0,2.445673015667373,9.543888621560658e-07,9.543888621560645e-07
0.34065,6618.102429690419,0.0,0.0,2.445691724486758,9.544105748220776e-07,9.544105748220763e-07
0.3407,6618.2257317168605,0.0,0.0,2.445712012014865,9.544254447692432e-07,9.54425444769242e-07
0.34075,6618.349525637862,0.0,0.0,2.4457338482497786,9.544458465945538e-07,9.544458465945525e-07
0.3408,6618.474023170292,0.0,0.0,2.4457572033685238,9.544620986488527e-07,9.544620986488517e-07
0.34085000000000004,6618.598643761126,0.0,0.0,2.4457820428144075,9.544807432537173e-07,9.54480743253716e-07
0.34090000000000004,6618.723616995882,0.0,0.0,2.445808332604544,9.544985028539875e-07,9.544985028539862e-07
0.34095000000000003,6618.848368037825,0.0,0.0,2.445836033980017,9.545151852601768e-07,9.545151852601755e-07
0.341,6618.973095605211,0.0,0.0,2.445865108834485,9.54534335196087e-07,9.545343351960857e-07
0.34105,6619.097278426109,0.0,0.0,2.4458955145831336,9.545490882082243e-07,9.54549088208223e-07
0.3411,6619.221042878015,0.0,0.0,2.4459272090662636,9.54569289506864e-07,9.545692895068626e-07
0.34115,6619.343959117651,0.0,0.0,2.4459601462515757,9.545823483814662e-07,9.54582348381465e-07
0.3412,6619.46605198408,0.0,0.0,2.445994280047675,9.546030905959386e-07,9.546030905959376e-07
0.34125,6619.587006830583,0.0,0.0,2.4460295613365397,9.546148328175295e-07,9.546148328175282e-07
0.3413,6619.706733100607,0.0,0.0,2.4460659402818337,9.546355050196385e-07,9.546355050196373e-07
0.34135000000000004,6619.825039054833,0.0,0.0,2.4461033650113655,9.546463751352592e-07,9.546463751352582e-07
0.34140000000000004,6619.941721022329,0.0,0.0,2.4461417822029854,9.546663462785043e-07,9.54666346278503e-07
0.34145000000000003,6620.056702164371,0.0,0.0,2.4461811375247486,9.546767773403727e-07,9.546767773403714e-07
0.3415,6620.1696826595635,0.0,0.0,2.4462213745002344,9.54695473822133e-07,9.546954738221318e-07
0.34155,6620.280679311924,0.0,0.0,2.4462624365952745,9.547058169152018e-07,9.547058169152007e-07
0.3416,6620.389324417725,0.0,0.0,2.446304264575905,9.547227862109102e-07,9.547227862109089e-07
0.34165,6620.495698032899,0.0,0.0,2.446346799933356,9.547332578394014e-07,9.547332578394e-07
0.3417,6620.599399437624,0.0,0.0,2.4463899811244847,9.547482097816761e-07,9.547482097816748e-07
0.34175,6620.700537500197,0.0,0.0,2.4464337478759735,9.54758863842981e-07,9.547588638429798e-07
0.3418,6620.798714666418,0.0,0.0,2.4464780368173913,9.547716849690605e-07,9.547716849690592e-07
0.34185000000000004,6620.894035385996,0.0,0.0,2.4465227861190146,9.5478241209521e-07,9.547824120952087e-07
0.34190000000000004,6620.986137713061,0.0,0.0,2.446567931078185,9.54793152846265e-07,9.547931528462637e-07
0.34195000000000003,6621.075094306333,0.0,0.0,2.4466134085315288,9.54803705623768e-07,9.548037056237666e-07
0.342,6621.160603430583,0.0,0.0,2.4466591529323165,9.548125443355118e-07,9.548125443355105e-07
0.34205,6621.242687835589,0.0,0.0,2.4467051000357967,9.548225829697927e-07,9.548225829697914e-07
0.3421,6621.321120159768,0.0,0.0,2.4467511839150493,9.548297739339689e-07,9.548297739339676e-07
0.34215,6621.395866091065,0.0,0.0,2.446797339536817,9.548389239029011e-07,9.548389239028999e-07
0.3422,6621.466775563243,0.0,0.0,2.4468435010208687,9.54844738841748e-07,9.548447388417466e-07
0.34225,6621.533760891587,0.0,0.0,2.4468896028845855,9.548526504741721e-07,9.548526504741709e-07
0.3423,6621.596741983797,0.0,0.0,2.4469355796774557,9.548573233161193e-07,9.54857323316118e-07
0.34235000000000004,6621.65559049418,0.0,0.0,2.4469813658523814,9.54863723282655e-07,9.54863723282654e-07
0.34240000000000004,6621.710281266206,0.0,0.0,2.4470268967271807,9.548674071526554e-07,9.548674071526542e-07
0.34245000000000003,6621.760663908378,0.0,0.0,2.4470721071142445,9.548721335561116e-07,9.548721335561104e-07
0.3425,6621.806748996384,0.0,0.0,2.4471169333990885,9.548748765904513e-07,9.5487487659045e-07
0.34255,6621.848384777331,0.0,0.0,2.447161311204816,9.548778923864023e-07,9.54877892386401e-07
0.3426,6621.8855981264405,0.0,0.0,2.4472051782544275,9.54879635727177e-07,9.548796357271758e-07
0.34265,6621.918254805775,0.0,0.0,2.447248471444837,9.548810190575618e-07,9.548810190575606e-07
0.3427,6621.946381971232,0.0,0.0,2.4472911300890137,9.54881616659763e-07,9.548816166597618e-07
0.34275,6621.969876702836,0.0,0.0,2.447333092815775,9.548815306792335e-07,9.548815306792322e-07
0.3428,6621.988756578201,0.0,0.0,2.447374300776014,9.548807869305003e-07,9.54880786930499e-07
0.34285000000000004,6622.002956600555,0.0,0.0,2.447414694767333,9.548794351679997e-07,9.548794351679986e-07
0.34290000000000004,6622.012482484187,0.0,0.0,2.447454218033142,9.548771533266762e-07,9.54877153326675e-07
0.34295000000000003,6622.017305904267,0.0,0.0,2.4474928139419654,9.548747289947874e-07,9.548747289947862e-07
0.343,6622.017425881836,0.0,0.0,2.447530428098755,9.548707615735068e-07,9.548707615735056e-07
0.34305,6622.012842532105,0.0,0.0,2.447567006800984,9.54867400157671e-07,9.548674001576697e-07
0.3431,6622.003559220503,0.0,0.0,2.447602498301879,9.548616919452439e-07,9.548616919452426e-07
0.34315,6621.989591507366,0.0,0.0,2.447636852137419,9.548574357710958e-07,9.548574357710946e-07
0.3432,6621.970961264638,0.0,0.0,2.4476700195118357,9.548500513099867e-07,9.548500513099856e-07
0.34325,6621.9476848786435,0.0,0.0,2.447701953461432,9.548448327424434e-07,9.548448327424423e-07
0.3433,6621.919816625787,0.0,0.0,2.447732608453824,9.548359626226446e-07,9.548359626226433e-07
0.34335000000000004,6621.887360957508,0.0,0.0,2.447761941244853,9.548296094465116e-07,9.548296094465103e-07
0.34340000000000004,6621.850414775271,0.0,0.0,2.4477899098775717,9.548195533525686e-07,9.548195533525673e-07
0.34345000000000003,6621.808962880221,0.0,0.0,2.447816475012219,9.548118162056006e-07,9.548118162055993e-07
0.3435,6621.763148534113,0.0,0.0,2.4478415985669666,9.548009446773381e-07,9.548009446773369e-07
0.34355,6621.712936516229,0.0,0.0,2.4478652452666223,9.547915427113594e-07,9.547915427113581e-07
0.3436,6621.658512028634,0.0,0.0,2.447887381179457,9.547802433664906e-07,9.547802433664893e-07
0.34365,6621.599827759869,0.0,0.0,2.4479079752396293,9.547689211428436e-07,9.547689211428423e-07
0.3437,6621.537098093895,0.0,0.0,2.4479269979049425,9.547575380102524e-07,9.54757538010251e-07
0.34375,6621.4702792521,0.0,0.0,2.4479444224555666,9.547441244758444e-07,9.547441244758431e-07
0.3438,6621.399595106962,0.0,0.0,2.447960223934851,9.547329005871663e-07,9.547329005871652e-07
0.34385,6621.325026582605,0.0,0.0,2.4479743801015323,9.54717360178888e-07,9.54717360178887e-07
0.34390000000000004,6621.24678323604,0.0,0.0,2.447986870733154,9.54706393407292e-07,9.547063934072909e-07
0.34395000000000003,6621.1648940231335,0.0,0.0,2.447997678195598,9.5468886006985e-07,9.546888600698489e-07
0.34400000000000003,6621.079530100783,0.0,0.0,2.4480067871021665,9.54678080398097e-07,9.546780803980958e-07
0.34405,6620.990789835589,0.0,0.0,2.4480141845467887,9.546588675447848e-07,9.546588675447836e-07
0.3441,6620.898785853897,0.0,0.0,2.4480198600371423,9.546480407845104e-07,9.546480407845093e-07
0.34415,6620.803701189998,0.0,0.0,2.448023805501584,9.546276237027562e-07,9.54627623702755e-07
0.3442,6620.705577708565,0.0,0.0,2.4480260153648445,9.546163826691862e-07,9.546163826691849e-07
0.34425,6620.604688715706,0.0,0.0,2.448026486472836,9.545953541043227e-07,9.545953541043217e-07
0.3443,6620.501003955215,0.0,0.0,2.448025218162535,9.545832539840298e-07,9.545832539840285e-07
0.34435,6620.394880697499,0.0,0.0,2.44802221224819,9.545622579745312e-07,9.5456225797453e-07
0.34440000000000004,6620.286227523917,0.0,0.0,2.4480174729550415,9.545488487536053e-07,9.545488487536042e-07
0.34445000000000003,6620.175466921446,0.0,0.0,2.448011007076283,9.545285015458624e-07,9.545285015458611e-07
0.34450000000000003,6620.062469161589,0.0,0.0,2.4480028236888547,9.545134074420408e-07,9.545134074420396e-07
0.34455,6619.947692168222,0.0,0.0,2.447992934530182,9.544942168413173e-07,9.544942168413162e-07
0.3446,6619.831000298849,0.0,0.0,2.447981353483456,9.544772111536335e-07,9.544772111536322e-07
0.34465,6619.712849355481,0.0,0.0,2.4479680971487654,9.544595064992412e-07,9.5445950649924e-07
0.3447,6619.593135680584,0.0,0.0,2.447953184161322,9.544405703877936e-07,9.544405703877923e-07
0.34475,6619.472272334575,0.0,0.0,2.4479366358579475,9.54424454297826e-07,9.544244542978247e-07
0.3448,6619.350225831066,0.0,0.0,2.447918475559312,9.5440380978097e-07,9.544038097809687e-07
0.34485,6619.2273283600125,0.0,0.0,2.4478987291748795,9.543891399935775e-07,9.543891399935762e-07
0.34490000000000004,6619.103649410696,0.0,0.0,2.4478774246253208,9.54367250721191e-07,9.543672507211898e-07
0.34495000000000003,6618.979410264919,0.0,0.0,2.4478545921994814,9.543536561939262e-07,9.543536561939252e-07
0.34500000000000003,6618.854805511393,0.0,0.0,2.4478302643052636,9.543311939178352e-07,9.543311939178342e-07
0.34505,6618.729928390891,0.0,0.0,2.447804475398868,9.543181244438982e-07,9.54318124443897e-07
0.3451,6618.605105920083,0.0,0.0,2.4477772622266185,9.542959040051458e-07,9.542959040051445e-07
0.34515,6618.480302339756,0.0,0.0,2.4477486631914154,9.54282707702459e-07,9.542827077024577e-07
0.3452,6618.355967367967,0.0,0.0,2.447718719185819,9.542615980754617e-07,9.542615980754604e-07
0.34525,6618.231952623897,0.0,0.0,2.447687472338371,9.542476169234366e-07,9.542476169234356e-07
0.3453,6618.108803773653,0.0,0.0,2.4476549674478827,9.542284397049618e-07,9.542284397049606e-07
0.34535,6617.986292304137,0.0,0.0,2.4476212501520194,9.542131104285373e-07,9.54213110428536e-07
0.34540000000000004,6617.86501848113,0.0,0.0,2.447586368867681,9.541965394927709e-07,9.541965394927696e-07
0.34545000000000003,6617.744718703208,0.0,0.0,2.4475503725304675,9.541794859516834e-07,9.541794859516823e-07
0.34550000000000003,6617.625996498509,0.0,0.0,2.4475133128432414,9.54165962390314e-07,9.541659623903129e-07
0.34555,6617.508605279949,0.0,0.0,2.447475241830102,9.541470663685762e-07,9.541470663685751e-07
0.3456,6617.3930967458,0.0,0.0,2.4474362141124213,9.541367411675745e-07,9.541367411675733e-07
0.34565,6617.279293739589,0.0,0.0,2.447396284587697,9.541161810218526e-07,9.541161810218514e-07
0.3457,6617.167644336481,0.0,0.0,2.4473555104052007,9.54108894366574e-07,9.54108894366573e-07
0.34575,6617.058086437496,0.0,0.0,2.447313949104974,9.540871450628727e-07,9.540871450628716e-07
0.3458,6616.950922929696,0.0,0.0,2.4472716599646764,9.540824462318706e-07,9.540824462318695e-07
0.34585,6616.846239120232,0.0,0.0,2.4472287029092032,9.540602393756462e-07,9.540602393756451e-07
0.34590000000000004,6616.744167207422,0.0,0.0,2.447185138950642,9.540574455734726e-07,9.540574455734716e-07
0.34595000000000004,6616.644954024473,0.0,0.0,2.447141030104086,9.540356934776706e-07,9.540356934776695e-07
0.34600000000000003,6616.548555547075,0.0,0.0,2.4470964387403376,9.540339805122526e-07,9.540339805122516e-07
0.34605,6616.455373342778,0.0,0.0,2.4470514286257874,9.540136733982053e-07,9.540136733982042e-07
0.3461,6616.365202967693,0.0,0.0,2.447006063141615,9.540121866045584e-07,9.540121866045573e-07
0.34615,6616.278573050389,0.0,0.0,2.446960407419503,9.539942760009865e-07,9.539942760009854e-07
0.3462,6616.195154438216,0.0,0.0,2.4469145255342872,9.5399224688273e-07,9.53992246882729e-07
0.34625,6616.115557081943,0.0,0.0,2.4468684835523864,9.539775305443647e-07,9.539775305443636e-07
0.3463,6616.039378629744,0.0,0.0,2.446822345955893,9.539743836559483e-07,9.539743836559472e-07
0.34635,6615.967251849377,0.0,0.0,2.4467761792790603,9.53963407497396e-07,9.53963407497395e-07
0.34640000000000004,6615.8987621899705,0.0,0.0,2.446730048148466,9.53958843213119e-07,9.53958843213118e-07
0.34645000000000004,6615.8345010951025,0.0,0.0,2.4466840190762085,9.539518337404067e-07,9.539518337404057e-07
0.34650000000000003,6615.7741046008405,0.0,0.0,2.44663815658311,9.539458756189932e-07,9.539458756189922e-07
0.34655,6615.718061091762,0.0,0.0,2.4465925266629864,9.539427123728152e-07,9.539427123728142e-07
0.3466,6615.666113661694,0.0,0.0,2.446547193479345,9.539357123966908e-07,9.539357123966897e-07
0.34665,6615.618596209424,0.0,0.0,2.4465022220241317,9.539359445594649e-07,9.539359445594638e-07
0.3467,6615.575401621313,0.0,0.0,2.4464576758361902,9.539285450364425e-07,9.539285450364415e-07
0.34675,6615.536674891133,0.0,0.0,2.446413618452681,9.539314503442164e-07,9.539314503442154e-07
0.3468,6615.502481956774,0.0,0.0,2.4463701124918904,9.539245069914733e-07,9.539245069914722e-07
0.34685,6615.472766089242,0.0,0.0,2.446327219629196,9.539291853346398e-07,9.539291853346388e-07
0.34690000000000004,6615.44776678449,0.0,0.0,2.4462850012290076,9.539236612662183e-07,9.539236612662172e-07
0.34695000000000004,6615.427236224059,0.0,0.0,2.4462435167542402,9.539291506616638e-07,9.539291506616627e-07
0.34700000000000003,6615.41156487024,0.0,0.0,2.4462028259413464,9.539259949895614e-07,9.539259949895604e-07
0.34705,6615.400346732764,0.0,0.0,2.4461629857505853,9.539313946333732e-07,9.539313946333721e-07
0.3471,6615.394080202272,0.0,0.0,2.44612405387882,9.53931421573623e-07,9.53931421573622e-07
0.34715,6615.3922522680905,0.0,0.0,2.446086084551317,9.539360058191062e-07,9.539360058191052e-07
0.3472,6615.395411090114,0.0,0.0,2.4460491329859506,9.539397902543102e-07,9.539397902543092e-07
0.34725,6615.402999601423,0.0,0.0,2.4460132504894916,9.539430986699242e-07,9.539430986699232e-07
0.3473,6615.41554975746,0.0,0.0,2.4459784893491863,9.539509019769642e-07,9.539509019769631e-07
0.34735,6615.432527263143,0.0,0.0,2.445944897804461,9.539527939209663e-07,9.539527939209652e-07
0.34740000000000004,6615.454382412825,0.0,0.0,2.4459125247676257,9.539645298046922e-07,9.539645298046911e-07
0.34745000000000004,6615.480665935898,0.0,0.0,2.445881415279278,9.539651967057282e-07,9.539651967057272e-07
0.34750000000000003,6615.5116897913795,0.0,0.0,2.445851614461111,9.539804413444716e-07,9.539804413444705e-07
0.34755,6615.547139592799,0.0,0.0,2.4458231640228374,9.539803754841962e-07,9.539803754841951e-07
0.3476,6615.587148182385,0.0,0.0,2.4457961049289034,9.539984202566013e-07,9.539984202566002e-07
0.34765,6615.631567349339,0.0,0.0,2.445770475409541,9.539983445551198e-07,9.539983445551187e-07
0.3477,6615.680330964917,0.0,0.0,2.4457463119713387,9.540182838796116e-07,9.540182838796105e-07
0.34775,6615.73346598342,0.0,0.0,2.445723649188331,9.54019052263097e-07,9.54019052263096e-07
0.3478,6615.790710686405,0.0,0.0,2.4457025188860007,9.54039894440801e-07,9.540398944408e-07
0.34785,6615.852253059798,0.0,0.0,2.4456829517719525,9.540423761679716e-07,9.540423761679705e-07
0.34790000000000004,6615.917661720629,0.0,0.0,2.445664974848951,9.540631622510926e-07,9.540631622510916e-07
0.34795000000000004,6615.987250594698,0.0,0.0,2.4456486147162306,9.540681255735813e-07,9.540681255735802e-07
0.34800000000000003,6616.0604635355685,0.0,0.0,2.445633893490522,9.540880405284578e-07,9.540880405284568e-07
0.34805,6616.1376891929,0.0,0.0,2.4456208333980696,9.540960510033357e-07,9.540960510033346e-07
0.3481,6616.218304594713,0.0,0.0,2.445609451674055,9.5411451284887e-07,9.54114512848869e-07
0.34815,6616.302712599633,0.0,0.0,2.4455997658997264,9.541258594715697e-07,9.541258594715686e-07
0.3482,6616.390286893797,0.0,0.0,2.445591788484779,9.541425753839042e-07,9.541425753839031e-07
0.34825,6616.481382622075,0.0,0.0,2.4455855321057602,9.541572337732277e-07,9.541572337732266e-07
0.3483,6616.575431119961,0.0,0.0,2.445581004434758,9.541722168215456e-07,9.541722168215446e-07
0.34835,6616.672684388103,0.0,0.0,2.445578213017856,9.541898534972814e-07,9.541898534972804e-07
0.34840000000000004,6616.772682395211,0.0,0.0,2.4455771608885724,9.542033990637384e-07,9.542033990637374e-07
0.34845000000000004,6616.875531929652,0.0,0.0,2.4455778502915018,9.542234151638833e-07,9.542234151638823e-07
0.34850000000000003,6616.980916548037,0.0,0.0,2.4455802797130373,9.542360414454858e-07,9.542360414454848e-07
0.34855,6617.088774086238,0.0,0.0,2.445584445997265,9.542576488738723e-07,9.542576488738712e-07
0.3486,6617.19894684156,0.0,0.0,2.445590343152944,9.542700104925655e-07,9.542700104925644e-07
0.34865,6617.31120073766,0.0,0.0,2.4455979626081294,9.542923292335138e-07,9.542923292335127e-07
0.3487,6617.425531073465,0.0,0.0,2.445607293933441,9.543051162962884e-07,9.543051162962873e-07
0.34875,6617.54154937451,0.0,0.0,2.4456183232130817,9.543272791054582e-07,9.543272791054572e-07
0.3488,6617.659378963557,0.0,0.0,2.445631035588345,9.543411156518614e-07,9.543411156518603e-07
0.34885,6617.77851201275,0.0,0.0,2.445645411955828,9.543623658291e-07,9.54362365829099e-07
0.34890000000000004,6617.899159743292,0.0,0.0,2.445661433012343,9.543777212972265e-07,9.543777212972254e-07
0.34895000000000004,6618.020742449977,0.0,0.0,2.4456790746962103,9.543974907846976e-07,9.543974907846965e-07
0.34900000000000003,6618.143509875028,0.0,0.0,2.445698313233774,9.544146159559613e-07,9.544146159559602e-07
0.34905,6618.266863843487,0.0,0.0,2.4457191198905686,9.54432574263269e-07,9.54432574263268e-07
0.3491,6618.39104083986,0.0,0.0,2.445741466403399,9.544514694387668e-07,9.544514694387658e-07
0.34915,6618.515476576949,0.0,0.0,2.4457653196860094,9.544675383291048e-07,9.544675383291038e-07
0.3492,6618.640346949557,0.0,0.0,2.445790646993381,9.544879567542497e-07,9.544879567542486e-07
0.34925,6618.765166360233,0.0,0.0,2.445817411222234,9.545022905598868e-07,9.545022905598858e-07
0.3493,6618.890013155284,0.0,0.0,2.445845575199509,9.545237750543214e-07,9.545237750543203e-07
0.34935,6619.0145124944565,0.0,0.0,2.445875098133355,9.54536711202884e-07,9.54536711202883e-07
0.34940000000000004,6619.138622836159,0.0,0.0,2.445905938538577,9.545586573130767e-07,9.545586573130757e-07
0.34945000000000004,6619.262096220282,0.0,0.0,2.4459380522409293,9.545706455257303e-07,9.545706455257293e-07
0.34950000000000003,6619.384765563352,0.0,0.0,2.4459713936317335,9.545923809885885e-07,9.545923809885874e-07
0.34955,6619.506509061383,0.0,0.0,2.446005915428293,9.546039021551473e-07,9.546039021551463e-07
0.3496,6619.627044834965,0.0,0.0,2.4460415681635923,9.546247705683866e-07,9.546247705683856e-07
0.34965,6619.746361076579,0.0,0.0,2.446078301685237,9.546362572343866e-07,9.546362572343855e-07
0.3497,6619.86408577713,0.0,0.0,2.446116063005879,9.54655693805454e-07,9.54655693805453e-07
0.34975,6619.980288937648,0.0,0.0,2.4461547993110875,9.54667463442995e-07,9.54667463442994e-07
0.3498,6620.0945427972565,0.0,0.0,2.4461944544934706,9.54685052488064e-07,9.546850524880629e-07
0.34985,6620.206963764793,0.0,0.0,2.4462349732633606,9.546972624060813e-07,9.546972624060803e-07
0.34990000000000004,6620.317107163225,0.0,0.0,2.446276296839771,9.547127695272575e-07,9.547127695272564e-07
0.34995000000000004,6620.42509866372,0.0,0.0,2.4463183676383777,9.547253987641819e-07,9.547253987641808e-07
0.35000000000000003,6620.530514469815,0.0,0.0,2.4463611246775767,9.547387747857457e-07,9.547387747857446e-07
0.35005000000000003,6620.63345592709,0.0,0.0,2.446404508269514,9.547516341189324e-07,9.547516341189313e-07
0.3501,6620.73355193742,0.0,0.0,2.4464484557108204,9.547629922316082e-07,9.547629922316071e-07
0.35015,6620.830853877803,0.0,0.0,2.446492905428146,9.547757591689035e-07,9.547757591689024e-07
0.3502,6620.92506547946,0.0,0.0,2.4465377934619434,9.547853306433e-07,9.54785330643299e-07
0.35025,6621.016173343885,0.0,0.0,2.4465830566118525,9.547976025681136e-07,9.547976025681126e-07
0.3503,6621.103966465447,0.0,0.0,2.4466286300990623,9.548056793089516e-07,9.548056793089505e-07
0.35035,6621.188363764386,0.0,0.0,2.4466744494039467,9.5481703540862e-07,9.548170354086189e-07
0.3504,6621.26923810662,0.0,0.0,2.4467204493266665,9.54823909149909e-07,9.548239091499079e-07
0.35045000000000004,6621.346448926393,0.0,0.0,2.446766564388104,9.548339707634614e-07,9.548339707634604e-07
0.35050000000000003,6621.4199413947,0.0,0.0,2.446812729323196,9.548398787090294e-07,9.548398787090284e-07
0.35055000000000003,6621.489532332867,0.0,0.0,2.4468588781015304,9.548483584259676e-07,9.548483584259665e-07
0.3506,6621.555220533561,0.0,0.0,2.4469049457086514,9.548534436766431e-07,9.54853443676642e-07
0.35065,6621.616802192125,0.0,0.0,2.4469508660099515,9.548601757686013e-07,9.548601757686003e-07
0.3507,6621.674307818519,0.0,0.0,2.446996574525226,9.548644682081306e-07,9.548644682081296e-07
0.35075,6621.727536010784,0.0,0.0,2.4470420054875546,9.548694163679075e-07,9.548694163679064e-07
0.3508,6621.776527932606,0.0,0.0,2.4470870952139596,9.548728362152428e-07,9.548728362152418e-07
0.35085,6621.821104760574,0.0,0.0,2.4471317787850126,9.5487607852476e-07,9.54876078524759e-07
0.3509,6621.861301647037,0.0,0.0,2.4471759935704824,9.54878461013636e-07,9.54878461013635e-07
0.35095000000000004,6621.89697657904,0.0,0.0,2.4472196759687606,9.5488015588776e-07,9.54880155887759e-07
0.35100000000000003,6621.928148926528,0.0,0.0,2.4472627646631318,9.548812920699055e-07,9.548812920699044e-07
0.35105000000000003,6621.954719957993,0.0,0.0,2.4473051978148597,9.548816320029428e-07,9.548816320029418e-07
0.3511,6621.9766914516385,0.0,0.0,2.447346915696971,9.548813180198745e-07,9.548813180198735e-07
0.35115,6621.994006370191,0.0,0.0,2.447387858641033,9.548804798220662e-07,9.548804798220651e-07
0.3512,6622.006654576348,0.0,0.0,2.4474279688076273,9.548785655875141e-07,9.54878565587513e-07
0.35125,6622.014612288392,0.0,0.0,2.4474671890608155,9.548766661866482e-07,9.548766661866471e-07
0.3513,6622.017868739697,0.0,0.0,2.4475054637692932,9.548730945187877e-07,9.548730945187867e-07
0.35135,6622.016420558451,0.0,0.0,2.447542738644209,9.54870160309218e-07,9.54870160309217e-07
0.3514,6622.0102703468,0.0,0.0,2.447578960601755,9.548649891681605e-07,9.548649891681594e-07
0.35145000000000004,6621.999421100951,0.0,0.0,2.447614078469802,9.548609445301649e-07,9.548609445301638e-07
0.35150000000000003,6621.983902126567,0.0,0.0,2.447648042061875,9.54854347911289e-07,9.548543479112879e-07
0.35155000000000003,6621.963710931194,0.0,0.0,2.447680803553958,9.548490252864267e-07,9.548490252864257e-07
0.3516,6621.938912964123,0.0,0.0,2.4477123160056315,9.548412720256991e-07,9.54841272025698e-07
0.35165,6621.909493503949,0.0,0.0,2.4477425351434063,9.548344423162964e-07,9.548344423162954e-07
0.3517,6621.875557196261,0.0,0.0,2.447771417607497,9.5482585595252e-07,9.548258559525189e-07
0.35175,6621.837077404525,0.0,0.0,2.4477989228584107,9.548172745563047e-07,9.548172745563036e-07
0.3518,6621.7941933509865,0.0,0.0,2.447825011424753,9.548081808016533e-07,9.548081808016523e-07
0.35185,6621.746874420473,0.0,0.0,2.447849646674555,9.547976418107572e-07,9.547976418107562e-07
0.3519,6621.695282308209,0.0,0.0,2.447872793295161,9.547883125148161e-07,9.54788312514815e-07
0.35195000000000004,6621.639397035796,0.0,0.0,2.447894418732142,9.547757019396624e-07,9.547757019396613e-07
0.35200000000000004,6621.5793848603835,0.0,0.0,2.4479144920573424,9.547663052950834e-07,9.547663052950824e-07
0.35205000000000003,6621.51525539251,0.0,0.0,2.4479329849631943,9.54751643906089e-07,9.547516439060878e-07
0.3521,6621.447158657451,0.0,0.0,2.447949871084206,9.547422098937274e-07,9.547422098937263e-07
0.35215,6621.375153762031,0.0,0.0,2.447965126527083,9.547256775160747e-07,9.547256775160737e-07
0.3522,6621.299354532495,0.0,0.0,2.447978729620794,9.547160853472168e-07,9.547160853472157e-07
0.35225,6621.2198865614255,0.0,0.0,2.447990661046872,9.546980210716745e-07,9.546980210716735e-07
0.3523,6621.136812218328,0.0,0.0,2.4480009039190453,9.546880120243906e-07,9.546880120243895e-07
0.35235,6621.050333940851,0.0,0.0,2.44800944363957,9.546688884632291e-07,9.54668888463228e-07
0.3524,6620.9604554820025,0.0,0.0,2.448016268163117,9.546581035461053e-07,9.546581035461043e-07
0.35245000000000004,6620.867456956426,0.0,0.0,2.448021367734606,9.54638477427646e-07,9.54638477427645e-07
0.35250000000000004,6620.771286720464,0.0,0.0,2.4480247351801023,9.5462651534444e-07,9.54626515344439e-07
0.35255000000000003,6620.672292334647,0.0,0.0,2.448026365675984,9.54606960735516e-07,9.54606960735515e-07
0.3526,6620.570381073213,0.0,0.0,2.448026256932215,9.545934482480556e-07,9.545934482480545e-07
0.35265,6620.465946826813,0.0,0.0,2.4480244091047463,9.54574481861352e-07,9.54574481861351e-07
0.3527,6620.358880118838,0.0,0.0,2.4480208247877537,9.54559146353112e-07,9.545591463531108e-07
0.35275,6620.2495911504775,0.0,0.0,2.4480155091195783,9.545411561673186e-07,9.545411561673175e-07
0.3528,6620.137985224375,0.0,0.0,2.4480084695694027,9.545238893527558e-07,9.545238893527548e-07
0.35285,6620.024453518684,0.0,0.0,2.447999716214583,9.545070778192266e-07,9.545070778192256e-07
0.3529,6619.908950616742,0.0,0.0,2.447989261379683,9.544879802824657e-07,9.544879802824647e-07
0.35295000000000004,6619.791812764988,0.0,0.0,2.4479771199944906,9.544723316529117e-07,9.544723316529106e-07
0.35300000000000004,6619.673076237153,0.0,0.0,2.4479633092046003,9.544517302056022e-07,9.54451730205601e-07
0.35305000000000003,6619.552991087308,0.0,0.0,2.4479478486688144,9.544370082337291e-07,9.54437008233728e-07
0.3531,6619.431700428864,0.0,0.0,2.4479307602977505,9.544154416849453e-07,9.544154416849442e-07
0.35315,6619.309346446936,0.0,0.0,2.447912068327701,9.544012196292119e-07,9.544012196292108e-07
0.3532,6619.186192496145,0.0,0.0,2.447891799348348,9.54379393013079e-07,9.54379393013078e-07
0.35325,6619.062264677642,0.0,0.0,2.447869982003469,9.54365113137662e-07,9.54365113137661e-07
0.3533,6618.9379451572295,0.0,0.0,2.4478466474378027,9.543438251260217e-07,9.543438251260207e-07
0.35335,6618.813151373255,0.0,0.0,2.4478218285230464,9.5432888047943e-07,9.54328880479429e-07
0.3534,6618.68836690556,0.0,0.0,2.4477955607906274,9.543089329215063e-07,9.543089329215053e-07
0.35345000000000004,6618.563423633533,0.0,0.0,2.4477678811577266,9.542927606939058e-07,9.542927606939048e-07
0.35350000000000004,6618.438874283688,0.0,0.0,2.4477388293265663,9.542748623112956e-07,9.542748623112946e-07
0.35355000000000003,6618.314501755274,0.0,0.0,2.447708446077804,9.542570360415422e-07,9.542570360415412e-07
0.3536,6618.1908840748765,0.0,0.0,2.4476767750219275,9.542417137189092e-07,9.542417137189081e-07
0.35365,6618.067800953071,0.0,0.0,2.4476438606207838,9.542220213301364e-07,9.542220213301354e-07
0.3537,6617.94580542007,0.0,0.0,2.4476097500891676,9.542095519074994e-07,9.542095519074983e-07
0.35375,6617.824723190828,0.0,0.0,2.447574491382883,9.54188048058415e-07,9.541880480584139e-07
0.3538,6617.705031877332,0.0,0.0,2.447538134984787,9.541784210476408e-07,9.541784210476398e-07
0.35385,6617.586649190221,0.0,0.0,2.4475007321445594,9.541554454413873e-07,9.541554454413863e-07
0.3539,6617.46993345596,0.0,0.0,2.4474623362565966,9.541483629975185e-07,9.541483629975174e-07
0.35395000000000004,6617.354930669245,0.0,0.0,2.4474230016417007,9.541245206948037e-07,9.541245206948026e-07
0.35400000000000004,6617.241848670515,0.0,0.0,2.447382784242336,9.541194360585133e-07,9.541194360585123e-07
0.35405000000000003,6617.130882845564,0.0,0.0,2.4473417411949656,9.540955409604176e-07,9.540955409604166e-07
0.3541,6617.022076679205,0.0,0.0,2.4472999306325236,9.540917311976999e-07,9.540917311976988e-07
0.35415,6616.915777222515,0.0,0.0,2.447257412210551,9.540687190021979e-07,9.54068719002197e-07
0.3542,6616.8118695809835,0.0,0.0,2.4472142459112147,9.540653830023935e-07,9.540653830023924e-07
0.35425,6616.7108346642535,0.0,0.0,2.4471704935663516,9.540442043897266e-07,9.540442043897255e-07
0.3543,6616.612424956929,0.0,0.0,2.4471262166890986,9.540405734211115e-07,9.540405734211105e-07
0.35435,6616.517218754693,0.0,0.0,2.4470814788981268,9.540220813212197e-07,9.540220813212189e-07
0.3544,6616.424878743189,0.0,0.0,2.4470363429439965,9.540175275131595e-07,9.540175275131587e-07
0.35445000000000004,6616.336029436188,0.0,0.0,2.4469908738008606,9.540023735418081e-07,9.540023735418073e-07
0.35450000000000004,6616.250298517876,0.0,0.0,2.446945135184417,9.539965017042404e-07,9.539965017042395e-07
0.35455000000000003,6616.1682969241965,0.0,0.0,2.4468991929609842,9.539850559888167e-07,9.539850559888159e-07
0.3546,6616.089677276244,0.0,0.0,2.44685311155224,9.539777661919029e-07,9.53977766191902e-07
0.35465,6616.014975905838,0.0,0.0,2.4468069572355757,9.539700718834088e-07,9.53970071883408e-07
0.3547,6615.943927748868,0.0,0.0,2.4467607948809915,9.539615839381737e-07,9.539615839381726e-07
0.35475,6615.876940043119,0.0,0.0,2.4467146906949795,9.539573531252818e-07,9.53957353125281e-07
0.3548,6615.813877302138,0.0,0.0,2.446668709726408,9.539481890428663e-07,9.539481890428653e-07
0.35485,6615.754976815649,0.0,0.0,2.4466229176455805,9.539468411791043e-07,9.539468411791035e-07
0.3549,6615.700263436419,0.0,0.0,2.446577379386144,9.539377672285646e-07,9.539377672285638e-07
0.35495000000000004,6615.649782755437,0.0,0.0,2.446532159649638,9.539385053752247e-07,9.539385053752239e-07
0.35500000000000004,6615.603729880152,0.0,0.0,2.446487322925532,9.53930440768133e-07,9.539304407681322e-07
0.35505000000000003,6615.561959134231,0.0,0.0,2.446442932559153,9.53932355787551e-07,9.5393235578755e-07
0.3551,6615.524823262694,0.0,0.0,2.4463990522262606,9.539262595905399e-07,9.539262595905388e-07
0.35515,6615.492008174639,0.0,0.0,2.4463557435807686,9.539284486186936e-07,9.539284486186927e-07
0.3552,6615.463990337102,0.0,0.0,2.4463130690747046,9.539251995781632e-07,9.539251995781624e-07
0.35525,6615.440329853255,0.0,0.0,2.446271088388533,9.539268831985656e-07,9.539268831985647e-07
0.3553,6615.42157572423,0.0,0.0,2.4462298623064433,9.539271682964757e-07,9.539271682964748e-07
0.35535,6615.4072193590555,0.0,0.0,2.4461894483011393,9.539277910390889e-07,9.53927791039088e-07
0.3554,6615.397820148763,0.0,0.0,2.4461499050231867,9.539320175801819e-07,9.53932017580181e-07
0.35545000000000004,6615.392865257301,0.0,0.0,2.446111287539927,9.539313186337206e-07,9.539313186337198e-07
0.35550000000000004,6615.392859151088,0.0,0.0,2.4460736518979744,9.539395615738908e-07,9.5393956157389e-07
0.35555000000000003,6615.39734838867,0.0,0.0,2.446037050583429,9.539376065778619e-07,9.53937606577861e-07
0.3556,6615.406722269126,0.0,0.0,2.446001536584051,9.539495980681876e-07,9.539495980681866e-07
0.35565,6615.420641515494,0.0,0.0,2.445967159633727,9.539467680001268e-07,9.53946768000126e-07
0.3557,6615.439332700599,0.0,0.0,2.4459339692422892,9.539619303861694e-07,9.539619303861685e-07
0.35575,6615.462609700747,0.0,0.0,2.445902012209198,9.539588692077802e-07,9.539588692077794e-07
0.3558,6615.490507471097,0.0,0.0,2.4458713342014144,9.53976386835659e-07,9.539763868356581e-07
0.35585,6615.523011389298,0.0,0.0,2.4458419788774832,9.539739149620417e-07,9.539739149620407e-07
0.3559,6615.55995814176,0.0,0.0,2.445813987764576,9.539928349432743e-07,9.539928349432734e-07
0.35595000000000004,6615.601500142627,0.0,0.0,2.4457874011416965,9.539918400731355e-07,9.539918400731347e-07
0.35600000000000004,6615.647292099905,0.0,0.0,2.445762256175026,9.540111883890956e-07,9.540111883890946e-07
0.35605000000000003,6615.697626969387,0.0,0.0,2.4457385894919748,9.540125081685815e-07,9.540125081685805e-07
0.3561,6615.752014470972,0.0,0.0,2.4457164337527715,9.540314056694438e-07,9.54031405669443e-07
0.35615,6615.81084319252,0.0,0.0,2.445695821633533,9.54035717669714e-07,9.54035717669713e-07
0.3562,6615.873530686201,0.0,0.0,2.445676781213115,9.54053480831246e-07,9.54053480831245e-07
0.35625,6615.940503794841,0.0,0.0,2.4456593409013725,9.540612142327462e-07,9.540612142327454e-07
0.3563,6616.011149724392,0.0,0.0,2.445643524176919,9.540774278896074e-07,9.540774278896066e-07
0.35635,6616.085871198521,0.0,0.0,2.445629354870725,9.54088708210104e-07,9.540887082101031e-07
0.3564,6616.164088028074,0.0,0.0,2.4456168518813346,9.541032614801993e-07,9.541032614801984e-07
0.35645000000000004,6616.246119443588,0.0,0.0,2.445606034171245,9.541178950826157e-07,9.541178950826148e-07
0.35650000000000004,6616.331474074846,0.0,0.0,2.445596916098507,9.541309767600368e-07,9.54130976760036e-07
0.35655000000000003,6616.420338748962,0.0,0.0,2.4455895115118005,9.541484763646026e-07,9.541484763646017e-07
0.35660000000000003,6616.51235356072,0.0,0.0,2.4455838302685597,9.54160531483765e-07,9.54160531483764e-07
0.35665,6616.607540451963,0.0,0.0,2.4455798809215477,9.541801783057194e-07,9.541801783057185e-07
0.3567,6616.705695137571,0.0,0.0,2.4455776688518394,9.54191832647722e-07,9.54191832647721e-07
0.35675,6616.806662333137,0.0,0.0,2.4455771972117724,9.542127658866029e-07,9.542127658866018e-07
0.3568,6616.910396629249,0.0,0.0,2.4455784669041205,9.54224729273181e-07,9.542247292731801e-07
0.35685,6617.016574340643,0.0,0.0,2.4455814756617134,9.542460502078046e-07,9.542460502078037e-07
0.3569,6617.125291646154,0.0,0.0,2.445586219877121,9.54259011978517e-07,9.542590119785162e-07
0.35695,6617.236084724952,0.0,0.0,2.445592691930319,9.542798883400983e-07,9.542798883400973e-07
0.35700000000000004,6617.349156515849,0.0,0.0,2.445600883645381,9.54294419133701e-07,9.542944191337e-07
0.35705000000000003,6617.4639465912405,0.0,0.0,2.445610782194563,9.543141759015198e-07,9.54314175901519e-07
0.35710000000000003,6617.580717452723,0.0,0.0,2.4456223747592207,9.543306486606418e-07,9.54330648660641e-07
0.35715,6617.69886486104,0.0,0.0,2.4456356435136373,9.543488338141864e-07,9.543488338141856e-07
0.3572,6617.818657902678,0.0,0.0,2.445650570922216,9.543673739818336e-07,9.543673739818328e-07
0.35725,6617.939503620513,0.0,0.0,2.445667134416968,9.543837916120288e-07,9.54383791612028e-07
0.3573,6618.0616260104725,0.0,0.0,2.445685311690342,9.544042622016816e-07,9.544042622016808e-07
0.35735,6618.184493813467,0.0,0.0,2.4457050757126986,9.544189701381292e-07,9.544189701381283e-07
0.3574,6618.3082421763165,0.0,0.0,2.4457263993887115,9.544409923462124e-07,9.544409923462115e-07
0.35745,6618.432441218731,0.0,0.0,2.445749251511926,9.544542663890075e-07,9.544542663890065e-07
0.35750000000000004,6618.557106679954,0.0,0.0,2.4457736002405803,9.544772714261306e-07,9.544772714261297e-07
0.35755000000000003,6618.681934638667,0.0,0.0,2.445799410462704,9.544895427109216e-07,9.544895427109206e-07
0.35760000000000003,6618.806807363319,0.0,0.0,2.4458266457021485,9.54512846282098e-07,9.54512846282097e-07
0.35765,6618.931554212676,0.0,0.0,2.445855267186561,9.545246216823384e-07,9.545246216823375e-07
0.3577,6619.055927368394,0.0,0.0,2.44588523399549,9.545475096853435e-07,9.545475096853424e-07
0.35775,6619.179879768528,0.0,0.0,2.4459165039091078,9.545592870504471e-07,9.545592870504463e-07
0.3578,6619.303052926132,0.0,0.0,2.445949031830845,9.545810999743226e-07,9.545810999743218e-07
0.35785,6619.425499124315,0.0,0.0,2.44598277227514,9.545932902206027e-07,9.545932902206018e-07
0.3579,6619.546781188743,0.0,0.0,2.44601767630841,9.54613494526069e-07,9.546134945260682e-07
0.35795,6619.667016263605,0.0,0.0,2.4460536953376435,9.546263611363566e-07,9.546263611363557e-07
0.35800000000000004,6619.785728084556,0.0,0.0,2.4460907769887257,9.54644598391479e-07,9.546445983914782e-07
0.35805000000000003,6619.9030593190855,0.0,0.0,2.44612886970908,9.546582219797724e-07,9.546582219797716e-07
0.35810000000000003,6620.018536163694,0.0,0.0,2.4461679181197757,9.546743302465687e-07,9.546743302465677e-07
0.35815,6620.132288314678,0.0,0.0,2.4462078678624852,9.546886019214054e-07,9.546886019214045e-07
0.3582,6620.243882386076,0.0,0.0,2.446248661007968,9.547026082307554e-07,9.547026082307545e-07
0.35825,6620.3534026339275,0.0,0.0,2.4462902405690765,9.547172511224085e-07,9.547172511224076e-07
0.3583,6620.460485790848,0.0,0.0,2.446332546519342,9.547293381481976e-07,9.547293381481967e-07
0.35835,6620.565148194606,0.0,0.0,2.4463755194583574,9.547439523031261e-07,9.547439523031253e-07
0.3584,6620.667114976221,0.0,0.0,2.446419097696546,9.547544059404717e-07,9.547544059404709e-07
0.35845,6620.766324322103,0.0,0.0,2.4464632196860494,9.547685284582712e-07,9.547685284582704e-07
0.35850000000000004,6620.862595312284,0.0,0.0,2.446507822476472,9.54777675438901e-07,9.547776754389002e-07
0.35855000000000004,6620.955790318351,0.0,0.0,2.4465528426946275,9.547908457516362e-07,9.547908457516353e-07
0.35860000000000003,6621.045815811417,0.0,0.0,2.4465982164928506,9.547989914078305e-07,9.547989914078296e-07
0.35865,6621.132471723985,0.0,0.0,2.4466438790507286,9.548108112663505e-07,9.548108112663496e-07
0.3587,6621.215735585227,0.0,0.0,2.446689765947639,9.548181870126654e-07,9.548181870126644e-07
0.35875,6621.295366266716,0.0,0.0,2.446735811343305,9.548283660792972e-07,9.548283660792962e-07
0.3588,6621.371389829655,0.0,0.0,2.446781950534676,9.548350942459921e-07,9.548350942459913e-07
0.35885,6621.443549479288,0.0,0.0,2.446828117126047,9.54843474935876e-07,9.548434749358752e-07
0.3589,6621.511895293496,0.0,0.0,2.446874246398836,9.548495555782722e-07,9.548495555782713e-07
0.35895,6621.576179960639,0.0,0.0,2.446920271887362,9.548561144525276e-07,9.548561144525267e-07
0.35900000000000004,6621.636455202146,0.0,0.0,2.44696612911377,9.54861435122375e-07,9.54861435122374e-07
0.35905000000000004,6621.692504241422,0.0,0.0,2.4470117520310177,9.548662620867355e-07,9.548662620867347e-07
0.35910000000000003,6621.744363624287,0.0,0.0,2.447057076661274,9.548706278300953e-07,9.548706278300944e-07
0.35915,6621.791861206876,0.0,0.0,2.4471020378505073,9.548738879762432e-07,9.548738879762423e-07
0.3592,6621.8350092816345,0.0,0.0,2.4471465723954022,9.548770655782265e-07,9.548770655782254e-07
0.35925,6621.87368602381,0.0,0.0,2.447190616480207,9.548789511651413e-07,9.548789511651404e-07
0.3593,6621.907878811777,0.0,0.0,2.4472341079745865,9.548807194046221e-07,9.548807194046213e-07
0.35935,6621.937513517985,0.0,0.0,2.447276984806535,9.548814008285425e-07,9.548814008285414e-07
0.3594,6621.962559497309,0.0,0.0,2.447319186245243,9.548815976102853e-07,9.548815976102843e-07
0.35945,6621.982980952998,0.0,0.0,2.447360652322573,9.54881182100612e-07,9.548811821006109e-07
0.35950000000000004,6621.998741474065,0.0,0.0,2.4474013240606856,9.54879739962538e-07,9.54879739962537e-07
0.35955000000000004,6622.009830170979,0.0,0.0,2.447441143909929,9.548782452385892e-07,9.548782452385881e-07
0.35960000000000003,6622.016219425508,0.0,0.0,2.447480055019539,9.548752088052558e-07,9.54875208805255e-07
0.35965,6622.017909069477,0.0,0.0,2.447518002532091,9.548725563065172e-07,9.548725563065164e-07
0.3597,6622.014893761937,0.0,0.0,2.4475549321083045,9.548680784396675e-07,9.548680784396664e-07
0.35975,6622.007172404238,0.0,0.0,2.447590791824066,9.548641074171134e-07,9.548641074171126e-07
0.3598,6621.994771273702,0.0,0.0,2.44762553023329,9.548584245651433e-07,9.548584245651424e-07
0.35985,6621.977681923926,0.0,0.0,2.4476590985637174,9.548529247964944e-07,9.548529247964933e-07
0.3599,6621.9559652387115,0.0,0.0,2.447691448627685,9.548463157235005e-07,9.548463157234995e-07
0.35995,6621.929605856913,0.0,0.0,2.447722535010967,9.548390734161207e-07,9.548390734161199e-07
0.36000000000000004,6621.898694958543,0.0,0.0,2.4477523131203034,9.54831808467643e-07,9.548318084676422e-07
0.36005000000000004,6621.8632177812415,0.0,0.0,2.4477807411017847,9.548226575271496e-07,9.548226575271487e-07
0.36010000000000003,6621.8232846956635,0.0,0.0,2.4478077782532264,9.548149473581438e-07,9.54814947358143e-07
0.36015,6621.77889491469,0.0,0.0,2.447833386484779,9.548038170151843e-07,9.548038170151834e-07
0.3602,6621.730161987291,0.0,0.0,2.4478575292364515,9.54795769980194e-07,9.54795769980193e-07
0.36025,6621.677115863262,0.0,0.0,2.4478801723890844,9.54782720010539e-07,9.547827200105379e-07
0.3603,6621.619855319574,0.0,0.0,2.4479012837285574,9.547743161615463e-07,9.547743161615454e-07
0.36035,6621.5584578620255,0.0,0.0,2.447920833313227,9.547595526314923e-07,9.547595526314914e-07
0.3604,6621.49299115836,0.0,0.0,2.447938793433375,9.547506397046312e-07,9.547506397046303e-07
0.36045,6621.423593535143,0.0,0.0,2.447955138525621,9.54734507115071e-07,9.547345071150701e-07
0.36050000000000004,6621.350290347545,0.0,0.0,2.4479698455037124,9.547248204258407e-07,9.547248204258399e-07
0.36055000000000004,6621.273287191871,0.0,0.0,2.447982893368405,9.547077698955013e-07,9.547077698955004e-07
0.36060000000000003,6621.192563902909,0.0,0.0,2.447994263744287,9.546969742373647e-07,9.546969742373638e-07
0.36065,6621.108390665493,0.0,0.0,2.448003940357399,9.546795113652453e-07,9.546795113652445e-07
0.3607,6621.020708243589,0.0,0.0,2.4480119096071653,9.546672593949658e-07,9.54667259394965e-07
0.36075,6620.929838694609,0.0,0.0,2.4480181600720528,9.546498790182442e-07,9.546498790182433e-07
0.3608,6620.8356999160815,0.0,0.0,2.4480226829742113,9.546358777406026e-07,9.546358777406015e-07
0.36085,6620.73864384097,0.0,0.0,2.4480254718304155,9.546189953403102e-07,9.546189953403094e-07
0.3609,6620.638589872825,0.0,0.0,2.44802652272224,9.5460307061309e-07,9.546030706130889e-07
0.36095,6620.5358909396955,0.0,0.0,2.4480258341453136,9.545869611574524e-07,9.545869611574513e-07
0.36100000000000004,6620.430497369446,0.0,0.0,2.4480234070678204,9.545691098967066e-07,9.545691098967057e-07
0.36105000000000004,6620.322731082009,0.0,0.0,2.4480192449591383,9.54553864246391e-07,9.545538642463899e-07
0.36110000000000003,6620.212603542207,0.0,0.0,2.448013353689884,9.545342853178539e-07,9.54534285317853e-07
0.36115,6620.1003751420985,0.0,0.0,2.448005741655853,9.545197920149333e-07,9.545197920149325e-07
0.3612,6619.986144718001,0.0,0.0,2.4479964196295416,9.544988895304379e-07,9.54498889530437e-07
0.36125,6619.870086873286,0.0,0.0,2.4479854008500963,9.544848462060456e-07,9.544848462060448e-07
0.3613,6619.752405499662,0.0,0.0,2.447972700967709,9.544632027713241e-07,9.544632027713233e-07
0.36135,6619.6331756144145,0.0,0.0,2.4479583379545002,9.5444915707288e-07,9.544491570728792e-07
0.3614,6619.512711655346,0.0,0.0,2.447942332282374,9.544274789478293e-07,9.544274789478285e-07
0.36145,6619.390988664151,0.0,0.0,2.4479247065276106,9.544128944619416e-07,9.544128944619405e-07
0.36150000000000004,6619.268422830273,0.0,0.0,2.4479054858885103,9.543919349447e-07,9.54391934944699e-07
0.36155000000000004,6619.144903392671,0.0,0.0,2.447884697406035,9.543762737280391e-07,9.543762737280383e-07
0.36160000000000003,6619.020925090018,0.0,0.0,2.4478623708648297,9.543567446939494e-07,9.543567446939484e-07
0.36165,6618.896319171372,0.0,0.0,2.447838537625695,9.54339555276296e-07,9.543395552762949e-07
0.3617,6618.771623299719,0.0,0.0,2.4478132318727197,9.54322039080369e-07,9.54322039080368e-07
0.36175,6618.64664920318,0.0,0.0,2.447786489138225,9.543030375788285e-07,9.543030375788276e-07
0.3618,6618.5219333462055,0.0,0.0,2.4477583477738616,9.542879120529746e-07,9.542879120529738e-07
0.36185,6618.397312334911,0.0,0.0,2.4477288473297483,9.542670445156004e-07,9.542670445155995e-07
0.3619,6618.27327421455,0.0,0.0,2.4476980300541307,9.542544324113948e-07,9.54254432411394e-07
0.36195,6618.149724924876,0.0,0.0,2.4476659393503426,9.542319086769413e-07,9.542319086769405e-07
0.36200000000000004,6618.027059944304,0.0,0.0,2.4476326210624824,9.542216597711335e-07,9.542216597711327e-07
0.36205000000000004,6617.905292825483,0.0,0.0,2.4475981222635688,9.54197952734097e-07,9.541979527340962e-07
0.36210000000000003,6617.784691503284,0.0,0.0,2.447562492074582,9.54189662380351e-07,9.541896623803499e-07
0.36215,6617.665403526975,0.0,0.0,2.4475257810264255,9.541654711487952e-07,9.541654711487944e-07
0.3622,6617.547548633812,0.0,0.0,2.4474880411919546,9.541585339627355e-07,9.541585339627346e-07
0.36225,6617.431418490062,0.0,0.0,2.4474493263110184,9.54134714395955e-07,9.54134714395954e-07
0.3623,6617.316981740959,0.0,0.0,2.447409691088391,9.541284067644987e-07,9.541284067644977e-07
0.36235,6617.204665683417,0.0,0.0,2.447369192180098,9.541058775835682e-07,9.54105877583567e-07
0.3624,6617.094303902609,0.0,0.0,2.4473278866162587,9.540994585100757e-07,9.540994585100748e-07
0.36245,6616.986432329468,0.0,0.0,2.4472858336294308,9.540790949122692e-07,9.540790949122683e-07
0.36250000000000004,6616.880783089544,0.0,0.0,2.4472430922861883,9.540719119420709e-07,9.5407191194207e-07
0.36255000000000004,6616.777957857719,0.0,0.0,2.447199724010692,9.540544408182916e-07,9.540544408182908e-07
0.36260000000000003,6616.677634681114,0.0,0.0,2.4471557896343548,9.54046026820264e-07,9.54046026820263e-07
0.36265000000000003,6616.58042706583,0.0,0.0,2.4471113523492822,9.54031937902368e-07,9.54031937902367e-07
0.3627,6616.4860143581445,0.0,0.0,2.447066474492252,9.540220854328536e-07,9.540220854328527e-07
0.36275,6616.394963493744,0.0,0.0,2.44702122057204,9.540115708728437e-07,9.54011570872843e-07
0.3628,6616.307011440396,0.0,0.0,2.4469756541743917,9.540003736116047e-07,9.54000373611604e-07
0.36285,6616.22262303009,0.0,0.0,2.4469298406604025,9.53993304830584e-07,9.53993304830583e-07
0.3629,6616.141642719797,0.0,0.0,2.4468838445998577,9.539811597887599e-07,9.53981159788759e-07
0.36295,6616.064387781537,0.0,0.0,2.446837731745034,9.539771054404905e-07,9.5397710544049e-07
0.36300000000000004,6615.9908468220465,0.0,0.0,2.4467915673640053,9.53964674776506e-07,9.539646747765052e-07
0.36305000000000004,6615.921160253645,0.0,0.0,2.446745417158313,9.539629580558258e-07,9.539629580558252e-07
0.36310000000000003,6615.855479108063,0.0,0.0,2.44669934677686,9.539510947293633e-07,9.539510947293624e-07
0.36315000000000003,6615.793757903407,0.0,0.0,2.4466534214614146,9.53950882851152e-07,9.539508828511512e-07
0.3632,6615.736307112787,0.0,0.0,2.4466077068849743,9.539405292849807e-07,9.539405292849798e-07
0.36325,6615.682908133706,0.0,0.0,2.4465622674628746,9.539409435267838e-07,9.53940943526783e-07
0.3633,6615.634006503508,0.0,0.0,2.4465171684935716,9.539330162573318e-07,9.53933016257331e-07
0.36335,6615.589243804696,0.0,0.0,2.4464724732457035,9.539332481296596e-07,9.539332481296587e-07
0.3634,6615.54915753621,0.0,0.0,2.446428246205825,9.539285235381866e-07,9.539285235381858e-07
0.36345,6615.513299332089,0.0,0.0,2.4463845492200433,9.539279417882534e-07,9.539279417882526e-07
0.3635,6615.482241986934,0.0,0.0,2.4463414454960404,9.539269580858964e-07,9.539269580858955e-07
0.36355000000000004,6615.455507435815,0.0,0.0,2.4462989952182927,9.539251924403832e-07,9.539251924403824e-07
0.36360000000000003,6615.433640541721,0.0,0.0,2.4462572598333514,9.539281810507709e-07,9.5392818105077e-07
0.36365000000000003,6615.41619658399,0.0,0.0,2.4462162976493924,9.53925171680259e-07,9.539251716802581e-07
0.3637,6615.403630641044,0.0,0.0,2.446176167872301,9.539320272791229e-07,9.53932027279122e-07
0.36375,6615.39558916016,0.0,0.0,2.4461369267286055,9.539280334798787e-07,9.53928033479878e-07
0.3638,6615.392384786365,0.0,0.0,2.4460986307263464,9.539383267403926e-07,9.539383267403917e-07
0.36385,6615.393800358878,0.0,0.0,2.446061333798716,9.53933893695735e-07,9.539338936957341e-07
0.3639,6615.399969334024,0.0,0.0,2.446025089339938,9.539469249929598e-07,9.53946924992959e-07
0.36395,6615.410837793781,0.0,0.0,2.44598994875801,9.539428129847965e-07,9.539428129847956e-07
0.364,6615.426343811334,0.0,0.0,2.4459559619742928,9.539576997818153e-07,9.539576997818144e-07
0.36405000000000004,6615.446601786008,0.0,0.0,2.4459231776097754,9.539547851689304e-07,9.539547851689296e-07
0.36410000000000003,6615.4713608003685,0.0,0.0,2.445891641821416,9.539705713205988e-07,9.53970571320598e-07
0.36415000000000003,6615.500886285455,0.0,0.0,2.4458614001473586,9.539697323295507e-07,9.539697323295498e-07
0.3642,6615.534766436476,0.0,0.0,2.4458324947602126,9.539855047369534e-07,9.539855047369526e-07
0.36425,6615.57338037403,0.0,0.0,2.445804967788016,9.539875071099652e-07,9.539875071099643e-07
0.3643,6615.616201563951,0.0,0.0,2.445778857267753,9.540025043847817e-07,9.54002504384781e-07
0.36435,6615.663670297615,0.0,0.0,2.445754201567961,9.54007901913824e-07,9.540079019138233e-07
0.3644,6615.715203582442,0.0,0.0,2.4457310344978893,9.54021601029395e-07,9.540216010293942e-07
0.36445,6615.771241982028,0.0,0.0,2.4457093903101,9.540306639353432e-07,9.540306639353423e-07
0.3645,6615.831208998717,0.0,0.0,2.4456892985384084,9.54042834009784e-07,9.54042834009783e-07
0.36455000000000004,6615.8954839990465,0.0,0.0,2.4456707889749802,9.540555142806863e-07,9.540555142806854e-07
0.36460000000000004,6615.963556681545,0.0,0.0,2.4456538868569093,9.540662311724298e-07,9.540662311724291e-07
0.36465000000000003,6616.035690962011,0.0,0.0,2.4456386172044606,9.54082168875853e-07,9.540821688758522e-07
0.3647,6616.111491793532,0.0,0.0,2.445625000944419,9.54091789549496e-07,9.540917895494951e-07
0.36475,6616.19106734709,0.0,0.0,2.4456130580665545,9.541103585179445e-07,9.541103585179437e-07
0.3648,6616.274170355284,0.0,0.0,2.445602805164613,9.541194594381797e-07,9.54119459438179e-07
0.36485,6616.360731745922,0.0,0.0,2.4455942570087674,9.541398454105811e-07,9.541398454105803e-07
0.3649,6616.450664380293,0.0,0.0,2.4455874258152575,9.541491338718924e-07,9.541491338718916e-07
0.36495,6616.543721566464,0.0,0.0,2.445582321026089,9.541704339199188e-07,9.54170433919918e-07
0.365,6616.639967506684,0.0,0.0,2.445578950407239,9.54180644615737e-07,9.541806446157362e-07
0.36505000000000004,6616.738998198909,0.0,0.0,2.4455773180485787,9.54201974099027e-07,9.54201974099026e-07
0.36510000000000004,6616.841001049261,0.0,0.0,2.445577427165255,9.542137649480182e-07,9.542137649480173e-07
0.36515000000000003,6616.945452660991,0.0,0.0,2.4455792765522264,9.542343576400244e-07,9.542343576400235e-07
0.3652,6617.052620394627,0.0,0.0,2.445582864752954,9.542482187004504e-07,9.542482187004496e-07
0.36525,6617.161911726917,0.0,0.0,2.4455881853954633,9.542675071370771e-07,9.542675071370763e-07
0.3653,6617.273621672719,0.0,0.0,2.4455952322240213,9.542836943715856e-07,9.542836943715847e-07
0.36535,6617.3871445280165,0.0,0.0,2.4456039938823726,9.543013606107173e-07,9.543013606107164e-07
0.3654,6617.502748648567,0.0,0.0,2.445614459199404,9.543198626102976e-07,9.543198626102967e-07
0.36545,6617.619869597305,0.0,0.0,2.4456266120522945,9.543358539443194e-07,9.543358539443183e-07
0.3655,6617.73869979401,0.0,0.0,2.445640436269608,9.543563949852102e-07,9.543563949852094e-07
0.36555000000000004,6617.858762308886,0.0,0.0,2.4456559111941614,9.543709040737216e-07,9.543709040737207e-07
0.36560000000000004,6617.98013551421,0.0,0.0,2.4456730156197297,9.543929817616202e-07,9.543929817616194e-07
0.36565000000000003,6618.1024626483,0.0,0.0,2.445691724582556,9.544063954508207e-07,9.544063954508199e-07
0.3657,6618.225685515144,0.0,0.0,2.4457120118736135,9.544293464487825e-07,9.544293464487816e-07
0.36575,6618.349583234965,0.0,0.0,2.445733848431145,9.544421715941994e-07,9.544421715941986e-07
0.3658,6618.473956308759,0.0,0.0,2.44575720315233,9.544652552360757e-07,9.544652552360748e-07
0.36585,6618.598717510631,0.0,0.0,2.445782043057861,9.544780326261954e-07,9.544780326261946e-07
0.3659,6618.723538853098,0.0,0.0,2.4458083323409117,9.54500520119514e-07,9.545005201195129e-07
0.36595,6618.848448006596,0.0,0.0,2.4458360342549463,9.545137387885462e-07,9.545137387885453e-07
0.366,6618.973016323794,0.0,0.0,2.445865108556124,9.54534995469591e-07,9.545349954695901e-07
0.36605000000000004,6619.097354605809,0.0,0.0,2.445895514855798,9.545490191611156e-07,9.545490191611147e-07
0.36610000000000004,6619.220972003626,0.0,0.0,2.445927208806858,9.545685688585014e-07,9.545685688585006e-07
0.36615000000000003,6619.344022727987,0.0,0.0,2.4459601464894236,9.545835842589525e-07,9.545835842589516e-07
0.3662,6619.465997264685,0.0,0.0,2.4459942798376213,9.546011479229396e-07,9.546011479229387e-07
0.36625,6619.587051377785,0.0,0.0,2.44602956151227,9.54617140844814e-07,9.546171408448131e-07
0.3663,6619.706699603417,0.0,0.0,2.446065940144512,9.546326456822633e-07,9.546326456822625e-07
0.36635,6619.825061013447,0.0,0.0,2.4461033651062043,9.546494071332373e-07,9.546494071332363e-07
0.3664,6619.941710672616,0.0,0.0,2.446141782152035,9.546629668996558e-07,9.54662966899655e-07
0.36645,6620.056701207427,0.0,0.0,2.446181137530537,9.546801265584336e-07,9.546801265584328e-07
0.3665,6620.169694243372,0.0,0.0,2.446221374538173,9.546919977435774e-07,9.546919977435764e-07
0.36655000000000004,6620.2806580832375,0.0,0.0,2.446262436515111,9.547090784297397e-07,9.547090784297388e-07
0.36660000000000004,6620.389354019519,0.0,0.0,2.4463042646942275,9.547196002721338e-07,9.54719600272133e-07
0.36665000000000003,6620.495661521634,0.0,0.0,2.446346799780767,9.547360841475993e-07,9.547360841475984e-07
0.3667,6620.599441225011,0.0,0.0,2.446389981305189,9.547456123156134e-07,9.547456123156125e-07
0.36675,6620.700492131077,0.0,0.0,2.4464337476727596,9.547610082152403e-07,9.547610082152395e-07
0.3668,6620.7987618863635,0.0,0.0,2.4464780370356745,9.54769852399783e-07,9.547698523997823e-07
0.36685,6620.893987976565,0.0,0.0,2.4465227858921064,9.547837540381617e-07,9.547837540381608e-07
0.3669,6620.986183740224,0.0,0.0,2.446567931305916,9.54792128610335e-07,9.547921286103342e-07
0.36695,6621.075051052608,0.0,0.0,2.4466134083093123,9.548042553541096e-07,9.548042553541085e-07
0.367,6621.160642709186,0.0,0.0,2.4466591531417863,9.548122498526187e-07,9.548122498526177e-07
0.36705000000000004,6621.242653476835,0.0,0.0,2.446705099844416,9.54822464913933e-07,9.548224649139322e-07
0.36710000000000004,6621.321148903103,0.0,0.0,2.446751184082489,9.54830037806967e-07,9.54830037806966e-07
0.36715000000000003,6621.395843368681,0.0,0.0,2.4467973393969564,9.548383425540202e-07,9.548383425540194e-07
0.3672,6621.466792120272,0.0,0.0,2.4468435011292695,9.548453379603026e-07,9.548453379603018e-07
0.36725,6621.533750366563,0.0,0.0,2.4468896028091334,9.54851844908683e-07,9.54851844908682e-07
0.3673,6621.596746836382,0.0,0.0,2.446935579718339,9.548580283270328e-07,9.54858028327032e-07
0.36735,6621.655590729273,0.0,0.0,2.4469813658452697,9.548629186589835e-07,9.548629186589824e-07
0.3674,6621.710276681285,0.0,0.0,2.4470268967011344,9.548680247980592e-07,9.548680247980584e-07
0.36745,6621.760671962453,0.0,0.0,2.447072107170546,9.54871498469485e-07,9.548714984694842e-07
0.3675,6621.806738410264,0.0,0.0,2.447116933315051,9.548752824621624e-07,9.548752824621614e-07
0.36755000000000004,6621.848396912963,0.0,0.0,2.4471613113120356,9.548775098071417e-07,9.548775098071409e-07
0.36760000000000004,6621.885585378355,0.0,0.0,2.4472051781278887,9.548797927339364e-07,9.548797927339355e-07
0.36765000000000003,6621.918267279644,0.0,0.0,2.4472484715851404,9.548808758961394e-07,9.548808758961386e-07
0.3677,6621.946370523708,0.0,0.0,2.447291129939443,9.5488157669873e-07,9.548815766987292e-07
0.36775,6621.969886500363,0.0,0.0,2.447333092968802,9.548815273478878e-07,9.54881527347887e-07
0.3678,6621.9887488587365,0.0,0.0,2.4473743006239164,9.54880675698199e-07,9.548806756981979e-07
0.36785,6622.002961989454,0.0,0.0,2.4474146949131574,9.54879412645709e-07,9.54879412645708e-07
0.3679,6622.012479459265,0.0,0.0,2.4474542178971905,9.548771407266832e-07,9.548771407266823e-07
0.36795,6622.017306715388,0.0,0.0,2.4474928140637706,9.54874507676233e-07,9.54874507676232e-07
0.368,6622.017426932051,0.0,0.0,2.4475304279933985,9.5487102254563e-07,9.548710225456288e-07
0.36805000000000004,6622.0128401240845,0.0,0.0,2.4475670068870916,9.548668228093253e-07,9.548668228093244e-07
0.36810000000000004,6622.003562333479,0.0,0.0,2.447602498235745,9.54862364420448e-07,9.54862364420447e-07
0.36815000000000003,6621.989588426043,0.0,0.0,2.4476368521824066,9.548564065099566e-07,9.548564065099558e-07
0.3682,6621.970963507543,0.0,0.0,2.447670019487114,9.54851198978882e-07,9.548511989788812e-07
0.36825,6621.947684274717,0.0,0.0,2.4477019534662405,9.548433450007085e-07,9.548433450007076e-07
0.3683,6621.919814811274,0.0,0.0,2.447732608466661,9.548375499283298e-07,9.54837549928329e-07
0.36835,6621.887365867743,0.0,0.0,2.4477619412159277,9.548277580069243e-07,9.548277580069235e-07
0.3684,6621.850406200584,0.0,0.0,2.4477899099193428,9.548214384053008e-07,9.548214384053e-07
0.36845,6621.808975501993,0.0,0.0,2.4478164749598825,9.54809791086373e-07,9.548097910863722e-07
0.3685,6621.763131659369,0.0,0.0,2.447841598626179,9.54802892787224e-07,9.548028927872232e-07
0.36855000000000004,6621.712957608287,0.0,0.0,2.4478652452029825,9.547896054739599e-07,9.54789605473959e-07
0.36860000000000004,6621.658486967855,0.0,0.0,2.447887381243943,9.547819600999714e-07,9.547819600999706e-07
0.36865000000000003,6621.599856283671,0.0,0.0,2.447907975176382,9.547673667574592e-07,9.547673667574583e-07
0.3687,6621.5370668218875,0.0,0.0,2.4479269979639686,9.547587168571005e-07,9.547587168570996e-07
0.36875,6621.470312329383,0.0,0.0,2.447944422402056,9.547432339964173e-07,9.547432339964165e-07
0.3688,6621.3995613305215,0.0,0.0,2.4479602239808087,9.5473327731425e-07,9.547332773142489e-07
0.36885,6621.325059794299,0.0,0.0,2.447974380063376,9.547173510202416e-07,9.547173510202408e-07
0.3689,6621.246751933054,0.0,0.0,2.4479868707625707,9.547057976351323e-07,9.547057976351315e-07
0.36895,6621.164922016952,0.0,0.0,2.447997678174075,9.54689841498036e-07,9.54689841498035e-07
0.369,6621.079506787466,0.0,0.0,2.4480067871159,9.54676475195453e-07,9.546764751954518e-07
0.36905000000000004,6620.990807157257,0.0,0.0,2.4480141845390637,9.54660808900163e-07,9.54660808900162e-07
0.36910000000000004,6620.898775687286,0.0,0.0,2.448019860039756,9.546455430212515e-07,9.546455430212506e-07
0.36915000000000003,6620.80370321174,0.0,0.0,2.448023805501691,9.546303416987986e-07,9.546303416987977e-07
0.36920000000000003,6620.705584565047,0.0,0.0,2.4480260153633133,9.546132600343537e-07,9.546132600343527e-07
0.36925,6620.604672513226,0.0,0.0,2.448026486473228,9.545985231989727e-07,9.545985231989718e-07
0.3693,6620.501029635231,0.0,0.0,2.4480252181645175,9.54579898291918e-07,9.54579898291917e-07
0.36935,6620.394845728699,0.0,0.0,2.44802221224156,9.545654444614485e-07,9.545654444614474e-07
0.3694,6620.286271221384,0.0,0.0,2.4480174729670496,9.54545728746791e-07,9.545457287467902e-07
0.36945,6620.175415382711,0.0,0.0,2.4480110070573184,9.54531218093497e-07,9.545312180934962e-07
0.3695,6620.062527301143,0.0,0.0,2.4480028237146527,9.545110072489264e-07,9.545110072489256e-07
0.36955000000000005,6619.947628950767,0.0,0.0,2.4479929344969404,9.544959904195718e-07,9.54495990419571e-07
0.36960000000000004,6619.831066790953,0.0,0.0,2.4479813535229806,9.544759625583486e-07,9.544759625583478e-07
0.36965000000000003,6619.712781580993,0.0,0.0,2.4479680971034026,9.544599497720767e-07,9.544599497720758e-07
0.36970000000000003,6619.593202583546,0.0,0.0,2.4479531842103395,9.544407880338634e-07,9.544407880338625e-07
0.36975,6619.472208514674,0.0,0.0,2.4479366358066557,9.544233292976336e-07,9.544233292976327e-07
0.3698,6619.350284343664,0.0,0.0,2.447918475609892,9.54405638346735e-07,9.544056383467342e-07
0.36985,6619.227277283632,0.0,0.0,2.447898729127018,9.54386403602768e-07,9.54386403602767e-07
0.3699,6619.103691067282,0.0,0.0,2.4478774246670665,9.543706320065047e-07,9.543706320065038e-07
0.36995,6618.979379763176,0.0,0.0,2.447854592166025,9.54349479544629e-07,9.543494795446281e-07
0.37,6618.854823412457,0.0,0.0,2.447830264327123,9.543358596926447e-07,9.54335859692644e-07
0.37005,6618.729924156604,0.0,0.0,2.4478044753904196,9.543128823255773e-07,9.543128823255764e-07
0.37010000000000004,6618.605095819134,0.0,0.0,2.44777726221897,9.54301397445335e-07,9.543013974453341e-07
0.37015000000000003,6618.480326976382,0.0,0.0,2.4477486632161054,9.542769386493586e-07,9.542769386493576e-07
0.37020000000000003,6618.355928448551,0.0,0.0,2.447718719142491,9.542673228630746e-07,9.542673228630736e-07
0.37025,6618.232005075597,0.0,0.0,2.4476874724000086,9.54241959005668e-07,9.542419590056672e-07
0.3703,6618.108738986967,0.0,0.0,2.4476549673677495,9.542337317816604e-07,9.542337317816596e-07
0.37035,6617.986367767559,0.0,0.0,2.4476212502488264,9.542082212041874e-07,9.542082212041864e-07
0.3704,6617.864934375444,0.0,0.0,2.4475863687555357,9.542007526601528e-07,9.54200752660152e-07
0.37045,6617.744809057208,0.0,0.0,2.447550372654647,9.541759571223683e-07,9.541759571223673e-07
0.3705,6617.625902539009,0.0,0.0,2.447513312709751,9.541685561629007e-07,9.541685561628999e-07
0.37055,6617.508699996848,0.0,0.0,2.447475241968373,9.541453443149964e-07,9.541453443149955e-07
0.37060000000000004,6617.393004199346,0.0,0.0,2.4474362139731074,9.541373581671925e-07,9.541373581671917e-07
0.37065000000000003,6617.279381169766,0.0,0.0,2.4473962847227737,9.541165036540498e-07,9.54116503654049e-07
0.37070000000000003,6617.167564858117,0.0,0.0,2.447355510278547,9.54107415495566e-07,9.54107415495565e-07
0.37075,6617.058155305155,0.0,0.0,2.4473139492178158,9.54089503525056e-07,9.540895035250552e-07
0.3708,6616.950867035573,0.0,0.0,2.447271659869598,9.540790148295968e-07,9.54079014829596e-07
0.37085,6616.846280029576,0.0,0.0,2.44722870298173,9.540643703066342e-07,9.540643703066334e-07
0.3709,6616.744142841447,0.0,0.0,2.447185138903675,9.54052456288735e-07,9.540524562887339e-07
0.37095,6616.644960770749,0.0,0.0,2.4471410301219767,9.540411039634278e-07,9.540411039634267e-07
0.371,6616.548566939714,0.0,0.0,2.4470964387529692,9.540280338689502e-07,9.540280338689491e-07
0.37105,6616.455343841609,0.0,0.0,2.4470514285809273,9.540196967288994e-07,9.540196967288983e-07
0.37110000000000004,6616.365249953698,0.0,0.0,2.4470060632181556,9.540060152662718e-07,9.540060152662707e-07
0.37115000000000004,6616.278509747148,0.0,0.0,2.446960407311693,9.540001522090865e-07,9.540001522090854e-07
0.37120000000000003,6616.195232337447,0.0,0.0,2.446914525670652,9.539866235778962e-07,9.539866235778952e-07
0.37125,6616.115466772254,0.0,0.0,2.446868483390016,9.539825019916753e-07,9.539825019916742e-07
0.3713,6616.039478723476,0.0,0.0,2.4468223461395215,9.53970023054173e-07,9.539700230541719e-07
0.37135,6615.967144918522,0.0,0.0,2.4467761790785763,9.539668170939026e-07,9.539668170939015e-07
0.3714,6615.898872742213,0.0,0.0,2.4467300483594543,9.539563105701686e-07,9.539563105701675e-07
0.37145,6615.834390267307,0.0,0.0,2.4466840188604038,9.539532123315196e-07,9.539532123315187e-07
0.3715,6615.7742122990885,0.0,0.0,2.446638156796462,9.539455138479017e-07,9.539455138479006e-07
0.37155,6615.717959845204,0.0,0.0,2.4465925264582817,9.539418428076021e-07,9.539418428076013e-07
0.37160000000000004,6615.666205293622,0.0,0.0,2.4465471936680694,9.539375967375896e-07,9.539375967375886e-07
0.37165000000000004,6615.618517063872,0.0,0.0,2.446502221857194,9.539328929732478e-07,9.539328929732468e-07
0.37170000000000003,6615.57546576606,0.0,0.0,2.44645767597485,9.53932471065729e-07,9.539324710657279e-07
0.37175,6615.53662779376,0.0,0.0,2.4464136183468317,9.539265598584785e-07,9.539265598584774e-07
0.3718,6615.502510468155,0.0,0.0,2.4463701125601167,9.539300137269106e-07,9.539300137269095e-07
0.37185,6615.472757113681,0.0,0.0,2.446327219601099,9.539230328837152e-07,9.539230328837141e-07
0.3719,6615.447755865195,0.0,0.0,2.4462850012144894,9.53930086923848e-07,9.53930086923847e-07
0.37195,6615.42726675968,0.0,0.0,2.4462435168113443,9.539224730398652e-07,9.53922473039864e-07
0.372,6615.411515592044,0.0,0.0,2.446202825841851,9.539325588754302e-07,9.539325588754291e-07
0.37205,6615.4004132736045,0.0,0.0,2.446162985889718,9.53924994155825e-07,9.539249941558241e-07
0.37210000000000004,6615.393998399279,0.0,0.0,2.446124053702933,9.53937322080905e-07,9.539373220809039e-07
0.37215000000000004,6615.392346834923,0.0,0.0,2.446086084758651,9.5393064855012e-07,9.53930648550119e-07
0.37220000000000003,6615.39530663525,0.0,0.0,2.446049132752387,9.539443064483746e-07,9.539443064483736e-07
0.37225,6615.403110742243,0.0,0.0,2.4460132507419465,9.539394187196237e-07,9.539394187196228e-07
0.3723,6615.415435317212,0.0,0.0,2.4459784890847143,9.539534853044334e-07,9.539534853044326e-07
0.37235,6615.4326415024,0.0,0.0,2.445944898072389,9.539512159629234e-07,9.539512159629226e-07
0.3724,6615.454271841759,0.0,0.0,2.445912524503853,9.539648733918244e-07,9.539648733918235e-07
0.37245,6615.48076948187,0.0,0.0,2.4458814155301085,9.539658860603916e-07,9.539658860603905e-07
0.3725,6615.511596379715,0.0,0.0,2.4458516142305298,9.53978517234142e-07,9.53978517234141e-07
0.37255,6615.547220077501,0.0,0.0,2.4458231642252124,9.539832213609545e-07,9.539832213609537e-07
0.37260000000000004,6615.587082985578,0.0,0.0,2.4457961047607104,9.539944794472229e-07,9.53994479447222e-07
0.37265000000000004,6615.631615374272,0.0,0.0,2.445770475537394,9.540029778961265e-07,9.540029778961255e-07
0.37270000000000003,6615.6803014343195,0.0,0.0,2.4457463118875937,9.540128194586219e-07,9.54012819458621e-07
0.37275,6615.7334762682,0.0,0.0,2.4457236492243637,9.540248954930002e-07,9.540248954929993e-07
0.3728,6615.790719777926,0.0,0.0,2.4457025188986377,9.540335735213107e-07,9.540335735213096e-07
0.37285,6615.8522250488695,0.0,0.0,2.4456829517100305,9.540487183773259e-07,9.540487183773248e-07
0.3729,6615.917707591852,0.0,0.0,2.445664974958058,9.540567368300106e-07,9.540567368300096e-07
0.37295,6615.987188447892,0.0,0.0,2.445648614562362,9.540742135642934e-07,9.540742135642926e-07
0.373,6616.060539864818,0.0,0.0,2.4456338936841435,9.540822500629717e-07,9.540822500629706e-07
0.37305,6616.137601170422,0.0,0.0,2.445620833169814,9.541011845209845e-07,9.541011845209837e-07
0.37310000000000004,6616.218401468824,0.0,0.0,2.4456094519295593,9.541099919235726e-07,9.541099919235717e-07
0.37315000000000004,6616.302609932516,0.0,0.0,2.445599765624093,9.541294782060256e-07,9.541294782060248e-07
0.37320000000000003,6616.390392139733,0.0,0.0,2.445591788771624,9.541397784080933e-07,9.541397784080922e-07
0.37325,6616.481278024868,0.0,0.0,2.4455855318158606,9.541589845766244e-07,9.541589845766234e-07
0.3733,6616.575531895658,0.0,0.0,2.445581004718311,9.541713687089452e-07,9.541713687089441e-07
0.37335,6616.672590418238,0.0,0.0,2.4455782127487424,9.541896288473457e-07,9.541896288473446e-07
0.3734,6616.772766825208,0.0,0.0,2.4455771611344774,9.542044769328313e-07,9.542044769328302e-07
0.37345,6616.8754594110405,0.0,0.0,2.445577850075736,9.542213579478207e-07,9.542213579478197e-07
0.3735,6616.980975188221,0.0,0.0,2.4455802798915642,9.542387882061803e-07,9.542387882061795e-07
0.37355,6617.088730804317,0.0,0.0,2.4455844458608005,9.54254123515579e-07,9.542541235155782e-07
0.37360000000000004,6617.198973783501,0.0,0.0,2.445590343242742,9.542739772541716e-07,9.542739772541707e-07
0.37365000000000004,6617.311190569437,0.0,0.0,2.4455979625670428,9.542878642051187e-07,9.542878642051179e-07
0.37370000000000003,6617.425524554714,0.0,0.0,2.4456072939242066,9.543097272151226e-07,9.543097272151217e-07
0.37375,6617.541571955281,0.0,0.0,2.44561832327159,9.54322490022802e-07,9.54322490022801e-07
0.3738,6617.659341417316,0.0,0.0,2.445631035482057,9.543457463475605e-07,9.543457463475595e-07
0.37385,6617.778562966525,0.0,0.0,2.4456454121058426,9.543578708853173e-07,9.543578708853165e-07
0.3739,6617.899097301285,0.0,0.0,2.4456614328229143,9.543817804757654e-07,9.543817804757645e-07
0.37395,6618.020814131747,0.0,0.0,2.445679074918471,9.543938307939888e-07,9.54393830793988e-07
0.374,6618.143431409227,0.0,0.0,2.4456983129851646,9.544176195541336e-07,9.544176195541325e-07
0.37405,6618.266946476392,0.0,0.0,2.4457191201572086,9.544301481176959e-07,9.544301481176948e-07
0.37410000000000004,6618.390956689112,0.0,0.0,2.4457414661264676,9.544530975759953e-07,9.544530975759944e-07
0.37415000000000004,6618.515559614774,0.0,0.0,2.4457653199641864,9.544665616464488e-07,9.54466561646448e-07
0.37420000000000003,6618.640267515858,0.0,0.0,2.4457906467218904,9.544880861014376e-07,9.544880861014365e-07
0.37425,6618.765239883339,0.0,0.0,2.445817411478347,9.545027814120033e-07,9.545027814120023e-07
0.3743,6618.889947563603,0.0,0.0,2.445845574965828,9.5452248272551e-07,9.545224827255089e-07
0.37435,6619.014568448497,0.0,0.0,2.445875098337286,9.545385028066276e-07,9.545385028066266e-07
0.3744,6619.138577837862,0.0,0.0,2.44590593836964,9.54556196633757e-07,9.545561966337563e-07
0.37445,6619.262129336571,0.0,0.0,2.445938052369747,9.545734222410174e-07,9.545734222410165e-07
0.3745,6619.384744819737,0.0,0.0,2.4459713935457903,9.545891338095723e-07,9.545891338095714e-07
0.37455,6619.5065173496,0.0,0.0,2.446005915468948,9.546072524559392e-07,9.546072524559383e-07
0.37460000000000004,6619.627048660548,0.0,0.0,2.44604156816815,9.54621184377526e-07,9.546211843775252e-07
0.37465000000000004,6619.746345843239,0.0,0.0,2.446078301635918,9.546397356356948e-07,9.54639735635694e-07
0.37470000000000003,6619.864111353307,0.0,0.0,2.446116063097088,9.546522140349232e-07,9.546522140349223e-07
0.37475,6619.980254354824,0.0,0.0,2.4461547991810884,9.546706527008331e-07,9.54670652700832e-07
0.3748,6620.094584799953,0.0,0.0,2.446194454656986,9.546820606822108e-07,9.546820606822097e-07
0.37485,6620.206916074181,0.0,0.0,2.4462349730715216,9.5469982761764e-07,9.54699827617639e-07
0.3749,6620.31715869282,0.0,0.0,2.446276297052948,9.54710536427332e-07,9.54710536427331e-07
0.37495,6620.425045150837,0.0,0.0,2.4463183674103424,9.547271262482697e-07,9.547271262482686e-07
0.375,6620.530568131969,0.0,0.0,2.4463611249126607,9.547374343021229e-07,9.547374343021218e-07
0.37505,6620.633403826321,0.0,0.0,2.446404508034206,9.547524501138336e-07,9.547524501138328e-07
0.37510000000000004,6620.733600910787,0.0,0.0,2.44644845593868,9.547625384263788e-07,9.547625384263778e-07
0.37515000000000004,6620.830809370968,0.0,0.0,2.446492905213959,9.547757263025479e-07,9.54775726302547e-07
0.37520000000000003,6620.9251044148,0.0,0.0,2.446537793655826,9.547856360321234e-07,9.547856360321224e-07
0.37525000000000003,6621.016140793976,0.0,0.0,2.446583056443067,9.547968954441837e-07,9.547968954441828e-07
0.3753,6621.103992094462,0.0,0.0,2.4466286302378846,9.54806529683368e-07,9.54806529683367e-07
0.37535,6621.188345282572,0.0,0.0,2.4466744492978507,9.548159000109255e-07,9.548159000109244e-07
0.3754,6621.269249488062,0.0,0.0,2.4467204493973966,9.548250481344667e-07,9.548250481344656e-07
0.37545,6621.3464443166595,0.0,0.0,2.4467665643531653,9.548326750941022e-07,9.548326750941013e-07
0.3755,6621.419939783686,0.0,0.0,2.44681272932207,9.54841054500526e-07,9.54841054500525e-07
0.37555,6621.489539397571,0.0,0.0,2.4468588781368323,9.548471432607887e-07,9.548471432607879e-07
0.37560000000000004,6621.555208919336,0.0,0.0,2.4469049456410907,9.548544507468892e-07,9.548544507468883e-07
0.37565000000000004,6621.616817327526,0.0,0.0,2.446950866105897,9.548592142420238e-07,9.548592142420227e-07
0.37570000000000003,6621.674290224382,0.0,0.0,2.446996574404542,9.548651779443945e-07,9.548651779443934e-07
0.37575000000000003,6621.72755497924,0.0,0.0,2.4470420056276927,9.548687892562428e-07,9.548687892562418e-07
0.3758,6621.776508605968,0.0,0.0,2.4470870950590764,9.54873212290175e-07,9.54873212290174e-07
0.37585,6621.821123502864,0.0,0.0,2.447131778948674,9.548757689424389e-07,9.548757689424378e-07
0.3759,6621.861284278908,0.0,0.0,2.447175993403048,9.548785575310145e-07,9.548785575310134e-07
0.37595,6621.8969919299925,0.0,0.0,2.4472196761340954,9.54880063333594e-07,9.548800633335929e-07
0.376,6621.928136029894,0.0,0.0,2.447262764504443,9.548812350585852e-07,9.548812350585844e-07
0.37605,6621.954730148893,0.0,0.0,2.4473051979618314,9.548816021073387e-07,9.548816021073376e-07
0.37610000000000005,6621.976683997414,0.0,0.0,2.4473469155651646,9.548812734384811e-07,9.548812734384803e-07
0.37615000000000004,6621.994011241084,0.0,0.0,2.4473878587539533,9.548803434764428e-07,9.54880343476442e-07
0.37620000000000003,6622.006651939581,0.0,0.0,2.4474279687155067,9.54878699339529e-07,9.54878699339528e-07
0.37625000000000003,6622.014613183621,0.0,0.0,2.4474671891300797,9.548762804292484e-07,9.548762804292474e-07
0.3763,6622.017868955509,0.0,0.0,2.447505463723076,9.548735316475482e-07,9.548735316475471e-07
0.37635,6622.016419933079,0.0,0.0,2.4475427386670416,9.548694434867153e-07,9.548694434867144e-07
0.3764,6622.010270622652,0.0,0.0,2.4475789606008513,9.548657799716489e-07,9.548657799716478e-07
0.37645,6621.99942191449,0.0,0.0,2.4476140784499574,9.548598996249365e-07,9.548598996249357e-07
0.3765,6621.983899514444,0.0,0.0,2.4476480420996762,9.548554478879847e-07,9.548554478879838e-07
0.37655,6621.96371594098,0.0,0.0,2.4476808035004933,9.548477474827917e-07,9.548477474827906e-07
0.3766,6621.938905069024,0.0,0.0,2.4477123160711165,9.548425403094289e-07,9.548425403094278e-07
0.37665000000000004,6621.909504587611,0.0,0.0,2.4477425350687665,9.548331094311447e-07,9.548331094311437e-07
0.37670000000000003,6621.8755427909655,0.0,0.0,2.4477714176873673,9.548270735467833e-07,9.548270735467822e-07
0.37675000000000003,6621.837095036895,0.0,0.0,2.447798922776168,9.548161215204586e-07,9.548161215204576e-07
0.3768,6621.7941727818725,0.0,0.0,2.4478250115057296,9.5480908612366e-07,9.548090861236588e-07
0.37685,6621.746897405023,0.0,0.0,2.447849646597168,9.547969227153973e-07,9.547969227153964e-07
0.3769,6621.6952576114945,0.0,0.0,2.4478727933660744,9.547886483173602e-07,9.547886483173592e-07
0.37695,6621.639422548833,0.0,0.0,2.447894418669093,9.547756450887862e-07,9.547756450887852e-07
0.377,6621.57935955572,0.0,0.0,2.4479144921107023,9.547658686999518e-07,9.547658686999508e-07
0.37705,6621.515279346109,0.0,0.0,2.4479329849197784,9.547524066832724e-07,9.547524066832713e-07
0.3771,6621.447137240789,0.0,0.0,2.4479498711170145,9.547408965326432e-07,9.547408965326421e-07
0.37715000000000004,6621.375171437016,0.0,0.0,2.4479651265040068,9.54727308469678e-07,9.54727308469677e-07
0.37720000000000004,6621.299341741579,0.0,0.0,2.4479787296345243,9.547139195669381e-07,9.547139195669373e-07
0.37725000000000003,6621.219893414681,0.0,0.0,2.447990661040689,9.547004362208105e-07,9.547004362208095e-07
0.3773,6621.136812185781,0.0,0.0,2.448000903918824,9.546851574816807e-07,9.546851574816799e-07
0.37735,6621.050326457111,0.0,0.0,2.4480094436438367,9.546718672556954e-07,9.546718672556943e-07
0.3774,6620.960470914789,0.0,0.0,2.448016268156292,9.546548517500627e-07,9.546548517500616e-07
0.37745,6620.86743340242,0.0,0.0,2.4480213677415215,9.54641681061159e-07,9.54641681061158e-07
0.3775,6620.771318246042,0.0,0.0,2.4480247351744655,9.546232531513287e-07,9.546232531513276e-07
0.37755,6620.672253282046,0.0,0.0,2.448026365678214,9.546099719859845e-07,9.546099719859834e-07
0.3776,6620.570426873178,0.0,0.0,2.4480262569342175,9.545906084304695e-07,9.545906084304685e-07
0.37765000000000004,6620.465895341872,0.0,0.0,2.4480244090970977,9.545768617227346e-07,9.545768617227338e-07
0.37770000000000004,6620.358935929167,0.0,0.0,2.4480208248010227,9.545571477743675e-07,9.545571477743666e-07
0.37775000000000003,6620.249532596911,0.0,0.0,2.448015509100219,9.545425092671212e-07,9.545425092671202e-07
0.3778,6620.138044728093,0.0,0.0,2.4480084695938378,9.545230747968574e-07,9.545230747968566e-07
0.37785,6620.024394978223,0.0,0.0,2.447999716185586,9.545071164682446e-07,9.545071164682435e-07
0.3779,6619.909006193134,0.0,0.0,2.4479892614112972,9.544885605641442e-07,9.544885605641431e-07
0.37795,6619.791762141731,0.0,0.0,2.4479771199616,9.544709280449954e-07,9.544709280449943e-07
0.378,6619.673119974461,0.0,0.0,2.447963309236143,9.54453742786671e-07,9.5445374278667e-07
0.37805,6619.552956012877,0.0,0.0,2.4479478486404553,9.544342258584148e-07,9.544342258584138e-07
0.3781,6619.431725262273,0.0,0.0,2.44793076032002,9.544187306432435e-07,9.544187306432424e-07
0.37815000000000004,6619.309333141534,0.0,0.0,2.4479120683134012,9.54397318102669e-07,9.54397318102668e-07
0.37820000000000004,6619.186193305536,0.0,0.0,2.4478917993519755,9.543836148368145e-07,9.543836148368137e-07
0.37825000000000003,6619.062276935561,0.0,0.0,2.447869982011946,9.543605247693355e-07,9.543605247693347e-07
0.3783,6618.937919658771,0.0,0.0,2.4478466474152047,9.543484815520164e-07,9.543484815520153e-07
0.37835,6618.813189831188,0.0,0.0,2.4478218285602993,9.543241611761936e-07,9.543241611761926e-07
0.3784,6618.688316192106,0.0,0.0,2.4477955607377866,9.54313428188275e-07,9.54313428188274e-07
0.37845,6618.563485446142,0.0,0.0,2.4477678812254657,9.542885215432896e-07,9.542885215432887e-07
0.3785,6618.438802915933,0.0,0.0,2.447738829244315,9.542785782756865e-07,9.542785782756854e-07
0.37855,6618.31458074664,0.0,0.0,2.4477084461725194,9.542538645782656e-07,9.542538645782646e-07
0.3786,6618.190799685767,0.0,0.0,2.4476767749164803,9.542440929862703e-07,9.542440929862692e-07
0.37865000000000004,6618.067888248103,0.0,0.0,2.447643860733647,9.542204028411416e-07,9.542204028411406e-07
0.37870000000000004,6617.945717864374,0.0,0.0,2.447609749971762,9.542101771463574e-07,9.542101771463564e-07
0.37875000000000003,6617.824808259133,0.0,0.0,2.4475744915005615,9.541882973065538e-07,9.541882973065528e-07
0.3788,6617.70495202623,0.0,0.0,2.4475381348704346,9.541770785455618e-07,9.541770785455608e-07
0.37885,6617.586721174514,0.0,0.0,2.4475007322508664,9.541576580129198e-07,9.541576580129188e-07
0.3789,6617.469871789637,0.0,0.0,2.447462336162087,9.541450804227664e-07,9.541450804227653e-07
0.37895,6617.354979823813,0.0,0.0,2.4474230017198657,9.541285509847373e-07,9.541285509847363e-07
0.379,6617.241813858525,0.0,0.0,2.4473827841837714,9.541144880663368e-07,9.541144880663357e-07
0.37905,6617.130901888091,0.0,0.0,2.4473417412302063,9.5410101076356e-07,9.541010107635589e-07
0.3791,6617.022074344585,0.0,0.0,2.4472999306227408,9.540856113013632e-07,9.540856113013621e-07
0.37915000000000004,6616.91576240925,0.0,0.0,2.4472574121925548,9.54075056998245e-07,9.54075056998244e-07
0.37920000000000004,6616.811901426573,0.0,0.0,2.447214245957498,9.540587451334988e-07,9.540587451334977e-07
0.37925000000000003,6616.710786428984,0.0,0.0,2.447170493491275,9.540507127823233e-07,9.540507127823222e-07
0.3793,6616.612488386535,0.0,0.0,2.4471262167915517,9.540341509669918e-07,9.540341509669907e-07
0.37935,6616.517141810547,0.0,0.0,2.447081478769773,9.540280219727659e-07,9.540280219727648e-07
0.3794,6616.424967044891,0.0,0.0,2.4470363430948736,9.54012040655461e-07,9.540120406554599e-07
0.37945,6616.335932308626,0.0,0.0,2.446990873630807,9.540070627263728e-07,9.540070627263717e-07
0.3795,6616.250401602346,0.0,0.0,2.446945135368565,9.539925652675581e-07,9.53992565267557e-07
0.37955,6616.168190962955,0.0,0.0,2.4468991927675683,9.539879549901026e-07,9.539879549901015e-07
0.3796,6616.089782883914,0.0,0.0,2.4468531117486583,9.539758099170166e-07,9.539758099170156e-07
0.37965000000000004,6616.014873895898,0.0,0.0,2.4468069570418325,9.539708606159423e-07,9.539708606159412e-07
0.37970000000000004,6615.944022976118,0.0,0.0,2.4467607950653374,9.53961795357371e-07,9.539617953573699e-07
0.37975000000000003,6615.876854591534,0.0,0.0,2.446714690525767,9.53955975944998e-07,9.53955975944997e-07
0.3798,6615.813950247565,0.0,0.0,2.446668709874143,9.53950486296674e-07,9.53950486296673e-07
0.37985,6615.754918727052,0.0,0.0,2.446622917524271,9.53943517887739e-07,9.53943517887738e-07
0.3799,6615.700304749632,0.0,0.0,2.446577379475894,9.539418055674788e-07,9.539418055674778e-07
0.37995,6615.649759611711,0.0,0.0,2.446532159594825,9.539337054822742e-07,9.53933705482273e-07
0.38,6615.603734004877,0.0,0.0,2.4464873229421933,9.539356524725807e-07,9.539356524725796e-07
0.38005,6615.561974272221,0.0,0.0,2.446442932581847,9.53926739486113e-07,9.53926739486112e-07
0.3801,6615.524789203277,0.0,0.0,2.4463990521633945,9.53931922928249e-07,9.53931922928248e-07
0.38015000000000004,6615.492060202339,0.0,0.0,2.4463557436825005,9.53922782703651e-07,9.5392278270365e-07
0.38020000000000004,6615.4639218418915,0.0,0.0,2.4463130689358636,9.539305286068323e-07,9.539305286068312e-07
0.38025000000000003,6615.440412775164,0.0,0.0,2.446271088560663,9.539219435114255e-07,9.539219435114245e-07
0.3803,6615.421480854015,0.0,0.0,2.446229862105185,9.539314122726859e-07,9.539314122726848e-07
0.38035,6615.40732330011,0.0,0.0,2.44618944852553,9.53924264534094e-07,9.53924264534093e-07
0.3804,6615.3977102836,0.0,0.0,2.4461499047817292,9.539345569765073e-07,9.539345569765063e-07
0.38045,6615.392977693073,0.0,0.0,2.446111287790923,9.539297177510658e-07,9.539297177510647e-07
0.3805,6615.392747562438,0.0,0.0,2.4460736516446335,9.539399876853365e-07,9.539399876853354e-07
0.38055,6615.397455723495,0.0,0.0,2.4460370508309293,9.539382065726646e-07,9.539382065726635e-07
0.3806,6615.406622443936,0.0,0.0,2.446001536349759,9.539477651118139e-07,9.539477651118128e-07
0.38065000000000004,6615.420730800347,0.0,0.0,2.4459671598469623,9.539495746605503e-07,9.539495746605493e-07
0.38070000000000004,6615.439256637847,0.0,0.0,2.4459339690566497,9.539579727428654e-07,9.539579727428643e-07
0.38075000000000003,6615.462670266382,0.0,0.0,2.4459020123607123,9.539636205071377e-07,9.539636205071367e-07
0.3808,6615.490464173423,0.0,0.0,2.4458713340888107,9.539706990969222e-07,9.539706990969211e-07
0.38085,6615.523036179853,0.0,0.0,2.445841978946799,9.539801160788664e-07,9.539801160788653e-07
0.3809,6615.559952500714,0.0,0.0,2.4458139877408662,9.539860178781674e-07,9.539860178781664e-07
0.38095,6615.601486576151,0.0,0.0,2.445787401118147,9.539988272339653e-07,9.539988272339642e-07
0.381,6615.647324317326,0.0,0.0,2.4457622562452785,9.540039688596373e-07,9.540039688596363e-07
0.38105,6615.697577216341,0.0,0.0,2.4457385893763157,9.540195332687156e-07,9.540195332687145e-07
0.3811,6615.752080089103,0.0,0.0,2.4457164339103703,9.540245420441761e-07,9.54024542044175e-07
0.38115000000000004,6615.810763839875,0.0,0.0,2.4456958214380875,9.540420429340985e-07,9.540420429340975e-07
0.38120000000000004,6615.873621215887,0.0,0.0,2.445676781440377,9.54047667048996e-07,9.54047667048995e-07
0.38125000000000003,6615.9404049480745,0.0,0.0,2.445659340648661,9.540662046782355e-07,9.540662046782344e-07
0.38130000000000003,6616.011253781544,0.0,0.0,2.4456435244471715,9.540732088788025e-07,9.540732088788015e-07
0.38135,6616.085765145494,0.0,0.0,2.4456293545907477,9.540919096946569e-07,9.540919096946558e-07
0.3814,6616.1641928228055,0.0,0.0,2.445616852162189,9.541009704393617e-07,9.541009704393607e-07
0.38145,6616.24601906327,0.0,0.0,2.4456060338977537,9.54119087468996e-07,9.54119087468995e-07
0.3815,6616.331567051009,0.0,0.0,2.445596916355922,9.541307013753942e-07,9.541307013753931e-07
0.38155,6616.420255877888,0.0,0.0,2.4455895112780413,9.541476947160566e-07,9.541476947160555e-07
0.3816,6616.512423969238,0.0,0.0,2.4455838304711475,9.541621121380449e-07,9.541621121380438e-07
0.38165000000000004,6616.60748442338,0.0,0.0,2.4455798807560405,9.541776996321561e-07,9.54177699632155e-07
0.38170000000000004,6616.7057353372875,0.0,0.0,2.445577668974865,9.541948916148884e-07,9.541948916148874e-07
0.38175000000000003,6616.806638877561,0.0,0.0,2.445577197134675,9.542090640554262e-07,9.542090640554251e-07
0.38180000000000003,6616.910402951602,0.0,0.0,2.4455784669326497,9.54228726214332e-07,9.54228726214331e-07
0.38185,6617.016584982207,0.0,0.0,2.4455814756822574,9.542417263075698e-07,9.542417263075687e-07
0.3819,6617.12526472105,0.0,0.0,2.4455862198079155,9.542633180523679e-07,9.542633180523668e-07
0.38195,6617.236126740613,0.0,0.0,2.445592692045652,9.54275587196226e-07,9.54275587196225e-07
0.382,6617.349101030866,0.0,0.0,2.4456008834872818,9.542983999130214e-07,9.542983999130203e-07
0.38205,6617.4640135203945,0.0,0.0,2.445610782390152,9.543105010028448e-07,9.543105010028437e-07
0.3821,6617.580641395898,0.0,0.0,2.445622374531973,9.543337450196006e-07,9.543337450195995e-07
0.38215000000000005,6617.698947480893,0.0,0.0,2.445635643765171,9.543462724363173e-07,9.543462724363162e-07
0.38220000000000004,6617.818571405501,0.0,0.0,2.4456505706539016,9.543691703645152e-07,9.543691703645142e-07
0.38225000000000003,6617.939591241494,0.0,0.0,2.4456671346935055,9.543826596777142e-07,9.543826596777132e-07
0.38230000000000003,6618.061539960423,0.0,0.0,2.4456853114137616,9.544045333246958e-07,9.544045333246948e-07
0.38235,6618.184575709818,0.0,0.0,2.4457050759806376,9.54419382891636e-07,9.544193828916349e-07
0.3824,6618.308166792134,0.0,0.0,2.445726399137195,9.54439722371173e-07,9.54439722371172e-07
0.38245,6618.4325079984865,0.0,0.0,2.445749251739268,9.544561369999055e-07,9.544561369999044e-07
0.3825,6618.557050242537,0.0,0.0,2.4457736000437884,9.544746436412007e-07,9.544746436411997e-07
0.38255,6618.681979370549,0.0,0.0,2.4457994106230467,9.544926071035675e-07,9.544926071035664e-07
0.3826,6618.806775266414,0.0,0.0,2.4458266455824127,9.545092057775345e-07,9.545092057775334e-07
0.38265000000000005,6618.931573169583,0.0,0.0,2.4458552672623126,9.545284846888196e-07,9.545284846888185e-07
0.38270000000000004,6619.055921602436,0.0,0.0,2.4458852339651576,9.545433056103959e-07,9.545433056103948e-07
0.38275000000000003,6619.179872703958,0.0,0.0,2.4459165038934962,9.545634826659591e-07,9.54563482665958e-07
0.38280000000000003,6619.303072045438,0.0,0.0,2.4459490318909647,9.545768169518915e-07,9.545768169518904e-07
0.38285,6619.425469067267,0.0,0.0,2.4459827721727962,9.545973473931812e-07,9.545973473931801e-07
0.3829,6619.546820741223,0.0,0.0,2.446017676448901,9.546095840865864e-07,9.546095840865854e-07
0.38295,6619.666968885135,0.0,0.0,2.446053695163695,9.546298661778323e-07,9.546298661778312e-07
0.383,6619.785781421023,0.0,0.0,2.4460907771899754,9.546414206575392e-07,9.546414206575382e-07
0.38305,6619.903001980922,0.0,0.0,2.446128869486923,9.546608693388892e-07,9.546608693388881e-07
0.3831,6620.0185954927,0.0,0.0,2.446167918355418,9.54672113766679e-07,9.54672113766678e-07
0.38315000000000005,6620.132228951443,0.0,0.0,2.4462078676205556,9.546902267200734e-07,9.546902267200723e-07
0.38320000000000004,6620.243939912332,0.0,0.0,2.446248661248449,9.547014323865872e-07,9.54701432386586e-07
0.38325000000000004,6620.353348635663,0.0,0.0,2.4462902403370737,9.547178394424156e-07,9.547178394424146e-07
0.38330000000000003,6620.460534771022,0.0,0.0,2.446332546735774,9.547291387048288e-07,9.547291387048277e-07
0.38335,6620.565105449591,0.0,0.0,2.4463755192634413,9.547436285008917e-07,9.547436285008906e-07
0.3834,6620.667150545299,0.0,0.0,2.446419097864332,9.547550007904092e-07,9.547550007904081e-07
0.38345,6620.766296547705,0.0,0.0,2.446463219549513,9.547675223542549e-07,9.547675223542538e-07
0.3835,6620.862614975571,0.0,0.0,2.446507822578234,9.547788049438282e-07,9.547788049438271e-07
0.38355,6620.955778759512,0.0,0.0,2.4465528426294667,9.547894457862057e-07,9.547894457862046e-07
0.3836,6621.045819550599,0.0,0.0,2.4465982165202846,9.548003662134836e-07,9.548003662134826e-07
0.38365,6621.132475240387,0.0,0.0,2.446643879060409,9.548093119936249e-07,9.548093119936238e-07
0.38370000000000004,6621.21572558821,0.0,0.0,2.4466897659021005,9.548195358039384e-07,9.548195358039374e-07
0.38375000000000004,6621.295381769722,0.0,0.0,2.446735811421828,9.54827019157821e-07,9.5482701915782e-07
0.38380000000000003,6621.371369909522,0.0,0.0,2.446781950426471,9.54836204470119e-07,9.548362044701179e-07
0.38385,6621.443572629369,0.0,0.0,2.4468281172592685,9.548424518539323e-07,9.548424518539313e-07
0.3839,6621.5118701065385,0.0,0.0,2.446874246245364,9.54850301494707e-07,9.54850301494706e-07
0.38395,6621.576205999367,0.0,0.0,2.4469202720553103,9.54855486763981e-07,9.5485548676398e-07
0.384,6621.6364294009345,0.0,0.0,2.4469661289368254,9.54861789473173e-07,9.54861789473172e-07
0.38405,6621.692528817857,0.0,0.0,2.4470117522108636,9.548660014673614e-07,9.548660014673604e-07
0.3841,6621.744341085198,0.0,0.0,2.447057076483922,9.548706558117347e-07,9.548706558117336e-07
0.38415,6621.791881064942,0.0,0.0,2.447102038019735,9.54873884699214e-07,9.548738846992129e-07
0.38420000000000004,6621.834992528874,0.0,0.0,2.4471465722388723,9.548769024553764e-07,9.548769024553753e-07
0.38425000000000004,6621.873699445351,0.0,0.0,2.4471906166195443,9.548790464033757e-07,9.548790464033746e-07
0.38430000000000003,6621.907868722645,0.0,0.0,2.447234107855614,9.548805357525345e-07,9.548805357525335e-07
0.38435,6621.937520460092,0.0,0.0,2.447276984902251,9.548814261002162e-07,9.548814261002151e-07
0.3844,6621.962555324784,0.0,0.0,2.4473191861742096,9.548815584006804e-07,9.548815584006794e-07
0.38445,6621.98298287031,0.0,0.0,2.4473606523678475,9.548809984410876e-07,9.548809984410865e-07
0.3845,6621.998741168813,0.0,0.0,2.447401324040771,9.548799650505041e-07,9.54879965050503e-07
0.38455,6622.009829566783,0.0,0.0,2.4474411439051655,9.548777752448551e-07,9.54877775244854e-07
0.3846,6622.016220189762,0.0,0.0,2.4474800550469404,9.548757424296651e-07,9.54875742429664e-07
0.38465,6622.017908863714,0.0,0.0,2.4475180024841867,9.54871803759787e-07,9.548718037597859e-07
0.38470000000000004,6622.014892729979,0.0,0.0,2.4475549321734373,9.548688739367494e-07,9.548688739367484e-07
0.38475000000000004,6622.007175236342,0.0,0.0,2.4475907917448083,9.548631613550502e-07,9.548631613550492e-07
0.38480000000000003,6621.994766193422,0.0,0.0,2.4476255303227137,9.54859347765099e-07,9.54859347765098e-07
0.38485,6621.977689518206,0.0,0.0,2.4476590984676054,9.548519473190492e-07,9.548519473190481e-07
0.3849,6621.955955029577,0.0,0.0,2.447691448726448,9.54847166950139e-07,9.54847166950138e-07
0.38495,6621.929618567034,0.0,0.0,2.447722534912812,9.548382729030814e-07,9.548382729030803e-07
0.385,6621.898680042648,0.0,0.0,2.447752313214301,9.548323594273805e-07,9.548323594273795e-07
0.38505,6621.863234399694,0.0,0.0,2.4477807410144714,9.548222511304332e-07,9.548222511304322e-07
0.3851,6621.823267037032,0.0,0.0,2.447807778331233,9.54814986272707e-07,9.54814986272706e-07
0.38515,6621.778912788399,0.0,0.0,2.447833386417522,9.548039880905197e-07,9.548039880905186e-07
0.38520000000000004,6621.730144824173,0.0,0.0,2.447857529291517,9.547951467004578e-07,9.547951467004568e-07
0.38525000000000004,6621.677131303933,0.0,0.0,2.4478801723464216,9.54783577352079e-07,9.54783577352078e-07
0.38530000000000003,6621.619842627252,0.0,0.0,2.4479012837585965,9.54772978987403e-07,9.54772978987402e-07
0.38535,6621.558466789098,0.0,0.0,2.44792083329486,9.547610987033034e-07,9.547610987033023e-07
0.3854,6621.492986927043,0.0,0.0,2.4479387934409007,9.547486571295458e-07,9.547486571295447e-07
0.38545,6621.423592247205,0.0,0.0,2.4479551385270826,9.547366216949837e-07,9.547366216949826e-07
0.3855,6621.350297794726,0.0,0.0,2.4479698454948067,9.54722383620489e-07,9.54722383620488e-07
0.38555,6621.273273136882,0.0,0.0,2.447982893382397,9.547102135532762e-07,9.547102135532752e-07
0.3856,6621.192584754669,0.0,0.0,2.447994263727025,9.546943792161552e-07,9.546943792161541e-07
0.38565,6621.1083630754465,0.0,0.0,2.448003940375532,9.546819501439123e-07,9.546819501439112e-07
0.38570000000000004,6621.020742213834,0.0,0.0,2.4480119095897885,9.54664870914593e-07,9.546648709145919e-07
0.38575000000000004,6620.929798966544,0.0,0.0,2.4480181600866775,9.546519280181202e-07,9.546519280181191e-07
0.38580000000000003,6620.835744485419,0.0,0.0,2.4480226829633747,9.546340796409915e-07,9.546340796409905e-07
0.38585,6620.738595583447,0.0,0.0,2.4480254718362153,9.546202753100218e-07,9.546202753100207e-07
0.3859,6620.638640424334,0.0,0.0,2.4480265227216487,9.546022092705434e-07,9.546022092705423e-07
0.38595,6620.535839653729,0.0,0.0,2.4480258341403833,9.545871594395153e-07,9.545871594395142e-07
0.386,6620.430547683889,0.0,0.0,2.4480234070774856,9.545694386040283e-07,9.545694386040273e-07
0.38605,6620.322683503649,0.0,0.0,2.448019244945358,9.545527901399743e-07,9.545527901399732e-07
0.3861,6620.212646596839,0.0,0.0,2.4480133537061315,9.545359176679034e-07,9.545359176679023e-07
0.38615,6620.10033832887,0.0,0.0,2.4480057416385015,9.54517417130766e-07,9.545174171307648e-07
0.38620000000000004,6619.986173683069,0.0,0.0,2.4479964196457646,9.545017692018497e-07,9.545017692018487e-07
0.38625000000000004,6619.870067161251,0.0,0.0,2.447985400836761,9.544813226033534e-07,9.544813226033523e-07
0.38630000000000003,6619.752414789127,0.0,0.0,2.44797270097574,9.544670954420452e-07,9.544670954420441e-07
0.38635,6619.633177599966,0.0,0.0,2.4479583379534864,9.544448094331165e-07,9.544448094331154e-07
0.3864,6619.512697873329,0.0,0.0,2.4479423322742333,9.544319894074216e-07,9.544319894074205e-07
0.38645,6619.391014367692,0.0,0.0,2.447924706546115,9.544081865690835e-07,9.544081865690824e-07
0.3865,6619.268385462335,0.0,0.0,2.4479054858582203,9.543965490285075e-07,9.543965490285065e-07
0.38655,6619.144951742845,0.0,0.0,2.4478846974484214,9.543717533670472e-07,9.54371753367046e-07
0.3866,6619.020866819254,0.0,0.0,2.4478623708099727,9.543608918214827e-07,9.543608918214816e-07
0.38665,6618.8963859057685,0.0,0.0,2.447838537692181,9.543357847413367e-07,9.543357847413356e-07
0.38670000000000004,6618.771549879062,0.0,0.0,2.447813231795442,9.543251675769798e-07,9.543251675769788e-07
0.38675000000000004,6618.646727224702,0.0,0.0,2.4477864892242387,9.54300518944652e-07,9.543005189446508e-07
0.38680000000000003,6618.521853019737,0.0,0.0,2.4477583476811158,9.542895667766146e-07,9.542895667766136e-07
0.38685,6618.397392497119,0.0,0.0,2.447728847426108,9.54266149561804e-07,9.54266149561803e-07
0.3869,6618.273196748283,0.0,0.0,2.44769802995707,9.542543231277077e-07,9.542543231277067e-07
0.38695,6618.149797155012,0.0,0.0,2.4476659394442764,9.54232822902452e-07,9.542328229024509e-07
0.387,6618.026995385254,0.0,0.0,2.447632620975056,9.5421970956998e-07,9.54219709569979e-07
0.38705,6617.905347441903,0.0,0.0,2.44759812234046,9.54200641387805e-07,9.542006413878039e-07
0.3871,6617.784648830892,0.0,0.0,2.4475624920115124,9.541860281433633e-07,9.541860281433623e-07
0.38715,6617.665432572154,0.0,0.0,2.4475257810720366,9.541696727566262e-07,9.54169672756625e-07
0.38720000000000004,6617.547534489724,0.0,0.0,2.4474880411663964,9.541535950167334e-07,9.541535950167323e-07
0.38725000000000004,6617.431416892703,0.0,0.0,2.447449326313859,9.541399640415739e-07,9.541399640415728e-07
0.38730000000000003,6617.316999418459,0.0,0.0,2.447409691109629,9.54122722613579e-07,9.54122722613578e-07
0.38735,6617.204632079173,0.0,0.0,2.447369192133566,9.541115584324848e-07,9.541115584324837e-07
0.3874,6617.094352748112,0.0,0.0,2.4473278866878188,9.540937010818965e-07,9.540937010818954e-07
0.38745,6616.986369412789,0.0,0.0,2.4472858335333667,9.540845125241383e-07,9.540845125241373e-07
0.3875,6616.880858413969,0.0,0.0,2.447243092404688,9.540667813598749e-07,9.540667813598738e-07
0.38755,6616.777872199086,0.0,0.0,2.4471997238720666,9.540589112174253e-07,9.540589112174243e-07
0.3876,6616.677728212445,0.0,0.0,2.4471557897893246,9.540421618491737e-07,9.540421618491726e-07
0.38765,6616.58032840039,0.0,0.0,2.4471113521818464,9.540348777926317e-07,9.540348777926307e-07
0.38770000000000004,6616.486115190649,0.0,0.0,2.4470664746670114,9.54019980292503e-07,9.54019980292502e-07
0.38775000000000004,6616.39486356263,0.0,0.0,2.4470212203949315,9.540125773896823e-07,9.540125773896812e-07
0.38780000000000003,6616.307107366481,0.0,0.0,2.4469756543479217,9.540003118959464e-07,9.540003118959454e-07
0.38785000000000003,6616.222534117842,0.0,0.0,2.4469298404958546,9.53992213175883e-07,9.539922131758819e-07
0.3879,6616.141721775013,0.0,0.0,2.4468838447494456,9.539831740643314e-07,9.539831740643303e-07
0.38795,6616.064321140241,0.0,0.0,2.446837731615466,9.539740156409945e-07,9.539740156409934e-07
0.388,6615.990898839235,0.0,0.0,2.4467915674683134,9.539685373409274e-07,9.539685373409263e-07
0.38805,6615.921124622969,0.0,0.0,2.446745417083207,9.539582265045711e-07,9.5395822650457e-07
0.3881,6615.855497072794,0.0,0.0,2.446699346818998,9.53956341317306e-07,9.53956341317305e-07
0.38815,6615.793758327301,0.0,0.0,2.4466534214544056,9.539450794591529e-07,9.539450794591518e-07
0.38820000000000005,6615.736288133246,0.0,0.0,2.446607706855126,9.53946513506992e-07,9.539465135069909e-07
0.38825000000000004,6615.682945238379,0.0,0.0,2.4465622675295076,9.539347803198723e-07,9.539347803198712e-07
0.38830000000000003,6615.633952258959,0.0,0.0,2.4465171683907787,9.539389886022869e-07,9.539389886022858e-07
0.38835000000000003,6615.589313641147,0.0,0.0,2.446472473382186,9.539274891047256e-07,9.539274891047246e-07
0.3884,6615.549074135637,0.0,0.0,2.4464282460386335,9.539337253153636e-07,9.539337253153626e-07
0.38845,6615.513393813531,0.0,0.0,2.446384549413233,9.539233062131795e-07,9.539233062131784e-07
0.3885,6615.482139248524,0.0,0.0,2.446341445281867,9.539307182384414e-07,9.539307182384403e-07
0.38855,6615.455615318327,0.0,0.0,2.4462989954469716,9.539222643086118e-07,9.539222643086107e-07
0.3886,6615.433530782783,0.0,0.0,2.446257259596603,9.53930002859645e-07,9.539300028596439e-07
0.38865,6615.416304866827,0.0,0.0,2.4462162978867,9.539243268307702e-07,9.53924326830769e-07
0.38870000000000005,6615.403527133098,0.0,0.0,2.4461761676414575,9.53931652926759e-07,9.53931652926758e-07
0.38875000000000004,6615.395684723778,0.0,0.0,2.4461369269453432,9.539293933319678e-07,9.539293933319667e-07
0.38880000000000003,6615.392300078096,0.0,0.0,2.44609863053038,9.539357705622383e-07,9.539357705622372e-07
0.38885000000000003,6615.393871625807,0.0,0.0,2.4460613339670942,9.539373110692996e-07,9.539373110692985e-07
0.3889,6615.399913661493,0.0,0.0,2.4460250892045248,9.53942470656456e-07,9.53942470656455e-07
0.38895,6615.410876194535,0.0,0.0,2.4459899488553423,9.539478915373256e-07,9.539478915373245e-07
0.389,6615.426323805274,0.0,0.0,2.445955961918339,9.539518618837883e-07,9.539518618837873e-07
0.38905,6615.446602836189,0.0,0.0,2.4459231776216135,9.53960929949285e-07,9.53960929949284e-07
0.3891,6615.4713786600905,0.0,0.0,2.445891641854374,9.53964027075048e-07,9.539640270750469e-07
0.38915,6615.500850134249,0.0,0.0,2.4458614000696253,9.539762251764348e-07,9.539762251764337e-07
0.38920000000000005,6615.53481967719,0.0,0.0,2.4458324948805763,9.53979005613483e-07,9.539790056134819e-07
0.38925000000000004,6615.573311753233,0.0,0.0,2.445804967627824,9.539935974583023e-07,9.539935974583012e-07
0.38930000000000003,6615.61628336861,0.0,0.0,2.445778857462962,9.539967800868379e-07,9.539967800868368e-07
0.38935000000000003,6615.663577881963,0.0,0.0,2.445754201342977,9.540129013974505e-07,9.540129013974495e-07
0.3894,6615.715303706685,0.0,0.0,2.445731034745685,9.540172687528154e-07,9.540172687528144e-07
0.38945,6615.7711372494805,0.0,0.0,2.4457093900465052,9.540340323868875e-07,9.540340323868864e-07
0.3895,6615.831315106238,0.0,0.0,2.4456892988094907,9.54040324598128e-07,9.540403245981269e-07
0.38955,6615.895379745125,0.0,0.0,2.4456707887042795,9.54056925605443e-07,9.54056925605442e-07
0.3896,6615.96365592922,0.0,0.0,2.445653887118563,9.540657409945297e-07,9.540657409945286e-07
0.38965,6616.035599668048,0.0,0.0,2.4456386169595397,9.540815478909116e-07,9.540815478909105e-07
0.38970000000000005,6616.111572455611,0.0,0.0,2.4456250011646397,9.540932632289525e-07,9.540932632289514e-07
0.38975000000000004,6616.190999617365,0.0,0.0,2.445613057877506,9.541078839257456e-07,9.541078839257446e-07
0.38980000000000004,6616.27422327329,0.0,0.0,2.445602805316193,9.541226045426486e-07,9.541226045426476e-07
0.38985000000000003,6616.360695018252,0.0,0.0,2.445594256899032,9.541359190199888e-07,9.541359190199877e-07
0.3899,6616.450684051238,0.0,0.0,2.4455874258792885,9.541534647766164e-07,9.541534647766154e-07
0.38995,6616.5437192592635,0.0,0.0,2.445582321009424,9.541656211956822e-07,9.541656211956812e-07
0.39,6616.6399526751375,0.0,0.0,2.445578950375568,9.541855493476574e-07,9.541855493476565e-07
0.39005,6616.739029397358,0.0,0.0,2.4455773181272615,9.541969252143746e-07,9.541969252143735e-07
0.3901,6616.840954736053,0.0,0.0,2.445577427041559,9.542185861472537e-07,9.542185861472526e-07
0.39015,6616.945512370569,0.0,0.0,2.445579276716737,9.542297207180645e-07,9.542297207180634e-07
0.3902,6617.05254937361,0.0,0.0,2.4455828645522937,9.542523381450961e-07,9.54252338145095e-07
0.39025000000000004,6617.16199164518,0.0,0.0,2.4455881856256867,9.542638459122947e-07,9.542638459122936e-07
0.39030000000000004,6617.27353547943,0.0,0.0,2.445595231970921,9.542866100322347e-07,9.542866100322337e-07
0.39035000000000003,6617.3872342185105,0.0,0.0,2.4456039941501646,9.542990873828325e-07,9.542990873828315e-07
0.3904,6617.502658266134,0.0,0.0,2.4456144589247226,9.543212481099054e-07,9.543212481099043e-07
0.39045,6617.619957896848,0.0,0.0,2.4456266123250723,9.543351858418573e-07,9.543351858418563e-07
0.3905,6617.738616201165,0.0,0.0,2.4456404360066095,9.543561336931204e-07,9.543561336931194e-07
0.39055,6617.858838774385,0.0,0.0,2.4456559114390433,9.54371846928502e-07,9.543718469285009e-07
0.3906,6617.980068292589,0.0,0.0,2.4456730153998705,9.543911713442314e-07,9.543911713442303e-07
0.39065,6618.102518848738,0.0,0.0,2.445691724770503,9.544087556726916e-07,9.544087556726905e-07
0.3907,6618.225641700052,0.0,0.0,2.4457120117226085,9.544262740661284e-07,9.544262740661274e-07
0.39075000000000004,6618.349613722077,0.0,0.0,2.4457338485405615,9.54445592864582e-07,9.544455928645808e-07
0.39080000000000004,6618.473939626685,0.0,0.0,2.445757203087001,9.5446134799389e-07,9.544613479938892e-07
0.39085000000000003,6618.598720351594,0.0,0.0,2.445782043077193,9.544820513645534e-07,9.544820513645523e-07
0.3909,6618.723549432628,0.0,0.0,2.445808332367227,9.544962790553168e-07,9.544962790553158e-07
0.39095,6618.848424825493,0.0,0.0,2.4458360341839445,9.545178503635432e-07,9.545178503635422e-07
0.391,6618.973050897408,0.0,0.0,2.4458651086686665,9.545309235751453e-07,9.545309235751442e-07
0.39105,6619.097310151522,0.0,0.0,2.445895514705308,9.545527458108574e-07,9.545527458108563e-07
0.3911,6619.221024549736,0.0,0.0,2.445927208989766,9.54565104014273e-07,9.545651040142716e-07
0.39115,6619.343964049705,0.0,0.0,2.4459601462797527,9.545865357005396e-07,9.545865357005385e-07
0.3912,6619.4660599806,0.0,0.0,2.4459942800668517,9.545986101589046e-07,9.545986101589036e-07
0.39125000000000004,6619.586986741679,0.0,0.0,2.4460295612703757,9.54619059633207e-07,9.546190596332058e-07
0.39130000000000004,6619.706764057561,0.0,0.0,2.446065940391098,9.54631205274841e-07,9.5463120527484e-07
0.39135000000000003,6619.824998723768,0.0,0.0,2.4461033648621044,9.546501929631109e-07,9.546501929631096e-07
0.3914,6619.941768967027,0.0,0.0,2.4461417823858884,9.546626361353863e-07,9.546626361353852e-07
0.39145,6620.056648501584,0.0,0.0,2.4461811373134243,9.546798367371335e-07,9.546798367371324e-07
0.3915,6620.169740022661,0.0,0.0,2.4462213747319153,9.546926454546376e-07,9.546926454546365e-07
0.39155,6620.280620252298,0.0,0.0,2.446262436349704,9.547079053450233e-07,9.547079053450223e-07
0.3916,6620.389383193071,0.0,0.0,2.446304264826544,9.547209850898494e-07,9.547209850898481e-07
0.39165,6620.495641367283,0.0,0.0,2.446346799684362,9.547343141555675e-07,9.547343141555664e-07
0.3917,6620.599452316482,0.0,0.0,2.4463899813632737,9.547474283784472e-07,9.547474283784459e-07
0.39175000000000004,6620.677906429135,0.0,0.0,2.446433667111752,9.547276290095148e-07,9.547276290095138e-07
0.39180000000000004,6620.718730885211,0.0,0.0,2.446477741815231,9.547233118823056e-07,9.547233118823046e-07
0.39185000000000003,6620.763772517569,0.0,0.0,2.4465222301254133,9.547437338644813e-07,9.547437338644802e-07
0.3919,6620.819768710317,0.0,0.0,2.4465669896219087,9.547483406077463e-07,9.54748340607745e-07
0.39195,6620.869635964276,0.0,0.0,2.446611882858869,9.54753737594775e-07,9.54753737594774e-07
0.392,6620.9219613104015,0.0,0.0,2.4466569196332406,9.547623603059663e-07,9.547623603059652e-07
0.39205,6620.975019686387,0.0,0.0,2.446702031657077,9.547710218726455e-07,9.547710218726442e-07
0.3921,6621.04262889039,0.0,0.0,2.446747227983108,9.54793127166099e-07,9.54793127166098e-07
0.39215,6621.110471031118,0.0,0.0,2.4467924038168154,9.547887876522461e-07,9.54788787652245e-07
0.3922,6621.157721168364,0.0,0.0,2.446837455276618,9.547890347168713e-07,9.5478903471687e-07
0.39225000000000004,6621.209497386559,0.0,0.0,2.4468824580755015,9.548053525547264e-07,9.548053525547254e-07
0.39230000000000004,6621.265359267759,0.0,0.0,2.446927299479568,9.548066235183807e-07,9.548066235183797e-07
0.39235000000000003,6621.309654814972,0.0,0.0,2.446971846633953,9.548078905748228e-07,9.548078905748217e-07
0.3924,6621.353851066675,0.0,0.0,2.447016129492132,9.548168894352554e-07,9.548168894352544e-07
0.39245,6621.403573010226,0.0,0.0,2.4470601018605143,9.548232014076737e-07,9.548232014076724e-07
0.3925,6621.453132110712,0.0,0.0,2.447103680036564,9.548282166120127e-07,9.548282166120114e-07
0.39255,6621.497252962901,0.0,0.0,2.447146814027898,9.548288111436e-07,9.548288111435987e-07
0.3926,6621.5284008875215,0.0,0.0,2.447189413592138,9.548281838507601e-07,9.54828183850759e-07
0.39265,6621.557376790355,0.0,0.0,2.4472314946308336,9.54832128244689e-07,9.54832128244688e-07
0.3927,6621.587009378614,0.0,0.0,2.447272983827485,9.54832502243527e-07,9.54832502243526e-07
0.39275000000000004,6621.609321125144,0.0,0.0,2.4473137479625784,9.54832430696808e-07,9.548324306968066e-07
0.39280000000000004,6621.628327949779,0.0,0.0,2.4473538050203607,9.54831235119398e-07,9.54831235119397e-07
0.39285000000000003,6621.644643132889,0.0,0.0,2.4473931074335704,9.548291026164512e-07,9.548291026164499e-07
0.3929,6621.655545927355,0.0,0.0,2.4474315688604307,9.548276921943886e-07,9.548276921943875e-07
0.39295,6621.66090235926,0.0,0.0,2.4474691523432743,9.548245335168236e-07,9.548245335168226e-07
0.393,6621.661040483788,0.0,0.0,2.4475058001424355,9.548238104489168e-07,9.548238104489157e-07
0.39305,6621.656190733356,0.0,0.0,2.447541479483548,9.548135938017932e-07,9.54813593801792e-07
0.3931,6621.645313027035,0.0,0.0,2.44757613886885,9.548105590701818e-07,9.548105590701805e-07
0.39315,6621.63091016724,0.0,0.0,2.447609674528418,9.548100353172033e-07,9.54810035317202e-07
0.3932,6621.610569565852,0.0,0.0,2.44764210081729,9.547932361387452e-07,9.54793236138744e-07
0.39325000000000004,6621.579636421913,0.0,0.0,2.4476733866600635,9.54781687058639e-07,9.547816870586379e-07
0.39330000000000004,6621.546036872439,0.0,0.0,2.4477034181061756,9.547842925152164e-07,9.547842925152153e-07
0.39335000000000003,6621.510599819417,0.0,0.0,2.447732186800684,9.547732752794475e-07,9.547732752794462e-07
0.3934,6621.469448709867,0.0,0.0,2.447759663673952,9.547643858895038e-07,9.547643858895026e-07
0.39345,6621.422347265425,0.0,0.0,2.4477857882678835,9.547507468927657e-07,9.547507468927647e-07
0.3935,6621.365997624272,0.0,0.0,2.447810528956574,9.547332466771275e-07,9.547332466771264e-07
0.39355,6621.305807231175,0.0,0.0,2.447833833468136,9.54731335893097e-07,9.547313358930959e-07
0.3936,6621.240938267902,0.0,0.0,2.4478556778458644,9.547059240689487e-07,9.547059240689477e-07
0.39365,6621.161507077946,0.0,0.0,2.4478760465260487,9.546872919434324e-07,9.546872919434311e-07
0.3937,6621.08350237234,0.0,0.0,2.4478948739963102,9.546903270324563e-07,9.546903270324552e-07
0.39375000000000004,6621.008154791721,0.0,0.0,2.447912141822779,9.54669857665889e-07,9.54669857665888e-07
0.39380000000000004,6620.917744089189,0.0,0.0,2.447927839814798,9.54643404304604e-07,9.54643404304603e-07
0.39385000000000003,6620.824648609715,0.0,0.0,2.4479419161615823,9.546396371648034e-07,9.546396371648024e-07
0.39390000000000003,6620.729121176809,0.0,0.0,2.447954353411697,9.54614086233601e-07,9.546140862336e-07
0.39395,6620.625403339208,0.0,0.0,2.447965134279462,9.54598719215949e-07,9.54598719215948e-07
0.394,6620.515980191576,0.0,0.0,2.447974234661572,9.545739727703853e-07,9.54573972770384e-07
0.39405,6620.393949119618,0.0,0.0,2.4479816406972255,9.545452683892235e-07,9.545452683892222e-07
0.3941,6620.2740833817825,0.0,0.0,2.4479873306973916,9.545483056014437e-07,9.545483056014427e-07
0.39415,6620.165487875144,0.0,0.0,2.44799129163044,9.54529948126489e-07,9.545299481264878e-07
0.3942,6620.041696357901,0.0,0.0,2.44799351666106,9.54491242308349e-07,9.544912423083477e-07
0.39425000000000004,6619.9061205204025,0.0,0.0,2.447993993610157,9.544755721051092e-07,9.544755721051081e-07
0.39430000000000004,6619.772037162134,0.0,0.0,2.447992716637904,9.544537847624436e-07,9.544537847624423e-07
0.39435000000000003,6619.628660631039,0.0,0.0,2.4479896808418955,9.54424132437753e-07,9.544241324377517e-07
0.39440000000000003,6619.483736833292,0.0,0.0,2.447984884976847,9.544091794229683e-07,9.544091794229672e-07
0.39445,6619.332823799215,0.0,0.0,2.4479783277959513,9.543735813097577e-07,9.543735813097565e-07
0.3945,6619.184250131538,0.0,0.0,2.447970014071746,9.54373776912091e-07,9.5437377691209e-07
0.39455,6619.043904290373,0.0,0.0,2.4479599510744503,9.543431719557862e-07,9.543431719557851e-07
0.3946,6618.885333169452,0.0,0.0,2.447948137411118,9.543032987288636e-07,9.543032987288623e-07
0.39465,6618.722180527189,0.0,0.0,2.4479345925594704,9.54293139514685e-07,9.542931395146838e-07
0.3947,6618.572491621591,0.0,0.0,2.447919334661153,9.542780553299414e-07,9.542780553299403e-07
0.39475000000000005,6618.406961965884,0.0,0.0,2.4479023602602488,9.542235353265835e-07,9.542235353265823e-07
0.39480000000000004,6618.231752261852,0.0,0.0,2.4478836954919894,9.54217635400964e-07,9.54217635400963e-07
0.39485000000000003,6618.06694555293,0.0,0.0,2.447863368791948,9.54188682357875e-07,9.541886823578739e-07
0.39490000000000003,6617.902977164767,0.0,0.0,2.4478413900795086,9.541769859737194e-07,9.541769859737183e-07
0.39495,6617.747213315878,0.0,0.0,2.4478177940124533,9.541531806985666e-07,9.541531806985653e-07
0.395,6617.576040638404,0.0,0.0,2.4477925929137188,9.541056548771554e-07,9.541056548771541e-07
0.39505,6617.393763996902,0.0,0.0,2.4477658240997724,9.540905307121544e-07,9.540905307121532e-07
0.3951,6617.228677032581,0.0,0.0,2.447737535437456,9.540788126994554e-07,9.54078812699454e-07
0.39515,6617.051760589187,0.0,0.0,2.4477077261679066,9.540251264900066e-07,9.540251264900056e-07
0.3952,6616.86999345217,0.0,0.0,2.447676446027037,9.54023236540062e-07,9.54023236540061e-07
0.39525000000000005,6616.712661674399,0.0,0.0,2.4476437559616153,9.540130343044841e-07,9.54013034304483e-07
0.39530000000000004,6616.547564249952,0.0,0.0,2.4476096597062273,9.539643078620668e-07,9.539643078620658e-07
0.39535000000000003,6616.374723471261,0.0,0.0,2.4475742144879886,9.539579699727064e-07,9.539579699727053e-07
0.39540000000000003,6616.211521552911,0.0,0.0,2.4475374813056474,9.539253102946057e-07,9.539253102946044e-07
0.39545,6616.039395902909,0.0,0.0,2.4474994783056694,9.539024298929122e-07,9.539024298929111e-07
0.3955,6615.878237781287,0.0,0.0,2.447460278541015,9.53892385211639e-07,9.538923852116376e-07
0.39555,6615.7148146961335,0.0,0.0,2.447419911226803,9.53850600404415e-07,9.538506004044138e-07
0.3956,6615.536412173263,0.0,0.0,2.4473784173025446,9.538262231793281e-07,9.53826223179327e-07
0.39565,6615.384727446059,0.0,0.0,2.4473358960433207,9.538420723128688e-07,9.538420723128677e-07
0.3957,6615.241839387315,0.0,0.0,2.4472923666339255,9.537970733800215e-07,9.537970733800204e-07
0.39575000000000005,6615.083427773295,0.0,0.0,2.447247872201393,9.537772746217775e-07,9.537772746217764e-07
0.39580000000000004,6614.929228183549,0.0,0.0,2.4472025057683813,9.537585730133326e-07,9.537585730133315e-07
0.39585000000000004,6614.77540943411,0.0,0.0,2.4471563068073907,9.537328032221644e-07,9.537328032221634e-07
0.39590000000000003,6614.627819512791,0.0,0.0,2.447109338377198,9.537293944281086e-07,9.537293944281076e-07
0.39595,6614.492236502654,0.0,0.0,2.447061667038924,9.537047764288964e-07,9.537047764288954e-07
0.396,6614.349700716665,0.0,0.0,2.447013332289258,9.536850499488903e-07,9.536850499488892e-07
0.39605,6614.225046063554,0.0,0.0,2.446964439199155,9.53691948837734e-07,9.53691948837733e-07
0.3961,6614.108449273991,0.0,0.0,2.4469150321863817,9.536600061777701e-07,9.53660006177769e-07
0.39615,6613.972157528856,0.0,0.0,2.446865148681218,9.536306084849495e-07,9.536306084849483e-07
0.3962,6613.851398200988,0.0,0.0,2.4468149109805277,9.536452714586636e-07,9.536452714586625e-07
0.39625000000000005,6613.741743224052,0.0,0.0,2.446764357230989,9.536135954585096e-07,9.536135954585084e-07
0.39630000000000004,6613.627517980781,0.0,0.0,2.446713535997043,9.536083826876039e-07,9.536083826876027e-07
0.39635000000000004,6613.518590710459,0.0,0.0,2.446662539003033,9.535883897371956e-07,9.535883897371945e-07
0.39640000000000003,6613.4140701369215,0.0,0.0,2.4466114252605666,9.535854683865117e-07,9.535854683865105e-07
0.39645,6613.32716747185,0.0,0.0,2.4465602802472963,9.535893646525871e-07,9.53589364652586e-07
0.3965,6613.251609401801,0.0,0.0,2.446509163594797,9.535740356038067e-07,9.535740356038056e-07
0.39655,6613.156961275585,0.0,0.0,2.4464581110055135,9.535414135778243e-07,9.535414135778232e-07
0.3966,6613.07633237127,0.0,0.0,2.4464072519365954,9.535699940644933e-07,9.535699940644922e-07
0.39665,6613.0118589487665,0.0,0.0,2.446356633875034,9.535406060546262e-07,9.535406060546251e-07
0.3967,6612.937336464383,0.0,0.0,2.446306285033029,9.535409814441477e-07,9.535409814441466e-07
0.39675,6612.885956892751,0.0,0.0,2.4462563409083864,9.535539202761688e-07,9.535539202761677e-07
0.39680000000000004,6612.841957490477,0.0,0.0,2.446206830738675,9.535372757169633e-07,9.535372757169622e-07
0.39685000000000004,6612.7922059441225,0.0,0.0,2.4461578149241126,9.53535610237894e-07,9.535356102378929e-07
0.39690000000000003,6612.7564230281205,0.0,0.0,2.4461094003636172,9.535422564859009e-07,9.535422564858996e-07
0.39695,6612.7175230151215,0.0,0.0,2.44606161173474,9.535214715471702e-07,9.535214715471689e-07
0.397,6612.684277090025,0.0,0.0,2.44601453346445,9.535429865382571e-07,9.535429865382558e-07
0.39705,6612.674809916061,0.0,0.0,2.445968253009952,9.535461268757915e-07,9.535461268757903e-07
0.3971,6612.653413870607,0.0,0.0,2.445922769248734,9.535226200486182e-07,9.535226200486169e-07
0.39715,6612.639687323989,0.0,0.0,2.4458781989084413,9.535562084620348e-07,9.535562084620335e-07
0.3972,6612.65188989928,0.0,0.0,2.4458346200432453,9.535538425533984e-07,9.535538425533971e-07
0.39725,6612.658380571543,0.0,0.0,2.4457920328254397,9.535562416619136e-07,9.535562416619125e-07
0.39730000000000004,6612.674452471818,0.0,0.0,2.4457505483302353,9.535678678348549e-07,9.535678678348536e-07
0.39735000000000004,6612.6938846461,0.0,0.0,2.445710205650943,9.535660451016662e-07,9.535660451016651e-07
0.39740000000000003,6612.710717040727,0.0,0.0,2.4456710489458815,9.535720217283065e-07,9.535720217283053e-07
0.39745,6612.75002418523,0.0,0.0,2.445633175925684,9.536044857728477e-07,9.536044857728466e-07
0.3975,6612.792587033224,0.0,0.0,2.4455965921471106,9.535876869534383e-07,9.535876869534371e-07
0.39755,6612.833255636842,0.0,0.0,2.4455613566551517,9.536169413703587e-07,9.536169413703575e-07
0.3976,6612.895943118582,0.0,0.0,2.445527566672674,9.536312679633917e-07,9.536312679633905e-07
0.39765,6612.953617620591,0.0,0.0,2.4454952071460205,9.536262433535593e-07,9.53626243353558e-07
0.3977,6613.007398959466,0.0,0.0,2.4454643429905643,9.536459850152286e-07,9.536459850152274e-07
0.39775,6613.081315505223,0.0,0.0,2.445435055402556,9.536681682642841e-07,9.53668168264283e-07
0.39780000000000004,6613.159626432335,0.0,0.0,2.445407337664937,9.536781239407843e-07,9.53678123940783e-07
0.39785000000000004,6613.244650906757,0.0,0.0,2.4453812492973652,9.536981129995628e-07,9.536981129995616e-07
0.39790000000000003,6613.331713184023,0.0,0.0,2.4453568224856115,9.537065720772142e-07,9.53706572077213e-07
0.39795,6613.422820226518,0.0,0.0,2.445334096585682,9.537305108043927e-07,9.537305108043916e-07
0.398,6613.534626159324,0.0,0.0,2.445313133750673,9.537632794623955e-07,9.537632794623942e-07
0.39805,6613.64311357995,0.0,0.0,2.445293912546612,9.537564192834524e-07,9.537564192834514e-07
0.3981,6613.74619818583,0.0,0.0,2.4452764773757494,9.537888928375316e-07,9.537888928375303e-07
0.39815,6613.864840395927,0.0,0.0,2.4452608910871647,9.538072905251656e-07,9.538072905251645e-07
0.3982,6613.984242162276,0.0,0.0,2.4452471265995293,9.538243955798889e-07,9.538243955798876e-07
0.39825,6614.108227324414,0.0,0.0,2.4452352230345604,9.53850559013915e-07,9.538505590139138e-07
0.39830000000000004,6614.245467596644,0.0,0.0,2.445225215952513,9.538761693305787e-07,9.538761693305774e-07
0.39835000000000004,6614.377223650104,0.0,0.0,2.4452170785165164,9.538848991852703e-07,9.53884899185269e-07
0.39840000000000003,6614.5178790222435,0.0,0.0,2.445210867545308,9.539255818991405e-07,9.539255818991395e-07
0.39845,6614.662005761873,0.0,0.0,2.4452065704284305,9.539294873890956e-07,9.539294873890943e-07
0.3985,6614.80064430591,0.0,0.0,2.4452041767549506,9.539607094822277e-07,9.539607094822264e-07
0.39855,6614.956999605093,0.0,0.0,2.445203744479106,9.539943872113938e-07,9.539943872113925e-07
0.3986,6615.115125551069,0.0,0.0,2.4452052255609007,9.54006867450769e-07,9.540068674507678e-07
0.39865,6615.267921650058,0.0,0.0,2.445208620806507,9.540340793610024e-07,9.540340793610012e-07
0.3987,6615.432476189074,0.0,0.0,2.445213970304725,9.540655539045198e-07,9.540655539045185e-07
0.39875,6615.595973551785,0.0,0.0,2.445221223864428,9.540799431147508e-07,9.540799431147495e-07
0.39880000000000004,6615.760429235535,0.0,0.0,2.4452303871738406,9.541149925885294e-07,9.54114992588528e-07
0.39885000000000004,6615.93489280977,0.0,0.0,2.4452414687012136,9.541386909582347e-07,9.541386909582334e-07
0.39890000000000003,6616.097245951653,0.0,0.0,2.445254396274824,9.541484650591177e-07,9.541484650591166e-07
0.39895,6616.26543252331,0.0,0.0,2.4452692077380584,9.541943382452585e-07,9.541943382452574e-07
0.399,6616.444902487979,0.0,0.0,2.4452858772348427,9.54210058014101e-07,9.542100580140997e-07
0.39905,6616.615453640397,0.0,0.0,2.4453043320911974,9.54234994747043e-07,9.542349947470418e-07
0.3991,6616.792472609497,0.0,0.0,2.445324604686367,9.542665858900677e-07,9.542665858900664e-07
0.39915,6616.973166477324,0.0,0.0,2.4453466481657213,9.542898963733021e-07,9.54289896373301e-07
0.3992,6617.145077810974,0.0,0.0,2.445370404161482,9.54306077839138e-07,9.543060778391367e-07
0.39925,6617.321348577402,0.0,0.0,2.4453958817148473,9.543444546959483e-07,9.54344454695947e-07
0.39930000000000004,6617.500399435799,0.0,0.0,2.4454230263952734,9.543593383916784e-07,9.543593383916772e-07
0.39935000000000004,6617.677490148078,0.0,0.0,2.445451790343648,9.543935093106207e-07,9.543935093106195e-07
0.39940000000000003,6617.857625890898,0.0,0.0,2.4454821547375616,9.544120944842019e-07,9.544120944842006e-07
0.39945,6618.029820498276,0.0,0.0,2.445514045164258,9.544336293286935e-07,9.544336293286922e-07
0.3995,6618.203461886766,0.0,0.0,2.4455474481562325,9.544635760530267e-07,9.544635760530255e-07
0.39955,6618.381608790561,0.0,0.0,2.4455823139916504,9.544866290269833e-07,9.54486629026982e-07
0.3996,6618.550667656155,0.0,0.0,2.445618555247276,9.545029673870682e-07,9.54502967387067e-07
0.39965,6618.719043466365,0.0,0.0,2.445656157282015,9.545317635864135e-07,9.545317635864122e-07
0.3997,6618.887720124195,0.0,0.0,2.445695057997035,9.545509688703646e-07,9.545509688703634e-07
0.39975,6619.051576724266,0.0,0.0,2.44573518412003,9.54572251783084e-07,9.545722517830826e-07
0.39980000000000004,6619.2166055911375,0.0,0.0,2.4457765022983553,9.545984686443391e-07,9.545984686443378e-07
0.39985000000000004,6619.3782824202035,0.0,0.0,2.4458189358341413,9.546129752469322e-07,9.54612975246931e-07
0.39990000000000003,6619.535469545121,0.0,0.0,2.445862426461152,9.546385064763293e-07,9.54638506476328e-07
0.39995,6619.691939781807,0.0,0.0,2.445906924999622,9.546543079355537e-07,9.546543079355522e-07
0.4,6619.840585310113,0.0,0.0,2.44595234007366,9.546720911368418e-07,9.546720911368405e-07
0.40005,6619.987313268264,0.0,0.0,2.4459986300677663,9.546930148597154e-07,9.546930148597139e-07
0.4001,6620.13408717544,0.0,0.0,2.446045726963016,9.547113843804782e-07,9.547113843804768e-07
0.40015,6620.272341132662,0.0,0.0,2.446093533551831,9.547234170760452e-07,9.54723417076044e-07
0.4002,6620.408138252987,0.0,0.0,2.4461420124728934,9.547450577806364e-07,9.54745057780635e-07
0.40025,6620.539108321389,0.0,0.0,2.4461910764991677,9.547544226247228e-07,9.547544226247215e-07
0.40030000000000004,6620.662992685826,0.0,0.0,2.4462406462269475,9.547717813127432e-07,9.547717813127417e-07
0.40035000000000004,6620.786675362154,0.0,0.0,2.446290676722286,9.547872401933444e-07,9.547872401933431e-07
0.40040000000000003,6620.903275887825,0.0,0.0,2.4463410608809655,9.547958014039592e-07,9.54795801403958e-07
0.40045000000000003,6621.011637724413,0.0,0.0,2.4463917296944047,9.548090930080138e-07,9.548090930080125e-07
0.4005,6621.119127781069,0.0,0.0,2.4464426382876088,9.54822249730959e-07,9.548222497309578e-07
0.40055,6621.220048222912,0.0,0.0,2.4464936763958374,9.548298133854497e-07,9.548298133854485e-07
0.4006,6621.314079686063,0.0,0.0,2.446544777325744,9.548403981827907e-07,9.548403981827895e-07
0.40065,6621.404892193038,0.0,0.0,2.446595884276582,9.548494423677922e-07,9.54849442367791e-07
0.4007,6621.487303178384,0.0,0.0,2.446646890073294,9.548543709497637e-07,9.548543709497624e-07
0.40075,6621.563988609367,0.0,0.0,2.446697739773823,9.54863164261394e-07,9.548631642613926e-07
0.40080000000000005,6621.635379693615,0.0,0.0,2.4467483540309836,9.548670476060165e-07,9.548670476060152e-07
0.40085000000000004,6621.69931375094,0.0,0.0,2.446798642325834,9.548722887677395e-07,9.54872288767738e-07
0.40090000000000003,6621.758338633518,0.0,0.0,2.4468485494397303,9.548760320642325e-07,9.548760320642312e-07
0.40095000000000003,6621.810665228534,0.0,0.0,2.4468979845059637,9.548783553906475e-07,9.548783553906462e-07
0.401,6621.855058126095,0.0,0.0,2.4469468669803316,9.548796707812266e-07,9.548796707812254e-07
0.40105,6621.894151204754,0.0,0.0,2.4469951458253303,9.548806528287077e-07,9.548806528287064e-07
0.4011,6621.926597771411,0.0,0.0,2.4470427281352554,9.548804143487644e-07,9.548804143487631e-07
0.40115,6621.951782302824,0.0,0.0,2.447089538582997,9.548787550493283e-07,9.54878755049327e-07
0.4012,6621.970749090519,0.0,0.0,2.447135522366867,9.548766926368245e-07,9.548766926368232e-07
0.40125,6621.982699847666,0.0,0.0,2.4471805909869175,9.548734008813194e-07,9.548734008813181e-07
0.40130000000000005,6621.987891475205,0.0,0.0,2.4472246832453792,9.548690721341978e-07,9.548690721341965e-07
0.40135000000000004,6621.9863041359995,0.0,0.0,2.4472677326517016,9.54863456540411e-07,9.548634565404097e-07
0.40140000000000003,6621.977915331012,0.0,0.0,2.447309663327984,9.548580519218807e-07,9.548580519218795e-07
0.40145000000000003,6621.962677330079,0.0,0.0,2.4473504167637747,9.54849925604882e-07,9.548499256048807e-07
0.4015,6621.940746333906,0.0,0.0,2.447389923979654,9.548433170908897e-07,9.548433170908884e-07
0.40155,6621.912400484732,0.0,0.0,2.447428120438769,9.54833816401327e-07,9.548338164013257e-07
0.4016,6621.876696957947,0.0,0.0,2.4474649531620205,9.54822312516979e-07,9.548223125169777e-07
0.40165,6621.834467137665,0.0,0.0,2.4475003532459136,9.548140050222169e-07,9.548140050222156e-07
0.4017,6621.785963430303,0.0,0.0,2.447534265901244,9.547997876328746e-07,9.547997876328733e-07
0.40175,6621.730244576457,0.0,0.0,2.447566640637126,9.54789106220407e-07,9.547891062204054e-07
0.40180000000000005,6621.669214048776,0.0,0.0,2.4475974151621784,9.547756775903948e-07,9.547756775903935e-07
0.40185000000000004,6621.600971482678,0.0,0.0,2.4476265468349894,9.547596638407218e-07,9.547596638407203e-07
0.40190000000000003,6621.525273050174,0.0,0.0,2.447653984434041,9.547441845005625e-07,9.547441845005612e-07
0.40195000000000003,6621.445457778629,0.0,0.0,2.447679674431219,9.547324295315993e-07,9.54732429531598e-07
0.402,6621.35861275066,0.0,0.0,2.44770358153358,9.547097563112848e-07,9.547097563112835e-07
0.40205,6621.2650511138145,0.0,0.0,2.4477256602700996,9.546972267582557e-07,9.546972267582544e-07
0.4021,6621.167212294128,0.0,0.0,2.447745868108724,9.546765845218952e-07,9.546765845218938e-07
0.40215,6621.061919069673,0.0,0.0,2.447764173586273,9.546569112100688e-07,9.546569112100676e-07
0.4022,6620.951974101872,0.0,0.0,2.4477805380044524,9.54640501646764e-07,9.546405016467628e-07
0.40225,6620.837924733263,0.0,0.0,2.447794930609828,9.546181465360439e-07,9.546181465360426e-07
0.40230000000000005,6620.716086377293,0.0,0.0,2.447807325069876,9.545965160295274e-07,9.54596516029526e-07
0.40235000000000004,6620.591706867239,0.0,0.0,2.447817691244572,9.545794444696242e-07,9.54579444469623e-07
0.40240000000000004,6620.461771002925,0.0,0.0,2.447826008616237,9.545519636146387e-07,9.545519636146372e-07
0.40245000000000003,6620.323136930299,0.0,0.0,2.4478322570828905,9.545284116129867e-07,9.545284116129854e-07
0.4025,6620.1846276264105,0.0,0.0,2.4478364167958118,9.54514047979934e-07,9.545140479799328e-07
0.40255,6620.041320232923,0.0,0.0,2.4478384750149176,9.544805625187557e-07,9.544805625187545e-07
0.4026,6619.890794707996,0.0,0.0,2.447838419634595,9.544626557565583e-07,9.54462655756557e-07
0.40265,6619.739187433956,0.0,0.0,2.4478362419889215,9.544357170812635e-07,9.54435717081262e-07
0.4027,6619.582301012559,0.0,0.0,2.447831936084873,9.544112657663368e-07,9.544112657663355e-07
0.40275,6619.4211647200345,0.0,0.0,2.4478254993311377,9.543850432812132e-07,9.54385043281212e-07
0.40280000000000005,6619.2602407020695,0.0,0.0,2.4478169330707424,9.54365645370496e-07,9.543656453704947e-07
0.40285000000000004,6619.093199392704,0.0,0.0,2.4478062386353563,9.543297482915894e-07,9.543297482915882e-07
0.40290000000000004,6618.923564146384,0.0,0.0,2.4477934242044634,9.543144714979071e-07,9.543144714979059e-07
0.40295000000000003,6618.752839594952,0.0,0.0,2.4477784993626606,9.54279424594e-07,9.542794245939988e-07
0.403,6618.5773226175825,0.0,0.0,2.447761474534697,9.542591690135033e-07,9.54259169013502e-07
0.40305,6618.402976205644,0.0,0.0,2.447742368688221,9.542315825353108e-07,9.542315825353095e-07
0.4031,6618.225308595885,0.0,0.0,2.4477211970834976,9.54203836323323e-07,9.542038363233216e-07
0.40315,6618.043491873924,0.0,0.0,2.4476979814922166,9.54175437092606e-07,9.541754370926047e-07
0.4032,6617.862590943349,0.0,0.0,2.4476727492580266,9.541529777197003e-07,9.54152977719699e-07
0.40325,6617.679199054552,0.0,0.0,2.4476455238242396,9.541207892126148e-07,9.541207892126136e-07
0.4033,6617.495030738912,0.0,0.0,2.4476163371230983,9.54099941473394e-07,9.540999414733927e-07
0.40335000000000004,6617.313396008873,0.0,0.0,2.4475852243411267,9.540726380945557e-07,9.540726380945545e-07
0.40340000000000004,6617.127242104758,0.0,0.0,2.447552215348345,9.54040839809962e-07,9.540408398099608e-07
0.40345000000000003,6616.9421944656915,0.0,0.0,2.4475173550865135,9.540229072048129e-07,9.540229072048116e-07
0.4035,6616.758989160871,0.0,0.0,2.44748068352536,9.539897477762077e-07,9.539897477762065e-07
0.40355,6616.573801235279,0.0,0.0,2.447442240988441,9.539699758033865e-07,9.539699758033853e-07
0.4036,6616.39255303844,0.0,0.0,2.4474020808280876,9.539420322367869e-07,9.539420322367856e-07
0.40365,6616.209557330769,0.0,0.0,2.4473602453994947,9.539164785649523e-07,9.539164785649508e-07
0.4037,6616.026393663354,0.0,0.0,2.4473167893899053,9.53890257503926e-07,9.538902575039247e-07
0.40375,6615.848829642992,0.0,0.0,2.4472717714599432,9.538731233204829e-07,9.538731233204816e-07
0.4038,6615.668779758542,0.0,0.0,2.4472252377751027,9.538359931379051e-07,9.538359931379038e-07
0.40385000000000004,6615.491421130001,0.0,0.0,2.447177255099437,9.538275302827989e-07,9.538275302827976e-07
0.40390000000000004,6615.32085474482,0.0,0.0,2.447127886567308,9.53795426777848e-07,9.537954267778467e-07
0.40395000000000003,6615.144540196401,0.0,0.0,2.4470771803574616,9.537701811441966e-07,9.537701811441953e-07
0.404,6614.973268199098,0.0,0.0,2.4470252173900877,9.537551724385057e-07,9.537551724385044e-07
0.40405,6614.8106468947,0.0,0.0,2.446972063190625,9.537331655833122e-07,9.537331655833107e-07
0.4041,6614.645233766266,0.0,0.0,2.4469177725490745,9.537072005351028e-07,9.537072005351016e-07
0.40415,6614.485884435112,0.0,0.0,2.44686243211985,9.536943725490518e-07,9.536943725490506e-07
0.4042,6614.3305708881335,0.0,0.0,2.4468061079024936,9.536691313914312e-07,9.536691313914299e-07
0.40425,6614.174606372722,0.0,0.0,2.446748868149437,9.536494421609283e-07,9.53649442160927e-07
0.4043,6614.02839737955,0.0,0.0,2.4466908024446976,9.536410492238507e-07,9.536410492238495e-07
0.40435000000000004,6613.884346552506,0.0,0.0,2.446631973346291,9.536101618524492e-07,9.53610161852448e-07
0.40440000000000004,6613.741475811959,0.0,0.0,2.4465724611391537,9.53604324299163e-07,9.536043242991619e-07
0.40445000000000003,6613.60788356354,0.0,0.0,2.446512355200541,9.535826368998364e-07,9.535826368998352e-07
0.4045,6613.475104745236,0.0,0.0,2.4464517199869045,9.535686787428539e-07,9.535686787428526e-07
0.40455,6613.347007872242,0.0,0.0,2.44639064492564,9.535532319076179e-07,9.535532319076166e-07
0.4046,6613.229208280593,0.0,0.0,2.4463292169606694,9.535474507161274e-07,9.535474507161261e-07
0.40465,6613.111183872736,0.0,0.0,2.44626750170838,9.535208137762074e-07,9.535208137762062e-07
0.4047,6613.00002955902,0.0,0.0,2.446205597148499,9.535247085344296e-07,9.535247085344284e-07
0.40475,6612.896723720564,0.0,0.0,2.4461435838792407,9.535015192760662e-07,9.53501519276065e-07
0.4048,6612.794991374997,0.0,0.0,2.4460815356774477,9.534986108067494e-07,9.534986108067483e-07
0.40485000000000004,6612.703327682952,0.0,0.0,2.4460195517987304,9.5348901048771e-07,9.534890104877088e-07
0.40490000000000004,6612.618074500599,0.0,0.0,2.445957706900546,9.534818579342859e-07,9.534818579342846e-07
0.40495000000000003,6612.535676945721,0.0,0.0,2.4458960824426192,9.534710135464963e-07,9.534710135464951e-07
0.405,6612.460526342136,0.0,0.0,2.445834770636252,9.534685947485148e-07,9.534685947485135e-07
0.40505,6612.391055591852,0.0,0.0,2.4457738488816916,9.534600489679755e-07,9.534600489679743e-07
0.4051,6612.329016230044,0.0,0.0,2.4457134028699845,9.534603986743581e-07,9.534603986743569e-07
0.40515,6612.275060157604,0.0,0.0,2.4456535158849464,9.53455110513309e-07,9.534551105133079e-07
0.4052,6612.222609434851,0.0,0.0,2.4455942599168905,9.534479605709832e-07,9.53447960570982e-07
0.40525,6612.18047898272,0.0,0.0,2.4455357326439615,9.534572134808223e-07,9.534572134808211e-07
0.4053,6612.144949622815,0.0,0.0,2.4454780028620466,9.534450870529968e-07,9.534450870529956e-07
0.40535000000000004,6612.113115458791,0.0,0.0,2.445421147409429,9.534554403077064e-07,9.534554403077051e-07
0.40540000000000004,6612.093624777743,0.0,0.0,2.4453652604038596,9.53453830661681e-07,9.534538306616799e-07
0.40545000000000003,6612.077959752181,0.0,0.0,2.445310400790579,9.53456741442354e-07,9.534567414423527e-07
0.4055,6612.065756346543,0.0,0.0,2.445256649064302,9.534555502038312e-07,9.534555502038301e-07
0.40555,6612.065934003238,0.0,0.0,2.4452040935050774,9.534723037681649e-07,9.534723037681637e-07
0.4056,6612.070813480199,0.0,0.0,2.445152788211456,9.534632268455785e-07,9.534632268455773e-07
0.40565,6612.08154451763,0.0,0.0,2.4451028119405622,9.534839714908191e-07,9.534839714908179e-07
0.4057,6612.102288227761,0.0,0.0,2.4450542411521803,9.534808239441135e-07,9.534808239441123e-07
0.40575,6612.12391589874,0.0,0.0,2.4450071247312173,9.534923357331487e-07,9.534923357331476e-07
0.4058,6612.15562058524,0.0,0.0,2.4449615486890655,9.53503485113889e-07,9.535034851138877e-07
0.40585000000000004,6612.195763615416,0.0,0.0,2.44491756737906,9.535127596309426e-07,9.535127596309414e-07
0.40590000000000004,6612.237236054584,0.0,0.0,2.4448752309846595,9.535197544513429e-07,9.535197544513418e-07
0.40595000000000003,6612.290103707699,0.0,0.0,2.4448346212255383,9.535405863636291e-07,9.53540586363628e-07
0.406,6612.349007682287,0.0,0.0,2.4447957787851786,9.535450655289978e-07,9.535450655289966e-07
0.40605,6612.409100426169,0.0,0.0,2.4447587530129717,9.535594990687679e-07,9.535594990687666e-07
0.4061,6612.481799744495,0.0,0.0,2.444723619433632,9.535822655863644e-07,9.535822655863631e-07
0.40615,6612.559465542742,0.0,0.0,2.4446904055778282,9.535866581194291e-07,9.535866581194278e-07
0.4062,6612.639673624343,0.0,0.0,2.444659159984083,9.53610774193084e-07,9.536107741930828e-07
0.40625,6612.730388317331,0.0,0.0,2.4446299436151335,9.536237499112639e-07,9.536237499112627e-07
0.4063,6612.823571846595,0.0,0.0,2.4446027763968114,9.536417339159371e-07,9.536417339159358e-07
0.40635000000000004,6612.921551515307,0.0,0.0,2.4445777062897815,9.536579705176665e-07,9.536579705176652e-07
0.40640000000000004,6613.029383226808,0.0,0.0,2.4445547765997584,9.53684089669818e-07,9.536840896698168e-07
0.40645000000000003,6613.139331142107,0.0,0.0,2.4445340014754025,9.536928747177643e-07,9.53692874717763e-07
0.40650000000000003,6613.254134022866,0.0,0.0,2.4445154220710745,9.537225476182648e-07,9.537225476182636e-07
0.40655,6613.374533871193,0.0,0.0,2.444499063728651,9.537343746511117e-07,9.537343746511105e-07
0.4066,6613.498565144433,0.0,0.0,2.444484943731359,9.537625746697513e-07,9.5376257466975e-07
0.40665,6613.630253592853,0.0,0.0,2.4444730918499404,9.53781686816043e-07,9.537816868160416e-07
0.4067,6613.76475058813,0.0,0.0,2.444463513388878,9.538035270944173e-07,9.538035270944163e-07
0.40675,6613.902109849351,0.0,0.0,2.444456226384324,9.538259916605657e-07,9.538259916605644e-07
0.4068,6614.0462150983485,0.0,0.0,2.4444512489997132,9.538512229075242e-07,9.53851222907523e-07
0.40685000000000004,6614.192377252347,0.0,0.0,2.4444485755079803,9.538714967577345e-07,9.538714967577335e-07
0.40690000000000004,6614.342186844155,0.0,0.0,2.4444482171366313,9.538978021346142e-07,9.53897802134613e-07
0.40695000000000003,6614.497699560129,0.0,0.0,2.4444501781559547,9.539228071467988e-07,9.539228071467977e-07
0.40700000000000003,6614.653152511937,0.0,0.0,2.4444544421961143,9.539420289920446e-07,9.539420289920436e-07
0.40705,6614.812903444694,0.0,0.0,2.4444610173295596,9.539738388220902e-07,9.539738388220892e-07
0.4071,6614.975201156469,0.0,0.0,2.444469886443015,9.539905539481994e-07,9.539905539481984e-07
0.40715,6615.139112323802,0.0,0.0,2.4444810357005067,9.540235229878578e-07,9.540235229878567e-07
0.4072,6615.307679034932,0.0,0.0,2.444494457356204,9.540430843347649e-07,9.540430843347636e-07
0.40725,6615.475954040116,0.0,0.0,2.4445101193445065,9.540713892719554e-07,9.540713892719543e-07
0.4073,6615.645236977039,0.0,0.0,2.4445280063210735,9.540927489446667e-07,9.540927489446656e-07
0.40735000000000005,6615.8191369803035,0.0,0.0,2.444548099476506,9.541255057858583e-07,9.541255057858572e-07
0.40740000000000004,6615.9914662369965,0.0,0.0,2.444570352672492,9.541402813751005e-07,9.541402813750994e-07
0.40745000000000003,6616.1656694827625,0.0,0.0,2.444594748047908,9.54177336467451e-07,9.5417733646745e-07
0.40750000000000003,6616.343527316855,0.0,0.0,2.4446212525597453,9.541942713307488e-07,9.541942713307477e-07
0.40755,6616.5170317353795,0.0,0.0,2.4446498079233017,9.542218683135104e-07,9.542218683135092e-07
0.4076,6616.692723220403,0.0,0.0,2.444680396115418,9.542468358009942e-07,9.54246835800993e-07
0.40765,6616.8703325081415,0.0,0.0,2.4447129658176907,9.542732464102918e-07,9.542732464102907e-07
0.4077,6617.04462771533,0.0,0.0,2.444747457465696,9.542934992707475e-07,9.542934992707464e-07
0.40775,6617.219923487066,0.0,0.0,2.444783838051163,9.54322909161989e-07,9.54322909161988e-07
0.4078,6617.394641495851,0.0,0.0,2.444822046667115,9.543425108261751e-07,9.543425108261739e-07
0.40785000000000005,6617.5658864593615,0.0,0.0,2.4448620214073826,9.543670908394865e-07,9.543670908394852e-07
0.40790000000000004,6617.7386364440445,0.0,0.0,2.444903720277763,9.543930210618884e-07,9.54393021061887e-07
0.40795000000000003,6617.9091862133155,0.0,0.0,2.444947068141845,9.54411920752919e-07,9.54411920752918e-07
0.40800000000000003,6618.076744882341,0.0,0.0,2.444992004293999,9.544376601191025e-07,9.544376601191015e-07
0.40805,6618.244030556504,0.0,0.0,2.4450384723468503,9.54457471196124e-07,9.54457471196123e-07
0.4081,6618.407398863932,0.0,0.0,2.4450863913419996,9.544797444543016e-07,9.544797444543003e-07
0.40815,6618.568779063175,0.0,0.0,2.4451357006447756,9.545001405080495e-07,9.545001405080485e-07
0.4082,6618.728851172842,0.0,0.0,2.445186328780187,9.54522703644019e-07,9.545227036440178e-07
0.40825,6618.88397710701,0.0,0.0,2.4452381907770326,9.545382688144457e-07,9.545382688144445e-07
0.4083,6619.036450262773,0.0,0.0,2.44529122206021,9.545619728529211e-07,9.545619728529199e-07
0.40835000000000005,6619.186209514142,0.0,0.0,2.4453453419292948,9.545768541668797e-07,9.545768541668787e-07
0.40840000000000004,6619.353429036816,0.0,0.0,2.4454005437439377,9.54627811013756e-07,9.546278110137549e-07
0.40845000000000004,6619.552510587221,0.0,0.0,2.4454568099328773,9.546613276026607e-07,9.546613276026597e-07
0.40850000000000003,6619.740469201662,0.0,0.0,2.4455140035381655,9.546678512636613e-07,9.546678512636603e-07
0.40855,6619.909580107966,0.0,0.0,2.44557222000122,9.546903175105646e-07,9.546903175105634e-07
0.4086,6620.077206171748,0.0,0.0,2.4456315016373082,9.547086444876046e-07,9.547086444876034e-07
0.40865,6620.234060101647,0.0,0.0,2.4456916490300773,9.54725060848986e-07,9.54725060848985e-07
0.4087,6620.38248200655,0.0,0.0,2.4457525637809536,9.54737602264482e-07,9.54737602264481e-07
0.40875,6620.507905111672,0.0,0.0,2.4458140770587393,9.547377111042075e-07,9.547377111042065e-07
0.4088,6620.623244320265,0.0,0.0,2.445876117900289,9.547590667347603e-07,9.547590667347593e-07
0.40885000000000005,6620.750706181198,0.0,0.0,2.445938598077929,9.547795656665334e-07,9.547795656665324e-07
0.40890000000000004,6620.864030894126,0.0,0.0,2.4460012338445556,9.54776660232321e-07,9.5477666023232e-07
0.40895000000000004,6620.96318164514,0.0,0.0,2.446064011171273,9.54792612963696e-07,9.547926129636946e-07
0.40900000000000003,6621.064916048375,0.0,0.0,2.446126931943537,9.548031322203902e-07,9.54803132220389e-07
0.40905,6621.156032707923,0.0,0.0,2.4461897626562683,9.548065658481751e-07,9.54806565848174e-07
0.4091,6621.230931023445,0.0,0.0,2.4462523977940163,9.548094330326078e-07,9.548094330326065e-07
0.40915,6621.296206490492,0.0,0.0,2.446314779820557,9.54813934948112e-07,9.548139349481108e-07
0.4092,6621.355930940094,0.0,0.0,2.4463767580382925,9.548191981359366e-07,9.548191981359356e-07
0.40925,6621.417815154788,0.0,0.0,2.446438232851503,9.548257095908844e-07,9.548257095908833e-07
0.4093,6621.471252200984,0.0,0.0,2.446499027107171,9.548249742377945e-07,9.548249742377934e-07
0.40935000000000005,6621.512485088374,0.0,0.0,2.4465590883832604,9.548265387779907e-07,9.548265387779897e-07
0.40940000000000004,6621.55018246818,0.0,0.0,2.44661843088316,9.548268536830423e-07,9.548268536830413e-07
0.40945000000000004,6621.579967483975,0.0,0.0,2.446676854446189,9.548267074839715e-07,9.548267074839704e-07
0.40950000000000003,6621.600895955278,0.0,0.0,2.4467342501533786,9.548256393016298e-07,9.548256393016287e-07
0.40955,6621.616004954429,0.0,0.0,2.4467905728721893,9.548224142049446e-07,9.548224142049436e-07
0.4096,6621.625181640442,0.0,0.0,2.4468456903434546,9.548190746851964e-07,9.548190746851951e-07
0.40965,6621.628055252038,0.0,0.0,2.4468995069175064,9.54812386242007e-07,9.548123862420058e-07
0.4097,6621.6244644349135,0.0,0.0,2.446951934213994,9.548116221192412e-07,9.548116221192402e-07
0.40975,6621.615433040046,0.0,0.0,2.4470028983771073,9.548053016934811e-07,9.5480530169348e-07
0.4098,6621.598569117235,0.0,0.0,2.4470523790748353,9.54791101501577e-07,9.54791101501576e-07
0.40985,6621.576067057133,0.0,0.0,2.4471002248045357,9.54795082187787e-07,9.54795082187786e-07
0.40990000000000004,6621.552949713587,0.0,0.0,2.447146345201908,9.547892855901132e-07,9.54789285590112e-07
0.40995000000000004,6621.521272737862,0.0,0.0,2.4471907499082426,9.547707830001175e-07,9.547707830001162e-07
0.41000000000000003,6621.479999507743,0.0,0.0,2.447233309248405,9.547604750331442e-07,9.54760475033143e-07
0.41005,6621.433434497898,0.0,0.0,2.447273934555147,9.547513682975954e-07,9.547513682975944e-07
0.4101,6621.381920821815,0.0,0.0,2.4473126067151263,9.547406703106282e-07,9.54740670310627e-07
0.41015,6621.328755024362,0.0,0.0,2.4473492673405977,9.54736979008356e-07,9.547369790083549e-07
0.4102,6621.268935768199,0.0,0.0,2.447383871139246,9.547123289699738e-07,9.547123289699726e-07
0.41025,6621.202785535726,0.0,0.0,2.4474163482633435,9.547121206044745e-07,9.547121206044735e-07
0.4103,6621.141198735692,0.0,0.0,2.447446625900552,9.54703802815034e-07,9.547038028150329e-07
0.41035,6621.068199318678,0.0,0.0,2.447474696309085,9.546711318342476e-07,9.546711318342465e-07
0.41040000000000004,6620.982283098174,0.0,0.0,2.4475004990200246,9.546625771979224e-07,9.546625771979213e-07
0.41045000000000004,6620.902028284524,0.0,0.0,2.447523975647292,9.546566475001646e-07,9.546566475001633e-07
0.41050000000000003,6620.814810474133,0.0,0.0,2.4475451292634944,9.54629465096526e-07,9.54629465096525e-07
0.41055,6620.720461472459,0.0,0.0,2.447563920658795,9.546189305866624e-07,9.546189305866614e-07
0.4106,6620.625934090315,0.0,0.0,2.4475803132204215,9.546037927409748e-07,9.546037927409738e-07
0.41065,6620.528024708892,0.0,0.0,2.4475942909633632,9.545876480338561e-07,9.54587648033855e-07
0.4107,6620.434360442561,0.0,0.0,2.447605829429877,9.545857168277759e-07,9.545857168277748e-07
0.41075,6620.3306910887395,0.0,0.0,2.4476149178984183,9.545390292032427e-07,9.545390292032415e-07
0.4108,6620.207093501445,0.0,0.0,2.4476215434437276,9.545241366365823e-07,9.545241366365813e-07
0.41085,6620.092088480293,0.0,0.0,2.447625694131639,9.545197942467942e-07,9.54519794246793e-07
0.41090000000000004,6619.981734353006,0.0,0.0,2.447627371429713,9.544990888587944e-07,9.544990888587934e-07
0.41095000000000004,6619.862213587102,0.0,0.0,2.4476265731430127,9.544757134513021e-07,9.54475713451301e-07
0.41100000000000003,6619.74679908552,0.0,0.0,2.447623302807618,9.544700437196114e-07,9.544700437196102e-07
0.41105,6619.626327441702,0.0,0.0,2.4476175671496634,9.544366437445487e-07,9.544366437445476e-07
0.4111,6619.504957089552,0.0,0.0,2.447609378983398,9.544340399445436e-07,9.544340399445426e-07
0.41115,6619.378176821411,0.0,0.0,2.4475987527438243,9.54390790496943e-07,9.54390790496942e-07
0.4112,6619.237176051963,0.0,0.0,2.4475857041095903,9.543757560710157e-07,9.543757560710145e-07
0.41125,6619.108911130759,0.0,0.0,2.4475702643615773,9.543739414319272e-07,9.54373941431926e-07
0.4113,6618.98245398665,0.0,0.0,2.447552446663543,9.543389487359625e-07,9.543389487359615e-07
0.41135,6618.8379422084345,0.0,0.0,2.4475322731525466,9.543107604890493e-07,9.543107604890482e-07
0.41140000000000004,6618.7056966884575,0.0,0.0,2.447509799938217,9.543188162169761e-07,9.54318816216975e-07
0.41145000000000004,6618.581662917158,0.0,0.0,2.4474850509898163,9.542850946957053e-07,9.542850946957042e-07
0.41150000000000003,6618.44307251871,0.0,0.0,2.4474580534389685,9.542615873138937e-07,9.542615873138926e-07
0.41155,6618.302069751876,0.0,0.0,2.447428871249346,9.542380914530871e-07,9.542380914530859e-07
0.4116,6618.151808355114,0.0,0.0,2.4473975384393634,9.542082318024043e-07,9.54208231802403e-07
0.41165,6618.014745116581,0.0,0.0,2.447364111540015,9.542199817613577e-07,9.542199817613565e-07
0.4117,6617.889308843833,0.0,0.0,2.4473286309840834,9.541840659772973e-07,9.54184065977296e-07
0.41175,6617.745803764258,0.0,0.0,2.4472911340987133,9.54158219253374e-07,9.541582192533728e-07
0.4118,6617.613239392156,0.0,0.0,2.44725172365108,9.54161020953853e-07,9.541610209538518e-07
0.41185,6617.487382220236,0.0,0.0,2.447210445088259,9.541287687021777e-07,9.541287687021764e-07
0.41190000000000004,6617.337788799126,0.0,0.0,2.447167333245228,9.540875255936827e-07,9.540875255936814e-07
0.41195000000000004,6617.19630060028,0.0,0.0,2.4471224980579325,9.541009785878752e-07,9.54100978587874e-07
0.41200000000000003,6617.065756199391,0.0,0.0,2.447075985457986,9.540614543533862e-07,9.540614543533852e-07
0.41205,6616.9267275794,0.0,0.0,2.447027836574328,9.540551662427343e-07,9.54055166242733e-07
0.4121,6616.799447048376,0.0,0.0,2.4469781620916717,9.540370080374445e-07,9.540370080374432e-07
0.41215,6616.664276245765,0.0,0.0,2.4469270105467054,9.540070082368002e-07,9.54007008236799e-07
0.4122,6616.535086266802,0.0,0.0,2.4468744797975566,9.54012422718295e-07,9.540124227182937e-07
0.41225,6616.425199835579,0.0,0.0,2.4468206596103546,9.53995777043124e-07,9.539957770431226e-07
0.4123,6616.29207709767,0.0,0.0,2.4467655794427476,9.539462173870982e-07,9.53946217387097e-07
0.41235,6616.1547935536255,0.0,0.0,2.4467093705844483,9.539507992422307e-07,9.539507992422294e-07
0.41240000000000004,6616.039378710492,0.0,0.0,2.4466521267296466,9.53942678354104e-07,9.539426783541027e-07
0.41245000000000004,6615.923846968335,0.0,0.0,2.446593874600099,9.539175866394094e-07,9.53917586639408e-07
0.41250000000000003,6615.814573000814,0.0,0.0,2.4465347303767486,9.5392247482219e-07,9.539224748221887e-07
0.41255000000000003,6615.706061367951,0.0,0.0,2.446474788658384,9.538824186579625e-07,9.538824186579613e-07
0.4126,6615.589570056239,0.0,0.0,2.4464141300627373,9.538853089900267e-07,9.538853089900252e-07
0.41265,6615.488713741431,0.0,0.0,2.446352873874634,9.53869234463578e-07,9.538692344635768e-07
0.4127,6615.37797621983,0.0,0.0,2.4462910578895767,9.538415827622428e-07,9.538415827622413e-07
0.41275,6615.264906575486,0.0,0.0,2.446228791937992,9.538377392046068e-07,9.538377392046055e-07
0.4128,6615.180491089527,0.0,0.0,2.4461661983405847,9.538514110673278e-07,9.538514110673265e-07
0.41285,6615.088746739917,0.0,0.0,2.446103296744484,9.538039348314056e-07,9.538039348314043e-07
0.41290000000000004,6614.993290251721,0.0,0.0,2.446040220581746,9.538195870174077e-07,9.538195870174064e-07
0.41295000000000004,6614.913590886181,0.0,0.0,2.4459770959679807,9.538015310542347e-07,9.538015310542334e-07
0.41300000000000003,6614.835922926769,0.0,0.0,2.4459139716278218,9.53800401363895e-07,9.538004013638938e-07
0.41305000000000003,6614.763071072536,0.0,0.0,2.445850955449547,9.537882949096227e-07,9.537882949096215e-07
0.4131,6614.683874422127,0.0,0.0,2.4457881309452447,9.537652872602092e-07,9.53765287260208e-07
0.41315,6614.601239482436,0.0,0.0,2.445725593254017,9.53767191906314e-07,9.53767191906313e-07
0.4132,6614.548060209122,0.0,0.0,2.4456634628640694,9.537839905997449e-07,9.537839905997436e-07
0.41325,6614.4931358242075,0.0,0.0,2.445601756071728,9.537497496075052e-07,9.53749749607504e-07
0.4133,6614.42966264758,0.0,0.0,2.4455405901145033,9.537580677901728e-07,9.537580677901715e-07
0.41335,6614.3877417945505,0.0,0.0,2.4454801152908723,9.537619352913196e-07,9.53761935291318e-07
0.41340000000000005,6614.3346118789395,0.0,0.0,2.445420335160723,9.537298960966608e-07,9.537298960966595e-07
0.41345000000000004,6614.283099213118,0.0,0.0,2.4453613742971916,9.537514485736932e-07,9.53751448573692e-07
0.41350000000000003,6614.249536594019,0.0,0.0,2.4453033306162517,9.53740397734359e-07,9.537403977343576e-07
0.41355000000000003,6614.213620599406,0.0,0.0,2.4452462292672315,9.53741356719839e-07,9.537413567198378e-07
0.4136,6614.190905247287,0.0,0.0,2.4451902004482386,9.537510266311233e-07,9.53751026631122e-07
0.41365,6614.174281454363,0.0,0.0,2.4451353126504602,9.537413789761077e-07,9.537413789761064e-07
0.4137,6614.145634960698,0.0,0.0,2.4450816218011586,9.537319137015242e-07,9.53731913701523e-07
0.41375,6614.140225093757,0.0,0.0,2.4450292776257014,9.537684026404776e-07,9.537684026404764e-07
0.4138,6614.13919009593,0.0,0.0,2.44497828832993,9.537343131486764e-07,9.537343131486752e-07
0.41385,6614.122170539546,0.0,0.0,2.4449287069075933,9.537482125707052e-07,9.53748212570704e-07
0.41390000000000005,6614.123541634018,0.0,0.0,2.444880684776439,9.537543780521709e-07,9.537543780521696e-07
0.41395000000000004,6614.126505658616,0.0,0.0,2.4448342153710674,9.537529585979596e-07,9.537529585979584e-07
0.41400000000000003,6614.137209744015,0.0,0.0,2.44478937690996,9.537694363034148e-07,9.537694363034135e-07
0.41405000000000003,6614.162522813815,0.0,0.0,2.444746254561103,9.537750412354642e-07,9.53775041235463e-07
0.4141,6614.17621699319,0.0,0.0,2.4447048632333677,9.537616931289393e-07,9.53761693128938e-07
0.41415,6614.197295450948,0.0,0.0,2.444665320062985,9.5379055581513e-07,9.537905558151286e-07
0.4142,6614.23274671069,0.0,0.0,2.4446276694172338,9.537879991625823e-07,9.53787999162581e-07
0.41425,6614.256331850351,0.0,0.0,2.4445918985704487,9.537841672813072e-07,9.53784167281306e-07
0.4143,6614.296226516841,0.0,0.0,2.444558134312737,9.538220599609192e-07,9.53822059960918e-07
0.41435,6614.351091014123,0.0,0.0,2.444526396100269,9.538139852139538e-07,9.538139852139526e-07
0.41440000000000005,6614.395052516659,0.0,0.0,2.4444966821983076,9.538265621588706e-07,9.538265621588694e-07
0.41445000000000004,6614.4467475193915,0.0,0.0,2.444469108766917,9.538343043832701e-07,9.538343043832689e-07
0.41450000000000004,6614.501364321578,0.0,0.0,2.444443683163773,9.538486016346988e-07,9.538486016346976e-07
0.41455000000000003,6614.562881176497,0.0,0.0,2.4444204330379153,9.53860668434495e-07,9.538606684344937e-07
0.4146,6614.631932795275,0.0,0.0,2.4443993911772814,9.53875787798271e-07,9.538757877982697e-07
0.41465,6614.6890457991085,0.0,0.0,2.4443805517376056,9.538641588968375e-07,9.538641588968362e-07
0.4147,6614.757117523833,0.0,0.0,2.4443639964756865,9.539096039943763e-07,9.53909603994375e-07
0.41475,6614.84254197692,0.0,0.0,2.4443497250058774,9.539081752975601e-07,9.539081752975589e-07
0.4148,6614.919852156333,0.0,0.0,2.444337699145064,9.539229966144086e-07,9.539229966144075e-07
0.41485,6615.004177194048,0.0,0.0,2.444328008069294,9.539422843556043e-07,9.53942284355603e-07
0.41490000000000005,6615.093585454802,0.0,0.0,2.4443206482413298,9.539510922936444e-07,9.539510922936432e-07
0.41495000000000004,6615.176715755516,0.0,0.0,2.444315596107035,9.539636674661382e-07,9.53963667466137e-07
0.41500000000000004,6615.272799160102,0.0,0.0,2.4443129061495514,9.53990083155189e-07,9.539900831551877e-07
0.41505000000000003,6615.368641372871,0.0,0.0,2.4443125283314573,9.539932413738355e-07,9.539932413738344e-07
0.4151,6615.466415319468,0.0,0.0,2.4443144769168494,9.540206207660572e-07,9.54020620766056e-07
0.41515,6615.576627836521,0.0,0.0,2.4443187755385445,9.54038391286803e-07,9.540383912868017e-07
0.4152,6615.675710994824,0.0,0.0,2.44432535522358,9.540359890430114e-07,9.5403598904301e-07
0.41525,6615.778094490903,0.0,0.0,2.444334261572528,9.540733603892528e-07,9.540733603892517e-07
0.4153,6615.892201826401,0.0,0.0,2.4443454762983263,9.540798905623788e-07,9.540798905623776e-07
0.41535,6615.999113115214,0.0,0.0,2.4443589177852822,9.540974710730256e-07,9.540974710730245e-07
0.41540000000000005,6616.111130317774,0.0,0.0,2.444374619866152,9.541179317515825e-07,9.541179317515813e-07
0.41545000000000004,6616.2274118550995,0.0,0.0,2.444392545000758,9.541336230742174e-07,9.541336230742162e-07
0.41550000000000004,6616.337409990736,0.0,0.0,2.444412634385227,9.541453069889041e-07,9.541453069889028e-07
0.41555000000000003,6616.4623867729515,0.0,0.0,2.4444349201428914,9.541847072138394e-07,9.541847072138381e-07
0.4156,6616.585473779803,0.0,0.0,2.4444593085817496,9.541778682716772e-07,9.54177868271676e-07
0.41565,6616.699305502403,0.0,0.0,2.444485770664551,9.542081074711032e-07,9.54208107471102e-07
0.4157,6616.824510879558,0.0,0.0,2.4445143313158573,9.542249997006867e-07,9.542249997006854e-07
0.41575,6616.944750109383,0.0,0.0,2.4445448702211148,9.542367716975666e-07,9.542367716975653e-07
0.4158,6617.06302068076,0.0,0.0,2.4445773621746816,9.542579077004706e-07,9.542579077004694e-07
0.41585,6617.1910376366295,0.0,0.0,2.444611790667306,9.542824150655682e-07,9.542824150655669e-07
0.41590000000000005,6617.314699857817,0.0,0.0,2.444648050203496,9.54289166190315e-07,9.542891661903137e-07
0.41595000000000004,6617.43569157436,0.0,0.0,2.444686115222292,9.543135629496825e-07,9.543135629496812e-07
0.41600000000000004,6617.558884346513,0.0,0.0,2.4447259461590223,9.543256817346503e-07,9.54325681734649e-07
0.41605000000000003,6617.677220223546,0.0,0.0,2.444767448607355,9.543427542902566e-07,9.543427542902553e-07
0.4161,6617.802980345603,0.0,0.0,2.4448105970963456,9.543693709606846e-07,9.543693709606836e-07
0.41615,6617.925953124854,0.0,0.0,2.4448552911382335,9.543729893671046e-07,9.543729893671033e-07
0.4162,6618.041077765702,0.0,0.0,2.4449014686081876,9.54395455603706e-07,9.54395455603705e-07
0.41625,6618.163692122599,0.0,0.0,2.4449491133305323,9.544138039707433e-07,9.544138039707422e-07
0.4163,6618.284266416722,0.0,0.0,2.4449981026509087,9.544281387830025e-07,9.544281387830012e-07
0.41635,6618.400536033805,0.0,0.0,2.4450483746864546,9.544417387576146e-07,9.544417387576135e-07
0.4164,6618.518273899888,0.0,0.0,2.4450998872564886,9.544622683216723e-07,9.544622683216712e-07
0.41645000000000004,6618.630594911033,0.0,0.0,2.445152533736279,9.54467576895535e-07,9.544675768955337e-07
0.41650000000000004,6618.741169526487,0.0,0.0,2.4452062545691864,9.544915540383422e-07,9.54491554038341e-07
0.41655000000000003,6618.852259196798,0.0,0.0,2.445260972416947,9.544983324709999e-07,9.544983324709986e-07
0.4166,6618.957905192051,0.0,0.0,2.4453165831011496,9.545159127974636e-07,9.545159127974623e-07
0.41665,6619.065708354003,0.0,0.0,2.445373041561752,9.54530415853267e-07,9.545304158532657e-07
0.4167,6619.16979682596,0.0,0.0,2.44543024107771,9.545398755853672e-07,9.54539875585366e-07
0.41675,6619.266812846445,0.0,0.0,2.4454880998084656,9.54551555366779e-07,9.54551555366778e-07
0.4168,6619.365658672731,0.0,0.0,2.4455465715439693,9.545672134401887e-07,9.545672134401875e-07
0.41685,6619.460384036776,0.0,0.0,2.4456055315809357,9.545744500171395e-07,9.545744500171384e-07
0.4169,6619.551675836999,0.0,0.0,2.4456649084286064,9.545882238509006e-07,9.545882238508993e-07
0.41695000000000004,6619.642532003372,0.0,0.0,2.445724635221773,9.545985578782521e-07,9.545985578782509e-07
0.41700000000000004,6619.725765138378,0.0,0.0,2.445784595493865,9.546033281966554e-07,9.54603328196654e-07
0.41705000000000003,6619.8071780883365,0.0,0.0,2.4458447403227113,9.546190081888706e-07,9.546190081888696e-07
0.4171,6619.888363578761,0.0,0.0,2.4459049791113787,9.546238147444364e-07,9.546238147444352e-07
0.41715,6619.961526032821,0.0,0.0,2.445965190455275,9.546316761744526e-07,9.546316761744516e-07
0.4172,6620.031808109974,0.0,0.0,2.4460253341843208,9.546393231318663e-07,9.54639323131865e-07
0.41725,6620.099472396152,0.0,0.0,2.4460853149177617,9.546463970129657e-07,9.546463970129647e-07
0.4173,6620.160697746577,0.0,0.0,2.4461450222835954,9.54650146523143e-07,9.546501465231419e-07
0.41735,6620.220367191435,0.0,0.0,2.446204408503389,9.546591370282416e-07,9.546591370282403e-07
0.4174,6620.275651909897,0.0,0.0,2.4462633667190365,9.5466056646341e-07,9.546605664634088e-07
0.41745000000000004,6620.325681515806,0.0,0.0,2.4463218168840353,9.546667236955435e-07,9.546667236955422e-07
0.41750000000000004,6620.372826507655,0.0,0.0,2.4463797004260304,9.546691806439716e-07,9.546691806439703e-07
0.41755000000000003,6620.414098269156,0.0,0.0,2.4464369111312516,9.546717319481591e-07,9.546717319481579e-07
0.4176,6620.451229970899,0.0,0.0,2.4464933880988937,9.546741063313475e-07,9.546741063313462e-07
0.41765,6620.485368630977,0.0,0.0,2.446549058441059,9.546757160770151e-07,9.546757160770139e-07
0.4177,6620.513660955081,0.0,0.0,2.4466038178352245,9.546760931887665e-07,9.546760931887655e-07
0.41775,6620.537364267871,0.0,0.0,2.446657617497881,9.54676060389314e-07,9.546760603893128e-07
0.4178,6620.557120190139,0.0,0.0,2.4467103877935887,9.54675559959733e-07,9.546755599597319e-07
0.41785,6620.5716775482,0.0,0.0,2.4467620323680044,9.54674397634594e-07,9.546743976345928e-07
0.4179,6620.581870913178,0.0,0.0,2.446812504137287,9.546717563185966e-07,9.546717563185953e-07
0.41795000000000004,6620.587369943632,0.0,0.0,2.4468617250583513,9.546701050814003e-07,9.54670105081399e-07
0.41800000000000004,6620.5881725301715,0.0,0.0,2.4469096250123092,9.546660781684822e-07,9.54666078168481e-07
0.41805000000000003,6620.584299455586,0.0,0.0,2.446956152761527,9.54662458239945e-07,9.546624582399438e-07
0.4181,6620.5758227503475,0.0,0.0,2.447001234625647,9.546576038718061e-07,9.546576038718048e-07
0.41815,6620.562635466261,0.0,0.0,2.447044815876133,9.546522727017077e-07,9.546522727017065e-07
0.4182,6620.5443941651965,0.0,0.0,2.4470868434238957,9.546450478861207e-07,9.546450478861197e-07
0.41825,6620.5222081996335,0.0,0.0,2.4471272525274226,9.546420273097513e-07,9.546420273097502e-07
0.4183,6620.495426795098,0.0,0.0,2.447166002674024,9.546306575934549e-07,9.546306575934536e-07
0.41835,6620.463503497677,0.0,0.0,2.447203042221052,9.546262951983693e-07,9.54626295198368e-07
0.4184,6620.427897072921,0.0,0.0,2.4472383138079987,9.546155947058105e-07,9.546155947058092e-07
0.41845000000000004,6620.386711937258,0.0,0.0,2.4472717845309675,9.546066753328654e-07,9.546066753328642e-07
0.41850000000000004,6620.341804719697,0.0,0.0,2.4473034035039922,9.545988145990756e-07,9.545988145990745e-07
0.41855000000000003,6620.293829924899,0.0,0.0,2.447333133231828,9.545888139541222e-07,9.54588813954121e-07
0.4186,6620.239569059508,0.0,0.0,2.447360945049092,9.545747239917437e-07,9.545747239917424e-07
0.41865,6620.181793068802,0.0,0.0,2.4473867941423184,9.545677389560344e-07,9.545677389560332e-07
0.4187,6620.120906269343,0.0,0.0,2.447410653209583,9.545537459259078e-07,9.545537459259065e-07
0.41875,6620.054352642967,0.0,0.0,2.4474324995461627,9.545406099302003e-07,9.54540609930199e-07
0.4188,6619.985549436458,0.0,0.0,2.447452301172113,9.545324193006976e-07,9.545324193006966e-07
0.41885,6619.91212331126,0.0,0.0,2.4474700409612233,9.545119854621019e-07,9.545119854621006e-07
0.4189,6619.8333961722465,0.0,0.0,2.447485699567208,9.545044608710228e-07,9.545044608710216e-07
0.41895000000000004,6619.753729458901,0.0,0.0,2.447499257767844,9.544871350085114e-07,9.5448713500851e-07
0.41900000000000004,6619.6681239312575,0.0,0.0,2.447510707776155,9.5447259160301e-07,9.544725916030088e-07
0.41905000000000003,6619.579560758072,0.0,0.0,2.447520036726363,9.544584863175695e-07,9.544584863175684e-07
0.41910000000000003,6619.491670037819,0.0,0.0,2.4475272373477654,9.544487510395677e-07,9.544487510395664e-07
0.41915,6619.396206654039,0.0,0.0,2.4475323085264318,9.544205342840253e-07,9.544205342840242e-07
0.4192,6619.297911529166,0.0,0.0,2.447535247331082,9.544177023430168e-07,9.544177023430155e-07
0.41925,6619.200013934109,0.0,0.0,2.447536056812502,9.543930426511552e-07,9.54393042651154e-07
0.4193,6619.096363489986,0.0,0.0,2.4475347425543323,9.543806005558049e-07,9.543806005558036e-07
0.41935,6618.991904319485,0.0,0.0,2.447531313405784,9.543631248507165e-07,9.543631248507154e-07
0.4194,6618.885464772617,0.0,0.0,2.4475257808408326,9.543463402282155e-07,9.543463402282143e-07
0.41945000000000005,6618.773236763414,0.0,0.0,2.447518158350361,9.54324975855066e-07,9.543249758550647e-07
0.41950000000000004,6618.662148201948,0.0,0.0,2.4475084658478243,9.543153668694587e-07,9.543153668694575e-07
0.41955000000000003,6618.548713047539,0.0,0.0,2.4474967214388132,9.542902702150064e-07,9.54290270215005e-07
0.41960000000000003,6618.431622764882,0.0,0.0,2.447482948036769,9.54277150506573e-07,9.54277150506572e-07
0.41965,6618.315970460536,0.0,0.0,2.447467174873456,9.542594408721176e-07,9.542594408721163e-07
0.4197,6618.194981811194,0.0,0.0,2.447449426284181,9.542350584448727e-07,9.542350584448717e-07
0.41975,6618.073974181694,0.0,0.0,2.44742973779799,9.542265327852699e-07,9.542265327852686e-07
0.4198,6617.955146752264,0.0,0.0,2.4474081437048136,9.54202932655218e-07,9.54202932655217e-07
0.41985,6617.832440213525,0.0,0.0,2.4473846763776583,9.541877911419555e-07,9.541877911419542e-07
0.4199,6617.710228994522,0.0,0.0,2.447359381387237,9.5416837766388e-07,9.541683776638787e-07
0.41995000000000005,6617.5877173215,0.0,0.0,2.447332299552945,9.54152406138968e-07,9.541524061389668e-07
0.42000000000000004,6617.461238157301,0.0,0.0,2.447303472383023,9.541277069996588e-07,9.541277069996575e-07
0.42005000000000003,6617.338710257787,0.0,0.0,2.447272954052008,9.541230160694956e-07,9.541230160694943e-07
0.42010000000000003,6617.215342839814,0.0,0.0,2.4472407865140653,9.540909071635954e-07,9.54090907163594e-07
0.42015,6617.0893474105505,0.0,0.0,2.4472070218085133,9.540849238201961e-07,9.54084923820195e-07
0.4202,6616.966822784878,0.0,0.0,2.4471717207910237,9.5405956292964e-07,9.540595629296387e-07
0.42025,6616.841217805178,0.0,0.0,2.4471349297514275,9.540457994971572e-07,9.54045799497156e-07
0.4203,6616.718530331044,0.0,0.0,2.4470967139279347,9.54029315397227e-07,9.540293153972257e-07
0.42035,6616.598455694579,0.0,0.0,2.447057130493142,9.540137583339805e-07,9.540137583339792e-07
0.4204,6616.475116957463,0.0,0.0,2.447016235251127,9.53991655345221e-07,9.5399165534522e-07
0.42045000000000005,6616.356276474329,0.0,0.0,2.4469741034617014,9.539850971839933e-07,9.53985097183992e-07
0.42050000000000004,6616.239036449796,0.0,0.0,2.446930792616884,9.539605312003718e-07,9.539605312003705e-07
0.42055000000000003,6616.118211401172,0.0,0.0,2.4468863647082104,9.539463929682593e-07,9.53946392968258e-07
0.42060000000000003,6616.006769435447,0.0,0.0,2.446840905183257,9.539422426399086e-07,9.539422426399074e-07
0.42065,6615.895374240143,0.0,0.0,2.446794465455818,9.539125332453356e-07,9.539125332453343e-07
0.4207,6615.779864420235,0.0,0.0,2.4467471179612965,9.539071320924826e-07,9.539071320924813e-07
0.42075,6615.672170511268,0.0,0.0,2.446698952673756,9.538895152658e-07,9.538895152657986e-07
0.4208,6615.564170722119,0.0,0.0,2.4466500215445146,9.538779859011973e-07,9.53877985901196e-07
0.42085,6615.458307335336,0.0,0.0,2.446600404220385,9.53861966425771e-07,9.538619664257698e-07
0.4209,6615.359148475641,0.0,0.0,2.4465501821837585,9.538583665834745e-07,9.538583665834732e-07
0.42095000000000005,6615.256975921921,0.0,0.0,2.446499414753886,9.53829212776252e-07,9.538292127762508e-07
0.42100000000000004,6615.159515604872,0.0,0.0,2.4464481937811122,9.538377206617029e-07,9.538377206617016e-07
0.42105000000000004,6615.068826613958,0.0,0.0,2.4463965931951908,9.538111881773075e-07,9.538111881773062e-07
0.42110000000000003,6614.975907026146,0.0,0.0,2.44634467471201,9.538094637979986e-07,9.538094637979974e-07
0.42115,6614.89073578684,0.0,0.0,2.446292536504738,9.537977010554223e-07,9.53797701055421e-07
0.4212,6614.808966542199,0.0,0.0,2.4462402445444265,9.53788772820054e-07,9.537887728200526e-07
0.42125,6614.725402252361,0.0,0.0,2.446187870602675,9.537746797053945e-07,9.53774679705393e-07
0.4213,6614.651198115555,0.0,0.0,2.446135512027164,9.53777460835231e-07,9.537774608352296e-07
0.42135,6614.5794476319015,0.0,0.0,2.4460832267943005,9.537592607032342e-07,9.53759260703233e-07
0.4214,6614.50872913347,0.0,0.0,2.44603109362931,9.537581680909211e-07,9.537581680909198e-07
0.42145000000000005,6614.44667509183,0.0,0.0,2.4459792036755137,9.537535254972286e-07,9.537535254972273e-07
0.42150000000000004,6614.383925951806,0.0,0.0,2.445927612399154,9.537384821704748e-07,9.537384821704735e-07
0.42155000000000004,6614.325012125757,0.0,0.0,2.44587640710031,9.53743927161727e-07,9.537439271617258e-07
0.42160000000000003,6614.274101455759,0.0,0.0,2.445825665054646,9.53732369157643e-07,9.537323691576418e-07
0.42165,6614.225463501825,0.0,0.0,2.4457754453539167,9.537352306163202e-07,9.53735230616319e-07
0.4217,6614.182318487016,0.0,0.0,2.445725832008253,9.53726252003862e-07,9.537262520038608e-07
0.42175,6614.142993859099,0.0,0.0,2.4456768949417977,9.537292374541915e-07,9.537292374541902e-07
0.4218,6614.105640786668,0.0,0.0,2.445628701916339,9.537192877982591e-07,9.53719287798258e-07
0.42185,6614.078194731228,0.0,0.0,2.4455813346310276,9.53733581020023e-07,9.537335810200218e-07
0.4219,6614.05250597019,0.0,0.0,2.4455348426116634,9.53714581495378e-07,9.537145814953768e-07
0.42195000000000005,6614.030009007247,0.0,0.0,2.4454893030525473,9.537322714900735e-07,9.537322714900722e-07
0.42200000000000004,6614.016092446508,0.0,0.0,2.445444790090035,9.53720731996333e-07,9.537207319963318e-07
0.42205000000000004,6614.001224347658,0.0,0.0,2.4454013453458936,9.537275177517018e-07,9.537275177517005e-07
0.42210000000000003,6613.993515106809,0.0,0.0,2.445359051324357,9.537288861596016e-07,9.537288861596003e-07
0.42215,6613.994100682525,0.0,0.0,2.4453179628055053,9.537366388595974e-07,9.537366388595961e-07
0.4222,6613.994121355727,0.0,0.0,2.4452781212327803,9.537302876941115e-07,9.537302876941102e-07
0.42225,6614.000049158253,0.0,0.0,2.4452396052559116,9.537449756336726e-07,9.537449756336713e-07
0.4223,6614.0123187695035,0.0,0.0,2.445202462985364,9.537423204456432e-07,9.537423204456419e-07
0.42235,6614.025740865484,0.0,0.0,2.445166733687158,9.537508188706681e-07,9.53750818870667e-07
0.4224,6614.049667944267,0.0,0.0,2.445132489904754,9.537629032006747e-07,9.537629032006736e-07
0.42245000000000005,6614.075024220602,0.0,0.0,2.4450997572769455,9.537587006735303e-07,9.53758700673529e-07
0.42250000000000004,6614.102713455438,0.0,0.0,2.445068591623808,9.537765787126878e-07,9.537765787126866e-07
0.42255000000000004,6614.1404568461285,0.0,0.0,2.4450390513956206,9.537796179846537e-07,9.537796179846524e-07
0.42260000000000003,6614.177980608159,0.0,0.0,2.445011149269342,9.537891394031137e-07,9.537891394031127e-07
0.42265,6614.220126768639,0.0,0.0,2.444984942532648,9.537972520961296e-07,9.537972520961284e-07
0.4227,6614.271579242027,0.0,0.0,2.4449604727989955,9.538153301172507e-07,9.538153301172495e-07
0.42275,6614.3213746212905,0.0,0.0,2.444937746432014,9.538097563651132e-07,9.53809756365112e-07
0.4228,6614.376158680554,0.0,0.0,2.4449168193739603,9.53838156193243e-07,9.538381561932419e-07
0.42285,6614.438892227153,0.0,0.0,2.444897718676888,9.53836445223435e-07,9.538364452234338e-07
0.4229,6614.500679715404,0.0,0.0,2.4448804456960764,9.53855931728203e-07,9.538559317282016e-07
0.42295,6614.570269024818,0.0,0.0,2.4448650512006154,9.53866224763921e-07,9.538662247639197e-07
0.42300000000000004,6614.644003165303,0.0,0.0,2.4448515417798116,9.538809572374597e-07,9.538809572374584e-07
0.42305000000000004,6614.71731715721,0.0,0.0,2.4448399274924797,9.538889420783959e-07,9.538889420783946e-07
0.42310000000000003,6614.797745651958,0.0,0.0,2.44483024493134,9.53910829167162e-07,9.539108291671608e-07
0.42315,6614.881844029404,0.0,0.0,2.4448224895250004,9.539192270058319e-07,9.539192270058306e-07
0.4232,6614.9684152964965,0.0,0.0,2.4448166699835143,9.539376875143393e-07,9.53937687514338e-07
0.42325,6615.060309138048,0.0,0.0,2.444812804381499,9.539528708087795e-07,9.539528708087782e-07
0.4233,6615.1516385493605,0.0,0.0,2.4448108821467502,9.539622163149538e-07,9.539622163149525e-07
0.42335,6615.247532621569,0.0,0.0,2.4448109183025095,9.53987605292538e-07,9.539876052925367e-07
0.4234,6615.348470589766,0.0,0.0,2.444812905412463,9.539951833147952e-07,9.53995183314794e-07
0.42345,6615.448808125228,0.0,0.0,2.4448168254400247,9.54017577879992e-07,9.540175778799908e-07
0.42350000000000004,6615.55357666527,0.0,0.0,2.444822689370504,9.540293333975516e-07,9.540293333975504e-07
0.42355000000000004,6615.661067341262,0.0,0.0,2.4448304775754925,9.540518914121817e-07,9.540518914121804e-07
0.42360000000000003,6615.768235270289,0.0,0.0,2.4448401703118794,9.540600289991712e-07,9.5406002899917e-07
0.42365,6615.8808707372555,0.0,0.0,2.4448517684312168,9.54090129469053e-07,9.540901294690517e-07
0.4237,6615.994602098187,0.0,0.0,2.444865236896172,9.54094084455673e-07,9.540940844556718e-07
0.42375,6616.109483405102,0.0,0.0,2.4448805599827397,9.541243621039667e-07,9.541243621039654e-07
0.4238,6616.2276238420745,0.0,0.0,2.4448977215357304,9.541314284800377e-07,9.541314284800366e-07
0.42385,6616.344605533666,0.0,0.0,2.444916681895126,9.541562853655418e-07,9.541562853655405e-07
0.4239,6616.465053358069,0.0,0.0,2.4449374270220616,9.541705933764886e-07,9.541705933764874e-07
0.42395,6616.587661598633,0.0,0.0,2.4449599172674126,9.54192315389225e-07,9.541923153892238e-07
0.42400000000000004,6616.708189857291,0.0,0.0,2.4449841106919363,9.542040663706242e-07,9.54204066370623e-07
0.42405000000000004,6616.831769624112,0.0,0.0,2.4450099906391225,9.542297849635495e-07,9.542297849635482e-07
0.42410000000000003,6616.95581723907,0.0,0.0,2.4450375047141537,9.54240314081115e-07,9.542403140811138e-07
0.42415,6617.077108930763,0.0,0.0,2.4450666059510855,9.542610291512726e-07,9.542610291512713e-07
0.4242,6617.203342497839,0.0,0.0,2.4450972748958053,9.542819857000625e-07,9.542819857000612e-07
0.42425,6617.328019764943,0.0,0.0,2.4451294392564633,9.542937964949172e-07,9.542937964949161e-07
0.4243,6617.450612800314,0.0,0.0,2.4451630598210965,9.543156078205931e-07,9.543156078205918e-07
0.42435,6617.57588008572,0.0,0.0,2.4451981038114594,9.543309804266525e-07,9.543309804266512e-07
0.4244,6617.6992408462775,0.0,0.0,2.445234498289236,9.543491804989494e-07,9.543491804989484e-07
0.42445,6617.821965866381,0.0,0.0,2.4452721999692626,9.543646905636705e-07,9.543646905636692e-07
0.42450000000000004,6617.946170973324,0.0,0.0,2.4453111615051006,9.543856670865053e-07,9.54385667086504e-07
0.42455000000000004,6618.066699288882,0.0,0.0,2.4453513090228864,9.543947000050415e-07,9.543947000050402e-07
0.42460000000000003,6618.1866692673075,0.0,0.0,2.445392601315762,9.544189135541402e-07,9.54418913554139e-07
0.42465,6618.3067948398375,0.0,0.0,2.445434976933416,9.544281841924909e-07,9.544281841924898e-07
0.4247,6618.423343856161,0.0,0.0,2.445478360787469,9.544480815892014e-07,9.544480815892003e-07
0.42475,6618.540256645914,0.0,0.0,2.4455227090467013,9.54461218116311e-07,9.544612181163098e-07
0.4248,6618.654599627714,0.0,0.0,2.4455679455381882,9.54476802494136e-07,9.544768024941347e-07
0.42485,6618.765567593633,0.0,0.0,2.4456140062062963,9.544893703877576e-07,9.544893703877563e-07
0.4249,6618.876443511865,0.0,0.0,2.4456608377015585,9.545066530842692e-07,9.54506653084268e-07
0.42495,6618.984557118822,0.0,0.0,2.445708358805996,9.54517123500991e-07,9.545171235009898e-07
0.42500000000000004,6619.0893226208655,0.0,0.0,2.445756505055152,9.545317142082301e-07,9.545317142082288e-07
0.42505000000000004,6619.193241598001,0.0,0.0,2.4458052198856435,9.545452454929904e-07,9.54545245492989e-07
0.42510000000000003,6619.293353975082,0.0,0.0,2.4458544203991925,9.54554937023234e-07,9.545549370232329e-07
0.42515000000000003,6619.390508119689,0.0,0.0,2.445904006266882,9.545694129785119e-07,9.545694129785108e-07
0.4252,6619.485364205093,0.0,0.0,2.445953808536526,9.545779046781998e-07,9.545779046781986e-07
0.42525,6619.576674484303,0.0,0.0,2.4460036990883562,9.54591248648366e-07,9.545912486483647e-07
0.4253,6619.665168922098,0.0,0.0,2.4460536490252625,9.545986725674005e-07,9.545986725673992e-07
0.42535,6619.749754010762,0.0,0.0,2.446103601944179,9.546103473135734e-07,9.546103473135723e-07
0.4254,6619.830416099504,0.0,0.0,2.44615349269429,9.54616575888688e-07,9.546165758886867e-07
0.42545,6619.908503993893,0.0,0.0,2.4462032733520784,9.546283624541546e-07,9.546283624541533e-07
0.42550000000000004,6619.982311602475,0.0,0.0,2.4462529086852736,9.546322912411014e-07,9.546322912411002e-07
0.42555000000000004,6620.052204626477,0.0,0.0,2.44630238090922,9.546427635170456e-07,9.546427635170443e-07
0.42560000000000003,6620.118747786243,0.0,0.0,2.446351594256764,9.54646551114464e-07,9.546465511144627e-07
0.42565000000000003,6620.180374783928,0.0,0.0,2.446400452353099,9.546539373457688e-07,9.546539373457678e-07
0.4257,6620.238387125665,0.0,0.0,2.446448935307663,9.54658190099708e-07,9.546581900997067e-07
0.42575,6620.292675392258,0.0,0.0,2.4464969714708285,9.546636746812191e-07,9.546636746812179e-07
0.4258,6620.342015165607,0.0,0.0,2.446544478792629,9.546664320809015e-07,9.546664320809003e-07
0.42585,6620.387256038042,0.0,0.0,2.4465914399298434,9.546704913511785e-07,9.546704913511773e-07
0.4259,6620.42815473745,0.0,0.0,2.4466378265853437,9.546724271532337e-07,9.546724271532327e-07
0.42595,6620.464248975744,0.0,0.0,2.4466835823657673,9.546744716807945e-07,9.546744716807934e-07
0.42600000000000005,6620.496295602967,0.0,0.0,2.4467286209811108,9.546756880803096e-07,9.546756880803083e-07
0.42605000000000004,6620.523475967522,0.0,0.0,2.446772850274238,9.546760887791602e-07,9.546760887791592e-07
0.42610000000000003,6620.545977924372,0.0,0.0,2.446816245363896,9.546758721831843e-07,9.54675872183183e-07
0.42615000000000003,6620.564062702397,0.0,0.0,2.4468587599820384,9.546750887356157e-07,9.546750887356144e-07
0.4262,6620.577326384009,0.0,0.0,2.446900323809258,9.546734825080869e-07,9.546734825080856e-07
0.42625,6620.585941746038,0.0,0.0,2.446940911236545,9.546713672992419e-07,9.546713672992406e-07
0.4263,6620.589915358106,0.0,0.0,2.446980484213575,9.546679335188161e-07,9.546679335188149e-07
0.42635,6620.589165804229,0.0,0.0,2.447018976289396,9.5466562241024e-07,9.546656224102388e-07
0.4264,6620.583714629693,0.0,0.0,2.4470563324089314,9.546596773505538e-07,9.546596773505525e-07
0.42645,6620.573478538334,0.0,0.0,2.4470924997031642,9.546564312855227e-07,9.546564312855214e-07
0.42650000000000005,6620.558737214554,0.0,0.0,2.447127442379959,9.54649669587253e-07,9.54649669587252e-07
0.42655000000000004,6620.539172383138,0.0,0.0,2.4471611178732915,9.54644313067583e-07,9.546443130675816e-07
0.42660000000000003,6620.514944831287,0.0,0.0,2.4471934696676176,9.546366594054959e-07,9.546366594054946e-07
0.42665000000000003,6620.486358373372,0.0,0.0,2.447224482022139,9.546305730788365e-07,9.546305730788352e-07
0.4267,6620.453084894123,0.0,0.0,2.4472541261112055,9.54621031286805e-07,9.546210312868038e-07
0.42675,6620.415276043919,0.0,0.0,2.4472823395405627,9.546136723134407e-07,9.546136723134396e-07
0.4268,6620.373087910143,0.0,0.0,2.447309078057681,9.546034706204972e-07,9.54603470620496e-07
0.42685,6620.326210836678,0.0,0.0,2.447334312576026,9.54593831263906e-07,9.545938312639049e-07
0.4269,6620.275579433222,0.0,0.0,2.4473580159936534,9.545848358100304e-07,9.545848358100291e-07
0.42695,6620.220366822874,0.0,0.0,2.447380164324106,9.545713433429432e-07,9.545713433429419e-07
0.42700000000000005,6620.1606598401495,0.0,0.0,2.447400725207493,9.54562630080272e-07,9.545626300802707e-07
0.42705000000000004,6620.097311967362,0.0,0.0,2.447419678910572,9.545479451738714e-07,9.545479451738701e-07
0.42710000000000004,6620.029602971949,0.0,0.0,2.447437004719012,9.545382902487788e-07,9.545382902487775e-07
0.42715000000000003,6619.9580786601255,0.0,0.0,2.447452668794337,9.545221406440152e-07,9.54522140644014e-07
0.4272,6619.883176494231,0.0,0.0,2.447466653146894,9.545131629427375e-07,9.545131629427363e-07
0.42725,6619.803927685239,0.0,0.0,2.4474789455548427,9.544933607447448e-07,9.544933607447435e-07
0.4273,6619.7213712094235,0.0,0.0,2.447489527619722,9.544859454279154e-07,9.544859454279143e-07
0.42735,6619.635514949033,0.0,0.0,2.4474983875984964,9.544642166423838e-07,9.544642166423827e-07
0.4274,6619.54587289523,0.0,0.0,2.447505516533241,9.544559256959898e-07,9.544559256959888e-07
0.42745,6619.453897243692,0.0,0.0,2.4475109068135303,9.544350153882532e-07,9.54435015388252e-07
0.42750000000000005,6619.358058306211,0.0,0.0,2.447514552382335,9.54423338217754e-07,9.544233382177528e-07
0.42755000000000004,6619.259112571401,0.0,0.0,2.4475164474771907,9.54403460216774e-07,9.544034602167729e-07
0.42760000000000004,6619.158262672351,0.0,0.0,2.447516592157435,9.543916039174676e-07,9.543916039174663e-07
0.42765000000000003,6619.0536394919245,0.0,0.0,2.4475149882897944,9.543693940126422e-07,9.543693940126412e-07
0.4277,6618.946788111631,0.0,0.0,2.4475116393822454,9.54357947530426e-07,9.543579475304247e-07
0.42775,6618.838796912635,0.0,0.0,2.4475065513356515,9.543378562455532e-07,9.543378562455521e-07
0.4278,6618.726461301618,0.0,0.0,2.4474997307387474,9.543194476405492e-07,9.54319447640548e-07
0.42785,6618.6129411941765,0.0,0.0,2.447491189074745,9.5430535461645e-07,9.543053546164488e-07
0.4279,6618.498503692948,0.0,0.0,2.447480939076493,9.542846198930625e-07,9.542846198930613e-07
0.42795,6618.381010733723,0.0,0.0,2.4474689987083673,9.542692287429924e-07,9.542692287429911e-07
0.42800000000000005,6618.262790181631,0.0,0.0,2.447455387289866,9.542492870020802e-07,9.54249287002079e-07
0.42805000000000004,6618.143296019883,0.0,0.0,2.447440119390523,9.542342873403782e-07,9.542342873403769e-07
0.42810000000000004,6618.021234942236,0.0,0.0,2.4474232202634933,9.542109490896584e-07,9.54210949089657e-07
0.42815000000000003,6617.899764885486,0.0,0.0,2.4474047178766463,9.542011309627887e-07,9.542011309627874e-07
0.4282,6617.776877964391,0.0,0.0,2.4473846291133707,9.541737780290997e-07,9.541737780290984e-07
0.42825,6617.652638028133,0.0,0.0,2.4473629841986333,9.541647092436553e-07,9.54164709243654e-07
0.4283,6617.529029013347,0.0,0.0,2.4473398212512123,9.54139180063972e-07,9.541391800639708e-07
0.42835,6617.403489214526,0.0,0.0,2.447315175539086,9.54126649224007e-07,9.541266492240058e-07
0.4284,6617.27845075295,0.0,0.0,2.447289083488392,9.541049344162851e-07,9.541049344162839e-07
0.42845,6617.15444746636,0.0,0.0,2.4472615709677035,9.540921537650392e-07,9.54092153765038e-07
0.42850000000000005,6617.02908342619,0.0,0.0,2.4472326772244073,9.540684310620444e-07,9.54068431062043e-07
0.42855000000000004,6616.904374914518,0.0,0.0,2.447202449154225,9.540570228303888e-07,9.540570228303875e-07
0.42860000000000004,6616.781338834797,0.0,0.0,2.4471709210567893,9.540364527725804e-07,9.540364527725792e-07
0.42865000000000003,6616.657403181042,0.0,0.0,2.4471381434516357,9.54020044895215e-07,9.540200448952136e-07
0.4287,6616.535653707637,0.0,0.0,2.447104175918673,9.540058584428207e-07,9.540058584428197e-07
0.42875,6616.414709157021,0.0,0.0,2.4470690554931673,9.53985669576447e-07,9.539856695764458e-07
0.4288,6616.294732405196,0.0,0.0,2.4470328323978325,9.5397461420415e-07,9.539746142041488e-07
0.42885,6616.176358673096,0.0,0.0,2.4469955582504372,9.539527580547626e-07,9.539527580547614e-07
0.4289,6616.058869024311,0.0,0.0,2.446957283808857,9.539439484903224e-07,9.539439484903212e-07
0.42895,6615.943789388508,0.0,0.0,2.446918068001934,9.539223392120328e-07,9.539223392120315e-07
0.42900000000000005,6615.831002073711,0.0,0.0,2.446877952418137,9.539157520539364e-07,9.53915752053935e-07
0.42905000000000004,6615.718856647763,0.0,0.0,2.4468369960181144,9.538909599650846e-07,9.538909599650833e-07
0.42910000000000004,6615.610022120951,0.0,0.0,2.4467952800378066,9.538898659217646e-07,9.538898659217636e-07
0.42915000000000003,6615.503308846701,0.0,0.0,2.4467528531402474,9.538628854776485e-07,9.538628854776474e-07
0.4292,6615.397953462682,0.0,0.0,2.4467097639472244,9.538625523583773e-07,9.53862552358376e-07
0.42925,6615.297813281293,0.0,0.0,2.446666077320013,9.538411401084198e-07,9.538411401084186e-07
0.4293,6615.1990065527225,0.0,0.0,2.446621847242323,9.538359580994149e-07,9.538359580994136e-07
0.42935,6615.102254263295,0.0,0.0,2.4465771474664972,9.538175012594616e-07,9.538175012594603e-07
0.4294,6615.010330573117,0.0,0.0,2.44653204316587,9.538150259114778e-07,9.538150259114765e-07
0.42945,6614.920889805631,0.0,0.0,2.4464865938335403,9.537967765393807e-07,9.537967765393794e-07
0.4295,6614.834654172708,0.0,0.0,2.4464408795993173,9.537937673148617e-07,9.537937673148604e-07
0.42955000000000004,6614.75301805415,0.0,0.0,2.4463949533890292,9.537806766047579e-07,9.537806766047566e-07
0.42960000000000004,6614.672639426467,0.0,0.0,2.4463488643063642,9.5377162053628e-07,9.537716205362786e-07
0.42965000000000003,6614.59761820078,0.0,0.0,2.4463026975924786,9.537680679383475e-07,9.537680679383462e-07
0.4297,6614.526652553323,0.0,0.0,2.4462565113297092,9.537549351682995e-07,9.537549351682982e-07
0.42975,6614.457835670716,0.0,0.0,2.4462103611925503,9.537535554212823e-07,9.53753555421281e-07
0.4298,6614.394935465007,0.0,0.0,2.4461643193762024,9.537432604199558e-07,9.537432604199546e-07
0.42985,6614.335736672874,0.0,0.0,2.4461184530872297,9.53742727157696e-07,9.537427271576948e-07
0.4299,6614.2788128368775,0.0,0.0,2.4460728407505696,9.537297588512527e-07,9.537297588512514e-07
0.42995,6614.228884630473,0.0,0.0,2.446027541122968,9.5373819047288e-07,9.537381904728787e-07
0.43,6614.182440210113,0.0,0.0,2.4459825952475476,9.53720678146364e-07,9.537206781463628e-07
0.43005000000000004,6614.139165872631,0.0,0.0,2.4459380836106033,9.537308822067992e-07,9.537308822067979e-07
0.43010000000000004,6614.102390233794,0.0,0.0,2.44589407129646,9.537183325913225e-07,9.537183325913212e-07
0.43015000000000003,6614.068712695869,0.0,0.0,2.445850612242074,9.537254684623382e-07,9.53725468462337e-07
0.4302,6614.039431141145,0.0,0.0,2.4458077877394797,9.537165062896544e-07,9.53716506289653e-07
0.43025,6614.0158075040945,0.0,0.0,2.4457656514044106,9.537252334883893e-07,9.53725233488388e-07
0.4303,6613.996177006072,0.0,0.0,2.4457242542710835,9.537174229100534e-07,9.537174229100522e-07
0.43035,6613.981112387337,0.0,0.0,2.445683656000944,9.537258725653883e-07,9.53725872565387e-07
0.4304,6613.970908804015,0.0,0.0,2.445643905625023,9.537219759986367e-07,9.537219759986354e-07
0.43045,6613.964413161074,0.0,0.0,2.445605070408579,9.537280957668685e-07,9.537280957668672e-07
0.4305,6613.964571241203,0.0,0.0,2.445567209514914,9.53731764047197e-07,9.537317640471957e-07
0.43055000000000004,6613.968261213945,0.0,0.0,2.4455303539895934,9.5373258356747e-07,9.537325835674687e-07
0.43060000000000004,6613.976541033236,0.0,0.0,2.4454945787762896,9.537417693609627e-07,9.537417693609615e-07
0.43065000000000003,6613.990266518155,0.0,0.0,2.445459942321599,9.537420303704554e-07,9.537420303704542e-07
0.4307,6614.007922419504,0.0,0.0,2.4454264812307187,9.537534557524335e-07,9.537534557524322e-07
0.43075,6614.030533675511,0.0,0.0,2.445394246164161,9.537539627557014e-07,9.537539627557e-07
0.4308,6614.058598178875,0.0,0.0,2.4453632713304128,9.537692258607677e-07,9.537692258607665e-07
0.43085,6614.089843947802,0.0,0.0,2.4453336024935677,9.537666741188943e-07,9.53766674118893e-07
0.4309,6614.126234402252,0.0,0.0,2.445305299687437,9.537867235523405e-07,9.537867235523393e-07
0.43095,6614.167120994703,0.0,0.0,2.4452783888030702,9.537837496595288e-07,9.537837496595275e-07
0.431,6614.21178475291,0.0,0.0,2.445252913429494,9.538048704160865e-07,9.538048704160852e-07
0.43105000000000004,6614.262262969001,0.0,0.0,2.4452289188314373,9.538053900510144e-07,9.538053900510131e-07
0.43110000000000004,6614.315402387031,0.0,0.0,2.4452064105201385,9.53823314032193e-07,9.538233140321917e-07
0.43115000000000003,6614.373181390374,0.0,0.0,2.445185430553648,9.538287042735034e-07,9.53828704273502e-07
0.4312,6614.436191250374,0.0,0.0,2.445166020241479,9.53846735360092e-07,9.53846735360091e-07
0.43125,6614.501718943922,0.0,0.0,2.4451481997761415,9.53852005796073e-07,9.538520057960718e-07
0.4313,6614.571686285114,0.0,0.0,2.445131998784826,9.538713451418884e-07,9.538713451418871e-07
0.43135,6614.6472720039965,0.0,0.0,2.44511743487648,9.538815070105094e-07,9.538815070105081e-07
0.4314,6614.723882848798,0.0,0.0,2.445104532297723,9.538936649096176e-07,9.538936649096164e-07
0.43145,6614.805288608441,0.0,0.0,2.4450933294074515,9.539121652631925e-07,9.539121652631914e-07
0.4315,6614.890957567109,0.0,0.0,2.4450838166398854,9.53921810104624e-07,9.539218101046228e-07
0.43155000000000004,6614.978644159604,0.0,0.0,2.4450760013753916,9.539415130161097e-07,9.539415130161085e-07
0.43160000000000004,6615.070535305844,0.0,0.0,2.445069909902474,9.539518863829574e-07,9.539518863829564e-07
0.43165000000000003,6615.165493409353,0.0,0.0,2.445065541393195,9.539734186663755e-07,9.539734186663742e-07
0.43170000000000003,6615.26222604037,0.0,0.0,2.445062908671728,9.539812005110955e-07,9.539812005110943e-07
0.43175,6615.363285191597,0.0,0.0,2.445062021360057,9.540080024004294e-07,9.540080024004282e-07
0.4318,6615.4666168135545,0.0,0.0,2.44506286731605,9.540131186347487e-07,9.540131186347475e-07
0.43185,6615.572119551919,0.0,0.0,2.445065451596253,9.540411936559348e-07,9.540411936559336e-07
0.4319,6615.681000429704,0.0,0.0,2.4450697635589367,9.540480056320035e-07,9.540480056320023e-07
0.43195,6615.790902498751,0.0,0.0,2.4450757954827766,9.540737824524976e-07,9.540737824524963e-07
0.432,6615.903617651009,0.0,0.0,2.445083559053029,9.540840366432013e-07,9.540840366432002e-07
0.43205000000000005,6616.018955606669,0.0,0.0,2.445093029700841,9.541089455859302e-07,9.54108945585929e-07
0.43210000000000004,6616.134995710722,0.0,0.0,2.4451041900355666,9.541189560617428e-07,9.541189560617415e-07
0.43215000000000003,6616.252847554184,0.0,0.0,2.445117035654262,9.541437094653677e-07,9.541437094653664e-07
0.43220000000000003,6616.372826561378,0.0,0.0,2.445131541185374,9.541564937828757e-07,9.541564937828744e-07
0.43225,6616.493026815091,0.0,0.0,2.445147687929253,9.54177329927321e-07,9.541773299273197e-07
0.4323,6616.615128591429,0.0,0.0,2.445165451622303,9.541943559288772e-07,9.541943559288759e-07
0.43235,6616.737836384025,0.0,0.0,2.4451847898673704,9.542119249460515e-07,9.542119249460502e-07
0.4324,6616.861426126164,0.0,0.0,2.44520569351943,9.54231528163983e-07,9.542315281639817e-07
0.43245,6616.985532652614,0.0,0.0,2.445228131846389,9.542467157734798e-07,9.542467157734786e-07
0.4325,6617.109835935878,0.0,0.0,2.445252066477364,9.54267944672319e-07,9.542679446723177e-07
0.43255000000000005,6617.234793087363,0.0,0.0,2.4452774753121567,9.542821733283457e-07,9.542821733283442e-07
0.43260000000000004,6617.3599440251555,0.0,0.0,2.445304312078474,9.543040303534257e-07,9.543040303534244e-07
0.43265000000000003,6617.48426658494,0.0,0.0,2.4453325305758202,9.543161952612301e-07,9.543161952612289e-07
0.43270000000000003,6617.6091356556335,0.0,0.0,2.445362104702919,9.543400476338958e-07,9.543400476338945e-07
0.43275,6617.733123715368,0.0,0.0,2.4453929880591967,9.54350065461709e-07,9.543500654617076e-07
0.4328,6617.855898745148,0.0,0.0,2.4454251403267913,9.543734392870362e-07,9.54373439287035e-07
0.43285,6617.979096780715,0.0,0.0,2.4454585157266755,9.543852164165338e-07,9.543852164165325e-07
0.4329,6618.100489766238,0.0,0.0,2.445493051475157,9.544053194739647e-07,9.544053194739635e-07
0.43295,6618.220447961711,0.0,0.0,2.4455287147819247,9.544178328403482e-07,9.54417832840347e-07
0.433,6618.339597886897,0.0,0.0,2.4455654539710903,9.544371827075238e-07,9.544371827075225e-07
0.43305000000000005,6618.4569673096175,0.0,0.0,2.4456032022004535,9.5444942229488e-07,9.544494222948787e-07
0.43310000000000004,6618.57265628884,0.0,0.0,2.445641912909269,9.544670944774936e-07,9.544670944774922e-07
0.43315000000000003,6618.687027040619,0.0,0.0,2.445681532115487,9.544804035331967e-07,9.544804035331955e-07
0.43320000000000003,6618.798408641753,0.0,0.0,2.4457219995448956,9.544944291556687e-07,9.544944291556674e-07
0.43325,6618.908419301831,0.0,0.0,2.445763269839143,9.54510059914968e-07,9.545100599149668e-07
0.4333,6619.016070656825,0.0,0.0,2.4458052755489375,9.545211476003465e-07,9.545211476003453e-07
0.43335,6619.12076372692,0.0,0.0,2.4458479577031014,9.545365587396779e-07,9.545365587396766e-07
0.4334,6619.22341213031,0.0,0.0,2.445891257415704,9.545467903049573e-07,9.54546790304956e-07
0.43345,6619.323124614312,0.0,0.0,2.4459351039341715,9.545612724059755e-07,9.545612724059743e-07
0.4335,6619.419397102157,0.0,0.0,2.4459794441499905,9.54569523347459e-07,9.545695233474578e-07
0.43355000000000005,6619.513354977323,0.0,0.0,2.4460242190743235,9.5458457983887e-07,9.545845798388688e-07
0.43360000000000004,6619.603860609774,0.0,0.0,2.4460693539433906,9.545906625162917e-07,9.545906625162902e-07
0.43365000000000004,6619.6907368722705,0.0,0.0,2.4461147885615984,9.546044505962087e-07,9.546044505962074e-07
0.43370000000000003,6619.774696498446,0.0,0.0,2.4461604568485096,9.54610439229604e-07,9.546104392296027e-07
0.43375,6619.854778940376,0.0,0.0,2.4462062925185344,9.546219242478893e-07,9.54621924247888e-07
0.4338,6619.931204906656,0.0,0.0,2.4462522379977703,9.546275048098897e-07,9.546275048098884e-07
0.43385,6620.004015725856,0.0,0.0,2.4462982179310075,9.54637297577457e-07,9.546372975774556e-07
0.4339,6620.07291875816,0.0,0.0,2.4463441682819087,9.546422182620254e-07,9.546422182620243e-07
0.43395,6620.137827724051,0.0,0.0,2.446390031526915,9.546499940724963e-07,9.54649994072495e-07
0.434,6620.198686102123,0.0,0.0,2.4464357377890202,9.546543948443607e-07,9.546543948443594e-07
0.43405000000000005,6620.255258182945,0.0,0.0,2.446481224379097,9.5466010225285e-07,9.546601022528487e-07
0.43410000000000004,6620.307864480742,0.0,0.0,2.4465264285317634,9.546640822909404e-07,9.546640822909392e-07
0.43415000000000004,6620.355964587691,0.0,0.0,2.446571277127092,9.546676913009497e-07,9.546676913009484e-07
0.43420000000000003,6620.399721295107,0.0,0.0,2.446615712218955,9.546708128465196e-07,9.546708128465183e-07
0.43425,6620.439081391739,0.0,0.0,2.446659668781627,9.546728914879987e-07,9.546728914879975e-07
0.4343,6620.473880649918,0.0,0.0,2.44670308412063,9.54674698429797e-07,9.546746984297958e-07
0.43435,6620.5041696947255,0.0,0.0,2.446745901577782,9.546754931296084e-07,9.546754931296071e-07
0.4344,6620.529928155194,0.0,0.0,2.4467880535009194,9.546758173692367e-07,9.546758173692354e-07
0.43445,6620.550986570261,0.0,0.0,2.446829478479696,9.546754895441453e-07,9.546754895441438e-07
0.4345,6620.567439155104,0.0,0.0,2.4468701254524863,9.546740950068132e-07,9.54674095006812e-07
0.43455000000000005,6620.579206189449,0.0,0.0,2.4469099316680727,9.546728522786858e-07,9.546728522786848e-07
0.43460000000000004,6620.58627730403,0.0,0.0,2.446948841286842,9.546696519955458e-07,9.546696519955446e-07
0.43465000000000004,6620.588658802102,0.0,0.0,2.4469868015637806,9.546673847120273e-07,9.546673847120258e-07
0.43470000000000003,6620.586336849236,0.0,0.0,2.44702375398198,9.546627695128817e-07,9.546627695128802e-07
0.43475,6620.579308085343,0.0,0.0,2.4470596507951297,9.546591471620716e-07,9.546591471620703e-07
0.4348,6620.567555968521,0.0,0.0,2.4470944405581916,9.546531004571416e-07,9.546531004571404e-07
0.43485,6620.551197916867,0.0,0.0,2.447128071167606,9.546485098230645e-07,9.546485098230632e-07
0.4349,6620.530174179951,0.0,0.0,2.4471604965979123,9.546409579040776e-07,9.546409579040763e-07
0.43495,6620.504395462215,0.0,0.0,2.4471916684309085,9.546346554432737e-07,9.546346554432724e-07
0.435,6620.47426742086,0.0,0.0,2.447221541015893,9.546271023280467e-07,9.546271023280455e-07
0.43505000000000005,6620.439456754935,0.0,0.0,2.4472500773058252,9.54618114081283e-07,9.546181140812817e-07
0.43510000000000004,6620.400114403322,0.0,0.0,2.447277233549275,9.546103984026026e-07,9.546103984026013e-07
0.43515000000000004,6620.356465282116,0.0,0.0,2.4473029710901137,9.54599609930233e-07,9.545996099302318e-07
0.43520000000000003,6620.308317849441,0.0,0.0,2.4473272540371607,9.5459125427778e-07,9.545912542777787e-07
0.43525,6620.255835233341,0.0,0.0,2.447350046520172,9.54578524155983e-07,9.545785241559817e-07
0.4353,6620.199338718988,0.0,0.0,2.447371318282463,9.54570503526811e-07,9.545705035268098e-07
0.43535,6620.138442733852,0.0,0.0,2.447391039114231,9.545548809946062e-07,9.545548809946049e-07
0.4354,6620.073566420371,0.0,0.0,2.447409178687329,9.54547389402221e-07,9.545473894022195e-07
0.43545,6620.0047783353275,0.0,0.0,2.447425712811978,9.545297546100072e-07,9.545297546100059e-07
0.4355,6619.93192646285,0.0,0.0,2.4474406177207504,9.545217626149496e-07,9.545217626149483e-07
0.43555000000000005,6619.855651130256,0.0,0.0,2.4474538714745275,9.545034302542582e-07,9.54503430254257e-07
0.43560000000000004,6619.775494773753,0.0,0.0,2.4474654561598572,9.54493955167119e-07,9.544939551671176e-07
0.43565000000000004,6619.691661457274,0.0,0.0,2.4474753540400576,9.544748715598726e-07,9.544748715598713e-07
0.43570000000000003,6619.604633064117,0.0,0.0,2.4474835512415045,9.544649380359743e-07,9.54464938035973e-07
0.43575,6619.514303244895,0.0,0.0,2.447490036315648,9.544451969732938e-07,9.544451969732925e-07
0.4358,6619.420524794672,0.0,0.0,2.4474947996749568,9.544333828557441e-07,9.544333828557427e-07
0.43585,6619.324026562058,0.0,0.0,2.4474978348264544,9.544148152514622e-07,9.54414815251461e-07
0.4359,6619.224323453872,0.0,0.0,2.447499137246678,9.54400239495719e-07,9.544002394957176e-07
0.43595,6619.122040722189,0.0,0.0,2.4474987048117605,9.543832152241242e-07,9.54383215224123e-07
0.436,6619.016967596397,0.0,0.0,2.4474965380032905,9.543659083298257e-07,9.543659083298244e-07
0.43605,6618.909553088566,0.0,0.0,2.447492639690585,9.543506930387766e-07,9.543506930387754e-07
0.43610000000000004,6618.799893622022,0.0,0.0,2.447487015339565,9.543309163176666e-07,9.543309163176651e-07
0.43615000000000004,6618.687864844815,0.0,0.0,2.4474796723544427,9.54316730214565e-07,9.543167302145636e-07
0.43620000000000003,6618.573862672985,0.0,0.0,2.44747062155412,9.54295282542698e-07,9.542952825426967e-07
0.43625,6618.458378873477,0.0,0.0,2.447459875879475,9.542827502022908e-07,9.542827502022895e-07
0.4363,6618.34065914185,0.0,0.0,2.447447449358673,9.542583782673049e-07,9.542583782673036e-07
0.43635,6618.221773635769,0.0,0.0,2.4474333605620986,9.542481620469673e-07,9.54248162046966e-07
0.4364,6618.101836703868,0.0,0.0,2.4474176288563623,9.542225316597571e-07,9.542225316597559e-07
0.43645,6617.979911908357,0.0,0.0,2.447400276032863,9.542112767496972e-07,9.542112767496959e-07
0.4365,6617.857523159458,0.0,0.0,2.447381328527473,9.54187286542297e-07,9.541872865422954e-07
0.43655,6617.734364605764,0.0,0.0,2.447360810915822,9.541751266019381e-07,9.541751266019369e-07
0.43660000000000004,6617.610232351779,0.0,0.0,2.447338751760032,9.541513371078011e-07,9.541513371077999e-07
0.43665000000000004,6617.485859658763,0.0,0.0,2.4473151833407627,9.541389856842033e-07,9.54138985684202e-07
0.43670000000000003,6617.361166346786,0.0,0.0,2.44729013787946,9.541162625502612e-07,9.5411626255026e-07
0.43675,6617.23587042311,0.0,0.0,2.447263651800145,9.541020171556202e-07,9.54102017155619e-07
0.4368,6617.111632712591,0.0,0.0,2.4472357636508004,9.540833543768222e-07,9.540833543768209e-07
0.43685,6616.98679845352,0.0,0.0,2.447206509314816,9.540648258932721e-07,9.540648258932709e-07
0.4369,6616.862598231901,0.0,0.0,2.4471759332739342,9.540503092613954e-07,9.540503092613941e-07
0.43695,6616.739333773973,0.0,0.0,2.447144078407491,9.540298367204931e-07,9.540298367204919e-07
0.437,6616.61630073365,0.0,0.0,2.447110989071252,9.540170577461264e-07,9.54017057746125e-07
0.43705,6616.494314249462,0.0,0.0,2.447076713786124,9.539956490018689e-07,9.539956490018676e-07
0.43710000000000004,6616.3741265072185,0.0,0.0,2.4470412992071005,9.53986323650594e-07,9.539863236505928e-07
0.43715000000000004,6616.254197506807,0.0,0.0,2.4470047948973677,9.539612182826013e-07,9.539612182826e-07
0.43720000000000003,6616.136103600523,0.0,0.0,2.4469672551961534,9.539561578396987e-07,9.539561578396974e-07
0.43725,6616.020044040784,0.0,0.0,2.4469287305903764,9.53930320518533e-07,9.539303205185317e-07
0.4373,6615.905042148276,0.0,0.0,2.446889277212319,9.539255768868063e-07,9.539255768868049e-07
0.43735,6615.792458611435,0.0,0.0,2.44684895132201,9.539013848800419e-07,9.539013848800406e-07
0.4374,6615.681952059469,0.0,0.0,2.4468078052102076,9.53897028102459e-07,9.538970281024576e-07
0.43745,6615.573658584891,0.0,0.0,2.446765902186311,9.53873974028886e-07,9.538739740288848e-07
0.4375,6615.467671595311,0.0,0.0,2.4467233020773946,9.538695259881543e-07,9.53869525988153e-07
0.43755,6615.364426009344,0.0,0.0,2.4466800636254677,9.538491391493416e-07,9.538491391493403e-07
0.43760000000000004,6615.263807073616,0.0,0.0,2.4466362496980683,9.538436459794809e-07,9.538436459794794e-07
0.43765000000000004,6615.166445848886,0.0,0.0,2.4465919207262186,9.538268749986467e-07,9.538268749986454e-07
0.43770000000000003,6615.071302243716,0.0,0.0,2.446547139068235,9.538185409462487e-07,9.538185409462474e-07
0.43775000000000003,6614.979970186086,0.0,0.0,2.4465019733809874,9.538073670249881e-07,9.538073670249869e-07
0.4378,6614.891535614023,0.0,0.0,2.4464564819135326,9.53795894588039e-07,9.537958945880378e-07
0.43785,6614.806537036645,0.0,0.0,2.4464107313400247,9.537894409101074e-07,9.53789440910106e-07
0.4379,6614.725241187639,0.0,0.0,2.4463647874094456,9.537762472480561e-07,9.537762472480549e-07
0.43795,6614.647396567847,0.0,0.0,2.44631871148863,9.53773389637918e-07,9.537733896379168e-07
0.438,6614.573047035676,0.0,0.0,2.4462725729988275,9.537586722883646e-07,9.537586722883634e-07
0.43805,6614.503066234572,0.0,0.0,2.4462264382960988,9.537603520317252e-07,9.53760352031724e-07
0.43810000000000004,6614.436611966593,0.0,0.0,2.4461803678676435,9.537437443833922e-07,9.537437443833908e-07
0.43815000000000004,6614.3744979987605,0.0,0.0,2.4461344318486895,9.537492265955664e-07,9.53749226595565e-07
0.43820000000000003,6614.316548483538,0.0,0.0,2.446088693450835,9.537322652961823e-07,9.53732265296181e-07
0.43825000000000003,6614.262159114764,0.0,0.0,2.4460432167759967,9.537389805300711e-07,9.537389805300699e-07
0.4383,6614.213029591549,0.0,0.0,2.445998073183253,9.53725251629009e-07,9.537252516290078e-07
0.43835,6614.167766879807,0.0,0.0,2.445953321211571,9.53730921997859e-07,9.537309219978577e-07
0.4384,6614.126545695017,0.0,0.0,2.445909024076179,9.53719715211937e-07,9.537197152119358e-07
0.43845,6614.09051440045,0.0,0.0,2.4458652470358513,9.53726645020295e-07,9.537266450202935e-07
0.4385,6614.058845939286,0.0,0.0,2.4458220498899554,9.537174688279956e-07,9.537174688279943e-07
0.43855,6614.030827907772,0.0,0.0,2.4457794961050223,9.537226487006725e-07,9.537226487006712e-07
0.43860000000000005,6614.008826389831,0.0,0.0,2.4457376477828734,9.537202336794323e-07,9.53720233679431e-07
0.43865000000000004,6613.990583868577,0.0,0.0,2.445696557285582,9.537211960632692e-07,9.53721196063268e-07
0.43870000000000003,6613.977084444669,0.0,0.0,2.4456562895940026,9.537242266667709e-07,9.537242266667696e-07
0.43875000000000003,6613.96867217506,0.0,0.0,2.4456168998728898,9.537239630044625e-07,9.537239630044612e-07
0.4388,6613.964655568406,0.0,0.0,2.445578444145112,9.537304045376104e-07,9.53730404537609e-07
0.43885,6613.965168958606,0.0,0.0,2.4455409807059123,9.537288966430694e-07,9.537288966430681e-07
0.4389,6613.971110991249,0.0,0.0,2.445504558867313,9.53740277559223e-07,9.537402775592217e-07
0.43895,6613.9810659477325,0.0,0.0,2.4454692290708873,9.537362068625492e-07,9.53736206862548e-07
0.439,6613.996006709701,0.0,0.0,2.4454350478987767,9.537518793576392e-07,9.53751879357638e-07
0.43905,6614.015596832965,0.0,0.0,2.445402060289385,9.537472488493542e-07,9.53747248849353e-07
0.43910000000000005,6614.039453545306,0.0,0.0,2.445370314387186,9.537648377286863e-07,9.537648377286848e-07
0.43915000000000004,6614.068597187072,0.0,0.0,2.4453398553131667,9.537622142726286e-07,9.537622142726273e-07
0.43920000000000003,6614.101843133792,0.0,0.0,2.445310721280104,9.537796188711146e-07,9.53779618871113e-07
0.43925000000000003,6614.139455417453,0.0,0.0,2.445282960205602,9.537790787315025e-07,9.537790787315013e-07
0.4393,6614.181751019004,0.0,0.0,2.4452566089102468,9.53797136623575e-07,9.537971366235737e-07
0.43935,6614.228640588604,0.0,0.0,2.4452317036555495,9.537992201754123e-07,9.537992201754108e-07
0.4394,6614.279398343304,0.0,0.0,2.4452082832805253,9.538157459967434e-07,9.53815745996742e-07
0.43945,6614.334961409611,0.0,0.0,2.4451863784586854,9.53822305343101e-07,9.538223053430998e-07
0.4395,6614.394200466002,0.0,0.0,2.4451660187200672,9.538362811231095e-07,9.53836281123108e-07
0.43955,6614.458009478577,0.0,0.0,2.4451472407496926,9.538476335828027e-07,9.538476335828014e-07
0.43960000000000005,6614.5253788794935,0.0,0.0,2.4451300644538105,9.538587767739902e-07,9.538587767739887e-07
0.43965000000000004,6614.597031780869,0.0,0.0,2.4451145175814815,9.538749637066197e-07,9.538749637066184e-07
0.43970000000000004,6614.672414619693,0.0,0.0,2.445100622178054,9.53883673282553e-07,9.538836732825518e-07
0.43975000000000003,6614.75127140077,0.0,0.0,2.445088393812759,9.539031991184562e-07,9.53903199118455e-07
0.4398,6614.833790314151,0.0,0.0,2.445077854602413,9.53910825423147e-07,9.539108254231456e-07
0.43985,6614.920153245151,0.0,0.0,2.445069020637259,9.53933528462515e-07,9.539335284625138e-07
0.4399,6615.009163972904,0.0,0.0,2.4450618984512142,9.539389664032169e-07,9.539389664032156e-07
0.43995,6615.10185350619,0.0,0.0,2.4450565020734762,9.53965148500501e-07,9.539651485004998e-07
0.44,6615.19790954013,0.0,0.0,2.4450528367753024,9.539701314999136e-07,9.539701314999123e-07
0.44005,6615.296131857417,0.0,0.0,2.4450509076568308,9.53996169503956e-07,9.539961695039548e-07
0.44010000000000005,6615.397784974685,0.0,0.0,2.4450507235914,9.540034219678657e-07,9.540034219678644e-07
0.44015000000000004,6615.50201948939,0.0,0.0,2.445052278178569,9.54028738867191e-07,9.540287388671897e-07
0.44020000000000004,6615.608617877961,0.0,0.0,2.445055570959935,9.540373708191767e-07,9.540373708191754e-07
0.44025000000000003,6615.717777769401,0.0,0.0,2.4450605999342048,9.540622159366833e-07,9.54062215936682e-07
0.4403,6615.829140377104,0.0,0.0,2.445067354839895,9.540726396889729e-07,9.540726396889716e-07
0.44035,6615.942090881505,0.0,0.0,2.445075827942904,9.540954927417917e-07,9.540954927417904e-07
0.4404,6616.057784887927,0.0,0.0,2.4450860095511806,9.541098093193715e-07,9.541098093193704e-07
0.44045,6616.174466584243,0.0,0.0,2.4450978778637245,9.541289070452958e-07,9.541289070452945e-07
0.4405,6616.292981741918,0.0,0.0,2.445111421364247,9.541468805045099e-07,9.541468805045084e-07
0.44055,6616.4130235765,0.0,0.0,2.4451266185599283,9.541637162577644e-07,9.541637162577631e-07
0.44060000000000005,6616.534003897323,0.0,0.0,2.445143448154649,9.541834997667707e-07,9.541834997667695e-07
0.44065000000000004,6616.656060424317,0.0,0.0,2.4451618879248325,9.541987894263935e-07,9.54198789426392e-07
0.44070000000000004,6616.779503276014,0.0,0.0,2.445181908570448,9.542209091543123e-07,9.54220909154311e-07
0.44075000000000003,6616.902991953735,0.0,0.0,2.4452034811173076,9.542333407637528e-07,9.542333407637515e-07
0.4408,6617.027299281286,0.0,0.0,2.445226579160502,9.542576241323808e-07,9.542576241323795e-07
0.44085,6617.152160402435,0.0,0.0,2.445251166117124,9.542689925920289e-07,9.542689925920276e-07
0.4409,6617.276851615968,0.0,0.0,2.445277210101834,9.542929990209973e-07,9.542929990209959e-07
0.44095,6617.401749492776,0.0,0.0,2.4453046741426543,9.543045255082036e-07,9.543045255082023e-07
0.441,6617.526427694984,0.0,0.0,2.4453335140947248,9.543278665628053e-07,9.54327866562804e-07
0.44105,6617.650778045707,0.0,0.0,2.4453636941812453,9.543395796352593e-07,9.54339579635258e-07
0.44110000000000005,6617.774450580621,0.0,0.0,2.4453951697941334,9.543615547846623e-07,9.54361554784661e-07
0.44115000000000004,6617.89754818518,0.0,0.0,2.4454278950373305,9.543741699357968e-07,9.543741699357954e-07
0.44120000000000004,6618.019654075172,0.0,0.0,2.4454618245058017,9.543942094723354e-07,9.543942094723341e-07
0.44125000000000003,6618.140921394718,0.0,0.0,2.445496907927154,9.544079655555027e-07,9.544079655555015e-07
0.4413,6618.260595412392,0.0,0.0,2.4455330942748836,9.544253897510152e-07,9.54425389751014e-07
0.44135,6618.379250977999,0.0,0.0,2.445570337727191,9.544407802300493e-07,9.54440780230048e-07
0.4414,6618.49605038832,0.0,0.0,2.4456085797826113,9.544553711324805e-07,9.544553711324793e-07
0.44145,6618.611283451425,0.0,0.0,2.445647769037005,9.544719559904167e-07,9.544719559904154e-07
0.4415,6618.724625182572,0.0,0.0,2.4456878490510903,9.544843136895872e-07,9.54484313689586e-07
0.44155,6618.835877147586,0.0,0.0,2.4457287610680956,9.545012214113283e-07,9.54501221411327e-07
0.44160000000000005,6618.944811713895,0.0,0.0,2.4457704502445012,9.545116925030414e-07,9.545116925030401e-07
0.44165000000000004,6619.051566004934,0.0,0.0,2.445812857221922,9.545287843941356e-07,9.545287843941343e-07
0.44170000000000004,6619.155612361106,0.0,0.0,2.4458559177938777,9.545374330365165e-07,9.545374330365152e-07
0.44175000000000003,6619.257130080332,0.0,0.0,2.445899574582886,9.545542108921633e-07,9.54554210892162e-07
0.4418,6619.3558048571185,0.0,0.0,2.445943763246684,9.545615828479123e-07,9.545615828479108e-07
0.44185,6619.451319516018,0.0,0.0,2.4459884194880726,9.545770595970185e-07,9.545770595970172e-07
0.4419,6619.544062623955,0.0,0.0,2.4460334839057554,9.54584199832149e-07,9.545841998321477e-07
0.44195,6619.63340773113,0.0,0.0,2.4460788891366887,9.54597635420465e-07,9.545976354204637e-07
0.442,6619.719351977817,0.0,0.0,2.446124571468269,9.54604381452798e-07,9.546043814527968e-07
0.44205,6619.801971622156,0.0,0.0,2.4461704665342796,9.546161467683013e-07,9.546161467683e-07
0.44210000000000005,6619.880998540983,0.0,0.0,2.446216508371152,9.546223686508918e-07,9.546223686508906e-07
0.44215000000000004,6619.956111512426,0.0,0.0,2.446262632884493,9.546319281920873e-07,9.54631928192086e-07
0.44220000000000004,6620.027733994519,0.0,0.0,2.446308775676412,9.546381997912987e-07,9.546381997912974e-07
0.44225000000000003,6620.095226467254,0.0,0.0,2.4463548670369706,9.546453323180878e-07,9.546453323180865e-07
0.4423,6620.158772920793,0.0,0.0,2.446400844826206,9.546512173479428e-07,9.546512173479416e-07
0.44235,6620.218261145801,0.0,0.0,2.446446641998483,9.546565089715226e-07,9.546565089715213e-07
0.4424,6620.273538812918,0.0,0.0,2.4464921940270448,9.54661490308528e-07,9.546614903085267e-07
0.44245,6620.324509481797,0.0,0.0,2.4465374371233675,9.546651416738035e-07,9.546651416738022e-07
0.4425,6620.37125498569,0.0,0.0,2.446582305239515,9.546690856162668e-07,9.546690856162655e-07
0.44255,6620.413519116542,0.0,0.0,2.4466267338552683,9.546712599145304e-07,9.546712599145292e-07
0.44260000000000005,6620.451368927686,0.0,0.0,2.446670662199902,9.546738268176266e-07,9.546738268176253e-07
0.44265000000000004,6620.484700679293,0.0,0.0,2.4467140261206732,9.546748443840767e-07,9.546748443840754e-07
0.44270000000000004,6620.513453943387,0.0,0.0,2.4467567648958792,9.546757562073751e-07,9.546757562073739e-07
0.44275000000000003,6620.537654837407,0.0,0.0,2.446798817818247,9.546757785765818e-07,9.546757785765804e-07
0.4428,6620.557198237158,0.0,0.0,2.4468401238172697,9.546749629967352e-07,9.54674962996734e-07
0.44285,6620.572082490236,0.0,0.0,2.446880626498001,9.54673984181408e-07,9.546739841814067e-07
0.4429,6620.5822864685315,0.0,0.0,2.4469202671963814,9.546714850529035e-07,9.546714850529022e-07
0.44295,6620.58780122793,0.0,0.0,2.446958989644061,9.546694065153161e-07,9.546694065153149e-07
0.443,6620.5886084978465,0.0,0.0,2.4469967392807708,9.546654421749878e-07,9.546654421749864e-07
0.44305,6620.584709670731,0.0,0.0,2.44703346153573,9.546620131639012e-07,9.546620131639e-07
0.4431,6620.5761232289715,0.0,0.0,2.447069103742192,9.546569039568575e-07,9.546569039568563e-07
0.44315000000000004,6620.562831066941,0.0,0.0,2.4471036174452117,9.546518183260476e-07,9.546518183260461e-07
0.44320000000000004,6620.544903341591,0.0,0.0,2.447136951333137,9.54645947112171e-07,9.546459471121697e-07
0.44325000000000003,6620.522295511427,0.0,0.0,2.4471690593847653,9.546388669631562e-07,9.54638866963155e-07
0.4433,6620.495098161694,0.0,0.0,2.447199895656649,9.546325472222862e-07,9.546325472222847e-07
0.44335,6620.463338794938,0.0,0.0,2.4472294157912735,9.54623437621648e-07,9.546234376216467e-07
0.4434,6620.427047503512,0.0,0.0,2.4472575785667754,9.546166753896675e-07,9.546166753896662e-07
0.44345,6620.386226839291,0.0,0.0,2.4472843443344625,9.546054288851655e-07,9.54605428885164e-07
0.4435,6620.341098319416,0.0,0.0,2.4473096741920566,9.545986855330591e-07,9.545986855330579e-07
0.44355,6620.291530997209,0.0,0.0,2.447333533042961,9.545850266152945e-07,9.545850266152932e-07
0.4436,6620.237653108449,0.0,0.0,2.4473558863684017,9.545781337054424e-07,9.545781337054411e-07
0.44365000000000004,6620.179703352222,0.0,0.0,2.447376702481673,9.545629116695981e-07,9.545629116695969e-07
0.44370000000000004,6620.117502401098,0.0,0.0,2.447395952630114,9.545551032060387e-07,9.545551032060374e-07
0.44375000000000003,6620.0513192876015,0.0,0.0,2.4474136084069076,9.545387675650415e-07,9.545387675650403e-07
0.44380000000000003,6619.981210234184,0.0,0.0,2.447429645024147,9.545300750500091e-07,9.545300750500078e-07
0.44385,6619.907224884382,0.0,0.0,2.4474440398170594,9.545127437530213e-07,9.5451274375302e-07
0.4439,6619.829478951057,0.0,0.0,2.4474567722071536,9.545029027309738e-07,9.545029027309726e-07
0.44395,6619.748275773296,0.0,0.0,2.4474678242464005,9.544854615011157e-07,9.544854615011145e-07
0.444,6619.66327058349,0.0,0.0,2.447477180450079,9.54473344632791e-07,9.544733446327895e-07
0.44405,6619.575136040046,0.0,0.0,2.44748482706817,9.544569371638942e-07,9.544569371638927e-07
0.4441,6619.483591936496,0.0,0.0,2.4474907536191286,9.544422210866814e-07,9.544422210866801e-07
0.44415000000000004,6619.388925051602,0.0,0.0,2.447494951529454,9.54426758235243e-07,9.544267582352418e-07
0.44420000000000004,6619.291305893759,0.0,0.0,2.4474974148805386,9.544098908141041e-07,9.544098908141026e-07
0.44425000000000003,6619.190862344637,0.0,0.0,2.4474981401524256,9.543953738179668e-07,9.543953738179653e-07
0.44430000000000003,6619.087469340349,0.0,0.0,2.447497126288206,9.543759182408202e-07,9.54375918240819e-07
0.44435,6618.9818071204145,0.0,0.0,2.447494374739261,9.543632669191003e-07,9.54363266919099e-07
0.4444,6618.873582786,0.0,0.0,2.447489889325503,9.543411306743795e-07,9.543411306743782e-07
0.44445,6618.7630222401785,0.0,0.0,2.4474836765536114,9.543295596739967e-07,9.543295596739954e-07
0.4445,6618.650493686637,0.0,0.0,2.4474757450733047,9.543061090775454e-07,9.543061090775441e-07
0.44455,6618.535926559351,0.0,0.0,2.4474661061622838,9.542948624363748e-07,9.542948624363735e-07
0.4446,6618.419590676914,0.0,0.0,2.447454773875365,9.5427055716271e-07,9.542705571627088e-07
0.44465000000000005,6618.301571925745,0.0,0.0,2.447441763841858,9.542593271013927e-07,9.542593271013914e-07
0.44470000000000004,6618.182227203062,0.0,0.0,2.44742709465588,9.542351013144371e-07,9.542351013144359e-07
0.44475000000000003,6618.061445467197,0.0,0.0,2.4474107870922954,9.54222963075845e-07,9.542229630758436e-07
0.44480000000000003,6617.939666494935,0.0,0.0,2.4473928641917824,9.541997314903974e-07,9.541997314903962e-07
0.44485,6617.816773802898,0.0,0.0,2.447373351552645,9.541861240328765e-07,9.541861240328752e-07
0.4449,6617.693386520354,0.0,0.0,2.447352277101753,9.541648612091701e-07,9.541648612091689e-07
0.44495,6617.569057141924,0.0,0.0,2.4473296698086973,9.541488296702812e-07,9.5414882967028e-07
0.445,6617.444680787989,0.0,0.0,2.4473055628816045,9.541305834759052e-07,9.54130583475904e-07
0.44505,6617.319809104174,0.0,0.0,2.447279989668879,9.541117309823891e-07,9.541117309823876e-07
0.4451,6617.194953770552,0.0,0.0,2.447252987010875,9.540964202885092e-07,9.54096420288508e-07
0.44515000000000005,6617.070194057257,0.0,0.0,2.4472245934986385,9.540754127507849e-07,9.540754127507836e-07
0.44520000000000004,6616.945866434461,0.0,0.0,2.4471948488265194,9.540628909715857e-07,9.540628909715844e-07
0.44525000000000003,6616.8217650381175,0.0,0.0,2.4471637950976346,9.540396009638455e-07,9.540396009638443e-07
0.44530000000000003,6616.698569242748,0.0,0.0,2.447131477584963,9.540301221896656e-07,9.540301221896643e-07
0.44535,6616.575940034341,0.0,0.0,2.447097940813931,9.540048460746197e-07,9.540048460746184e-07
0.4454,6616.454388056064,0.0,0.0,2.447063233084713,9.53997854922968e-07,9.539978549229664e-07
0.44545,6616.334245279612,0.0,0.0,2.447027403852827,9.539721637116062e-07,9.53972163711605e-07
0.4455,6616.215001992907,0.0,0.0,2.446990502654834,9.539656092214879e-07,9.539656092214866e-07
0.44555,6616.09755085028,0.0,0.0,2.446952583168606,9.539412682837627e-07,9.539412682837614e-07
0.4456,6615.981802211018,0.0,0.0,2.446913698693742,9.539348669312318e-07,9.539348669312305e-07
0.44565000000000005,6615.8677414769145,0.0,0.0,2.446873904632037,9.539116604375904e-07,9.53911660437589e-07
0.44570000000000004,6615.7556432619285,0.0,0.0,2.446833257733381,9.539051493380678e-07,9.539051493380665e-07
0.44575000000000004,6615.646151779502,0.0,0.0,2.446791815538869,9.538848451732257e-07,9.538848451732242e-07
0.44580000000000003,6615.538280007929,0.0,0.0,2.446749636074361,9.538758616038706e-07,9.538758616038694e-07
0.44585,6615.433469154131,0.0,0.0,2.446706781385983,9.53860343747665e-07,9.538603437476638e-07
0.4459,6615.331026649531,0.0,0.0,2.4466633102173208,9.538487179543877e-07,9.538487179543862e-07
0.44595,6615.231346988111,0.0,0.0,2.4466192859452747,9.538371900455724e-07,9.538371900455711e-07
0.446,6615.134527635268,0.0,0.0,2.4465747701200007,9.538237069781391e-07,9.538237069781379e-07
0.44605,6615.041024738918,0.0,0.0,2.4465298255602312,9.538164855239763e-07,9.53816485523975e-07
0.4461,6614.950280503751,0.0,0.0,2.446484516761914,9.538004033784435e-07,9.538004033784422e-07
0.44615000000000005,6614.863175327846,0.0,0.0,2.446438908793171,9.537978705307934e-07,9.53797870530792e-07
0.44620000000000004,6614.779306479811,0.0,0.0,2.446393064674743,9.537798593481868e-07,9.537798593481854e-07
0.44625000000000004,6614.699075999966,0.0,0.0,2.4463470507402674,9.537809820805688e-07,9.537809820805676e-07
0.44630000000000003,6614.622593278468,0.0,0.0,2.4463009315533473,9.537623682550168e-07,9.537623682550155e-07
0.44635,6614.549671817078,0.0,0.0,2.4462547731524404,9.537656706304221e-07,9.537656706304209e-07
0.4464,6614.480793412609,0.0,0.0,2.4462086423347507,9.537479022517253e-07,9.53747902251724e-07
0.44645,6614.4158304215725,0.0,0.0,2.4461626026777745,9.537525457984097e-07,9.537525457984084e-07
0.4465,6614.355049118012,0.0,0.0,2.446116721144284,9.537364285332253e-07,9.53736428533224e-07
0.44655,6614.298196407558,0.0,0.0,2.4460710623492674,9.53741241163145e-07,9.537412411631435e-07
0.4466,6614.245846839381,0.0,0.0,2.4460256908360964,9.537282158855713e-07,9.5372821588557e-07
0.44665000000000005,6614.197483345155,0.0,0.0,2.445980671763799,9.537320080140473e-07,9.53732008014046e-07
0.44670000000000004,6614.1538608511655,0.0,0.0,2.445936069803899,9.537231455691878e-07,9.537231455691863e-07
0.44675000000000004,6614.114280554236,0.0,0.0,2.4458919453739476,9.537250310408938e-07,9.537250310408926e-07
0.44680000000000003,6614.079645744453,0.0,0.0,2.445848364542489,9.537211513679425e-07,9.53721151367941e-07
0.44685,6614.049085737477,0.0,0.0,2.4458053867923133,9.537204301474278e-07,9.537204301474266e-07
0.4469,6614.0234102960085,0.0,0.0,2.4457630743109857,9.537217953546326e-07,9.537217953546311e-07
0.44695,6614.00232898111,0.0,0.0,2.4457214876651063,9.537191387300639e-07,9.537191387300624e-07
0.447,6613.985920826164,0.0,0.0,2.4456806854993385,9.537246654576691e-07,9.537246654576679e-07
0.44705,6613.973924070751,0.0,0.0,2.445640725065644,9.537204666876408e-07,9.537204666876395e-07
0.4471,6613.967128064657,0.0,0.0,2.4456016651693933,9.537306166479338e-07,9.537306166479325e-07
0.44715000000000005,6613.964638825337,0.0,0.0,2.445563559437046,9.537246285631344e-07,9.537246285631332e-07
0.44720000000000004,6613.966852896491,0.0,0.0,2.445526463979547,9.537382276140493e-07,9.53738227614048e-07
0.44725000000000004,6613.974124273437,0.0,0.0,2.4454904310610432,9.537328306297592e-07,9.53732830629758e-07
0.44730000000000003,6613.98570217282,0.0,0.0,2.445455509762173,9.537475188780594e-07,9.537475188780581e-07
0.44735,6614.002144949664,0.0,0.0,2.445421752386007,9.537439541586017e-07,9.537439541586002e-07
0.4474,6614.023235833575,0.0,0.0,2.445389205661205,9.537593382878734e-07,9.537593382878722e-07
0.44745,6614.04891242182,0.0,0.0,2.4453579158926315,9.537578413292937e-07,9.537578413292925e-07
0.4475,6614.0790484230465,0.0,0.0,2.445327927902217,9.537730850605635e-07,9.537730850605622e-07
0.44755,6614.114167216359,0.0,0.0,2.445299284280605,9.53775193796846e-07,9.537751937968448e-07
0.4476,6614.1531630055315,0.0,0.0,2.445272024119215,9.537883162578701e-07,9.537883162578686e-07
0.44765000000000005,6614.197171925832,0.0,0.0,2.445246189726381,9.53795405744803e-07,9.537954057448018e-07
0.44770000000000004,6614.245180249156,0.0,0.0,2.4452218147971663,9.53805938736617e-07,9.538059387366157e-07
0.44775000000000004,6614.297680542768,0.0,0.0,2.445198936214872,9.538175993102754e-07,9.538175993102742e-07
0.44780000000000003,6614.354359193047,0.0,0.0,2.4451775850065847,9.538261407582601e-07,9.538261407582589e-07
0.44785,6614.415352870639,0.0,0.0,2.4451577922311807,9.538418879690767e-07,9.538418879690755e-07
0.4479,6614.47999467832,0.0,0.0,2.4451395861025786,9.538481174267628e-07,9.538481174267615e-07
0.44795,6614.549093843897,0.0,0.0,2.4451229929903073,9.538684194724976e-07,9.538684194724964e-07
0.448,6614.621817359364,0.0,0.0,2.4451080349228524,9.538725458041006e-07,9.538725458040993e-07
0.44805,6614.698279182901,0.0,0.0,2.4450947351835914,9.538958829042229e-07,9.538958829042216e-07
0.4481,6614.778528422217,0.0,0.0,2.445083110530727,9.538996108405046e-07,9.538996108405033e-07
0.44815000000000005,6614.862267674075,0.0,0.0,2.4450731779188923,9.539246683245746e-07,9.539246683245733e-07
0.44820000000000004,6614.949460112879,0.0,0.0,2.4450649534515763,9.539286526127388e-07,9.539286526127375e-07
0.44825000000000004,6615.039865800437,0.0,0.0,2.4450584465266383,9.539545190291906e-07,9.539545190291891e-07
0.44830000000000003,6615.133672334331,0.0,0.0,2.445053667740425,9.539599153640199e-07,9.539599153640184e-07
0.44835,6615.230280805233,0.0,0.0,2.44505062323407,9.539851597695736e-07,9.539851597695724e-07
0.4484,6615.32999970435,0.0,0.0,2.4450493176493695,9.539928643542964e-07,9.53992864354295e-07
0.44845,6615.432285412375,0.0,0.0,2.4450497531174107,9.540167538794544e-07,9.540167538794531e-07
0.4485,6615.537483277098,0.0,0.0,2.4450519300525575,9.540273471962324e-07,9.540273471962312e-07
0.44855,6615.644731850771,0.0,0.0,2.445055842410766,9.540488949916994e-07,9.540488949916981e-07
0.4486,6615.754761691699,0.0,0.0,2.44506148793268,9.540631758286928e-07,9.540631758286915e-07
0.44865000000000005,6615.866606744824,0.0,0.0,2.4450688555855464,9.540818771323988e-07,9.540818771323975e-07
0.44870000000000004,6615.980604938987,0.0,0.0,2.445077936887938,9.540994155809646e-07,9.540994155809634e-07
0.44875000000000004,6616.0963509033845,0.0,0.0,2.4450887186509997,9.541158767776846e-07,9.541158767776833e-07
0.44880000000000003,6616.213941303604,0.0,0.0,2.445101184607396,9.541361169772042e-07,9.541361169772029e-07
0.44885,6616.3328149564195,0.0,0.0,2.4451153164805204,9.54150396732822e-07,9.541503967328205e-07
0.4489,6616.453278621423,0.0,0.0,2.4451310966027107,9.541730141880966e-07,9.541730141880954e-07
0.44895,6616.574673920285,0.0,0.0,2.4451484999975315,9.541854379220554e-07,9.541854379220541e-07
0.449,6616.697176974216,0.0,0.0,2.4451675035335425,9.542096114305353e-07,9.54209611430534e-07
0.44905,6616.820641172493,0.0,0.0,2.445188080305972,9.542213108512212e-07,9.5422131085122e-07
0.4491,6616.9444725008225,0.0,0.0,2.445210199487681,9.542453404619456e-07,9.542453404619443e-07
0.44915000000000005,6617.0689765517245,0.0,0.0,2.445233831394264,9.542574657907248e-07,9.542574657907236e-07
0.44920000000000004,6617.193743437571,0.0,0.0,2.4452589413309385,9.542807536072477e-07,9.542807536072465e-07
0.44925000000000004,6617.318574384131,0.0,0.0,2.4452854940930315,9.542932884429302e-07,9.54293288442929e-07
0.44930000000000003,6617.443288975298,0.0,0.0,2.4453134516787736,9.543154045746258e-07,9.543154045746245e-07
0.44935,6617.5680477470605,0.0,0.0,2.4453427743808227,9.543291652227806e-07,9.543291652227793e-07
0.4494,6617.69194694796,0.0,0.0,2.445373419143427,9.543487776411994e-07,9.543487776411981e-07
0.44945,6617.815641098648,0.0,0.0,2.445405344951313,9.543645321584197e-07,9.543645321584182e-07
0.4495,6617.938376372528,0.0,0.0,2.4454385035124337,9.543815180132849e-07,9.543815180132836e-07
0.44955,6618.060241962147,0.0,0.0,2.445472850225657,9.543986303744913e-07,9.5439863037449e-07
0.4496,6618.180887116983,0.0,0.0,2.445508334600175,9.54413334079339e-07,9.544133340793378e-07
0.44965,6618.300458236245,0.0,0.0,2.4455449065140735,9.544316733182616e-07,9.544316733182603e-07
0.44970000000000004,6618.4183372912275,0.0,0.0,2.4455825139849434,9.544439288582413e-07,9.5444392885824e-07
0.44975000000000004,6618.534772531188,0.0,0.0,2.445621104733103,9.544631718173735e-07,9.54463171817372e-07
0.44980000000000003,6618.649302466488,0.0,0.0,2.44566062223903,9.544734557838044e-07,9.544734557838029e-07
0.44985,6618.761950235904,0.0,0.0,2.445701011519498,9.544928420226647e-07,9.544928420226634e-07
0.4499,6618.872480473036,0.0,0.0,2.4457422139515708,9.545017540174524e-07,9.545017540174511e-07
0.44995,6618.980694383138,0.0,0.0,2.44578417162323,9.545204824977971e-07,9.545204824977959e-07
0.45,6619.086534119719,0.0,0.0,2.4458268254906277,9.545285979123652e-07,9.54528597912364e-07
0.45005,6619.189756916244,0.0,0.0,2.4458701132748213,9.545460817008347e-07,9.545460817008333e-07
0.4501,6619.290332050718,0.0,0.0,2.4459139747848804,9.545537783589755e-07,9.545537783589742e-07
0.45015,6619.387949099403,0.0,0.0,2.445958346821587,9.545694837487567e-07,9.545694837487552e-07
0.45020000000000004,6619.482676883294,0.0,0.0,2.4460031665090316,9.545770997915633e-07,9.54577099791562e-07
0.45025000000000004,6619.574148024417,0.0,0.0,2.4460483703276203,9.545906632501899e-07,9.545906632501886e-07
0.45030000000000003,6619.662486582688,0.0,0.0,2.446093894792078,9.545983337517213e-07,9.5459833375172e-07
0.45035000000000003,6619.747300942272,0.0,0.0,2.4461396731100256,9.546095954479365e-07,9.546095954479353e-07
0.4504,6619.828762991958,0.0,0.0,2.446185642796646,9.54617298514536e-07,9.546172985145348e-07
0.45045,6619.906434585799,0.0,0.0,2.4462317365062924,9.546262195635118e-07,9.546262195635103e-07
0.4505,6619.980480448127,0.0,0.0,2.44627788990718,9.546337521101731e-07,9.546337521101716e-07
0.45055,6620.050649087834,0.0,0.0,2.446324037071121,9.546406501237759e-07,9.546406501237746e-07
0.4506,6620.116896367034,0.0,0.0,2.4463701125159583,9.546475266504637e-07,9.546475266504624e-07
0.45065,6620.179041583386,0.0,0.0,2.44641605006577,9.546526789440528e-07,9.546526789440515e-07
0.45070000000000005,6620.2371690146265,0.0,0.0,2.446461785485569,9.546586747984062e-07,9.54658674798405e-07
0.45075000000000004,6620.2910095013285,0.0,0.0,2.4465072525811298,9.546622692838706e-07,9.546622692838693e-07
0.45080000000000003,6620.34058167785,0.0,0.0,2.4465523879193123,9.546669968174879e-07,9.546669968174864e-07
0.45085000000000003,6620.385843200574,0.0,0.0,2.4465971269809943,9.546694206227534e-07,9.546694206227521e-07
0.4509,6620.42664097608,0.0,0.0,2.4466414054521577,9.546725360050086e-07,9.546725360050073e-07
0.45095,6620.462990474273,0.0,0.0,2.446685161624969,9.54673937637217e-07,9.546739376372156e-07
0.451,6620.4948087126495,0.0,0.0,2.446728332728741,9.546753659477825e-07,9.546753659477812e-07
0.45105,6620.522059604021,0.0,0.0,2.4467708577020035,9.546757499461908e-07,9.546757499461895e-07
0.4511,6620.544684598883,0.0,0.0,2.446812676083349,9.546755005967697e-07,9.546755005967684e-07
0.45115,6620.56269747143,0.0,0.0,2.446853728674377,9.546747898054835e-07,9.546747898054822e-07
0.45120000000000005,6620.576012165232,0.0,0.0,2.4468939563701713,9.546730287534897e-07,9.546730287534885e-07
0.45125000000000004,6620.584662119544,0.0,0.0,2.4469333033620484,9.546709929490116e-07,9.546709929490104e-07
0.45130000000000003,6620.588603183371,0.0,0.0,2.4469717124839523,9.546680003579747e-07,9.546680003579732e-07
0.45135000000000003,6620.587843005161,0.0,0.0,2.4470091302006924,9.54664387331266e-07,9.546643873312647e-07
0.4514,6620.5823814979885,0.0,0.0,2.4470455024939595,9.546604211945478e-07,9.546604211945466e-07
0.45145,6620.572216664797,0.0,0.0,2.447080778274387,9.546550074274606e-07,9.546550074274593e-07
0.4515,6620.557393160246,0.0,0.0,2.4471149072265184,9.54650391917402e-07,9.546503919174007e-07
0.45155,6620.537879364623,0.0,0.0,2.4471478412045795,9.546428729819081e-07,9.546428729819067e-07
0.4516,6620.513754050829,0.0,0.0,2.4471795329685904,9.546378619850014e-07,9.546378619850002e-07
0.45165,6620.4850273835955,0.0,0.0,2.4472099382147725,9.54628241414679e-07,9.546282414146777e-07
0.45170000000000005,6620.451741173176,0.0,0.0,2.4472390131833817,9.546227918241077e-07,9.546227918241064e-07
0.45175000000000004,6620.413941240957,0.0,0.0,2.447266716835136,9.546111800068184e-07,9.546111800068172e-07
0.45180000000000003,6620.37168899968,0.0,0.0,2.447293010117126,9.546052728444154e-07,9.546052728444141e-07
0.45185000000000003,6620.325056710858,0.0,0.0,2.4473178552777566,9.545918897925419e-07,9.545918897925406e-07
0.4519,6620.274050276987,0.0,0.0,2.4473412173730713,9.545852243214021e-07,9.545852243214008e-07
0.45195,6620.21884406993,0.0,0.0,2.4473630629839764,9.545705889682912e-07,9.5457058896829e-07
0.452,6620.159408972311,0.0,0.0,2.447383361231501,9.54562793374753e-07,9.545627933747517e-07
0.45205,6620.095928501827,0.0,0.0,2.447402083247523,9.545473360808854e-07,9.545473360808841e-07
0.4521,6620.028363688316,0.0,0.0,2.447419202678499,9.545380463412457e-07,9.545380463412445e-07
0.45215,6619.95702038836,0.0,0.0,2.4474346948140973,9.545224394850218e-07,9.545224394850205e-07
0.45220000000000005,6619.8817101565555,0.0,0.0,2.4474485381417046,9.545110264383024e-07,9.545110264383011e-07
0.45225000000000004,6619.8028307293725,0.0,0.0,2.4474607126131938,9.544959060618613e-07,9.5449590606186e-07
0.45230000000000004,6619.72027808263,0.0,0.0,2.447471201264827,9.544821797003512e-07,9.544821797003499e-07
0.45235000000000003,6619.634322455859,0.0,0.0,2.4474799891083383,9.544677242698206e-07,9.544677242698193e-07
0.4524,6619.5449294548325,0.0,0.0,2.4474870636751356,9.54451618673894e-07,9.544516186738928e-07
0.45245,6619.452419203929,0.0,0.0,2.447492414876782,9.54438120609687e-07,9.544381206096858e-07
0.4525,6619.356695367777,0.0,0.0,2.4474960352213087,9.544195588295404e-07,9.54419558829539e-07
0.45255,6619.258145970513,0.0,0.0,2.44749791949148,9.544071722822698e-07,9.544071722822685e-07
0.4526,6619.156710108979,0.0,0.0,2.447498065043216,9.543863792186865e-07,9.543863792186852e-07
0.45265,6619.05256059395,0.0,0.0,2.4474964716640275,9.54374652924145e-07,9.543746529241437e-07
0.45270000000000005,6618.946008309814,0.0,0.0,2.447493141640881,9.543526026979104e-07,9.543526026979091e-07
0.45275000000000004,6618.836980756801,0.0,0.0,2.4474880796644856,9.54340798560124e-07,9.543407985601224e-07
0.45280000000000004,6618.725767944163,0.0,0.0,2.4474812929698277,9.543180855585875e-07,9.543180855585862e-07
0.45285000000000003,6618.612499762664,0.0,0.0,2.447472791143639,9.543060028749025e-07,9.543060028749013e-07
0.4529,6618.497387330529,0.0,0.0,2.447462586287116,9.542832025090178e-07,9.542832025090166e-07
0.45295,6618.380334905855,0.0,0.0,2.4474506928218287,9.54269985167176e-07,9.542699851671746e-07
0.453,6618.262031438587,0.0,0.0,2.4474371277895446,9.542485320977152e-07,9.54248532097714e-07
0.45305,6618.142033651603,0.0,0.0,2.4474219101096035,9.54233123874905e-07,9.542331238749038e-07
0.4531,6618.02098263959,0.0,0.0,2.447405061801255,9.542136566437915e-07,9.542136566437902e-07
0.45315,6617.898757701052,0.0,0.0,2.4473866063133247,9.54196074645305e-07,9.541960746453036e-07
0.45320000000000005,6617.775813256964,0.0,0.0,2.4473665702172234,9.541788838323582e-07,9.541788838323569e-07
0.45325000000000004,6617.6519213129495,0.0,0.0,2.4473449817556236,9.541587212080073e-07,9.54158721208006e-07
0.45330000000000004,6617.527743374887,0.0,0.0,2.4473218717638017,9.541444201984982e-07,9.54144420198497e-07
0.45335000000000003,6617.403009239657,0.0,0.0,2.447297272707984,9.541216352028476e-07,9.541216352028463e-07
0.4534,6617.278246335626,0.0,0.0,2.4472712199192133,9.541100896457895e-07,9.541100896457883e-07
0.45345,6617.153368629281,0.0,0.0,2.4472437499927,9.540852011013067e-07,9.540852011013055e-07
0.4535,6617.028716864518,0.0,0.0,2.447214902345952,9.540759552745499e-07,9.540759552745486e-07
0.45355,6616.904414362466,0.0,0.0,2.447184717604808,9.5404978660309e-07,9.540497866030886e-07
0.4536,6616.780612734988,0.0,0.0,2.4471532385072483,9.540421192248497e-07,9.540421192248484e-07
0.45365,6616.657573013303,0.0,0.0,2.447120510139745,9.540156247393124e-07,9.540156247393111e-07
0.45370000000000005,6616.535299754554,0.0,0.0,2.447086578476195,9.5400867359514e-07,9.540086735951388e-07
0.45375000000000004,6616.414235828661,0.0,0.0,2.447051492083192,9.539830278836714e-07,9.539830278836701e-07
0.45380000000000004,6616.294209634734,0.0,0.0,2.447015300578751,9.5397579522856e-07,9.539757952285588e-07
0.45385000000000003,6616.1757969472665,0.0,0.0,2.4469780554333247,9.539521329474134e-07,9.539521329474122e-07
0.4539,6616.058713246756,0.0,0.0,2.4469398090971994,9.539437412640871e-07,9.539437412640859e-07
0.45395,6615.943637309833,0.0,0.0,2.4469006169617358,9.539230593823992e-07,9.539230593823979e-07
0.454,6615.830091366461,0.0,0.0,2.4468605333373556,9.539126342998905e-07,9.539126342998892e-07
0.45405,6615.719010241176,0.0,0.0,2.4468196164009344,9.53896027366297e-07,9.538960273662958e-07
0.4541,6615.6098321963145,0.0,0.0,2.4467779233324625,9.53882998070782e-07,9.538829980707807e-07
0.45415,6615.503172965405,0.0,0.0,2.446735513890715,9.538705004542365e-07,9.53870500454235e-07
0.45420000000000005,6615.398912092685,0.0,0.0,2.446692447858308,9.538553598368925e-07,9.538553598368913e-07
0.45425000000000004,6615.297558819361,0.0,0.0,2.4466487870041713,9.538469357654893e-07,9.53846935765488e-07
0.45430000000000004,6615.198667422267,0.0,0.0,2.4466045924820525,9.538294528097067e-07,9.538294528097055e-07
0.45435000000000003,6615.103025710364,0.0,0.0,2.4465599280441293,9.538252914344305e-07,9.538252914344293e-07
0.4544,6615.010377809993,0.0,0.0,2.4465148561490753,9.538062029532586e-07,9.538062029532572e-07
0.45445,6614.920852464479,0.0,0.0,2.4464694412525243,9.5380495056975e-07,9.538049505697485e-07
0.4545,6614.834838956758,0.0,0.0,2.446423748306796,9.537858780901083e-07,9.53785878090107e-07
0.45455,6614.752191391592,0.0,0.0,2.4463778415088235,9.537864224036935e-07,9.53786422403692e-07
0.4546,6614.673172769188,0.0,0.0,2.4463317866579057,9.537681814912691e-07,9.537681814912676e-07
0.45465,6614.597801956232,0.0,0.0,2.4462856488307705,9.537698384093688e-07,9.537698384093676e-07
0.45470000000000005,6614.5264074739,0.0,0.0,2.4462394939056873,9.537535458300502e-07,9.537535458300487e-07
0.45475000000000004,6614.458606941441,0.0,0.0,2.4461933870338433,9.537549075361722e-07,9.537549075361709e-07
0.45480000000000004,6614.3952163146605,0.0,0.0,2.4461473947549783,9.53742154589339e-07,9.537421545893377e-07
0.45485000000000003,6614.335504267646,0.0,0.0,2.4461015808389788,9.537419762271078e-07,9.537419762271064e-07
0.4549,6614.280340815516,0.0,0.0,2.446056012009954,9.537336619535976e-07,9.537336619535964e-07
0.45495,6614.229158286258,0.0,0.0,2.4460107514552285,9.53731534914688e-07,9.537315349146866e-07
0.455,6614.182524537791,0.0,0.0,2.4459658650203795,9.537278127821976e-07,9.537278127821963e-07
0.45505,6614.140015585777,0.0,0.0,2.44592141530214,9.537236396911257e-07,9.537236396911244e-07
0.4551,6614.102353251648,0.0,0.0,2.445877466280987,9.537249077057016e-07,9.537249077057e-07
0.45515,6614.068825553128,0.0,0.0,2.445834079688565,9.537183534050637e-07,9.537183534050624e-07
0.45520000000000005,6614.040091683516,0.0,0.0,2.4457913182796376,9.537243655756733e-07,9.537243655756718e-07
0.45525000000000004,6614.015868090278,0.0,0.0,2.445749241560968,9.537163713559286e-07,9.537163713559273e-07
0.45530000000000004,6613.9963387525895,0.0,0.0,2.445707910661775,9.537260290852104e-07,9.53726029085209e-07
0.45535000000000003,6613.981399688624,0.0,0.0,2.4456673837210308,9.537174736788101e-07,9.537174736788086e-07
0.4554,6613.971190171304,0.0,0.0,2.445627718153493,9.537299744080797e-07,9.537299744080784e-07
0.45545,6613.965742060548,0.0,0.0,2.445588971044884,9.53721909816059e-07,9.537219098160576e-07
0.4555,6613.96481329091,0.0,0.0,2.445551196687363,9.53735813240974e-07,9.537358132409725e-07
0.45555,6613.968825604155,0.0,0.0,2.445514449548344,9.537297412110254e-07,9.537297412110241e-07
0.4556,6613.977343147995,0.0,0.0,2.4454787813642156,9.53743807330836e-07,9.537438073308346e-07
0.45565,6613.990731714827,0.0,0.0,2.4454442432748773,9.537405947844247e-07,9.537405947844232e-07
0.45570000000000005,6614.008525961391,0.0,0.0,2.4454108834088544,9.537538957878597e-07,9.537538957878582e-07
0.45575000000000004,6614.031371908291,0.0,0.0,2.445378750944421,9.537546980051416e-07,9.5375469800514e-07
0.45580000000000004,6614.0583685866695,0.0,0.0,2.445347889468656,9.53765950316456e-07,9.537659503164545e-07
0.45585000000000003,6614.090338327605,0.0,0.0,2.445318345249314,9.537715612691953e-07,9.537715612691938e-07
0.4559,6614.126548289024,0.0,0.0,2.4452901583088793,9.537805086624428e-07,9.537805086624413e-07
0.45595,6614.167482122458,0.0,0.0,2.4452633698690103,9.537907625239704e-07,9.53790762523969e-07
0.456,6614.212590376633,0.0,0.0,2.44523801747144,9.537974929264674e-07,9.537974929264659e-07
0.45605,6614.262315979638,0.0,0.0,2.4452141383010715,9.538122148492197e-07,9.538122148492182e-07
0.4561,6614.316033280133,0.0,0.0,2.4451917646255446,9.538168549043633e-07,9.53816854904362e-07
0.45615,6614.3742493097625,0.0,0.0,2.445170929934301,9.538356900791215e-07,9.5383569007912e-07
0.4562,6614.436417017578,0.0,0.0,2.445151662595631,9.538387968118857e-07,9.538387968118845e-07
0.45625000000000004,6614.502604026964,0.0,0.0,2.445133990566905,9.538605143693928e-07,9.538605143693913e-07
0.45630000000000004,6614.572874805163,0.0,0.0,2.445117939231214,9.53863545835197e-07,9.538635458351955e-07
0.45635000000000003,6614.646854087199,0.0,0.0,2.4451035307447255,9.538866968422696e-07,9.538866968422683e-07
0.45640000000000003,6614.724633336362,0.0,0.0,2.4450907862793176,9.538905288966132e-07,9.53890528896612e-07
0.45645,6614.806016274721,0.0,0.0,2.44507972335887,9.539143552567325e-07,9.53914355256731e-07
0.4565,6614.891023529969,0.0,0.0,2.4450703583611397,9.539197259862502e-07,9.53919725986249e-07
0.45655,6614.979124920113,0.0,0.0,2.44506270390894,9.539429025190545e-07,9.53942902519053e-07
0.4566,6615.070920006764,0.0,0.0,2.4450567721171774,9.539512427783494e-07,9.539512427783482e-07
0.45665,6615.165460441367,0.0,0.0,2.4450525696437375,9.539724863357846e-07,9.539724863357834e-07
0.4567,6615.263270603023,0.0,0.0,2.445050104663786,9.539842161408987e-07,9.539842161408974e-07
0.45675000000000004,6615.363720546263,0.0,0.0,2.4450493784272,9.540033632489581e-07,9.540033632489569e-07
0.45680000000000004,6615.4671587521925,0.0,0.0,2.4450503938399897,9.54018539189505e-07,9.540185391895038e-07
0.45685000000000003,6615.572843698049,0.0,0.0,2.4450531481153455,9.540351742225164e-07,9.540351742225151e-07
0.45690000000000003,6615.6812607782695,0.0,0.0,2.445057638482695,9.540539042212318e-07,9.540539042212306e-07
0.45695,6615.791689401437,0.0,0.0,2.4450638571651524,9.540680972026464e-07,9.540680972026451e-07
0.457,6615.9044257132955,0.0,0.0,2.4450717966453808,9.540898013969017e-07,9.540898013969004e-07
0.45705,6616.018963738372,0.0,0.0,2.445081444361608,9.541020953082412e-07,9.5410209530824e-07
0.4571,6616.135386978989,0.0,0.0,2.4450927879122064,9.541259407029859e-07,9.541259407029846e-07
0.45715,6616.253379002119,0.0,0.0,2.4451058102096446,9.541370471936264e-07,9.54137047193625e-07
0.4572,6616.372836458659,0.0,0.0,2.445120492841039,9.541620621438026e-07,9.541620621438011e-07
0.45725000000000005,6616.493620924507,0.0,0.0,2.4451368155200317,9.54172799620472e-07,9.541727996204707e-07
0.45730000000000004,6616.61541834987,0.0,0.0,2.4451547541843297,9.541979033279869e-07,9.541979033279856e-07
0.45735000000000003,6616.738292372783,0.0,0.0,2.445174284165585,9.54209145515674e-07,9.542091455156727e-07
0.45740000000000003,6616.861767721058,0.0,0.0,2.445195377106229,9.542333439269675e-07,9.54233343926966e-07
0.45745,6616.9860092729605,0.0,0.0,2.445218003377903,9.542457629053148e-07,9.542457629053136e-07
0.4575,6617.110471406221,0.0,0.0,2.4452421298290834,9.542683015024585e-07,9.54268301502457e-07
0.45755,6617.235396388339,0.0,0.0,2.4452677239130765,9.542823677168169e-07,9.542823677168156e-07
0.4576,6617.360083732379,0.0,0.0,2.445294746964388,9.54302578413256e-07,9.543025784132548e-07
0.45765,6617.484969857144,0.0,0.0,2.445323162660451,9.543187139220012e-07,9.54318713922e-07
0.4577,6617.609311092352,0.0,0.0,2.4453529288191738,9.543362680218244e-07,9.543362680218231e-07
0.45775000000000005,6617.733330060052,0.0,0.0,2.4453840043800867,9.543541777886415e-07,9.543541777886402e-07
0.45780000000000004,6617.856571185297,0.0,0.0,2.4454163440930166,9.543693737819468e-07,9.543693737819453e-07
0.45785000000000003,6617.979170208591,0.0,0.0,2.4454499031325776,9.543886869214157e-07,9.543886869214145e-07
0.45790000000000003,6618.100544365082,0.0,0.0,2.4454846324539137,9.544015519053634e-07,9.544015519053621e-07
0.45795,6618.22093850802,0.0,0.0,2.4455204841092772,9.544219351181897e-07,9.544219351181884e-07
0.458,6618.33990094065,0.0,0.0,2.4455574057869343,9.544329420187874e-07,9.544329420187861e-07
0.45805,6618.457339774581,0.0,0.0,2.4455953456659034,9.54453455264205e-07,9.544534552642037e-07
0.4581,6618.573152798935,0.0,0.0,2.445634249883526,9.544633890837324e-07,9.544633890837311e-07
0.45815,6618.6870830522475,0.0,0.0,2.4456740626184903,9.544832510626506e-07,9.544832510626494e-07
0.4582,6618.799027333133,0.0,0.0,2.445714727715519,9.54492524744914e-07,9.544925247449127e-07
0.45825000000000005,6618.90877339585,0.0,0.0,2.4457561868590916,9.54511205800621e-07,9.545112058006198e-07
0.45830000000000004,6619.0162854695045,0.0,0.0,2.4457983815432787,9.545202498248119e-07,9.545202498248106e-07
0.45835000000000004,6619.121184904643,0.0,0.0,2.445841251164791,9.545371069440452e-07,9.54537106944044e-07
0.45840000000000003,6619.223634702315,0.0,0.0,2.4458847358484697,9.545463535988782e-07,9.545463535988767e-07
0.45845,6619.323143262927,0.0,0.0,2.445928772303677,9.545609618277033e-07,9.54560961827702e-07
0.4585,6619.419902306737,0.0,0.0,2.445973299479407,9.545705147257566e-07,9.545705147257553e-07
0.45855,6619.513489048003,0.0,0.0,2.4460182525469385,9.545827969277082e-07,9.54582796927707e-07
0.4586,6619.6040067590175,0.0,0.0,2.4460635691742056,9.54592483784826e-07,9.545924837848246e-07
0.45865,6619.691095660843,0.0,0.0,2.4461091836305324,9.546025178677292e-07,9.54602517867728e-07
0.4587,6619.77489460862,0.0,0.0,2.446155032058205,9.546121526930002e-07,9.54612152692999e-07
0.45875000000000005,6619.855019746596,0.0,0.0,2.446201048408053,9.54620067529449e-07,9.546200675294477e-07
0.45880000000000004,6619.931562195881,0.0,0.0,2.4462471682374294,9.54629272866812e-07,9.546292728668108e-07
0.45885000000000004,6620.004287075224,0.0,0.0,2.4462933249345586,9.546354452803123e-07,9.546354452803108e-07
0.45890000000000003,6620.073171069811,0.0,0.0,2.446339453870521,9.546437541710384e-07,9.546437541710372e-07
0.45895,6620.1380520487155,0.0,0.0,2.4463854888682683,9.546484994115608e-07,9.546484994115595e-07
0.459,6620.198886360665,0.0,0.0,2.4464313646431974,9.54655550261462e-07,9.546555502614607e-07
0.45905,6620.25557737198,0.0,0.0,2.44647701626348,9.546591481070694e-07,9.546591481070681e-07
0.4591,6620.308004437877,0.0,0.0,2.446522378445555,9.546646057253998e-07,9.546646057253986e-07
0.45915,6620.356167107509,0.0,0.0,2.4465673872181704,9.546672704679872e-07,9.54667270467986e-07
0.4592,6620.399921615425,0.0,0.0,2.446611978290522,9.546709680413978e-07,9.546709680413963e-07
0.45925000000000005,6620.439269355416,0.0,0.0,2.4466560886988593,9.546727297459932e-07,9.546727297459917e-07
0.45930000000000004,6620.474087709897,0.0,0.0,2.446699655173264,9.546746578371568e-07,9.546746578371555e-07
0.45935000000000004,6620.504412338968,0.0,0.0,2.4467426167506496,9.546754510889293e-07,9.54675451088928e-07
0.45940000000000003,6620.530104694373,0.0,0.0,2.446784911281374,9.546757214031592e-07,9.546757214031579e-07
0.45945,6620.551212780833,0.0,0.0,2.446826479924616,9.546753521440721e-07,9.546753521440709e-07
0.4595,6620.567645358371,0.0,0.0,2.44686726254659,9.546742021395838e-07,9.546742021395823e-07
0.45955,6620.579419727894,0.0,0.0,2.4469072019500153,9.546724161921575e-07,9.54672416192156e-07
0.4596,6620.58649310536,0.0,0.0,2.4469462408868567,9.546701149828519e-07,9.546701149828506e-07
0.45965,6620.588870311915,0.0,0.0,2.4469843245663374,9.54666658265306e-07,9.546666582653048e-07
0.4597,6620.586544093863,0.0,0.0,2.447021398163332,9.546634807749075e-07,9.546634807749062e-07
0.45975000000000005,6620.579510554483,0.0,0.0,2.447057409754286,9.546581253743286e-07,9.546581253743273e-07
0.45980000000000004,6620.567793152315,0.0,0.0,2.447092307655255,9.54654280018445e-07,9.546542800184438e-07
0.45985000000000004,6620.55139920372,0.0,0.0,2.447126042659546,9.546469629852798e-07,9.546469629852783e-07
0.45990000000000003,6620.530349361417,0.0,0.0,2.4471585668301707,9.546424592469841e-07,9.546424592469828e-07
0.45995,6620.504685152863,0.0,0.0,2.447189833892844,9.546332928301253e-07,9.54633292830124e-07
0.46,6620.474431755738,0.0,0.0,2.447219799606868,9.546280648676356e-07,9.546280648676344e-07
0.46005,6620.439640303174,0.0,0.0,2.4472484212607406,9.546172133202894e-07,9.546172133202882e-07
0.4601,6620.400338394662,0.0,0.0,2.447275658434363,9.546110960734409e-07,9.546110960734396e-07
0.46015,6620.356647758531,0.0,0.0,2.447301472219038,9.545989676381401e-07,9.545989676381388e-07
0.4602,6620.308508665011,0.0,0.0,2.4473258262967885,9.54591514275802e-07,9.545915142758008e-07
0.46025000000000005,6620.256139389647,0.0,0.0,2.44734868567615,9.545786715137028e-07,9.545786715137015e-07
0.46030000000000004,6620.1994720704615,0.0,0.0,2.4473700184032294,9.545695311785588e-07,9.545695311785578e-07
0.46035000000000004,6620.138720099276,0.0,0.0,2.4473897937199305,9.545563803973619e-07,9.545563803973606e-07
0.46040000000000003,6620.073816812492,0.0,0.0,2.447407983980949,9.54545227830378e-07,9.545452278303767e-07
0.46045,6620.005043794207,0.0,0.0,2.447424563054402,9.545322853059812e-07,9.5453228530598e-07
0.4605,6619.932287477239,0.0,0.0,2.4474395076807576,9.545187755041167e-07,9.545187755041154e-07
0.46055,6619.855855300803,0.0,0.0,2.4474527964199004,9.54506400795627e-07,9.545064007956255e-07
0.4606,6619.77567673544,0.0,0.0,2.4474644106120613,9.544904629543038e-07,9.544904629543025e-07
0.46065,6619.692017801023,0.0,0.0,2.447474333610746,9.544787685172227e-07,9.544787685172214e-07
0.4607,6619.604868185823,0.0,0.0,2.447482551474631,9.544605264742833e-07,9.54460526474282e-07
0.46075000000000005,6619.514456857742,0.0,0.0,2.4474890524492157,9.54449461565096e-07,9.544494615650945e-07
0.46080000000000004,6619.420843306799,0.0,0.0,2.447493827338562,9.544292431454038e-07,9.544292431454025e-07
0.46085000000000004,6619.324173806856,0.0,0.0,2.4474968693751995,9.544185036723932e-07,9.54418503672392e-07
0.46090000000000003,6619.224637094068,0.0,0.0,2.4474981742260065,9.543969212270977e-07,9.543969212270962e-07
0.46095,6619.122265253949,0.0,0.0,2.4474977400521554,9.54385985246822e-07,9.543859852468207e-07
0.461,6619.017357152646,0.0,0.0,2.4474955674679366,9.543637811488727e-07,9.543637811488715e-07
0.46105,6618.909873330462,0.0,0.0,2.447491659547434,9.543520747582835e-07,9.54352074758282e-07
0.4611,6618.800186849237,0.0,0.0,2.447486021878608,9.5433002063035e-07,9.543300206303488e-07
0.46115,6618.688179304492,0.0,0.0,2.447478662357876,9.543169281119565e-07,9.543169281119552e-07
0.4612,6618.574374830089,0.0,0.0,2.447469591589119,9.542959266548113e-07,9.5429592665481e-07
0.46125000000000005,6618.458489824878,0.0,0.0,2.447458822239607,9.542807144323504e-07,9.542807144323492e-07
0.46130000000000004,6618.341128702544,0.0,0.0,2.4474463698040303,9.542615190233129e-07,9.542615190233116e-07
0.46135000000000004,6618.222102055102,0.0,0.0,2.4474322517454703,9.542439518487753e-07,9.54243951848774e-07
0.46140000000000003,6618.10187461358,0.0,0.0,2.447416488307941,9.542268215511579e-07,9.542268215511564e-07
0.46145,6617.980291803008,0.0,0.0,2.4473991016204835,9.542067858907875e-07,9.542067858907863e-07
0.4615,6617.8579261666755,0.0,0.0,2.447380116647349,9.541921223283745e-07,9.541921223283732e-07
0.46155,6617.7345355356965,0.0,0.0,2.4473595600056175,9.541695524769702e-07,9.541695524769687e-07
0.4616,6617.610612731384,0.0,0.0,2.447337461186445,9.541572559731258e-07,9.541572559731246e-07
0.46165,6617.486185271904,0.0,0.0,2.447313851340376,9.541328469028275e-07,9.541328469028262e-07
0.4617,6617.361439850878,0.0,0.0,2.4472887640414855,9.541222340259896e-07,9.541222340259883e-07
0.46175000000000005,6617.236589510963,0.0,0.0,2.4472622349247812,9.540968217084468e-07,9.540968217084456e-07
0.46180000000000004,6617.111784774778,0.0,0.0,2.447234301548862,9.540873561429726e-07,9.540873561429713e-07
0.46185000000000004,6616.987255487618,0.0,0.0,2.4472050036957,9.540617360501065e-07,9.540617360501052e-07
0.46190000000000003,6616.863022380532,0.0,0.0,2.4471743827766876,9.540526007662545e-07,9.540526007662532e-07
0.46195,6616.739564959158,0.0,0.0,2.4471424825103627,9.54027996352353e-07,9.540279963523515e-07
0.462,6616.616629460607,0.0,0.0,2.4471093477420354,9.540181171159303e-07,9.54018117115929e-07
0.46205,6616.494897618455,0.0,0.0,2.4470750261151446,9.539957069006838e-07,9.539957069006823e-07
0.4621,6616.374010881532,0.0,0.0,2.4470395656694883,9.539842590084213e-07,9.5398425900842e-07
0.46215,6616.254651856219,0.0,0.0,2.4470030175287154,9.539648675198072e-07,9.53964867519806e-07
0.4622,6616.1365019334535,0.0,0.0,2.4469654327333887,9.539513699825654e-07,9.539513699825641e-07
0.46225000000000005,6616.020251086009,0.0,0.0,2.44692686546165,9.539356300793508e-07,9.539356300793496e-07
0.46230000000000004,6615.905471779783,0.0,0.0,2.4468873697686635,9.53919620936338e-07,9.539196209363368e-07
0.46235000000000004,6615.792929065962,0.0,0.0,2.446847002411281,9.539079997680522e-07,9.539079997680507e-07
0.46240000000000003,6615.682274289451,0.0,0.0,2.4468058199958307,9.538895599582486e-07,9.538895599582473e-07
0.46245,6615.574046955977,0.0,0.0,2.4467638817478563,9.538818006129646e-07,9.538818006129634e-07
0.4625,6615.468099018096,0.0,0.0,2.446721246489315,9.538614828808013e-07,9.538614828808e-07
0.46255,6615.364849709514,0.0,0.0,2.446677975343321,9.53857165745395e-07,9.538571657453937e-07
0.4626,6615.264226656014,0.0,0.0,2.4466341294868212,9.538356370491144e-07,9.538356370491132e-07
0.46265,6615.1664692267095,0.0,0.0,2.4465897711673392,9.538339869472017e-07,9.538339869472004e-07
0.4627,6615.071805906094,0.0,0.0,2.4465449636364283,9.538124677237682e-07,9.538124677237669e-07
0.46275,6614.980130745454,0.0,0.0,2.4464997702367555,9.538122631816568e-07,9.538122631816555e-07
0.46280000000000004,6614.891859952004,0.0,0.0,2.4464542554977085,9.537919747212104e-07,9.537919747212091e-07
0.46285000000000004,6614.806834241041,0.0,0.0,2.4464084836754503,9.537922971279572e-07,9.53792297127956e-07
0.46290000000000003,6614.725533485594,0.0,0.0,2.4463625204619475,9.537743165395478e-07,9.537743165395465e-07
0.46295000000000003,6614.647546009184,0.0,0.0,2.4463164302172116,9.537739956182228e-07,9.537739956182215e-07
0.463,6614.573664180028,0.0,0.0,2.4462702796612565,9.537596576531737e-07,9.537596576531727e-07
0.46305,6614.503264653094,0.0,0.0,2.446224132936804,9.537576971658754e-07,9.53757697165874e-07
0.4631,6614.437128017424,0.0,0.0,2.4461780569964935,9.537477256535114e-07,9.537477256535101e-07
0.46315,6614.37473947719,0.0,0.0,2.4461321161948715,9.537437689788457e-07,9.537437689788444e-07
0.4632,6614.316752936108,0.0,0.0,2.4460863768160253,9.53738449307639e-07,9.53738449307638e-07
0.46325,6614.262684057619,0.0,0.0,2.446040902759778,9.537323590324416e-07,9.537323590324403e-07
0.46330000000000005,6614.213211009277,0.0,0.0,2.445995759877697,9.537318241562296e-07,9.537318241562283e-07
0.46335000000000004,6614.167802341041,0.0,0.0,2.4459510111456764,9.537236829548342e-07,9.537236829548331e-07
0.46340000000000003,6614.1270207655125,0.0,0.0,2.445906721247268,9.537275592526316e-07,9.537275592526303e-07
0.46345000000000003,6614.090625407422,0.0,0.0,2.4458629524239615,9.5371819563951e-07,9.537181956395087e-07
0.4635,6614.058764388709,0.0,0.0,2.4458197672169253,9.537254039742037e-07,9.537254039742025e-07
0.46355,6614.031508028415,0.0,0.0,2.445777226997333,9.537159580494008e-07,9.537159580493995e-07
0.4636,6614.008842294229,0.0,0.0,2.4457353921508718,9.537254871647325e-07,9.537254871647313e-07
0.46365,6613.990853465686,0.0,0.0,2.445694322445195,9.53716895178316e-07,9.537168951783147e-07
0.4637,6613.977424551958,0.0,0.0,2.4456540757973206,9.537276890393593e-07,9.53727689039358e-07
0.46375,6613.968930393923,0.0,0.0,2.4456147100862022,9.537212957420787e-07,9.537212957420777e-07
0.46380000000000005,6613.964805443773,0.0,0.0,2.4455762803993233,9.537318311586482e-07,9.537318311586472e-07
0.46385000000000004,6613.965717714404,0.0,0.0,2.4455388425881117,9.537289325373304e-07,9.537289325373293e-07
0.46390000000000003,6613.971048012726,0.0,0.0,2.445502448402997,9.537382991932783e-07,9.537382991932772e-07
0.46395000000000003,6613.981370359001,0.0,0.0,2.445467151279607,9.537395272292234e-07,9.537395272292221e-07
0.464,6613.996042637343,0.0,0.0,2.445432999761678,9.537470488872935e-07,9.537470488872925e-07
0.46405,6614.015749292472,0.0,0.0,2.4454000439853414,9.537530342655933e-07,9.53753034265592e-07
0.4641,6614.039732482195,0.0,0.0,2.4453683293834976,9.537582114778316e-07,9.537582114778304e-07
0.46415,6614.06863236492,0.0,0.0,2.445337902485649,9.537690510578106e-07,9.537690510578095e-07
0.4642,6614.101832485851,0.0,0.0,2.445308805241227,9.537720359757627e-07,9.537720359757616e-07
0.46425,6614.139768080425,0.0,0.0,2.44528108037534,9.537872845627978e-07,9.537872845627968e-07
0.46430000000000005,6614.181969880723,0.0,0.0,2.4452547660450397,9.537885497788476e-07,9.537885497788463e-07
0.46435000000000004,6614.228725123314,0.0,0.0,2.445229900710209,9.538075208285817e-07,9.538075208285806e-07
0.46440000000000003,6614.279722833997,0.0,0.0,2.445206519163675,9.538078264420115e-07,9.538078264420105e-07
0.46445000000000003,6614.334993612262,0.0,0.0,2.4451846548086094,9.538294426771e-07,9.53829442677099e-07
0.4645,6614.394503298432,0.0,0.0,2.4451643389804176,9.538298947951728e-07,9.538298947951716e-07
0.46455,6614.45800000935,0.0,0.0,2.445145600110803,9.538528862261087e-07,9.538528862261077e-07
0.4646,6614.525652693029,0.0,0.0,2.4451284653609706,9.538545947194163e-07,9.538545947194153e-07
0.46465,6614.597041928749,0.0,0.0,2.44511295859531,9.538777886312454e-07,9.53877788631244e-07
0.4647,6614.672444580874,0.0,0.0,2.4450991027515054,9.53881707379742e-07,9.538817073797407e-07
0.46475,6614.751285031005,0.0,0.0,2.4450869161666624,9.539040326835928e-07,9.539040326835917e-07
0.46480000000000005,6614.834057030363,0.0,0.0,2.445076417953936,9.539111170050128e-07,9.539111170050118e-07
0.46485000000000004,6614.919928713599,0.0,0.0,2.4450676211830222,9.53931532730581e-07,9.5393153273058e-07
0.46490000000000004,6615.00947853923,0.0,0.0,2.4450605401626655,9.539423617117274e-07,9.539423617117263e-07
0.46495000000000003,6615.101985993671,0.0,0.0,2.445055183358978,9.539605321040454e-07,9.53960532104044e-07
0.465,6615.197831655106,0.0,0.0,2.4450515598925837,9.539750426160833e-07,9.539750426160822e-07
0.46505,6615.296352073915,0.0,0.0,2.4450496733934663,9.539908589083913e-07,9.5399085890839e-07
0.4651,6615.397991537422,0.0,0.0,2.445049528100734,9.54009001649486e-07,9.540090016494848e-07
0.46515,6615.502026883136,0.0,0.0,2.4450511226781795,9.54022501296871e-07,9.540225012968699e-07
0.4652,6615.608767274729,0.0,0.0,2.4450544562089758,9.5404370274026e-07,9.540437027402587e-07
0.46525,6615.717795168989,0.0,0.0,2.445059522967881,9.540556145427228e-07,9.540556145427218e-07
0.46530000000000005,6615.829064175438,0.0,0.0,2.4450663162938855,9.540788069458517e-07,9.540788069458507e-07
0.46535000000000004,6615.9423748452855,0.0,0.0,2.4450748263335518,9.540899377818344e-07,9.540899377818334e-07
0.46540000000000004,6616.057587146617,0.0,0.0,2.445085040893742,9.541142160501645e-07,9.541142160501634e-07
0.46545000000000003,6616.174569698705,0.0,0.0,2.4450969457325176,9.541252959422124e-07,9.541252959422114e-07
0.4655,6616.293010090629,0.0,0.0,2.44511052349802,9.541496067123512e-07,9.5414960671235e-07
0.46555,6616.41302026839,0.0,0.0,2.4451257555182724,9.541615625453313e-07,9.541615625453302e-07
0.4656,6616.534038536823,0.0,0.0,2.445142619080285,9.541848240563877e-07,9.541848240563867e-07
0.46565,6616.656352986165,0.0,0.0,2.4451610915194535,9.541984011406245e-07,9.541984011406235e-07
0.4657,6616.779304832263,0.0,0.0,2.445181145054012,9.542198413010732e-07,9.54219841301072e-07
0.46575,6616.9031939877295,0.0,0.0,2.4452027527939726,9.542354209903323e-07,9.542354209903313e-07
0.46580000000000005,6617.027378188604,0.0,0.0,2.4452258822027777,9.54254605108674e-07,9.542546051086727e-07
0.46585000000000004,6617.1521726297815,0.0,0.0,2.4452505020887574,9.542723467812597e-07,9.542723467812585e-07
0.46590000000000004,6617.276875786374,0.0,0.0,2.445276575866085,9.542889852120548e-07,9.542889852120537e-07
0.46595000000000003,6617.40181745516,0.0,0.0,2.4453040678829057,9.543088031994307e-07,9.543088031994296e-07
0.466,6617.526389918846,0.0,0.0,2.4453329376456554,9.543230256377568e-07,9.543230256377558e-07
0.46605,6617.650757370151,0.0,0.0,2.4453631454379896,9.54344399991177e-07,9.543443999911759e-07
0.4661,6617.774462305884,0.0,0.0,2.4453946469904193,9.543565986694989e-07,9.543565986694978e-07
0.46615,6617.897573868477,0.0,0.0,2.445427398570624,9.543789201287578e-07,9.543789201287567e-07
0.4662,6618.019719034866,0.0,0.0,2.4454613529435894,9.543895541407472e-07,9.54389554140746e-07
0.46625,6618.140831915016,0.0,0.0,2.4454964619960617,9.54412058752658e-07,9.54412058752657e-07
0.46630000000000005,6618.260753254479,0.0,0.0,2.445532675898608,9.544218114667803e-07,9.54421811466779e-07
0.46635000000000004,6618.379206350097,0.0,0.0,2.4455699428788646,9.544436200088828e-07,9.544436200088817e-07
0.46640000000000004,6618.496162654545,0.0,0.0,2.4456082102817325,9.544530695570942e-07,9.54453069557093e-07
0.46645000000000003,6618.61130600583,0.0,0.0,2.445647423147827,9.544735500938357e-07,9.544735500938344e-07
0.4665,6618.724666952104,0.0,0.0,2.445687526495539,9.544831177453172e-07,9.544831177453161e-07
0.46655,6618.8358118934175,0.0,0.0,2.445728462217809,9.54501665766442e-07,9.545016657664407e-07
0.4666,6618.944922697815,0.0,0.0,2.4457701734634556,9.545117382350535e-07,9.545117382350524e-07
0.46665,6619.05148321681,0.0,0.0,2.445812599367244,9.545279531963454e-07,9.545279531963441e-07
0.4667,6619.155684687053,0.0,0.0,2.4458556811396237,9.545385990600033e-07,9.545385990600022e-07
0.46675,6619.257071026503,0.0,0.0,2.44589935618695,9.545524046871517e-07,9.545524046871505e-07
0.46680000000000005,6619.355778342514,0.0,0.0,2.4459435636482296,9.545634598916577e-07,9.545634598916566e-07
0.46685000000000004,6619.4513966872855,0.0,0.0,2.445988239431159,9.5457493369118e-07,9.545749336911786e-07
0.46690000000000004,6619.544059520283,0.0,0.0,2.4460333212890037,9.545861412663313e-07,9.5458614126633e-07
0.46695000000000003,6619.633381109471,0.0,0.0,2.4460787439118636,9.545954734370331e-07,9.545954734370319e-07
0.467,6619.719441536768,0.0,0.0,2.4461244438056826,9.546064243327551e-07,9.546064243327539e-07
0.46705,6619.801982200462,0.0,0.0,2.446170355234749,9.546139862443506e-07,9.546139862443494e-07
0.4671,6619.880955064155,0.0,0.0,2.446216413386778,9.54624162622708e-07,9.54624162622707e-07
0.46715,6619.956222692003,0.0,0.0,2.4462625525704453,9.54630335188102e-07,9.546303351881008e-07
0.4672,6620.02768547977,0.0,0.0,2.446308707294802,9.5463931571493e-07,9.546393157149288e-07
0.46725,6620.095245962704,0.0,0.0,2.446354812093365,9.54644367897203e-07,9.546443678972017e-07
0.46730000000000005,6620.158775979744,0.0,0.0,2.4464008011418414,9.546518253627717e-07,9.546518253627704e-07
0.46735000000000004,6620.218264989874,0.0,0.0,2.4464466095543247,9.546559847943807e-07,9.546559847943796e-07
0.46740000000000004,6620.273509018773,0.0,0.0,2.4464921716516463,9.546616741843064e-07,9.54661674184305e-07
0.46745000000000003,6620.324559799398,0.0,0.0,2.4465374234811477,9.546650240272854e-07,9.546650240272843e-07
0.4675,6620.371225112042,0.0,0.0,2.4465822998117703,9.546689099796424e-07,9.546689099796412e-07
0.46755,6620.413548654071,0.0,0.0,2.4466267379509454,9.546713641316607e-07,9.546713641316594e-07
0.4676,6620.451362105703,0.0,0.0,2.4466706737006265,9.546735421677776e-07,9.546735421677766e-07
0.46765,6620.484718634299,0.0,0.0,2.4467140456667904,9.546749249568595e-07,9.546749249568582e-07
0.4677,6620.513473515019,0.0,0.0,2.4467567913002743,9.546755946675777e-07,9.546755946675764e-07
0.46775,6620.537665605702,0.0,0.0,2.4467988507707297,9.54675650135201e-07,9.546756501351997e-07
0.46780000000000005,6620.557201451037,0.0,0.0,2.4468401635218004,9.546750730091145e-07,9.546750730091133e-07
0.46785000000000004,6620.572094719244,0.0,0.0,2.4468806716567375,9.546735375666568e-07,9.546735375666555e-07
0.46790000000000004,6620.582296652233,0.0,0.0,2.4469203169511378,9.546719635523872e-07,9.54671963552386e-07
0.46795000000000003,6620.587808968465,0.0,0.0,2.4469590436791773,9.546686234554064e-07,9.54668623455405e-07
0.468,6620.588617223261,0.0,0.0,2.4469967964719546,9.546662393627986e-07,9.546662393627973e-07
0.46805,6620.584720906418,0.0,0.0,2.4470335219191837,9.54660992520818e-07,9.546609925208167e-07
0.4681,6620.576125790391,0.0,0.0,2.4470691678751755,9.546578602922966e-07,9.546578602922954e-07
0.46815,6620.562847578713,0.0,0.0,2.447103683614056,9.546507572807655e-07,9.546507572807642e-07
0.4682,6620.54489479793,0.0,0.0,2.447137020293065,9.546468064936498e-07,9.546468064936486e-07
0.46825,6620.522311818703,0.0,0.0,2.447169130402067,9.546380346081282e-07,9.546380346081271e-07
0.46830000000000005,6620.495100245758,0.0,0.0,2.4471999686507466,9.546330825205486e-07,9.546330825205474e-07
0.46835000000000004,6620.463348205261,0.0,0.0,2.447229490824663,9.546229666801122e-07,9.546229666801111e-07
0.46840000000000004,6620.427023519916,0.0,0.0,2.447257655551658,9.546166904165133e-07,9.54616690416512e-07
0.46845000000000003,6620.38628184951,0.0,0.0,2.4472844223004375,9.546056934041454e-07,9.546056934041441e-07
0.4685,6620.341063517692,0.0,0.0,2.4473097536037436,9.545977342935005e-07,9.545977342934992e-07
0.46855,6620.291550799382,0.0,0.0,2.447333613038147,9.545862683300344e-07,9.545862683300334e-07
0.4686,6620.237692910519,0.0,0.0,2.447355967171929,9.545763530468562e-07,9.54576353046855e-07
0.46865,6620.1797032757495,0.0,0.0,2.4473767838788225,9.545648105542805e-07,9.545648105542793e-07
0.4687,6620.117504768427,0.0,0.0,2.4473960339913337,9.545526655155977e-07,9.545526655155966e-07
0.46875,6620.051354618509,0.0,0.0,2.4474136898627235,9.545413882851891e-07,9.545413882851879e-07
0.46880000000000005,6619.981196276986,0.0,0.0,2.4474297267075102,9.545269320535422e-07,9.54526932053541e-07
0.46885000000000004,6619.907238568934,0.0,0.0,2.4474441215711513,9.54515977124158e-07,9.545159771241568e-07
0.46890000000000004,6619.829517595103,0.0,0.0,2.4474568541495443,9.5449941228824e-07,9.544994122882387e-07
0.46895000000000003,6619.748190148213,0.0,0.0,2.447467906314546,9.544886674790651e-07,9.544886674790638e-07
0.46900000000000003,6619.663339226217,0.0,0.0,2.44747726239656,9.544702991795632e-07,9.54470299179562e-07
0.46905,6619.575089258384,0.0,0.0,2.447484909131023,9.544595226730313e-07,9.5445952267303e-07
0.4691,6619.483613450395,0.0,0.0,2.447490835642336,9.544398908684993e-07,9.544398908684982e-07
0.46915,6619.388928987792,0.0,0.0,2.4474950335574177,9.54428583765377e-07,9.544285837653757e-07
0.4692,6619.291344834158,0.0,0.0,2.447497496878837,9.544084332051782e-07,9.544084332051771e-07
0.46925,6619.19077612159,0.0,0.0,2.4474982221439023,9.543960053351065e-07,9.543960053351052e-07
0.4693,6619.087619890699,0.0,0.0,2.4474972083125306,9.54376088398428e-07,9.543760883984267e-07
0.46935000000000004,6618.981749061574,0.0,0.0,2.4474944568052184,9.543620105649656e-07,9.543620105649646e-07
0.46940000000000004,6618.873612938013,0.0,0.0,2.447489971578447,9.54343023130835e-07,9.543430231308338e-07
0.46945000000000003,6618.76302663245,0.0,0.0,2.4474837589104443,9.54326791530873e-07,9.543267915308718e-07
0.46950000000000003,6618.650519714537,0.0,0.0,2.447475827729329,9.543093965017835e-07,9.543093965017824e-07
0.46955,6618.5358776235435,0.0,0.0,2.4474661891521157,9.542906686779698e-07,9.542906686779685e-07
0.4696,6618.419607230297,0.0,0.0,2.447454857014621,9.542752242767604e-07,9.542752242767592e-07
0.46965,6618.301568527581,0.0,0.0,2.4474418472126676,9.542540017575903e-07,9.54254001757589e-07
0.4697,6618.182206091473,0.0,0.0,2.4474271784160853,9.542405981323919e-07,9.542405981323906e-07
0.46975,6618.061432879724,0.0,0.0,2.4474108712394282,9.54217079071025e-07,9.542170790710236e-07
0.4698,6617.939640564655,0.0,0.0,2.447392948976275,9.54205590231618e-07,9.542055902316168e-07
0.46985000000000005,6617.816858942529,0.0,0.0,2.447373436975506,9.54180302482959e-07,9.541803024829579e-07
0.46990000000000004,6617.693297516393,0.0,0.0,2.447352362955944,9.541701797875107e-07,9.541701797875097e-07
0.46995000000000003,6617.569189893368,0.0,0.0,2.447329756840648,9.541440078769251e-07,9.541440078769239e-07
0.47000000000000003,6617.444603809546,0.0,0.0,2.447305650642639,9.541345607717323e-07,9.54134560771731e-07
0.47005,6617.319861439488,0.0,0.0,2.4472800787107176,9.541083892724398e-07,9.541083892724388e-07
0.4701,6617.194926503688,0.0,0.0,2.4472530771122942,9.540988585836368e-07,9.540988585836358e-07
0.47015,6617.070294782674,0.0,0.0,2.447224684504726,9.540737781552205e-07,9.540737781552193e-07
0.4702,6616.945721826902,0.0,0.0,2.447194940726727,9.540632174878687e-07,9.540632174878675e-07
0.47025,6616.821871832393,0.0,0.0,2.4471638885708558,9.540403103582075e-07,9.540403103582062e-07
0.4703,6616.698416247474,0.0,0.0,2.447131571493772,9.540279949408918e-07,9.540279949408906e-07
0.47035000000000005,6616.576022615211,0.0,0.0,2.4470980359930263,9.540080101174624e-07,9.540080101174612e-07
0.47040000000000004,6616.454381843317,0.0,0.0,2.447063329049371,9.539935159243617e-07,9.539935159243603e-07
0.47045000000000003,6616.334165948996,0.0,0.0,2.4470275006001914,9.539769974698305e-07,9.539769974698293e-07
0.47050000000000003,6616.2150204631125,0.0,0.0,2.446990600804871,9.539600454095323e-07,9.53960045409531e-07
0.47055,6616.097634418434,0.0,0.0,2.446952682774112,9.539472942757206e-07,9.539472942757193e-07
0.4706,6615.981718804457,0.0,0.0,2.4469137996741392,9.539280286509132e-07,9.53928028650912e-07
0.47065,6615.867785758042,0.0,0.0,2.4468740072534523,9.539187886978286e-07,9.539187886978273e-07
0.4707,6615.755765273538,0.0,0.0,2.446833361618384,9.538978590435356e-07,9.538978590435344e-07
0.47075,6615.645960649692,0.0,0.0,2.446791920774526,9.538915279380023e-07,9.538915279380009e-07
0.4708,6615.538438336241,0.0,0.0,2.4467497434030308,9.53869749558528e-07,9.538697495585267e-07
0.47085000000000005,6615.4333875829225,0.0,0.0,2.446706889402439,9.538656051559897e-07,9.538656051559885e-07
0.47090000000000004,6615.331022847826,0.0,0.0,2.4466634198094708,9.538440102117149e-07,9.538440102117136e-07
0.47095000000000004,6615.231272727812,0.0,0.0,2.44661939606006,9.538409625362517e-07,9.538409625362504e-07
0.47100000000000003,6615.134639535938,0.0,0.0,2.4465748811397843,9.538208918204164e-07,9.53820891820415e-07
0.47105,6615.040818682547,0.0,0.0,2.4465299376485894,9.53817815419044e-07,9.538178154190427e-07
0.4711,6614.950418363374,0.0,0.0,2.4464846302656564,9.538003720709015e-07,9.538003720709002e-07
0.47115,6614.863057249899,0.0,0.0,2.4464390223598773,9.537963913983907e-07,9.537963913983895e-07
0.4712,6614.779431059328,0.0,0.0,2.446393179820684,9.5378254889105e-07,9.537825488910487e-07
0.47125,6614.699019271658,0.0,0.0,2.446347166650998,9.537768556942541e-07,9.537768556942529e-07
0.4713,6614.622611250825,0.0,0.0,2.4463010493661406,9.537673852522285e-07,9.537673852522272e-07
0.47135000000000005,6614.549660536503,0.0,0.0,2.446254892358709,9.537595630860819e-07,9.537595630860806e-07
0.47140000000000004,6614.480866694691,0.0,0.0,2.4462087623389293,9.537547016778032e-07,9.537547016778019e-07
0.47145000000000004,6614.4157913485415,0.0,0.0,2.4461627237674075,9.537448150109404e-07,9.537448150109391e-07
0.47150000000000003,6614.355022898055,0.0,0.0,2.4461168431169313,9.537444412305059e-07,9.537444412305046e-07
0.47155,6614.2981980342975,0.0,0.0,2.4460711846728267,9.537328300260064e-07,9.537328300260051e-07
0.4716,6614.245762048627,0.0,0.0,2.446025814069291,9.537364513536683e-07,9.537364513536668e-07
0.47165,6614.197552065947,0.0,0.0,2.4459807953280746,9.537239207194419e-07,9.537239207194406e-07
0.4717,6614.153734151951,0.0,0.0,2.445936192620639,9.537305764305193e-07,9.537305764305179e-07
0.47175,6614.114397519555,0.0,0.0,2.445892069411098,9.537182432023844e-07,9.53718243202383e-07
0.4718,6614.079473462129,0.0,0.0,2.445848488261716,9.53726814202675e-07,9.537268142026737e-07
0.47185000000000005,6614.0492144221325,0.0,0.0,2.4458055114258013,9.537158277862842e-07,9.537158277862829e-07
0.47190000000000004,6614.023376581302,0.0,0.0,2.445763199446156,9.53725175258994e-07,9.537251752589926e-07
0.47195000000000004,6614.002399788419,0.0,0.0,2.445721613387569,9.537167406553486e-07,9.537167406553473e-07
0.47200000000000003,6613.985774424669,0.0,0.0,2.4456808112089377,9.53725622482679e-07,9.537256224826778e-07
0.47205,6613.974165492254,0.0,0.0,2.4456408522610507,9.537209151946404e-07,9.53720915194639e-07
0.4721,6613.966921094911,0.0,0.0,2.4456017919681172,9.537283709989043e-07,9.53728370998903e-07
0.47215,6613.964695021383,0.0,0.0,2.4455636873089954,9.537280664081782e-07,9.53728066408177e-07
0.4722,6613.96686768569,0.0,0.0,2.4455265910261197,9.53733591298528e-07,9.537335912985267e-07
0.47225,6613.974073336069,0.0,0.0,2.445490557370827,9.537380667585952e-07,9.53738066758594e-07
0.4723,6613.985634620996,0.0,0.0,2.4454556361124173,9.537413385718742e-07,9.53741338571873e-07
0.47235000000000005,6614.00219454176,0.0,0.0,2.4454218783603054,9.53750680141697e-07,9.537506801416958e-07
0.47240000000000004,6614.023154313798,0.0,0.0,2.4453893308132537,9.537518670100918e-07,9.537518670100904e-07
0.47245000000000004,6614.048917175742,0.0,0.0,2.4453580409126667,9.537655091654554e-07,9.537655091654541e-07
0.47250000000000003,6614.079146960625,0.0,0.0,2.4453280522928846,9.537653226085935e-07,9.537653226085922e-07
0.47255,6614.114016136613,0.0,0.0,2.445299408196847,9.537824087892302e-07,9.537824087892289e-07
0.4726,6614.153319987475,0.0,0.0,2.445272149064284,9.537816499152107e-07,9.537816499152095e-07
0.47265,6614.197069251388,0.0,0.0,2.445246313773057,9.538011786326128e-07,9.538011786326115e-07
0.4727,6614.245266429848,0.0,0.0,2.4452219392072325,9.538009127249262e-07,9.538009127249249e-07
0.47275,6614.297631094162,0.0,0.0,2.445199059619416,9.53821595838978e-07,9.538215958389768e-07
0.4728,6614.354429053611,0.0,0.0,2.4451777083103248,9.538230135320875e-07,9.538230135320862e-07
0.47285000000000005,6614.41514850222,0.0,0.0,2.4451579146816,9.53843623471252e-07,9.538436234712506e-07
0.47290000000000004,6614.4801894925995,0.0,0.0,2.445139708081107,9.538477015786044e-07,9.53847701578603e-07
0.47295000000000004,6614.5489310902885,0.0,0.0,2.4451231130041835,9.538672601817257e-07,9.538672601817245e-07
0.47300000000000003,6614.621855200468,0.0,0.0,2.445108154687546,9.53874749032797e-07,9.538747490327957e-07
0.47305,6614.698221822748,0.0,0.0,2.445094852720188,9.538924595901644e-07,9.53892459590163e-07
0.4731,6614.7785896062005,0.0,0.0,2.4450832277113776,9.539038587556806e-07,9.539038587556793e-07
0.47315,6614.8621919692105,0.0,0.0,2.445073294587562,9.539193019850901e-07,9.539193019850886e-07
0.4732,6614.949510640987,0.0,0.0,2.4450650690423523,9.53934624511438e-07,9.539346245114367e-07
0.47325,6615.039883336813,0.0,0.0,2.4450585612391373,9.53947836580439e-07,9.539478365804376e-07
0.4733,6615.133664300967,0.0,0.0,2.4450537819426907,9.539667257594394e-07,9.53966725759438e-07
0.47335000000000005,6615.230285705473,0.0,0.0,2.445050736630936,9.539780146566254e-07,9.539780146566241e-07
0.47340000000000004,6615.329978999605,0.0,0.0,2.445049430623619,9.539998456810666e-07,9.539998456810654e-07
0.47345000000000004,6615.432343178055,0.0,0.0,2.4450498651391093,9.540098458124403e-07,9.54009845812439e-07
0.47350000000000003,6615.537350753564,0.0,0.0,2.4450520399215434,9.54033608437808e-07,9.540336084378068e-07
0.47355,6615.64485711874,0.0,0.0,2.4450559517621104,9.540432332654757e-07,9.540432332654744e-07
0.4736,6615.754628643524,0.0,0.0,2.4450615949626284,9.540678546808402e-07,9.54067854680839e-07
0.47365,6615.866646111153,0.0,0.0,2.445068961873575,9.540779265588798e-07,9.540779265588786e-07
0.4737,6615.980534313166,0.0,0.0,2.4450780413767492,9.54102386658504e-07,9.541023866585028e-07
0.47375,6616.096455816021,0.0,0.0,2.4450888214814963,9.5411376639593e-07,9.541137663959287e-07
0.4738,6616.213814084074,0.0,0.0,2.4451012855977172,9.541370231964223e-07,9.54137023196421e-07
0.47385000000000005,6616.332942463037,0.0,0.0,2.44511541748367,9.54150436721883e-07,9.541504367218818e-07
0.47390000000000004,6616.453154465625,0.0,0.0,2.4451311954312036,9.54171760467221e-07,9.541717604672197e-07
0.47395000000000004,6616.574782423851,0.0,0.0,2.4451485985716985,9.541875357082287e-07,9.541875357082274e-07
0.47400000000000003,6616.697159309296,0.0,0.0,2.445167600558066,9.542065426854253e-07,9.54206542685424e-07
0.47405,6616.82061527154,0.0,0.0,2.445188175960251,9.542247669548405e-07,9.542247669548392e-07
0.4741,6616.944462638846,0.0,0.0,2.445210293864837,9.54241272081837e-07,9.542412720818358e-07
0.47415,6617.069014222692,0.0,0.0,2.4452339243917414,9.542617643347408e-07,9.542617643347395e-07
0.4742,6617.193667206416,0.0,0.0,2.4452590324877943,9.54275942104386e-07,9.542759421043846e-07
0.47425,6617.318583018312,0.0,0.0,2.4452855836068856,9.542981446278837e-07,9.542981446278824e-07
0.4743,6617.443335123931,0.0,0.0,2.4453135390455567,9.543104714757287e-07,9.543104714757275e-07
0.47435000000000005,6617.567920402641,0.0,0.0,2.4453428597478677,9.543336397763051e-07,9.543336397763036e-07
0.47440000000000004,6617.692044076892,0.0,0.0,2.4453735035364397,9.54344678429398e-07,9.543446784293966e-07
0.47445000000000004,6617.815592452252,0.0,0.0,2.445405426971104,9.543680329494797e-07,9.543680329494784e-07
0.47450000000000003,6617.938404254326,0.0,0.0,2.445438584759176,9.543784061344025e-07,9.54378406134401e-07
0.47455,6618.060193011204,0.0,0.0,2.4454729293883237,9.544010817614618e-07,9.544010817614605e-07
0.4746,6618.180986129766,0.0,0.0,2.4455084125676416,9.544114522021935e-07,9.544114522021922e-07
0.47465,6618.300357427358,0.0,0.0,2.4455449830046825,9.544326889280107e-07,9.544326889280094e-07
0.4747,6618.4184178852,0.0,0.0,2.4455825897466186,9.54443505424441e-07,9.544435054244398e-07
0.47475,6618.534698029251,0.0,0.0,2.4456211780465504,9.544627785483903e-07,9.54462778548389e-07
0.4748,6618.649364926876,0.0,0.0,2.4456606944043955,9.54474315324623e-07,9.544743153246218e-07
0.47485000000000005,6618.761891989917,0.0,0.0,2.445701081186431,9.544912545179727e-07,9.544912545179712e-07
0.47490000000000004,6618.872495495088,0.0,0.0,2.44574228240765,9.54503602055436e-07,9.545036020554348e-07
0.47495000000000004,6618.980660791947,0.0,0.0,2.44578423805922,9.545180995191753e-07,9.54518099519174e-07
0.47500000000000003,6619.086553938374,0.0,0.0,2.445826889852776,9.545310639523226e-07,9.545310639523213e-07
0.47505000000000003,6619.189739877532,0.0,0.0,2.4458701758411228,9.54543253748776e-07,9.545432537487748e-07
0.4751,6619.290331619673,0.0,0.0,2.4459140356973434,9.54556493459831e-07,9.545564934598298e-07
0.47515,6619.387955725245,0.0,0.0,2.445958405979387,9.54566623082201e-07,9.545666230821998e-07
0.4752,6619.482658428933,0.0,0.0,2.44600322449131,9.545796803578641e-07,9.545796803578629e-07
0.47525,6619.574179283672,0.0,0.0,2.446048426904246,9.545881303584246e-07,9.545881303584233e-07
0.4753,6619.662456035554,0.0,0.0,2.446093949290149,9.546004679470525e-07,9.546004679470513e-07
0.47535000000000005,6619.747344395105,0.0,0.0,2.4461397268317477,9.546076367296845e-07,9.546076367296832e-07
0.47540000000000004,6619.828705160828,0.0,0.0,2.446185694438379,9.546187745057764e-07,9.546187745057749e-07
0.47545000000000004,6619.906471861188,0.0,0.0,2.4462317869569405,9.546249813547777e-07,9.546249813547764e-07
0.47550000000000003,6619.98045613163,0.0,0.0,2.44627793847629,9.546345461284042e-07,9.546345461284029e-07
0.47555000000000003,6620.050662855969,0.0,0.0,2.446324084064217,9.546400151330794e-07,9.546400151330781e-07
0.4756,6620.116851743161,0.0,0.0,2.4463701573107968,9.546477522977881e-07,9.546477522977869e-07
0.47565,6620.179088715449,0.0,0.0,2.446416093707646,9.546525787730504e-07,9.546525787730491e-07
0.4757,6620.237123533172,0.0,0.0,2.4464618269633798,9.546584099433617e-07,9.546584099433604e-07
0.47575,6620.291025484518,0.0,0.0,2.446507293150405,9.546625173573467e-07,9.546625173573454e-07
0.4758,6620.340578968073,0.0,0.0,2.4465524266184904,9.54666527825038e-07,9.546665278250367e-07
0.47585,6620.385843973573,0.0,0.0,2.446597164303478,9.546697286815822e-07,9.54669728681581e-07
0.47590000000000005,6620.426633005063,0.0,0.0,2.446641441627009,9.546720989385633e-07,9.54672098938562e-07
0.47595000000000004,6620.462998904427,0.0,0.0,2.4466851966609235,9.54674138557869e-07,9.546741385578677e-07
0.47600000000000003,6620.494801341607,0.0,0.0,2.4467283663773243,9.54675118286293e-07,9.546751182862917e-07
0.47605000000000003,6620.52205756859,0.0,0.0,2.4467708902168734,9.546757131526597e-07,9.546757131526585e-07
0.4761,6620.544688506443,0.0,0.0,2.446812707191389,9.546755516571922e-07,9.54675551657191e-07
0.47615,6620.562687910767,0.0,0.0,2.4468537583408128,9.54674472361207e-07,9.546744723612056e-07
0.4762,6620.5760147744195,0.0,0.0,2.4468939850940354,9.546733551802359e-07,9.546733551802346e-07
0.47625,6620.58465660399,0.0,0.0,2.446933330474056,9.546704688405218e-07,9.546704688405205e-07
0.4763,6620.588601323292,0.0,0.0,2.4469717386076386,9.546684778418104e-07,9.546684778418091e-07
0.47635,6620.58784114608,0.0,0.0,2.447009154816797,9.546637936869115e-07,9.546637936869103e-07
0.47640000000000005,6620.582376295995,0.0,0.0,2.447045526250408,9.546608764389108e-07,9.546608764389095e-07
0.47645000000000004,6620.5722223510475,0.0,0.0,2.4470808009035094,9.546545487973693e-07,9.54654548797368e-07
0.47650000000000003,6620.55737610871,0.0,0.0,2.447114929145911,9.546505371747331e-07,9.546505371747319e-07
0.47655000000000003,6620.537888753756,0.0,0.0,2.4471478619945466,9.546428412550169e-07,9.546428412550156e-07
0.4766,6620.513742393727,0.0,0.0,2.4471795532913214,9.546374713178892e-07,9.546374713178879e-07
0.47665,6620.48503412308,0.0,0.0,2.447209957442271,9.546287792976182e-07,9.54628779297617e-07
0.4767,6620.451725355047,0.0,0.0,2.447239031878257,9.54621735497603e-07,9.546217354976017e-07
0.47675,6620.413955637346,0.0,0.0,2.4472667347803903,9.546124415318038e-07,9.546124415318025e-07
0.4768,6620.371678135355,0.0,0.0,2.4472930273394504,9.546034448676238e-07,9.546034448676226e-07
0.47685,6620.325057304566,0.0,0.0,2.447317871762695,9.545938837735517e-07,9.545938837735504e-07
0.47690000000000005,6620.274052376116,0.0,0.0,2.447341233224109,9.54582746893703e-07,9.545827468937017e-07
0.47695000000000004,6620.218844362228,0.0,0.0,2.4473630782046234,9.545731638154756e-07,9.545731638154743e-07
0.47700000000000004,6620.15940754095,0.0,0.0,2.447383375976262,9.54559822710232e-07,9.545598227102306e-07
0.47705000000000003,6620.095911538672,0.0,0.0,2.4474020975458055,9.54550298366524e-07,9.545502983665226e-07
0.4771,6620.0283932241755,0.0,0.0,2.4474192164607134,9.545349198602334e-07,9.545349198602321e-07
0.47715,6619.956968530652,0.0,0.0,2.447434708373636,9.54525314426972e-07,9.545253144269707e-07
0.4772,6619.881744388264,0.0,0.0,2.4474485513042237,9.54508241738473e-07,9.545082417384718e-07
0.47725,6619.802797800351,0.0,0.0,2.447460725643252,9.544982961662678e-07,9.544982961662667e-07
0.4773,6619.720306126206,0.0,0.0,2.4474712140505526,9.544800204096663e-07,9.544800204096652e-07
0.47735,6619.634270542956,0.0,0.0,2.447480001733169,9.544692948939564e-07,9.544692948939551e-07
0.47740000000000005,6619.544984249359,0.0,0.0,2.447487076116976,9.544504982080412e-07,9.5445049820804e-07
0.47745000000000004,6619.452358884634,0.0,0.0,2.4474924272676257,9.544384499025364e-07,9.544384499025352e-07
0.47750000000000004,6619.356766969226,0.0,0.0,2.4474960475051777,9.544198198053544e-07,9.544198198053531e-07
0.47755000000000003,6619.258087195848,0.0,0.0,2.447497931754532,9.544059794242889e-07,9.544059794242876e-07
0.4776,6619.156736120869,0.0,0.0,2.447498077309127,9.543881362745866e-07,9.543881362745853e-07
0.47765,6619.05255600663,0.0,0.0,2.447496483964454,9.54372088357326e-07,9.543720883573248e-07
0.4777,6618.94601607905,0.0,0.0,2.4474931540112954,9.543555809003816e-07,9.543555809003803e-07
0.47775,6618.836944311273,0.0,0.0,2.447488092114128,9.54337068789222e-07,9.543370687892207e-07
0.4778,6618.7258002133,0.0,0.0,2.4474813055394513,9.543222046429528e-07,9.543222046429516e-07
0.47785,6618.612472839202,0.0,0.0,2.4474728038188776,9.543012647082265e-07,9.543012647082255e-07
0.47790000000000005,6618.497345921263,0.0,0.0,2.4474625991209527,9.54288054401979e-07,9.542880544019777e-07
0.47795000000000004,6618.380406317363,0.0,0.0,2.4474507058236346,9.542650001003251e-07,9.54265000100324e-07
0.47800000000000004,6618.261955812059,0.0,0.0,2.4474371408882676,9.542532221048668e-07,9.542532221048655e-07
0.47805000000000003,6618.142072348544,0.0,0.0,2.447421923512771,9.542285798685833e-07,9.54228579868582e-07
0.4781,6618.020949501857,0.0,0.0,2.4474050753009844,9.542177681024357e-07,9.542177681024344e-07
0.47815,6617.898825268036,0.0,0.0,2.4473866201989187,9.541923627531617e-07,9.541923627531607e-07
0.4782,6617.77571791821,0.0,0.0,2.4473665842997314,9.54181782238592e-07,9.541817822385906e-07
0.47825,6617.652025349463,0.0,0.0,2.4473449962047833,9.541565849558836e-07,9.541565849558824e-07
0.4783,6617.527652095026,0.0,0.0,2.4473218863043886,9.541454866238755e-07,9.541454866238744e-07
0.47835,6617.403094655114,0.0,0.0,2.4472972877232184,9.541214439622915e-07,9.541214439622903e-07
0.47840000000000005,6617.2781482269975,0.0,0.0,2.4472712349696457,9.541090699869237e-07,9.541090699869224e-07
0.47845000000000004,6617.1534372924925,0.0,0.0,2.447243765488137,9.54087144130383e-07,9.540871441303817e-07
0.47850000000000004,6617.02865012569,0.0,0.0,2.447214917751088,9.540728135053638e-07,9.540728135053628e-07
0.47855000000000003,6616.904457725991,0.0,0.0,2.4471847332555234,9.540537312279091e-07,9.540537312279079e-07
0.4786,6616.780560606919,0.0,0.0,2.4471532542731387,9.540370955172003e-07,9.54037095517199e-07
0.47865,6616.657596073207,0.0,0.0,2.44712052607839,9.54021266472268e-07,9.540212664722668e-07
0.4787,6616.535286857848,0.0,0.0,2.4470865945371307,9.540022228868241e-07,9.54002222886823e-07
0.47875,6616.414233618666,0.0,0.0,2.447051508390453,9.539897938885734e-07,9.53989793888572e-07
0.4788,6616.29423910837,0.0,0.0,2.447015316939447,9.539685914789486e-07,9.539685914789474e-07
0.47885,6616.175760000807,0.0,0.0,2.4469780719696113,9.539592775007372e-07,9.539592775007359e-07
0.47890000000000005,6616.058771080941,0.0,0.0,2.446939826083122,9.539365694063226e-07,9.539365694063214e-07
0.47895000000000004,6615.943541510061,0.0,0.0,2.446900633748929,9.53929752328451e-07,9.5392975232845e-07
0.47900000000000004,6615.830217656636,0.0,0.0,2.446860550549167,9.539064415712306e-07,9.539064415712293e-07
0.47905000000000003,6615.7188970691495,0.0,0.0,2.446819633348419,9.53901301319313e-07,9.539013013193118e-07
0.4791,6615.609887928194,0.0,0.0,2.4467779404688588,9.53878454077608e-07,9.53878454077607e-07
0.47915,6615.503093674228,0.0,0.0,2.4467355307254373,9.538740040526522e-07,9.538740040526512e-07
0.4792,6615.399028996446,0.0,0.0,2.446692464911142,9.53852833133189e-07,9.538528331331877e-07
0.47925,6615.297382903496,0.0,0.0,2.4466488034857043,9.538480151926715e-07,9.538480151926704e-07
0.4793,6615.198818382503,0.0,0.0,2.446604609286817,9.538296390461797e-07,9.538296390461785e-07
0.47935,6615.1029318449455,0.0,0.0,2.4465599441815304,9.538236260530713e-07,9.538236260530702e-07
0.47940000000000005,6615.010419414084,0.0,0.0,2.4465148725986716,9.53808874777795e-07,9.538088747777938e-07
0.47945000000000004,6614.920823802338,0.0,0.0,2.4464694575215495,9.538010669039736e-07,9.538010669039723e-07
0.47950000000000004,6614.83489686388,0.0,0.0,2.4464237645501443,9.53790575734391e-07,9.5379057573439e-07
0.47955000000000003,6614.752130412933,0.0,0.0,2.4463778575227786,9.537806243243286e-07,9.537806243243273e-07
0.4796,6614.6732223823,0.0,0.0,2.4463318027073115,9.537745924346215e-07,9.537745924346203e-07
0.47965,6614.597793904855,0.0,0.0,2.446285664582231,9.537626896629512e-07,9.537626896629502e-07
0.4797,6614.526358379819,0.0,0.0,2.4462395095428864,9.537608178441462e-07,9.537608178441451e-07
0.47975,6614.458676239962,0.0,0.0,2.44619340250066,9.53747479506023e-07,9.537474795060218e-07
0.4798,6614.39511717063,0.0,0.0,2.446147409496594,9.537492084024138e-07,9.537492084024125e-07
0.47985,6614.335594888925,0.0,0.0,2.4461015955626646,9.537352509064411e-07,9.5373525090644e-07
0.47990000000000005,6614.280247030875,0.0,0.0,2.4460560259397544,9.53739641046205e-07,9.537396410462037e-07
0.47995000000000004,6614.2292293937935,0.0,0.0,2.446010765506619,9.537262078021264e-07,9.537262078021251e-07
0.48000000000000004,6614.18241967591,0.0,0.0,2.445965878276911,9.537321058488274e-07,9.53732105848826e-07
0.48005000000000003,6614.140178566338,0.0,0.0,2.4459214285848683,9.537204074501477e-07,9.537204074501464e-07
0.4801,6614.102186972945,0.0,0.0,2.4458774788838356,9.537266691114341e-07,9.537266691114328e-07
0.48015,6614.068958085043,0.0,0.0,2.445834092614802,9.537178493215753e-07,9.53717849321574e-07
0.4802,6614.04000166166,0.0,0.0,2.445791330313679,9.537234093374446e-07,9.537234093374435e-07
0.48025,6614.01596662569,0.0,0.0,2.4457492540660057,9.537184744753212e-07,9.5371847447532e-07
0.4803,6613.996230167149,0.0,0.0,2.4457079223373435,9.537224711910777e-07,9.537224711910764e-07
0.48035,6613.981495324183,0.0,0.0,2.4456673952976042,9.537221068926529e-07,9.537221068926518e-07
0.48040000000000005,6613.971123194754,0.0,0.0,2.4456277291728936,9.537240718270436e-07,9.537240718270424e-07
0.48045000000000004,6613.965753441769,0.0,0.0,2.445588981792056,9.537285165822104e-07,9.537285165822091e-07
0.48050000000000004,6613.964803953939,0.0,0.0,2.4455512068659813,9.537283786002163e-07,9.53728378600215e-07
0.48055000000000003,6613.968832775156,0.0,0.0,2.44551445941607,9.537375181341692e-07,9.53737518134168e-07
0.4806,6613.977333922931,0.0,0.0,2.445478790598883,9.537355435445758e-07,9.537355435445746e-07
0.48065,6613.990693085951,0.0,0.0,2.445444252043805,9.53748821961034e-07,9.537488219610328e-07
0.4807,6614.008625399898,0.0,0.0,2.4454108922190243,9.53745759150715e-07,9.537457591507138e-07
0.48075,6614.031250732631,0.0,0.0,2.4453787590014073,9.537622158608912e-07,9.5376221586089e-07
0.4808,6614.058482901918,0.0,0.0,2.445347897915146,9.537590156331226e-07,9.537590156331215e-07
0.48085,6614.090252802879,0.0,0.0,2.4453183528163036,9.537775870115478e-07,9.537775870115465e-07
0.48090000000000005,6614.126651501487,0.0,0.0,2.4452901660472213,9.537753106571789e-07,9.537753106571778e-07
0.48095000000000004,6614.167362240867,0.0,0.0,2.4452633771059302,9.53794761144304e-07,9.537947611443029e-07
0.48100000000000004,6614.21271706225,0.0,0.0,2.445238025002127,9.537945791164581e-07,9.53794579116457e-07
0.48105000000000003,6614.262169119776,0.0,0.0,2.445214144673716,9.538137105018974e-07,9.53813710501896e-07
0.4811,6614.316183818742,0.0,0.0,2.4451917714071723,9.538165746431994e-07,9.538165746431983e-07
0.48115,6614.374115753872,0.0,0.0,2.4451709356081253,9.538344765123925e-07,9.538344765123914e-07
0.4812,6614.43648290145,0.0,0.0,2.445151668455611,9.538410528093865e-07,9.538410528093854e-07
0.48125,6614.502564817389,0.0,0.0,2.445133995757309,9.53857059312046e-07,9.538570593120449e-07
0.4813,6614.572915104757,0.0,0.0,2.445117944319476,9.53867728255096e-07,9.538677282550947e-07
0.48135,6614.646797626115,0.0,0.0,2.4451035353382693,9.538815217146778e-07,9.538815217146767e-07
0.48140000000000005,6614.724700438513,0.0,0.0,2.445090790874822,9.538962375557539e-07,9.538962375557528e-07
0.48145000000000004,6614.805990450951,0.0,0.0,2.4450797276571063,9.539079393432745e-07,9.539079393432734e-07
0.48150000000000004,6614.890987626683,0.0,0.0,2.4450703626658377,9.53926224289402e-07,9.53926224289401e-07
0.48155000000000003,6614.979219153711,0.0,0.0,2.4450627081852314,9.539363071663975e-07,9.539363071663962e-07
0.48160000000000003,6615.070837397645,0.0,0.0,2.4450567759072057,9.539574154608993e-07,9.539574154608983e-07
0.48165,6615.165514935722,0.0,0.0,2.4450525737579323,9.53966557036379e-07,9.539665570363778e-07
0.4817,6615.263207243963,0.0,0.0,2.4450501079520186,9.539895102338636e-07,9.539895102338626e-07
0.48175,6615.363812008999,0.0,0.0,2.44504938204018,9.539986308117932e-07,9.53998630811792e-07
0.4818,6615.467032267929,0.0,0.0,2.445050396738245,9.540222770537933e-07,9.540222770537922e-07
0.48185,6615.572962481998,0.0,0.0,2.445053151196121,9.540323075671975e-07,9.540323075671964e-07
0.48190000000000005,6615.681145415525,0.0,0.0,2.4450576406352216,9.540556058490246e-07,9.540556058490236e-07
0.48195000000000005,6615.791798473777,0.0,0.0,2.4450638597783314,9.540673333954762e-07,9.540673333954751e-07
0.48200000000000004,6615.904320188618,0.0,0.0,2.4450717984432013,9.540893559818083e-07,9.540893559818072e-07
0.48205000000000003,6616.019060900877,0.0,0.0,2.4450814468194966,9.54103436790039e-07,9.541034367900379e-07
0.48210000000000003,6616.135310724875,0.0,0.0,2.445092789597148,9.541234751327123e-07,9.54123475132711e-07
0.48215,6616.253451219735,0.0,0.0,2.445105812254346,9.541402290974018e-07,9.541402290974008e-07
0.4822,6616.372786644785,0.0,0.0,2.4451204946248644,9.54157951509137e-07,9.541579515091358e-07
0.48225,6616.4936556955945,0.0,0.0,2.4451368174311883,9.541773615476736e-07,9.541773615476725e-07
0.4823,6616.615399219745,0.0,0.0,2.445154755881144,9.541927112930876e-07,9.541927112930866e-07
0.48235,6616.738294430061,0.0,0.0,2.445174285905685,9.542144855602717e-07,9.542144855602704e-07
0.4824,6616.861776701468,0.0,0.0,2.4451953784346507,9.542277110593636e-07,9.542277110593623e-07
0.48245000000000005,6616.985982544054,0.0,0.0,2.4452180044885687,9.542512441172368e-07,9.542512441172358e-07
0.48250000000000004,6617.110509270259,0.0,0.0,2.445242131111563,9.54262862516511e-07,9.542628625165098e-07
0.48255000000000003,6617.235320775047,0.0,0.0,2.445267724488335,9.54287349789021e-07,9.5428734978902e-07
0.48260000000000003,6617.360176527338,0.0,0.0,2.44529474791745,9.542980033835985e-07,9.542980033835973e-07
0.48265,6617.484892465391,0.0,0.0,2.445323162988639,9.543225845610849e-07,9.543225845610836e-07
0.4827,6617.609368309861,0.0,0.0,2.4453529295178953,9.543329318819047e-07,9.543329318819034e-07
0.48275,6617.733272081465,0.0,0.0,2.4453840046254633,9.543567485498423e-07,9.54356748549841e-07
0.4828,6617.85666261958,0.0,0.0,2.445416344898212,9.543674312739013e-07,9.543674312739002e-07
0.48285,6617.97906519191,0.0,0.0,2.445449903310055,9.543897103762866e-07,9.543897103762856e-07
0.4829,6618.1006434077,0.0,0.0,2.4454846333070672,9.544011986014116e-07,9.544011986014106e-07
0.48295000000000005,6618.2208708216485,0.0,0.0,2.44552048418622,9.544214126678926e-07,9.544214126678913e-07
0.48300000000000004,6618.339940153122,0.0,0.0,2.4455574063501433,9.544339304820337e-07,9.544339304820327e-07
0.48305000000000003,6618.457305342687,0.0,0.0,2.4455953458163266,9.544517685346191e-07,9.54451768534618e-07
0.48310000000000003,6618.57318736958,0.0,0.0,2.445634250113148,9.54465354320857e-07,9.54465354320856e-07
0.48315,6618.687042621326,0.0,0.0,2.445674062455177,9.544807218003311e-07,9.5448072180033e-07
0.4832,6618.799053277235,0.0,0.0,2.445714727606913,9.54495157218942e-07,9.54495157218941e-07
0.48325,6618.908766080492,0.0,0.0,2.4457561864742288,9.545082295187643e-07,9.54508229518763e-07
0.4833,6619.016271980527,0.0,0.0,2.4457983812083497,9.545230909735507e-07,9.545230909735496e-07
0.48335,6619.121213011352,0.0,0.0,2.445841250893074,9.545341793946446e-07,9.545341793946436e-07
0.4834,6619.223602022525,0.0,0.0,2.445884735291572,9.545489581705214e-07,9.545489581705203e-07
0.48345000000000005,6619.323183183357,0.0,0.0,2.4459287720790197,9.545584587082866e-07,9.545584587082856e-07
0.48350000000000004,6619.41986848511,0.0,0.0,2.445973298912133,9.545725860858563e-07,9.545725860858553e-07
0.48355000000000004,6619.513523576599,0.0,0.0,2.446018252462139,9.545809260013067e-07,9.545809260013057e-07
0.48360000000000003,6619.603963190428,0.0,0.0,2.446063568636454,9.545938679698826e-07,9.545938679698815e-07
0.48365,6619.691150694336,0.0,0.0,2.4461091834120903,9.546014018727646e-07,9.546014018727635e-07
0.4837,6619.774839953897,0.0,0.0,2.4461550313642135,9.546127463096028e-07,9.546127463096018e-07
0.48375,6619.85505992485,0.0,0.0,2.4462010481036156,9.546197028934648e-07,9.546197028934635e-07
0.4838,6619.931527083545,0.0,0.0,2.446247167301586,9.546291841213192e-07,9.546291841213181e-07
0.48385,6620.004319001103,0.0,0.0,2.446293324457839,9.546356537440583e-07,9.546356537440572e-07
0.4839,6620.073138875951,0.0,0.0,2.4463394528767286,9.546431695560703e-07,9.546431695560692e-07
0.48395000000000005,6620.138078834016,0.0,0.0,2.44638548813045,9.54649084364908e-07,9.54649084364907e-07
0.48400000000000004,6620.198869802726,0.0,0.0,2.446431363695362,9.546547011808602e-07,9.546547011808592e-07
0.48405000000000004,6620.255585441777,0.0,0.0,2.4464770154873046,9.54659858459872e-07,9.54659858459871e-07
0.48410000000000003,6620.3080020189755,0.0,0.0,2.446522377588622,9.546637582656382e-07,9.546637582656371e-07
0.48415,6620.356171369296,0.0,0.0,2.446567386524463,9.5466788483412e-07,9.54667884834119e-07
0.4842,6620.3999201684255,0.0,0.0,2.446611977519209,9.546703104631257e-07,9.546703104631246e-07
0.48425,6620.439265080319,0.0,0.0,2.4466560879132127,9.546731058129967e-07,9.546731058129957e-07
0.4843,6620.4740980514935,0.0,0.0,2.446699654529992,9.546743113433393e-07,9.54674311343338e-07
0.48435,6620.504400277954,0.0,0.0,2.4467426158513272,9.546755165058301e-07,9.54675516505829e-07
0.4844,6620.530113854507,0.0,0.0,2.4467849106507926,9.546756950847736e-07,9.546756950847725e-07
0.48445000000000005,6620.551205195903,0.0,0.0,2.4468264789228287,9.546751494858828e-07,9.546751494858817e-07
0.48450000000000004,6620.567651161609,0.0,0.0,2.4468672617276503,9.54674396601557e-07,9.546743966015558e-07
0.48455000000000004,6620.579415041165,0.0,0.0,2.4469072009055237,9.546720683750254e-07,9.54672068375024e-07
0.48460000000000003,6620.586495455481,0.0,0.0,2.446946240126964,9.546703556967662e-07,9.54670355696765e-07
0.48465,6620.588870197035,0.0,0.0,2.4469843234663764,9.546663569489036e-07,9.546663569489025e-07
0.4847,6620.586540858711,0.0,0.0,2.447021397422436,9.546635379825935e-07,9.546635379825924e-07
0.48475,6620.579515631834,0.0,0.0,2.4470574087350907,9.546580995582126e-07,9.546580995582115e-07
0.4848,6620.567787804949,0.0,0.0,2.4470923069313386,9.54653941529759e-07,9.546539415297577e-07
0.48485,6620.551404081083,0.0,0.0,2.447126041799833,9.546473799290706e-07,9.546473799290695e-07
0.4849,6620.530343664275,0.0,0.0,2.4471585661153386,9.546416017949993e-07,9.54641601794998e-07
0.48495000000000005,6620.504693210738,0.0,0.0,2.4471898330700466,9.546342641835952e-07,9.54634264183594e-07
0.48500000000000004,6620.474422993821,0.0,0.0,2.4472197988664406,9.546266074803268e-07,9.546266074803257e-07
0.48505000000000004,6620.43964674957,0.0,0.0,2.4472484204542635,9.546187910961984e-07,9.546187910961973e-07
0.48510000000000003,6620.400342519249,0.0,0.0,2.4472756576499637,9.546090921065507e-07,9.546090921065494e-07
0.48515,6620.356635393453,0.0,0.0,2.447301471432588,9.546009935950932e-07,9.546009935950921e-07
0.4852,6620.308522782709,0.0,0.0,2.447325825440825,9.545892128476026e-07,9.545892128476015e-07
0.48525,6620.256126811639,0.0,0.0,2.447348684923955,9.54580897039985e-07,9.54580897039984e-07
0.4853,6620.199487965072,0.0,0.0,2.4473700175426374,9.54567171953549e-07,9.54567171953548e-07
0.48535,6620.138692745482,0.0,0.0,2.447389792992898,9.545585150830934e-07,9.545585150830923e-07
0.4854,6620.073851654482,0.0,0.0,2.4474079831769036,9.54543179165147e-07,9.54543179165146e-07
0.48545000000000005,6620.0050032209965,0.0,0.0,2.4474245623667983,9.545339058133058e-07,9.545339058133045e-07
0.48550000000000004,6619.932327946496,0.0,0.0,2.4474395069082036,9.54517427385626e-07,9.54517427385625e-07
0.48555000000000004,6619.855813293126,0.0,0.0,2.447452795752306,9.545071519183882e-07,9.545071519183871e-07
0.48560000000000003,6619.775721143623,0.0,0.0,2.4474644098672558,9.544901185742094e-07,9.544901185742084e-07
0.48565,6619.691974005068,0.0,0.0,2.447474332948372,9.544783695581478e-07,9.544783695581468e-07
0.4857,6619.604912713704,0.0,0.0,2.447482550751859,9.544614135280075e-07,9.544614135280065e-07
0.48575,6619.51441891973,0.0,0.0,2.4474890517592995,9.544477546176744e-07,9.544477546176733e-07
0.4858,6619.420875347445,0.0,0.0,2.4474938266306014,9.544314295163349e-07,9.544314295163338e-07
0.48585,6619.324151016718,0.0,0.0,2.4474968686755756,9.544155336529322e-07,9.54415533652931e-07
0.4859,6619.224653343173,0.0,0.0,2.4474981735248735,9.544002787181976e-07,9.544002787181963e-07
0.48595000000000005,6619.12225583785,0.0,0.0,2.4474977393482176,9.543819721379234e-07,9.543819721379223e-07
0.48600000000000004,6619.017355670511,0.0,0.0,2.4474955667685157,9.543680278027995e-07,9.543680278027982e-07
0.48605000000000004,6618.909880769115,0.0,0.0,2.4474916588405446,9.543473888007935e-07,9.543473888007924e-07
0.48610000000000003,6618.800162316463,0.0,0.0,2.447486021149465,9.543347239726485e-07,9.543347239726475e-07
0.48615,6618.688225433068,0.0,0.0,2.447478661651478,9.54312102775795e-07,9.543121027757939e-07
0.4862,6618.574311624036,0.0,0.0,2.4474695908269783,9.54300446492892e-07,9.543004464928906e-07
0.48625,6618.458549904531,0.0,0.0,2.447458821526944,9.542764097723128e-07,9.542764097723115e-07
0.4863,6618.341079052837,0.0,0.0,2.4474463690224852,9.542652855944323e-07,9.54265285594431e-07
0.48635,6618.222161862393,0.0,0.0,2.4474322510372146,9.542406193495446e-07,9.542406193495436e-07
0.4864,6618.10179574351,0.0,0.0,2.4474164874986872,9.542293496191694e-07,9.542293496191683e-07
0.48645000000000005,6617.980391799101,0.0,0.0,2.447399100939386,9.542049833721366e-07,9.542049833721355e-07
0.48650000000000004,6617.857828222266,0.0,0.0,2.4473801158118307,9.54192842743815e-07,9.54192842743814e-07
0.48655000000000004,6617.734615381148,0.0,0.0,2.4473595593358426,9.541696785599004e-07,9.541696785598994e-07
0.48660000000000003,6617.610553721827,0.0,0.0,2.447337460346888,9.5415600794281e-07,9.54156007942809e-07
0.48665,6617.486233966292,0.0,0.0,2.4473138506007586,9.541348734499685e-07,9.541348734499675e-07
0.4867,6617.361383563881,0.0,0.0,2.447288763166802,9.54119112855495e-07,9.541191128554937e-07
0.48675,6617.236644405511,0.0,0.0,2.447262234121069,9.54100663369188e-07,9.54100663369187e-07
0.4868,6617.111740828222,0.0,0.0,2.447234300627992,9.540825217737901e-07,9.54082521773789e-07
0.48685,6616.987272345582,0.0,0.0,2.4472050028248025,9.540670753244746e-07,9.540670753244735e-07
0.4869,6616.863031389664,0.0,0.0,2.447174381827292,9.540465938611354e-07,9.540465938611344e-07
0.48695000000000005,6616.739538579778,0.0,0.0,2.4471424815321314,9.540341631625747e-07,9.540341631625736e-07
0.48700000000000004,6616.616674918135,0.0,0.0,2.447109346847311,9.5401167503081e-07,9.540116750308087e-07
0.48705000000000004,6616.49484345827,0.0,0.0,2.447075025107018,9.540019505680558e-07,9.540019505680548e-07
0.48710000000000003,6616.374073152328,0.0,0.0,2.447039564835577,9.539781303633282e-07,9.53978130363327e-07
0.48715,6616.254584440718,0.0,0.0,2.447003016464192,9.539704649739351e-07,9.539704649739338e-07
0.4872,6616.136593473103,0.0,0.0,2.446965431912517,9.539462641150317e-07,9.539462641150307e-07
0.48725,6616.020135146425,0.0,0.0,2.4469268643871596,9.5393981233488e-07,9.53939812334879e-07
0.4873,6615.905588444191,0.0,0.0,2.446887368941393,9.539163004181797e-07,9.539163004181784e-07
0.48735,6615.792821052645,0.0,0.0,2.4468470012246235,9.539101318075488e-07,9.539101318075478e-07
0.4874,6615.68237255588,0.0,0.0,2.4468058191308866,9.538884331196847e-07,9.538884331196836e-07
0.48745000000000005,6615.573943033442,0.0,0.0,2.4467638804471985,9.538816053874527e-07,9.538816053874517e-07
0.48750000000000004,6615.4682037907,0.0,0.0,2.446721245527544,9.538627595056638e-07,9.538627595056626e-07
0.48755000000000004,6615.3647517182135,0.0,0.0,2.446677974059121,9.538545086401911e-07,9.538545086401899e-07
0.48760000000000003,6615.264302692982,0.0,0.0,2.446634128420513,9.53839288166102e-07,9.538392881661007e-07
0.48765000000000003,6615.166427529537,0.0,0.0,2.44658976992369,9.538291420634173e-07,9.538291420634162e-07
0.4877,6615.07183508238,0.0,0.0,2.446544962565534,9.538180138360364e-07,9.538180138360352e-07
0.48775,6614.980104276745,0.0,0.0,2.446499769031526,9.538058029976707e-07,9.538058029976695e-07
0.4878,6614.891882021455,0.0,0.0,2.4464542544224055,9.53798869833866e-07,9.537988698338649e-07
0.48785,6614.80684694825,0.0,0.0,2.446408482603647,9.53784842258881e-07,9.537848422588799e-07
0.4879,6614.725478273543,0.0,0.0,2.446362519277821,9.537817522127865e-07,9.537817522127852e-07
0.48795000000000005,6614.647624771447,0.0,0.0,2.446316429225661,9.537665475380253e-07,9.537665475380243e-07
0.48800000000000004,6614.573576707488,0.0,0.0,2.4462702783078134,9.537666257688207e-07,9.537666257688194e-07
0.48805000000000004,6614.503350096371,0.0,0.0,2.446224131912876,9.53751137180048e-07,9.53751137180047e-07
0.48810000000000003,6614.437031505624,0.0,0.0,2.4461780556122226,9.537534548783382e-07,9.53753454878337e-07
0.48815000000000003,6614.3748455845625,0.0,0.0,2.446132115113332,9.537388120691014e-07,9.537388120691001e-07
0.4882,6614.316630994233,0.0,0.0,2.4460863752676025,9.537422349774264e-07,9.537422349774254e-07
0.48825,6614.262824465949,0.0,0.0,2.4460409017336318,9.537296571321007e-07,9.537296571320996e-07
0.4883,6614.21306880045,0.0,0.0,2.4459957583179928,9.537330784126005e-07,9.537330784125995e-07
0.48835,6614.16793136491,0.0,0.0,2.445951010180327,9.53723648931258e-07,9.53723648931257e-07
0.4884,6614.126922357879,0.0,0.0,2.445906719809472,9.53726118034404e-07,9.537261180344028e-07
0.48845000000000005,6614.090707669981,0.0,0.0,2.445862951410185,9.537207372567213e-07,9.537207372567202e-07
0.48850000000000005,6614.058692060846,0.0,0.0,2.445819765882544,9.53721516202314e-07,9.53721516202313e-07
0.48855000000000004,6614.031581053094,0.0,0.0,2.4457772259966104,9.537207732044532e-07,9.53720773204452e-07
0.48860000000000003,6614.008770808143,0.0,0.0,2.445735390882928,9.537195046420314e-07,9.537195046420301e-07
0.48865000000000003,6613.990893388258,0.0,0.0,2.445694321331515,9.537235425013704e-07,9.537235425013693e-07
0.4887,6613.977430966003,0.0,0.0,2.445654074525812,9.537202946254773e-07,9.537202946254762e-07
0.48875,6613.968884579764,0.0,0.0,2.4456147088012896,9.537288533139257e-07,9.537288533139246e-07
0.4888,6613.964853888887,0.0,0.0,2.445576279207274,9.537240445511506e-07,9.537240445511496e-07
0.48885,6613.965669757333,0.0,0.0,2.4455388411305976,9.53736500401453e-07,9.53736500401452e-07
0.4889,6613.971114757108,0.0,0.0,2.4455024473167946,9.537309085160673e-07,9.537309085160662e-07
0.48895,6613.981276445231,0.0,0.0,2.445467149793198,9.537462839868825e-07,9.537462839868812e-07
0.48900000000000005,6613.9961632159975,0.0,0.0,2.445432998751889,9.53740947993846e-07,9.537409479938448e-07
0.48905000000000004,6614.0156244291775,0.0,0.0,2.445400042538606,9.53758097098342e-07,9.53758097098341e-07
0.48910000000000003,6614.039858700557,0.0,0.0,2.445368328525552,9.53754119887288e-07,9.537541198872867e-07
0.48915000000000003,6614.068510295564,0.0,0.0,2.4453379010786915,9.537718712181728e-07,9.537718712181716e-07
0.4892,6614.101956237487,0.0,0.0,2.4453088044757463,9.537703388068244e-07,9.537703388068233e-07
0.48925,6614.13964184235,0.0,0.0,2.4452810789258272,9.5378757242883e-07,9.53787572428829e-07
0.4893,6614.182086598153,0.0,0.0,2.445254765216917,9.537894145619657e-07,9.537894145619644e-07
0.48935,6614.22862148112,0.0,0.0,2.445229899330671,9.538052658703901e-07,9.538052658703888e-07
0.4894,6614.279802455326,0.0,0.0,2.4452065181858456,9.53811070646794e-07,9.538110706467929e-07
0.48945,6614.334930336066,0.0,0.0,2.4451846534707964,9.538250121661944e-07,9.538250121661931e-07
0.48950000000000005,6614.394549333569,0.0,0.0,2.445164337882963,9.538350320274419e-07,9.538350320274406e-07
0.48955000000000004,6614.457972870124,0.0,0.0,2.4451455987894795,9.538468709981204e-07,9.538468709981191e-07
0.48960000000000004,6614.525665305954,0.0,0.0,2.445128464289224,9.538609664603818e-07,9.538609664603808e-07
0.48965000000000003,6614.59704886598,0.0,0.0,2.4451129575013506,9.538709231079524e-07,9.538709231079513e-07
0.4897,6614.67241416283,0.0,0.0,2.445099101551376,9.538885385197274e-07,9.53888538519726e-07
0.48975,6614.7513544562,0.0,0.0,2.4450869153167276,9.538971784197057e-07,9.538971784197044e-07
0.4898,6614.833966752957,0.0,0.0,2.4450764167492745,9.53917479046267e-07,9.539174790462656e-07
0.48985,6614.920016599852,0.0,0.0,2.4450676204356645,9.539255762725796e-07,9.539255762725785e-07
0.4899,6615.009396794587,0.0,0.0,2.4450605389674718,9.539475372955572e-07,9.53947537295556e-07
0.48995,6615.102075182599,0.0,0.0,2.4450551826464793,9.53956022841466e-07,9.539560228414648e-07
0.49000000000000005,6615.19771621643,0.0,0.0,2.445051558579935,9.539785094606133e-07,9.53978509460612e-07
0.49005000000000004,6615.296483113499,0.0,0.0,2.4450496727059035,9.539883266935911e-07,9.539883266935899e-07
0.49010000000000004,6615.397860214761,0.0,0.0,2.4450495267025154,9.540102840343717e-07,9.540102840343704e-07
0.49015000000000003,6615.5021363488,0.0,0.0,2.4450511219819324,9.540222123154003e-07,9.54022212315399e-07
0.4902,6615.608682779944,0.0,0.0,2.4450544548927433,9.540427850430318e-07,9.540427850430307e-07
0.49025,6615.71787090156,0.0,0.0,2.44505952221111,9.540573845731242e-07,9.540573845731231e-07
0.4903,6615.828990002123,0.0,0.0,2.4450663151206884,9.540759482559809e-07,9.540759482559796e-07
0.49035,6615.942447501505,0.0,0.0,2.445074825592058,9.540934947725906e-07,9.540934947725894e-07
0.4904,6616.057535273736,0.0,0.0,2.445085039888233,9.541097672008595e-07,9.541097672008583e-07
0.49045,6616.174596801139,0.0,0.0,2.4450969450347535,9.541301572935502e-07,9.54130157293549e-07
0.49050000000000005,6616.293006495268,0.0,0.0,2.4451105226379255,9.541442050186958e-07,9.541442050186947e-07
0.49055000000000004,6616.413004240555,0.0,0.0,2.445125754676435,9.541670345894326e-07,9.541670345894313e-07
0.49060000000000004,6616.534069602281,0.0,0.0,2.4451426183621,9.54179183320978e-07,9.541791833209769e-07
0.49065000000000003,6616.656307652461,0.0,0.0,2.4451610905821584,9.542037953078016e-07,9.542037953078003e-07
0.4907,6616.77935475448,0.0,0.0,2.4451811444204927,9.542146136270111e-07,9.542146136270099e-07
0.49075,6616.903132694532,0.0,0.0,2.4452027517058306,9.542401432144458e-07,9.542401432144448e-07
0.4908,6617.027456507422,0.0,0.0,2.445225881594807,9.542503339073678e-07,9.542503339073665e-07
0.49085,6617.152080824778,0.0,0.0,2.4452505010064036,9.542758667945783e-07,9.54275866794577e-07
0.4909,6617.276969027623,0.0,0.0,2.445276575344495,9.542861227102223e-07,9.54286122710221e-07
0.49095,6617.4017329030075,0.0,0.0,2.4453040668195016,9.543107894526275e-07,9.543107894526262e-07
0.49100000000000005,6617.526472316159,0.0,0.0,2.4453329372461123,9.54321733463852e-07,9.543217334638508e-07
0.49105000000000004,6617.650676789512,0.0,0.0,2.4453631444178647,9.543447843971254e-07,9.543447843971244e-07
0.49110000000000004,6617.774543526202,0.0,0.0,2.445394646642254,9.543568677039535e-07,9.543568677039524e-07
0.49115000000000003,6617.897499701654,0.0,0.0,2.4454273977213,9.54377777525641e-07,9.543777775256397e-07
0.4912,6618.019775468329,0.0,0.0,2.4454613525144717,9.54391203670617e-07,9.543912036706158e-07
0.49125,6618.140794671939,0.0,0.0,2.4454964612296095,9.544097050584492e-07,9.544097050584479e-07
0.4913,6618.260778630906,0.0,0.0,2.445532675419395,9.54424435413872e-07,9.544244354138708e-07
0.49135,6618.379181503784,0.0,0.0,2.4455699421367907,9.544404955496356e-07,9.544404955496343e-07
0.4914,6618.496179003997,0.0,0.0,2.4456082097039147,9.544562642911717e-07,9.544562642911706e-07
0.49145,6618.611307672447,0.0,0.0,2.4456474225199667,9.544700834295998e-07,9.544700834295985e-07
0.49150000000000005,6618.724645284143,0.0,0.0,2.4456875258113917,9.544864157085779e-07,9.544864157085768e-07
0.49155000000000004,6618.835846507069,0.0,0.0,2.4457284617495896,9.544983633494964e-07,9.544983633494951e-07
0.49160000000000004,6618.944884420003,0.0,0.0,2.4457701727112884,9.5451468144264e-07,9.545146814426388e-07
0.49165000000000003,6619.051524933382,0.0,0.0,2.445812599018421,9.545251899103878e-07,9.545251899103865e-07
0.4917,6619.155641402512,0.0,0.0,2.4458556804721416,9.545408909817036e-07,9.545408909817025e-07
0.49175,6619.566783681185,0.0,0.0,2.4460292015863008,9.545912996161428e-07,9.545912996161417e-07
0.4918,6620.594074504719,0.0,0.0,2.4464627113711868,9.547169601345894e-07,9.54716960134588e-07
0.49185,6622.235672892077,0.0,0.0,2.4471554554160884,9.549181903941105e-07,9.549181903941093e-07
0.4919,6624.488835124771,0.0,0.0,2.4481062299285004,9.551938443954162e-07,9.55193844395415e-07
0.49195,6627.349745748161,0.0,0.0,2.449313384325012,9.555445209422737e-07,9.555445209422724e-07
0.49200000000000005,6630.813490083579,0.0,0.0,2.4507748254341886,9.559684384287218e-07,9.559684384287205e-07
0.49205000000000004,6634.874328831892,0.0,0.0,2.452488024541151,9.564661094719401e-07,9.564661094719389e-07
0.49210000000000004,6639.525227167682,0.0,0.0,2.4544500218905747,9.570356663848334e-07,9.570356663848322e-07
0.49215000000000003,6644.758562910232,0.0,0.0,2.4566574379161845,9.576768318126943e-07,9.576768318126933e-07
0.4922,6650.565278344817,0.0,0.0,2.4591064782089354,9.583885374614968e-07,9.583885374614956e-07
0.49225,6656.935918197742,0.0,0.0,2.461792948279757,9.591687088087069e-07,9.591687088087056e-07
0.4923,6663.859517197255,0.0,0.0,2.464712259319677,9.600181751042034e-07,9.60018175104202e-07
0.49235,6671.324855740022,0.0,0.0,2.467859445749883,9.609319949842252e-07,9.60931994984224e-07
0.4924,6679.319195949674,0.0,0.0,2.4712291720928645,9.619139063978642e-07,9.61913906397863e-07
0.49245,6687.829628489477,0.0,0.0,2.474815752396727,9.62955254257067e-07,9.629552542570656e-07
0.49250000000000005,6696.841803895155,0.0,0.0,2.4786131587106635,9.64063371137824e-07,9.640633711378227e-07
0.49255000000000004,6706.341209947263,0.0,0.0,2.482615041348031,9.652254543590737e-07,9.652254543590724e-07
0.49260000000000004,6716.312045496495,0.0,0.0,2.4868147393502644,9.664526356342703e-07,9.66452635634269e-07
0.49265000000000003,6726.738308707838,0.0,0.0,2.49120530076922,9.677280880900994e-07,9.677280880900982e-07
0.4927,6737.60291509519,0.0,0.0,2.4957794952845718,9.690663121567332e-07,9.69066312156732e-07
0.49275,6748.8884872739245,0.0,0.0,2.5005298337591944,9.704472808826918e-07,9.704472808826907e-07
0.4928,6760.576830319221,0.0,0.0,2.5054485832091853,9.718877288044133e-07,9.71887728804412e-07
0.49285,6772.649336078726,0.0,0.0,2.510527784963081,9.733658933526009e-07,9.733658933525998e-07
0.4929,6785.086848485722,0.0,0.0,2.5157592718702615,9.748990715970505e-07,9.748990715970495e-07
0.49295,6797.869686533502,0.0,0.0,2.5211346848680822,9.764656769238678e-07,9.764656769238666e-07
0.49300000000000005,6810.977896260323,0.0,0.0,2.526645492012638,9.780815246828931e-07,9.78081524682892e-07
0.49305000000000004,6824.3908801558755,0.0,0.0,2.5322830033700887,9.797273947107743e-07,9.797273947107733e-07
0.49310000000000004,6838.0880271796705,0.0,0.0,2.538038391461504,9.814154501450548e-07,9.814154501450535e-07
0.49315000000000003,6852.0480138823,0.0,0.0,2.543902704539787,9.83130956444909e-07,9.831309564449077e-07
0.4932,6866.249698548064,0.0,0.0,2.5498668878178425,9.848805203851164e-07,9.848805203851151e-07
0.49325,6880.6712070800795,0.0,0.0,2.5559217955073854,9.86655588646581e-07,9.8665558864658e-07
0.4933,6895.2910055688235,0.0,0.0,2.5620582120359034,9.884558589923517e-07,9.884558589923507e-07
0.49335,6910.0868469764155,0.0,0.0,2.5682668632835357,9.902799778747684e-07,9.90279977874767e-07
0.4934,6925.036919609614,0.0,0.0,2.5745384371185835,9.921201832632642e-07,9.921201832632632e-07
0.49345,6940.118789807028,0.0,0.0,2.58086359420343,9.939824320053979e-07,9.939824320053968e-07
0.49350000000000005,6955.3104798542545,0.0,0.0,2.5872329872281794,9.958519307962588e-07,9.958519307962575e-07
0.49355000000000004,6970.589535530072,0.0,0.0,2.5936372717160117,9.97741037369575e-07,9.977410373695737e-07
0.49360000000000004,6985.933936990342,0.0,0.0,2.600067123371739,9.996293769890011e-07,9.996293769889999e-07
0.49365000000000003,7001.321354670065,0.0,0.0,2.606513249225356,1.0015338246068662e-06,1.001533824606865e-06
0.4937,7016.729842688183,0.0,0.0,2.6129664027761463,1.003430748812182e-06,1.0034307488121807e-06
0.49375,7032.137350242935,0.0,0.0,2.6194173955708306,1.0053389060414144e-06,1.0053389060414132e-06
0.4938,7047.522103262422,0.0,0.0,2.6258571100221215,1.0072343540552936e-06,1.0072343540552924e-06
0.49385,7062.862454479092,0.0,0.0,2.6322765114749744,1.009134610429588e-06,1.0091346104295867e-06
0.4939,7078.136939637287,0.0,0.0,2.6386666586851764,1.011018678754137e-06,1.0110186787541358e-06
0.49395,7093.324400897804,0.0,0.0,2.6450187162333934,1.012899628600562e-06,1.0128996286005608e-06
0.49400000000000005,7108.403793864811,0.0,0.0,2.6513239629353613,1.0147624985616052e-06,1.014762498561604e-06
0.49405000000000004,7123.354572589207,0.0,0.0,2.6575738043076176,1.0166130991566671e-06,1.0166130991566659e-06
0.49410000000000004,7138.156206236268,0.0,0.0,2.6637597792352024,1.018445014516158e-06,1.018445014516157e-06
0.49415000000000003,7152.7888257807335,0.0,0.0,2.6698735721948856,1.0202547124338427e-06,1.0202547124338416e-06
0.49420000000000003,7167.232556321855,0.0,0.0,2.675907018588403,1.0220459370076695e-06,1.0220459370076682e-06
0.49425,7181.4682602251105,0.0,0.0,2.68185211632779,1.0238048064506301e-06,1.0238048064506288e-06
0.4943,7195.476803555189,0.0,0.0,2.687701030316832,1.0255456114274424e-06,1.0255456114274411e-06
0.49435,7209.23986776937,0.0,0.0,2.693446103040384,1.0272444154162387e-06,1.0272444154162377e-06
0.4944,7222.739149509913,0.0,0.0,2.6990798585837177,1.0289251338216002e-06,1.0289251338215989e-06
0.49445,7235.957184347726,0.0,0.0,2.7045950119714366,1.030555339848678e-06,1.0305553398486766e-06
0.49450000000000005,7248.876607501383,0.0,0.0,2.7099844730527867,1.0321664358600317e-06,1.0321664358600304e-06
0.49455000000000005,7261.48085368417,0.0,0.0,2.7152413543929996,1.0337202138539423e-06,1.0337202138539412e-06
0.49460000000000004,7273.753560582301,0.0,0.0,2.720358975276685,1.035252380172328e-06,1.0352523801723269e-06
0.49465000000000003,7285.679125676375,0.0,0.0,2.7253308680667896,1.0367225416993285e-06,1.0367225416993272e-06
0.49470000000000003,7297.24224465833,0.0,0.0,2.7301507824360196,1.0381668548634261e-06,1.038166854863425e-06
0.49475,7308.428318876158,0.0,0.0,2.7348126902660037,1.0395467491657972e-06,1.039546749165796e-06
0.4948,7319.223174260331,0.0,0.0,2.739310790085558,1.0408948273466036e-06,1.0408948273466025e-06
0.49485,7329.613242753837,0.0,0.0,2.743639510646019,1.042178256808734e-06,1.0421782568087327e-06
0.4949,7339.5855207371715,0.0,0.0,2.747793515514655,1.0434223841923016e-06,1.0434223841923003e-06
0.49495,7349.1275424533915,0.0,0.0,2.7517677055245087,1.044603522408756e-06,1.044603522408755e-06
0.49500000000000005,7358.227483596033,0.0,0.0,2.755557223350019,1.0457368045602287e-06,1.0457368045602277e-06
0.49505000000000005,7366.874014194906,0.0,0.0,2.7591574551242934,1.0468100808084188e-06,1.0468100808084178e-06
0.49510000000000004,7375.056553205309,0.0,0.0,2.7625640348172893,1.0478265582939962e-06,1.047826558293995e-06
0.49515000000000003,7382.764921623619,0.0,0.0,2.7657728452432813,1.0487866480104273e-06,1.048786648010426e-06
0.49520000000000003,7389.989782576619,0.0,0.0,2.768780022101822,1.0496813124964016e-06,1.0496813124964005e-06
0.49525,7396.722188023931,0.0,0.0,2.7715819546148905,1.050523141837135e-06,1.0505231418371338e-06
0.4953,7402.954041439538,0.0,0.0,2.7741752890613,1.0512919803245391e-06,1.0512919803245378e-06
0.49535,7408.677632025399,0.0,0.0,2.7765569292320262,1.0520107340041492e-06,1.052010734004148e-06
0.4954,7413.8861555804915,0.0,0.0,2.778724039395532,1.0526506917439046e-06,1.0526506917439036e-06
0.49545,7418.5731573329995,0.0,0.0,2.7806740446560143,1.053241932215124e-06,1.0532419322151226e-06
0.4955,7422.733104624557,0.0,0.0,2.7824046333280514,1.053750796541883e-06,1.0537507965418817e-06
0.49555000000000005,7426.360856186344,0.0,0.0,2.783913757256024,1.0542105851039351e-06,1.054210585103934e-06
0.49560000000000004,7429.452151777657,0.0,0.0,2.7851996336134213,1.0545869027549513e-06,1.0545869027549503e-06
0.49565000000000003,7432.003160488969,0.0,0.0,2.78626074517773,1.0549119105525813e-06,1.05491191055258e-06
0.49570000000000003,7434.010922875696,0.0,0.0,2.7870958416201654,1.0551548590574955e-06,1.0551548590574944e-06
0.49575,7435.472926165622,0.0,0.0,2.7877039396824475,1.0553425307816617e-06,1.0553425307816604e-06
0.4958,7436.387500511546,0.0,0.0,2.7880843240479822,1.0554517704954332e-06,1.0554517704954322e-06
0.49585,7436.753484695274,0.0,0.0,2.7882365473627444,1.0555004588778906e-06,1.0555004588778894e-06
0.4959,7436.570482106603,0.0,0.0,2.78816043074147,1.0554760375001784e-06,1.055476037500177e-06
0.49595,7435.838682692732,0.0,0.0,2.7878560636015006,1.0553850738226014e-06,1.0553850738226001e-06
0.496,7434.558989184726,0.0,0.0,2.7873238038561916,1.0552273700313015e-06,1.0552273700313002e-06
0.49605000000000005,7432.732920857376,0.0,0.0,2.786564277513297,1.0549971343693022e-06,1.054997134369301e-06
0.49610000000000004,7430.362667159437,0.0,0.0,2.785578378567172,1.0547067877475756e-06,1.0547067877475743e-06
0.49615000000000004,7427.451111288185,0.0,0.0,2.784367268406118,1.054338733505458e-06,1.054338733505457e-06
0.49620000000000003,7424.001697537721,0.0,0.0,2.782932375322228,1.0539166849589094e-06,1.0539166849589082e-06
0.49625,7420.018650235878,0.0,0.0,2.781275393769544,1.053413252355374e-06,1.053413252355373e-06
0.4963,7415.506704139171,0.0,0.0,2.7793982834651487,1.0528608171129173e-06,1.052860817112916e-06
0.49635,7410.471391158332,0.0,0.0,2.777303268534302,1.0522253752707504e-06,1.0522253752707493e-06
0.4964,7404.918703362227,0.0,0.0,2.774992836061653,1.0515442949951417e-06,1.0515442949951406e-06
0.49645,7398.855505867891,0.0,0.0,2.7724697352678986,1.0507810298483398e-06,1.0507810298483385e-06
0.4965,7392.2890262277915,0.0,0.0,2.7697369753880716,1.0499736282160865e-06,1.0499736282160853e-06
0.49655000000000005,7385.2274091427025,0.0,0.0,2.7667978248840037,1.0490873550180408e-06,1.0490873550180395e-06
0.49660000000000004,7377.679144013731,0.0,0.0,2.763655808625335,1.0481566669211667e-06,1.0481566669211654e-06
0.49665000000000004,7369.653621289035,0.0,0.0,2.7603147071408807,1.047152727349628e-06,1.0471527273496267e-06
0.49670000000000003,7361.160552746294,0.0,0.0,2.7567785530302023,1.046102575496328e-06,1.0461025754963267e-06
0.49675,7352.2105666700545,0.0,0.0,2.753051630242492,1.0449867056062735e-06,1.0449867056062722e-06
0.4968,7342.814580261508,0.0,0.0,2.749138469729009,1.0438218217108437e-06,1.0438218217108427e-06
0.49685,7332.9843982124285,0.0,0.0,2.7450438486032795,1.0426000221468976e-06,1.0426000221468963e-06
0.4969,7322.732149943112,0.0,0.0,2.7407727851709454,1.0413261002439128e-06,1.0413261002439115e-06
0.49695,7312.0707611070575,0.0,0.0,2.7363305377287945,1.0400045963330128e-06,1.0400045963330116e-06
0.497,7301.013537630484,0.0,0.0,2.7317225991343315,1.0386282615208315e-06,1.0386282615208302e-06
0.49705000000000005,7289.574502142643,0.0,0.0,2.7269546950190966,1.0372135034619228e-06,1.0372135034619218e-06
0.49710000000000004,7277.768092559833,0.0,0.0,2.722032778040554,1.035742282303262e-06,1.035742282303261e-06
0.49715000000000004,7265.6093626372285,0.0,0.0,2.7169630252218666,1.0342409317017527e-06,1.0342409317017517e-06
0.49720000000000003,7253.113877557155,0.0,0.0,2.7117518321592096,1.0326831804195361e-06,1.032683180419535e-06
0.49725,7240.297646707825,0.0,0.0,2.7064058091080265,1.0311021916190817e-06,1.0311021916190805e-06
0.4973,7227.17729944311,0.0,0.0,2.700931775335523,1.0294669244132533e-06,1.0294669244132523e-06
0.49735,7213.7697829998,0.0,0.0,2.695336753773942,1.0278136537618678e-06,1.0278136537618668e-06
0.4974,7200.092711858387,0.0,0.0,2.6896279655818325,1.0261104121357126e-06,1.0261104121357115e-06
0.49745,7186.163892735965,0.0,0.0,2.683812823139593,1.0243926633214486e-06,1.0243926633214474e-06
0.4975,7172.0018932137045,0.0,0.0,2.6778989249347545,1.0226313841092836e-06,1.0226313841092824e-06
0.49755000000000005,7157.625308964649,0.0,0.0,2.6718940468049603,1.020857519755952e-06,1.0208575197559509e-06
0.49760000000000004,7143.053549036873,0.0,0.0,2.6658061369956396,1.019048337763664e-06,1.0190483377636627e-06
0.49765000000000004,7128.305974546511,0.0,0.0,2.6596433057606914,1.0172273550823197e-06,1.0172273550823185e-06
0.49770000000000003,7113.4027323047585,0.0,0.0,2.6534138203880517,1.0153805130891356e-06,1.0153805130891345e-06
0.49775,7098.36386231633,0.0,0.0,2.6471260932846414,1.0135220266698711e-06,1.01352202666987e-06
0.4978,7083.210167285639,0.0,0.0,2.6407886766699438,1.0116477917186395e-06,1.0116477917186382e-06
0.49785,7067.962295738558,0.0,0.0,2.6344102494694828,1.0097620412830014e-06,1.0097620412830004e-06
0.4979,7052.641568938998,0.0,0.0,2.6279996111994666,1.0078706224040322e-06,1.0078706224040312e-06
0.49795,7037.269190775727,0.0,0.0,2.6215656680845885,1.0059684145368378e-06,1.0059684145368367e-06
0.498,7021.866871190912,0.0,0.0,2.6151174256780974,1.0040699686270635e-06,1.0040699686270625e-06
0.49805000000000005,7006.456269039029,0.0,0.0,2.6086639745923588,1.0021625394265218e-06,1.0021625394265205e-06
0.49810000000000004,6991.059374626501,0.0,0.0,2.602214481434595,1.0002672008046775e-06,1.0002672008046762e-06
0.49815000000000004,6975.698194538771,0.0,0.0,2.5957781745402064,9.983660918511383e-07,9.98366091851137e-07
0.49820000000000003,6960.394856482249,0.0,0.0,2.5893643328134583,9.964839783172945e-07,9.964839783172935e-07
0.49825,6945.171622340652,0.0,0.0,2.5829822718827873,9.946008922175037e-07,9.946008922175024e-07
0.4983,6930.050616609174,0.0,0.0,2.576641330536594,9.927421621123397e-07,9.927421621123385e-07
0.49835,6915.0542113763895,0.0,0.0,2.570350857470786,9.908887617158122e-07,9.90888761715811e-07
0.4984,6900.204425615086,0.0,0.0,2.5641201953813075,9.890636723412799e-07,9.890636723412788e-07
0.49845,6885.5235832372,0.0,0.0,2.5579586683123177,9.872514364844472e-07,9.872514364844462e-07
0.4985,6871.033454035245,0.0,0.0,2.5518755634503885,9.8547031530364e-07,9.854703153036388e-07
0.49855000000000005,6856.7561774074675,0.0,0.0,2.5458801191297655,9.837104295565788e-07,9.837104295565775e-07
0.49860000000000004,6842.7131445472005,0.0,0.0,2.5399815046462773,9.819836771385598e-07,9.819836771385586e-07
0.49865000000000004,6828.92611299096,0.0,0.0,2.5341888085689077,9.802868793908633e-07,9.80286879390862e-07
0.49870000000000003,6815.415996503069,0.0,0.0,2.528511017245066,9.786249372163072e-07,9.786249372163061e-07
0.49875,6802.203984586273,0.0,0.0,2.5229570030471895,9.770014705826244e-07,9.77001470582623e-07
0.4988,6789.310370096649,0.0,0.0,2.5175355021759556,9.754146873891162e-07,9.754146873891151e-07
0.49885,6776.755604471184,0.0,0.0,2.5122551025146396,9.73874275727399e-07,9.738742757273977e-07
0.4989,6764.559233260281,0.0,0.0,2.5071242215146254,9.723728084954595e-07,9.723728084954582e-07
0.49895,6752.740765976193,0.0,0.0,2.50215109318267,9.709246056062773e-07,9.709246056062762e-07
0.499,6741.318885086286,0.0,0.0,2.4973437469026307,9.69518292696366e-07,9.69518292696365e-07
0.49905000000000005,6730.31197695587,0.0,0.0,2.4927099932274746,9.681709006653467e-07,9.681709006653454e-07
0.49910000000000004,6719.737710184648,0.0,0.0,2.488257404346626,9.668690780738317e-07,9.668690780738304e-07
0.49915000000000004,6709.613192698279,0.0,0.0,2.4839932985396134,9.656305718314776e-07,9.656305718314763e-07
0.49920000000000003,6699.95493369008,0.0,0.0,2.479924722855297,9.644419360878366e-07,9.644419360878353e-07
0.49925,6690.7785991252695,0.0,0.0,2.476058436263091,9.63319835292413e-07,9.633198352924117e-07
0.4993,6682.099401488967,0.0,0.0,2.472400895002893,9.622523353886425e-07,9.622523353886415e-07
0.49935,6673.931428851972,0.0,0.0,2.468958234644083,9.612535915588987e-07,9.612535915588974e-07
0.4994,6666.288433877114,0.0,0.0,2.4657362582637035,9.60314296867798e-07,9.603142968677968e-07
0.49945,6659.1828262799745,0.0,0.0,2.462740418016507,9.594452845063478e-07,9.594452845063466e-07
0.4995,6652.626745254678,0.0,0.0,2.459975806056463,9.586403145267265e-07,9.586403145267253e-07
0.49955000000000005,6646.630818869384,0.0,0.0,2.4574471362493635,9.57906735881557e-07,9.579067358815558e-07
0.49960000000000004,6641.205436472808,0.0,0.0,2.455158737703687,9.572412555659308e-07,9.572412555659298e-07
0.49965000000000004,6636.359375466598,0.0,0.0,2.4531145374923966,9.566480641475745e-07,9.566480641475732e-07
0.49970000000000003,6632.101127862533,0.0,0.0,2.4513180562773775,9.56126238257979e-07,9.561262382579778e-07
0.49975,6628.437573260923,0.0,0.0,2.449772393071984,9.556775756748077e-07,9.556775756748067e-07
0.4998,6625.3751936292365,0.0,0.0,2.4484802225209337,9.553025920340455e-07,9.553025920340442e-07
0.49985,6622.918923326169,0.0,0.0,2.4474437824691915,9.550016568374122e-07,9.55001656837411e-07
0.4999,6621.07314237604,0.0,0.0,2.4466648725054574,9.54775778448034e-07,9.547757784480327e-07
0.49995,6619.840821148128,0.0,0.0,2.446144845178764,9.546247508420866e-07,9.546247508420854e-07
0.5,6619.224163519416,0.0,0.0,2.445884605264112,9.545493129368761e-07,9.545493129368748e-07
