tempo_s,V_RMS_A,V_RMS_B,V_RMS_C,I_RMS_A,I_RMS_B,I_RMS_C
0.0,8456.350340503985,0.0,0.0,183.3069630790005,6.049705903458813e-14,6.049705903458813e-14
5e-05,8455.767680543022,0.0,0.0,183.2896748481988,6.049116082102864e-14,6.049116082102864e-14
0.0001,8454.311284064683,0.0,0.0,183.25511292528168,6.047982359174394e-14,6.047982359174394e-14
0.00015000000000000001,8452.325484839188,0.0,0.0,183.203348444537,6.046287612516767e-14,6.046287612516767e-14
0.0002,8449.679700765006,0.0,0.0,183.13447459971434,6.043996445033317e-14,6.043996445033317e-14
0.00025,8446.217109481926,0.0,0.0,183.048546594061,6.041171944699144e-14,6.041171944699144e-14
0.00030000000000000003,8442.312867272214,0.0,0.0,182.94545422600189,6.037753556255942e-14,6.037753556255942e-14
0.00035,8437.652532938979,0.0,0.0,182.8255448302978,6.033806812385589e-14,6.033806812385589e-14
0.0004,8432.249255349412,0.0,0.0,182.68887216600817,6.0292966279701e-14,6.0292966279701e-14
0.00045000000000000004,8426.35065471366,0.0,0.0,182.5356610416082,6.024233234345704e-14,6.024233234345704e-14
0.0005,8419.707053585662,0.0,0.0,182.36607147858714,6.018636000063445e-14,6.018636000063445e-14
0.00055,8412.455259887176,0.0,0.0,182.18015259289234,6.012493012320022e-14,6.012493012320022e-14
0.0006000000000000001,8404.689821611366,0.0,0.0,181.97832402250665,6.00584197686025e-14,6.00584197686025e-14
0.0006500000000000001,8396.129079738092,0.0,0.0,181.76071380688342,5.998660080518133e-14,5.998660080518133e-14
0.0007,8387.083028892888,0.0,0.0,181.52762379297016,5.990959918651428e-14,5.990959918651428e-14
0.00075,8377.466460686406,0.0,0.0,181.2792825175664,5.982755376808926e-14,5.982755376808926e-14
0.0008,8367.132762847776,0.0,0.0,181.01609397612626,5.9740747051673e-14,5.9740747051673e-14
0.0008500000000000001,8356.39509150114,0.0,0.0,180.73808897871902,5.964900925106961e-14,5.964900925106961e-14
0.0009000000000000001,8345.034327215013,0.0,0.0,180.4460347789385,5.955249958354132e-14,5.955249958354132e-14
0.00095,8333.051652114822,0.0,0.0,180.13980818252637,5.945147064097175e-14,5.945147064097175e-14
0.001,8320.697829561144,0.0,0.0,179.82025742274877,5.934590008707064e-14,5.934590008707064e-14
0.0010500000000000002,8307.751383343048,0.0,0.0,179.487359017329,5.923621068360657e-14,5.923621068360657e-14
0.0011,8294.371541177896,0.0,0.0,179.1414726423446,5.912163216451135e-14,5.912163216451135e-14
0.00115,8280.530654098258,0.0,0.0,178.78307289569005,5.900379152903571e-14,5.900379152903571e-14
0.0012000000000000001,8265.975427892097,0.0,0.0,178.41296598864434,5.888132726399579e-14,5.888132726399579e-14
0.00125,8251.236279978746,0.0,0.0,178.03126873146036,5.875527651023256e-14,5.875527651023256e-14
0.0013000000000000002,8236.122158689841,0.0,0.0,177.63866030667504,5.862586649420851e-14,5.862586649420851e-14
0.00135,8220.331580075566,0.0,0.0,177.2353547637508,5.849274178090643e-14,5.849274178090643e-14
0.0014,8204.366326063946,0.0,0.0,176.82198557597445,5.835608822086259e-14,5.835608822086259e-14
0.0014500000000000001,8188.034692525796,0.0,0.0,176.39936743914592,5.821680076225692e-14,5.821680076225692e-14
0.0015,8171.215702055587,0.0,0.0,175.96742299223382,5.80742104634737e-14,5.80742104634737e-14
0.0015500000000000002,8154.283967186136,0.0,0.0,175.5272671823603,5.792849789800973e-14,5.792849789800973e-14
0.0016,8136.885836769406,0.0,0.0,175.0791677688816,5.778116180332245e-14,5.778116180332245e-14
0.00165,8119.235985090678,0.0,0.0,174.62381181698427,5.7630216877093e-14,5.7630216877093e-14
0.0017000000000000001,8101.505695559177,0.0,0.0,174.1615871212843,5.747813834164626e-14,5.747813834164626e-14
0.00175,8083.273832275861,0.0,0.0,173.69362529894227,5.732338016294915e-14,5.732338016294915e-14
0.0018000000000000002,8064.9934082977115,0.0,0.0,173.21970732498514,5.716699303516023e-14,5.716699303516023e-14
0.00185,8046.710099123787,0.0,0.0,172.74130609768378,5.700900627875068e-14,5.700900627875068e-14
0.0019,8027.959161742075,0.0,0.0,172.25803228248535,5.684980116882363e-14,5.684980116882363e-14
0.0019500000000000001,8009.172237699657,0.0,0.0,171.7714364006934,5.6688617598904195e-14,5.6688617598904195e-14
0.002,7990.305734003204,0.0,0.0,171.2821449638429,5.6527538821205365e-14,5.6527538821205365e-14
0.00205,7971.258767090815,0.0,0.0,170.79078786401573,5.6365280263881314e-14,5.6365280263881314e-14
0.0021000000000000003,7952.432926048607,0.0,0.0,170.29772085712275,5.6202227965133225e-14,5.6202227965133225e-14
0.00215,7933.396837633184,0.0,0.0,169.8039393668421,5.60396747154819e-14,5.60396747154819e-14
0.0022,7914.2722243225635,0.0,0.0,169.309775924051,5.5876193318300505e-14,5.5876193318300505e-14
0.0022500000000000003,7895.432426193918,0.0,0.0,168.81631008525395,5.571338650276476e-14,5.571338650276476e-14
0.0023,7876.501763258045,0.0,0.0,168.32417478861598,5.5550845831276334e-14,5.5550845831276334e-14
0.00235,7857.632655579407,0.0,0.0,167.83356577149186,5.538901359928971e-14,5.538901359928971e-14
0.0024000000000000002,7838.974771027502,0.0,0.0,167.34621762378424,5.522779517230944e-14,5.522779517230944e-14
0.00245,7820.314488150529,0.0,0.0,166.8617414569676,5.506813654794271e-14,5.506813654794271e-14
0.0025,7801.959762983061,0.0,0.0,166.3816689065926,5.4909590669194336e-14,5.4909590669194336e-14
0.00255,7783.704535824848,0.0,0.0,165.90634140607793,5.475301611638298e-14,5.475301611638298e-14
0.0026000000000000003,7765.66555363054,0.0,0.0,165.43673165157546,5.4597395362373485e-14,5.4597395362373485e-14
0.00265,7748.157357973856,0.0,0.0,164.97272133836864,5.4444545722876005e-14,5.4444545722876005e-14
0.0027,7730.53647120962,0.0,0.0,164.51618538501475,5.4293976858455166e-14,5.4293976858455166e-14
0.0027500000000000003,7713.132453989574,0.0,0.0,164.06694603555067,5.4145475518019986e-14,5.4145475518019986e-14
0.0028,7696.470808275258,0.0,0.0,163.62707960269006,5.400016269771115e-14,5.400016269771115e-14
0.00285,7679.987912587757,0.0,0.0,163.19596886576912,5.3858077107218784e-14,5.3858077107218784e-14
0.0029000000000000002,7663.885269223931,0.0,0.0,162.77448814137455,5.371854876008862e-14,5.371854876008862e-14
0.00295,7648.272034355196,0.0,0.0,162.36352340639706,5.358348315336252e-14,5.358348315336252e-14
0.003,7632.901520907922,0.0,0.0,161.96357730277316,5.3450968243223315e-14,5.3450968243223315e-14
0.00305,7618.257190747987,0.0,0.0,161.57516915173977,5.3322644665027115e-14,5.3322644665027115e-14
0.0031000000000000003,7603.932858638148,0.0,0.0,161.19935880723406,5.3198909173535563e-14,5.3198909173535563e-14
0.00315,7589.883127171078,0.0,0.0,160.83649627601673,5.307880656517367e-14,5.307880656517367e-14
0.0032,7576.782512930104,0.0,0.0,160.4871431489933,5.296360305622603e-14,5.296360305622603e-14
0.0032500000000000003,7563.992752556551,0.0,0.0,160.15246975554606,5.2853442395642814e-14,5.2853442395642814e-14
0.0033,7551.595273205315,0.0,0.0,159.8319378982789,5.274725500293668e-14,5.274725500293668e-14
0.00335,7540.211114279482,0.0,0.0,159.5275163164564,5.2646716895270277e-14,5.2646716895270277e-14
0.0034000000000000002,7529.234606904995,0.0,0.0,159.23831805718908,5.255202245341512e-14,5.255202245341512e-14
0.0034500000000000004,7518.837170201322,0.0,0.0,158.96541197443855,5.246064257754261e-14,5.246064257754261e-14
0.0035,7509.135047319723,0.0,0.0,158.709260485675,5.237702193275381e-14,5.237702193275381e-14
0.00355,7499.788204999442,0.0,0.0,158.4712102149944,5.2297995715861784e-14,5.2297995715861784e-14
0.0036000000000000003,7491.521784550998,0.0,0.0,158.25044409576452,5.222517228503314e-14,5.222517228503314e-14
0.00365,7484.099082082735,0.0,0.0,158.04825980622203,5.215827334303303e-14,5.215827334303303e-14
0.0037,7476.917927751104,0.0,0.0,157.86343572420353,5.209781513602526e-14,5.209781513602526e-14
0.0037500000000000003,7470.635501939378,0.0,0.0,157.69775316104457,5.204234420818868e-14,5.204234420818868e-14
0.0038,7465.160516113875,0.0,0.0,157.55098290019697,5.1994481737993225e-14,5.1994481737993225e-14
0.00385,7460.29516160316,0.0,0.0,157.4231979803772,5.195199484829114e-14,5.195199484829114e-14
0.0039000000000000003,7456.196025029344,0.0,0.0,157.3151557416574,5.191627220475529e-14,5.191627220475529e-14
0.00395,7452.654749005882,0.0,0.0,157.2271266132325,5.188750563176865e-14,5.188750563176865e-14
0.004,7450.11878345613,0.0,0.0,157.15883237223062,5.1864476139237725e-14,5.1864476139237725e-14
0.00405,7448.438581224126,0.0,0.0,157.11058785155558,5.1849292955463004e-14,5.1849292955463004e-14
0.0041,7447.14218277485,0.0,0.0,157.08265323288393,5.1839544389349024e-14,5.1839544389349024e-14
0.00415,7446.937148421014,0.0,0.0,157.07437092876776,5.183695949505452e-14,5.183695949505452e-14
0.004200000000000001,7447.633993741532,0.0,0.0,157.08669925742188,5.184061749809696e-14,5.184061749809696e-14
0.00425,7448.662639213814,0.0,0.0,157.1180914834154,5.1851540501405086e-14,5.1851540501405086e-14
0.0043,7450.5228770671565,0.0,0.0,157.1705273108759,5.186822522801164e-14,5.186822522801164e-14
0.004350000000000001,7453.202766946151,0.0,0.0,157.24300288969934,5.189266488748721e-14,5.189266488748721e-14
0.0044,7456.814760156932,0.0,0.0,157.33544318334046,5.1922599873988463e-14,5.1922599873988463e-14
0.00445,7461.2718725985715,0.0,0.0,157.44675021121884,5.196002487182908e-14,5.196002487182908e-14
0.0045000000000000005,7466.024243028153,0.0,0.0,157.57783040428146,5.200299936699551e-14,5.200299936699551e-14
0.00455,7471.696373034153,0.0,0.0,157.7274115514692,5.2052200467566963e-14,5.2052200467566963e-14
0.0046,7478.3019803643665,0.0,0.0,157.89665862174422,5.210838618754433e-14,5.210838618754433e-14
0.0046500000000000005,7485.190014346947,0.0,0.0,158.08412575066706,5.216998426547817e-14,5.216998426547817e-14
0.0047,7492.9758693668655,0.0,0.0,158.29023213955293,5.223786569825989e-14,5.223786569825989e-14
0.00475,7501.557993611056,0.0,0.0,158.51472142562616,5.231247029340961e-14,5.231247029340961e-14
0.0048000000000000004,7510.605261519766,0.0,0.0,158.7564151774107,5.239196007482923e-14,5.239196007482923e-14
0.00485,7520.591845554855,0.0,0.0,159.01530671896344,5.247728137510061e-14,5.247728137510061e-14
0.0049,7531.086600411622,0.0,0.0,159.290848932517,5.256878401386464e-14,5.256878401386464e-14
0.00495,7542.116934547947,0.0,0.0,159.58238375690954,5.266420169957549e-14,5.266420169957549e-14
0.005,7554.017395775848,0.0,0.0,159.88915151095108,5.276576038186891e-14,5.276576038186891e-14
0.005050000000000001,7566.067046960465,0.0,0.0,160.2115752890344,5.2872415529603946e-14,5.2872415529603946e-14
0.0051,7578.639524863564,0.0,0.0,160.54834406917155,5.298327112270895e-14,5.298327112270895e-14
0.00515,7592.228302857778,0.0,0.0,160.90018132180177,5.3099377969264635e-14,5.3099377969264635e-14
0.005200000000000001,7606.197497481187,0.0,0.0,161.26447300578675,5.32201249785976e-14,5.32201249785976e-14
0.00525,7620.556246084879,0.0,0.0,161.6415955909875,5.3344044213155783e-14,5.3344044213155783e-14
0.0053,7635.364202388712,0.0,0.0,162.03074895721093,5.3473157050251517e-14,5.3473157050251517e-14
0.005350000000000001,7650.573887417166,0.0,0.0,162.4317711992227,5.36048691438426e-14,5.36048691438426e-14
0.0054,7666.412125045522,0.0,0.0,162.84336996706676,5.3740886763289157e-14,5.3740886763289157e-14
0.00545,7682.420135751972,0.0,0.0,163.265901740208,5.388045996954061e-14,5.388045996954061e-14
0.0055000000000000005,7698.702323439708,0.0,0.0,163.69775706645657,5.402308573633877e-14,5.402308573633877e-14
0.00555,7715.7604399302445,0.0,0.0,164.13887568459234,5.416830987408489e-14,5.416830987408489e-14
0.0056,7732.994656161778,0.0,0.0,164.58787106929913,5.431707619535834e-14,5.431707619535834e-14
0.0056500000000000005,7750.34600869238,0.0,0.0,165.04405474946748,5.446734046078601e-14,5.446734046078601e-14
0.0057,7768.146754373526,0.0,0.0,165.50726304323516,5.462017991275527e-14,5.462017991275527e-14
0.00575,7786.173491725588,0.0,0.0,165.97612838089157,5.477505644885579e-14,5.477505644885579e-14
0.0058000000000000005,7804.310519356514,0.0,0.0,166.45030550130082,5.493131736010997e-14,5.493131736010997e-14
0.00585,7822.476005648152,0.0,0.0,166.9293600277715,5.508983030991204e-14,5.508983030991204e-14
0.0059,7840.866276159584,0.0,0.0,167.4128155303982,5.524905184561992e-14,5.524905184561992e-14
0.00595,7859.76294621431,0.0,0.0,167.89912336296592,5.5410000357257807e-14,5.5410000357257807e-14
0.006,7878.600884226008,0.0,0.0,168.3880771610181,5.5571075128395536e-14,5.5571075128395536e-14
0.006050000000000001,7897.282635821163,0.0,0.0,168.87806051250766,5.573309418355994e-14,5.573309418355994e-14
0.0061,7916.201227744408,0.0,0.0,169.36974241318734,5.5895068337269066e-14,5.5895068337269066e-14
0.00615,7935.099160764948,0.0,0.0,169.86151240020072,5.6057707100236295e-14,5.6057707100236295e-14
0.006200000000000001,7953.964884255454,0.0,0.0,170.35320943002023,5.621952311920069e-14,5.621952311920069e-14
0.00625,7972.822563722023,0.0,0.0,170.84387312694824,5.638197783323497e-14,5.638197783323497e-14
0.0063,7991.557721858786,0.0,0.0,171.33313432753098,5.654317507018635e-14,5.654317507018635e-14
0.006350000000000001,8010.382618377659,0.0,0.0,171.81959881405157,5.670384622072788e-14,5.670384622072788e-14
0.0064,8029.120039171651,0.0,0.0,172.3031713864582,5.686363788949434e-14,5.686363788949434e-14
0.00645,8047.493262909483,0.0,0.0,172.78277747606194,5.702174860507341e-14,5.702174860507341e-14
0.006500000000000001,8065.839652689908,0.0,0.0,173.25813352662755,5.717863797233732e-14,5.717863797233732e-14
0.00655,8084.029016645723,0.0,0.0,173.72856888401319,5.733400607990653e-14,5.733400607990653e-14
0.0066,8101.839865040603,0.0,0.0,174.19326048305888,5.74873611627433e-14,5.74873611627433e-14
0.0066500000000000005,8119.465789656338,0.0,0.0,174.6521761495474,5.763883449949311e-14,5.763883449949311e-14
0.0067,8136.951487271776,0.0,0.0,175.10424196507316,5.778826817125978e-14,5.778826817125978e-14
0.00675,8154.189876994963,0.0,0.0,175.54897018929194,5.793471829115656e-14,5.793471829115656e-14
0.0068000000000000005,8171.1105082396725,0.0,0.0,175.98553529346358,5.807918882904528e-14,5.807918882904528e-14
0.00685,8187.587117025185,0.0,0.0,176.4138498895807,5.822035689806564e-14,5.822035689806564e-14
0.006900000000000001,8203.7491950675,0.0,0.0,176.8329243318548,5.835878371761691e-14,5.835878371761691e-14
0.0069500000000000004,8219.643132314377,0.0,0.0,177.24285113089013,5.849400773440749e-14,5.849400773440749e-14
0.007,8235.071798522304,0.0,0.0,177.64247858463344,5.862605552793153e-14,5.862605552793153e-14
0.007050000000000001,8250.058476635339,0.0,0.0,178.03184471030826,5.875435482466402e-14,5.875435482466402e-14
0.0071,8264.728038021742,0.0,0.0,178.4100440215744,5.88795496043807e-14,5.88795496043807e-14
0.00715,8278.950028895964,0.0,0.0,178.77697433688775,5.900039897210316e-14,5.900039897210316e-14
0.007200000000000001,8292.639049013347,0.0,0.0,179.13201225775884,5.911771264839226e-14,5.911771264839226e-14
0.00725,8305.927975413997,0.0,0.0,179.47490266750282,5.92309280129819e-14,5.92309280129819e-14
0.0073,8318.692316334042,0.0,0.0,179.8050940976406,5.933998904623823e-14,5.933998904623823e-14
0.007350000000000001,8330.929480887857,0.0,0.0,180.12230636200815,5.944469699749283e-14,5.944469699749283e-14
0.0074,8342.715173832772,0.0,0.0,180.42600995540457,5.954489467780938e-14,5.954489467780938e-14
0.00745,8353.930687353293,0.0,0.0,180.71584492209536,5.964070887616596e-14,5.964070887616596e-14
0.007500000000000001,8364.556962786133,0.0,0.0,180.99176486969674,5.973162731994558e-14,5.973162731994558e-14
0.00755,8374.668253931623,0.0,0.0,181.25355873958074,5.981831294293639e-14,5.981831294293639e-14
0.0076,8384.175379784032,0.0,0.0,181.5010471854625,5.989983751738229e-14,5.989983751738229e-14
0.0076500000000000005,8393.215069829232,0.0,0.0,181.73345064037818,5.997677330589939e-14,5.997677330589939e-14
0.0077,8401.621615056118,0.0,0.0,181.95082199199126,6.004852895133143e-14,6.004852895133143e-14
0.00775,8409.336218508555,0.0,0.0,182.15272769462666,6.011536238244848e-14,6.011536238244848e-14
0.0078000000000000005,8416.633909013764,0.0,0.0,182.33903782427956,6.017662884443418e-14,6.017662884443418e-14
0.007850000000000001,8423.198352394656,0.0,0.0,182.50946634350697,6.023300144309082e-14,6.023300144309082e-14
0.0079,8428.967429991952,0.0,0.0,182.66427227110984,6.02841300993115e-14,6.02841300993115e-14
0.00795,8434.326248979696,0.0,0.0,182.8034732960255,6.033004340317545e-14,6.033004340317545e-14
0.008,8439.052569126365,0.0,0.0,182.92686922887776,6.037116854610333e-14,6.037116854610333e-14
0.00805,8443.15643079957,0.0,0.0,183.03376420090905,6.040634323012246e-14,6.040634323012246e-14
0.0081,8446.66256448942,0.0,0.0,183.12441054169298,6.043667193146389e-14,6.043667193146389e-14
0.008150000000000001,8449.39589234126,0.0,0.0,183.19867594300223,6.046108337967234e-14,6.046108337967234e-14
0.0082,8451.769185939058,0.0,0.0,183.25598411056086,6.047982099419396e-14,6.047982099419396e-14
0.00825,8453.297711417477,0.0,0.0,183.29689269157188,6.049366183156894e-14,6.049366183156894e-14
0.0083,8453.696300190664,0.0,0.0,183.3222649293933,6.050020831140506e-14,6.050020831140506e-14
0.00835,8453.788111937285,0.0,0.0,183.3389929071046,6.050378986589796e-14,6.050378986589796e-14
0.008400000000000001,8454.28927178282,0.0,0.0,183.35382725184283,6.050909490395707e-14,6.050909490395707e-14
0.008450000000000001,8454.961439439958,0.0,0.0,183.36772144162904,6.051375848919201e-14,6.051375848919201e-14
0.0085,8455.44011302368,0.0,0.0,183.38118784162438,6.051829517851236e-14,6.051829517851236e-14
0.00855,8455.916762910258,0.0,0.0,183.39391058456087,6.052297727316362e-14,6.052297727316362e-14
0.0086,8456.323411099336,0.0,0.0,183.4057627125325,6.052697808768175e-14,6.052697808768175e-14
0.00865,8456.721327745741,0.0,0.0,183.41709958911352,6.053114531202981e-14,6.053114531202981e-14
0.008700000000000001,8457.018560242024,0.0,0.0,183.42741772890446,6.053452166512075e-14,6.053452166512075e-14
0.00875,8457.112154513901,0.0,0.0,183.43654613932574,6.053758400837559e-14,6.053758400837559e-14
0.0088,8457.342546369528,0.0,0.0,183.4447771425288,6.054030647233668e-14,6.054030647233668e-14
0.00885,8457.61186950842,0.0,0.0,183.45235298227587,6.054259005277443e-14,6.054259005277443e-14
0.0089,8457.73783086974,0.0,0.0,183.45945916961526,6.054486743003832e-14,6.054486743003832e-14
0.00895,8457.898880758068,0.0,0.0,183.4660040447454,6.054700911777423e-14,6.054700911777423e-14
0.009000000000000001,8458.052627024003,0.0,0.0,183.47202082870137,6.05489624374382e-14,6.05489624374382e-14
0.00905,8458.143697197447,0.0,0.0,183.47757824782386,6.055063491129879e-14,6.055063491129879e-14
0.0091,8458.191276275185,0.0,0.0,183.4824124821185,6.055216998158099e-14,6.055216998158099e-14
0.00915,8458.193277915321,0.0,0.0,183.48637283353028,6.055325866229047e-14,6.055325866229047e-14
0.0092,8458.228567461068,0.0,0.0,183.48983044194875,6.055431150184934e-14,6.055431150184934e-14
0.009250000000000001,8458.261332373006,0.0,0.0,183.49289976179546,6.055511733353887e-14,6.055511733353887e-14
0.009300000000000001,8458.269409961506,0.0,0.0,183.49563975258883,6.055585160311816e-14,6.055585160311816e-14
0.00935,8458.267464577772,0.0,0.0,183.49794953213433,6.05565350373433e-14,6.05565350373433e-14
0.0094,8458.245741323402,0.0,0.0,183.4998107819369,6.055702086794421e-14,6.055702086794421e-14
0.00945,8458.23459211496,0.0,0.0,183.50123226824385,6.055741476802216e-14,6.055741476802216e-14
0.0095,8458.219488343078,0.0,0.0,183.5022078214797,6.055763187382645e-14,6.055763187382645e-14
0.009550000000000001,8458.215954448435,0.0,0.0,183.50274396297962,6.055775892913959e-14,6.055775892913959e-14
0.009600000000000001,8458.183943272606,0.0,0.0,183.5028998804813,6.055778110444108e-14,6.055778110444108e-14
0.00965,8458.094085809067,0.0,0.0,183.50266041341425,6.055771656640323e-14,6.055771656640323e-14
0.0097,8458.096557167088,0.0,0.0,183.5020477095329,6.055758557913574e-14,6.055758557913574e-14
0.00975,8458.0699305003,0.0,0.0,183.50102793386307,6.055727034954964e-14,6.055727034954964e-14
0.0098,8457.938243946584,0.0,0.0,183.49962025395442,6.055691925240924e-14,6.055691925240924e-14
0.009850000000000001,8457.973861018838,0.0,0.0,183.4978216824578,6.055656564409545e-14,6.055656564409545e-14
0.0099,8458.050473354195,0.0,0.0,183.495755839009,6.055606062287361e-14,6.055606062287361e-14
0.00995,8458.037352933778,0.0,0.0,183.49346933095092,6.055567253042352e-14,6.055567253042352e-14
0.01,8457.999480141656,0.0,0.0,183.49077261191815,6.055505133530755e-14,6.055505133530755e-14
0.01005,8457.874828110342,0.0,0.0,183.48750666569606,6.05544512769404e-14,6.05544512769404e-14
0.010100000000000001,8457.89661922307,0.0,0.0,183.4838753635696,6.055373259620136e-14,6.055373259620136e-14
0.010150000000000001,8457.979362251468,0.0,0.0,183.4798338680427,6.05529492813159e-14,6.05529492813159e-14
0.0102,8457.890827632164,0.0,0.0,183.47544714158911,6.055196768490235e-14,6.055196768490235e-14
0.01025,8458.005128715486,0.0,0.0,183.47078484576645,6.055125023831094e-14,6.055125023831094e-14
0.0103,8458.200818472082,0.0,0.0,183.4658763128022,6.055032939055909e-14,6.055032939055909e-14
0.01035,8458.183314225382,0.0,0.0,183.46076091538893,6.05495344299674e-14,6.05495344299674e-14
0.010400000000000001,8458.25459976523,0.0,0.0,183.45521070978108,6.05487913523235e-14,6.05487913523235e-14
0.010450000000000001,8458.322395183155,0.0,0.0,183.44910736061445,6.054755134124277e-14,6.054755134124277e-14
0.0105,8458.385810672253,0.0,0.0,183.44268268114362,6.054664515336448e-14,6.054664515336448e-14
0.01055,8458.543366800686,0.0,0.0,183.43581044305583,6.054545443899266e-14,6.054545443899266e-14
0.0106,8458.553271466379,0.0,0.0,183.428391604962,6.054432765289045e-14,6.054432765289045e-14
0.01065,8458.773232580004,0.0,0.0,183.4208156721873,6.054313906772528e-14,6.054313906772528e-14
0.010700000000000001,8459.179626203835,0.0,0.0,183.41306892987973,6.054218769744873e-14,6.054218769744873e-14
0.010750000000000001,8459.230435196103,0.0,0.0,183.4050888993971,6.05410360441191e-14,6.05410360441191e-14
0.0108,8459.277196605215,0.0,0.0,183.3964388482132,6.05399794725241e-14,6.05399794725241e-14
0.01085,8459.470702511046,0.0,0.0,183.3870211469341,6.053861504767665e-14,6.053861504767665e-14
0.0109,8459.698519734413,0.0,0.0,183.37728691291832,6.053721038534202e-14,6.053721038534202e-14
0.01095,8460.062515349813,0.0,0.0,183.3674102484801,6.053590557568633e-14,6.053590557568633e-14
0.011000000000000001,8460.264198792765,0.0,0.0,183.3570352671851,6.053436384188587e-14,6.053436384188587e-14
0.01105,8460.564184887282,0.0,0.0,183.3465692689263,6.053342271757623e-14,6.053342271757623e-14
0.0111,8461.099855331273,0.0,0.0,183.33583555678297,6.053194676845175e-14,6.053194676845175e-14
0.01115,8461.255982873412,0.0,0.0,183.3246973363559,6.053063722666333e-14,6.053063722666333e-14
0.0112,8461.46087418428,0.0,0.0,183.31299863331685,6.052945879212433e-14,6.052945879212433e-14
0.011250000000000001,8461.943045876047,0.0,0.0,183.30066850528073,6.052790434062544e-14,6.052790434062544e-14
0.011300000000000001,8462.188344432981,0.0,0.0,183.28793119561624,6.052622615449655e-14,6.052622615449655e-14
0.01135,8462.544775412023,0.0,0.0,183.2748115098928,6.052467467441386e-14,6.052467467441386e-14
0.0114,8462.985942300169,0.0,0.0,183.26110446081856,6.052311837516783e-14,6.052311837516783e-14
0.01145,8463.442350207268,0.0,0.0,183.24735718040296,6.052165602560667e-14,6.052165602560667e-14
0.0115,8464.097506699998,0.0,0.0,183.2336237786575,6.052039712885881e-14,6.052039712885881e-14
0.011550000000000001,8464.373669182256,0.0,0.0,183.21915423294465,6.051845427270505e-14,6.051845427270505e-14
0.011600000000000001,8464.588761262958,0.0,0.0,183.20411516728134,6.051722706742721e-14,6.051722706742721e-14
0.01165,8465.294571508108,0.0,0.0,183.1884323160795,6.051535624499119e-14,6.051535624499119e-14
0.0117,8465.773596408582,0.0,0.0,183.17259441887853,6.051334314606096e-14,6.051334314606096e-14
0.01175,8466.25581374071,0.0,0.0,183.15662285421257,6.051195616107587e-14,6.051195616107587e-14
0.0118,8466.965976859823,0.0,0.0,183.14034075908478,6.05100779532995e-14,6.05100779532995e-14
0.011850000000000001,8467.418624823587,0.0,0.0,183.12369731957347,6.050844819361436e-14,6.050844819361436e-14
0.0119,8468.018733430166,0.0,0.0,183.1069282294357,6.050689481721783e-14,6.050689481721783e-14
0.01195,8468.583414701305,0.0,0.0,183.08934574293974,6.050517604112734e-14,6.050517604112734e-14
0.012,8468.955416717736,0.0,0.0,183.0713523254231,6.050297745797799e-14,6.050297745797799e-14
0.01205,8469.69274360099,0.0,0.0,183.05296585062845,6.050150668624685e-14,6.050150668624685e-14
0.012100000000000001,8470.294286962162,0.0,0.0,183.03409934783414,6.049904470181798e-14,6.049904470181798e-14
0.012150000000000001,8470.726386535835,0.0,0.0,183.01499467838704,6.049724123208649e-14,6.049724123208649e-14
0.0122,8471.595770537446,0.0,0.0,182.9956417433617,6.049539838959894e-14,6.049539838959894e-14
0.01225,8472.34204961025,0.0,0.0,182.97631082084183,6.049348317978386e-14,6.049348317978386e-14
0.0123,8472.947577811394,0.0,0.0,182.95696043069512,6.04917730977278e-14,6.04917730977278e-14
0.01235,8473.550447275464,0.0,0.0,182.93688583552742,6.048946819704913e-14,6.048946819704913e-14
0.012400000000000001,8474.03333856381,0.0,0.0,182.9160971561826,6.048759456057057e-14,6.048759456057057e-14
0.012450000000000001,8474.905508462403,0.0,0.0,182.8953944902152,6.04854141887337e-14,6.04854141887337e-14
0.0125,8475.733719295278,0.0,0.0,182.87443101098364,6.048331952214086e-14,6.048331952214086e-14
0.01255,8476.220587998288,0.0,0.0,182.85343367969796,6.048089574765399e-14,6.048089574765399e-14
0.0126,8477.062603667418,0.0,0.0,182.83208488457828,6.04792996370132e-14,6.04792996370132e-14
0.01265,8477.835666722274,0.0,0.0,182.81049300643915,6.04769043830285e-14,6.04769043830285e-14
0.012700000000000001,8478.38077355966,0.0,0.0,182.78868048402435,6.047498929844908e-14,6.047498929844908e-14
0.012750000000000001,8479.141451626096,0.0,0.0,182.7664325885254,6.047259738736464e-14,6.047259738736464e-14
0.0128,8479.803313784172,0.0,0.0,182.7437122068607,6.047018031731229e-14,6.047018031731229e-14
0.01285,8480.584863014588,0.0,0.0,182.72120871957486,6.046813662225454e-14,6.046813662225454e-14
0.0129,8481.405951171584,0.0,0.0,182.69837166696206,6.04654935347688e-14,6.04654935347688e-14
0.012950000000000001,8481.975581125327,0.0,0.0,182.6754227373444,6.046342954182583e-14,6.046342954182583e-14
0.013000000000000001,8482.938012072853,0.0,0.0,182.65269966626752,6.046116292203471e-14,6.046116292203471e-14
0.01305,8483.854725296886,0.0,0.0,182.62997613787823,6.045886326759185e-14,6.045886326759185e-14
0.0131,8484.310644438567,0.0,0.0,182.60712098072327,6.045664364620907e-14,6.045664364620907e-14
0.01315,8485.069956749954,0.0,0.0,182.58379195077072,6.04545406754838e-14,6.04545406754838e-14
0.0132,8485.826322618874,0.0,0.0,182.56006984626083,6.045147855794455e-14,6.045147855794455e-14
0.013250000000000001,8486.538981652662,0.0,0.0,182.53659408999889,6.044933478544214e-14,6.044933478544214e-14
0.013300000000000001,8487.475214044614,0.0,0.0,182.51327514468716,6.044713274403251e-14,6.044713274403251e-14
0.01335,8488.077956136058,0.0,0.0,182.4896630838248,6.04443672073988e-14,6.04443672073988e-14
0.0134,8488.751009861542,0.0,0.0,182.46624036232302,6.044232057297923e-14,6.044232057297923e-14
0.01345,8489.674475806592,0.0,0.0,182.4425436829151,6.043970345634536e-14,6.043970345634536e-14
0.0135,8490.220047384279,0.0,0.0,182.41893018736351,6.04372654957076e-14,6.04372654957076e-14
0.013550000000000001,8490.946431424254,0.0,0.0,182.39528656303426,6.043497180729787e-14,6.043497180729787e-14
0.013600000000000001,8491.817780294034,0.0,0.0,182.37167499643573,6.043230032384362e-14,6.043230032384362e-14
0.01365,8492.41580961922,0.0,0.0,182.34820318498646,6.042965453200961e-14,6.042965453200961e-14
0.0137,8493.21530105777,0.0,0.0,182.3250247437638,6.042739628095986e-14,6.042739628095986e-14
0.01375,8493.957358418222,0.0,0.0,182.30169870037432,6.042493639388311e-14,6.042493639388311e-14
0.013800000000000002,8494.629196003323,0.0,0.0,182.27887412502855,6.042256278500032e-14,6.042256278500032e-14
0.013850000000000001,8495.464328661259,0.0,0.0,182.25614102688468,6.042030973251782e-14,6.042030973251782e-14
0.013900000000000001,8495.953089320405,0.0,0.0,182.23317020113174,6.04173341287123e-14,6.04173341287123e-14
0.01395,8496.480496815615,0.0,0.0,182.21018974532728,6.041529491459624e-14,6.041529491459624e-14
0.014,8497.36133996314,0.0,0.0,182.18725522664698,6.041265651755996e-14,6.041265651755996e-14
0.01405,8497.971419787707,0.0,0.0,182.16477759782057,6.041003541185305e-14,6.041003541185305e-14
0.014100000000000001,8498.603248468691,0.0,0.0,182.14262349012748,6.040760421919483e-14,6.040760421919483e-14
0.014150000000000001,8499.29328434651,0.0,0.0,182.12054047492,6.040528810542358e-14,6.040528810542358e-14
0.0142,8499.834293977661,0.0,0.0,182.09864185253213,6.040298815818229e-14,6.040298815818229e-14
0.01425,8500.525002257975,0.0,0.0,182.07717614356133,6.040041889099521e-14,6.040041889099521e-14
0.0143,8501.09995094986,0.0,0.0,182.05563733705793,6.039802222201437e-14,6.039802222201437e-14
0.01435,8501.641767171694,0.0,0.0,182.0346721869805,6.0395555146401e-14,6.0395555146401e-14
0.014400000000000001,8502.37327011837,0.0,0.0,182.01390509289396,6.039337095984205e-14,6.039337095984205e-14
0.014450000000000001,8502.833875681446,0.0,0.0,181.99342119196925,6.039064106213491e-14,6.039064106213491e-14
0.0145,8503.342268890778,0.0,0.0,181.97323333305016,6.038877879214078e-14,6.038877879214078e-14
0.01455,8504.053798789704,0.0,0.0,181.95340191126698,6.03861146174113e-14,6.03861146174113e-14
0.0146,8504.478864965437,0.0,0.0,181.93387838420526,6.038401936374435e-14,6.038401936374435e-14
0.014650000000000002,8504.961651580581,0.0,0.0,181.91473923013746,6.038189349483463e-14,6.038189349483463e-14
0.014700000000000001,8505.44483028469,0.0,0.0,181.89549531223196,6.037934103566116e-14,6.037934103566116e-14
0.014750000000000001,8505.815324550718,0.0,0.0,181.87662005785364,6.037709922361025e-14,6.037709922361025e-14
0.0148,8506.452984649073,0.0,0.0,181.85835459718032,6.037496541221378e-14,6.037496541221378e-14
0.01485,8506.941678946656,0.0,0.0,181.84046972598995,6.037273938224897e-14,6.037273938224897e-14
0.0149,8507.25292716321,0.0,0.0,181.8231332436118,6.037055727968462e-14,6.037055727968462e-14
0.014950000000000001,8507.801578925753,0.0,0.0,181.80606148937915,6.036868536833357e-14,6.036868536833357e-14
0.015000000000000001,8508.178623194412,0.0,0.0,181.78936758950985,6.03662539524743e-14,6.03662539524743e-14
0.015050000000000001,8508.524922338456,0.0,0.0,181.7731524535152,6.036461465707322e-14,6.036461465707322e-14
0.0151,8508.999670659865,0.0,0.0,181.75729973512847,6.036230658132875e-14,6.036230658132875e-14
0.01515,8509.282097712434,0.0,0.0,181.74173572396367,6.03602901335441e-14,6.03602901335441e-14
0.0152,8509.664914615152,0.0,0.0,181.72683576842365,6.035854316167348e-14,6.035854316167348e-14
0.015250000000000001,8510.050969428406,0.0,0.0,181.71209102255955,6.03564742172659e-14,6.03564742172659e-14
0.015300000000000001,8510.23772145814,0.0,0.0,181.69784922172312,6.035457302853196e-14,6.035457302853196e-14
0.01535,8510.644535533227,0.0,0.0,181.68404428966548,6.03529397125867e-14,6.03529397125867e-14
0.0154,8510.98346166248,0.0,0.0,181.6707069685421,6.035102775694318e-14,6.035102775694318e-14
0.01545,8511.108952601553,0.0,0.0,181.65772699293254,6.034914174081842e-14,6.034914174081842e-14
0.0155,8511.414498142467,0.0,0.0,181.64510195935898,6.034759402998618e-14,6.034759402998618e-14
0.015550000000000001,8511.694964098166,0.0,0.0,181.63284951453136,6.034568438985016e-14,6.034568438985016e-14
0.015600000000000001,8511.946004869676,0.0,0.0,181.62138936334847,6.034413878171367e-14,6.034413878171367e-14
0.01565,8512.227772175458,0.0,0.0,181.61035236135976,6.034259186015951e-14,6.034259186015951e-14
0.015700000000000002,8512.35730995425,0.0,0.0,181.5996684503313,6.034101027953682e-14,6.034101027953682e-14
0.01575,8512.557140152674,0.0,0.0,181.58947011936579,6.033957992159711e-14,6.033957992159711e-14
0.0158,8512.78745253708,0.0,0.0,181.57956819914858,6.033800125074071e-14,6.033800125074071e-14
0.01585,8512.878070832783,0.0,0.0,181.5701748720945,6.033668935366792e-14,6.033668935366792e-14
0.0159,8513.076913344297,0.0,0.0,181.5611807948281,6.033528278177562e-14,6.033528278177562e-14
0.015950000000000002,8513.221957056989,0.0,0.0,181.55257913999256,6.033384180163504e-14,6.033384180163504e-14
0.016,8513.290303295364,0.0,0.0,181.54437102352665,6.033258039721512e-14,6.033258039721512e-14
0.016050000000000002,8513.463092053305,0.0,0.0,181.53664441728162,6.033140203772711e-14,6.033140203772711e-14
0.0161,8513.554131086237,0.0,0.0,181.5292099360172,6.033014418070425e-14,6.033014418070425e-14
0.01615,8513.641514340636,0.0,0.0,181.5224031245872,6.032900128100345e-14,6.032900128100345e-14
0.0162,8513.770287660835,0.0,0.0,181.51585600715703,6.032788316916018e-14,6.032788316916018e-14
0.01625,8513.777962072989,0.0,0.0,181.50971029410692,6.032671722595642e-14,6.032671722595642e-14
0.016300000000000002,8513.858041354899,0.0,0.0,181.50394777975427,6.032588111503769e-14,6.032588111503769e-14
0.01635,8513.974371558346,0.0,0.0,181.49860815403173,6.032468707127604e-14,6.032468707127604e-14
0.0164,8513.980277532773,0.0,0.0,181.49369644224032,6.032388584041799e-14,6.032388584041799e-14
0.01645,8514.046368178877,0.0,0.0,181.48919261735801,6.032298294658405e-14,6.032298294658405e-14
0.0165,8514.062103639611,0.0,0.0,181.48488871828036,6.032212145214029e-14,6.032212145214029e-14
0.016550000000000002,8514.04380476224,0.0,0.0,181.4809384340662,6.032136980263295e-14,6.032136980263295e-14
0.0166,8514.108121955462,0.0,0.0,181.47732711112204,6.032058439169613e-14,6.032058439169613e-14
0.01665,8514.093690198159,0.0,0.0,181.4739606642953,6.031973034736057e-14,6.031973034736057e-14
0.0167,8514.074851184005,0.0,0.0,181.4709949185713,6.031915622027149e-14,6.031915622027149e-14
0.01675,8514.12054520716,0.0,0.0,181.46826061936386,6.031856431064566e-14,6.031856431064566e-14
0.016800000000000002,8514.076288123517,0.0,0.0,181.465834538554,6.031776315894697e-14,6.031776315894697e-14
0.01685,8514.062834318709,0.0,0.0,181.46367962612814,6.031736673877808e-14,6.031736673877808e-14
0.016900000000000002,8514.088858987998,0.0,0.0,181.46181561939918,6.031675982479417e-14,6.031675982479417e-14
0.01695,8514.04586334058,0.0,0.0,181.46019261543995,6.031632630604108e-14,6.031632630604108e-14
0.017,8514.026063552494,0.0,0.0,181.45884208201068,6.031584864192283e-14,6.031584864192283e-14
0.01705,8514.005804073726,0.0,0.0,181.4575871883655,6.031541815278346e-14,6.031541815278346e-14
0.0171,8513.970351677452,0.0,0.0,181.45661208269365,6.031501220834174e-14,6.031501220834174e-14
0.017150000000000002,8513.969718464812,0.0,0.0,181.45582801096074,6.031472898830967e-14,6.031472898830967e-14
0.0172,8513.936060717573,0.0,0.0,181.45521164876538,6.031436985754052e-14,6.031436985754052e-14
0.01725,8513.894428385975,0.0,0.0,181.45473262501375,6.031408557129548e-14,6.031408557129548e-14
0.0173,8513.88262399209,0.0,0.0,181.45437153824864,6.031383824270193e-14,6.031383824270193e-14
0.01735,8513.85091085765,0.0,0.0,181.4541184293917,6.031356501637144e-14,6.031356501637144e-14
0.017400000000000002,8513.829046591534,0.0,0.0,181.4540065671583,6.0313414051607e-14,6.0313414051607e-14
0.01745,8513.816901278733,0.0,0.0,181.45397433192028,6.031319070677373e-14,6.031319070677373e-14
0.0175,8513.795997475774,0.0,0.0,181.45402779153997,6.031303825004907e-14,6.031303825004907e-14
0.01755,8513.785968742694,0.0,0.0,181.4541606713521,6.031291157699914e-14,6.031291157699914e-14
0.0176,8513.778858712694,0.0,0.0,181.4543131794267,6.031281378209559e-14,6.031281378209559e-14
0.017650000000000002,8513.774760482242,0.0,0.0,181.45451784618336,6.03127193570901e-14,6.03127193570901e-14
0.0177,8513.776340646507,0.0,0.0,181.45472807025686,6.031264691132346e-14,6.031264691132346e-14
0.017750000000000002,8513.785296695287,0.0,0.0,181.45493430266808,6.031259085492649e-14,6.031259085492649e-14
0.0178,8513.802340160904,0.0,0.0,181.45511249222926,6.031255956535384e-14,6.031255956535384e-14
0.01785,8513.819909457989,0.0,0.0,181.45525286059427,6.031253101633084e-14,6.031253101633084e-14
0.0179,8513.852192628676,0.0,0.0,181.45533720744328,6.031251768526079e-14,6.031251768526079e-14
0.01795,8513.884042201205,0.0,0.0,181.45535572458863,6.031251722624926e-14,6.031251722624926e-14
0.018000000000000002,8513.925759543661,0.0,0.0,181.45528883593832,6.031252796137475e-14,6.031252796137475e-14
0.01805,8513.99849814724,0.0,0.0,181.45512176533174,6.031254251184487e-14,6.031254251184487e-14
0.0181,8514.050097747036,0.0,0.0,181.4548403457125,6.031255675045311e-14,6.031255675045311e-14
0.01815,8514.113498066246,0.0,0.0,181.45442629182918,6.031260664801465e-14,6.031260664801465e-14
0.0182,8514.214314877621,0.0,0.0,181.45385529916936,6.031261898475148e-14,6.031261898475148e-14
0.018250000000000002,8514.287337077623,0.0,0.0,181.45311633713723,6.031264565171655e-14,6.031264565171655e-14
0.0183,8514.39728991807,0.0,0.0,181.45220707854304,6.031268960029811e-14,6.031268960029811e-14
0.01835,8514.526804488889,0.0,0.0,181.45109321325688,6.031271139061832e-14,6.031271139061832e-14
0.0184,8514.630537515788,0.0,0.0,181.4497708371099,6.031272226848005e-14,6.031272226848005e-14
0.01845,8514.785597626622,0.0,0.0,181.44824441794063,6.031276557322312e-14,6.031276557322312e-14
0.018500000000000003,8514.941288739616,0.0,0.0,181.4464426155412,6.031274492675788e-14,6.031274492675788e-14
0.01855,8515.091231716946,0.0,0.0,181.44444773598616,6.031277337269862e-14,6.031277337269862e-14
0.018600000000000002,8515.308923102779,0.0,0.0,181.44217778002005,6.031279693951596e-14,6.031279693951596e-14
0.01865,8515.481237080046,0.0,0.0,181.43964811296885,6.031270598764662e-14,6.031270598764662e-14
0.0187,8515.664825727992,0.0,0.0,181.43680757279228,6.03127605784261e-14,6.03127605784261e-14
0.01875,8515.920936708033,0.0,0.0,181.43367698962086,6.031266779468496e-14,6.031266779468496e-14
0.0188,8516.129986885311,0.0,0.0,181.4302011132439,6.031261007236698e-14,6.031261007236698e-14
0.018850000000000002,8516.38292092078,0.0,0.0,181.42647378968246,6.031252685064203e-14,6.031252685064203e-14
0.0189,8516.668177812293,0.0,0.0,181.4223456195313,6.031247285983319e-14,6.031247285983319e-14
0.01895,8516.903783368936,0.0,0.0,181.4179011062575,6.03122803743926e-14,6.03122803743926e-14
0.019,8517.207218572026,0.0,0.0,181.4130754088593,6.031221124820279e-14,6.031221124820279e-14
0.01905,8517.526306303987,0.0,0.0,181.4078658573108,6.031199391823405e-14,6.031199391823405e-14
0.019100000000000002,8517.826067145632,0.0,0.0,181.40233039314745,6.031180657270517e-14,6.031180657270517e-14
0.01915,8518.20167122116,0.0,0.0,181.39642656490443,6.03116217890108e-14,6.03116217890108e-14
0.019200000000000002,8518.534802253796,0.0,0.0,181.3901226739523,6.031133500077262e-14,6.031133500077262e-14
0.01925,8518.890678329255,0.0,0.0,181.38344284167803,6.031112173370538e-14,6.031112173370538e-14
0.0193,8519.311191153909,0.0,0.0,181.37636961322755,6.031073072784124e-14,6.031073072784124e-14
0.019350000000000003,8519.689782234858,0.0,0.0,181.36887500556045,6.031050449880198e-14,6.031050449880198e-14
0.0194,8520.122369487777,0.0,0.0,181.36107592518132,6.031011404476277e-14,6.031011404476277e-14
0.019450000000000002,8520.553645462245,0.0,0.0,181.3527272446227,6.030970523035063e-14,6.030970523035063e-14
0.0195,8520.933431971946,0.0,0.0,181.34398951579502,6.030922270818373e-14,6.030922270818373e-14
0.01955,8521.443288077047,0.0,0.0,181.33477899931378,6.03088649316274e-14,6.03088649316274e-14
0.0196,8521.92947525758,0.0,0.0,181.32519505345607,6.030825623564937e-14,6.030825623564937e-14
0.01965,8522.369309339454,0.0,0.0,181.31516503446622,6.030778549181885e-14,6.030778549181885e-14
0.019700000000000002,8522.91289311431,0.0,0.0,181.30473455925755,6.030717132680784e-14,6.030717132680784e-14
0.01975,8523.404011899189,0.0,0.0,181.2937605352555,6.030651092939046e-14,6.030651092939046e-14
0.0198,8523.928425273367,0.0,0.0,181.28248949754112,6.030597422321564e-14,6.030597422321564e-14
0.01985,8524.527471139518,0.0,0.0,181.27071683034006,6.030518913695023e-14,6.030518913695023e-14
0.0199,8525.042561486738,0.0,0.0,181.25856254267862,6.030443270636079e-14,6.030443270636079e-14
0.019950000000000002,8525.638263366278,0.0,0.0,181.24602398341145,6.030373370618996e-14,6.030373370618996e-14
0.02,8526.257426101485,0.0,0.0,181.23300414634807,6.030285942701345e-14,6.030285942701345e-14
0.020050000000000002,8526.77929402589,0.0,0.0,181.21956158425868,6.030202145105965e-14,6.030202145105965e-14
0.0201,8527.449783508273,0.0,0.0,181.2057125185121,6.030120474682852e-14,6.030120474682852e-14
0.02015,8528.090826737165,0.0,0.0,181.19143667027922,6.030010009502533e-14,6.030010009502533e-14
0.020200000000000003,8528.65560269136,0.0,0.0,181.17673136268124,6.02991968189175e-14,6.02991968189175e-14
0.02025,8529.344781411155,0.0,0.0,181.16162745343394,6.029826934245952e-14,6.029826934245952e-14
0.020300000000000002,8529.982049481896,0.0,0.0,181.1459641628485,6.029702181338527e-14,6.029702181338527e-14
0.02035,8530.623964817665,0.0,0.0,181.13008009746162,6.029593848304561e-14,6.029593848304561e-14
0.0204,8531.382127278466,0.0,0.0,181.1137138450242,6.029484699956665e-14,6.029484699956665e-14
0.02045,8532.02757028086,0.0,0.0,181.0970724728848,6.02935603398667e-14,6.02935603398667e-14
0.0205,8532.708525488959,0.0,0.0,181.0799874249843,6.02924222161538e-14,6.02924222161538e-14
0.020550000000000002,8533.463764519567,0.0,0.0,181.06256156394878,6.029102613076839e-14,6.029102613076839e-14
0.0206,8534.142548046566,0.0,0.0,181.04473404754108,6.02897311274703e-14,6.02897311274703e-14
0.02065,8534.905268810819,0.0,0.0,181.0267116921549,6.028836935610648e-14,6.028836935610648e-14
0.0207,8535.641282735622,0.0,0.0,181.00820577279077,6.028701760492537e-14,6.028701760492537e-14
0.02075,8536.331668565048,0.0,0.0,180.98945463284215,6.028546280079497e-14,6.028546280079497e-14
0.020800000000000003,8537.11729011784,0.0,0.0,180.9703176768874,6.028404998885491e-14,6.028404998885491e-14
0.02085,8537.848680960771,0.0,0.0,180.9508293897733,6.028241873486255e-14,6.028241873486255e-14
0.020900000000000002,8538.582278099168,0.0,0.0,180.9311200579746,6.028097488087956e-14,6.028097488087956e-14
0.02095,8539.402290973012,0.0,0.0,180.91107191463638,6.027930373941417e-14,6.027930373941417e-14
0.021,8540.107647810803,0.0,0.0,180.89076411437256,6.027756652681649e-14,6.027756652681649e-14
0.021050000000000003,8540.875739050372,0.0,0.0,180.8701634079338,6.027596698060833e-14,6.027596698060833e-14
0.0211,8541.691159600156,0.0,0.0,180.84934299001046,6.027415557095339e-14,6.027415557095339e-14
0.021150000000000002,8542.436331463015,0.0,0.0,180.82827873008992,6.02725130328381e-14,6.02725130328381e-14
0.0212,8543.255090099628,0.0,0.0,180.80717181870097,6.027057923448111e-14,6.027057923448111e-14
0.02125,8544.029431735024,0.0,0.0,180.78566834761597,6.026882016452395e-14,6.026882016452395e-14
0.0213,8544.765179901366,0.0,0.0,180.76413401428889,6.026694318862784e-14,6.026694318862784e-14
0.02135,8545.605278969533,0.0,0.0,180.74229484154924,6.026515523710467e-14,6.026515523710467e-14
0.021400000000000002,8546.352777480386,0.0,0.0,180.72035810357642,6.026301237512425e-14,6.026301237512425e-14
0.02145,8547.119386333497,0.0,0.0,180.69825773888903,6.02612967488111e-14,6.02612967488111e-14
0.021500000000000002,8547.960734138442,0.0,0.0,180.67607944007392,6.025916256910308e-14,6.025916256910308e-14
0.02155,8548.65196874041,0.0,0.0,180.65364023707647,6.025715830816687e-14,6.025715830816687e-14
0.0216,8549.43176250186,0.0,0.0,180.6312013488451,6.025524216209921e-14,6.025524216209921e-14
0.021650000000000003,8550.266234421942,0.0,0.0,180.6085896745587,6.025303332753779e-14,6.025303332753779e-14
0.0217,8550.974100054764,0.0,0.0,180.58600594104573,6.025096881741187e-14,6.025096881741187e-14
0.021750000000000002,8551.765168068845,0.0,0.0,180.56340464571193,6.024895469217081e-14,6.024895469217081e-14
0.0218,8552.538369274474,0.0,0.0,180.54066063029254,6.024676048058353e-14,6.024676048058353e-14
0.02185,8553.231291737631,0.0,0.0,180.51798675002956,6.024454665356541e-14,6.024454665356541e-14
0.0219,8554.05589071919,0.0,0.0,180.49530177284552,6.024256066869569e-14,6.024256066869569e-14
0.02195,8554.794135379456,0.0,0.0,180.47269179396415,6.024020975232214e-14,6.024020975232214e-14
0.022000000000000002,8555.485637755228,0.0,0.0,180.4500920501631,6.023817118111729e-14,6.023817118111729e-14
0.02205,8556.256655584762,0.0,0.0,180.427564226677,6.023591226361723e-14,6.023591226361723e-14
0.0221,8556.93741492055,0.0,0.0,180.40493960074886,6.023367137807453e-14,6.023367137807453e-14
0.02215,8557.648766062091,0.0,0.0,180.38258845876308,6.023151121697373e-14,6.023151121697373e-14
0.0222,8558.395086107368,0.0,0.0,180.3601563404963,6.022927128902366e-14,6.022927128902366e-14
0.022250000000000002,8559.028769422186,0.0,0.0,180.33796049602617,6.022694119770327e-14,6.022694119770327e-14
0.0223,8559.733432822171,0.0,0.0,180.3158010490214,6.02248152199937e-14,6.02248152199937e-14
0.022350000000000002,8560.430261429121,0.0,0.0,180.29383216787676,6.02225010105023e-14,6.02225010105023e-14
0.0224,8561.04124283464,0.0,0.0,180.27197095994237,6.022025148361834e-14,6.022025148361834e-14
0.02245,8561.743056063384,0.0,0.0,180.25038844181452,6.021802680375983e-14,6.021802680375983e-14
0.022500000000000003,8562.389380697712,0.0,0.0,180.22892057706395,6.021578021696882e-14,6.021578021696882e-14
0.02255,8562.994099507301,0.0,0.0,180.20777132736606,6.021353312420049e-14,6.021353312420049e-14
0.022600000000000002,8563.633764415652,0.0,0.0,180.18675515211288,6.021133948362496e-14,6.021133948362496e-14
0.02265,8564.21895580405,0.0,0.0,180.16594377965188,6.02090690701349e-14,6.02090690701349e-14
0.0227,8564.82766059169,0.0,0.0,180.14549066529784,6.020689439433635e-14,6.020689439433635e-14
0.02275,8565.434973361313,0.0,0.0,180.12520773650428,6.020464830825273e-14,6.020464830825273e-14
0.0228,8565.94401512793,0.0,0.0,180.10524876734928,6.020251082460666e-14,6.020251082460666e-14
0.022850000000000002,8566.52304515531,0.0,0.0,180.0854853178381,6.020033253009428e-14,6.020033253009428e-14
0.0229,8567.061634455595,0.0,0.0,180.06604141200916,6.019802239298367e-14,6.019802239298367e-14
0.02295,8567.555876196455,0.0,0.0,180.04685432363215,6.019602481227557e-14,6.019602481227557e-14
0.023,8568.120997787377,0.0,0.0,180.02813175883122,6.019382922700426e-14,6.019382922700426e-14
0.02305,8568.5931022273,0.0,0.0,180.00957519327528,6.019170128224316e-14,6.019170128224316e-14
0.023100000000000002,8569.046743373974,0.0,0.0,179.99151770546572,6.018958346570051e-14,6.018958346570051e-14
0.02315,8569.567891181114,0.0,0.0,179.97367149700645,6.018759345757983e-14,6.018759345757983e-14
0.023200000000000002,8569.996113611167,0.0,0.0,179.95630283937177,6.018541543654996e-14,6.018541543654996e-14
0.02325,8570.437430867514,0.0,0.0,179.93928635450771,6.018359513587392e-14,6.018359513587392e-14
0.0233,8570.895055356883,0.0,0.0,179.92266682729584,6.018141608346413e-14,6.018141608346413e-14
0.023350000000000003,8571.250204378117,0.0,0.0,179.9063628963817,6.01795044006593e-14,6.01795044006593e-14
0.0234,8571.669193610605,0.0,0.0,179.89051214272254,6.017762230911391e-14,6.017762230911391e-14
0.023450000000000002,8572.0607654437,0.0,0.0,179.87498309689406,6.01756510127427e-14,6.01756510127427e-14
0.0235,8572.387251332399,0.0,0.0,179.859902858949,6.017378804135018e-14,6.017378804135018e-14
0.02355,8572.769594019173,0.0,0.0,179.84525351212397,6.017194245959835e-14,6.017194245959835e-14
0.0236,8573.089015587682,0.0,0.0,179.83091865607372,6.017008902865181e-14,6.017008902865181e-14
0.02365,8573.373390316143,0.0,0.0,179.81708614852894,6.01683276309408e-14,6.01683276309408e-14
0.023700000000000002,8573.727502372683,0.0,0.0,179.80360478053333,6.01666694291184e-14,6.01666694291184e-14
0.02375,8573.997130846694,0.0,0.0,179.79063223254317,6.016475337695106e-14,6.016475337695106e-14
0.0238,8574.26233364045,0.0,0.0,179.77805682783273,6.016325526276023e-14,6.016325526276023e-14
0.02385,8574.55516570776,0.0,0.0,179.76596904364015,6.01615639058501e-14,6.01615639058501e-14
0.0239,8574.770933438125,0.0,0.0,179.75421954569495,6.015998918901168e-14,6.015998918901168e-14
0.023950000000000003,8575.007884967381,0.0,0.0,179.7430206490361,6.015839099093225e-14,6.015839099093225e-14
0.024,8575.24686952983,0.0,0.0,179.73213129685794,6.015692075488555e-14,6.015692075488555e-14
0.024050000000000002,8575.430711945959,0.0,0.0,179.72179817796894,6.015540185093821e-14,6.015540185093821e-14
0.0241,8575.629012309286,0.0,0.0,179.7118047826797,6.015402295795181e-14,6.015402295795181e-14
0.02415,8575.796047498245,0.0,0.0,179.70224335920864,6.01525798111606e-14,6.01525798111606e-14
0.024200000000000003,8575.949396390346,0.0,0.0,179.6930858039709,6.015122427498277e-14,6.015122427498277e-14
0.02425,8576.129455822938,0.0,0.0,179.6843956239216,6.014991723902343e-14,6.014991723902343e-14
0.024300000000000002,8576.24816185443,0.0,0.0,179.67608951914855,6.014864782160845e-14,6.014864782160845e-14
0.02435,8576.373722399117,0.0,0.0,179.66823405850636,6.0147453307151e-14,6.0147453307151e-14
0.0244,8576.50395102388,0.0,0.0,179.66075936013038,6.014620015099486e-14,6.014620015099486e-14
0.02445,8576.5918908511,0.0,0.0,179.65368685080728,6.014508983079426e-14,6.014508983079426e-14
0.0245,8576.699294945782,0.0,0.0,179.64707896227898,6.014401057242671e-14,6.014401057242671e-14
0.024550000000000002,8576.79179773192,0.0,0.0,179.64080124119792,6.01429414360445e-14,6.01429414360445e-14
0.0246,8576.844867528207,0.0,0.0,179.63498156351238,6.014191990338999e-14,6.014191990338999e-14
0.024650000000000002,8576.925388150095,0.0,0.0,179.6294740942105,6.014096948105867e-14,6.014096948105867e-14
0.0247,8576.971884601486,0.0,0.0,179.62436924464606,6.014000235781107e-14,6.014000235781107e-14
0.02475,8577.009149625908,0.0,0.0,179.619585189222,6.013918414440631e-14,6.013918414440631e-14
0.024800000000000003,8577.064717274188,0.0,0.0,179.61520857746285,6.013827996234705e-14,6.013827996234705e-14
0.02485,8577.077646882319,0.0,0.0,179.61109257837217,6.01374848613757e-14,6.01374848613757e-14
0.024900000000000002,8577.099462318447,0.0,0.0,179.60738990370095,6.013674114488217e-14,6.013674114488217e-14
0.02495,8577.125725955562,0.0,0.0,179.60392458868884,6.013601231274013e-14,6.013601231274013e-14
0.025,8577.118248274146,0.0,0.0,179.60082130699067,6.013529384720577e-14,6.013529384720577e-14
0.025050000000000003,8577.133709013782,0.0,0.0,179.59800799010304,6.013472114824977e-14,6.013472114824977e-14
0.0251,8577.1137160867,0.0,0.0,179.59557023153377,6.01338014952167e-14,6.01338014952167e-14
0.025150000000000002,8577.026834714385,0.0,0.0,179.59346310272625,6.013310621519975e-14,6.013310621519975e-14
0.0252,8576.987652676275,0.0,0.0,179.591581029063,6.013252143160653e-14,6.013252143160653e-14
0.02525,8576.955125242988,0.0,0.0,179.5898938472585,6.013186458647062e-14,6.013186458647062e-14
0.0253,8576.91566947871,0.0,0.0,179.58845463049025,6.013138907644188e-14,6.013138907644188e-14
0.02535,8576.900318246919,0.0,0.0,179.58721916400532,6.013093684013434e-14,6.013093684013434e-14
0.025400000000000002,8576.878454354373,0.0,0.0,179.58614231115067,6.013056143514798e-14,6.013056143514798e-14
0.02545,8576.875713618465,0.0,0.0,179.58532823740086,6.013026072513044e-14,6.013026072513044e-14
0.025500000000000002,8576.88570705594,0.0,0.0,179.58466771669725,6.013007387911917e-14,6.013007387911917e-14
0.02555,8576.86965261293,0.0,0.0,179.58418086478176,6.012987168600395e-14,6.012987168600395e-14
0.0256,8576.86805145387,0.0,0.0,179.5837776800971,6.012977668920377e-14,6.012977668920377e-14
0.025650000000000003,8576.872435504125,0.0,0.0,179.58348070848007,6.012963543438794e-14,6.012963543438794e-14
0.0257,8576.866709717247,0.0,0.0,179.583247371594,6.012955787188973e-14,6.012955787188973e-14
0.025750000000000002,8576.871838422927,0.0,0.0,179.58311522314554,6.012950538339902e-14,6.012950538339902e-14
0.0258,8576.87816114713,0.0,0.0,179.58303177499167,6.012947205836383e-14,6.012947205836383e-14
0.02585,8576.883902518759,0.0,0.0,179.58306302116165,6.012947462269528e-14,6.012947462269528e-14
0.025900000000000003,8576.889102086612,0.0,0.0,179.58313106439147,6.012949882815346e-14,6.012949882815346e-14
0.02595,8576.889243012307,0.0,0.0,179.58321986703433,6.01295240911508e-14,6.01295240911508e-14
0.026000000000000002,8576.889334675507,0.0,0.0,179.58330529190906,6.012955626300653e-14,6.012955626300653e-14
0.02605,8576.886830992238,0.0,0.0,179.58338982980408,6.012957908417354e-14,6.012957908417354e-14
0.0261,8576.884624191913,0.0,0.0,179.58347289152707,6.012960198957094e-14,6.012960198957094e-14
0.02615,8576.877607341292,0.0,0.0,179.58354860111154,6.012962482013207e-14,6.012962482013207e-14
0.0262,8576.866579193607,0.0,0.0,179.5836057666678,6.012964159281688e-14,6.012964159281688e-14
0.026250000000000002,8576.853831901899,0.0,0.0,179.58363890616775,6.012965039853271e-14,6.012965039853271e-14
0.0263,8576.83237061768,0.0,0.0,179.58363662414845,6.012964675079828e-14,6.012964675079828e-14
0.026350000000000002,8576.819031214289,0.0,0.0,179.58359432342306,6.012962808142498e-14,6.012962808142498e-14
0.0264,8576.800829322961,0.0,0.0,179.58350046525132,6.012958697770719e-14,6.012958697770719e-14
0.02645,8576.763003531423,0.0,0.0,179.58336139379688,6.0129538141399e-14,6.0129538141399e-14
0.026500000000000003,8576.745761519522,0.0,0.0,179.58316158815188,6.01294834392437e-14,6.01294834392437e-14
0.02655,8576.712694175503,0.0,0.0,179.58290749163487,6.012936785980712e-14,6.012936785980712e-14
0.026600000000000002,8576.648664964123,0.0,0.0,179.58256807178674,6.012926136902115e-14,6.012926136902115e-14
0.02665,8576.610790502456,0.0,0.0,179.582155471967,6.012910437347737e-14,6.012910437347737e-14
0.0267,8576.566277843183,0.0,0.0,179.5816495891793,6.012892984440945e-14,6.012892984440945e-14
0.026750000000000003,8576.519870999593,0.0,0.0,179.58111550933998,6.01287340577478e-14,6.01287340577478e-14
0.0268,8576.479013935086,0.0,0.0,179.580498913079,6.012852543871844e-14,6.012852543871844e-14
0.026850000000000002,8576.401472787285,0.0,0.0,179.5798092673052,6.012824768448431e-14,6.012824768448431e-14
0.0269,8576.337689248581,0.0,0.0,179.57903985256772,6.012802093103557e-14,6.012802093103557e-14
0.02695,8576.28237761971,0.0,0.0,179.57817485656153,6.012769980556999e-14,6.012769980556999e-14
0.027,8576.173894035053,0.0,0.0,179.57721490493344,6.012734809045827e-14,6.012734809045827e-14
0.02705,8576.09924372303,0.0,0.0,179.57615177747857,6.012699063100324e-14,6.012699063100324e-14
0.027100000000000003,8576.02768095133,0.0,0.0,179.57500239055597,6.012654209990226e-14,6.012654209990226e-14
0.02715,8575.925223397795,0.0,0.0,179.57377428903865,6.012615023358487e-14,6.012615023358487e-14
0.027200000000000002,8575.850518230569,0.0,0.0,179.5725026592755,6.012569572875968e-14,6.012569572875968e-14
0.02725,8575.755950106251,0.0,0.0,179.57110766351786,6.012521105653167e-14,6.012521105653167e-14
0.0273,8575.647169280905,0.0,0.0,179.56970153437132,6.012467212867815e-14,6.012467212867815e-14
0.027350000000000003,8575.560038252188,0.0,0.0,179.56815641523477,6.012420897099995e-14,6.012420897099995e-14
0.0274,8575.422313900632,0.0,0.0,179.56654439161395,6.012355568203133e-14,6.012355568203133e-14
0.027450000000000002,8575.302957247419,0.0,0.0,179.56480494326357,6.012298801472435e-14,6.012298801472435e-14
0.0275,8575.226972437611,0.0,0.0,179.5630508260207,6.012232008842655e-14,6.012232008842655e-14
0.02755,8575.108517389906,0.0,0.0,179.56123503142072,6.01217118792412e-14,6.01217118792412e-14
0.027600000000000003,8574.989136167187,0.0,0.0,179.55941518155743,6.01210357186038e-14,6.01210357186038e-14
0.02765,8574.853778004097,0.0,0.0,179.55743194928584,6.012036332938513e-14,6.012036332938513e-14
0.027700000000000002,8574.717070300743,0.0,0.0,179.55542116630147,6.011965354586372e-14,6.011965354586372e-14
0.02775,8574.608091448834,0.0,0.0,179.55332348549135,6.011887952852678e-14,6.011887952852678e-14
0.027800000000000002,8574.449182156768,0.0,0.0,179.55113939008646,6.01181151639256e-14,6.01181151639256e-14
0.02785,8574.301777510997,0.0,0.0,179.54890856433008,6.011734324905107e-14,6.011734324905107e-14
0.0279,8574.211608581743,0.0,0.0,179.54662648295206,6.01165152072327e-14,6.01165152072327e-14
0.027950000000000003,8574.054919252074,0.0,0.0,179.54434663563353,6.011565109895871e-14,6.011565109895871e-14
0.028,8573.921821556027,0.0,0.0,179.5420327755469,6.011493352415776e-14,6.011493352415776e-14
0.028050000000000002,8573.808525829058,0.0,0.0,179.5397075068591,6.011403632294524e-14,6.011403632294524e-14
0.0281,8573.643702186799,0.0,0.0,179.5373094665092,6.011321551700755e-14,6.011321551700755e-14
0.02815,8573.508433281455,0.0,0.0,179.53494412113153,6.011232657121107e-14,6.011232657121107e-14
0.028200000000000003,8573.357901481038,0.0,0.0,179.5324060319943,6.011142903683706e-14,6.011142903683706e-14
0.02825,8573.198055644316,0.0,0.0,179.52995658697108,6.011055048149921e-14,6.011055048149921e-14
0.028300000000000002,8573.11215739217,0.0,0.0,179.52745579473196,6.010968855173409e-14,6.010968855173409e-14
0.02835,8572.957182786944,0.0,0.0,179.52502501524856,6.010870693114939e-14,6.010870693114939e-14
0.0284,8572.783075704903,0.0,0.0,179.52251892983816,6.010793362448434e-14,6.010793362448434e-14
0.028450000000000003,8572.678287371387,0.0,0.0,179.52003744542205,6.010698370017658e-14,6.010698370017658e-14
0.0285,8572.503915846968,0.0,0.0,179.51745856472328,6.010605349177906e-14,6.010605349177906e-14
0.028550000000000002,8572.363172120718,0.0,0.0,179.5149759949218,6.010518999766492e-14,6.010518999766492e-14
0.0286,8572.259557169129,0.0,0.0,179.5124339402842,6.010426069852276e-14,6.010426069852276e-14
0.028650000000000002,8572.093432335521,0.0,0.0,179.50995817235057,6.010329323987855e-14,6.010329323987855e-14
0.0287,8571.979703038447,0.0,0.0,179.5075383374484,6.010252976095137e-14,6.010252976095137e-14
0.02875,8571.880033617661,0.0,0.0,179.50512567404343,6.01015905924327e-14,6.01015905924327e-14
0.028800000000000003,8571.714662174742,0.0,0.0,179.50280614449258,6.010071563711926e-14,6.010071563711926e-14
0.02885,8571.620396686334,0.0,0.0,179.50048565909472,6.00999597113542e-14,6.00999597113542e-14
0.028900000000000002,8571.490635600547,0.0,0.0,179.49821340262721,6.009904638757594e-14,6.009904638757594e-14
0.02895,8571.329395814058,0.0,0.0,179.49590286908736,6.009821796227147e-14,6.009821796227147e-14
0.029,8571.23356122626,0.0,0.0,179.49367988500427,6.009736039164237e-14,6.009736039164237e-14
0.029050000000000003,8571.12493489701,0.0,0.0,179.49142627709284,6.009662401335196e-14,6.009662401335196e-14
0.0291,8571.02474285547,0.0,0.0,179.48941933017713,6.009578008944907e-14,6.009578008944907e-14
0.029150000000000002,8570.926263238745,0.0,0.0,179.4873263835864,6.009508907960703e-14,6.009508907960703e-14
0.0292,8570.78193229873,0.0,0.0,179.4853683466977,6.009426605550351e-14,6.009426605550351e-14
0.02925,8570.705232114384,0.0,0.0,179.48338946310724,6.009368431883027e-14,6.009368431883027e-14
0.029300000000000003,8570.63095568776,0.0,0.0,179.4815637595675,6.009286059926237e-14,6.009286059926237e-14
0.02935,8570.503591900031,0.0,0.0,179.47975542966086,6.009225716985782e-14,6.009225716985782e-14
0.029400000000000003,8570.449828783008,0.0,0.0,179.47810280428638,6.009156172689429e-14,6.009156172689429e-14
0.02945,8570.376269937626,0.0,0.0,179.4764738536754,6.009098858721442e-14,6.009098858721442e-14
0.029500000000000002,8570.294765246736,0.0,0.0,179.47503432892245,6.009042115403085e-14,6.009042115403085e-14
0.02955,8570.240836010791,0.0,0.0,179.47363501932807,6.00898588411704e-14,6.00898588411704e-14
0.0296,8570.155770778514,0.0,0.0,179.47229943874785,6.008936076817431e-14,6.008936076817431e-14
0.029650000000000003,8570.102693035504,0.0,0.0,179.47111465255415,6.008886215127881e-14,6.008886215127881e-14
0.0297,8570.057210416133,0.0,0.0,179.46992264546998,6.008840944531405e-14,6.008840944531405e-14
0.029750000000000002,8569.953519935687,0.0,0.0,179.4688543139039,6.008794102180057e-14,6.008794102180057e-14
0.0298,8569.948124974206,0.0,0.0,179.46784070372277,6.008762891057368e-14,6.008762891057368e-14
0.02985,8569.934590033557,0.0,0.0,179.46703155336445,6.00870991628058e-14,6.00870991628058e-14
0.029900000000000003,8569.871159866692,0.0,0.0,179.46628747905052,6.008698620398999e-14,6.008698620398999e-14
0.02995,8569.873893486438,0.0,0.0,179.4657573840687,6.00866563605175e-14,6.00866563605175e-14
0.030000000000000002,8569.836493925834,0.0,0.0,179.46515823243956,6.008636813756415e-14,6.008636813756415e-14
0.03005,8569.803131968592,0.0,0.0,179.46483095817248,6.008617144429897e-14,6.008617144429897e-14
0.030100000000000002,8569.848042449697,0.0,0.0,179.46451097433737,6.00860986252443e-14,6.00860986252443e-14
0.03015,8569.819393783653,0.0,0.0,179.46441015054384,6.008584185131318e-14,6.008584185131318e-14
0.0302,8569.807888818772,0.0,0.0,179.46435375977183,6.008586366129185e-14,6.008586366129185e-14
0.030250000000000003,8569.861231899722,0.0,0.0,179.46446835281955,6.008577031866343e-14,6.008577031866343e-14
0.0303,8569.843237266106,0.0,0.0,179.4646385400369,6.008575548074193e-14,6.008575548074193e-14
0.030350000000000002,8569.870974178826,0.0,0.0,179.46499961807967,6.00858741834035e-14,6.00858741834035e-14
0.0304,8569.910601834443,0.0,0.0,179.46538616305827,6.008591285417858e-14,6.008591285417858e-14
0.03045,8569.913028681165,0.0,0.0,179.46591424737414,6.008600078428927e-14,6.008600078428927e-14
0.030500000000000003,8569.967486874139,0.0,0.0,179.46656763744707,6.008617218075434e-14,6.008617218075434e-14
0.03055,8570.013473024728,0.0,0.0,179.46726795227434,6.00863545010468e-14,6.00863545010468e-14
0.030600000000000002,8570.050285728948,0.0,0.0,179.4681995047442,6.008660892127338e-14,6.008660892127338e-14
0.03065,8570.156818587946,0.0,0.0,179.46921437691964,6.00869358898719e-14,6.00869358898719e-14
0.0307,8570.200159579912,0.0,0.0,179.47042965275747,6.008715187620914e-14,6.008715187620914e-14
0.030750000000000003,8570.247361595064,0.0,0.0,179.4716646325174,6.008762705200463e-14,6.008762705200463e-14
0.0308,8570.347981625275,0.0,0.0,179.47308284463833,6.008801024116568e-14,6.008801024116568e-14
0.030850000000000002,8570.413988582723,0.0,0.0,179.47450961590744,6.0088448219655e-14,6.0088448219655e-14
0.0309,8570.500806808875,0.0,0.0,179.4761978233737,6.008885264856604e-14,6.008885264856604e-14
0.030950000000000002,8570.597989252708,0.0,0.0,179.4778348737146,6.008947179284204e-14,6.008947179284204e-14
0.031,8570.677261896159,0.0,0.0,179.4797124429254,6.008996707113939e-14,6.008996707113939e-14
0.03105,8570.788288521922,0.0,0.0,179.48159081810536,6.00906124247636e-14,6.00906124247636e-14
0.031100000000000003,8570.885216731,0.0,0.0,179.483628124164,6.009116788257691e-14,6.009116788257691e-14
0.03115,8570.985740466647,0.0,0.0,179.4857281848388,6.009192820050002e-14,6.009192820050002e-14
0.031200000000000002,8571.126576985382,0.0,0.0,179.4879816466291,6.009253851205383e-14,6.009253851205383e-14
0.03125,8571.212636731401,0.0,0.0,179.49026851500062,6.009331478265058e-14,6.009331478265058e-14
0.0313,8571.339773849186,0.0,0.0,179.49269331945007,6.009409196529288e-14,6.009409196529288e-14
0.03135,8571.492277431937,0.0,0.0,179.49520815963066,6.009482288198421e-14,6.009482288198421e-14
0.031400000000000004,8571.606939180625,0.0,0.0,179.49782464715793,6.009569645874917e-14,6.009569645874917e-14
0.03145,8571.753694882384,0.0,0.0,179.50060504702265,6.009659793648587e-14,6.009659793648587e-14
0.0315,8571.894977688531,0.0,0.0,179.50335644333822,6.009746448383307e-14,6.009746448383307e-14
0.03155,8571.99986756195,0.0,0.0,179.5062565455001,6.00983286579184e-14,6.00983286579184e-14
0.0316,8572.171160009102,0.0,0.0,179.50914300236482,6.009938304790772e-14,6.009938304790772e-14
0.031650000000000005,8572.314330236499,0.0,0.0,179.51217873167886,6.010022161639748e-14,6.010022161639748e-14
0.0317,8572.44136461738,0.0,0.0,179.51520612378167,6.010133160163075e-14,6.010133160163075e-14
0.03175,8572.616178819982,0.0,0.0,179.51838636516365,6.010224410719126e-14,6.010224410719126e-14
0.0318,8572.754986343878,0.0,0.0,179.52150666206072,6.010333445289147e-14,6.010333445289147e-14
0.03185,8572.9073002977,0.0,0.0,179.5248229725557,6.010438144185609e-14,6.010438144185609e-14
0.031900000000000005,8573.084272329043,0.0,0.0,179.52807801876025,6.01054825991818e-14,6.01054825991818e-14
0.03195,8573.22110078755,0.0,0.0,179.5314648132057,6.010649303346671e-14,6.010649303346671e-14
0.032,8573.390697623372,0.0,0.0,179.53485703903684,6.010770732846005e-14,6.010770732846005e-14
0.03205,8573.567939946937,0.0,0.0,179.5383220639656,6.010875558178878e-14,6.010875558178878e-14
0.032100000000000004,8573.698051132153,0.0,0.0,179.54178588181946,6.010988484378207e-14,6.010988484378207e-14
0.032150000000000005,8573.882197399951,0.0,0.0,179.5453166090298,6.011109945999304e-14,6.011109945999304e-14
0.0322,8574.05678608296,0.0,0.0,179.54886648696197,6.011219957437188e-14,6.011219957437188e-14
0.03225,8574.19847512524,0.0,0.0,179.55244481029914,6.011338688917148e-14,6.011338688917148e-14
0.0323,8574.363998899355,0.0,0.0,179.55603120794137,6.011456741007123e-14,6.011456741007123e-14
0.032350000000000004,8574.524118106187,0.0,0.0,179.5595581360322,6.011575033229542e-14,6.011575033229542e-14
0.0324,8574.6815799844,0.0,0.0,179.56317865649086,6.011687108308924e-14,6.011687108308924e-14
0.03245,8574.856376327438,0.0,0.0,179.56673109615406,6.011811734761227e-14,6.011811734761227e-14
0.0325,8575.004507659463,0.0,0.0,179.57035649558415,6.011925048149503e-14,6.011925048149503e-14
0.03255,8575.166711908625,0.0,0.0,179.5739103388959,6.012046697766439e-14,6.012046697766439e-14
0.032600000000000004,8575.330424377204,0.0,0.0,179.57751877271062,6.012158920163979e-14,6.012158920163979e-14
0.03265,8575.477688936104,0.0,0.0,179.5810460924869,6.012282843522189e-14,6.012282843522189e-14
0.0327,8575.643564601252,0.0,0.0,179.5846460105125,6.012395820230717e-14,6.012395820230717e-14
0.03275,8575.79180847711,0.0,0.0,179.5881287366663,6.012513044558163e-14,6.012513044558163e-14
0.0328,8575.933429445418,0.0,0.0,179.59165847056457,6.012626034789703e-14,6.012626034789703e-14
0.032850000000000004,8576.090217683644,0.0,0.0,179.59508661888924,6.012743019448009e-14,6.012743019448009e-14
0.0329,8576.229319114711,0.0,0.0,179.59851577527078,6.012852837592257e-14,6.012852837592257e-14
0.03295,8576.368304284364,0.0,0.0,179.60188490107757,6.012967271148456e-14,6.012967271148456e-14
0.033,8576.516195356575,0.0,0.0,179.60521475517976,6.013073801206793e-14,6.013073801206793e-14
0.03305,8576.636768373808,0.0,0.0,179.60847629499455,6.013183339655087e-14,6.013183339655087e-14
0.033100000000000004,8576.772119101543,0.0,0.0,179.61168227257002,6.013290468551477e-14,6.013290468551477e-14
0.03315,8576.901405295655,0.0,0.0,179.6148239733074,6.013391573887676e-14,6.013391573887676e-14
0.0332,8577.019267811356,0.0,0.0,179.61789264327092,6.013496091082999e-14,6.013496091082999e-14
0.03325,8577.148224085571,0.0,0.0,179.6209393274747,6.01359388598888e-14,6.01359388598888e-14
0.0333,8577.261252205779,0.0,0.0,179.62385974238993,6.013691549203157e-14,6.013691549203157e-14
0.033350000000000005,8577.364503278479,0.0,0.0,179.62675970607884,6.013787310546728e-14,6.013787310546728e-14
0.0334,8577.48248644316,0.0,0.0,179.6295285847594,6.013881770891296e-14,6.013881770891296e-14
0.03345,8577.577711058644,0.0,0.0,179.63225707169775,6.013964418075977e-14,6.013964418075977e-14
0.0335,8577.670915323126,0.0,0.0,179.6348572132264,6.014058260229464e-14,6.014058260229464e-14
0.03355,8577.771122733619,0.0,0.0,179.63740594499487,6.014138217821506e-14,6.014138217821506e-14
0.033600000000000005,8577.84885195845,0.0,0.0,179.6398094886597,6.014219002637043e-14,6.014219002637043e-14
0.03365,8577.929053890177,0.0,0.0,179.642157425262,6.014294798143224e-14,6.014294798143224e-14
0.0337,8578.010009390597,0.0,0.0,179.64436327961585,6.01437068384634e-14,6.01437068384634e-14
0.03375,8578.076335030739,0.0,0.0,179.6465020725474,6.014438344985902e-14,6.014438344985902e-14
0.033800000000000004,8578.140983403979,0.0,0.0,179.64851525873874,6.01450749021909e-14,6.01450749021909e-14
0.033850000000000005,8578.200213324822,0.0,0.0,179.65042074586373,6.014568447351043e-14,6.014568447351043e-14
0.0339,8578.249941714672,0.0,0.0,179.65221313338986,6.01462782982884e-14,6.01462782982884e-14
0.03395,8578.300639303947,0.0,0.0,179.6538968387566,6.014684173717938e-14,6.014684173717938e-14
0.034,8578.340522751805,0.0,0.0,179.65546693325211,6.01473473483638e-14,6.01473473483638e-14
0.034050000000000004,8578.374563842388,0.0,0.0,179.65691611629381,6.014783326397059e-14,6.014783326397059e-14
0.0341,8578.404537800061,0.0,0.0,179.65825246136797,6.014825742392031e-14,6.014825742392031e-14
0.03415,8578.426312659607,0.0,0.0,179.6594520765913,6.01486611910953e-14,6.01486611910953e-14
0.0342,8578.44253404064,0.0,0.0,179.66054532729333,6.014900861012773e-14,6.014900861012773e-14
0.03425,8578.453083545948,0.0,0.0,179.6614953657531,6.014932940450475e-14,6.014932940450475e-14
0.034300000000000004,8578.456826132637,0.0,0.0,179.66233490991993,6.014958449513347e-14,6.014958449513347e-14
0.03435,8578.454508600993,0.0,0.0,179.66303481386825,6.01498199538372e-14,6.01498199538372e-14
0.0344,8578.44591346325,0.0,0.0,179.66361617348122,6.014999834710777e-14,6.014999834710777e-14
0.03445,8578.431712950463,0.0,0.0,179.66406227301684,6.015014283037335e-14,6.015014283037335e-14
0.0345,8578.409473836342,0.0,0.0,179.66438686709313,6.01502354229852e-14,6.01502354229852e-14
0.034550000000000004,8578.383024121198,0.0,0.0,179.66457817044895,6.015029095236739e-14,6.015029095236739e-14
0.0346,8578.349534035564,0.0,0.0,179.66464360313557,6.015029998432024e-14,6.015029998432024e-14
0.03465,8578.30946712354,0.0,0.0,179.66457902424452,6.015026774649518e-14,6.015026774649518e-14
0.0347,8578.266002180064,0.0,0.0,179.66438682452858,6.015018972768344e-14,6.015018972768344e-14
0.03475,8578.211739804452,0.0,0.0,179.66406460263147,6.015006882400026e-14,6.015006882400026e-14
0.034800000000000005,8578.15210706028,0.0,0.0,179.6636165487396,6.014990790894751e-14,6.014990790894751e-14
0.03485,8578.095479155741,0.0,0.0,179.66303966109928,6.014970077006344e-14,6.014970077006344e-14
0.0349,8578.02180664841,0.0,0.0,179.66234247754545,6.014944504046438e-14,6.014944504046438e-14
0.03495,8577.947106754727,0.0,0.0,179.6615162972003,6.014916934155085e-14,6.014916934155085e-14
0.035,8577.871425901136,0.0,0.0,179.66057543105373,6.014882405000724e-14,6.014882405000724e-14
0.035050000000000005,8577.780226711931,0.0,0.0,179.65949985507586,6.01484559227797e-14,6.01484559227797e-14
0.0351,8577.691528375108,0.0,0.0,179.6583261721555,6.014803973634767e-14,6.014803973634767e-14
0.03515,8577.598804494493,0.0,0.0,179.6570089821731,6.014759353714342e-14,6.014759353714342e-14
0.0352,8577.489878705375,0.0,0.0,179.6556034827831,6.014708601681944e-14,6.014708601681944e-14
0.035250000000000004,8577.38792884605,0.0,0.0,179.65405625560223,6.014657464667048e-14,6.014657464667048e-14
0.035300000000000005,8577.27544592439,0.0,0.0,179.6524186976606,6.014597438863275e-14,6.014597438863275e-14
0.03535,8577.153308221788,0.0,0.0,179.65064827803278,6.014539711670175e-14,6.014539711670175e-14
0.0354,8577.043133363679,0.0,0.0,179.6488005314223,6.014473691752604e-14,6.014473691752604e-14
0.03545,8576.91224272853,0.0,0.0,179.6468202739172,6.014406038792358e-14,6.014406038792358e-14
0.035500000000000004,8576.781121116906,0.0,0.0,179.64476905970412,6.014334660749705e-14,6.014334660749705e-14
0.03555,8576.655888286188,0.0,0.0,179.64259751313665,6.014261633224772e-14,6.014261633224772e-14
0.0356,8576.513291110898,0.0,0.0,179.64034472943848,6.01418128782501e-14,6.01418128782501e-14
0.03565,8576.372737865448,0.0,0.0,179.63800387011253,6.014102356048067e-14,6.014102356048067e-14
0.0357,8576.239613227195,0.0,0.0,179.63556953512017,6.014018684390388e-14,6.014018684390388e-14
0.035750000000000004,8576.082973398698,0.0,0.0,179.63307000356835,6.013930091823424e-14,6.013930091823424e-14
0.0358,8575.93649111682,0.0,0.0,179.63046757835727,6.013843383978233e-14,6.013843383978233e-14
0.03585,8575.783730359617,0.0,0.0,179.62780844770506,6.013749195186495e-14,6.013749195186495e-14
0.0359,8575.625835529667,0.0,0.0,179.62504744075667,6.013656786586904e-14,6.013656786586904e-14
0.03595,8575.47262679868,0.0,0.0,179.62226240498467,6.013556630695441e-14,6.013556630695441e-14
0.036000000000000004,8575.308589658587,0.0,0.0,179.61935299704888,6.013462599458302e-14,6.013462599458302e-14
0.03605,8575.145152132334,0.0,0.0,179.6164484068768,6.013356545857148e-14,6.013356545857148e-14
0.0361,8574.986014989241,0.0,0.0,179.6134155719971,6.013256862449752e-14,6.013256862449752e-14
0.03615,8574.815814044128,0.0,0.0,179.61039988000397,6.01314879262176e-14,6.01314879262176e-14
0.0362,8574.659054810109,0.0,0.0,179.60729071131018,6.013048031746073e-14,6.013048031746073e-14
0.036250000000000004,8574.494308229423,0.0,0.0,179.60419234707666,6.012934097432165e-14,6.012934097432165e-14
0.0363,8574.313030135154,0.0,0.0,179.60100254481029,6.012829704045264e-14,6.012829704045264e-14
0.03635,8574.159208856792,0.0,0.0,179.59782913541633,6.012717067046459e-14,6.012717067046459e-14
0.0364,8573.98898431548,0.0,0.0,179.59458493348652,6.012607189145792e-14,6.012607189145792e-14
0.03645,8573.815693815879,0.0,0.0,179.5913589948476,6.012495769536142e-14,6.012495769536142e-14
0.036500000000000005,8573.655593815647,0.0,0.0,179.58808943809743,6.012381806042326e-14,6.012381806042326e-14
0.03655,8573.48078230867,0.0,0.0,179.58479710678742,6.012269079939276e-14,6.012269079939276e-14
0.0366,8573.311425212178,0.0,0.0,179.58151969730767,6.012156634699771e-14,6.012156634699771e-14
0.03665,8573.156875725634,0.0,0.0,179.57819711559713,6.012043635009065e-14,6.012043635009065e-14
0.0367,8572.975605480808,0.0,0.0,179.57491468669687,6.011926150779306e-14,6.011926150779306e-14
0.036750000000000005,8572.823531498727,0.0,0.0,179.57159682635447,6.011819329010479e-14,6.011819329010479e-14
0.0368,8572.666499166584,0.0,0.0,179.56834241854443,6.011697951714896e-14,6.011697951714896e-14
0.03685,8572.489674733815,0.0,0.0,179.56503061915203,6.011592722337703e-14,6.011592722337703e-14
0.0369,8572.347631817911,0.0,0.0,179.5618301698012,6.011477446201605e-14,6.011477446201605e-14
0.036950000000000004,8572.196496373708,0.0,0.0,179.55855874056428,6.011366876189704e-14,6.011366876189704e-14
0.037000000000000005,8572.030565040404,0.0,0.0,179.55542555009632,6.011253506788985e-14,6.011253506788985e-14
0.03705,8571.89567550552,0.0,0.0,179.55222919254578,6.011153494903963e-14,6.011153494903963e-14
0.0371,8571.743370096056,0.0,0.0,179.5491453534839,6.011036498230118e-14,6.011036498230118e-14
0.03715,8571.58750082037,0.0,0.0,179.5460302689217,6.010935548274211e-14,6.010935548274211e-14
0.037200000000000004,8571.466557938385,0.0,0.0,179.5430254078903,6.010828627495306e-14,6.010828627495306e-14
0.03725,8571.319393718295,0.0,0.0,179.54001471221417,6.010727231896122e-14,6.010727231896122e-14
0.0373,8571.184606095314,0.0,0.0,179.5371111103037,6.010625400774595e-14,6.010625400774595e-14
0.03735,8571.05886155518,0.0,0.0,179.5342153035509,6.010527289891044e-14,6.010527289891044e-14
0.0374,8570.929795282538,0.0,0.0,179.5314017489627,6.010428465530812e-14,6.010428465530812e-14
0.037450000000000004,8570.814184288956,0.0,0.0,179.52867641601455,6.010334896912977e-14,6.010334896912977e-14
0.0375,8570.702859520878,0.0,0.0,179.5259861696414,6.010244838262763e-14,6.010244838262763e-14
0.03755,8570.581127029835,0.0,0.0,179.52342883935617,6.010152002302326e-14,6.010152002302326e-14
0.0376,8570.488425800093,0.0,0.0,179.520887227852,6.010068840017812e-14,6.010068840017812e-14
0.03765,8570.38017321274,0.0,0.0,179.51849963074275,6.009979685716695e-14,6.009979685716695e-14
0.037700000000000004,8570.28396653498,0.0,0.0,179.5161228795978,6.009906302511165e-14,6.009906302511165e-14
0.03775,8570.2028523304,0.0,0.0,179.5139299697719,6.009821833905181e-14,6.009821833905181e-14
0.0378,8570.108404465116,0.0,0.0,179.5117213916911,6.009753578340671e-14,6.009753578340671e-14
0.03785,8570.029028373017,0.0,0.0,179.50972303254713,6.00967445948946e-14,6.00967445948946e-14
0.0379,8569.956635955848,0.0,0.0,179.50769076459434,6.009614714560226e-14,6.009614714560226e-14
0.037950000000000005,8569.881586028323,0.0,0.0,179.50587702799174,6.009544453717992e-14,6.009544453717992e-14
0.038,8569.827068747096,0.0,0.0,179.50407397285153,6.009488200938663e-14,6.009488200938663e-14
0.03805,8569.767763251093,0.0,0.0,179.5024530574215,6.009423593934069e-14,6.009423593934069e-14
0.0381,8569.709456933115,0.0,0.0,179.50088185198024,6.00937912550688e-14,6.00937912550688e-14
0.03815,8569.681013655118,0.0,0.0,179.49947710274733,6.009323405858232e-14,6.009323405858232e-14
0.038200000000000005,8569.626619564173,0.0,0.0,179.49813648361845,6.009278560886347e-14,6.009278560886347e-14
0.03825,8569.601352706528,0.0,0.0,179.49695412842468,6.009239781914765e-14,6.009239781914765e-14
0.0383,8569.588762595886,0.0,0.0,179.49588823103852,6.009198357486744e-14,6.009198357486744e-14
0.03835,8569.551766725093,0.0,0.0,179.49491456326862,6.009166880933721e-14,6.009166880933721e-14
0.038400000000000004,8569.539201618958,0.0,0.0,179.49410818113205,6.009137876193388e-14,6.009137876193388e-14
0.038450000000000005,8569.547235316153,0.0,0.0,179.4933475679248,6.009113542413286e-14,6.009113542413286e-14
0.0385,8569.527733199218,0.0,0.0,179.49280016244094,6.009086071250144e-14,6.009086071250144e-14
0.03855,8569.544209387755,0.0,0.0,179.4922872572202,6.009080599955376e-14,6.009080599955376e-14
0.0386,8569.555847719097,0.0,0.0,179.49198255275155,6.009056542452938e-14,6.009056542452938e-14
0.038650000000000004,8569.558754271411,0.0,0.0,179.49169673975908,6.009056585397067e-14,6.009056585397067e-14
0.038700000000000005,8569.597058472811,0.0,0.0,179.49165206774748,6.009045990682413e-14,6.009045990682413e-14
0.03875,8569.62534163711,0.0,0.0,179.4916105197789,6.009051720033322e-14,6.009051720033322e-14
0.0388,8569.65596089859,0.0,0.0,179.49183037586522,6.009050761985898e-14,6.009050761985898e-14
0.03885,8569.708668088766,0.0,0.0,179.49205722634736,6.009066259571805e-14,6.009066259571805e-14
0.038900000000000004,8569.750288432586,0.0,0.0,179.49250340026222,6.00907123236911e-14,6.00907123236911e-14
0.03895,8569.80395724923,0.0,0.0,179.4930061141709,6.00909627348911e-14,6.00909627348911e-14
0.039,8569.87771045317,0.0,0.0,179.49369270928435,6.009114234344648e-14,6.009114234344648e-14
0.03905,8569.928314898158,0.0,0.0,179.49445544661444,6.009140018780439e-14,6.009140018780439e-14
0.0391,8570.008154224399,0.0,0.0,179.49537407702593,6.009171608162638e-14,6.009171608162638e-14
0.039150000000000004,8570.087366505191,0.0,0.0,179.49639236790176,6.009204970183297e-14,6.009204970183297e-14
0.0392,8570.162017060733,0.0,0.0,179.49752373746938,6.009243667841185e-14,6.009243667841185e-14
0.03925,8570.252267380845,0.0,0.0,179.4987989334874,6.00928398100042e-14,6.00928398100042e-14
0.0393,8570.34985571528,0.0,0.0,179.5001338472209,6.009334036766548e-14,6.009334036766548e-14
0.03935,8570.443086435711,0.0,0.0,179.50166949432116,6.009378320390323e-14,6.009378320390323e-14
0.039400000000000004,8570.550484176953,0.0,0.0,179.50321965924542,6.009438242499029e-14,6.009438242499029e-14
0.03945,8570.651244516068,0.0,0.0,179.5049728580268,6.009490388049912e-14,6.009490388049912e-14
0.0395,8570.771041719494,0.0,0.0,179.5067435432218,6.009557211240954e-14,6.009557211240954e-14
0.03955,8570.890964130369,0.0,0.0,179.50872657539426,6.009614323846597e-14,6.009614323846597e-14
0.0396,8571.00482361676,0.0,0.0,179.5107073686468,6.009692581632535e-14,6.009692581632535e-14
0.039650000000000005,8571.139570413086,0.0,0.0,179.51290353471816,6.009756620951542e-14,6.009756620951542e-14
0.0397,8571.263333210762,0.0,0.0,179.51507603606024,6.009835907499816e-14,6.009835907499816e-14
0.03975,8571.392316030197,0.0,0.0,179.51744837234813,6.009911114347305e-14,6.009911114347305e-14
0.0398,8571.539670978007,0.0,0.0,179.5198289614246,6.009997337007457e-14,6.009997337007457e-14
0.039850000000000003,8571.673925774432,0.0,0.0,179.522359413723,6.01007568545626e-14,6.01007568545626e-14
0.039900000000000005,8571.80874722292,0.0,0.0,179.52492639690956,6.010168062324016e-14,6.010168062324016e-14
0.03995,8571.967262427564,0.0,0.0,179.52759627217534,6.010254019819191e-14,6.010254019819191e-14
0.04,8572.104225851557,0.0,0.0,179.5303290732519,6.010347144172276e-14,6.010347144172276e-14
0.04005,8572.261140347944,0.0,0.0,179.53314496620277,6.010445041646817e-14,6.010445041646817e-14
0.040100000000000004,8572.41743391597,0.0,0.0,179.53604212644922,6.010537751928141e-14,6.010537751928141e-14
0.040150000000000005,8572.564938637392,0.0,0.0,179.53896924010633,6.010640174201942e-14,6.010640174201942e-14
0.0402,8572.727665606028,0.0,0.0,179.5420213976543,6.010739871203398e-14,6.010739871203398e-14
0.04025,8572.889814452688,0.0,0.0,179.54505086923578,6.010846044132929e-14,6.010846044132929e-14
0.0403,8573.039965756614,0.0,0.0,179.548224938336,6.01094668328984e-14,6.01094668328984e-14
0.040350000000000004,8573.213274600475,0.0,0.0,179.55136154015509,6.011060519227744e-14,6.011060519227744e-14
0.040400000000000005,8573.371366905323,0.0,0.0,179.55462847514747,6.011159399328452e-14,6.011159399328452e-14
0.04045,8573.526557275669,0.0,0.0,179.55784413324403,6.011278257477053e-14,6.011278257477053e-14
0.0405,8573.699841486457,0.0,0.0,179.5611832156506,6.011383254652465e-14,6.011383254652465e-14
0.04055,8573.857391395366,0.0,0.0,179.56446006730155,6.01149781015981e-14,6.01149781015981e-14
0.040600000000000004,8574.018764209559,0.0,0.0,179.5678538900257,6.01160641157721e-14,6.01160641157721e-14
0.04065,8574.18768121961,0.0,0.0,179.57118824022388,6.011725572554589e-14,6.011725572554589e-14
0.0407,8574.346213099116,0.0,0.0,179.57460379656752,6.01183399317665e-14,6.01183399317665e-14
0.04075,8574.50590111818,0.0,0.0,179.57798541620133,6.011951370540819e-14,6.011951370540819e-14
0.0408,8574.672809711516,0.0,0.0,179.58140253443156,6.012064262291077e-14,6.012064262291077e-14
0.040850000000000004,8574.828892615584,0.0,0.0,179.58481585794888,6.012178864990795e-14,6.012178864990795e-14
0.0409,8574.991626870742,0.0,0.0,179.58823270959854,6.012294444308959e-14,6.012294444308959e-14
0.04095,8575.144341064348,0.0,0.0,179.59164532870966,6.012407175725055e-14,6.012407175725055e-14
0.041,8575.300196883945,0.0,0.0,179.59502779265796,6.012522665866626e-14,6.012522665866626e-14
0.04105,8575.455815704296,0.0,0.0,179.59843007066414,6.0126324901644e-14,6.0126324901644e-14
0.041100000000000005,8575.604081718151,0.0,0.0,179.60176267911956,6.012749417931929e-14,6.012749417931929e-14
0.04115,8575.751621135309,0.0,0.0,179.60512975861448,6.012856914544363e-14,6.012856914544363e-14
0.0412,8575.899198372661,0.0,0.0,179.60839560984505,6.012970690971009e-14,6.012970690971009e-14
0.04125,8576.037382554196,0.0,0.0,179.61169478693182,6.013075837267387e-14,6.013075837267387e-14
0.0413,8576.179721932458,0.0,0.0,179.61488859035052,6.013188461998806e-14,6.013188461998806e-14
0.041350000000000005,8576.316074632856,0.0,0.0,179.61810193613763,6.013290221277565e-14,6.013290221277565e-14
0.0414,8576.445866052803,0.0,0.0,179.6212083587003,6.013399350996532e-14,6.013399350996532e-14
0.04145,8576.57918157432,0.0,0.0,179.62432189532194,6.01349798292333e-14,6.01349798292333e-14
0.0415,8576.701064985253,0.0,0.0,179.62732156457048,6.013602061623168e-14,6.013602061623168e-14
0.041550000000000004,8576.823146900362,0.0,0.0,179.63031267923932,6.013699703826155e-14,6.013699703826155e-14
0.041600000000000005,8576.942450650049,0.0,0.0,179.63319993963927,6.013797133136297e-14,6.013797133136297e-14
0.04165,8577.052570256412,0.0,0.0,179.6360435785751,6.013889988334433e-14,6.013889988334433e-14
0.0417,8577.160941378983,0.0,0.0,179.6388023193,6.013983860357535e-14,6.013983860357535e-14
0.04175,8577.267427042429,0.0,0.0,179.6414850664526,6.014071745022735e-14,6.014071745022735e-14
0.041800000000000004,8577.360182441242,0.0,0.0,179.6440880455534,6.014158023965178e-14,6.014158023965178e-14
0.041850000000000005,8577.457681425738,0.0,0.0,179.64659799840888,6.01424345877322e-14,6.01424345877322e-14
0.0419,8577.546876248458,0.0,0.0,179.6490359136907,6.014321505617412e-14,6.014321505617412e-14
0.04195,8577.627376833514,0.0,0.0,179.65135965348577,6.014401147723798e-14,6.014401147723798e-14
0.042,8577.706879802347,0.0,0.0,179.65361666298153,6.014474405371861e-14,6.014474405371861e-14
0.042050000000000004,8577.780221051642,0.0,0.0,179.65574080754357,6.014546419544589e-14,6.014546419544589e-14
0.042100000000000005,8577.845619563264,0.0,0.0,179.65780370385352,6.014612087242598e-14,6.014612087242598e-14
0.04215,8577.909184153885,0.0,0.0,179.65972753524085,6.014678991361012e-14,6.014678991361012e-14
0.0422,8577.964154898486,0.0,0.0,179.66157815618672,6.014736807417495e-14,6.014736807417495e-14
0.04225,8578.013504152957,0.0,0.0,179.66329000828895,6.014795835360285e-14,6.014795835360285e-14
0.042300000000000004,8578.058700094145,0.0,0.0,179.66491704008098,6.014847212221789e-14,6.014847212221789e-14
0.04235,8578.096088657554,0.0,0.0,179.6664061665344,6.014897821985742e-14,6.014897821985742e-14
0.0424,8578.128649955965,0.0,0.0,179.66780196009356,6.014942149290748e-14,6.014942149290748e-14
0.04245,8578.154812991657,0.0,0.0,179.66906132134193,6.014984426321807e-14,6.014984426321807e-14
0.0425,8578.174628477149,0.0,0.0,179.67021354799004,6.01502098374933e-14,6.01502098374933e-14
0.042550000000000004,8578.188754151864,0.0,0.0,179.67123679700757,6.015054880620344e-14,6.015054880620344e-14
0.0426,8578.19676833386,0.0,0.0,179.6721413376808,6.015083814022841e-14,6.015083814022841e-14
0.04265,8578.198583350264,0.0,0.0,179.67292170516023,6.015108792818913e-14,6.015108792818913e-14
0.0427,8578.194199776766,0.0,0.0,179.67357609682733,6.015129758324458e-14,6.015129758324458e-14
0.04275,8578.183961795585,0.0,0.0,179.67410709459799,6.015146210377309e-14,6.015146210377309e-14
0.042800000000000005,8578.167431927688,0.0,0.0,179.67450940346097,6.015158738155288e-14,6.015158738155288e-14
0.04285,8578.144900300216,0.0,0.0,179.67478693137207,6.015166707083383e-14,6.015166707083383e-14
0.0429,8578.116500451453,0.0,0.0,179.674935427814,6.015170603663491e-14,6.015170603663491e-14
0.04295,8578.081466394286,0.0,0.0,179.67495669519283,6.015170237378814e-14,6.015170237378814e-14
0.043000000000000003,8578.04137643307,0.0,0.0,179.6748517076857,6.015165322370953e-14,6.015165322370953e-14
0.043050000000000005,8577.995735069317,0.0,0.0,179.67461587041038,6.015156593174846e-14,6.015156593174846e-14
0.0431,8577.942438698827,0.0,0.0,179.67425812460397,6.015143033375989e-14,6.015143033375989e-14
0.04315,8577.885393451656,0.0,0.0,179.67376737607555,6.015126186795478e-14,6.015126186795478e-14
0.0432,8577.822660408805,0.0,0.0,179.67315815799768,6.015103582948185e-14,6.015103582948185e-14
0.043250000000000004,8577.751159856094,0.0,0.0,179.67241545463563,6.015078568280014e-14,6.015078568280014e-14
0.043300000000000005,8577.679814471165,0.0,0.0,179.67155843760384,6.015048203081793e-14,6.015048203081793e-14
0.04335,8577.598865265538,0.0,0.0,179.67056980549543,6.015014180838358e-14,6.015014180838358e-14
0.0434,8577.512003998907,0.0,0.0,179.66946647603635,6.014976007733433e-14,6.014976007733433e-14
0.04345,8577.423488666569,0.0,0.0,179.6682388053744,6.014933990009137e-14,6.014933990009137e-14
0.043500000000000004,8577.328305774116,0.0,0.0,179.6668919893592,6.014887725126208e-14,6.014887725126208e-14
0.043550000000000005,8577.225925215147,0.0,0.0,179.66543576871925,6.014837803231005e-14,6.014837803231005e-14
0.0436,8577.1248744845,0.0,0.0,179.66385416163507,6.014784737500726e-14,6.014784737500726e-14
0.04365,8577.011633606739,0.0,0.0,179.66217454849865,6.014725579234527e-14,6.014725579234527e-14
0.0437,8576.899427361313,0.0,0.0,179.6603674096198,6.014666611605115e-14,6.014666611605115e-14
0.043750000000000004,8576.783414677986,0.0,0.0,179.6584775981796,6.014599836428558e-14,6.014599836428558e-14
0.0438,8576.658355013295,0.0,0.0,179.65645365743978,6.014533732641758e-14,6.014533732641758e-14
0.04385,8576.534261549614,0.0,0.0,179.65436598313585,6.014460289985658e-14,6.014460289985658e-14
0.0439,8576.406308104399,0.0,0.0,179.6521383434981,6.014387524174478e-14,6.014387524174478e-14
0.04395,8576.269111172944,0.0,0.0,179.64985876347518,6.014307038913401e-14,6.014307038913401e-14
0.044000000000000004,8576.135069821605,0.0,0.0,179.6474437566128,6.014229728437887e-14,6.014229728437887e-14
0.04405,8575.99646492039,0.0,0.0,179.64498086180078,6.014142173057375e-14,6.014142173057375e-14
0.0441,8575.849721303985,0.0,0.0,179.64239509914438,6.014057852038644e-14,6.014057852038644e-14
0.04415,8575.708258887242,0.0,0.0,179.63976195957807,6.013967102570007e-14,6.013967102570007e-14
0.0442,8575.55747270588,0.0,0.0,179.6370188142378,6.0138766611291e-14,6.0138766611291e-14
0.044250000000000005,8575.407458742251,0.0,0.0,179.63422773930938,6.013780416266624e-14,6.013780416266624e-14
0.0443,8575.254836883349,0.0,0.0,179.63134773114666,6.013684899036097e-14,6.013684899036097e-14
0.04435,8575.10186953945,0.0,0.0,179.62841113732642,6.013585848546945e-14,6.013585848546945e-14
0.0444,8574.944927322313,0.0,0.0,179.6254199813819,6.013484169318095e-14,6.013484169318095e-14
0.04445,8574.788054564786,0.0,0.0,179.62235101637168,6.013382994172256e-14,6.013382994172256e-14
0.044500000000000005,8574.626645699203,0.0,0.0,179.6192588804699,6.013276581956523e-14,6.013276581956523e-14
0.04455,8574.472571705663,0.0,0.0,179.6160820429713,6.01317257097331e-14,6.01317257097331e-14
0.0446,8574.307739898917,0.0,0.0,179.6129075765284,6.013062059324565e-14,6.013062059324565e-14
0.04465,8574.147232410169,0.0,0.0,179.60963925112463,6.012958159270283e-14,6.012958159270283e-14
0.044700000000000004,8573.98791770985,0.0,0.0,179.60639655413863,6.012842557606033e-14,6.012842557606033e-14
0.044750000000000005,8573.822301344,0.0,0.0,179.60305189479936,6.012736640210344e-14,6.012736640210344e-14
0.0448,8573.662940601598,0.0,0.0,179.59975911200166,6.012620607892588e-14,6.012620607892588e-14
0.04485,8573.503186273156,0.0,0.0,179.59636537747943,6.01251270450824e-14,6.01251270450824e-14
0.0449,8573.338463736953,0.0,0.0,179.59303145181335,6.012395171651156e-14,6.012395171651156e-14
0.044950000000000004,8573.181499008846,0.0,0.0,179.58961720705335,6.012286540355878e-14,6.012286540355878e-14
0.045000000000000005,8573.02380933818,0.0,0.0,179.58625482156194,6.012168209946334e-14,6.012168209946334e-14
0.04505,8572.86081618007,0.0,0.0,179.58284147946597,6.012059650527126e-14,6.012059650527126e-14
0.0451,8572.713655023215,0.0,0.0,179.57947584230683,6.011943398092479e-14,6.011943398092479e-14
0.04515,8572.553197224066,0.0,0.0,179.57608353744186,6.011830785956748e-14,6.011830785956748e-14
0.045200000000000004,8572.40170848738,0.0,0.0,179.5727265453032,6.011719654052677e-14,6.011719654052677e-14
0.045250000000000005,8572.255981483184,0.0,0.0,179.5693837028768,6.011606702729591e-14,6.011606702729591e-14
0.0453,8572.103921354028,0.0,0.0,179.56604497669053,6.011496216287981e-14,6.011496216287981e-14
0.04535,8571.95638930384,0.0,0.0,179.562768650837,6.011385323485793e-14,6.011385323485793e-14
0.0454,8571.823162302897,0.0,0.0,179.55947408753605,6.011279066403933e-14,6.011279066403933e-14
0.045450000000000004,8571.674026593895,0.0,0.0,179.55627728541486,6.011165667833078e-14,6.011165667833078e-14
0.0455,8571.539679564192,0.0,0.0,179.55304723008723,6.01106681467218e-14,6.01106681467218e-14
0.04555,8571.409937776443,0.0,0.0,179.5499404420343,6.010955002322364e-14,6.010955002322364e-14
0.0456,8571.275899774026,0.0,0.0,179.5467972688451,6.010857209513193e-14,6.010857209513193e-14
0.04565,8571.153481230162,0.0,0.0,179.5438069590443,6.010751040915566e-14,6.010751040915566e-14
0.045700000000000005,8571.031937352602,0.0,0.0,179.54077164982675,6.010657999804275e-14,6.010657999804275e-14
0.04575,8570.91152942511,0.0,0.0,179.5379020525571,6.010553910968143e-14,6.010553910968143e-14
0.0458,8570.80025866294,0.0,0.0,179.53500357145202,6.010465576183089e-14,6.010465576183089e-14
0.04585,8570.692811106415,0.0,0.0,179.53226219056992,6.01036796024981e-14,6.01036796024981e-14
0.0459,8570.585572983162,0.0,0.0,179.52952770288107,6.010282602864489e-14,6.010282602864489e-14
0.045950000000000005,8570.490519391757,0.0,0.0,179.52692785208012,6.010192034114724e-14,6.010192034114724e-14
0.046,8570.388919589148,0.0,0.0,179.52436375667148,6.010109796122508e-14,6.010109796122508e-14
0.04605,8570.304617841044,0.0,0.0,179.52191627908545,6.010027379697254e-14,6.010027379697254e-14
0.0461,8570.217445979526,0.0,0.0,179.51954541612994,6.009949105907504e-14,6.009949105907504e-14
0.046150000000000004,8570.138018449417,0.0,0.0,179.5172602585989,6.009874910130956e-14,6.009874910130956e-14
0.046200000000000005,8570.062962190355,0.0,0.0,179.51509846349205,6.009800041558467e-14,6.009800041558467e-14
0.04625,8569.9960436833,0.0,0.0,179.5129843147273,6.009735462783555e-14,6.009735462783555e-14
0.0463,8569.930030587764,0.0,0.0,179.51104451891592,6.009665621416436e-14,6.009665621416436e-14
0.04635,8569.877126502402,0.0,0.0,179.50912498099586,6.009608873176962e-14,6.009608873176962e-14
0.046400000000000004,8569.82028440461,0.0,0.0,179.50740716112838,6.009545173792114e-14,6.009545173792114e-14
0.046450000000000005,8569.779386800641,0.0,0.0,179.50570353921816,6.009497869708638e-14,6.009497869708638e-14
0.0465,8569.739709476962,0.0,0.0,179.50421791854384,6.009438840829983e-14,6.009438840829983e-14
0.04655,8569.699944760554,0.0,0.0,179.50273448369649,6.009401364006815e-14,6.009401364006815e-14
0.0466,8569.678595033138,0.0,0.0,179.5014841206174,6.009351116861432e-14,6.009351116861432e-14
0.046650000000000004,8569.65470740076,0.0,0.0,179.50023885339726,6.009317270600006e-14,6.009317270600006e-14
0.046700000000000005,8569.634893801463,0.0,0.0,179.49921835353388,6.009278382324679e-14,6.009278382324679e-14
0.04675,8569.630071713893,0.0,0.0,179.4982303496222,6.009253755434123e-14,6.009253755434123e-14
0.0468,8569.624704074822,0.0,0.0,179.49743350631118,6.009220340174324e-14,6.009220340174324e-14
0.04685,8569.619873690664,0.0,0.0,179.49670750666093,6.009203013620265e-14,6.009203013620265e-14
0.046900000000000004,8569.639639502251,0.0,0.0,179.49614418211726,6.009183175448915e-14,6.009183175448915e-14
0.046950000000000006,8569.64656108024,0.0,0.0,179.4956890120632,6.009168640270954e-14,6.009168640270954e-14
0.047,8569.667875219373,0.0,0.0,179.49536290083225,6.009161217752358e-14,6.009161217752358e-14
0.04705,8569.6971072901,0.0,0.0,179.49518105631762,6.009153105331821e-14,6.009153105331821e-14
0.0471,8569.727912430708,0.0,0.0,179.4950867500547,6.009154760181242e-14,6.009154760181242e-14
0.047150000000000004,8569.766115432603,0.0,0.0,179.49518848272203,6.009154906494277e-14,6.009154906494277e-14
0.0472,8569.815402861315,0.0,0.0,179.49533399029323,6.009167514406557e-14,6.009167514406557e-14
0.04725,8569.858644403645,0.0,0.0,179.49570187992728,6.009172072401946e-14,6.009172072401946e-14
0.0473,8569.919196384077,0.0,0.0,179.4960938310787,6.00919637346053e-14,6.00919637346053e-14
0.04735,8569.980925139173,0.0,0.0,179.49671817195429,6.0092081330624e-14,6.0092081330624e-14
0.047400000000000005,8570.043737314469,0.0,0.0,179.49735692596636,6.00924075782956e-14,6.00924075782956e-14
0.04745,8570.121313425176,0.0,0.0,179.49823311972781,6.009262366966311e-14,6.009262366966311e-14
0.0475,8570.196770639437,0.0,0.0,179.4991190250373,6.009300930974167e-14,6.009300930974167e-14
0.04755,8570.279467127832,0.0,0.0,179.50023414875227,6.009331369583639e-14,6.009331369583639e-14
0.0476,8570.368976188125,0.0,0.0,179.50137247881653,6.009379254711158e-14,6.009379254711158e-14
0.047650000000000005,8570.46386156107,0.0,0.0,179.5027118395695,6.009418306257619e-14,6.009418306257619e-14
0.0477,8570.559452565358,0.0,0.0,179.50410763797336,6.009469851106485e-14,6.009469851106485e-14
0.04775,8570.66718398278,0.0,0.0,179.50566075811506,6.009521055336311e-14,6.009521055336311e-14
0.0478,8570.771127399235,0.0,0.0,179.50730481004672,6.009578492132935e-14,6.009578492132935e-14
0.047850000000000004,8570.887757276634,0.0,0.0,179.50906511907377,6.009637886957776e-14,6.009637886957776e-14
0.047900000000000005,8570.999547951973,0.0,0.0,179.51094242788946,6.00970019195308e-14,6.00970019195308e-14
0.04795,8571.124621733888,0.0,0.0,179.51289812267186,6.009770480748629e-14,6.009770480748629e-14
0.048,8571.248839783011,0.0,0.0,179.51500554301592,6.00983599062132e-14,6.00983599062132e-14
0.04805,8571.374912525345,0.0,0.0,179.51714126688725,6.009915378354276e-14,6.009915378354276e-14
0.048100000000000004,8571.506975320775,0.0,0.0,179.51945627995576,6.00998704223747e-14,6.00998704223747e-14
0.048150000000000005,8571.64630861334,0.0,0.0,179.52176956887334,6.010071846532643e-14,6.010071846532643e-14
0.0482,8571.779824037587,0.0,0.0,179.52427404056965,6.010148910064462e-14,6.010148910064462e-14
0.04825,8571.92528811661,0.0,0.0,179.52676334253445,6.010242355762663e-14,6.010242355762663e-14
0.0483,8572.070348609312,0.0,0.0,179.52943535976104,6.010322871610225e-14,6.010322871610225e-14
0.048350000000000004,8572.213349690923,0.0,0.0,179.53208779271188,6.010421039646026e-14,6.010421039646026e-14
0.048400000000000006,8572.368800177535,0.0,0.0,179.53491282733293,6.010508891011505e-14,6.010508891011505e-14
0.04845,8572.518103983728,0.0,0.0,179.53771936884763,6.010609583411487e-14,6.010609583411487e-14
0.0485,8572.671548298047,0.0,0.0,179.54067364069223,6.010704321787373e-14,6.010704321787373e-14
0.04855,8572.829244265795,0.0,0.0,179.54362628609388,6.010807561833337e-14,6.010807561833337e-14
0.048600000000000004,8572.985603158626,0.0,0.0,179.54668154558203,6.010906524723329e-14,6.010906524723329e-14
0.048650000000000006,8573.14147617146,0.0,0.0,179.5497658218198,6.011013521672443e-14,6.011013521672443e-14
0.0487,8573.307014211628,0.0,0.0,179.55290886589802,6.011118072567114e-14,6.011118072567114e-14
0.04875,8573.460684182774,0.0,0.0,179.55610123991934,6.01122360466516e-14,6.01122360466516e-14
0.0488,8573.625416221617,0.0,0.0,179.55931580937988,6.011335295541266e-14,6.011335295541266e-14
0.048850000000000005,8573.787571274626,0.0,0.0,179.56260075327117,6.01144129849551e-14,6.01144129849551e-14
0.0489,8573.946606474272,0.0,0.0,179.56586744285434,6.011555136575769e-14,6.011555136575769e-14
0.04895,8574.108831619595,0.0,0.0,179.56922457726006,6.011663340540454e-14,6.011663340540454e-14
0.049,8574.273388303784,0.0,0.0,179.57253099739535,6.011779795666279e-14,6.011779795666279e-14
0.04905,8574.430768993681,0.0,0.0,179.57593781209073,6.01188674520963e-14,6.01188674520963e-14
0.049100000000000005,8574.59269581484,0.0,0.0,179.5792726922531,6.01200643433222e-14,6.01200643433222e-14
0.04915,8574.75222912377,0.0,0.0,179.58269800744338,6.012113812384961e-14,6.012113812384961e-14
0.0492,8574.908854296433,0.0,0.0,179.58604762096434,6.012232178636272e-14,6.012232178636272e-14
0.04925,8575.067423104521,0.0,0.0,179.58947172992305,6.012340985555623e-14,6.012340985555623e-14
0.049300000000000004,8575.22065992966,0.0,0.0,179.5928180784728,6.012458644022923e-14,6.012458644022923e-14
0.049350000000000005,8575.374920680448,0.0,0.0,179.59621668445288,6.012567091421032e-14,6.012567091421032e-14
0.0494,8575.524392189427,0.0,0.0,179.59954349319543,6.0126823261638e-14,6.0126823261638e-14
0.04945,8575.674211712203,0.0,0.0,179.60289147901946,6.012791475427409e-14,6.012791475427409e-14
0.0495,8575.82003278355,0.0,0.0,179.6061873472298,6.012903229477371e-14,6.012903229477371e-14
0.049550000000000004,8575.964351269564,0.0,0.0,179.60946604403586,6.013012046143006e-14,6.013012046143006e-14
0.049600000000000005,8576.102743198522,0.0,0.0,179.61270882575067,6.013119928600657e-14,6.013119928600657e-14
0.04965,8576.243194834567,0.0,0.0,179.61590157876392,6.013227541432331e-14,6.013227541432331e-14
0.0497,8576.375106121355,0.0,0.0,179.6190717528686,6.013331349144731e-14,6.013331349144731e-14
0.04975,8576.50737264608,0.0,0.0,179.62216476649837,6.013437390048344e-14,6.013437390048344e-14
0.049800000000000004,8576.633961037103,0.0,0.0,179.62524192185518,6.013535859984193e-14,6.013535859984193e-14
0.049850000000000005,8576.756695016362,0.0,0.0,179.62821656901215,6.013639352244214e-14,6.013639352244214e-14
0.0499,8576.876468517226,0.0,0.0,179.63118158661518,6.013733708369323e-14,6.013733708369323e-14
0.04995,8576.991420208382,0.0,0.0,179.6340252492866,6.013832311354662e-14,6.013832311354662e-14
0.05,8577.100698561004,0.0,0.0,179.6368538663254,6.01392243955949e-14,6.01392243955949e-14
0.050050000000000004,8577.208249123169,0.0,0.0,179.63955669711237,6.014016304174658e-14,6.014016304174658e-14
0.050100000000000006,8577.309076952164,0.0,0.0,179.64222963223236,6.014100696411533e-14,6.014100696411533e-14
0.05015,8577.404217828125,0.0,0.0,179.6447771242611,6.014189397009636e-14,6.014189397009636e-14
0.0502,8577.49800352818,0.0,0.0,179.64727884733742,6.01426922600785e-14,6.01426922600785e-14
0.05025,8577.582761871021,0.0,0.0,179.6496580573882,6.014349919936681e-14,6.014349919936681e-14
0.050300000000000004,8577.664473382878,0.0,0.0,179.65197308328678,6.014425322180003e-14,6.014425322180003e-14
0.050350000000000006,8577.740968757675,0.0,0.0,179.65417350565158,6.014499289378374e-14,6.014499289378374e-14
0.0504,8577.811178097669,0.0,0.0,179.6562869902426,6.014568144123355e-14,6.014568144123355e-14
0.05045,8577.875389953891,0.0,0.0,179.65829516777052,6.014634820294684e-14,6.014634820294684e-14
0.0505,8577.93615230816,0.0,0.0,179.66019631513385,6.014697819856427e-14,6.014697819856427e-14
0.050550000000000005,8577.988644486524,0.0,0.0,179.66199905540776,6.014756237046868e-14,6.014756237046868e-14
0.0506,8578.037048777287,0.0,0.0,179.66368015827328,6.014812893570832e-14,6.014812893570832e-14
0.05065,8578.078798067112,0.0,0.0,179.6652638157915,6.014863332057052e-14,6.014863332057052e-14
0.0507,8578.114849687718,0.0,0.0,179.66671579957656,6.014912355067368e-14,6.014912355067368e-14
0.05075,8578.144976405085,0.0,0.0,179.66807114190857,6.014955224325386e-14,6.014955224325386e-14
0.050800000000000005,8578.16914827049,0.0,0.0,179.6692880752238,6.014996407561514e-14,6.014996407561514e-14
0.05085,8578.187035607503,0.0,0.0,179.6704048296269,6.015031159142991e-14,6.015031159142991e-14
0.0509,8578.199137230393,0.0,0.0,179.67138207311905,6.015064169139008e-14,6.015064169139008e-14
0.05095,8578.204984857006,0.0,0.0,179.6722522798586,6.015090967167993e-14,6.015090967167993e-14
0.051000000000000004,8578.20483549655,0.0,0.0,179.67298543628405,6.015115360800292e-14,6.015115360800292e-14
0.051050000000000005,8578.198438590834,0.0,0.0,179.67360398913968,6.015134220079694e-14,6.015134220079694e-14
0.0511,8578.186231761192,0.0,0.0,179.6740886263195,6.015149804256172e-14,6.015149804256172e-14
0.05115,8578.167595691139,0.0,0.0,179.6744523234067,6.015160450055049e-14,6.015160450055049e-14
0.0512,8578.14335076063,0.0,0.0,179.67468492198333,6.015167336783617e-14,6.015167336783617e-14
0.051250000000000004,8578.112594193455,0.0,0.0,179.67479246321298,6.01516963563794e-14,6.01516963563794e-14
0.051300000000000005,8578.07642573157,0.0,0.0,179.6747706371907,6.015167880017729e-14,6.015167880017729e-14
0.05135,8578.033904706008,0.0,0.0,179.6746228521136,6.01516160499895e-14,6.01516160499895e-14
0.0514,8577.985889383272,0.0,0.0,179.67434516121267,6.015151389947425e-14,6.015151389947425e-14
0.05145,8577.931436210778,0.0,0.0,179.6739443372504,6.0151364891481e-14,6.0151364891481e-14
0.051500000000000004,8577.87283664508,0.0,0.0,179.6734114861182,6.015118038620516e-14,6.015118038620516e-14
0.051550000000000006,8577.80637005204,0.0,0.0,179.67276071900872,6.015094298764388e-14,6.015094298764388e-14
0.0516,8577.735739808662,0.0,0.0,179.6719745022131,6.015068036128052e-14,6.015068036128052e-14
0.05165,8577.660293641367,0.0,0.0,179.6710781364151,6.015035469149745e-14,6.015035469149745e-14
0.0517,8577.577701729639,0.0,0.0,179.67004288140646,6.015001218062669e-14,6.015001218062669e-14
0.051750000000000004,8577.491152644112,0.0,0.0,179.66890584590757,6.014960591607598e-14,6.014960591607598e-14
0.051800000000000006,8577.399819036584,0.0,0.0,179.6676280846822,6.014918392604665e-14,6.014918392604665e-14
0.05185,8577.302134073283,0.0,0.0,179.66625471455959,6.014869461620351e-14,6.014869461620351e-14
0.0519,8577.200611860766,0.0,0.0,179.66474429906117,6.014819934233666e-14,6.014819934233666e-14
0.05195,8577.09579126699,0.0,0.0,179.66314096387782,6.014763317455295e-14,6.014763317455295e-14
0.052000000000000005,8576.982547564132,0.0,0.0,179.66140807018039,6.014705927266751e-14,6.014705927266751e-14
0.05205,8576.869774337953,0.0,0.0,179.65958256634855,6.014642804743093e-14,6.014642804743093e-14
0.0521,8576.74895654574,0.0,0.0,179.65763834532555,6.014577224857491e-14,6.014577224857491e-14
0.05215,8576.626076413739,0.0,0.0,179.65559841018535,6.014507972252386e-14,6.014507972252386e-14
0.0522,8576.498884184955,0.0,0.0,179.65345768329607,6.014435295654876e-14,6.014435295654876e-14
0.052250000000000005,8576.368527797376,0.0,0.0,179.65121180160313,6.014359752311636e-14,6.014359752311636e-14
0.0523,8576.231922370845,0.0,0.0,179.64888686020393,6.014279778545207e-14,6.014279778545207e-14
0.05235,8576.09742262381,0.0,0.0,179.6464482277504,6.01419968960606e-14,6.01419968960606e-14
0.0524,8575.95392816248,0.0,0.0,179.6439516079214,6.014112199478948e-14,6.014112199478948e-14
0.052450000000000004,8575.810895596991,0.0,0.0,179.64133446984292,6.014027485007732e-14,6.014027485007732e-14
0.052500000000000005,8575.665225929146,0.0,0.0,179.63867956635949,6.013934148927589e-14,6.013934148927589e-14
0.05255,8575.515920891117,0.0,0.0,179.6359007642017,6.013844381856583e-14,6.013844381856583e-14
0.0526,8575.364357827002,0.0,0.0,179.6331019335134,6.013745807001334e-14,6.013745807001334e-14
0.05265,8575.21166627378,0.0,0.0,179.63017843646867,6.013652160857444e-14,6.013652160857444e-14
0.052700000000000004,8575.056880099806,0.0,0.0,179.62724797137793,6.01354854514095e-14,6.01354854514095e-14
0.052750000000000005,8574.899691866154,0.0,0.0,179.6242028285531,6.013450586553557e-14,6.013450586553557e-14
0.0528,8574.742449121879,0.0,0.0,179.62115213842586,6.013344269904885e-14,6.013344269904885e-14
0.05285,8574.582134958624,0.0,0.0,179.61800569939598,6.013241715785847e-14,6.013241715785847e-14
0.0529,8574.423447945466,0.0,0.0,179.6148485049101,6.013132712645587e-14,6.013132712645587e-14
0.052950000000000004,8574.259764967652,0.0,0.0,179.61161983022154,6.013026650313533e-14,6.013026650313533e-14
0.053000000000000005,8574.101941862516,0.0,0.0,179.60837276148754,6.012916381059588e-14,6.012916381059588e-14
0.05305,8573.937382917895,0.0,0.0,179.605084080913,6.012805960851579e-14,6.012805960851579e-14
0.0531,8573.776396823696,0.0,0.0,179.60176078727778,6.012695883614135e-14,6.012695883614135e-14
0.05315,8573.614765089731,0.0,0.0,179.59843237076765,6.012581869198506e-14,6.012581869198506e-14
0.053200000000000004,8573.454761711611,0.0,0.0,179.59505209448025,6.012471737722858e-14,6.012471737722858e-14
0.053250000000000006,8573.292095964422,0.0,0.0,179.59170411990505,6.012355903078132e-14,6.012355903078132e-14
0.0533,8573.1356335927,0.0,0.0,179.5882889685123,6.01224610346887e-14,6.01224610346887e-14
0.05335,8572.974257920652,0.0,0.0,179.5849345154576,6.012127882871286e-14,6.012127882871286e-14
0.0534,8572.818740935827,0.0,0.0,179.5815082937528,6.01202028945346e-14,6.01202028945346e-14
0.053450000000000004,8572.664302312814,0.0,0.0,179.57816527332176,6.011901021886343e-14,6.011901021886343e-14
0.053500000000000006,8572.50745016968,0.0,0.0,179.57474804958093,6.01179392111595e-14,6.01179392111595e-14
0.05355,8572.358434280657,0.0,0.0,179.57143130299136,6.011676427230446e-14,6.011676427230446e-14
0.0536,8572.208279570916,0.0,0.0,179.56804887406892,6.011569454334666e-14,6.011569454334666e-14
0.05365,8572.059488775632,0.0,0.0,179.56476835363983,6.011454102701751e-14,6.011454102701751e-14
0.053700000000000005,8571.915741893343,0.0,0.0,179.5614469594505,6.011349179758357e-14,6.011349179758357e-14
0.05375,8571.776379205596,0.0,0.0,179.5582165576272,6.011235854776592e-14,6.011235854776592e-14
0.0538,8571.63220629236,0.0,0.0,179.55497862869132,6.011131690704782e-14,6.011131690704782e-14
0.05385,8571.502909820823,0.0,0.0,179.55181541354648,6.011024720498974e-14,6.011024720498974e-14
0.0539,8571.367235586666,0.0,0.0,179.548681855936,6.010920153331327e-14,6.010920153331327e-14
0.053950000000000005,8571.239722051281,0.0,0.0,179.54560102265566,6.010818533186595e-14,6.010818533186595e-14
0.054,8571.115077622879,0.0,0.0,179.54259223362433,6.010716535317767e-14,6.010716535317767e-14
0.05405,8570.996678679081,0.0,0.0,179.53961015902797,6.010620240746287e-14,6.010620240746287e-14
0.0541,8570.87671588249,0.0,0.0,179.53674491855975,6.010520402473624e-14,6.010520402473624e-14
0.054150000000000004,8570.767902392674,0.0,0.0,179.533879081224,6.010431453806691e-14,6.010431453806691e-14
0.054200000000000005,8570.65767954878,0.0,0.0,179.53116563479713,6.01033354573826e-14,6.01033354573826e-14
0.05425,8570.556409373294,0.0,0.0,179.52844003468195,6.010251163411517e-14,6.010251163411517e-14
0.0543,8570.457590858121,0.0,0.0,179.525890164965,6.010158588587866e-14,6.010158588587866e-14
0.05435,8570.363396635334,0.0,0.0,179.52332268489596,6.010081667800646e-14,6.010081667800646e-14
0.054400000000000004,8570.276344532891,0.0,0.0,179.52094565090457,6.009994216723035e-14,6.009994216723035e-14
0.054450000000000005,8570.191864403143,0.0,0.0,179.5185569710323,6.009923689226419e-14,6.009923689226419e-14
0.0545,8570.11543922767,0.0,0.0,179.5163607687675,6.009843262307225e-14,6.009843262307225e-14
0.05455,8570.04172166566,0.0,0.0,179.51417299530607,6.009777777676077e-14,6.009777777676077e-14
0.0546,8569.976502535508,0.0,0.0,179.51216251437202,6.009705784890384e-14,6.009705784890384e-14
0.054650000000000004,8569.913127962778,0.0,0.0,179.51019478186433,6.00964493716904e-14,6.00964493716904e-14
0.054700000000000006,8569.860324547695,0.0,0.0,179.50837639554362,6.009582248365669e-14,6.009582248365669e-14
0.05475,8569.806942088293,0.0,0.0,179.50664204885155,6.009527025746222e-14,6.009527025746222e-14
0.0548,8569.767536894971,0.0,0.0,179.5050263755905,6.009473575212597e-14,6.009473575212597e-14
0.05485,8569.72456162079,0.0,0.0,179.50353422655982,6.00942277721316e-14,6.00942277721316e-14
0.054900000000000004,8569.695751298785,0.0,0.0,179.5021281931713,6.009380878430141e-14,6.009380878430141e-14
0.054950000000000006,8569.668661837257,0.0,0.0,179.5008894117288,6.009334897262318e-14,6.009334897262318e-14
0.055,8569.647787782422,0.0,0.0,179.49969993777663,6.009302577427113e-14,6.009302577427113e-14
0.05505,8569.632881606001,0.0,0.0,179.4987168135775,6.009263930508472e-14,6.009263930508472e-14
0.0551,8569.628828261668,0.0,0.0,179.49775990295964,6.00924046351469e-14,6.00924046351469e-14
0.055150000000000005,8569.62223159154,0.0,0.0,179.49703144217528,6.009208498058859e-14,6.009208498058859e-14
0.055200000000000006,8569.628282400894,0.0,0.0,179.4963178967661,6.009195931101515e-14,6.009195931101515e-14
0.05525,8569.64068037192,0.0,0.0,179.49584184154284,6.009170622879991e-14,6.009170622879991e-14
0.0553,8569.653356996936,0.0,0.0,179.49538258996728,6.009165678761241e-14,6.009165678761241e-14
0.05535,8569.679149267737,0.0,0.0,179.49515821135674,6.009151602213731e-14,6.009151602213731e-14
0.055400000000000005,8569.706367226885,0.0,0.0,179.494960754609,6.009153057263184e-14,6.009153057263184e-14
0.05545,8569.740547183348,0.0,0.0,179.49497965744058,6.009148233576083e-14,6.009148233576083e-14
0.0555,8569.780702705808,0.0,0.0,179.4950535249074,6.009157770323994e-14,6.009157770323994e-14
0.05555,8569.829432099566,0.0,0.0,179.49530915576733,6.009162978399047e-14,6.009162978399047e-14
0.055600000000000004,8569.87707656984,0.0,0.0,179.4956577794927,6.009178357189214e-14,6.009178357189214e-14
0.055650000000000005,8569.939828456372,0.0,0.0,179.49614793342718,6.009195550507233e-14,6.009195550507233e-14
0.0557,8569.998852791554,0.0,0.0,179.4967668205368,6.00921575261148e-14,6.00921575261148e-14
0.05575,8570.070628917192,0.0,0.0,179.497489219672,6.009244168726661e-14,6.009244168726661e-14
0.0558,8570.14425422804,0.0,0.0,179.49837765989702,6.009270886666448e-14,6.009270886666448e-14
0.055850000000000004,8570.224655787997,0.0,0.0,179.4993286177973,6.009309075019048e-14,6.009309075019048e-14
0.055900000000000005,8570.308107031802,0.0,0.0,179.50047800309747,6.009342043954804e-14,6.009342043954804e-14
0.05595,8570.401245151836,0.0,0.0,179.5016573693299,6.009390532817143e-14,6.009390532817143e-14
0.056,8570.494368601656,0.0,0.0,179.50305604399804,6.009429442484524e-14,6.009429442484524e-14
0.05605,8570.594911170387,0.0,0.0,179.50446387822507,6.009486993648508e-14,6.009486993648508e-14
0.056100000000000004,8570.70052331746,0.0,0.0,179.50609471408103,6.009533536902513e-14,6.009533536902513e-14
0.056150000000000005,8570.809217209176,0.0,0.0,179.50773091782904,6.009597730750883e-14,6.009597730750883e-14
0.0562,8570.923883499245,0.0,0.0,179.50957960215416,6.009652461702491e-14,6.009652461702491e-14
0.05625,8571.039889801259,0.0,0.0,179.51143750033867,6.009723690889295e-14,6.009723690889295e-14
0.0563,8571.165078537237,0.0,0.0,179.51348778500594,6.009785889074156e-14,6.009785889074156e-14
0.056350000000000004,8571.288012450656,0.0,0.0,179.51556420582463,6.009861857026327e-14,6.009861857026327e-14
0.056400000000000006,8571.420028105507,0.0,0.0,179.5177981773356,6.009934061653189e-14,6.009934061653189e-14
0.05645,8571.552034470335,0.0,0.0,179.5200870099534,6.010013600341094e-14,6.010013600341094e-14
0.0565,8571.690331674487,0.0,0.0,179.52248883124906,6.010093542266023e-14,6.010093542266023e-14
0.05655,8571.826872979136,0.0,0.0,179.52497660688692,6.01017781762443e-14,6.01017781762443e-14
0.056600000000000004,8571.974714353344,0.0,0.0,179.52753525211213,6.010265772056078e-14,6.010265772056078e-14
0.056650000000000006,8572.11603023342,0.0,0.0,179.53020735329162,6.010352358184423e-14,6.010352358184423e-14
0.0567,8572.26645707169,0.0,0.0,179.53290956894006,6.010448774719131e-14,6.010448774719131e-14
0.05675,8572.41632452446,0.0,0.0,179.53574699232408,6.010538104973176e-14,6.010538104973176e-14
0.0568,8572.569105027274,0.0,0.0,179.53857950277563,6.010640187611534e-14,6.010640187611534e-14
0.056850000000000005,8572.72316500186,0.0,0.0,179.5415640018442,6.01073382836697e-14,6.01073382836697e-14
0.056900000000000006,8572.880761252565,0.0,0.0,179.54451650731735,6.010840486969281e-14,6.010840486969281e-14
0.05695,8573.03625150636,0.0,0.0,179.5476212607712,6.010937047071708e-14,6.010937047071708e-14
0.057,8573.196693779471,0.0,0.0,179.55068496146467,6.011048143728577e-14,6.011048143728577e-14
0.057050000000000003,8573.357125334289,0.0,0.0,179.55388739275932,6.011147962019026e-14,6.011147962019026e-14
0.057100000000000005,8573.51534206695,0.0,0.0,179.55704877522524,6.01126130376802e-14,6.01126130376802e-14
0.05715,8573.679798382913,0.0,0.0,179.56032737087176,6.011365461779819e-14,6.011365461779819e-14
0.0572,8573.839466715155,0.0,0.0,179.56357312732388,6.011478864464868e-14,6.011478864464868e-14
0.05725,8574.001771954716,0.0,0.0,179.56690443638055,6.011587248711207e-14,6.011587248711207e-14
0.057300000000000004,8574.163288713471,0.0,0.0,179.5702206457029,6.011701379733302e-14,6.011701379733302e-14
0.057350000000000005,8574.325901862518,0.0,0.0,179.5735827413751,6.01181193154717e-14,6.01181193154717e-14
0.0574,8574.483853553884,0.0,0.0,179.57695166433467,6.011925388963522e-14,6.011925388963522e-14
0.05745,8574.646988163417,0.0,0.0,179.58032572243602,6.012039729775454e-14,6.012039729775454e-14
0.0575,8574.803475294679,0.0,0.0,179.58372627993285,6.012150927386893e-14,6.012150927386893e-14
0.057550000000000004,8574.962166004576,0.0,0.0,179.58709548247006,6.012267080535311e-14,6.012267080535311e-14
0.057600000000000005,8575.117459830999,0.0,0.0,179.59050460837304,6.01237729196943e-14,6.01237729196943e-14
0.05765,8575.272812182524,0.0,0.0,179.5938526087876,6.012493725617676e-14,6.012493725617676e-14
0.0577,8575.424418801349,0.0,0.0,179.59724954267824,6.012602047709795e-14,6.012602047709795e-14
0.05775,8575.575026082666,0.0,0.0,179.60056061471235,6.01271868708232e-14,6.01271868708232e-14
0.057800000000000004,8575.722905825283,0.0,0.0,179.6039200258436,6.012824811060716e-14,6.012824811060716e-14
0.057850000000000006,8575.86836320934,0.0,0.0,179.60718184572508,6.012939415015883e-14,6.012939415015883e-14
0.0579,8576.01112533229,0.0,0.0,179.6104803858391,6.013044309981624e-14,6.013044309981624e-14
0.05795,8576.1502982471,0.0,0.0,179.61367873799327,6.013156046962547e-14,6.013156046962547e-14
0.058,8576.287669813026,0.0,0.0,179.6168935932138,6.013258579858519e-14,6.013258579858519e-14
0.058050000000000004,8576.41937349588,0.0,0.0,179.62001277271509,6.01336653124007e-14,6.01336653124007e-14
0.058100000000000006,8576.550580015093,0.0,0.0,179.62312379736395,6.013467104616785e-14,6.013467104616785e-14
0.05815,8576.6747369877,0.0,0.0,179.62614780541915,6.013570065566573e-14,6.013570065566573e-14
0.0582,8576.797835284175,0.0,0.0,179.62913539822497,6.013668231643473e-14,6.013668231643473e-14
0.05825,8576.914654715141,0.0,0.0,179.63204828445066,6.013765461787422e-14,6.013765461787422e-14
0.058300000000000005,8577.028885091293,0.0,0.0,179.63489468896546,6.013860540110677e-14,6.013860540110677e-14
0.058350000000000006,8577.136959753425,0.0,0.0,179.6376791266744,6.013952207035743e-14,6.013952207035743e-14
0.0584,8577.242875653546,0.0,0.0,179.64037106859766,6.014043058214264e-14,6.014043058214264e-14
0.05845,8577.3409971867,0.0,0.0,179.64300801381,6.014128436742717e-14,6.014128436742717e-14
0.0585,8577.437109162793,0.0,0.0,179.64553300363522,6.01421507694889e-14,6.01421507694889e-14
0.058550000000000005,8577.526689549666,0.0,0.0,179.6480058445665,6.014293766139468e-14,6.014293766139468e-14
0.058600000000000006,8577.611144112603,0.0,0.0,179.65035154269947,6.014374760762503e-14,6.014374760762503e-14
0.05865,8577.690871652236,0.0,0.0,179.65264319488548,6.014447584550962e-14,6.014447584550962e-14
0.0587,8577.76531435568,0.0,0.0,179.65479966793112,6.014521711228215e-14,6.014521711228215e-14
0.058750000000000004,8577.833502930116,0.0,0.0,179.65689417386236,6.014588047147367e-14,6.014588047147367e-14
0.058800000000000005,8577.89679585051,0.0,0.0,179.65885166873736,6.014655529778454e-14,6.014655529778454e-14
0.05885,8577.954477792076,0.0,0.0,179.6607344257763,6.014715011775266e-14,6.014715011775266e-14
0.0589,8578.005670503164,0.0,0.0,179.66248337078864,6.014774555995462e-14,6.014774555995462e-14
0.05895,8578.052096884092,0.0,0.0,179.66414337919522,6.014827697443475e-14,6.014827697443475e-14
0.059000000000000004,8578.091748653524,0.0,0.0,179.66567399721632,6.014878959396259e-14,6.014878959396259e-14
0.059050000000000005,8578.126035843377,0.0,0.0,179.66710167237338,6.014924953777948e-14,6.014924953777948e-14
0.0591,8578.1539930255,0.0,0.0,179.66840521077094,6.014967958123108e-14,6.014967958123108e-14
0.05915,8578.176246100098,0.0,0.0,179.6695930024072,6.015006527810337e-14,6.015006527810337e-14
0.0592,8578.192131354033,0.0,0.0,179.67066126381764,6.015041033003334e-14,6.015041033003334e-14
0.059250000000000004,8578.202203216822,0.0,0.0,179.6716040136099,6.015071850812454e-14,6.015071850812454e-14
0.059300000000000005,8578.206017206032,0.0,0.0,179.67242890383335,6.015097833154644e-14,6.015097833154644e-14
0.05935,8578.203795392483,0.0,0.0,179.67312298074276,6.01512048993982e-14,6.01512048993982e-14
0.0594,8578.195480896897,0.0,0.0,179.67369830692692,6.015138089017926e-14,6.015138089017926e-14
0.05945,8578.181089185795,0.0,0.0,179.6741412034667,6.015152204758238e-14,6.015152204758238e-14
0.059500000000000004,8578.160640537828,0.0,0.0,179.67446236979728,6.015161474931064e-14,6.015161474931064e-14
0.059550000000000006,8578.134148780564,0.0,0.0,179.67465254117525,6.015166887080117e-14,6.015166887080117e-14
0.0596,8578.101587921596,0.0,0.0,179.67471708156395,6.015167846493103e-14,6.015167846493103e-14
0.05965,8578.063368946538,0.0,0.0,179.67465385263722,6.015164465100362e-14,6.015164465100362e-14
0.0597,8578.018810259611,0.0,0.0,179.67446144660846,6.015157094452923e-14,6.015157094452923e-14
0.059750000000000004,8577.968839933132,0.0,0.0,179.6741446863334,6.015145048772959e-14,6.015145048772959e-14
0.059800000000000006,8577.912671736813,0.0,0.0,179.67369724314213,6.015129286839256e-14,6.015129286839256e-14
0.05985,8577.851631294787,0.0,0.0,179.67312769047132,6.015108658302086e-14,6.015108658302086e-14
0.0599,8577.78350529987,0.0,0.0,179.67242895102666,6.015084513624569e-14,6.015084513624569e-14
0.05995,8577.711916466063,0.0,0.0,179.6716084287911,6.015055779134483e-14,6.015055779134483e-14
0.060000000000000005,8577.632952108825,0.0,0.0,179.6706639169201,6.015022888999541e-14,6.015022888999541e-14
0.060050000000000006,8577.550038880781,0.0,0.0,179.6695953108336,6.014986423493794e-14,6.014986423493794e-14
0.0601,8577.461254641437,0.0,0.0,179.66841207799882,6.01494513624401e-14,6.01494513624401e-14
0.06015,8577.368368997972,0.0,0.0,179.66710035090125,6.014901024222942e-14,6.014901024222942e-14
0.060200000000000004,8577.268706481045,0.0,0.0,179.66568595911045,6.014851343870531e-14,6.014851343870531e-14
0.060250000000000005,8577.16676865554,0.0,0.0,179.66413805895252,6.014800254650939e-14,6.014800254650939e-14
0.0603,8577.058097796351,0.0,0.0,179.6625003332439,6.014742208907332e-14,6.014742208907332e-14
0.06035,8576.94597914319,0.0,0.0,179.6607257682693,6.014684353715845e-14,6.014684353715845e-14
0.0604,8576.829757484331,0.0,0.0,179.65887352579853,6.014618654760208e-14,6.014618654760208e-14
0.060450000000000004,8576.708288474469,0.0,0.0,179.6568827566949,6.014553882355589e-14,6.014553882355589e-14
0.060500000000000005,8576.584010378527,0.0,0.0,179.65482483960167,6.014481218981807e-14,6.014481218981807e-14
0.06055,8576.455425268181,0.0,0.0,179.65263183340062,6.014409787254804e-14,6.014409787254804e-14
0.0606,8576.323322003156,0.0,0.0,179.65037691256754,6.014330622371544e-14,6.014330622371544e-14
0.06065,8576.187004376683,0.0,0.0,179.64799704279923,6.014252840806415e-14,6.014252840806415e-14
0.060700000000000004,8576.049935935875,0.0,0.0,179.64555521922986,6.014167918486405e-14,6.014167918486405e-14
0.060750000000000005,8575.905791907568,0.0,0.0,179.6430044983466,6.014083436555543e-14,6.014083436555543e-14
0.0608,8575.763296523632,0.0,0.0,179.64038741965328,6.013994319916972e-14,6.013994319916972e-14
0.06085,8575.614498886163,0.0,0.0,179.6376827275896,6.01390320525824e-14,6.01390320525824e-14
0.0609,8575.465986327077,0.0,0.0,179.63490312519588,6.013809759085637e-14,6.013809759085637e-14
0.060950000000000004,8575.312653733066,0.0,0.0,179.63206164877235,6.013713122403454e-14,6.013713122403454e-14
0.061000000000000006,8575.160739973551,0.0,0.0,179.6291338969034,6.013616455798957e-14,6.013616455798957e-14
0.06105,8575.003005348328,0.0,0.0,179.62617246727444,6.01351371433985e-14,6.01351371433985e-14
0.0611,8574.847301815958,0.0,0.0,179.62311324458082,6.013414612778059e-14,6.013414612778059e-14
0.06115,8574.687789528569,0.0,0.0,179.62004692671775,6.013307223516755e-14,6.013307223516755e-14
0.061200000000000004,8574.529058476015,0.0,0.0,179.61687645561474,6.013205269058302e-14,6.013205269058302e-14
0.061250000000000006,8574.367541971667,0.0,0.0,179.61371997278553,6.013094141505387e-14,6.013094141505387e-14
0.0613,8574.206777150423,0.0,0.0,179.6104582052123,6.01299018592226e-14,6.01299018592226e-14
0.06135,8574.045726509381,0.0,0.0,179.60722672641612,6.012875824243321e-14,6.012875824243321e-14
0.0614,8573.882810786201,0.0,0.0,179.6038965800129,6.012769728787037e-14,6.012769728787037e-14
0.061450000000000005,8573.722370125171,0.0,0.0,179.600604116496,6.012654208258442e-14,6.012654208258442e-14
0.061500000000000006,8573.559831206356,0.0,0.0,179.59722901471986,6.012545566571859e-14,6.012545566571859e-14
0.06155,8573.399850932705,0.0,0.0,179.5938892078986,6.012429608094999e-14,6.012429608094999e-14
0.0616,8573.238412101953,0.0,0.0,179.5904933313359,6.012319111841082e-14,6.012319111841082e-14
0.06165,8573.081284179876,0.0,0.0,179.5871215330313,6.012203861326269e-14,6.012203861326269e-14
0.061700000000000005,8572.92017742039,0.0,0.0,179.58372658409252,6.012091527168629e-14,6.012091527168629e-14
0.061750000000000006,8572.766826998104,0.0,0.0,179.58033992331275,6.011978024990334e-14,6.011978024990334e-14
0.0618,8572.608956073083,0.0,0.0,179.57696643266104,6.011863821354956e-14,6.011863821354956e-14
0.06185,8572.457555100493,0.0,0.0,179.573582628934,6.011753533996307e-14,6.011753533996307e-14
0.061900000000000004,8572.305559792645,0.0,0.0,179.57025129789926,6.011638297340008e-14,6.011638297340008e-14
0.061950000000000005,8572.157478281308,0.0,0.0,179.5668894504764,6.011530417865707e-14,6.011530417865707e-14
0.062,8572.009498539228,0.0,0.0,179.56361667815142,6.011415944863589e-14,6.011415944863589e-14
0.06205,8571.86839858433,0.0,0.0,179.56030044176447,6.011311481286227e-14,6.011311481286227e-14
0.0621,8571.725612634451,0.0,0.0,179.55710050334758,6.011197290071536e-14,6.011197290071536e-14
0.062150000000000004,8571.588179413837,0.0,0.0,179.55385274000616,6.011096974909227e-14,6.011096974909227e-14
0.062200000000000005,8571.455689147742,0.0,0.0,179.55073959944536,6.010985327827663e-14,6.010985327827663e-14
0.06225,8571.322669535295,0.0,0.0,179.54758417755428,6.010887318305752e-14,6.010887318305752e-14
0.0623,8571.197016955508,0.0,0.0,179.54457008897364,6.010780280455669e-14,6.010780280455669e-14
0.06235,8571.072897620203,0.0,0.0,179.54152996689015,6.010685505257689e-14,6.010685505257689e-14
0.062400000000000004,8570.954903853342,0.0,0.0,179.5386258398727,6.010582769418068e-14,6.010582769418068e-14
0.062450000000000006,8570.837603100586,0.0,0.0,179.5357250426547,6.010491264068361e-14,6.010491264068361e-14
0.0625,8570.730301976402,0.0,0.0,179.53294187914355,6.010395353101501e-14,6.010395353101501e-14
0.06255000000000001,8570.62031783974,0.0,0.0,179.53020016880947,6.010306095973592e-14,6.010306095973592e-14
0.0626,8570.522390551618,0.0,0.0,179.52755134491645,6.010217669662722e-14,6.010217669662722e-14
0.06265,8570.422721884235,0.0,0.0,179.52498581467572,6.010131603568291e-14,6.010131603568291e-14
0.0627,8570.333990980844,0.0,0.0,179.52248603806734,6.01005111957894e-14,6.01005111957894e-14
0.06275,8570.244621095668,0.0,0.0,179.5201121350491,6.009968680957739e-14,6.009968680957739e-14
0.06280000000000001,8570.165770752606,0.0,0.0,179.51777551410876,6.009896387537668e-14,6.009896387537668e-14
0.06285,8570.087614316906,0.0,0.0,179.51560451944965,6.009818172886453e-14,6.009818172886453e-14
0.0629,8570.019018108209,0.0,0.0,179.5134487303745,6.00975453906656e-14,6.00975453906656e-14
0.06295,8569.952542412131,0.0,0.0,179.51148856531458,6.009681469838999e-14,6.009681469838999e-14
0.063,8569.893980291818,0.0,0.0,179.50953095251367,6.009625466555966e-14,6.009625466555966e-14
0.06305000000000001,8569.839830178493,0.0,0.0,179.5077856335569,6.009559448379488e-14,6.009559448379488e-14
0.0631,8569.79208387098,0.0,0.0,179.50604441697146,6.009510799005965e-14,6.009510799005965e-14
0.06315,8569.750716503682,0.0,0.0,179.50451803997848,6.009452035866059e-14,6.009452035866059e-14
0.0632,8569.712592896292,0.0,0.0,179.5030079399403,6.009410789907452e-14,6.009410789907452e-14
0.06325,8569.685269359152,0.0,0.0,179.5017033357446,6.009361118472467e-14,6.009361118472467e-14
0.06330000000000001,8569.658560641197,0.0,0.0,179.50043996595045,6.009325266978091e-14,6.009325266978091e-14
0.06335,8569.6421968419,0.0,0.0,179.49935794131315,6.009286281497477e-14,6.009286281497477e-14
0.0634,8569.628756324748,0.0,0.0,179.4983538347004,6.009256657468987e-14,6.009256657468987e-14
0.06345,8569.62520702558,0.0,0.0,179.49749736236504,6.009227238212102e-14,6.009227238212102e-14
0.0635,8569.621653101352,0.0,0.0,179.4967598522832,6.009203841710922e-14,6.009203841710922e-14
0.06355000000000001,8569.63247150304,0.0,0.0,179.49613389090402,6.009186081483419e-14,6.009186081483419e-14
0.0636,8569.641230386413,0.0,0.0,179.49566672952827,6.0091675738363e-14,6.0091675738363e-14
0.06365,8569.661485200872,0.0,0.0,179.4952752606759,6.00916093121098e-14,6.00916093121098e-14
0.0637,8569.685416930992,0.0,0.0,179.49507907485648,6.009149233931439e-14,6.009149233931439e-14
0.06375,8569.71673808004,0.0,0.0,179.49492771448627,6.009152494986333e-14,6.009152494986333e-14
0.06380000000000001,8569.751640489207,0.0,0.0,179.49499941325365,6.00914804492717e-14,6.00914804492717e-14
0.06385,8569.79571288153,0.0,0.0,179.49509420211754,6.00916108777364e-14,6.00916108777364e-14
0.0639,8569.842923502774,0.0,0.0,179.49542558519045,6.009164060416962e-14,6.009164060416962e-14
0.06395,8569.89680725635,0.0,0.0,179.4957743512203,6.009186354549218e-14,6.009186354549218e-14
0.064,8569.958113826317,0.0,0.0,179.49635743522296,6.009197952000821e-14,6.009197952000821e-14
0.06405000000000001,8570.021016532066,0.0,0.0,179.4969634448107,6.009227557943979e-14,6.009227557943979e-14
0.0641,8570.094466317314,0.0,0.0,179.49778907949454,6.009249238906683e-14,6.009249238906683e-14
0.06415,8570.168819361119,0.0,0.0,179.49865544169248,6.009285367656222e-14,6.009285367656222e-14
0.06420000000000001,8570.252373257857,0.0,0.0,179.49971310368642,6.009316855187882e-14,6.009316855187882e-14
0.06425,8570.33692935575,0.0,0.0,179.50084003017446,6.009359592932206e-14,6.009359592932206e-14
0.06430000000000001,8570.432084042284,0.0,0.0,179.50211963455075,6.009401164241945e-14,6.009401164241945e-14
0.06435,8570.525311489946,0.0,0.0,179.50350286577324,6.0094487613203e-14,6.0094487613203e-14
0.0644,8570.630505348929,0.0,0.0,179.5049961058425,6.009501472568124e-14,6.009501472568124e-14
0.06445000000000001,8570.734120259547,0.0,0.0,179.50662731223798,6.00955415278618e-14,6.00955415278618e-14
0.0645,8570.847317307338,0.0,0.0,179.5083273749226,6.009615959197587e-14,6.009615959197587e-14
0.06455,8570.960281184776,0.0,0.0,179.51019432377504,6.009674256966265e-14,6.009674256966265e-14
0.0646,8571.082067444193,0.0,0.0,179.51209489698132,6.009745494439134e-14,6.009745494439134e-14
0.06465,8571.203896628629,0.0,0.0,179.51418374152567,6.009808560973193e-14,6.009808560973193e-14
0.06470000000000001,8571.331840385494,0.0,0.0,179.5162783986496,6.009887878196943e-14,6.009887878196943e-14
0.06475,8571.462955298213,0.0,0.0,179.51857102104273,6.009957116849404e-14,6.009957116849404e-14
0.0648,8571.597588553617,0.0,0.0,179.5208557113599,6.010042689282187e-14,6.010042689282187e-14
0.06485,8571.735140948273,0.0,0.0,179.52333212484922,6.01011832306321e-14,6.01011832306321e-14
0.0649,8571.875735907191,0.0,0.0,179.52579959938316,6.010209527958426e-14,6.010209527958426e-14
0.06495000000000001,8572.021007868978,0.0,0.0,179.52843988431053,6.010291360540443e-14,6.010291360540443e-14
0.065,8572.165063096854,0.0,0.0,179.53108154105954,6.010386784519115e-14,6.010386784519115e-14
0.06505,8572.316834560297,0.0,0.0,179.53386624676892,6.010475739238588e-14,6.010475739238588e-14
0.0651,8572.465564545437,0.0,0.0,179.53667065172388,6.010573782729071e-14,6.010573782729071e-14
0.06515,8572.620759409461,0.0,0.0,179.539580021039,6.010669664154213e-14,6.010669664154213e-14
0.06520000000000001,8572.77421510223,0.0,0.0,179.54253430501785,6.01076989969787e-14,6.01076989969787e-14
0.06525,8572.933026277484,0.0,0.0,179.54555044061067,6.010871808601064e-14,6.010871808601064e-14
0.0653,8573.08851749944,0.0,0.0,179.54863766782736,6.010974097891431e-14,6.010974097891431e-14
0.06535,8573.250799821526,0.0,0.0,179.5517454199515,6.011081505954684e-14,6.011081505954684e-14
0.0654,8573.408433368704,0.0,0.0,179.55494487188628,6.011184541577542e-14,6.011184541577542e-14
0.06545000000000001,8573.571181341855,0.0,0.0,179.55812994140953,6.011297190010684e-14,6.011297190010684e-14
0.0655,8573.732002794526,0.0,0.0,179.56142067105444,6.011401484034708e-14,6.011401484034708e-14
0.06555,8573.893840220546,0.0,0.0,179.56466843976213,6.01151682153158e-14,6.01151682153158e-14
0.0656,8574.055275140541,0.0,0.0,179.568026536623,6.011622928383405e-14,6.011622928383405e-14
0.06565,8574.217620438249,0.0,0.0,179.5713244837359,6.011740380426232e-14,6.011740380426232e-14
0.06570000000000001,8574.378134619028,0.0,0.0,179.57472508276058,6.011847369892868e-14,6.011847369892868e-14
0.06575,8574.538237146537,0.0,0.0,179.578059595329,6.011965829385066e-14,6.011965829385066e-14
0.0658,8574.699143163774,0.0,0.0,179.58147816335315,6.012074356897347e-14,6.012074356897347e-14
0.06585,8574.855910645732,0.0,0.0,179.5848350511986,6.012191759074093e-14,6.012191759074093e-14
0.0659,8575.01453582648,0.0,0.0,179.58824868575695,6.012301938665832e-14,6.012301938665832e-14
0.06595000000000001,8575.168758635535,0.0,0.0,179.59161140055636,6.012417707810433e-14,6.012417707810433e-14
0.066,8575.32393612372,0.0,0.0,179.59499841012845,6.012528619948699e-14,6.012528619948699e-14
0.06605,8575.474078690608,0.0,0.0,179.5983500333144,6.012641945217064e-14,6.012641945217064e-14
0.0661,8575.625437221957,0.0,0.0,179.60169015061683,6.012753453648558e-14,6.012753453648558e-14
0.06615,8575.770877021509,0.0,0.0,179.60501162564873,6.012863418689561e-14,6.012863418689561e-14
0.06620000000000001,8575.916769985752,0.0,0.0,179.60828694170937,6.012974740348268e-14,6.012974740348268e-14
0.06625,8576.057173055251,0.0,0.0,179.61155702247603,6.013081110149206e-14,6.013081110149206e-14
0.0663,8576.19696719488,0.0,0.0,179.61475192629032,6.013191090420777e-14,6.013191090420777e-14
0.06635,8576.331275656978,0.0,0.0,179.61794908266347,6.013293847578764e-14,6.013293847578764e-14
0.0664,8576.463866955934,0.0,0.0,179.62104848805723,6.013401463409359e-14,6.013401463409359e-14
0.06645000000000001,8576.59183202704,0.0,0.0,179.62415071026888,6.013500138520849e-14,6.013500138520849e-14
0.0665,8576.716322851638,0.0,0.0,179.6271408785524,6.013604537447561e-14,6.013604537447561e-14
0.06655,8576.837081818,0.0,0.0,179.63012715800826,6.013699332678461e-14,6.013699332678461e-14
0.0666,8576.953042180638,0.0,0.0,179.632994740193,6.013798926853765e-14,6.013798926853765e-14
0.06665,8577.065440392747,0.0,0.0,179.63584415688538,6.013889885471652e-14,6.013889885471652e-14
0.06670000000000001,8577.172626945723,0.0,0.0,179.63857641329744,6.013984113613137e-14,6.013984113613137e-14
0.06675,8577.27618150552,0.0,0.0,179.641270523422,6.014070584092163e-14,6.014070584092163e-14
0.0668,8577.373339838261,0.0,0.0,179.6438533083992,6.014158717631373e-14,6.014158717631373e-14
0.06685,8577.467797628433,0.0,0.0,179.6463758959168,6.014240742507313e-14,6.014240742507313e-14
0.0669,8577.554895162091,0.0,0.0,179.64879516685926,6.01432177952701e-14,6.01432177952701e-14
0.06695000000000001,8577.63869720473,0.0,0.0,179.6511316270944,6.014398951465338e-14,6.014398951465338e-14
0.067,8577.715883947598,0.0,0.0,179.65337333370962,6.01447286532319e-14,6.01447286532319e-14
0.06705,8577.78875745943,0.0,0.0,179.6555113359172,6.014544212684497e-14,6.014544212684497e-14
0.0671,8577.854892254873,0.0,0.0,179.65756107810427,6.014610797185071e-14,6.014610797185071e-14
0.06715,8577.916867413258,0.0,0.0,179.65949060998025,6.014675974417672e-14,6.014675974417672e-14
0.06720000000000001,8577.971833262436,0.0,0.0,179.66133452039287,6.01473488711639e-14,6.01473488711639e-14
0.06725,8578.021915744032,0.0,0.0,179.66304693300546,6.014793220692403e-14,6.014793220692403e-14
0.0673,8578.065751357693,0.0,0.0,179.66467221894158,6.014844579450273e-14,6.014844579450273e-14
0.06735000000000001,8578.103865196692,0.0,0.0,179.66615997405887,6.014895292799015e-14,6.014895292799015e-14
0.0674,8578.135911495197,0.0,0.0,179.66755564972118,6.014939162491605e-14,6.014939162491605e-14
0.06745000000000001,8578.16205869847,0.0,0.0,179.66881196635248,6.014981795054128e-14,6.014981795054128e-14
0.0675,8578.1821166324,0.0,0.0,179.66996846317832,6.015017937566646e-14,6.015017937566646e-14
0.06755,8578.196119898912,0.0,0.0,179.67098746216917,6.01505221520388e-14,6.01505221520388e-14
0.06760000000000001,8578.204062145323,0.0,0.0,179.67189760473508,6.015080582799927e-14,6.015080582799927e-14
0.06765,8578.205915745953,0.0,0.0,179.67267359528913,6.015106149832252e-14,6.015106149832252e-14
0.06770000000000001,8578.201595286397,0.0,0.0,179.67333244054475,6.015126587450826e-14,6.015126587450826e-14
0.06775,8578.191351237092,0.0,0.0,179.67386043291526,6.015143435799742e-14,6.015143435799742e-14
0.0678,8578.174789398796,0.0,0.0,179.67426513816173,6.015155645524258e-14,6.015155645524258e-14
0.06785000000000001,8578.152509495761,0.0,0.0,179.67454102375498,6.015163842775461e-14,6.015163842775461e-14
0.0679,8578.123762672865,0.0,0.0,179.67469057706046,6.01516760943916e-14,6.01516760943916e-14
0.06795,8578.08958911205,0.0,0.0,179.6747114241858,6.01516726999874e-14,6.01516726999874e-14
0.068,8578.048908688123,0.0,0.0,179.67460635482203,6.015162384568337e-14,6.015162384568337e-14
0.06805,8578.002854477258,0.0,0.0,179.67437076164683,6.015153680887398e-14,6.015153680887398e-14
0.06810000000000001,8577.95057552248,0.0,0.0,179.674012738273,6.015140055718398e-14,6.015140055718398e-14
0.06815,8577.892992698897,0.0,0.0,179.67352126719103,6.015123131515478e-14,6.015123131515478e-14
0.0682,8577.829307871554,0.0,0.0,179.67291277681142,6.015100747141296e-14,6.015100747141296e-14
0.06825,8577.760300799773,0.0,0.0,179.67216803036783,6.01507575752401e-14,6.01507575752401e-14
0.0683,8577.686121421919,0.0,0.0,179.6713123778378,6.015044770627397e-14,6.015044770627397e-14
0.06835000000000001,8577.60574734046,0.0,0.0,179.67031921452065,6.015011729505882e-14,6.015011729505882e-14
0.0684,8577.521180093494,0.0,0.0,179.66922018629427,6.014972535613056e-14,6.014972535613056e-14
0.06845,8577.430523313482,0.0,0.0,179.66798562521384,6.014931387863179e-14,6.014931387863179e-14
0.0685,8577.335858157478,0.0,0.0,179.66664783006235,6.014884356564744e-14,6.014884356564744e-14
0.06855,8577.234949742813,0.0,0.0,179.66518078310426,6.014835270351928e-14,6.014835270351928e-14
0.06860000000000001,8577.131388406804,0.0,0.0,179.66360984984524,6.014780843823795e-14,6.014780843823795e-14
0.06865,8577.0205461258,0.0,0.0,179.66192039533223,6.014723693598391e-14,6.014723693598391e-14
0.0687,8576.908240954272,0.0,0.0,179.6601235523872,6.014662653271044e-14,6.014662653271044e-14
0.06875,8576.78899448704,0.0,0.0,179.65822291731996,6.014597463476992e-14,6.014597463476992e-14
0.0688,8576.667873043627,0.0,0.0,179.65620885018177,6.014530189148076e-14,6.014530189148076e-14
0.06885000000000001,8576.540894865708,0.0,0.0,179.65410899930612,6.01445746509594e-14,6.01445746509594e-14
0.0689,8576.412222009347,0.0,0.0,179.65188844597526,6.014384261365913e-14,6.014384261365913e-14
0.06895,8576.277707784058,0.0,0.0,179.6496012240018,6.01430425232878e-14,6.01430425232878e-14
0.069,8576.14220475034,0.0,0.0,179.64718771890452,6.014225817535888e-14,6.014225817535888e-14
0.06905,8576.001650389406,0.0,0.0,179.64472486326488,6.014138976107305e-14,6.014138976107305e-14
0.06910000000000001,8575.85893587952,0.0,0.0,179.6421335633007,6.014055299402112e-14,6.014055299402112e-14
0.06915,8575.713817470536,0.0,0.0,179.63950712614053,6.013962742861526e-14,6.013962742861526e-14
0.0692,8575.565201533409,0.0,0.0,179.63675538529165,6.013873868860722e-14,6.013873868860722e-14
0.06925,8575.415145339779,0.0,0.0,179.6339772279725,6.013776342837741e-14,6.013776342837741e-14
0.0693,8575.261974672369,0.0,0.0,179.63108376198093,6.01368257396033e-14,6.01368257396033e-14
0.06935000000000001,8575.108586141232,0.0,0.0,179.62816625844243,6.013580952251973e-14,6.013580952251973e-14
0.0694,8574.95070740385,0.0,0.0,179.62515117295314,6.013482293511113e-14,6.013482293511113e-14
0.06945,8574.79489620665,0.0,0.0,179.62210727042267,6.013377869665529e-14,6.013377869665529e-14
0.0695,8574.634123899692,0.0,0.0,179.61899060385096,6.013274243472445e-14,6.013274243472445e-14
0.06955,8574.475976994252,0.0,0.0,179.61583531459445,6.013167844274645e-14,6.013167844274645e-14
0.06960000000000001,8574.313279795517,0.0,0.0,179.61263672604161,6.013059935567041e-14,6.013059935567041e-14
0.06965,8574.154081330686,0.0,0.0,179.6093865269885,6.01295216955804e-14,6.01295216955804e-14
0.0697,8573.990328186379,0.0,0.0,179.6061251125179,6.012840260066117e-14,6.012840260066117e-14
0.06975,8573.830266420877,0.0,0.0,179.60279817517093,6.012732132814064e-14,6.012732132814064e-14
0.0698,8573.667423260356,0.0,0.0,179.59949190004883,6.012616833830616e-14,6.012616833830616e-14
0.06985000000000001,8573.507056848377,0.0,0.0,179.59610891931328,6.012508462860665e-14,6.012508462860665e-14
0.0699,8573.34542669369,0.0,0.0,179.5927738904856,6.012391192126242e-14,6.012391192126242e-14
0.06995,8573.186258933152,0.0,0.0,179.58935715505686,6.012282638537746e-14,6.012282638537746e-14
0.07,8573.02702174308,0.0,0.0,179.58600837508055,6.012164177466282e-14,6.012164177466282e-14
0.07005,8572.869115977337,0.0,0.0,179.58258189073655,6.01205602492737e-14,6.01205602492737e-14
0.07010000000000001,8572.713987421506,0.0,0.0,179.57923388899692,6.011937615503334e-14,6.011937615503334e-14
0.07015,8572.557819677075,0.0,0.0,179.57582126684923,6.01182930283656e-14,6.01182930283656e-14
0.0702,8572.407305021414,0.0,0.0,179.57248842744167,6.011712768087721e-14,6.011712768087721e-14
0.07025,8572.255123606372,0.0,0.0,179.56911446360542,6.01160432162127e-14,6.01160432162127e-14
0.0703,8572.108739738369,0.0,0.0,179.56581064121323,6.011490486356898e-14,6.011490486356898e-14
0.07035000000000001,8571.961344068124,0.0,0.0,179.56249871094462,6.011382361032731e-14,6.011382361032731e-14
0.0704,8571.821403659264,0.0,0.0,179.5592395833943,6.01127222953437e-14,6.01127222953437e-14
0.07045,8571.678362881647,0.0,0.0,179.5560107539057,6.01116446258157e-14,6.01116446258157e-14
0.07050000000000001,8571.545125848852,0.0,0.0,179.55281342168516,6.011059368284731e-14,6.011059368284731e-14
0.07055,8571.409435671136,0.0,0.0,179.5496867322807,6.010952129008841e-14,6.010952129008841e-14
0.07060000000000001,8571.281538927446,0.0,0.0,179.54656933681667,6.01085239346048e-14,6.01085239346048e-14
0.07065,8571.154297594689,0.0,0.0,179.5435614726444,6.010747139000151e-14,6.010747139000151e-14
0.0707,8571.03396833271,0.0,0.0,179.5405439819728,6.010652626213668e-14,6.010652626213668e-14
0.07075000000000001,8570.914364664117,0.0,0.0,179.53766869716122,6.010550090076313e-14,6.010550090076313e-14
0.0708,8570.802051758043,0.0,0.0,179.53477245474315,6.010461452194023e-14,6.010461452194023e-14
0.07085000000000001,8570.692610170463,0.0,0.0,179.53204091534315,6.010362485343928e-14,6.010362485343928e-14
0.0709,8570.587464050323,0.0,0.0,179.52928846388465,6.010279227654341e-14,6.010279227654341e-14
0.07095,8570.488714307523,0.0,0.0,179.5267103678875,6.010185884672913e-14,6.010185884672913e-14
0.07100000000000001,8570.392331885128,0.0,0.0,179.52412276934973,6.010107257930844e-14,6.010107257930844e-14
0.07105,8570.304099525509,0.0,0.0,179.52170718861018,6.010020467539652e-14,6.010020467539652e-14
0.0711,8570.217228228712,0.0,0.0,179.51930532937308,6.009946917130648e-14,6.009946917130648e-14
0.07115,8570.140128034009,0.0,0.0,179.5170602417861,6.009867724521408e-14,6.009867724521408e-14
0.0712,8570.062989275664,0.0,0.0,179.51486249462303,6.009798451914927e-14,6.009798451914927e-14
0.07125000000000001,8569.997438339002,0.0,0.0,179.512796602349,6.009728332478464e-14,6.009728332478464e-14
0.0713,8569.931122173974,0.0,0.0,179.51081862773808,6.009663443618894e-14,6.009663443618894e-14
0.07135,8569.876620825265,0.0,0.0,179.5089417736654,6.009602665478391e-14,6.009602665478391e-14
0.0714,8569.821895138792,0.0,0.0,179.50719529972037,6.009542649799935e-14,6.009542649799935e-14
0.07145,8569.778914230197,0.0,0.0,179.50551881302653,6.009491489677426e-14,6.009491489677426e-14
0.07150000000000001,8569.736002547255,0.0,0.0,179.5040120602535,6.009436717638709e-14,6.009436717638709e-14
0.07155,8569.704243661132,0.0,0.0,179.5025481321417,6.009395447174935e-14,6.009395447174935e-14
0.0716,8569.674578427284,0.0,0.0,179.50128646369018,6.009346552441178e-14,6.009346552441178e-14
0.07165,8569.653215539016,0.0,0.0,179.50004771901337,6.009314518367178e-14,6.009314518367178e-14
0.0717,8569.636744518459,0.0,0.0,179.49903260339116,6.00927299031895e-14,6.00927299031895e-14
0.07175000000000001,8569.627288000162,0.0,0.0,179.4980329695308,6.009249358231172e-14,6.009249358231172e-14
0.0718,8569.62309209068,0.0,0.0,179.49726324920513,6.009216025707148e-14,6.009216025707148e-14
0.07185,8569.624765052728,0.0,0.0,179.49651476257353,6.009200613163477e-14,6.009200613163477e-14
0.0719,8569.634879760102,0.0,0.0,179.49598862541825,6.00917615703743e-14,6.00917615703743e-14
0.07195,8569.646717007978,0.0,0.0,179.49550171378803,6.009167896744298e-14,6.009167896744298e-14
0.07200000000000001,8569.669795962795,0.0,0.0,179.49521633358393,6.00915410254342e-14,6.00915410254342e-14
0.07205,8569.694022614809,0.0,0.0,179.4949987105307,6.009151908571576e-14,6.009151908571576e-14
0.0721,8569.728667660938,0.0,0.0,179.49495128219473,6.009148784641403e-14,6.009148784641403e-14
0.07215,8569.764739894588,0.0,0.0,179.49500799610757,6.009153241605057e-14,6.009153241605057e-14
0.0722,8569.812022158696,0.0,0.0,179.4951965283217,6.009160918386079e-14,6.009160918386079e-14
0.07225000000000001,8569.858947833256,0.0,0.0,179.49552774231162,6.00917113152294e-14,6.00917113152294e-14
0.0723,8569.91799151175,0.0,0.0,179.49595205170615,6.009190214584907e-14,6.009190214584907e-14
0.07235,8569.977261021375,0.0,0.0,179.49655407840888,6.009206358489702e-14,6.009206358489702e-14
0.0724,8570.046137607107,0.0,0.0,179.49721453529517,6.009235862881831e-14,6.009235862881831e-14
0.07245,8570.11777657588,0.0,0.0,179.4980804838876,6.009258814109734e-14,6.009258814109734e-14
0.07250000000000001,8570.196777204384,0.0,0.0,179.4989775588797,6.009297857298726e-14,6.009297857298726e-14
0.07255,8570.27947501945,0.0,0.0,179.5000969157138,6.009327928982603e-14,6.009327928982603e-14
0.0726,8570.368501566534,0.0,0.0,179.50123209247656,6.009375858149793e-14,6.009375858149793e-14
0.07265,8570.462393413916,0.0,0.0,179.50259176287562,6.009413588775833e-14,6.009413588775833e-14
0.0727,8570.55973963206,0.0,0.0,179.50396499921527,6.00946910636879e-14,6.00946910636879e-14
0.07275000000000001,8570.664900684056,0.0,0.0,179.50555070915365,6.009515432657534e-14,6.009515432657534e-14
0.0728,8570.77077791821,0.0,0.0,179.50716061868567,6.009577146526219e-14,6.009577146526219e-14
0.07285,8570.885268589058,0.0,0.0,179.50895780828478,6.009632574432384e-14,6.009632574432384e-14
0.0729,8570.999582524559,0.0,0.0,179.51079977607887,6.009699841705477e-14,6.009699841705477e-14
0.07295,8571.123300446021,0.0,0.0,179.51279432370367,6.0097641368513e-14,6.0097641368513e-14
0.07300000000000001,8571.244962632429,0.0,0.0,179.5148613235644,6.009836114274004e-14,6.009836114274004e-14
0.07305,8571.376623655076,0.0,0.0,179.51703951993264,6.009909813616012e-14,6.009909813616012e-14
0.0731,8571.50611693479,0.0,0.0,179.51932070955178,6.009985535173557e-14,6.009985535173557e-14
0.07315,8571.644226547025,0.0,0.0,179.52167059151057,6.010067788975031e-14,6.010067788975031e-14
0.0732,8571.780649949174,0.0,0.0,179.52415127700877,6.010147775494324e-14,6.010147775494324e-14
0.07325000000000001,8571.925017186666,0.0,0.0,179.52666234204412,6.010237612827273e-14,6.010237612827273e-14
0.0733,8572.067512303378,0.0,0.0,179.52932471240717,6.010321275405532e-14,6.010321275405532e-14
0.07335,8572.216385294336,0.0,0.0,179.5319867676451,6.010418208452654e-14,6.010418208452654e-14
0.0734,8572.36541848314,0.0,0.0,179.53481089402678,6.010505800284837e-14,6.010505800284837e-14
0.07345,8572.517560532731,0.0,0.0,179.53761432859383,6.010607978611375e-14,6.010607978611375e-14
0.07350000000000001,8572.671527126406,0.0,0.0,179.5405783920141,6.010700208538813e-14,6.010700208538813e-14
0.07355,8572.827071444954,0.0,0.0,179.54351313988005,6.010806368877467e-14,6.010806368877467e-14
0.0736,8572.984728753634,0.0,0.0,179.54659416257877,6.01090301847564e-14,6.01090301847564e-14
0.07365000000000001,8573.142444544974,0.0,0.0,179.54964951861683,6.011012165761535e-14,6.011012165761535e-14
0.0737,8573.303617917045,0.0,0.0,179.55282515495787,6.01111341419364e-14,6.01111341419364e-14
0.07375000000000001,8573.462077071024,0.0,0.0,179.5559874656377,6.011224058449885e-14,6.011224058449885e-14
0.0738,8573.62550037452,0.0,0.0,179.55923643164778,6.011330015664874e-14,6.011330015664874e-14
0.07385,8573.785079598934,0.0,0.0,179.5624904777393,6.011441110743346e-14,6.011441110743346e-14
0.07390000000000001,8573.948547291786,0.0,0.0,179.56579237747678,6.01155132599985e-14,6.01155132599985e-14
0.07395,8574.108609049224,0.0,0.0,179.56912045967346,6.011662421311772e-14,6.011662421311772e-14
0.07400000000000001,8574.271893820882,0.0,0.0,179.5724567808635,6.011775872224835e-14,6.011775872224835e-14
0.07405,8574.430808026402,0.0,0.0,179.5758385368035,6.011886512993576e-14,6.011886512993576e-14
0.0741,8574.592859835217,0.0,0.0,179.5791927660172,6.012002757256844e-14,6.012002757256844e-14
0.07415000000000001,8574.750729152945,0.0,0.0,179.5826058769233,6.012112265336536e-14,6.012112265336536e-14
0.0742,8574.909539022472,0.0,0.0,179.5859625708637,6.012229977059818e-14,6.012229977059818e-14
0.07425000000000001,8575.065762945918,0.0,0.0,179.58938356975327,6.012338876233372e-14,6.012338876233372e-14
0.0743,8575.221037014036,0.0,0.0,179.59272813635312,6.012456515112612e-14,6.012456515112612e-14
0.07435,8575.37400706194,0.0,0.0,179.5961330830723,6.012564487340398e-14,6.012564487340398e-14
0.07440000000000001,8575.52490400655,0.0,0.0,179.59945102686643,6.012681250936466e-14,6.012681250936466e-14
0.07445,8575.674261174321,0.0,0.0,179.60281596207452,6.012788157314785e-14,6.012788157314785e-14
0.0745,8575.819606806983,0.0,0.0,179.6060929041211,6.012902517253562e-14,6.012902517253562e-14
0.07455,8575.964256686237,0.0,0.0,179.60939489126946,6.013008601089676e-14,6.013008601089676e-14
0.0746,8576.10370730813,0.0,0.0,179.61261514484497,6.013119487563013e-14,6.013119487563013e-14
0.07465000000000001,8576.242507876925,0.0,0.0,179.61583305958874,6.013224153340467e-14,6.013224153340467e-14
0.0747,8576.375365526543,0.0,0.0,179.6189800805357,6.013330930640403e-14,6.013330930640403e-14
0.07475,8576.50754249712,0.0,0.0,179.6220947228094,6.01343382124583e-14,6.01343382124583e-14
0.0748,8576.633121875384,0.0,0.0,179.625150796764,6.013535639121355e-14,6.013535639121355e-14
0.07485,8576.757630398035,0.0,0.0,179.62814491956425,6.013636146925946e-14,6.013636146925946e-14
0.07490000000000001,8576.875652448392,0.0,0.0,179.63109165084472,6.013732653658192e-14,6.013732653658192e-14
0.07495,8576.991523460962,0.0,0.0,179.63395004594605,6.013829933367051e-14,6.013829933367051e-14
0.075,8577.101254747346,0.0,0.0,179.63676834627515,6.013920942290605e-14,6.013920942290605e-14
0.07505,8577.208043015899,0.0,0.0,179.6394776049526,6.014013978108442e-14,6.014013978108442e-14
0.0751,8577.30876823279,0.0,0.0,179.6421483309944,6.014099359525732e-14,6.014099359525732e-14
0.07515000000000001,8577.40570357777,0.0,0.0,179.64469624249537,6.014187407790095e-14,6.014187407790095e-14
0.0752,8577.497172257212,0.0,0.0,179.647201255343,6.01426692590522e-14,6.01426692590522e-14
0.07525,8577.583503797992,0.0,0.0,179.64957613620192,6.014349000448896e-14,6.014349000448896e-14
0.0753,8577.665025146453,0.0,0.0,179.65189845450683,6.014422819258719e-14,6.014422819258719e-14
0.07535,8577.740729467523,0.0,0.0,179.65408941519254,6.01449800850895e-14,6.01449800850895e-14
0.07540000000000001,8577.811475825472,0.0,0.0,179.65621371159568,6.014565839553252e-14,6.014565839553252e-14
0.07545,8577.876111394664,0.0,0.0,179.65820988023515,6.014633761489217e-14,6.014633761489217e-14
0.0755,8577.935922425155,0.0,0.0,179.66012308412752,6.014695261901888e-14,6.014695261901888e-14
0.07555,8577.989027395934,0.0,0.0,179.6619136532677,6.01475530139895e-14,6.01475530139895e-14
0.0756,8578.037361955481,0.0,0.0,179.66360494842792,6.0148103433407e-14,6.0148103433407e-14
0.07565000000000001,8578.078957523947,0.0,0.0,179.66517924561288,6.014862195501467e-14,6.014862195501467e-14
0.0757,8578.115336520674,0.0,0.0,179.66663987895126,6.014910185275064e-14,6.014910185275064e-14
0.07575,8578.145196002306,0.0,0.0,179.66798782854133,6.014953844581368e-14,6.014953844581368e-14
0.0758,8578.169507895618,0.0,0.0,179.6692109541608,6.014994346231377e-14,6.014994346231377e-14
0.07585,8578.187394082439,0.0,0.0,179.6703232322166,6.015029689812429e-14,6.015029689812429e-14
0.07590000000000001,8578.19949068115,0.0,0.0,179.6713036628756,6.015062283315911e-14,6.015062283315911e-14
0.07595,8578.20532997576,0.0,0.0,179.67217220366942,6.015089351738053e-14,6.015089351738053e-14
0.076,8578.205169901488,0.0,0.0,179.6729060102318,6.015113622245458e-14,6.015113622245458e-14
0.07605,8578.198851588975,0.0,0.0,179.67352450368912,6.015132462268186e-14,6.015132462268186e-14
0.0761,8578.186517383698,0.0,0.0,179.67400862649683,6.015148113460844e-14,6.015148113460844e-14
0.07615000000000001,8578.168015759087,0.0,0.0,179.67437275163348,6.0151587181465e-14,6.0151587181465e-14
0.0762,8578.143630142788,0.0,0.0,179.67460492611622,6.015165621656884e-14,6.015165621656884e-14
0.07625,8578.112971580777,0.0,0.0,179.67471252141803,6.015167931117842e-14,6.015167931117842e-14
0.0763,8578.07678292943,0.0,0.0,179.67469115462887,6.015166079467581e-14,6.015166079467581e-14
0.07635,8578.034065660673,0.0,0.0,179.67454221837966,6.015159998027742e-14,6.015159998027742e-14
0.07640000000000001,8577.986251077076,0.0,0.0,179.67426651130046,6.015149538291052e-14,6.015149538291052e-14
0.07645,8577.931803547926,0.0,0.0,179.6738630416044,6.015134939855302e-14,6.015134939855302e-14
0.0765,8577.872623353236,0.0,0.0,179.67333325388384,6.015116076488398e-14,6.015116076488398e-14
0.07655,8577.806664953836,0.0,0.0,179.67267891603464,6.015092893332436e-14,6.015092893332436e-14
0.0766,8577.736503766944,0.0,0.0,179.6718966810186,6.015065941304184e-14,6.015065941304184e-14
0.07665000000000001,8577.659553652982,0.0,0.0,179.6709964839379,6.015034056110867e-14,6.015034056110867e-14
0.0767,8577.57849496523,0.0,0.0,179.66996510941695,6.01499934329624e-14,6.01499934329624e-14
0.07675,8577.49126155292,0.0,0.0,179.66882503794642,6.014958908021517e-14,6.014958908021517e-14
0.07680000000000001,8577.399745200088,0.0,0.0,179.66754987393213,6.014916598477968e-14,6.014916598477968e-14
0.07685,8577.302519569974,0.0,0.0,179.66617645906723,6.014867819734794e-14,6.014867819734794e-14
0.07690000000000001,8577.20116489805,0.0,0.0,179.6646650733372,6.014818216700607e-14,6.014818216700607e-14
0.07695,8577.094791305071,0.0,0.0,179.66306538854798,6.014761398561662e-14,6.014761398561662e-14
0.077,8576.983638124198,0.0,0.0,179.66132750230153,6.014704601601363e-14,6.014704601601363e-14
0.07705000000000001,8576.86903694587,0.0,0.0,179.65950908257523,6.014640352641572e-14,6.014640352641572e-14
0.0771,8576.748854185691,0.0,0.0,179.65755638121104,6.014576369208388e-14,6.014576369208388e-14
0.07715000000000001,8576.626295177648,0.0,0.0,179.65552745110952,6.014505359601476e-14,6.014505359601476e-14
0.0772,8576.498051344028,0.0,0.0,179.65337345385365,6.014434274605155e-14,6.014434274605155e-14
0.07725,8576.368237823093,0.0,0.0,179.6511429396532,6.014357153122314e-14,6.014357153122314e-14
0.07730000000000001,8576.232369410558,0.0,0.0,179.64880233074098,6.014279119400477e-14,6.014279119400477e-14
0.07735,8576.096346209426,0.0,0.0,179.64638069115702,6.014196636149641e-14,6.014196636149641e-14
0.07740000000000001,8575.953688925154,0.0,0.0,179.64386871275948,6.014111702390758e-14,6.014111702390758e-14
0.07745,8575.811676307496,0.0,0.0,179.64126803600394,6.014024703362408e-14,6.014024703362408e-14
0.0775,8575.663722074312,0.0,0.0,179.63860019142396,6.013933180181281e-14,6.013933180181281e-14
0.07755000000000001,8575.516179176015,0.0,0.0,179.63583444433758,6.01384203763057e-14,6.01384203763057e-14
0.0776,8575.363647547474,0.0,0.0,179.63302606905353,6.013744653953087e-14,6.013744653953087e-14
0.07765,8575.211710891437,0.0,0.0,179.6301114821721,6.013649889039755e-14,6.013649889039755e-14
0.0777,8575.055460062644,0.0,0.0,179.62717730052034,6.013547030734108e-14,6.013547030734108e-14
0.07775,8574.899487966208,0.0,0.0,179.62413222861133,6.013449107081415e-14,6.013449107081415e-14
0.07780000000000001,8574.7411137582,0.0,0.0,179.6210865107429,6.013341890619188e-14,6.013341890619188e-14
0.07785,8574.58169961009,0.0,0.0,179.6179312854808,6.013240666128675e-14,6.013240666128675e-14
0.0779,8574.421770768757,0.0,0.0,179.6147878629944,6.013130179731631e-14,6.013130179731631e-14
0.07795,8574.260258452983,0.0,0.0,179.6115440345636,6.013025970376396e-14,6.013025970376396e-14
0.078,8574.099741833606,0.0,0.0,179.6083170263638,6.01291316932312e-14,6.01291316932312e-14
0.07805000000000001,8573.936598952529,0.0,0.0,179.60500697699814,6.012806001522329e-14,6.012806001522329e-14
0.0781,8573.776588574257,0.0,0.0,179.60171065830988,6.01269222991375e-14,6.01269222991375e-14
0.07815,8573.613144939676,0.0,0.0,179.59835693409175,6.012582085855417e-14,6.012582085855417e-14
0.0782,8573.453901658118,0.0,0.0,179.59500675112344,6.012468393440941e-14,6.012468393440941e-14
0.07825,8573.291471982982,0.0,0.0,179.59163115351774,6.012355675787848e-14,6.012355675787848e-14
0.07830000000000001,8573.133942193454,0.0,0.0,179.58824404483553,6.012242885654141e-14,6.012242885654141e-14
0.07835,8572.973238140037,0.0,0.0,179.58486697722455,6.012128056460994e-14,6.012128056460994e-14
0.0784,8572.818240467295,0.0,0.0,179.58146179173292,6.012016931145766e-14,6.012016931145766e-14
0.07845,8572.66079990056,0.0,0.0,179.57810208677145,6.01190058493905e-14,6.01190058493905e-14
0.0785,8572.50833877142,0.0,0.0,179.57469937721197,6.011791736625927e-14,6.011791736625927e-14
0.07855000000000001,8572.355609265305,0.0,0.0,179.57137411441457,6.011674821417252e-14,6.011674821417252e-14
0.0786,8572.206587527602,0.0,0.0,179.56799605218555,6.011568188235824e-14,6.011568188235824e-14
0.07865,8572.059037862893,0.0,0.0,179.56472039230263,6.011452155295491e-14,6.011452155295491e-14
0.0787,8571.914618655846,0.0,0.0,179.56139082545877,6.011347895496949e-14,6.011347895496949e-14
0.07875,8571.773251599481,0.0,0.0,179.5581782873895,6.011233581735847e-14,6.011233581735847e-14
0.07880000000000001,8571.633518999877,0.0,0.0,179.55492119487621,6.01113183238621e-14,6.01113183238621e-14
0.07885,8571.49992195913,0.0,0.0,179.55178499749314,6.011020892044536e-14,6.011020892044536e-14
0.0789,8571.365677750762,0.0,0.0,179.54862408834478,6.010921054741249e-14,6.010921054741249e-14
0.07895,8571.23960256502,0.0,0.0,179.54557683631774,6.010814916908295e-14,6.010814916908295e-14
0.079,8571.112764924937,0.0,0.0,179.5425348669368,6.010717258693807e-14,6.010717258693807e-14
0.07905000000000001,8570.994668448255,0.0,0.0,179.53958976798512,6.01061667070576e-14,6.01061667070576e-14
0.0791,8570.875318817842,0.0,0.0,179.53668745983788,6.010521365674038e-14,6.010521365674038e-14
0.07915,8570.76643480796,0.0,0.0,179.53385871355226,6.010427536333815e-14,6.010427536333815e-14
0.0792,8570.655602107949,0.0,0.0,179.53111402255377,6.010334610892973e-14,6.010334610892973e-14
0.07925,8570.555424842678,0.0,0.0,179.52841742734458,6.010248131763423e-14,6.010248131763423e-14
0.07930000000000001,8570.454816753065,0.0,0.0,179.5258452617486,6.010158433840163e-14,6.010158433840163e-14
0.07935,8570.363567412302,0.0,0.0,179.52329785538717,6.010079399617674e-14,6.010079399617674e-14
0.0794,8570.273432563466,0.0,0.0,179.52091016446334,6.009993817531819e-14,6.009993817531819e-14
0.07945,8570.191907579456,0.0,0.0,179.5185299854323,6.009922238902069e-14,6.009922238902069e-14
0.0795,8570.113070059908,0.0,0.0,179.5163358573592,6.009841752524573e-14,6.009841752524573e-14
0.07955000000000001,8570.041073462919,0.0,0.0,179.51414187832097,6.009777509174938e-14,6.009777509174938e-14
0.0796,8569.974375955026,0.0,0.0,179.51214776940878,6.009703312085291e-14,6.009703312085291e-14
0.07965,8569.912372530505,0.0,0.0,179.51015854845107,6.009645704061188e-14,6.009645704061188e-14
0.07970000000000001,8569.857936442042,0.0,0.0,179.50836968128905,6.009579337340969e-14,6.009579337340969e-14
0.07975,8569.806555444442,0.0,0.0,179.5066027897178,6.009527945274827e-14,6.009527945274827e-14
0.07980000000000001,8569.76451733466,0.0,0.0,179.5050233978355,6.009470170024772e-14,6.009470170024772e-14
0.07985,8569.724001991317,0.0,0.0,179.50349407513133,6.009424817637286e-14,6.009424817637286e-14
0.0799,8569.694711548782,0.0,0.0,179.50212872317425,6.009376795316701e-14,6.009376795316701e-14
0.07995000000000001,8569.665600162773,0.0,0.0,179.50084954866526,6.009336808640961e-14,6.009336808640961e-14
0.08,8569.648350218147,0.0,0.0,179.4997029462114,6.009299328519306e-14,6.009299328519306e-14
0.08005000000000001,8569.631679354245,0.0,0.0,179.49868300979787,6.009265020894953e-14,6.009265020894953e-14
0.0801,8569.626351522433,0.0,0.0,179.49776126579607,6.009237937169938e-14,6.009237937169938e-14
0.08015,8569.621830186692,0.0,0.0,179.49700543467696,6.00920965883269e-14,6.00920965883269e-14
0.08020000000000001,8569.628689089204,0.0,0.0,179.49631586121072,6.009193243644894e-14,6.009193243644894e-14
0.08025,8569.636911419348,0.0,0.0,179.4958254104863,6.009171188503114e-14,6.009171188503114e-14
0.08030000000000001,8569.65470135128,0.0,0.0,179.49537574016477,6.009164966931759e-14,6.009164966931759e-14
0.08035,8569.676577453889,0.0,0.0,179.49514876051333,6.009150245555451e-14,6.009150245555451e-14
0.0804,8569.705313072445,0.0,0.0,179.49494721747135,6.009153272917192e-14,6.009153272917192e-14
0.08045000000000001,8569.739772216974,0.0,0.0,179.4949787213258,6.009146754072305e-14,6.009146754072305e-14
0.0805,8569.779944661354,0.0,0.0,179.49503296103845,6.009158323304736e-14,6.009158323304736e-14
0.08055000000000001,8569.827161619254,0.0,0.0,179.49531619751667,6.009160737753466e-14,6.009160737753466e-14
0.0806,8569.877651678857,0.0,0.0,179.49563252753313,6.009180057182173e-14,6.009180057182173e-14
0.08065,8569.937745081499,0.0,0.0,179.4961597309111,6.009192245552299e-14,6.009192245552299e-14
0.08070000000000001,8569.998727173486,0.0,0.0,179.49674160957093,6.00921819119068e-14,6.00921819119068e-14
0.08075,8570.070454311679,0.0,0.0,179.49750525426168,6.009240980403738e-14,6.009240980403738e-14
0.08080000000000001,8570.14237755788,0.0,0.0,179.49835333083888,6.009272976939975e-14,6.009272976939975e-14
0.08085,8570.224952835262,0.0,0.0,179.49934593371682,6.009306229083752e-14,6.009306229083752e-14
0.0809,8570.30732814256,0.0,0.0,179.5004571907685,6.009344125317372e-14,6.009344125317372e-14
0.08095000000000001,8570.400489468217,0.0,0.0,179.50167264369549,6.009387874295046e-14,6.009387874295046e-14
0.081,8570.49301622889,0.0,0.0,179.5030399820206,6.009431148951828e-14,6.009431148951828e-14
0.08105,8570.59554064071,0.0,0.0,179.50447329515168,6.009485116959092e-14,6.009485116959092e-14
0.0811,8570.69855496651,0.0,0.0,179.50608601855112,6.009534108456112e-14,6.009534108456112e-14
0.08115,8570.809352023445,0.0,0.0,179.5077328922758,6.009597077971696e-14,6.009597077971696e-14
0.08120000000000001,8570.922197129566,0.0,0.0,179.5095770891667,6.00965227857895e-14,6.00965227857895e-14
0.08125,8571.04100714961,0.0,0.0,179.51143365811515,6.00972344239767e-14,6.00972344239767e-14
0.0813,8571.162942906722,0.0,0.0,179.51349297977103,6.00978498907143e-14,6.00978498907143e-14
0.08135,8571.288639317341,0.0,0.0,179.51555467428997,6.009863127519133e-14,6.009863127519133e-14
0.0814,8571.419512842745,0.0,0.0,179.5178111909289,6.009931754678909e-14,6.009931754678909e-14
0.08145000000000001,8571.551450397534,0.0,0.0,179.52007258659216,6.010015442371467e-14,6.010015442371467e-14
0.0815,8571.689801779017,0.0,0.0,179.52250752554826,6.010091479665314e-14,6.010091479665314e-14
0.08155,8571.827846727667,0.0,0.0,179.52496081748154,6.010179683075937e-14,6.010179683075937e-14
0.0816,8571.972933709336,0.0,0.0,179.52755610634912,6.010263164047678e-14,6.010263164047678e-14
0.08165,8572.115941198372,0.0,0.0,179.53019086304192,6.010354980431573e-14,6.010354980431573e-14
0.08170000000000001,8572.266878834449,0.0,0.0,179.53292906876098,6.010445838735545e-14,6.010445838735545e-14
0.08175,8572.41473084729,0.0,0.0,179.53573188911912,6.01054033583973e-14,6.01054033583973e-14
0.0818,8572.569797223317,0.0,0.0,179.53859697457762,6.010638254734651e-14,6.010638254734651e-14
0.08185,8572.722143096105,0.0,0.0,179.54155140729338,6.010735086799579e-14,6.010735086799579e-14
0.0819,8572.880479529977,0.0,0.0,179.54452865553978,6.010839027779674e-14,6.010839027779674e-14
0.08195000000000001,8573.036212253353,0.0,0.0,179.5476152441401,6.010938132828881e-14,6.010938132828881e-14
0.082,8573.196926509821,0.0,0.0,179.55069131154144,6.011047183483973e-14,6.011047183483973e-14
0.08205,8573.355569933407,0.0,0.0,179.5538882001296,6.011148251576451e-14,6.011148251576451e-14
0.0821,8573.517151957558,0.0,0.0,179.55705035562713,6.011261325624758e-14,6.011261325624758e-14
0.08215,8573.678196300565,0.0,0.0,179.56033439663676,6.011364637841566e-14,6.011364637841566e-14
0.08220000000000001,8573.839750370866,0.0,0.0,179.5635697320909,6.011480051476382e-14,6.011480051476382e-14
0.08225,8574.001888169283,0.0,0.0,179.56691697612612,6.011585828668672e-14,6.011585828668672e-14
0.0823,8574.163001968993,0.0,0.0,179.57021245210376,6.01170249272341e-14,6.01170249272341e-14
0.08235,8574.325088782614,0.0,0.0,179.573598942882,6.011810479406931e-14,6.011810479406931e-14
0.0824,8574.48460340781,0.0,0.0,179.57694000738857,6.011927183845711e-14,6.011927183845711e-14
0.08245000000000001,8574.646088594567,0.0,0.0,179.58034304488822,6.012037437397555e-14,6.012037437397555e-14
0.0825,8574.803190150997,0.0,0.0,179.58371355635146,6.012152981480631e-14,6.012152981480631e-14
0.08255,8574.962472928719,0.0,0.0,179.58711174195057,6.012265156162087e-14,6.012265156162087e-14
0.0826,8575.117018606754,0.0,0.0,179.59049364533877,6.012378821603343e-14,6.012378821603343e-14
0.08265,8575.272925128458,0.0,0.0,179.59386747494656,6.012492188311738e-14,6.012492188311738e-14
0.08270000000000001,8575.423859126195,0.0,0.0,179.59724097125903,6.012603490204099e-14,6.012603490204099e-14
0.08275,8575.57564755803,0.0,0.0,179.60057261626798,6.012717256907154e-14,6.012717256907154e-14
0.0828,8575.7223316166,0.0,0.0,179.6039163831649,6.012825711706674e-14,6.012825711706674e-14
0.08285000000000001,8575.868676926282,0.0,0.0,179.60718977383803,6.012938963191899e-14,6.012938963191899e-14
0.0829,8576.010626091911,0.0,0.0,179.61048143077568,6.013044433702222e-14,6.013044433702222e-14
0.08295000000000001,8576.150679783383,0.0,0.0,179.61368170596654,6.013155894359277e-14,6.013155894359277e-14
0.083,8576.286900950143,0.0,0.0,179.61689868657416,6.013258404509251e-14,6.013258404509251e-14
0.08305,8576.419974864308,0.0,0.0,179.6200115519251,6.01336697121283e-14,6.01336697121283e-14
0.08310000000000001,8576.54976946064,0.0,0.0,179.62313174710312,6.013466278354293e-14,6.013466278354293e-14
0.08315,8576.67501688409,0.0,0.0,179.62614324084055,6.013570954896508e-14,6.013570954896508e-14
0.08320000000000001,8576.79759001737,0.0,0.0,179.62914560316307,6.01366702869196e-14,6.01366702869196e-14
0.08325,8576.914488562983,0.0,0.0,179.63204142223614,6.01376666045755e-14,6.01376666045755e-14
0.0833,8577.028913423597,0.0,0.0,179.63490658178495,6.013859303315045e-14,6.013859303315045e-14
0.08335000000000001,8577.137015565806,0.0,0.0,179.63767209754988,6.01395323882384e-14,6.01395323882384e-14
0.0834,8577.242504728121,0.0,0.0,179.640382665877,6.014041924280389e-14,6.014041924280389e-14
0.08345000000000001,8577.341219565657,0.0,0.0,179.64300250373722,6.014129561582342e-14,6.014129561582342e-14
0.0835,8577.437166562739,0.0,0.0,179.64554338651482,6.014213874124808e-14,6.014213874124808e-14
0.08355,8577.52608574788,0.0,0.0,179.64800191116512,6.014294739689176e-14,6.014294739689176e-14
0.08360000000000001,8577.611655795235,0.0,0.0,179.65035989549548,6.014374016616738e-14,6.014374016616738e-14
0.08365,8577.690511282723,0.0,0.0,179.6526414828151,6.014447944099516e-14,6.014447944099516e-14
0.08370000000000001,8577.765196042736,0.0,0.0,179.65480525413312,6.014521404820488e-14,6.014521404820488e-14
0.08375,8577.833397920998,0.0,0.0,179.6568946169043,6.014588294826432e-14,6.014588294826432e-14
0.0838,8577.896892709561,0.0,0.0,179.6588543626283,6.014655241319997e-14,6.014655241319997e-14
0.08385000000000001,8577.954083559855,0.0,0.0,179.66073721070168,6.01471497069237e-14,6.01471497069237e-14
0.0839,8578.005905974307,0.0,0.0,179.66248410901204,6.014774754665696e-14,6.014774754665696e-14
0.08395000000000001,8578.051809661398,0.0,0.0,179.664147645892,6.014827287453438e-14,6.014827287453438e-14
0.084,8578.091776533105,0.0,0.0,179.66567363423272,6.014879264942726e-14,6.014879264942726e-14
0.08405,8578.125941244412,0.0,0.0,179.66710692509992,6.01492454164222e-14,6.01492454164222e-14
0.08410000000000001,8578.153964204264,0.0,0.0,179.66840443050955,6.014968296239695e-14,6.014968296239695e-14
0.08415,8578.176145746806,0.0,0.0,179.6695986389664,6.015006080086334e-14,6.015006080086334e-14
0.08420000000000001,8578.192091915755,0.0,0.0,179.6706606001697,6.015041369899793e-14,6.015041369899793e-14
0.08425,8578.202111555402,0.0,0.0,179.6716090885557,6.015071454461985e-14,6.015071454461985e-14
0.0843,8578.205960664887,0.0,0.0,179.6724289221461,6.015098093588018e-14,6.015098093588018e-14
0.08435000000000001,8578.203707672794,0.0,0.0,179.67312717836072,6.015120207583221e-14,6.015120207583221e-14
0.0844,8578.195457388189,0.0,0.0,179.6736991407564,6.015138223894221e-14,6.015138223894221e-14
0.08445,8578.180954925958,0.0,0.0,179.67414446603314,6.015152044671697e-14,6.015152044671697e-14
0.0845,8578.160631940458,0.0,0.0,179.67446394738556,6.015161513003673e-14,6.015161513003673e-14
0.08455,8578.13398178871,0.0,0.0,179.67465518634185,6.015166798068396e-14,6.015166798068396e-14
0.08460000000000001,8578.101662213881,0.0,0.0,179.67471909098825,6.015167827675807e-14,6.015167827675807e-14
0.08465,8578.063101158725,0.0,0.0,179.67465627704325,6.015164398717535e-14,6.015164398717535e-14
0.0847,8578.01884575494,0.0,0.0,179.67446336081775,6.015157100361904e-14,6.015157100361904e-14
0.08475,8577.968700216315,0.0,0.0,179.67414743962337,6.015144905822127e-14,6.015144905822127e-14
0.0848,8577.912713818732,0.0,0.0,179.673698550722,6.015129347331998e-14,6.015129347331998e-14
0.08485000000000001,8577.851276381905,0.0,0.0,179.6731312035852,6.015108473599119e-14,6.015108473599119e-14
0.0849,8577.783819089445,0.0,0.0,179.67242934869068,6.015084685580998e-14,6.015084685580998e-14
0.08495,8577.7115869472,0.0,0.0,179.67161300700303,6.015055351337223e-14,6.015055351337223e-14
0.085,8577.632900205002,0.0,0.0,179.67066327404686,6.0150233185373e-14,6.0150233185373e-14
0.08505,8577.550267795204,0.0,0.0,179.66960118241803,6.014985893754024e-14,6.014985893754024e-14
0.08510000000000001,8577.46096809077,0.0,0.0,179.66841052767387,6.014945557593566e-14,6.014945557593566e-14
0.08515,8577.368260063873,0.0,0.0,179.66710706191662,6.014900476198364e-14,6.014900476198364e-14
0.0852,8577.268835104938,0.0,0.0,179.66568389445413,6.014851896184054e-14,6.014851896184054e-14
0.08525,8577.166678534773,0.0,0.0,179.66414486269002,6.014799570968054e-14,6.014799570968054e-14
0.0853,8577.057709395085,0.0,0.0,179.66249866025285,6.014742806661698e-14,6.014742806661698e-14
0.08535000000000001,8576.94646147061,0.0,0.0,179.66073168016894,6.014683780789801e-14,6.014683780789801e-14
0.0854,8576.828902984598,0.0,0.0,179.65887257381425,6.014619006646854e-14,6.014619006646854e-14
0.08545,8576.70891850471,0.0,0.0,179.65688725735842,6.014553593557384e-14,6.014553593557384e-14
0.0855,8576.583541260801,0.0,0.0,179.6548257685722,6.014481292884393e-14,6.014481292884393e-14
0.08555,8576.455538605534,0.0,0.0,179.6526339395275,6.014409773154925e-14,6.014409773154925e-14
0.08560000000000001,8576.323033382494,0.0,0.0,179.6503806765008,6.014330416643341e-14,6.014330416643341e-14
0.08565,8576.187602432046,0.0,0.0,179.64799637830805,6.014253072318844e-14,6.014253072318844e-14
0.0857,8576.04900523639,0.0,0.0,179.6455621014294,6.01416737925478e-14,6.01416737925478e-14
0.08575,8575.906628833738,0.0,0.0,179.64300120940132,6.014084257063148e-14,6.014084257063148e-14
0.0858,8575.762833252164,0.0,0.0,179.64039711574026,6.013993137602636e-14,6.013993137602636e-14
0.08585000000000001,8575.614486541972,0.0,0.0,179.63767705765807,6.013904321370477e-14,6.013904321370477e-14
0.0859,8575.465982629574,0.0,0.0,179.63491486675431,6.01380865225154e-14,6.01380865225154e-14
0.08595,8575.312705301636,0.0,0.0,179.6320540907438,6.013714285398832e-14,6.013714285398832e-14
0.08600000000000001,8575.160440646583,0.0,0.0,179.62914668516402,6.01361495758219e-14,6.01361495758219e-14
0.08605,8575.00291050454,0.0,0.0,179.62616398750637,6.013515247524982e-14,6.013515247524982e-14
0.08610000000000001,8574.847645736896,0.0,0.0,179.62312566368826,6.013413162372052e-14,6.013413162372052e-14
0.08615,8574.687241060825,0.0,0.0,179.62003966683304,6.01330835066641e-14,6.01330835066641e-14
0.0862,8574.529330190757,0.0,0.0,179.6168866571317,6.013204259707409e-14,6.013204259707409e-14
0.08625000000000001,8574.367194005963,0.0,0.0,179.61371525059118,6.013095013886445e-14,6.013095013886445e-14
0.0863,8574.207561735633,0.0,0.0,179.6104657427563,6.012989319249148e-14,6.012989319249148e-14
0.08635000000000001,8574.044635647788,0.0,0.0,179.60722594753264,6.01287636441476e-14,6.01287636441476e-14
0.0864,8573.883905192075,0.0,0.0,179.60390013205657,6.012769629239154e-14,6.012769629239154e-14
0.08645,8573.721566288817,0.0,0.0,179.60060789344647,6.012653820975501e-14,6.012653820975501e-14
0.08650000000000001,8573.560322099183,0.0,0.0,179.59722776819063,6.012546120876753e-14,6.012546120876753e-14
0.08655,8573.39951054242,0.0,0.0,179.59389812360308,6.012428810239076e-14,6.012428810239076e-14
0.08660000000000001,8573.238847854478,0.0,0.0,179.59048695387082,6.012320172127942e-14,6.012320172127942e-14
0.08665,8573.080390167252,0.0,0.0,179.58713449956485,6.012202435945917e-14,6.012202435945917e-14
0.0867,8572.921105892017,0.0,0.0,179.583716157853,6.012093056721908e-14,6.012093056721908e-14
0.08675000000000001,8572.766064142947,0.0,0.0,179.58035547502243,6.01197617510746e-14,6.01197617510746e-14
0.0868,8572.609066691326,0.0,0.0,179.57695358816773,6.011865933955109e-14,6.011865933955109e-14
0.08685000000000001,8572.458073114436,0.0,0.0,179.5735999470974,6.011751205145434e-14,6.011751205145434e-14
0.0869,8572.30471431693,0.0,0.0,179.57023730710225,6.011640331081325e-14,6.011640331081325e-14
0.08695,8572.158119842554,0.0,0.0,179.5669068423628,6.011528655813896e-14,6.011528655813896e-14
0.08700000000000001,8572.009552827576,0.0,0.0,179.56360460749843,6.011417556550034e-14,6.011417556550034e-14
0.08705,8571.86823496115,0.0,0.0,179.56031520980707,6.011309737332744e-14,6.011309737332744e-14
0.08710000000000001,8571.725235772525,0.0,0.0,179.55709225089788,6.011199003052287e-14,6.011199003052287e-14
0.08715,8571.589669896644,0.0,0.0,179.55386337322108,6.011095598829086e-14,6.011095598829086e-14
0.0872,8571.45379590866,0.0,0.0,179.55073635544485,6.01098597972838e-14,6.01098597972838e-14
0.08725000000000001,8571.324047386604,0.0,0.0,179.54758892234548,6.010887271032542e-14,6.010887271032542e-14
0.0873,8571.196291202445,0.0,0.0,179.54457219988376,6.010780002959324e-14,6.010780002959324e-14
0.08735000000000001,8571.073359871327,0.0,0.0,179.54152833541661,6.010685783493577e-14,6.010685783493577e-14
0.0874,8570.954149410782,0.0,0.0,179.53863418712058,6.010582105281513e-14,6.010582105281513e-14
0.08745,8570.838627925246,0.0,0.0,179.535716523956,6.010492472009961e-14,6.010492472009961e-14
0.08750000000000001,8570.72913369018,0.0,0.0,179.53295583387012,6.010393508061214e-14,6.010393508061214e-14
0.08755,8570.621283962702,0.0,0.0,179.53018664318222,6.010308104668769e-14,6.010308104668769e-14
0.0876,8570.521993688195,0.0,0.0,179.52756955202213,6.01021546108498e-14,6.01021546108498e-14
0.08765,8570.42299313001,0.0,0.0,179.5249697464505,6.010133941417223e-14,6.010133941417223e-14
0.0877,8570.333945297562,0.0,0.0,179.52250647123105,6.010048581704316e-14,6.010048581704316e-14
0.08775000000000001,8570.244566927364,0.0,0.0,179.52009494977864,6.009971149728542e-14,6.009971149728542e-14
0.0878,8570.166247329822,0.0,0.0,179.51779612317893,6.009893957883271e-14,6.009893957883271e-14
0.08785,8570.0871011504,0.0,0.0,179.51558893305088,6.009820515074043e-14,6.009820515074043e-14
0.0879,8570.019628696553,0.0,0.0,179.51346644375926,6.009752283721287e-14,6.009752283721287e-14
0.08795,8569.951708314793,0.0,0.0,179.5114762820343,6.009683296278385e-14,6.009683296278385e-14
0.08800000000000001,8569.89487402677,0.0,0.0,179.50954312335736,6.009624110015786e-14,6.009624110015786e-14
0.08805,8569.838957625678,0.0,0.0,179.5077792616868,6.009560289582507e-14,6.009560289582507e-14
0.0881,8569.792988894269,0.0,0.0,179.50604958535382,6.009510144939566e-14,6.009510144939566e-14
0.08815,8569.749403666036,0.0,0.0,179.50451799738707,6.009452360134419e-14,6.009452360134419e-14
0.0882,8569.714354611086,0.0,0.0,179.5030064734354,6.009410893452517e-14,6.009410893452517e-14
0.08825000000000001,8569.683770947588,0.0,0.0,179.5017104135476,6.00936014940334e-14,6.00936014940334e-14
0.0883,8569.659474944334,0.0,0.0,179.5004315683278,6.009326861430838e-14,6.009326861430838e-14
0.08835,8569.64208034581,0.0,0.0,179.49937215000378,6.009284361098272e-14,6.009284361098272e-14
0.0884,8569.629036669789,0.0,0.0,179.49833966391094,6.009258430662418e-14,6.009258430662418e-14
0.08845,8569.624514825991,0.0,0.0,179.49751667730436,6.009225254980828e-14,6.009225254980828e-14
0.08850000000000001,8569.622891877845,0.0,0.0,179.49674214849264,6.00920627358821e-14,6.00920627358821e-14
0.08855,8569.631487720915,0.0,0.0,179.49615520853112,6.009183085727464e-14,6.009183085727464e-14
0.0886,8569.641221312886,0.0,0.0,179.4956474315692,6.009170509093905e-14,6.009170509093905e-14
0.08865,8569.662424884802,0.0,0.0,179.49529631546272,6.009158211548971e-14,6.009158211548971e-14
0.0887,8569.684292790886,0.0,0.0,179.49506070528517,6.009151593358251e-14,6.009151593358251e-14
0.08875000000000001,8569.717316351234,0.0,0.0,179.4949460356574,6.009150254637209e-14,6.009150254637209e-14
0.0888,8569.751388592258,0.0,0.0,179.4949841740831,6.009149954283041e-14,6.009149954283041e-14
0.08885,8569.796126187579,0.0,0.0,179.49510754819562,6.009159373013004e-14,6.009159373013004e-14
0.0889,8569.842258515575,0.0,0.0,179.4954170315143,6.009165395472835e-14,6.009165395472835e-14
0.08895,8569.898049360176,0.0,0.0,179.49578105365092,6.009185359113008e-14,6.009185359113008e-14
0.08900000000000001,8569.956626338535,0.0,0.0,179.49635592917238,6.009198281844801e-14,6.009198281844801e-14
0.08905,8570.022608974703,0.0,0.0,179.49696343793346,6.00922777682477e-14,6.00922777682477e-14
0.0891,8570.093439904023,0.0,0.0,179.49779488537908,6.0092483753381e-14,6.0092483753381e-14
0.08915000000000001,8570.169474537854,0.0,0.0,179.4986484606679,6.009286513672121e-14,6.009286513672121e-14
0.0892,8570.251866371127,0.0,0.0,179.49972542039777,6.009315414416688e-14,6.009315414416688e-14
0.08925000000000001,8570.337577282988,0.0,0.0,179.5008266190536,6.009361157703654e-14,6.009361157703654e-14
0.0893,8570.431234607724,0.0,0.0,179.50213675585763,6.009398998683775e-14,6.009398998683775e-14
0.08935,8570.52597451836,0.0,0.0,179.50348502342808,6.009451351979229e-14,6.009451351979229e-14
0.08940000000000001,8570.630245072689,0.0,0.0,179.50501581434375,6.009498637900209e-14,6.009498637900209e-14
0.08945,8570.73395488988,0.0,0.0,179.50660785387515,6.009556602483477e-14,6.009556602483477e-14
0.08950000000000001,8570.847620505312,0.0,0.0,179.5083470802798,6.009613587575483e-14,6.009613587575483e-14
0.08955,8570.960120324968,0.0,0.0,179.51017625723583,6.009676628108113e-14,6.009676628108113e-14
0.0896,8571.082456032056,0.0,0.0,179.5121127238931,6.009742961887363e-14,6.009742961887363e-14
0.08965000000000001,8571.203134247924,0.0,0.0,179.5141688622622,6.00981071943077e-14,6.00981071943077e-14
0.0897,8571.333126306037,0.0,0.0,179.5162923965989,6.009886132268807e-14,6.009886132268807e-14
0.08975000000000001,8571.461880524315,0.0,0.0,179.51856181831204,6.009958269379142e-14,6.009958269379142e-14
0.0898,8571.598276799934,0.0,0.0,179.52086337459235,6.010041842662306e-14,6.010041842662306e-14
0.08985,8571.734565412129,0.0,0.0,179.52332925545724,6.010118764206169e-14,6.010118764206169e-14
0.08990000000000001,8571.876651429684,0.0,0.0,179.52580038587993,6.010209295924695e-14,6.010209295924695e-14
0.08995,8572.019657240562,0.0,0.0,179.5284434927851,6.010291037384912e-14,6.010291037384912e-14
0.09000000000000001,8572.1664596798,0.0,0.0,179.53107570514203,6.010387526668701e-14,6.010387526668701e-14
0.09005,8572.315666481818,0.0,0.0,179.53387529713203,6.010474410274066e-14,6.010474410274066e-14
0.0901,8572.466202151143,0.0,0.0,179.53665934730327,6.010575321930647e-14,6.010575321930647e-14
0.09015000000000001,8572.620567520042,0.0,0.0,179.5395939398311,6.010667712230279e-14,6.010667712230279e-14
0.0902,8572.77439669473,0.0,0.0,179.5425191601972,6.010771879497488e-14,6.010771879497488e-14
0.09025000000000001,8572.932705545094,0.0,0.0,179.54556747562341,6.010869712837978e-14,6.010869712837978e-14
0.0903,8573.089063094567,0.0,0.0,179.54862111831594,6.010976067978452e-14,6.010976067978452e-14
0.09035,8573.250416083452,0.0,0.0,179.55176279398597,6.011079238313584e-14,6.011079238313584e-14
0.09040000000000001,8573.408515857232,0.0,0.0,179.55492951636026,6.011186860308975e-14,6.011186860308975e-14
0.09045,8573.571666599468,0.0,0.0,179.55814564132598,6.011294939121944e-14,6.011294939121944e-14
0.09050000000000001,8573.731124480306,0.0,0.0,179.5614076017333,6.011403166971346e-14,6.011403166971346e-14
0.09055,8573.894654147745,0.0,0.0,179.56468063853637,6.01151546249883e-14,6.01151546249883e-14
0.0906,8574.05480529588,0.0,0.0,179.56801758228568,6.011623964752437e-14,6.011623964752437e-14
0.09065000000000001,8574.217808922087,0.0,0.0,179.57133153825913,6.011739369943747e-14,6.011739369943747e-14
0.0907,8574.377691978314,0.0,0.0,179.57472115972126,6.011848010194149e-14,6.011848010194149e-14
0.09075000000000001,8574.539091527593,0.0,0.0,179.57806112578834,6.011965498980388e-14,6.011965498980388e-14
0.0908,8574.698130811632,0.0,0.0,179.58147982331607,6.012074054019899e-14,6.012074054019899e-14
0.09085,8574.85672410418,0.0,0.0,179.58483138394362,6.012192325280102e-14,6.012192325280102e-14
0.09090000000000001,8575.014048362142,0.0,0.0,179.5882550888279,6.012301014236959e-14,6.012301014236959e-14
0.09095,8575.16915788221,0.0,0.0,179.5916038013789,6.01241865812286e-14,6.01241865812286e-14
0.091,8575.323588180781,0.0,0.0,179.5950086587715,6.012527319713412e-14,6.012527319713412e-14
0.09105,8575.474466380052,0.0,0.0,179.59833949696483,6.012643344270426e-14,6.012643344270426e-14
0.0911,8575.625161241682,0.0,0.0,179.60170267742774,6.01275178830603e-14,6.01275178830603e-14
0.09115000000000001,8575.770941592105,0.0,0.0,179.6049996075527,6.012865007258859e-14,6.012865007258859e-14
0.0912,8575.916854477635,0.0,0.0,179.6082998086878,6.012973026138278e-14,6.012973026138278e-14
0.09125,8576.057057675589,0.0,0.0,179.61154551074728,6.01308264186075e-14,6.01308264186075e-14
0.0913,8576.197043226306,0.0,0.0,179.61476336611162,6.013189595844092e-14,6.013189595844092e-14
0.09135,8576.33104489219,0.0,0.0,179.61793929716197,6.013295046798344e-14,6.013295046798344e-14
0.09140000000000001,8576.464238190618,0.0,0.0,179.6210573487045,6.013400262169182e-14,6.013400262169182e-14
0.09145,8576.591357277373,0.0,0.0,179.62414397441506,6.013501097167037e-14,6.013501097167037e-14
0.0915,8576.716846465066,0.0,0.0,179.62714659750657,6.013603702275335e-14,6.013603702275335e-14
0.09155,8576.83656369747,0.0,0.0,179.63012385206048,6.013699701142373e-14,6.013699701142373e-14
0.0916,8576.95348494579,0.0,0.0,179.63299689409627,6.013798740120352e-14,6.013798740120352e-14
0.09165000000000001,8577.065143461503,0.0,0.0,179.63584472197817,6.013889770783486e-14,6.013889770783486e-14
0.0917,8577.172910799183,0.0,0.0,179.6385751254264,6.013984212531885e-14,6.013984212531885e-14
0.09175,8577.275798740317,0.0,0.0,179.64127414208602,6.014070213867215e-14,6.014070213867215e-14
0.0918,8577.373818195789,0.0,0.0,179.64384946285392,6.014159169518156e-14,6.014159169518156e-14
0.09185,8577.46736424305,0.0,0.0,179.64638157051914,6.014239935423342e-14,6.014239935423342e-14
0.09190000000000001,8577.555111016118,0.0,0.0,179.64878958545287,6.014322582681397e-14,6.014322582681397e-14
0.09195,8577.638662314512,0.0,0.0,179.65113843811503,6.014398009462437e-14,6.014398009462437e-14
0.092,8577.715830868772,0.0,0.0,179.65336700175865,6.014473615463965e-14,6.014473615463965e-14
0.09205,8577.788730293852,0.0,0.0,179.6555182552139,6.014543354421582e-14,6.014543354421582e-14
0.0921,8577.85498439479,0.0,0.0,179.6575551673646,6.01461152935516e-14,6.01461152935516e-14
0.09215000000000001,8577.916788718943,0.0,0.0,179.6594967024976,6.014675145921595e-14,6.014675145921595e-14
0.0922,8577.971788195453,0.0,0.0,179.6613298369802,6.01473551252969e-14,6.01473551252969e-14
0.09225,8578.022051588492,0.0,0.0,179.6630516064883,6.014792584071775e-14,6.014792584071775e-14
0.09230000000000001,8578.065607086663,0.0,0.0,179.6646692411677,6.014844978038716e-14,6.014844978038716e-14
0.09235,8578.103965575534,0.0,0.0,179.66616305383374,6.014894917023434e-14,6.014894917023434e-14
0.09240000000000001,8578.135832935126,0.0,0.0,179.66755426223915,6.014939306191693e-14,6.014939306191693e-14
0.09245,8578.162113827262,0.0,0.0,179.66881347006898,6.01498160613043e-14,6.01498160613043e-14
0.0925,8578.182064380015,0.0,0.0,179.66996854221978,6.015017946167741e-14,6.015017946167741e-14
0.09255000000000001,8578.196152081957,0.0,0.0,179.67098770934334,6.015052151753297e-14,6.015052151753297e-14
0.0926,8578.204036500725,0.0,0.0,179.67189858298826,6.015080443415195e-14,6.015080443415195e-14
0.09265000000000001,8578.205909909675,0.0,0.0,179.67267317311075,6.015106195655208e-14,6.015106195655208e-14
0.0927,8578.201605530256,0.0,0.0,179.6733337514803,6.015126397030736e-14,6.015126397030736e-14
0.09275,8578.191329441393,0.0,0.0,179.67385994668572,6.01514347233201e-14,6.01514347233201e-14
0.09280000000000001,8578.1747993403,0.0,0.0,179.67426626529874,6.015155497246362e-14,6.015155497246362e-14
0.09285,8578.152485504703,0.0,0.0,179.67454094033965,6.015163825750289e-14,6.015163825750289e-14
0.09290000000000001,8578.12377144645,0.0,0.0,179.67469116757738,6.015167532584581e-14,6.015167532584581e-14
0.09295,8578.089590940202,0.0,0.0,179.67471198893085,6.015167169892704e-14,6.015167169892704e-14
0.093,8578.048837824643,0.0,0.0,179.674606283097,6.015162403579168e-14,6.015162403579168e-14
0.09305000000000001,8578.002960021082,0.0,0.0,179.674371952496,6.015153513134298e-14,6.015153513134298e-14
0.0931,8577.950459348876,0.0,0.0,179.67401218294222,6.015140129297577e-14,6.015140129297577e-14
0.09315000000000001,8577.893082132983,0.0,0.0,179.67352275508176,6.015122919867319e-14,6.015122919867319e-14
0.0932,8577.82917334244,0.0,0.0,179.67291215630007,6.015100848827221e-14,6.015100848827221e-14
0.09325,8577.760577565792,0.0,0.0,179.67216937542943,6.015075562915186e-14,6.015075562915186e-14
0.09330000000000001,8577.685718580546,0.0,0.0,179.67131221557148,6.015044801033327e-14,6.015044801033327e-14
0.09335,8577.606137547029,0.0,0.0,179.67031978748295,6.015011654886048e-14,6.015011654886048e-14
0.09340000000000001,8577.520917020665,0.0,0.0,179.66922109615334,6.014972385100831e-14,6.014972385100831e-14
0.09345,8577.43069964911,0.0,0.0,179.66798486942773,6.014931506950489e-14,6.014931506950489e-14
0.0935,8577.335626893608,0.0,0.0,179.66665026727378,6.014884028921973e-14,6.014884028921973e-14
0.09355000000000001,8577.235273694167,0.0,0.0,179.66517825253024,6.014835548894746e-14,6.014835548894746e-14
0.0936,8577.130967298297,0.0,0.0,179.66361397950905,6.014780299489667e-14,6.014780299489667e-14
0.09365000000000001,8577.020904248726,0.0,0.0,179.66191615878859,6.0147242549188e-14,6.0147242549188e-14
0.0937,8576.90805478225,0.0,0.0,179.66012921516185,6.014661815596933e-14,6.014661815596933e-14
0.09375,8576.788954780932,0.0,0.0,179.65821726423425,6.014598251384878e-14,6.014598251384878e-14
0.09380000000000001,8576.668036066792,0.0,0.0,179.6562156858731,6.014529259921899e-14,6.014529259921899e-14
0.09385,8576.540735682029,0.0,0.0,179.65410252934606,6.01445824797599e-14,6.01445824797599e-14
0.09390000000000001,8576.412359654376,0.0,0.0,179.65189571591245,6.0143833446467e-14,6.0143833446467e-14
0.09395,8576.277604044299,0.0,0.0,179.64959506520313,6.014305099859211e-14,6.014305099859211e-14
0.094,8576.142434873307,0.0,0.0,179.64719418392679,6.014224872156415e-14,6.014224872156415e-14
0.09405000000000001,8576.001167893104,0.0,0.0,179.64472002278256,6.014139668065285e-14,6.014139668065285e-14
0.0941,8575.859684087975,0.0,0.0,179.64213824211268,6.014054700905868e-14,6.014054700905868e-14
0.09415,8575.713014762166,0.0,0.0,179.63950456102853,6.013963031462209e-14,6.013963031462209e-14
0.0942,8575.56581376437,0.0,0.0,179.6367571617669,6.013873634933773e-14,6.013873634933773e-14
0.09425,8575.41464575599,0.0,0.0,179.63397769960912,6.013776260684619e-14,6.013776260684619e-14
0.09430000000000001,8575.262540234356,0.0,0.0,179.6310820755646,6.013682740512943e-14,6.013682740512943e-14
0.09435,8575.107827692425,0.0,0.0,179.62817028650338,6.013580410247214e-14,6.013580410247214e-14
0.0944,8574.95147872477,0.0,0.0,179.62514564818204,6.013482975850212e-14,6.013482975850212e-14
0.09445,8574.794316416745,0.0,0.0,179.6221149528714,6.013376770472079e-14,6.013376770472079e-14
0.0945,8574.634536503441,0.0,0.0,179.61898185442743,6.013275418279908e-14,6.013275418279908e-14
0.09455000000000001,8574.475681102096,0.0,0.0,179.61584591295744,6.013166406298343e-14,6.013166406298343e-14
0.0946,8574.313613745842,0.0,0.0,179.6126256970217,6.013061332396485e-14,6.013061332396485e-14
0.09465,8574.15382771085,0.0,0.0,179.6093989289358,6.012950535302796e-14,6.012950535302796e-14
0.0947,8573.990391004909,0.0,0.0,179.6061130020263,6.012841879075449e-14,6.012841879075449e-14
0.09475,8573.830555021343,0.0,0.0,179.60281097393147,6.012730341976602e-14,6.012730341976602e-14
0.09480000000000001,8573.666915927592,0.0,0.0,179.59948025178548,6.012618421986201e-14,6.012618421986201e-14
0.09485,8573.507527041605,0.0,0.0,179.59612012920988,6.012506974302274e-14,6.012506974302274e-14
0.0949,8573.3449958051,0.0,0.0,179.5927643852697,6.012392306261293e-14,6.012392306261293e-14
0.09495,8573.186743984266,0.0,0.0,179.58936517003892,6.012281589865413e-14,6.012281589865413e-14
0.095,8573.026353183279,0.0,0.0,179.58600276023358,6.012164961533843e-14,6.012164961533843e-14
0.09505000000000001,8572.869981019914,0.0,0.0,179.5825852987648,6.012055371749052e-14,6.012055371749052e-14
0.0951,8572.712933261913,0.0,0.0,179.57923301066793,6.011937709805082e-14,6.011937709805082e-14
0.09515,8572.558968650766,0.0,0.0,179.57581975507782,6.011829555738647e-14,6.011829555738647e-14
0.0952,8572.40642526254,0.0,0.0,179.5724929746441,6.01171200178288e-14,6.01171200178288e-14
0.09525,8572.25567447792,0.0,0.0,179.56910751494507,6.011605229149573e-14,6.011605229149573e-14
0.09530000000000001,8572.108416344417,0.0,0.0,179.5658205490634,6.011489181154805e-14,6.011489181154805e-14
0.09535,8571.961838946321,0.0,0.0,179.5624869962472,6.011383790946075e-14,6.011383790946075e-14
0.0954,8571.820684847013,0.0,0.0,179.559253574342,6.01127039167793e-14,6.01127039167793e-14
0.09545000000000001,8571.679058162408,0.0,0.0,179.55599566896763,6.011166432131239e-14,6.011166432131239e-14
0.0955,8571.54482947531,0.0,0.0,179.55282972421656,6.011057040047505e-14,6.011057040047505e-14
0.09555000000000001,8571.409133709503,0.0,0.0,179.54967000354287,6.010954392212306e-14,6.010954392212306e-14
0.0956,8571.282168679698,0.0,0.0,179.54658604076417,6.010850098541064e-14,6.010850098541064e-14
0.09565,8571.153691119298,0.0,0.0,179.5435452439175,6.01074912673369e-14,6.01074912673369e-14
0.09570000000000001,8571.034370758089,0.0,0.0,179.54055893445934,6.010650667592372e-14,6.010650667592372e-14
0.09575,8570.913935225339,0.0,0.0,179.5376552305782,6.01055178555738e-14,6.01055178555738e-14
0.09580000000000001,8570.802867453178,0.0,0.0,179.53478365599136,6.010459804642663e-14,6.010459804642663e-14
0.09585,8570.691472393051,0.0,0.0,179.53203246278164,6.01036368592478e-14,6.01036368592478e-14
0.0959,8570.58874081105,0.0,0.0,179.5292940516569,6.010278401898611e-14,6.010278401898611e-14
0.09595000000000001,8570.487529544853,0.0,0.0,179.52670797076902,6.010186022420884e-14,6.010186022420884e-14
0.096,8570.393488544743,0.0,0.0,179.52412217728835,6.010107394599028e-14,6.010107394599028e-14
0.09605000000000001,8570.303007805962,0.0,0.0,179.52171132367596,6.010019919659099e-14,6.010019919659099e-14
0.0961,8570.218250626755,0.0,0.0,179.51929803111676,6.009947675764295e-14,6.009947675764295e-14
0.09615,8570.139114366466,0.0,0.0,179.5170705210988,6.009866315529012e-14,6.009866315529012e-14
0.09620000000000001,8570.063914959026,0.0,0.0,179.51484929987004,6.009800191036483e-14,6.009800191036483e-14
0.09625,8569.99667574304,0.0,0.0,179.51281193484436,6.009726137945427e-14,6.009726137945427e-14
0.09630000000000001,8569.931603948953,0.0,0.0,179.51080107170554,6.00966565752035e-14,6.00966565752035e-14
0.09635,8569.876328411014,0.0,0.0,179.50896021336325,6.00960017670548e-14,6.00960017670548e-14
0.0964,8569.822084845498,0.0,0.0,179.50717583331468,6.0095450702543e-14,6.0095450702543e-14
0.09645000000000001,8569.778825670714,0.0,0.0,179.50553795474227,6.009488882808808e-14,6.009488882808808e-14
0.0965,8569.735927233793,0.0,0.0,179.50399330418796,6.00943917270872e-14,6.00943917270872e-14
0.09655000000000001,8569.70471062516,0.0,0.0,179.50256568598004,6.00939297367425e-14,6.00939297367425e-14
0.0966,8569.673724396649,0.0,0.0,179.50127052118646,6.00934862345054e-14,6.00934862345054e-14
0.09665,8569.654256244385,0.0,0.0,179.50006136584082,6.009312692916172e-14,6.009312692916172e-14
0.09670000000000001,8569.63587198094,0.0,0.0,179.4990218626276,6.009274267105503e-14,6.009274267105503e-14
0.09675,8569.627910920806,0.0,0.0,179.4980404013996,6.009248370657328e-14,6.009248370657328e-14
0.09680000000000001,8569.622355179139,0.0,0.0,179.49725905959085,6.009216500716709e-14,6.009216500716709e-14
0.09685,8569.625887757724,0.0,0.0,179.49651518363189,6.009200344109171e-14,6.009200344109171e-14
0.0969,8569.63340239552,0.0,0.0,179.4959914327086,6.009175821915754e-14,6.009175821915754e-14
0.09695000000000001,8569.648043670803,0.0,0.0,179.49549495971965,6.009168704875574e-14,6.009168704875574e-14
0.097,8569.668875293552,0.0,0.0,179.49522578777038,6.009152531293737e-14,6.009152531293737e-14
0.09705000000000001,8569.694556269347,0.0,0.0,179.49498577930376,6.009153657420418e-14,6.009153657420418e-14
0.0971,8569.728286968744,0.0,0.0,179.49496646453863,6.009146740750833e-14,6.009146740750833e-14
0.09715,8569.765181489121,0.0,0.0,179.49499029189698,6.009155301410842e-14,6.009155301410842e-14
0.09720000000000001,8569.811508615161,0.0,0.0,179.49521540304193,6.009158399871677e-14,6.009158399871677e-14
0.09725,8569.85937042876,0.0,0.0,179.49550785116983,6.009173764254501e-14,6.009173764254501e-14
0.09730000000000001,8569.917937140186,0.0,0.0,179.495971954737,6.009187363804472e-14,6.009187363804472e-14
0.09735,8569.976876463707,0.0,0.0,179.49653454569932,6.009208938043041e-14,6.009208938043041e-14
0.0974,8570.046800456561,0.0,0.0,179.49723288388347,6.009233384137112e-14,6.009233384137112e-14
0.09745000000000001,8570.116967135646,0.0,0.0,179.4980634632996,6.009260899919302e-14,6.009260899919302e-14
0.0975,8570.197537337479,0.0,0.0,179.4989920922342,6.009295879519038e-14,6.009295879519038e-14
0.09755,8570.278722377006,0.0,0.0,179.5000847522822,6.009329474516656e-14,6.009329474516656e-14
0.0976,8570.36930329543,0.0,0.0,179.50124073990773,6.009374555259212e-14,6.009374555259212e-14
0.09765,8570.4613054816,0.0,0.0,179.50258588664542,6.009414292991046e-14,6.009414292991046e-14
0.09770000000000001,8570.561018711142,0.0,0.0,179.50396687244012,6.009468725676114e-14,6.009468725676114e-14
0.09775,8570.663672260942,0.0,0.0,179.50555194334902,6.009515159049918e-14,6.009515159049918e-14
0.0978,8570.771759785841,0.0,0.0,179.50715554374887,6.009577763622345e-14,6.009577763622345e-14
0.09785,8570.884443688776,0.0,0.0,179.50896565226736,6.009631399532102e-14,6.009631399532102e-14
0.0979,8571.000444992469,0.0,0.0,179.51078879282255,6.009701141502416e-14,6.009701141502416e-14
0.09795000000000001,8571.122419746209,0.0,0.0,179.5128076427863,6.009762392573669e-14,6.009762392573669e-14
0.098,8571.245653927102,0.0,0.0,179.51484566522927,6.009838076129436e-14,6.009838076129436e-14
0.09805,8571.376246806207,0.0,0.0,179.5170565026663,6.009907365467015e-14,6.009907365467015e-14
0.0981,8571.506182562394,0.0,0.0,179.51930250418388,6.009987928638258e-14,6.009987928638258e-14
0.09815,8571.644250505651,0.0,0.0,179.52168880640974,6.010065351272924e-14,6.010065351272924e-14
0.09820000000000001,8571.780596328588,0.0,0.0,179.52413301813561,6.010149940153947e-14,6.010149940153947e-14
0.09825,8571.925071085045,0.0,0.0,179.5266792378007,6.010235328148139e-14,6.010235328148139e-14
0.0983,8572.067181948785,0.0,0.0,179.52930871060585,6.010323369106689e-14,6.010323369106689e-14
0.09835,8572.217061051279,0.0,0.0,179.53200042028377,6.010416182705088e-14,6.010416182705088e-14
0.0984,8572.364487476314,0.0,0.0,179.53479910452828,6.010507282749072e-14,6.010507282749072e-14
0.09845000000000001,8572.518479208953,0.0,0.0,179.53762310530942,6.010606817137206e-14,6.010606817137206e-14
0.0985,8572.670713888836,0.0,0.0,179.54057208081642,6.010700833901915e-14,6.010700833901915e-14
0.09855,8572.827798343205,0.0,0.0,179.5435160677891,6.010805913761075e-14,6.010805913761075e-14
0.09860000000000001,8572.984006292712,0.0,0.0,179.54659417508213,6.010903002214037e-14,6.010903002214037e-14
0.09865,8573.143253429958,0.0,0.0,179.54964629392634,6.011012430789853e-14,6.011012430789853e-14
0.09870000000000001,8573.302649701163,0.0,0.0,179.55283085508222,6.011112575542449e-14,6.011112575542449e-14
0.09875,8573.463027459833,0.0,0.0,179.55597900391612,6.011225101515647e-14,6.011225101515647e-14
0.0988,8573.624754613631,0.0,0.0,179.55924677621584,6.01132850755233e-14,6.01132850755233e-14
0.09885000000000001,8573.785455607525,0.0,0.0,179.5624779333612,6.01144271505016e-14,6.01144271505016e-14
0.0989,8573.948356169363,0.0,0.0,179.5658058576551,6.011549396351983e-14,6.011549396351983e-14
0.09895000000000001,8574.108745237938,0.0,0.0,179.5691056103507,6.011664224032447e-14,6.011664224032447e-14
0.099,8574.271677444669,0.0,0.0,179.57247150547187,6.011773918062244e-14,6.011773918062244e-14
0.09905,8574.430965856633,0.0,0.0,179.57582352427818,6.011888361079136e-14,6.011888361079136e-14
0.09910000000000001,8574.5928984822,0.0,0.0,179.57920671412265,6.012000729879128e-14,6.012000729879128e-14
0.09915,8574.750394587987,0.0,0.0,179.5825926401394,6.012114022338892e-14,6.012114022338892e-14
0.09920000000000001,8574.910054392434,0.0,0.0,179.58597404234183,6.012228373138228e-14,6.012228373138228e-14
0.09925,8575.065230151753,0.0,0.0,179.58937363660692,6.012340022465835e-14,6.012340022465835e-14
0.0993,8575.221491040671,0.0,0.0,179.59273584560316,6.012455474642295e-14,6.012455474642295e-14
0.09935000000000001,8575.373522241172,0.0,0.0,179.59612729455142,6.01256519004404e-14,6.01256519004404e-14
0.0994,8575.525466336809,0.0,0.0,179.59945426755914,6.012680654332727e-14,6.012680654332727e-14
0.09945000000000001,8575.673607124147,0.0,0.0,179.6028147920202,6.012788261389608e-14,6.012788261389608e-14
0.0995,8575.82019650049,0.0,0.0,179.60609147167776,6.012902639599663e-14,6.012902639599663e-14
0.09955,8575.963718907284,0.0,0.0,179.60939798063424,6.013008027710518e-14,6.013008027710518e-14
0.09960000000000001,8576.104142162027,0.0,0.0,179.6126097505722,6.01312008538096e-14,6.01312008538096e-14
0.09965,8576.242109043746,0.0,0.0,179.61583961554092,6.013223238831425e-14,6.013223238831425e-14
0.09970000000000001,8576.375702828613,0.0,0.0,179.61897181189397,6.013331875504831e-14,6.013331875504831e-14
0.09975,8576.507239477032,0.0,0.0,179.62210349281213,6.013432543984383e-14,6.013432543984383e-14
0.0998,8576.633315418629,0.0,0.0,179.62514103687448,6.013536841578916e-14,6.013536841578916e-14
0.09985000000000001,8576.757569094692,0.0,0.0,179.62815461134707,6.01363477593413e-14,6.01363477593413e-14
0.0999,8576.875578600988,0.0,0.0,179.63108175381527,6.013733861182664e-14,6.013733861182664e-14
0.09995000000000001,8576.991643070598,0.0,0.0,179.6339592573728,6.013828633759724e-14,6.013828633759724e-14
0.1,8577.101105534126,0.0,0.0,179.63675959610663,6.013921979944932e-14,6.013921979944932e-14
0.10005,8577.208176621116,0.0,0.0,179.63948509310623,6.014012941204653e-14,6.014012941204653e-14
0.10010000000000001,8577.308566690765,0.0,0.0,179.64214172723337,6.014100133240067e-14,6.014100133240067e-14
0.10015,8577.405965371356,0.0,0.0,179.6447012685164,6.014186620380252e-14,6.014186620380252e-14
0.10020000000000001,8577.496798579175,0.0,0.0,179.64719719469332,6.014267400193898e-14,6.014267400193898e-14
0.10025,8577.583865831528,0.0,0.0,179.64957846901177,6.01434860376982e-14,6.01434860376982e-14
0.1003,8577.66470823134,0.0,0.0,179.65189708811525,6.01442285459416e-14,6.01442285459416e-14
0.10035000000000001,8577.740942313054,0.0,0.0,179.65408913053594,6.01449798426521e-14,6.01449798426521e-14
0.1004,8577.81127457961,0.0,0.0,179.65621473880415,6.014565612889506e-14,6.014565612889506e-14
0.10045000000000001,8577.876317189397,0.0,0.0,179.65820752739748,6.014633919730122e-14,6.014633919730122e-14
0.1005,8577.935692055786,0.0,0.0,179.66012586375047,6.014694828779284e-14,6.014694828779284e-14
0.10055,8577.989206756029,0.0,0.0,179.6619099866595,6.014755695438491e-14,6.014755695438491e-14
0.10060000000000001,8578.037231919392,0.0,0.0,179.66360862646542,6.014809728413456e-14,6.014809728413456e-14
0.10065,8578.079011659456,0.0,0.0,179.6651750932272,6.014862644782832e-14,6.014862644782832e-14
0.10070000000000001,8578.11529783286,0.0,0.0,179.666643688143,6.01490961185551e-14,6.01490961185551e-14
0.10075,8578.145206164589,0.0,0.0,179.66798388280256,6.014954242696185e-14,6.014954242696185e-14
0.1008,8578.169480237519,0.0,0.0,179.66921423936853,6.014993828145971e-14,6.014993828145971e-14
0.10085000000000001,8578.187392790021,0.0,0.0,179.67032003724668,6.015030011444872e-14,6.015030011444872e-14
0.1009,8578.199478092347,0.0,0.0,179.671306021822,6.015061887189804e-14,6.015061887189804e-14
0.10095,8578.205325664047,0.0,0.0,179.67217003361418,6.015089539898902e-14,6.015089539898902e-14
0.101,8578.20513941256,0.0,0.0,179.67290734858813,6.015113361298604e-14,6.015113361298604e-14
0.10105,8578.198877639566,0.0,0.0,179.67352328360067,6.015132524599126e-14,6.015132524599126e-14
0.10110000000000001,8578.18645392093,0.0,0.0,179.6740091443376,6.015147959715532e-14,6.015147959715532e-14
0.10115,8578.168072451916,0.0,0.0,179.6743721790123,6.01515869702539e-14,6.01515869702539e-14
0.1012,8578.143534594179,0.0,0.0,179.67460501257014,6.015165513581533e-14,6.015165513581533e-14
0.10125,8578.113073873661,0.0,0.0,179.67471212553247,6.015167886558566e-14,6.015167886558566e-14
0.1013,8578.076641758973,0.0,0.0,179.67469129932766,6.015165956625023e-14,6.015165956625023e-14
0.10135000000000001,8578.034184084252,0.0,0.0,179.674541509257,6.015159998782207e-14,6.015159998782207e-14
0.1014,8577.986142529766,0.0,0.0,179.67426718066739,6.015149332246586e-14,6.015149332246586e-14
0.10145,8577.931879752114,0.0,0.0,179.67386163775748,6.015135034067377e-14,6.015135034067377e-14
0.1015,8577.872528303531,0.0,0.0,179.67333473852344,6.015115778791113e-14,6.015115778791113e-14
0.10155,8577.806741587914,0.0,0.0,179.67267665575628,6.015093094655172e-14,6.015093094655172e-14
0.10160000000000001,8577.736451989378,0.0,0.0,179.67189902337097,6.015065511808046e-14,6.015065511808046e-14
0.10165,8577.659495275642,0.0,0.0,179.67099345982717,6.015034397848665e-14,6.015034397848665e-14
0.1017,8577.578633481164,0.0,0.0,179.66996807573545,6.014998836787085e-14,6.014998836787085e-14
0.10175000000000001,8577.491036514984,0.0,0.0,179.66882161669898,6.014959261798072e-14,6.014959261798072e-14
0.1018,8577.399946741381,0.0,0.0,179.66755292384673,6.014916115110747e-14,6.014916115110747e-14
0.10185000000000001,8577.302299034207,0.0,0.0,179.66617329036555,6.014868158477604e-14,6.014868158477604e-14
0.1019,8577.201426422258,0.0,0.0,179.66466750743547,6.014817774679383e-14,6.014817774679383e-14
0.10195,8577.09437698267,0.0,0.0,179.66306320123803,6.014761619147083e-14,6.014761619147083e-14
0.10200000000000001,8576.98414510708,0.0,0.0,179.66132857408041,6.014704358493546e-14,6.014704358493546e-14
0.10205,8576.8684860679,0.0,0.0,179.65950858799837,6.014640315943014e-14,6.014640315943014e-14
0.10210000000000001,8576.74934993658,0.0,0.0,179.6575555032941,6.014576404099736e-14,6.014576404099736e-14
0.10215,8576.625853282252,0.0,0.0,179.65552918615379,6.014505017904412e-14,6.014505017904412e-14
0.1022,8576.498432627777,0.0,0.0,179.65337014489842,6.014434621221717e-14,6.014434621221717e-14
0.10225000000000001,8576.367831786121,0.0,0.0,179.6511471810433,6.014356499079029e-14,6.014356499079029e-14
0.1023,8576.2327970315,0.0,0.0,179.64879658349457,6.014279761625674e-14,6.014279761625674e-14
0.10235000000000001,8576.095912668086,0.0,0.0,179.64638719639672,6.014195683070578e-14,6.014195683070578e-14
0.1024,8575.95397684197,0.0,0.0,179.64386093526224,6.014112663038848e-14,6.014112663038848e-14
0.10245,8575.811549373608,0.0,0.0,179.64127618646248,6.014023462878517e-14,6.014023462878517e-14
0.10250000000000001,8575.663659673077,0.0,0.0,179.63859117492416,6.013934305571643e-14,6.013934305571643e-14
0.10255,8575.516307781521,0.0,0.0,179.63584331389575,6.013840801777263e-14,6.013840801777263e-14
0.10260000000000001,8575.363466432453,0.0,0.0,179.63301694271968,6.013745719791779e-14,6.013745719791779e-14
0.10265,8575.211919103043,0.0,0.0,179.63011981175333,6.013648676027539e-14,6.013648676027539e-14
0.1027,8575.05510255679,0.0,0.0,179.6271694047857,6.013548057375882e-14,6.013548057375882e-14
0.10275000000000001,8574.900026653719,0.0,0.0,179.6241387213757,6.013448118769991e-14,6.013448118769991e-14
0.1028,8574.740418870151,0.0,0.0,179.6210811544349,6.013342483831674e-14,6.013342483831674e-14
0.10285000000000001,8574.582390825484,0.0,0.0,179.6179346624304,6.013240178479907e-14,6.013240178479907e-14
0.1029,8574.421111244174,0.0,0.0,179.6147861010699,6.013130318603763e-14,6.013130318603763e-14
0.10295,8574.260916315998,0.0,0.0,179.61154350583803,6.013025913554625e-14,6.013025913554625e-14
0.10300000000000001,8574.09897223064,0.0,0.0,179.60831939366628,6.0129127913153e-14,6.0129127913153e-14
0.10305,8573.937383698209,0.0,0.0,179.605002100902,6.012806556433156e-14,6.012806556433156e-14
0.10310000000000001,8573.775862353506,0.0,0.0,179.6017173088605,6.012691206664482e-14,6.012691206664482e-14
0.10315,8573.61367826069,0.0,0.0,179.59834793427663,6.012583206010962e-14,6.012583206010962e-14
0.1032,8573.453502207441,0.0,0.0,179.59501714327405,6.012466909230273e-14,6.012466909230273e-14
0.10325000000000001,8573.291756236858,0.0,0.0,179.5916188801138,6.012357189102191e-14,6.012357189102191e-14
0.1033,8573.133675657524,0.0,0.0,179.58825703745646,6.012241060503128e-14,6.012241060503128e-14
0.10335000000000001,8572.973420540231,0.0,0.0,179.58485292615345,6.01212982033788e-14,6.01212982033788e-14
0.1034,8572.81823013758,0.0,0.0,179.58147578254932,6.012014983427257e-14,6.012014983427257e-14
0.10345,8572.660522976603,0.0,0.0,179.57808799423412,6.011902403139882e-14,6.011902403139882e-14
0.10350000000000001,8572.508849118305,0.0,0.0,179.5747125455151,6.011789831852894e-14,6.011789831852894e-14
0.10355,8572.354940259691,0.0,0.0,179.57136179389525,6.01167639793142e-14,6.01167639793142e-14
0.10360000000000001,8572.207278846126,0.0,0.0,179.56800656467107,6.0115667759705e-14,6.0115667759705e-14
0.10365,8572.058331634178,0.0,0.0,179.5647116775525,6.011453153819487e-14,6.011453153819487e-14
0.1037,8571.91533127028,0.0,0.0,179.56139686341442,6.011346980568097e-14,6.011346980568097e-14
0.10375000000000001,8571.772361591431,0.0,0.0,179.55817456889085,6.011234091297258e-14,6.011234091297258e-14
0.1038,8571.634591753535,0.0,0.0,179.55492181725785,6.011131579583495e-14,6.011131579583495e-14
0.10385000000000001,8571.498729316836,0.0,0.0,179.55178690292217,6.011020508623837e-14,6.011020508623837e-14
0.1039,8571.366704101394,0.0,0.0,179.54861887745255,6.010921731897071e-14,6.010921731897071e-14
0.10395,8571.23882436084,0.0,0.0,179.54558448795484,6.010813754980683e-14,6.010813754980683e-14
0.10400000000000001,8571.113351449312,0.0,0.0,179.5425242287208,6.01071852115203e-14,6.01071852115203e-14
0.10405,8570.99407763345,0.0,0.0,179.53960240058007,6.010614976496269e-14,6.010614976496269e-14
0.1041,8570.875924559894,0.0,0.0,179.53667252971638,6.010523220396687e-14,6.010523220396687e-14
0.10415,8570.765925284746,0.0,0.0,179.53387485230658,6.010425262822923e-14,6.010425262822923e-14
0.1042,8570.655826867633,0.0,0.0,179.5310966659262,6.010336863849714e-14,6.010336863849714e-14
0.10425000000000001,8570.555514765978,0.0,0.0,179.52843495143685,6.010245720770534e-14,6.010245720770534e-14
0.1043,8570.454462354553,0.0,0.0,179.52582766506578,6.010160664103827e-14,6.010160664103827e-14
0.10435,8570.364001275886,0.0,0.0,179.52331445257536,6.010077117813846e-14,6.010077117813846e-14
0.1044,8570.272898771816,0.0,0.0,179.5208945649502,6.009995781138502e-14,6.009995781138502e-14
0.10445,8570.192568095652,0.0,0.0,179.5185434832411,6.00992039045743e-14,6.00992039045743e-14
0.10450000000000001,8570.11216455257,0.0,0.0,179.51632437719218,6.009843188497888e-14,6.009843188497888e-14
0.10455,8570.042107497477,0.0,0.0,179.51415023719977,6.009776257578548e-14,6.009776257578548e-14
0.1046,8569.973251280651,0.0,0.0,179.51214209698526,6.009703995686709e-14,6.009703995686709e-14
0.10465,8569.913494566976,0.0,0.0,179.51016063140807,6.009645386686011e-14,6.009645386686011e-14
0.1047,8569.856822037085,0.0,0.0,179.50837068523538,6.009579037063052e-14,6.009579037063052e-14
0.10475000000000001,8569.807613102123,0.0,0.0,179.50659807314034,6.009528479567947e-14,6.009528479567947e-14
0.1048,8569.763470327434,0.0,0.0,179.50503106849314,6.009469131823046e-14,6.009469131823046e-14
0.10485,8569.725030802574,0.0,0.0,179.50348316895776,6.00942611587627e-14,6.00942611587627e-14
0.10490000000000001,8569.693764342586,0.0,0.0,179.5021420935955,6.00937489138958e-14,6.00937489138958e-14
0.10495,8569.666286484526,0.0,0.0,179.5008336026474,6.009338928316697e-14,6.009338928316697e-14
0.10500000000000001,8569.647939566397,0.0,0.0,179.49972045047966,6.009296860299276e-14,6.009296860299276e-14
0.10505,8569.631856654109,0.0,0.0,179.49866399743303,6.009267394538608e-14,6.009267394538608e-14
0.1051,8569.626217722804,0.0,0.0,179.49778054061068,6.009235376664109e-14,6.009235376664109e-14
0.10515000000000001,8569.621890328908,0.0,0.0,179.4969859077793,6.009212138160368e-14,6.009212138160368e-14
0.1052,8569.628770902344,0.0,0.0,179.4963343421027,6.009190622743512e-14,6.009190622743512e-14
0.10525000000000001,8569.636472269502,0.0,0.0,179.49580784367853,6.009173504903736e-14,6.009173504903736e-14
0.1053,8569.655479086096,0.0,0.0,179.4953911625776,6.009162826579172e-14,6.009162826579172e-14
0.10535,8569.675613121784,0.0,0.0,179.49513540731715,6.009151894943663e-14,6.009151894943663e-14
0.10540000000000001,8569.706206911173,0.0,0.0,179.4949574751974,6.00915185289367e-14,6.00915185289367e-14
0.10545,8569.738963550186,0.0,0.0,179.49497135673613,6.00914764019207e-14,6.00914764019207e-14
0.10550000000000001,8569.780797067082,0.0,0.0,179.49503673493516,6.009157736048963e-14,6.009157736048963e-14
0.10555,8569.826125206653,0.0,0.0,179.49531576447893,6.009160746792205e-14,6.009160746792205e-14
0.1056,8569.878773566737,0.0,0.0,179.4956291920301,6.009180342600719e-14,6.009180342600719e-14
0.10565000000000001,8569.936646496397,0.0,0.0,179.49616616686527,6.00919133490041e-14,6.00919133490041e-14
0.1057,8569.99963778933,0.0,0.0,179.49673179423777,6.009219435960113e-14,6.009219435960113e-14
0.10575000000000001,8570.069730788056,0.0,0.0,179.49751758789697,6.00923918074457e-14,6.00923918074457e-14
0.1058,8570.142875784813,0.0,0.0,179.49833820549964,6.009274885946729e-14,6.009274885946729e-14
0.10585,8570.224559112912,0.0,0.0,179.49936262099834,6.009303990309149e-14,6.009303990309149e-14
0.10590000000000001,8570.307616931232,0.0,0.0,179.5004387964814,6.009346379930449e-14,6.009346379930449e-14
0.10595,8570.400306106569,0.0,0.0,179.50169141949826,6.009385302637824e-14,6.009385302637824e-14
0.10600000000000001,8570.492973709772,0.0,0.0,179.5030208023396,6.009433664123123e-14,6.009433664123123e-14
0.10605,8570.595839965425,0.0,0.0,179.50449167588545,6.009482540351317e-14,6.009482540351317e-14
0.1061,8570.697996719819,0.0,0.0,179.5060684990336,6.009536313070963e-14,6.009536313070963e-14
0.10615000000000001,8570.81004447221,0.0,0.0,179.5077485179069,6.009595013604684e-14,6.009595013604684e-14
0.1062,8570.921439599515,0.0,0.0,179.5095634643892,6.00965396979274e-14,6.00965396979274e-14
0.10625000000000001,8571.041790371552,0.0,0.0,179.51144449511844,6.009721881953399e-14,6.009721881953399e-14
0.1063,8571.162001060087,0.0,0.0,179.51348478861252,6.009786036881736e-14,6.009786036881736e-14
0.10635,8571.289724425258,0.0,0.0,179.51555950054146,6.009862414349136e-14,6.009862414349136e-14
0.10640000000000001,8571.418347755693,0.0,0.0,179.51780937946455,6.009931862596226e-14,6.009931862596226e-14
0.10645,8571.552475540726,0.0,0.0,179.52007076348724,6.01001561038121e-14,6.01001561038121e-14
0.10650000000000001,8571.688902840984,0.0,0.0,179.522512168647,6.010090767196876e-14,6.010090767196876e-14
0.10655,8571.82867852992,0.0,0.0,179.52495291197195,6.010180625121402e-14,6.010180625121402e-14
0.1066,8571.972061131737,0.0,0.0,179.52756631087217,6.010261731659051e-14,6.010261731659051e-14
0.10665000000000001,8572.116754909624,0.0,0.0,179.53017806300318,6.010356554258104e-14,6.010356554258104e-14
0.1067,8572.266235934994,0.0,0.0,179.53294337147815,6.010443849645696e-14,6.010443849645696e-14
0.10675000000000001,8572.415104651696,0.0,0.0,179.5357160228933,6.0105423800326e-14,6.0105423800326e-14
0.1068,8572.569639009314,0.0,0.0,179.53861337272627,6.010635955692977e-14,6.010635955692977e-14
0.10685,8572.72214819045,0.0,0.0,179.54153455066182,6.010737231684563e-14,6.010737231684563e-14
0.10690000000000001,8572.88052375992,0.0,0.0,179.54454494004133,6.010836836203913e-14,6.010836836203913e-14
0.10695,8573.036067390023,0.0,0.0,179.54759961022083,6.01094006359641e-14,6.01094006359641e-14
0.10700000000000001,8573.197190963703,0.0,0.0,179.55070530717478,6.011045244099512e-14,6.011045244099512e-14
0.10705,8573.355094207715,0.0,0.0,179.55387575534544,6.011149884084058e-14,6.011149884084058e-14
0.1071,8573.517769978931,0.0,0.0,179.5570603844902,6.011259852700877e-14,6.011259852700877e-14
0.10715000000000001,8573.677449716895,0.0,0.0,179.56032643517887,6.01136558279762e-14,6.01136558279762e-14
0.1072,8573.8404899833,0.0,0.0,179.56357480811747,6.011479362774881e-14,6.011479362774881e-14
0.10725000000000001,8574.001195499495,0.0,0.0,179.56691433375877,6.011586059884939e-14,6.011586059884939e-14
0.1073,8574.16360917187,0.0,0.0,179.57021206871104,6.011702411398599e-14,6.011702411398599e-14
0.10735,8574.324459027423,0.0,0.0,179.57360163923474,6.011810086169522e-14,6.011810086169522e-14
0.10740000000000001,8574.485278140086,0.0,0.0,179.57693463585716,6.01192778437098e-14,6.01192778437098e-14
0.10745,8574.645407111186,0.0,0.0,179.58035032922817,6.012036368503077e-14,6.012036368503077e-14
0.1075,8574.803716844915,0.0,0.0,179.58370414860073,6.012154146596303e-14,6.012154146596303e-14
0.10755,8574.962127636476,0.0,0.0,179.58712235517555,6.012263657203946e-14,6.012263657203946e-14
0.1076,8575.117200886521,0.0,0.0,179.59048171222517,6.01238029620871e-14,6.01238029620871e-14
0.10765000000000001,8575.272783157683,0.0,0.0,179.593879771536,6.012490492055447e-14,6.012490492055447e-14
0.1077,8575.423932568952,0.0,0.0,179.59722816361764,6.012605066990498e-14,6.012605066990498e-14
0.10775,8575.575649888495,0.0,0.0,179.6005849220652,6.012715554993066e-14,6.012715554993066e-14
0.1078,8575.722160951282,0.0,0.0,179.6039044030096,6.01282721123586e-14,6.01282721123586e-14
0.10785,8575.868963655497,0.0,0.0,179.6072004730163,6.012937447925721e-14,6.012937447925721e-14
0.10790000000000001,8576.010244391311,0.0,0.0,179.61047175868268,6.013045631565124e-14,6.013045631565124e-14
0.10795,8576.151065378222,0.0,0.0,179.61368956141214,6.013154795851534e-14,6.013154795851534e-14
0.108,8576.286475553205,0.0,0.0,179.61689228080675,6.013259133729722e-14,6.013259133729722e-14
0.10805000000000001,8576.420428522215,0.0,0.0,179.62001587430245,6.01336632327472e-14,6.01336632327472e-14
0.1081,8576.549260625086,0.0,0.0,179.623129075358,6.013466578038087e-14,6.013466578038087e-14
0.10815000000000001,8576.675509480894,0.0,0.0,179.62614380174725,6.013570765863366e-14,6.013570765863366e-14
0.1082,8576.797109106377,0.0,0.0,179.6291465347165,6.013666803853222e-14,6.013666803853222e-14
0.10825,8576.914902554332,0.0,0.0,179.63203860585625,6.013766976047624e-14,6.013766976047624e-14
0.10830000000000001,8577.028545384577,0.0,0.0,179.63491056516824,6.013858674138695e-14,6.013858674138695e-14
0.10835,8577.137300810318,0.0,0.0,179.6376666220413,6.013953838606992e-14,6.013953838606992e-14
0.10840000000000001,8577.242242674449,0.0,0.0,179.64038874106654,6.014041059363804e-14,6.014041059363804e-14
0.10845,8577.3414325374,0.0,0.0,179.6429955096964,6.014130379694131e-14,6.014130379694131e-14
0.1085,8577.436989500271,0.0,0.0,179.64555042051538,6.014212841868031e-14,6.014212841868031e-14
0.10855000000000001,8577.526156543709,0.0,0.0,179.6479944988342,6.014295634413278e-14,6.014295634413278e-14
0.1086,8577.61165863623,0.0,0.0,179.65036684266096,6.014373015712113e-14,6.014373015712113e-14
0.10865000000000001,8577.690434235114,0.0,0.0,179.6526346760354,6.014448739736827e-14,6.014448739736827e-14
0.1087,8577.765269037725,0.0,0.0,179.65481117684493,6.014520557554528e-14,6.014520557554528e-14
0.10875,8577.833306300625,0.0,0.0,179.6568892205242,6.014588911341128e-14,6.014588911341128e-14
0.10880000000000001,8577.896981482967,0.0,0.0,179.65885862937142,6.014654602106239e-14,6.014654602106239e-14
0.10885,8577.953940505104,0.0,0.0,179.6607336345878,6.014715362982954e-14,6.014715362982954e-14
0.10890000000000001,8578.006054522662,0.0,0.0,179.6624864823686,6.014774353110806e-14,6.014774353110806e-14
0.10895,8578.051646805361,0.0,0.0,179.6641459438569,6.014827428777749e-14,6.014827428777749e-14
0.109,8578.091891056529,0.0,0.0,179.66567421977533,6.014879108918306e-14,6.014879108918306e-14
0.10905000000000001,8578.12583531754,0.0,0.0,179.66710680751072,6.014924456447345e-14,6.014924456447345e-14
0.1091,8578.154033138622,0.0,0.0,179.66840364074133,6.014968308465529e-14,6.014968308465529e-14
0.10915000000000001,8578.176074122981,0.0,0.0,179.66959962317034,6.01500587125912e-14,6.01500587125912e-14
0.1092,8578.192127225118,0.0,0.0,179.67065899369615,6.015041471019507e-14,6.015041471019507e-14
0.10925,8578.202077253427,0.0,0.0,179.67161056103203,6.01507117197569e-14,6.01507117197569e-14
0.10930000000000001,8578.205962787584,0.0,0.0,179.67242713375728,6.015098232629936e-14,6.015098232629936e-14
0.10935,8578.203695376635,0.0,0.0,179.67312857246344,6.015119938573561e-14,6.015119938573561e-14
0.10940000000000001,8578.195452931275,0.0,0.0,179.67369766712588,6.015138313092064e-14,6.015138313092064e-14
0.10945,8578.18093455039,0.0,0.0,179.6741453782573,6.015151850048934e-14,6.015151850048934e-14
0.1095,8578.160643034942,0.0,0.0,179.67446308827522,6.015161527010038e-14,6.015161527010038e-14
0.10955000000000001,8578.133937463042,0.0,0.0,179.67465544759776,6.015166691109067e-14,6.015166691109067e-14
0.1096,8578.101713323333,0.0,0.0,179.6747188774029,6.015167761024159e-14,6.015167761024159e-14
0.10965000000000001,8578.062993517071,0.0,0.0,179.67465598540952,6.015164365969212e-14,6.015164365969212e-14
0.1097,8578.018974289575,0.0,0.0,179.674463564081,6.015156984016758e-14,6.015156984016758e-14
0.10975,8577.968524912007,0.0,0.0,179.6741469282975,6.015144897142164e-14,6.015144897142164e-14
0.10980000000000001,8577.912883926756,0.0,0.0,179.67369873538874,6.015129234207164e-14,6.015129234207164e-14
0.10985,8577.851070021668,0.0,0.0,179.6731309578341,6.015108424414452e-14,6.015108424414452e-14
0.10990000000000001,8577.784043722408,0.0,0.0,179.67242900123898,6.015084642152808e-14,6.015084642152808e-14
0.10995,8577.711302942025,0.0,0.0,179.6716135290799,6.015055192822262e-14,6.015055192822262e-14
0.11,8577.633171512292,0.0,0.0,179.67066190638684,6.015023408724025e-14,6.015023408724025e-14
0.11005000000000001,8577.5500178585,0.0,0.0,179.66960290246902,6.014985562624001e-14,6.014985562624001e-14
0.1101,8577.46114842356,0.0,0.0,179.66840782444584,6.014945838449064e-14,6.014945838449064e-14
0.11015000000000001,8577.368088514817,0.0,0.0,179.66711016583403,6.014899958288304e-14,6.014899958288304e-14
0.1102,8577.268980676834,0.0,0.0,179.66567981782012,6.014852339481943e-14,6.014852339481943e-14
0.11025,8577.166544652175,0.0,0.0,179.6641492536098,6.014798902425483e-14,6.014798902425483e-14
0.11030000000000001,8577.057754241681,0.0,0.0,179.66249350015627,6.014743415814155e-14,6.014743415814155e-14
0.11035,8576.946506329508,0.0,0.0,179.66073690798214,6.014682967608017e-14,6.014682967608017e-14
0.11040000000000001,8576.828728501097,0.0,0.0,179.65886691887178,6.014619697162644e-14,6.014619697162644e-14
0.11045,8576.709163441132,0.0,0.0,179.65689262253787,6.014552800279204e-14,6.014552800279204e-14
0.1105,8576.583220108167,0.0,0.0,179.65482042754354,6.014481905039594e-14,6.014481905039594e-14
0.11055000000000001,8576.455883584218,0.0,0.0,179.6526385196992,6.014409087953461e-14,6.014409087953461e-14
0.1106,8576.322609844523,0.0,0.0,179.65037661485064,6.014330892485021e-14,6.014330892485021e-14
0.11065000000000001,8576.188083835514,0.0,0.0,179.64799918999734,6.014252591404147e-14,6.014252591404147e-14
0.1107,8576.04841251226,0.0,0.0,179.64556020934762,6.014167552303651e-14,6.014167552303651e-14
0.11075,8575.90726850261,0.0,0.0,179.6430014805075,6.014084146214677e-14,6.014084146214677e-14
0.11080000000000001,8575.762167524537,0.0,0.0,179.64039804894415,6.01399290988082e-14,6.01399290988082e-14
0.11085,8575.61507382894,0.0,0.0,179.63767424835606,6.013904606922047e-14,6.013904606922047e-14
0.1109,8575.465450740056,0.0,0.0,179.63491898339728,6.013808009754511e-14,6.013808009754511e-14
0.11095000000000001,8575.313196608477,0.0,0.0,179.6320481335169,6.013714988674218e-14,6.013714988674218e-14
0.111,8575.159932557543,0.0,0.0,179.62915381435957,6.013613918206761e-14,6.013613918206761e-14
0.11105000000000001,8575.003353616949,0.0,0.0,179.62615527012323,6.013516308893494e-14,6.013516308893494e-14
0.1111,8574.847327090325,0.0,0.0,179.62313519502715,6.013411792697653e-14,6.013411792697653e-14
0.11115,8574.6873676626,0.0,0.0,179.62002908402846,6.013309702540206e-14,6.013309702540206e-14
0.11120000000000001,8574.529321872964,0.0,0.0,179.61689744669263,6.013202715052705e-14,6.013202715052705e-14
0.11125,8574.367095368754,0.0,0.0,179.6137040818118,6.013096401641861e-14,6.013096401641861e-14
0.11130000000000001,8574.20772567145,0.0,0.0,179.61047640381614,6.012987843270782e-14,6.012987843270782e-14
0.11135,8574.044319601986,0.0,0.0,179.60721566334075,6.012877655843415e-14,6.012877655843415e-14
0.1114,8573.884364523496,0.0,0.0,179.603909126803,6.01276830763308e-14,6.01276830763308e-14
0.11145000000000001,8573.72093976762,0.0,0.0,179.60060002338705,6.012654821529743e-14,6.012654821529743e-14
0.1115,8573.561007796445,0.0,0.0,179.5972336403675,6.012545265245613e-14,6.012545265245613e-14
0.11155000000000001,8573.39878587621,0.0,0.0,179.59389398941923,6.01242923989017e-14,6.01242923989017e-14
0.1116,8573.239570977095,0.0,0.0,179.59048860173223,6.012319880667339e-14,6.012319880667339e-14
0.11165,8573.07961731937,0.0,0.0,179.5871349764355,6.012202320302596e-14,6.012202320302596e-14
0.11170000000000001,8572.921893128196,0.0,0.0,179.58371296131827,6.012093346900207e-14,6.012093346900207e-14
0.11175,8572.765266298553,0.0,0.0,179.58036083644188,6.01197538073283e-14,6.01197538073283e-14
0.11180000000000001,8572.609792341165,0.0,0.0,179.5769456568543,6.011866926763234e-14,6.011866926763234e-14
0.11185,8572.457452360582,0.0,0.0,179.57360977088288,6.011749785808999e-14,6.011749785808999e-14
0.1119,8572.305136607756,0.0,0.0,179.57022528509918,6.011641825347399e-14,6.011641825347399e-14
0.11195000000000001,8572.157847432682,0.0,0.0,179.56692015041014,6.011526816689778e-14,6.011526816689778e-14
0.112,8572.009700643917,0.0,0.0,179.5635898815511,6.011419412296361e-14,6.011419412296361e-14
0.11205000000000001,8571.868138667513,0.0,0.0,179.5603303157931,6.011307648361788e-14,6.011307648361788e-14
0.1121,8571.725176391416,0.0,0.0,179.5570766672583,6.011200974688156e-14,6.011200974688156e-14
0.11215,8571.58994485932,0.0,0.0,179.5538783608897,6.011093517901474e-14,6.011093517901474e-14
0.11220000000000001,8571.453238656954,0.0,0.0,179.55072192713533,6.010987842950567e-14,6.010987842950567e-14
0.11225,8571.324777040118,0.0,0.0,179.54760177141668,6.010885465489386e-14,6.010885465489386e-14
0.11230000000000001,8571.195470802048,0.0,0.0,179.5445609060821,6.010781394493992e-14,6.010781394493992e-14
0.11235,8571.074182225695,0.0,0.0,179.5415371804475,6.010684582156266e-14,6.010684582156266e-14
0.1124,8570.953251881909,0.0,0.0,179.53862767712934,6.010582873377158e-14,6.010582873377158e-14
0.11245000000000001,8570.839633418596,0.0,0.0,179.53571997344514,6.010491890086424e-14,6.010491890086424e-14
0.1125,8570.727992744987,0.0,0.0,179.5329551632217,6.01039356153582e-14,6.01039356153582e-14
0.11255000000000001,8570.622417495133,0.0,0.0,179.53018396694347,6.010308378977589e-14,6.010308378977589e-14
0.1126,8570.520935466859,0.0,0.0,179.52757499735222,6.010214587973319e-14,6.010214587973319e-14
0.11265,8570.423902934692,0.0,0.0,179.52496111920098,6.010135039222728e-14,6.010135039222728e-14
0.11270000000000001,8570.333125537925,0.0,0.0,179.52251749100748,6.010047045436092e-14,6.010047045436092e-14
0.11275,8570.245268239032,0.0,0.0,179.52008124365906,6.009972824165718e-14,6.009972824165718e-14
0.11280000000000001,8570.165647585492,0.0,0.0,179.51781147731393,6.009891835279457e-14,6.009891835279457e-14
0.11285,8570.087532669826,0.0,0.0,179.5155718455053,6.009822736542592e-14,6.009822736542592e-14
0.1129,8570.019382706432,0.0,0.0,179.5134841677886,6.009749805706916e-14,6.009749805706916e-14
0.11295000000000001,8569.951702457467,0.0,0.0,179.511457948731,6.009685637212976e-14,6.009685637212976e-14
0.113,8569.89508598973,0.0,0.0,179.5095609486525,6.009621681468888e-14,6.009621681468888e-14
0.11305000000000001,8569.83856680949,0.0,0.0,179.50776207841068,6.009562493731518e-14,6.009562493731518e-14
0.1131,8569.793484117818,0.0,0.0,179.50606509968935,6.009507991850896e-14,6.009507991850896e-14
0.11315,8569.748751188672,0.0,0.0,179.5045042213904,6.009454113894397e-14,6.009454113894397e-14
0.11320000000000001,8569.715159373389,0.0,0.0,179.50301759448257,6.009409333888999e-14,6.009409333888999e-14
0.11325,8569.682775373578,0.0,0.0,179.50170185515805,6.009361226956244e-14,6.009361226956244e-14
0.11330000000000001,8569.660544120958,0.0,0.0,179.50043675465363,6.009326065787547e-14,6.009326065787547e-14
0.11335,8569.6410036147,0.0,0.0,179.49937003300835,6.009284550436714e-14,6.009284550436714e-14
0.1134,8569.630018745856,0.0,0.0,179.49833807427473,6.009258583315085e-14,6.009258583315085e-14
0.11345000000000001,8569.623559861888,0.0,0.0,179.49752135306895,6.009224536938232e-14,6.009224536938232e-14
0.1135,8569.623842898029,0.0,0.0,179.4967339749345,6.009207221410106e-14,6.009207221410106e-14
0.11355000000000001,8569.630530921879,0.0,0.0,179.49616607053753,6.009181615564821e-14,6.009181615564821e-14
0.1136,8569.642037508704,0.0,0.0,179.49563366086937,6.009172233114672e-14,6.009172233114672e-14
0.11365,8569.66182886699,0.0,0.0,179.4953120009071,6.009155987031044e-14,6.009155987031044e-14
0.11370000000000001,8569.684627688464,0.0,0.0,179.49504309415744,6.009153884572585e-14,6.009153884572585e-14
0.11375,8569.71714672276,0.0,0.0,179.49496450391553,6.009147752462452e-14,6.009147752462452e-14
0.11380000000000001,8569.751414300068,0.0,0.0,179.49496494736871,6.0091523391329e-14,6.0091523391329e-14
0.11385,8569.796207826486,0.0,0.0,179.49512638631225,6.00915682519809e-14,6.00915682519809e-14
0.1139,8569.841984818675,0.0,0.0,179.4953987240686,6.00916777822064e-14,6.00916777822064e-14
0.11395000000000001,8569.898523778853,0.0,0.0,179.49579774872012,6.009183022503303e-14,6.009183022503303e-14
0.114,8569.95590529767,0.0,0.0,179.49634086898578,6.009200190109723e-14,6.009200190109723e-14
0.11405,8570.02347177915,0.0,0.0,179.49697587621128,6.00922608427749e-14,6.00922608427749e-14
0.11410000000000001,8570.09248821836,0.0,0.0,179.49778495585971,6.009249589764379e-14,6.009249589764379e-14
0.11415,8570.17042098867,0.0,0.0,179.49865505496186,6.009285555958343e-14,6.009285555958343e-14
0.11420000000000001,8570.25089149166,0.0,0.0,179.49972186271776,6.009315804359726e-14,6.009315804359726e-14
0.11425,8570.338569118769,0.0,0.0,179.50082653396203,6.009361086715553e-14,6.009361086715553e-14
0.1143,8570.4301940345,0.0,0.0,179.50213992834907,6.009398497405623e-14,6.009398497405623e-14
0.11435000000000001,8570.526982605523,0.0,0.0,179.503478393563,6.009452127417438e-14,6.009452127417438e-14
0.1144,8570.629330388141,0.0,0.0,179.50502515956765,6.009497310731743e-14,6.009497310731743e-14
0.11445000000000001,8570.734673449399,0.0,0.0,179.50659560546953,6.009558162674168e-14,6.009558162674168e-14
0.1145,8570.847059527552,0.0,0.0,179.5083612599356,6.009611590772107e-14,6.009611590772107e-14
0.11455,8570.96054110735,0.0,0.0,179.5101601087839,6.009678662934433e-14,6.009678662934433e-14
0.11460000000000001,8571.082125937628,0.0,0.0,179.51212977082454,6.009740661772911e-14,6.009740661772911e-14
0.11465,8571.203282842753,0.0,0.0,179.5141509353661,6.009812988890362e-14,6.009812988890362e-14
0.11470000000000001,8571.333179418947,0.0,0.0,179.51631005772026,6.009883664730046e-14,6.009883664730046e-14
0.11475,8571.461589164159,0.0,0.0,179.5185444771896,6.009960532110191e-14,6.009960532110191e-14
0.1148,8571.598712647301,0.0,0.0,179.520879317593,6.010039660788997e-14,6.010039660788997e-14
0.11485000000000001,8571.734006458832,0.0,0.0,179.5233147075332,6.010120555235873e-14,6.010120555235873e-14
0.1149,8571.877276457168,0.0,0.0,179.52581259361398,6.010207624365015e-14,6.010207624365015e-14
0.11495000000000001,8572.018913128317,0.0,0.0,179.5284335062189,6.010292319529961e-14,6.010292319529961e-14
0.115,8572.167304797991,0.0,0.0,179.53108273196847,6.010386467209297e-14,6.010386467209297e-14
0.11505,8572.314713792699,0.0,0.0,179.53387094347036,6.010474910371399e-14,6.010474910371399e-14
0.11510000000000001,8572.46714970114,0.0,0.0,179.5366604632496,6.010575122688538e-14,6.010575122688538e-14
0.11515,8572.61966152793,0.0,0.0,179.53959555176067,6.010667394256327e-14,6.010667394256327e-14
0.11520000000000001,8572.775202251407,0.0,0.0,179.5425144320156,6.010772402392175e-14,6.010772402392175e-14
0.11525,8572.931948822017,0.0,0.0,179.54557458833094,6.010868708663516e-14,6.010868708663516e-14
0.1153,8573.089747663274,0.0,0.0,179.5486113766674,6.010977252207229e-14,6.010977252207229e-14
0.11535000000000001,8573.24978039101,0.0,0.0,179.55177420795482,6.011077639154886e-14,6.011077639154886e-14
0.1154,8573.40902450813,0.0,0.0,179.55491629151325,6.011188511731418e-14,6.011188511731418e-14
0.11545000000000001,8573.571307238046,0.0,0.0,179.55815966023982,6.011293003020957e-14,6.011293003020957e-14
0.1155,8573.73127479262,0.0,0.0,179.5613927097252,6.0114050555828e-14,6.0114050555828e-14
0.11555,8573.89464759925,0.0,0.0,179.56469535506622,6.011513419358334e-14,6.011513419358334e-14
0.11560000000000001,8574.054694343351,0.0,0.0,179.5680030158545,6.011625796202454e-14,6.011625796202454e-14
0.11565,8574.217977826274,0.0,0.0,179.57134499953796,6.011737549920267e-14,6.011737549920267e-14
0.11570000000000001,8574.377410020512,0.0,0.0,179.5747087474709,6.011849548658112e-14,6.011849548658112e-14
0.11575,8574.539480698591,0.0,0.0,179.57807166330718,6.011964005469259e-14,6.011964005469259e-14
0.1158,8574.697601488973,0.0,0.0,179.58147098642186,6.012075183022145e-14,6.012075183022145e-14
0.11585000000000001,8574.857309987303,0.0,0.0,179.58483784887886,6.01219139173665e-14,6.01219139173665e-14
0.1159,8575.013429997936,0.0,0.0,179.5882506606565,6.012301478313006e-14,6.012301478313006e-14
0.11595000000000001,8575.16973048314,0.0,0.0,179.5916056443897,6.01241836035743e-14,6.01241836035743e-14
0.116,8575.323022134666,0.0,0.0,179.59500885568883,6.012527224416905e-14,6.012527224416905e-14
0.11605,8575.475007031971,0.0,0.0,179.59833683727138,6.012643572066515e-14,6.012643572066515e-14
0.11610000000000001,8575.624618243724,0.0,0.0,179.60170708171032,6.012751129448592e-14,6.012751129448592e-14
0.11615,8575.771413303966,0.0,0.0,179.6049931430797,6.012865788182917e-14,6.012865788182917e-14
0.11620000000000001,8575.916461507824,0.0,0.0,179.60830747563327,6.012971906865261e-14,6.012971906865261e-14
0.11625,8576.057329444166,0.0,0.0,179.61153642200713,6.013083744130449e-14,6.013083744130449e-14
0.1163,8576.196848575692,0.0,0.0,179.6147729844879,6.013188258913067e-14,6.013188258913067e-14
0.11635000000000001,8576.331146067057,0.0,0.0,179.61792898318495,6.013296310207473e-14,6.013296310207473e-14
0.1164,8576.464192793595,0.0,0.0,179.62106747458375,6.013398838467515e-14,6.013398838467515e-14
0.11645000000000001,8576.591303801539,0.0,0.0,179.62413387712493,6.013502346981234e-14,6.013502346981234e-14
0.1165,8576.716972497847,0.0,0.0,179.6271558629197,6.013602407893368e-14,6.013602407893368e-14
0.11655,8576.83633405759,0.0,0.0,179.63011521086054,6.01370075634672e-14,6.01370075634672e-14
0.11660000000000001,8576.953751311756,0.0,0.0,179.63300419174087,6.013797695325085e-14,6.013797695325085e-14
0.11665,8577.064831295422,0.0,0.0,179.63583846210074,6.013890516521509e-14,6.013890516521509e-14
0.11670000000000001,8577.17321638042,0.0,0.0,179.63857974422532,6.013983539484305e-14,6.013983539484305e-14
0.11675,8577.275460428935,0.0,0.0,179.64127073370508,6.014070571485877e-14,6.014070571485877e-14
0.1168,8577.374152334605,0.0,0.0,179.64385116617385,6.014158854130011e-14,6.014158854130011e-14
0.11685000000000001,8577.467009628093,0.0,0.0,179.6463810078957,6.014239945239844e-14,6.014239945239844e-14
0.1169,8577.555429676931,0.0,0.0,179.64878859915692,6.014322622819625e-14,6.014322622819625e-14
0.11695000000000001,8577.638369439213,0.0,0.0,179.65114031665377,6.014397660444018e-14,6.014397660444018e-14
0.117,8577.716056057894,0.0,0.0,179.65336388055047,6.014473948860224e-14,6.014473948860224e-14
0.11705,8577.788533061705,0.0,0.0,179.65552188040837,6.0145427976188e-14,6.0145427976188e-14
0.11710000000000001,8577.85513434875,0.0,0.0,179.65755072249382,6.01461200263784e-14,6.01461200263784e-14
0.11715,8577.916651906618,0.0,0.0,179.65950120988748,6.014674478208046e-14,6.014674478208046e-14
0.11720000000000001,8577.971870942682,0.0,0.0,179.66132494342654,6.014736070237936e-14,6.014736070237936e-14
0.11725000000000001,8578.021994823206,0.0,0.0,179.66305615832732,6.014791895504292e-14,6.014791895504292e-14
0.1173,8578.065609886804,0.0,0.0,179.66466467973606,6.014845488213436e-14,6.014845488213436e-14
0.11735000000000001,8578.103967650655,0.0,0.0,179.66616697282208,6.014894335266482e-14,6.014894335266482e-14
0.1174,8578.135803397321,0.0,0.0,179.66755059350518,6.014939697067381e-14,6.014939697067381e-14
0.11745,8578.162127326923,0.0,0.0,179.66881632869033,6.014981157281374e-14,6.014981157281374e-14
0.11750000000000001,8578.182032996492,0.0,0.0,179.66996604425188,6.015018193436677e-14,6.015018193436677e-14
0.11755,8578.196160447795,0.0,0.0,179.67098938061375,6.015051859874333e-14,6.015051859874333e-14
0.11760000000000001,8578.204020613506,0.0,0.0,179.67189722242395,6.015080539457443e-14,6.015080539457443e-14
0.11765,8578.205891094924,0.0,0.0,179.6726738178556,6.015106031882241e-14,6.015106031882241e-14
0.1177,8578.201623649093,0.0,0.0,179.6733332377763,6.015126382511671e-14,6.015126382511671e-14
0.11775000000000001,8578.191278600823,0.0,0.0,179.67385994446127,6.015143388102869e-14,6.015143388102869e-14
0.1178,8578.174846584614,0.0,0.0,179.67426615023666,6.015155428734571e-14,6.015155428734571e-14
0.11785000000000001,8578.152409480983,0.0,0.0,179.6745407723739,6.015163753879581e-14,6.015163753879581e-14
0.1179,8578.123839882708,0.0,0.0,179.6746909675829,6.015167477380795e-14,6.015167477380795e-14
0.11795,8578.089504673295,0.0,0.0,179.6747121175057,6.01516705485056e-14,6.01516705485056e-14
0.11800000000000001,8578.048897180744,0.0,0.0,179.67460560381883,6.015162415993977e-14,6.015162415993977e-14
0.11805,8578.002907068372,0.0,0.0,179.6743726961827,6.015153312701688e-14,6.015153312701688e-14
0.11810000000000001,8577.950466148279,0.0,0.0,179.67401082104823,6.015140236126003e-14,6.015140236126003e-14
0.11815,8577.893086796843,0.0,0.0,179.6735241999121,6.015122636334039e-14,6.015122636334039e-14
0.1182,8577.829119542264,0.0,0.0,179.67291016360508,6.015101039289628e-14,6.015101039289628e-14
0.11825000000000001,8577.760655293901,0.0,0.0,179.67217133916614,6.015075208275194e-14,6.015075208275194e-14
0.1183,8577.685565516786,0.0,0.0,179.6713098996607,6.01504504764386e-14,6.01504504764386e-14
0.11835000000000001,8577.606335358843,0.0,0.0,179.67032184504725,6.015011293390607e-14,6.015011293390607e-14
0.1184,8577.520646222296,0.0,0.0,179.6692189728613,6.014972590007913e-14,6.014972590007913e-14
0.11845,8577.430988288943,0.0,0.0,179.66798642266178,6.014931223922041e-14,6.014931223922041e-14
0.11850000000000001,8577.335297514717,0.0,0.0,179.6666489727594,6.014884127428503e-14,6.014884127428503e-14
0.11855,8577.23561321067,0.0,0.0,179.66517865516354,6.014835406040901e-14,6.014835406040901e-14
0.11860000000000001,8577.130572444374,0.0,0.0,179.66361411494003,6.014780199801372e-14,6.014780199801372e-14
0.11865,8577.02131353477,0.0,0.0,179.66191486895102,6.014724346695523e-14,6.014724346695523e-14
0.1187,8576.907631819995,0.0,0.0,179.66013122972097,6.01466145595704e-14,6.01466145595704e-14
0.11875000000000001,8576.789321200944,0.0,0.0,179.6582139605069,6.014598606429147e-14,6.014598606429147e-14
0.1188,8576.667710556847,0.0,0.0,179.65621974387722,6.014528621668894e-14,6.014528621668894e-14
0.11885000000000001,8576.540990752832,0.0,0.0,179.65409722146921,6.014458879035699e-14,6.014458879035699e-14
0.1189,8576.412137427114,0.0,0.0,179.65190163623203,6.014382461527722e-14,6.014382461527722e-14
0.11895,8576.277752440368,0.0,0.0,179.6495881447823,6.014305931279209e-14,6.014305931279209e-14
0.11900000000000001,8576.142350335444,0.0,0.0,179.64720138126796,6.01422382940323e-14,6.01422382940323e-14
0.11905,8576.001124968465,0.0,0.0,179.64471225496456,6.014140637146415e-14,6.014140637146415e-14
0.11910000000000001,8575.859835666924,0.0,0.0,179.6421458204124,6.01405358402862e-14,6.01405358402862e-14
0.11915,8575.712730442612,0.0,0.0,179.6394969620953,6.013963978342127e-14,6.013963978342127e-14
0.1192,8575.566169098007,0.0,0.0,179.6367640131723,6.013872656404793e-14,6.013872656404793e-14
0.11925000000000001,8575.414202682701,0.0,0.0,179.63397142532412,6.013777005996641e-14,6.013777005996641e-14
0.1193,8575.263033138293,0.0,0.0,179.63108702445552,6.013681993199151e-14,6.013681993199151e-14
0.11935000000000001,8575.107238516925,0.0,0.0,179.62816645625517,6.013580872907958e-14,6.013580872907958e-14
0.1194,8574.952128701774,0.0,0.0,179.62514767438583,6.013482609339508e-14,6.013482609339508e-14
0.11945,8574.79359524713,0.0,0.0,179.62211442430075,6.013376747537489e-14,6.013376747537489e-14
0.11950000000000001,8574.63523982202,0.0,0.0,179.61898026076094,6.01327556218213e-14,6.01327556218213e-14
0.11955,8574.475005279,0.0,0.0,179.61584917206525,6.013165891576193e-14,6.013165891576193e-14
0.11960000000000001,8574.314219711121,0.0,0.0,179.61262026464493,6.01306194799955e-14,6.01306194799955e-14
0.11965,8574.15324323995,0.0,0.0,179.60940590976617,6.012949526383583e-14,6.012949526383583e-14
0.1197,8573.990912228006,0.0,0.0,179.60610407316858,6.012842984142166e-14,6.012842984142166e-14
0.11975000000000001,8573.830112376854,0.0,0.0,179.60282109004848,6.012728903448811e-14,6.012728903448811e-14
0.1198,8573.667197516312,0.0,0.0,179.5994687000216,6.012619867593416e-14,6.012619867593416e-14
0.11985000000000001,8573.50738962587,0.0,0.0,179.59613224632554,6.012505280831616e-14,6.012505280831616e-14
0.1199,8573.344976550497,0.0,0.0,179.59275157380216,6.012393932744975e-14,6.012393932744975e-14
0.11995,8573.186864040796,0.0,0.0,179.5893777658613,6.012279832846676e-14,6.012279832846676e-14
0.12000000000000001,8573.026097519185,0.0,0.0,179.58599033331313,6.012166523838277e-14,6.012166523838277e-14
0.12005,8572.870358997978,0.0,0.0,179.5825966530047,6.012053799533178e-14,6.012053799533178e-14
0.12010000000000001,8572.712380010595,0.0,0.0,179.57922268363407,6.011939011800004e-14,6.011939011800004e-14
0.12015,8572.559643179899,0.0,0.0,179.5758282019767,6.011828332449903e-14,6.011828332449903e-14
0.1202,8572.405639437742,0.0,0.0,179.57248628426262,6.01171282273369e-14,6.01171282273369e-14
0.12025000000000001,8572.256485853351,0.0,0.0,179.56911168615272,6.011604622174854e-14,6.011604622174854e-14
0.1203,8572.10757137781,0.0,0.0,179.565818634504,6.011489319299106e-14,6.011489319299106e-14
0.12035000000000001,8571.962672530452,0.0,0.0,179.56248600790377,6.011383837961153e-14,6.011383837961153e-14
0.12040000000000001,8571.81983239968,0.0,0.0,179.55925699318695,6.011269886951016e-14,6.011269886951016e-14
0.12045,8571.67988367676,0.0,0.0,179.55598935868804,6.011167164947792e-14,6.011167164947792e-14
0.12050000000000001,8571.54404222419,0.0,0.0,179.55283825968894,6.011055792944642e-14,6.011055792944642e-14
0.12055,8571.409782909464,0.0,0.0,179.54965892237576,6.010955815694723e-14,6.010955815694723e-14
0.1206,8571.281680700211,0.0,0.0,179.54659883598399,6.010848301345885e-14,6.010848301345885e-14
0.12065000000000001,8571.153988307138,0.0,0.0,179.5435306041275,6.010750966308059e-14,6.010750966308059e-14
0.1207,8571.03419359208,0.0,0.0,179.54057444495604,6.010648535257232e-14,6.010648535257232e-14
0.12075000000000001,8570.913974188737,0.0,0.0,179.53763883616506,6.010553891418493e-14,6.010553891418493e-14
0.1208,8570.802968333925,0.0,0.0,179.5347999083679,6.010457545355706e-14,6.010457545355706e-14
0.12085,8570.691143104836,0.0,0.0,179.53201640712842,6.010365748375456e-14,6.010365748375456e-14
0.12090000000000001,8570.589271578356,0.0,0.0,179.52930888444754,6.010276351568526e-14,6.010276351568526e-14
0.12095,8570.48680509403,0.0,0.0,179.52669439578267,6.010187757875914e-14,6.010187757875914e-14
0.12100000000000001,8570.394303716137,0.0,0.0,179.5241335472624,6.010105795522387e-14,6.010105795522387e-14
0.12105,8570.30209934972,0.0,0.0,179.52170209429067,6.010021067654886e-14,6.010021067654886e-14
0.1211,8570.21922129805,0.0,0.0,179.51930430491714,6.009946774900834e-14,6.009946774900834e-14
0.12115000000000001,8570.13803853551,0.0,0.0,179.51706698215696,6.009866713188631e-14,6.009866713188631e-14
0.1212,8570.06503044777,0.0,0.0,179.51484945653596,6.009800054622381e-14,6.009800054622381e-14
0.12125000000000001,8569.99555180622,0.0,0.0,179.51281471357584,6.009725713582912e-14,6.009725713582912e-14
0.1213,8569.932647069023,0.0,0.0,179.51079492664365,6.009666399157053e-14,6.009666399157053e-14
0.12135,8569.875364054482,0.0,0.0,179.508969056556,6.009598887696828e-14,6.009598887696828e-14
0.12140000000000001,8569.822923401995,0.0,0.0,179.50716402589606,6.009546545783733e-14,6.009546545783733e-14
0.12145,8569.778092885848,0.0,0.0,179.50555184088634,6.009486996682748e-14,6.009486996682748e-14
0.12150000000000001,8569.736508424416,0.0,0.0,179.5039772667369,6.009441178446062e-14,6.009441178446062e-14
0.12155,8569.704271921639,0.0,0.0,179.50258283574757,6.009390602391679e-14,6.009390602391679e-14
0.1216,8569.673947999236,0.0,0.0,179.50125227565118,6.009350991364371e-14,6.009350991364371e-14
0.12165000000000001,8569.654239977679,0.0,0.0,179.50007960406708,6.009310188333192e-14,6.009310188333192e-14
0.1217,8569.635663409526,0.0,0.0,179.49900373811923,6.009276558947714e-14,6.009276558947714e-14
0.12175000000000001,8569.628262109078,0.0,0.0,179.49805731319546,6.009246081379176e-14,6.009246081379176e-14
0.1218,8569.621860079396,0.0,0.0,179.4972434485213,6.009218494733482e-14,6.009218494733482e-14
0.12185,8569.626500107704,0.0,0.0,179.49652851938413,6.009198481940235e-14,6.009198481940235e-14
0.12190000000000001,8569.632615215083,0.0,0.0,179.4959803552077,6.009177220784786e-14,6.009177220784786e-14
0.12195,8569.648960463019,0.0,0.0,179.49550296207698,6.009167580097636e-14,6.009167580097636e-14
0.12200000000000001,8569.667860188809,0.0,0.0,179.49522068394387,6.009153119256494e-14,6.009153119256494e-14
0.12205,8569.695547815374,0.0,0.0,179.49498734149734,6.009153369964033e-14,6.009153369964033e-14
0.1221,8569.727331162017,0.0,0.0,179.4949680161802,6.009146448679301e-14,6.009146448679301e-14
0.12215000000000001,8569.76607652462,0.0,0.0,179.49498519143484,6.009155907273245e-14,6.009155907273245e-14
0.1222,8569.810622392697,0.0,0.0,179.4952233735329,6.009157252639954e-14,6.009157252639954e-14
0.12225000000000001,8569.860183359338,0.0,0.0,179.49549674231636,6.00917512946199e-14,6.00917512946199e-14
0.1223,8569.917234107364,0.0,0.0,179.49598528801283,6.009185526993254e-14,6.009185526993254e-14
0.12235,8569.977381268372,0.0,0.0,179.49651890633638,6.009210939889142e-14,6.009210939889142e-14
0.12240000000000001,8570.046475508663,0.0,0.0,179.4972497818084,6.009231020824723e-14,6.009231020824723e-14
0.12245,8570.117093537658,0.0,0.0,179.49804532683225,6.009263231375085e-14,6.009263231375085e-14
0.12250000000000001,8570.197561057903,0.0,0.0,179.49901036389122,6.009293406328492e-14,6.009293406328492e-14
0.12255,8570.278525155783,0.0,0.0,179.50006647048116,6.00933178697112e-14,6.00933178697112e-14
0.1226,8570.369644024111,0.0,0.0,179.50125795675837,6.009372186399904e-14,6.009372186399904e-14
0.12265000000000001,8570.460774148536,0.0,0.0,179.50256982665633,6.00941638387799e-14,6.00941638387799e-14
0.1227,8570.561704552958,0.0,0.0,179.50398081899968,6.009466781661386e-14,6.009466781661386e-14
0.12275000000000001,8570.662825610367,0.0,0.0,179.50554009729217,6.009516637151879e-14,6.009516637151879e-14
0.1228,8570.772675243965,0.0,0.0,179.507164468643,6.009576528933716e-14,6.009576528933716e-14
0.12285,8570.883472891815,0.0,0.0,179.50895945428812,6.009632146315415e-14,6.009632146315415e-14
0.12290000000000001,8571.001411179994,0.0,0.0,179.51079162034114,6.009700660971947e-14,6.009700660971947e-14
0.12295,8571.121422130986,0.0,0.0,179.51280774091674,6.009762315703709e-14,6.009762315703709e-14
0.12300000000000001,8571.24664157083,0.0,0.0,179.514842188695,6.00983845634043e-14,6.00983845634043e-14
0.12305,8571.375282602301,0.0,0.0,179.5170627000136,6.009906455030199e-14,6.009906455030199e-14
0.1231,8571.507024281836,0.0,0.0,179.51929330540062,6.009989050480038e-14,6.009989050480038e-14
0.12315000000000001,8571.643542060006,0.0,0.0,179.52170013560334,6.010063776968146e-14,6.010063776968146e-14
0.1232,8571.781151479008,0.0,0.0,179.52411946284118,6.01015164836699e-14,6.01015164836699e-14
0.12325000000000001,8571.924616324912,0.0,0.0,179.5266940312485,6.010233284554795e-14,6.010233284554795e-14
0.1233,8572.067495824715,0.0,0.0,179.52929267258207,6.010325391376952e-14,6.010325391376952e-14
0.12335,8572.216894905607,0.0,0.0,179.53201666259156,6.010413972772267e-14,6.010413972772267e-14
0.12340000000000001,8572.364447113277,0.0,0.0,179.53478271586386,6.010509372122394e-14,6.010509372122394e-14
0.12345,8572.518678121472,0.0,0.0,179.5376386243671,6.010604665769694e-14,6.010604665769694e-14
0.12350000000000001,8572.670358034495,0.0,0.0,179.54055744598003,6.010702699593903e-14,6.010702699593903e-14
0.12355000000000001,8572.828241134426,0.0,0.0,179.54352889625264,6.010804165608278e-14,6.010804165608278e-14
0.1236,8572.983455771982,0.0,0.0,179.54658307908767,6.010904365686183e-14,6.010904365686183e-14
0.12365000000000001,8573.143871702012,0.0,0.0,179.54965487492512,6.011011219543257e-14,6.011011219543257e-14
0.1237,8573.301935203059,0.0,0.0,179.55282454824075,6.011113360737695e-14,6.011113360737695e-14
0.12375000000000001,8573.463779329999,0.0,0.0,179.55598243540442,6.011224551320625e-14,6.011224551320625e-14
0.12380000000000001,8573.623970410046,0.0,0.0,179.55924578435364,6.011328545360301e-14,6.011328545360301e-14
0.12385,8573.786195714712,0.0,0.0,179.56247604446924,6.011442908628001e-14,6.011442908628001e-14
0.12390000000000001,8573.947660922247,0.0,0.0,179.56581001106025,6.011548759487727e-14,6.011548759487727e-14
0.12395,8574.109348879512,0.0,0.0,179.56909889969714,6.011665004916532e-14,6.011665004916532e-14
0.124,8574.271129587383,0.0,0.0,179.57247996382856,6.011772732279826e-14,6.011772732279826e-14
0.12405000000000001,8574.431428033473,0.0,0.0,179.57581315323236,6.011889647112823e-14,6.011889647112823e-14
0.1241,8574.592510280769,0.0,0.0,179.57921808864396,6.011999133095154e-14,6.011999133095154e-14
0.12415000000000001,8574.750639290756,0.0,0.0,179.58258015170952,6.012115584890352e-14,6.012115584890352e-14
0.1242,8574.909939316683,0.0,0.0,179.58598669037147,6.012226628257187e-14,6.012226628257187e-14
0.12425,8575.065200270115,0.0,0.0,179.58936076163087,6.012341640837605e-14,6.012341640837605e-14
0.12430000000000001,8575.221597937249,0.0,0.0,179.59274803575732,6.012453784749706e-14,6.012453784749706e-14
0.12435,8575.373320908146,0.0,0.0,179.5961156873328,6.012566638274888e-14,6.012566638274888e-14
0.12440000000000001,8575.525733818387,0.0,0.0,179.59946448092518,6.012679244072643e-14,6.012679244072643e-14
0.12445,8575.67323290127,0.0,0.0,179.60280580620585,6.012789370978383e-14,6.012789370978383e-14
0.1245,8575.820627501089,0.0,0.0,179.60609854963022,6.012901618702661e-14,6.012901618702661e-14
0.12455000000000001,8575.96322896132,0.0,0.0,179.6093925138985,6.013008682797422e-14,6.013008682797422e-14
0.1246,8576.104624484586,0.0,0.0,179.61261306731376,6.013119580018152e-14,6.013119580018152e-14
0.12465000000000001,8576.241617484271,0.0,0.0,179.6158379975193,6.013223357239975e-14,6.013223357239975e-14
0.1247,8576.376164290592,0.0,0.0,179.61897130694564,6.01333186335148e-14,6.01333186335148e-14
0.12475,8576.506781893759,0.0,0.0,179.62210551503165,6.013432211467907e-14,6.013432211467907e-14
0.12480000000000001,8576.633721800586,0.0,0.0,179.62513716733937,6.01353725171172e-14,6.01353725171172e-14
0.12485,8576.75720033599,0.0,0.0,179.62815958780743,6.013634031503453e-14,6.013634031503453e-14
0.12490000000000001,8576.875865360782,0.0,0.0,179.63107540598205,6.013734624716689e-14,6.013734624716689e-14
0.12495,8576.991413424315,0.0,0.0,179.63396617450445,6.013827635537119e-14,6.013827635537119e-14
0.125,8577.101247895402,0.0,0.0,179.63675188000295,6.013922897262277e-14,6.013922897262277e-14
0.12505,8577.20808284535,0.0,0.0,179.6394927917284,6.014011858776813e-14,6.014011858776813e-14
0.12510000000000002,8577.30858793945,0.0,0.0,179.6421338317269,6.014101090686057e-14,6.014101090686057e-14
0.12515,8577.405981817365,0.0,0.0,179.6447086100131,6.014185570928106e-14,6.014185570928106e-14
0.1252,8577.496708038596,0.0,0.0,179.6471901559988,6.014268248475203e-14,6.014268248475203e-14
0.12525,8577.583990778756,0.0,0.0,179.64958454466088,6.014347736332082e-14,6.014347736332082e-14
0.1253,8577.664530041578,0.0,0.0,179.65189167234604,6.01442348823448e-14,6.01442348823448e-14
0.12535000000000002,8577.74111733956,0.0,0.0,179.65409332936622,6.014497358595543e-14,6.014497358595543e-14
0.1254,8577.811078503131,0.0,0.0,179.65621135890692,6.014565981232203e-14,6.014565981232203e-14
0.12545,8577.876495330293,0.0,0.0,179.65820962670833,6.014633571417595e-14,6.014633571417595e-14
0.1255,8577.935497704237,0.0,0.0,179.66012454257904,6.014694924682626e-14,6.014694924682626e-14
0.12555,8577.9893753707,0.0,0.0,179.66191013306593,6.014755590863463e-14,6.014755590863463e-14
0.12560000000000002,8578.037066260093,0.0,0.0,179.663609057656,6.014809596826298e-14,6.014809596826298e-14
0.12565,8578.079133106437,0.0,0.0,179.66517372347653,6.01486273946968e-14,6.01486273946968e-14
0.1257,8578.115189354847,0.0,0.0,179.66664533281596,6.014909310793472e-14,6.014909310793472e-14
0.12575,8578.14527429202,0.0,0.0,179.66798161038932,6.014954451294809e-14,6.014954451294809e-14
0.1258,8578.16941746255,0.0,0.0,179.6692164591748,6.014993463266866e-14,6.014993463266866e-14
0.12585000000000002,8578.187421942672,0.0,0.0,179.67031750641047,6.015030246410098e-14,6.015030246410098e-14
0.1259,8578.1994477818,0.0,0.0,179.6713082115677,6.01506152571732e-14,6.01506152571732e-14
0.12595,8578.205331397465,0.0,0.0,179.67216779548752,6.01508974608139e-14,6.01508974608139e-14
0.126,8578.205118774336,0.0,0.0,179.6729090570767,6.015113067218859e-14,6.015113067218859e-14
0.12605,8578.198887361112,0.0,0.0,179.67352167752443,6.015132646537121e-14,6.015132646537121e-14
0.12610000000000002,8578.18641564581,0.0,0.0,179.67401015684536,6.015147763122994e-14,6.015147763122994e-14
0.12615,8578.168108906546,0.0,0.0,179.67437128902864,6.015158730346344e-14,6.015158730346344e-14
0.1262,8578.143461480466,0.0,0.0,179.6746053709983,6.015165401158762e-14,6.015165401158762e-14
0.12625,8578.113153458939,0.0,0.0,179.6747117778591,6.015167851248885e-14,6.015167851248885e-14
0.1263,8578.076517091724,0.0,0.0,179.67469127799234,6.01516588954568e-14,6.01516588954568e-14
0.12635000000000002,8578.03431775489,0.0,0.0,179.67454133317878,6.015159942961752e-14,6.015159942961752e-14
0.1264,8577.985973027528,0.0,0.0,179.67426720619687,6.015149251600241e-14,6.015149251600241e-14
0.12645,8577.932043177232,0.0,0.0,179.67386116593389,6.015135016972298e-14,6.015135016972298e-14
0.1265,8577.872343222507,0.0,0.0,179.673335278392,6.015115620641607e-14,6.015115620641607e-14
0.12655,8577.806914436038,0.0,0.0,179.6726754500506,6.015093177369889e-14,6.015093177369889e-14
0.12660000000000002,8577.736265718793,0.0,0.0,179.6719004598088,6.015065229688791e-14,6.015065229688791e-14
0.12665,8577.659648917583,0.0,0.0,179.67099122841813,6.015034615529717e-14,6.015034615529717e-14
0.1267,8577.5785010406,0.0,0.0,179.66997060045844,6.014998406696704e-14,6.014998406696704e-14
0.12675,8577.491103779166,0.0,0.0,179.66881830708792,6.014959633520578e-14,6.014959633520578e-14
0.1268,8577.399914805346,0.0,0.0,179.667556453367,6.014915549601994e-14,6.014915549601994e-14
0.12685000000000002,8577.302263883039,0.0,0.0,179.66616913927197,6.014868638511402e-14,6.014868638511402e-14
0.1269,8577.20150190203,0.0,0.0,179.66467166839692,6.014817139915679e-14,6.014817139915679e-14
0.12695,8577.094214500377,0.0,0.0,179.66305871956104,6.014762149985821e-14,6.014762149985821e-14
0.127,8576.984368826292,0.0,0.0,179.661332733042,6.014703711897815e-14,6.014703711897815e-14
0.12705,8576.868165759468,0.0,0.0,179.65950449590605,6.014640802892792e-14,6.014640802892792e-14
0.12710000000000002,8576.749720856664,0.0,0.0,179.6575588755537,6.014575878663269e-14,6.014575878663269e-14
0.12715,8576.62541139302,0.0,0.0,179.65552629040818,6.014505325568068e-14,6.014505325568068e-14
0.1272,8576.498895679631,0.0,0.0,179.6533719145763,6.01443430646999e-14,6.01443430646999e-14
0.12725,8576.367320422296,0.0,0.0,179.65114624731822,6.014356558708364e-14,6.014356558708364e-14
0.1273,8576.2333194837,0.0,0.0,179.64879606989848,6.014279740468826e-14,6.014279740468826e-14
0.12735000000000002,8576.095356218846,0.0,0.0,179.6463887725257,6.014195391663382e-14,6.014195391663382e-14
0.1274,8575.954512473016,0.0,0.0,179.64385774803404,6.014113009479997e-14,6.014113009479997e-14
0.12745,8575.811036244893,0.0,0.0,179.64128048594796,6.014022806209612e-14,6.014022806209612e-14
0.1275,8575.664092376963,0.0,0.0,179.63858530329577,6.013934998993985e-14,6.013934998993985e-14
0.12755,8575.51593767674,0.0,0.0,179.63585013832176,6.013839808837501e-14,6.013839808837501e-14
0.12760000000000002,8575.363745170713,0.0,0.0,179.63300882208136,6.013746722220227e-14,6.013746722220227e-14
0.12765,8575.211703673996,0.0,0.0,179.6301285087399,6.013647435986038e-14,6.013647435986038e-14
0.1277,8575.055203636675,0.0,0.0,179.6271598932987,6.013549237087526e-14,6.013549237087526e-14
0.12775,8574.90003504633,0.0,0.0,179.6241482637349,6.013446772839887e-14,6.013446772839887e-14
0.1278,8574.740256392131,0.0,0.0,179.62107143510755,6.01334371161365e-14,6.01334371161365e-14
0.12785000000000002,8574.582659807353,0.0,0.0,179.61794374989583,6.013238883438231e-14,6.013238883438231e-14
0.1279,8574.420723875914,0.0,0.0,179.61477753234635,6.013131380037838e-14,6.013131380037838e-14
0.12795,8574.26137493205,0.0,0.0,179.6115507702452,6.01302489133722e-14,6.01302489133722e-14
0.128,8574.098408899614,0.0,0.0,179.60831330212778,6.012913521911839e-14,6.012913521911839e-14
0.12805,8573.93801349925,0.0,0.0,179.605006290265,6.012805910650134e-14,6.012805910650134e-14
0.12810000000000002,8573.775149888768,0.0,0.0,179.60171479655864,6.012691478343636e-14,6.012691478343636e-14
0.12815000000000001,8573.61440753694,0.0,0.0,179.59834813711473,6.012583109529334e-14,6.012583109529334e-14
0.1282,8573.452761029888,0.0,0.0,179.59501888336374,6.012466574400104e-14,6.012466574400104e-14
0.12825,8573.29244706606,0.0,0.0,179.59161468100612,6.012357677208363e-14,6.012357677208363e-14
0.1283,8573.133019674011,0.0,0.0,179.5882631527221,6.012240172911999e-14,6.012240172911999e-14
0.12835000000000002,8572.973999207206,0.0,0.0,179.58484451753966,6.012130844139691e-14,6.012130844139691e-14
0.12840000000000001,8572.817715782097,0.0,0.0,179.58148576846816,6.012013562784881e-14,6.012013562784881e-14
0.12845,8572.660911375466,0.0,0.0,179.57807619432296,6.011903909115797e-14,6.011903909115797e-14
0.1285,8572.50858784583,0.0,0.0,179.57472531185192,6.011788040059225e-14,6.011788040059225e-14
0.12855,8572.355021501782,0.0,0.0,179.57134794664503,6.011678156762106e-14,6.011678156762106e-14
0.12860000000000002,8572.20734410102,0.0,0.0,179.56802056329553,6.011564836069869e-14,6.011564836069869e-14
0.12865000000000001,8572.058105144837,0.0,0.0,179.56469751715866,6.011454971474109e-14,6.011454971474109e-14
0.1287,8571.915672468003,0.0,0.0,179.56141024300769,6.011345115805949e-14,6.011345115805949e-14
0.12875,8571.77186525052,0.0,0.0,179.5581619804615,6.0112356923204e-14,6.0112356923204e-14
0.1288,8571.635222208479,0.0,0.0,179.554932726651,6.011130055951143e-14,6.011130055951143e-14
0.12885,8571.497939969378,0.0,0.0,179.5517776420571,6.011021683051553e-14,6.011021683051553e-14
0.12890000000000001,8571.367577177232,0.0,0.0,179.54862569589537,6.010920729858245e-14,6.010920729858245e-14
0.12895,8571.237883224387,0.0,0.0,179.54557994962138,6.010814287739953e-14,6.010814287739953e-14
0.129,8571.114292550343,0.0,0.0,179.54252582452597,6.010718245972866e-14,6.010718245972866e-14
0.12905,8570.99311793393,0.0,0.0,179.53960339919783,6.010614761285233e-14,6.010614761285233e-14
0.1291,8570.876860179955,0.0,0.0,179.53666843235777,6.01052365935532e-14,6.01052365935532e-14
0.12915000000000001,8570.76500643274,0.0,0.0,179.53388147499632,6.010424332179153e-14,6.010424332179153e-14
0.1292,8570.656655025266,0.0,0.0,179.53108718629107,6.01033803310466e-14,6.01033803310466e-14
0.12925,8570.554795981934,0.0,0.0,179.52844651417598,6.01024408313414e-14,6.01024408313414e-14
0.1293,8570.455010011385,0.0,0.0,179.5258138552364,6.010162424014619e-14,6.010162424014619e-14
0.12935,8570.363602994741,0.0,0.0,179.52332958161406,6.010075046233125e-14,6.010075046233125e-14
0.12940000000000002,8570.27312174051,0.0,0.0,179.5208780988473,6.009997857515928e-14,6.009997857515928e-14
0.12945,8570.192491280097,0.0,0.0,179.51856026927354,6.009918091539778e-14,6.009918091539778e-14
0.1295,8570.11205070056,0.0,0.0,179.51630735306554,6.00984538491852e-14,6.00984538491852e-14
0.12955,8570.04239425973,0.0,0.0,179.51416647612214,6.00977402056077e-14,6.00977402056077e-14
0.1296,8569.972755418079,0.0,0.0,179.5121267361298,6.009705947646723e-14,6.009705947646723e-14
0.12965000000000002,8569.914141943986,0.0,0.0,179.51017414775262,6.009643536820602e-14,6.009643536820602e-14
0.1297,8569.856028528793,0.0,0.0,179.50835904568424,6.009580508397419e-14,6.009580508397419e-14
0.12975,8569.808481299444,0.0,0.0,179.50660698825376,6.009527217551241e-14,6.009527217551241e-14
0.1298,8569.76250753859,0.0,0.0,179.5050247487922,6.009469890232764e-14,6.009469890232764e-14
0.12985,8569.726044765286,0.0,0.0,179.50348620629657,6.009425649784295e-14,6.009425649784295e-14
0.12990000000000002,8569.692692304321,0.0,0.0,179.50214200644686,6.009374824810466e-14,6.009374824810466e-14
0.12995,8569.667333909658,0.0,0.0,179.5008302385351,6.009339282714697e-14,6.009339282714697e-14
0.13,8569.64693810433,0.0,0.0,179.49972669490984,6.009295951038845e-14,6.009295951038845e-14
0.13005,8569.63274551133,0.0,0.0,179.49865456621876,6.009268582641437e-14,6.009268582641437e-14
0.1301,8569.625425795877,0.0,0.0,179.49779236945955,6.009233707607565e-14,6.009233707607565e-14
0.13015000000000002,8569.622548124524,0.0,0.0,179.4969715603156,6.009213948590633e-14,6.009213948590633e-14
0.1302,8569.628233250412,0.0,0.0,179.49635024585592,6.009188453811902e-14,6.009188453811902e-14
0.13025,8569.636828570825,0.0,0.0,179.49579040420244,6.009175734567677e-14,6.009175734567677e-14
0.1303,8569.65530255896,0.0,0.0,179.49540908470516,6.009160344701045e-14,6.009160344701045e-14
0.13035,8569.675569013181,0.0,0.0,179.49511710935255,6.009154267772526e-14,6.009154267772526e-14
0.13040000000000002,8569.706422004307,0.0,0.0,179.49497508424122,6.009149449781309e-14,6.009149449781309e-14
0.13045,8569.738571715701,0.0,0.0,179.494954557566,6.009149769661165e-14,6.009149769661165e-14
0.1305,8569.781311215214,0.0,0.0,179.49505172370914,6.009155681729842e-14,6.009155681729842e-14
0.13055,8569.82546243122,0.0,0.0,179.49530263586857,6.009162438024417e-14,6.009162438024417e-14
0.1306,8569.87954687624,0.0,0.0,179.49563960249375,6.009178867935626e-14,6.009178867935626e-14
0.13065000000000002,8569.935746836663,0.0,0.0,179.4961583646024,6.009192294629973e-14,6.009192294629973e-14
0.1307,8570.000588150084,0.0,0.0,179.49673630052698,6.009218776241799e-14,6.009218776241799e-14
0.13075,8570.068753136786,0.0,0.0,179.49751606540312,6.009239308094144e-14,6.009239308094144e-14
0.1308,8570.143805098258,0.0,0.0,179.49833625090025,6.009275051472526e-14,6.009275051472526e-14
0.13085,8570.22366482692,0.0,0.0,179.499367495527,6.009303272236668e-14,6.009303272236668e-14
0.13090000000000002,8570.308437575259,0.0,0.0,179.5004306993666,6.009347373725557e-14,6.009347373725557e-14
0.13095,8570.399549901354,0.0,0.0,179.5017019615916,6.009383826553313e-14,6.009383826553313e-14
0.131,8570.493596501625,0.0,0.0,179.50300768610015,6.009435303026706e-14,6.009435303026706e-14
0.13105,8570.595358709541,0.0,0.0,179.50450641397774,6.009480517050273e-14,6.009480517050273e-14
0.1311,8570.698285484938,0.0,0.0,179.50605213997548,6.009538405318993e-14,6.009538405318993e-14
0.13115000000000002,8570.809915531052,0.0,0.0,179.50776545889678,6.009592679068257e-14,6.009592679068257e-14
0.1312,8570.92138911445,0.0,0.0,179.50954602351905,6.009656194446046e-14,6.009656194446046e-14
0.13125,8571.041979871623,0.0,0.0,179.511461390907,6.009719593155292e-14,6.009719593155292e-14
0.1313,8571.161637476194,0.0,0.0,179.5134685297806,6.009788103305046e-14,6.009788103305046e-14
0.13135,8571.290229435592,0.0,0.0,179.51557415515995,6.009860387595577e-14,6.009860387595577e-14
0.13140000000000002,8571.417679962622,0.0,0.0,179.51779635152334,6.009933535856633e-14,6.009933535856633e-14
0.13145,8571.55324101519,0.0,0.0,179.52008133452006,6.010014142773781e-14,6.010014142773781e-14
0.1315,8571.688042789106,0.0,0.0,179.52250393417208,6.010091761870003e-14,6.010091761870003e-14
0.13155,8571.829565465878,0.0,0.0,179.52495814255911,6.010179870169977e-14,6.010179870169977e-14
0.1316,8571.971135590691,0.0,0.0,179.52756376431708,6.010262009134571e-14,6.010262009134571e-14
0.13165000000000002,8572.11767066764,0.0,0.0,179.53017744349808,6.010356537902696e-14,6.010356537902696e-14
0.1317,8572.26531817932,0.0,0.0,179.5329466116901,6.010443342555805e-14,6.010443342555805e-14
0.13175,8572.415957449592,0.0,0.0,179.53570984072337,6.010543129936989e-14,6.010543129936989e-14
0.1318,8572.568862173184,0.0,0.0,179.53862175463524,6.010634761719864e-14,6.010634761719864e-14
0.13185,8572.72279171182,0.0,0.0,179.54152380000312,6.010738558549419e-14,6.010738558549419e-14
0.13190000000000002,8572.879988193881,0.0,0.0,179.54455715879857,6.010835149799762e-14,6.010835149799762e-14
0.13195,8573.036470139017,0.0,0.0,179.5475858661226,6.010941799387435e-14,6.010941799387435e-14
0.132,8573.196896259513,0.0,0.0,179.55071960740915,6.01104327226666e-14,6.01104327226666e-14
0.13205,8573.355234784161,0.0,0.0,179.5538609061797,6.011151761909329e-14,6.011151761909329e-14
0.1321,8573.517764772867,0.0,0.0,179.55707482022737,6.011257878694864e-14,6.011257878694864e-14
0.13215000000000002,8573.677292779677,0.0,0.0,179.56031242196886,6.01136736157986e-14,6.01136736157986e-14
0.1322,8573.840754520494,0.0,0.0,179.56358751512406,6.011477603721392e-14,6.011477603721392e-14
0.13225,8574.000817293212,0.0,0.0,179.56690288068359,6.011587499883937e-14,6.011587499883937e-14
0.1323,8574.164047484168,0.0,0.0,179.57022150619258,6.011701109116724e-14,6.011701109116724e-14
0.13235,8574.323937476585,0.0,0.0,179.5735940399264,6.011811006697833e-14,6.011811006697833e-14
0.13240000000000002,8574.485837725011,0.0,0.0,179.57693978144667,6.011927024578147e-14,6.011927024578147e-14
0.13245,8574.644796043158,0.0,0.0,179.5803472864491,6.012036712061661e-14,6.012036712061661e-14
0.1325,8574.804318156308,0.0,0.0,179.5837046244779,6.012154005963927e-14,6.012154005963927e-14
0.13255,8574.961533745314,0.0,0.0,179.5871239137262,6.012263357517193e-14,6.012263357517193e-14
0.1326,8575.117731484966,0.0,0.0,179.5904777799601,6.012380746995678e-14,6.012380746995678e-14
0.13265000000000002,8575.272299429427,0.0,0.0,179.59388538225159,6.012489678002779e-14,6.012489678002779e-14
0.1327,8575.424334308911,0.0,0.0,179.5972206515876,6.012605960912226e-14,6.012605960912226e-14
0.13275,8575.5753045765,0.0,0.0,179.60059352171442,6.012714341903995e-14,6.012714341903995e-14
0.1328,8575.722407988043,0.0,0.0,179.60389456350592,6.012828437464208e-14,6.012828437464208e-14
0.13285,8575.86879987329,0.0,0.0,179.60721069588843,6.012936013434808e-14,6.012936013434808e-14
0.13290000000000002,8576.010287917703,0.0,0.0,179.61046103986658,6.01304696183325e-14,6.01304696183325e-14
0.13295,8576.151101324696,0.0,0.0,179.61369993614184,6.013153359453622e-14,6.013153359453622e-14
0.133,8576.286343793654,0.0,0.0,179.61688212789633,6.013260397849567e-14,6.013260397849567e-14
0.13305,8576.420611149537,0.0,0.0,179.62002504495032,6.013365037460955e-14,6.013365037460955e-14
0.1331,8576.548997974645,0.0,0.0,179.6231207085863,6.013467609786517e-14,6.013467609786517e-14
0.13315000000000002,8576.675812930704,0.0,0.0,179.62615071234922,6.013569788020627e-14,6.013569788020627e-14
0.1332,8576.796743703362,0.0,0.0,179.62914080638427,6.013667488190282e-14,6.013667488190282e-14
0.13325,8576.91527535522,0.0,0.0,179.6320426176266,6.013766369233059e-14,6.013766369233059e-14
0.1333,8577.028152022654,0.0,0.0,179.63490786981296,6.013858960932211e-14,6.013858960932211e-14
0.13335,8577.137668886797,0.0,0.0,179.63766757487838,6.01395364040981e-14,6.01395364040981e-14
0.13340000000000002,8577.241875402746,0.0,0.0,179.64038900092112,6.014040946081035e-14,6.014040946081035e-14
0.13345,8577.341760967885,0.0,0.0,179.64299369105677,6.014130533618597e-14,6.014130533618597e-14
0.1335,8577.43667918955,0.0,0.0,179.64555315527505,6.014212415085415e-14,6.014212415085415e-14
0.13355,8577.52640991399,0.0,0.0,179.647990558259,6.014296063530474e-14,6.014296063530474e-14
0.1336,8577.611439535422,0.0,0.0,179.65037127889704,6.014372350498671e-14,6.014372350498671e-14
0.13365000000000002,8577.690587867944,0.0,0.0,179.6526294758297,6.014449342190712e-14,6.014449342190712e-14
0.1337,8577.765149449004,0.0,0.0,179.65481641761068,6.014519797930497e-14,6.014519797930497e-14
0.13375,8577.83336807337,0.0,0.0,179.65688367642585,6.014589547304254e-14,6.014589547304254e-14
0.1338,8577.896940985005,0.0,0.0,179.6588637924757,6.014653857177757e-14,6.014653857177757e-14
0.13385,8577.953933165256,0.0,0.0,179.66072856431273,6.014715951028138e-14,6.014715951028138e-14
0.13390000000000002,8578.006073773668,0.0,0.0,179.66249085865059,6.014773709033188e-14,6.014773709033188e-14
0.13395,8578.051589661973,0.0,0.0,179.66414192870886,6.014827877023485e-14,6.014827877023485e-14
0.134,8578.091942950377,0.0,0.0,179.66567736493002,6.014878635025859e-14,6.014878635025859e-14
0.13405,8578.125764819479,0.0,0.0,179.667104135393,6.014924730338811e-14,6.014924730338811e-14
0.1341,8578.154081411023,0.0,0.0,179.6684054154883,6.014968007743122e-14,6.014968007743122e-14
0.13415000000000002,8578.17601837188,0.0,0.0,179.66959827146735,6.015005974010492e-14,6.015005974010492e-14
0.1342,8578.192154011309,0.0,0.0,179.67065955359317,6.015041326354884e-14,6.015041326354884e-14
0.13425,8578.20204968809,0.0,0.0,179.67161024672134,6.015071136738419e-14,6.015071136738419e-14
0.1343,8578.205957631184,0.0,0.0,179.6724268542864,6.015098189412541e-14,6.015098189412541e-14
0.13435,8578.203700609081,0.0,0.0,179.67312884831122,6.015119827028498e-14,6.015119827028498e-14
0.13440000000000002,8578.195420601473,0.0,0.0,179.67369703779605,6.015138310342727e-14,6.015138310342727e-14
0.13445000000000001,8578.180959779218,0.0,0.0,179.67414575121626,6.015151726673162e-14,6.015151726673162e-14
0.1345,8578.160599739665,0.0,0.0,179.6744625847329,6.015161503148086e-14,6.015161503148086e-14
0.13455,8578.133962797141,0.0,0.0,179.67465550197653,6.015166614490965e-14,6.015166614490965e-14
0.1346,8578.10168364434,0.0,0.0,179.67471884662825,6.0151676748975e-14,6.0151676748975e-14
0.13465000000000002,8578.062988857946,0.0,0.0,179.6746554805386,6.015164368448989e-14,6.015164368448989e-14
0.13470000000000001,8578.01898955871,0.0,0.0,179.67446413800067,6.015156819514913e-14,6.015156819514913e-14
0.13475,8577.968461335806,0.0,0.0,179.67414585813992,6.015144978243946e-14,6.015144978243946e-14
0.1348,8577.912966842488,0.0,0.0,179.67369979599044,6.015129012244503e-14,6.015129012244503e-14
0.13485,8577.850933375448,0.0,0.0,179.67312955890506,6.015108548829305e-14,6.015108548829305e-14
0.13490000000000002,8577.7842021502,0.0,0.0,179.67243019810633,6.01508440262551e-14,6.01508440262551e-14
0.13495000000000001,8577.711087656391,0.0,0.0,179.67161223399424,6.015055304946402e-14,6.015055304946402e-14
0.135,8577.633410363373,0.0,0.0,179.6706627339939,6.015023221202719e-14,6.015023221202719e-14
0.13505,8577.549728973148,0.0,0.0,179.66960224745333,6.014985578577738e-14,6.014985578577738e-14
0.1351,8577.46144308879,0.0,0.0,179.66840772945332,6.014945775573738e-14,6.014945775573738e-14
0.13515000000000002,8577.367770245459,0.0,0.0,179.6671106759509,6.014899816607485e-14,6.014899816607485e-14
0.13520000000000001,8577.269283132398,0.0,0.0,179.6656783311412,6.014852457023538e-14,6.014852457023538e-14
0.13525,8577.166233654261,0.0,0.0,179.66415130673832,6.014798547042976e-14,6.014798547042976e-14
0.1353,8577.058034782278,0.0,0.0,179.66249036303768,6.01474375769121e-14,6.01474375769121e-14
0.13535,8576.94624579581,0.0,0.0,179.66074063353196,6.014682387768657e-14,6.014682387768657e-14
0.13540000000000002,8576.828918473839,0.0,0.0,179.65886216326365,6.01462025185192e-14,6.01462025185192e-14
0.13545000000000001,8576.709028394955,0.0,0.0,179.65689782714915,6.014552023130943e-14,6.014552023130943e-14
0.1355,8576.583266802028,0.0,0.0,179.6548144272136,6.014482635231766e-14,6.014482635231766e-14
0.13555,8576.455896239611,0.0,0.0,179.65264467470755,6.014408187335318e-14,6.014408187335318e-14
0.1356,8576.32249996475,0.0,0.0,179.65037005111023,6.014331692031246e-14,6.014331692031246e-14
0.13565,8576.188267533687,0.0,0.0,179.64800548195575,6.014251682950848e-14,6.014251682950848e-14
0.13570000000000002,8576.048117471706,0.0,0.0,179.64555400236108,6.014168314553958e-14,6.014168314553958e-14
0.13575,8575.90763783273,0.0,0.0,179.64300691793656,6.01408334195161e-14,6.01408334195161e-14
0.1358,8575.761700171219,0.0,0.0,179.6403932074441,6.013993487720344e-14,6.013993487720344e-14
0.13585,8575.615590340738,0.0,0.0,179.6376778272908,6.013904067418497e-14,6.013904067418497e-14
0.1359,8575.464867815317,0.0,0.0,179.6349164546386,6.013808266288022e-14,6.013808266288022e-14
0.13595000000000002,8575.313797453377,0.0,0.0,179.63204899093623,6.013714799123367e-14,6.013714799123367e-14
0.136,8575.159294472842,0.0,0.0,179.62915431494378,6.013613783116939e-14,6.013613783116939e-14
0.13605,8575.003983048871,0.0,0.0,179.62615286931415,6.013516551456216e-14,6.013516551456216e-14
0.1361,8574.846696806999,0.0,0.0,179.62313904993593,6.013411188910039e-14,6.013411188910039e-14
0.13615,8574.687939367419,0.0,0.0,179.6200233283624,6.013310400275725e-14,6.013310400275725e-14
0.13620000000000002,8574.528808831194,0.0,0.0,179.61690451821133,6.013201690723737e-14,6.013201690723737e-14
0.13625,8574.367503515736,0.0,0.0,179.6136953722584,6.013097479755629e-14,6.013097479755629e-14
0.1363,8574.207397751674,0.0,0.0,179.61048603785457,6.012986475873474e-14,6.012986475873474e-14
0.13635,8574.044532589185,0.0,0.0,179.6072049015845,6.012879022364513e-14,6.012879022364513e-14
0.1364,8573.884254104425,0.0,0.0,179.60392022469372,6.012766747012657e-14,6.012766747012657e-14
0.13645000000000002,8573.720896175064,0.0,0.0,179.6005884884533,6.012656284770136e-14,6.012656284770136e-14
0.1365,8573.561180239145,0.0,0.0,179.59724477690352,6.01254370609271e-14,6.01254370609271e-14
0.13655,8573.398466064476,0.0,0.0,179.5938832078551,6.01243061659729e-14,6.01243061659729e-14
0.1366,8573.239986380466,0.0,0.0,179.59049821172133,6.012318521666113e-14,6.012318521666113e-14
0.13665,8573.079084904795,0.0,0.0,179.58712648154528,6.01220338172686e-14,6.01220338172686e-14
0.13670000000000002,8572.92250384326,0.0,0.0,179.58371957872131,6.012092398939406e-14,6.012092398939406e-14
0.13675,8572.764556505972,0.0,0.0,179.58035596294502,6.011975966647591e-14,6.011975966647591e-14
0.1368,8572.610543914901,0.0,0.0,179.57694812179514,6.011866508176447e-14,6.011866508176447e-14
0.13685,8572.456660608541,0.0,0.0,179.5736094327924,6.011749767679326e-14,6.011749767679326e-14
0.1369,8572.305904830118,0.0,0.0,179.57022295868353,6.011642063005654e-14,6.011642063005654e-14
0.13695000000000002,8572.157100016904,0.0,0.0,179.56692468296924,6.011526128555952e-14,6.011526128555952e-14
0.137,8572.010374001042,0.0,0.0,179.56358274776127,6.011420274067215e-14,6.011420274067215e-14
0.13705,8571.86753139317,0.0,0.0,179.5603394025041,6.011306380246258e-14,6.011306380246258e-14
0.1371,8571.72566843721,0.0,0.0,179.55706539535365,6.011202381326437e-14,6.011202381326437e-14
0.13715,8571.589560321781,0.0,0.0,179.5538910092664,6.011091751834767e-14,6.011091751834767e-14
0.13720000000000002,8571.453460640554,0.0,0.0,179.55070780285072,6.010989650890028e-14,6.010989650890028e-14
0.13725,8571.324709552702,0.0,0.0,179.54761646465764,6.010883441792066e-14,6.010883441792066e-14
0.1373,8571.195347136263,0.0,0.0,179.54454565867798,6.010783331734447e-14,6.010783331734447e-14
0.13735,8571.074451970831,0.0,0.0,179.54155202497392,6.010682544226894e-14,6.010682544226894e-14
0.1374,8570.952819306198,0.0,0.0,179.53861329810135,6.01058471723146e-14,6.01058471723146e-14
0.13745000000000002,8570.84019320793,0.0,0.0,179.5357329682337,6.010490091581583e-14,6.010490091581583e-14
0.1375,8570.727268355951,0.0,0.0,179.53294358581698,6.010395023969693e-14,6.010395023969693e-14
0.13755,8570.623261563063,0.0,0.0,179.53019328829677,6.010307077532677e-14,6.010307077532677e-14
0.1376,8570.519974152014,0.0,0.0,179.52756786308066,6.010215468573077e-14,6.010215468573077e-14
0.13765,8570.424903887362,0.0,0.0,179.52496536459995,6.010134398892683e-14,6.010134398892683e-14
0.13770000000000002,8570.332086309978,0.0,0.0,179.52251588563826,6.010047180168132e-14,6.010047180168132e-14
0.13775,8570.2462954944,0.0,0.0,179.5200796684598,6.009972969714777e-14,6.009972969714777e-14
0.1378,8570.164621130754,0.0,0.0,179.51781577533865,6.009891185948626e-14,6.009891185948626e-14
0.13785,8570.088496699373,0.0,0.0,179.51556446005003,6.009823626533182e-14,6.009823626533182e-14
0.1379,8570.018492807478,0.0,0.0,179.51349395959238,6.009748435372945e-14,6.009748435372945e-14
0.13795000000000002,8569.952454687844,0.0,0.0,179.51144556748906,6.009687210200046e-14,6.009687210200046e-14
0.138,8569.894464944611,0.0,0.0,179.5095750580168,6.009619712661548e-14,6.009619712661548e-14
0.13805,8569.83901507307,0.0,0.0,179.50774620363546,6.009564524658156e-14,6.009564524658156e-14
0.1381,8569.793189842194,0.0,0.0,179.50608176103344,6.009505719331861e-14,6.009505719331861e-14
0.13815,8569.748855523743,0.0,0.0,179.50448685676065,6.009456333253314e-14,6.009456333253314e-14
0.13820000000000002,8569.715217395507,0.0,0.0,179.50303463834746,6.009406989748169e-14,6.009406989748169e-14
0.13825,8569.682523034107,0.0,0.0,179.50168525245115,6.009363376012189e-14,6.009363376012189e-14
0.1383,8569.660957014394,0.0,0.0,179.50045194097783,6.009323978796998e-14,6.009323978796998e-14
0.13835,8569.640413194975,0.0,0.0,179.499356352485,6.009286285345126e-14,6.009286285345126e-14
0.1384,8569.630722249833,0.0,0.0,179.49834936665826,6.009257022152411e-14,6.009257022152411e-14
0.13845000000000002,8569.622746458881,0.0,0.0,179.49751241881515,6.009225661732437e-14,6.009225661732437e-14
0.1385,8569.62470908856,0.0,0.0,179.49673983133715,6.0092063630982e-14,6.0092063630982e-14
0.13855,8569.62959472085,0.0,0.0,179.4961630652273,6.009181942397485e-14,6.009181942397485e-14
0.1386,8569.642988143434,0.0,0.0,179.49563326963317,6.009172215134453e-14,6.009172215134453e-14
0.13865,8569.660875224725,0.0,0.0,179.49531533915976,6.009155471961472e-14,6.009155471961472e-14
0.13870000000000002,8569.685504137737,0.0,0.0,179.49503645270778,6.009154678021597e-14,6.009154678021597e-14
0.13875,8569.71635327545,0.0,0.0,179.49497376232063,6.009146448725748e-14,6.009146448725748e-14
0.1388,8569.752080717455,0.0,0.0,179.494952902127,6.009153863378648e-14,6.009153863378648e-14
0.13885,8569.795647554722,0.0,0.0,179.4951403451847,6.009154894182979e-14,6.009154894182979e-14
0.1389,8569.84239138293,0.0,0.0,179.49538283180297,6.009169794582901e-14,6.009169794582901e-14
0.13895000000000002,8569.89826884653,0.0,0.0,179.49581457901718,6.009180727646769e-14,6.009180727646769e-14
0.139,8569.95595996993,0.0,0.0,179.49632319583736,6.009202461335002e-14,6.009202461335002e-14
0.13905,8570.023586729274,0.0,0.0,179.4969933598876,6.009223678925015e-14,6.009223678925015e-14
0.1391,8570.092185328203,0.0,0.0,179.4977677880751,6.009251798096322e-14,6.009251798096322e-14
0.13915,8570.170865013222,0.0,0.0,179.49867092216425,6.009283397592936e-14,6.009283397592936e-14
0.13920000000000002,8570.250288584708,0.0,0.0,179.4997073908603,6.009317640280844e-14,6.009317640280844e-14
0.13925,8570.339280970155,0.0,0.0,179.50083872806945,6.009359396118097e-14,6.009359396118097e-14
0.1393,8570.429359913682,0.0,0.0,179.50212997880104,6.009399765167236e-14,6.009399765167236e-14
0.13935,8570.527884429825,0.0,0.0,179.50348538320648,6.009451124317416e-14,6.009451124317416e-14
0.1394,8570.628358261503,0.0,0.0,179.5050209094256,6.009497794648963e-14,6.009497794648963e-14
0.13945000000000002,8570.735645939356,0.0,0.0,179.50659657197374,6.009557967964042e-14,6.009557967964042e-14
0.1395,8570.846096196066,0.0,0.0,179.50836313765834,6.009611275889437e-14,6.009611275889437e-14
0.13955,8570.961436912992,0.0,0.0,179.51015503341992,6.009679243841782e-14,6.009679243841782e-14
0.1396,8571.08128580683,0.0,0.0,179.51213737696452,6.009739582986634e-14,6.009739582986634e-14
0.13965,8571.204022875474,0.0,0.0,179.51414061555516,6.009814278273384e-14,6.009814278273384e-14
0.13970000000000002,8571.332537705492,0.0,0.0,179.51632224978326,6.009881975404765e-14,6.009881975404765e-14
0.13975,8571.462073678282,0.0,0.0,179.5185303666407,6.009962310263368e-14,6.009962310263368e-14
0.1398,8571.598376436468,0.0,0.0,179.520894387414,6.010037598149934e-14,6.010037598149934e-14
0.13985,8571.734166471353,0.0,0.0,179.5232987311856,6.010122594768105e-14,6.010122594768105e-14
0.1399,8571.877251611091,0.0,0.0,179.5258284875673,6.010205447279467e-14,6.010205447279467e-14
0.13995000000000002,8572.018777827227,0.0,0.0,179.52841777019682,6.010294319735837e-14,6.010294319735837e-14
0.14,8572.167570957858,0.0,0.0,179.53109736978755,6.010384475407361e-14,6.010384475407361e-14
0.14005,8572.314288410194,0.0,0.0,179.53385744597264,6.010476623691546e-14,6.010476623691546e-14
0.1401,8572.467682527378,0.0,0.0,179.53667198678454,6.01057352215328e-14,6.01057352215328e-14
0.14015,8572.619017624176,0.0,0.0,179.53958592800862,6.010668601879753e-14,6.010668601879753e-14
0.14020000000000002,8572.775896195943,0.0,0.0,179.5425214761207,6.010771414250037e-14,6.010771414250037e-14
0.14025,8572.931195553188,0.0,0.0,179.54556988667113,6.010869245238649e-14,6.010869245238649e-14
0.1403,8573.090506494245,0.0,0.0,179.54861321445736,6.010976937948904e-14,6.010976937948904e-14
0.14035,8573.249007153214,0.0,0.0,179.5517747960991,6.011077498961757e-14,6.011077498961757e-14
0.1404,8573.40975772336,0.0,0.0,179.5549129222917,6.011188876627315e-14,6.011188876627315e-14
0.14045000000000002,8573.570608711461,0.0,0.0,179.55816517658604,6.011292187792096e-14,6.011292187792096e-14
0.1405,8573.731884265695,0.0,0.0,179.56138482510192,6.011406030808147e-14,6.011406030808147e-14
0.14055,8573.894119590077,0.0,0.0,179.5647048226238,6.011512090134615e-14,6.011512090134615e-14
0.1406,8574.055099768559,0.0,0.0,179.56799185541342,6.011627184663108e-14,6.011627184663108e-14
0.14065,8574.21766906366,0.0,0.0,179.57135696974115,6.011735894228891e-14,6.011735894228891e-14
0.14070000000000002,8574.377593836094,0.0,0.0,179.57469592893304,6.011851172432759e-14,6.011851172432759e-14
0.14075000000000001,8574.539395558311,0.0,0.0,179.57808443579736,6.011962239417665e-14,6.011962239417665e-14
0.1408,8574.697552380094,0.0,0.0,179.5814582351726,6.012076793603955e-14,6.012076793603955e-14
0.14085,8574.857461138097,0.0,0.0,179.58484973678623,6.012189754461006e-14,6.012189754461006e-14
0.1409,8575.013160950912,0.0,0.0,179.58823957999758,6.012302877104553e-14,6.012302877104553e-14
0.14095000000000002,8575.17006274437,0.0,0.0,179.59161517908848,6.012417026726736e-14,6.012417026726736e-14
0.14100000000000001,8575.322613489214,0.0,0.0,179.59500071343035,6.012528233038406e-14,6.012528233038406e-14
0.14105,8575.47544877293,0.0,0.0,179.59834297994254,6.012642696823171e-14,6.012642696823171e-14
0.1411,8575.624122974335,0.0,0.0,179.60170265220722,6.012751647332281e-14,6.012751647332281e-14
0.14115,8575.77191211394,0.0,0.0,179.60499538156193,6.012865410805608e-14,6.012865410805608e-14
0.14120000000000002,8575.915951852754,0.0,0.0,179.60830698009391,6.012971910598556e-14,6.012971910598556e-14
0.14125000000000001,8576.057798916065,0.0,0.0,179.61153481820836,6.013083879908207e-14,6.013083879908207e-14
0.1413,8576.196404499598,0.0,0.0,179.6147760898948,6.013187771040083e-14,6.013187771040083e-14
0.14135,8576.331526109514,0.0,0.0,179.617924110536,6.013296870283031e-14,6.013296870283031e-14
0.1414,8576.46385661021,0.0,0.0,179.62107340281233,6.013397993307993e-14,6.013397993307993e-14
0.14145000000000002,8576.591560624678,0.0,0.0,179.62412669675675,6.01350320317206e-14,6.01350320317206e-14
0.14150000000000001,8576.716772563344,0.0,0.0,179.62716352467748,6.013601324892886e-14,6.013601324892886e-14
0.14155,8576.83644531695,0.0,0.0,179.6301069042868,6.013701774669162e-14,6.013701774669162e-14
0.1416,8576.95369916237,0.0,0.0,179.6330123814129,6.0137965487921e-14,6.0137965487921e-14
0.14165,8577.06479903925,0.0,0.0,179.63583022583916,6.013891516822789e-14,6.013891516822789e-14
0.14170000000000002,8577.17329344405,0.0,0.0,179.63858732278365,6.013982481366328e-14,6.013982481366328e-14
0.14175000000000001,8577.275317465275,0.0,0.0,179.64126361498572,6.014071436003142e-14,6.014071436003142e-14
0.1418,8577.374319814087,0.0,0.0,179.64385721713353,6.014157992353698e-14,6.014157992353698e-14
0.14185,8577.46679251941,0.0,0.0,179.6463757522733,6.014240563733757e-14,6.014240563733757e-14
0.1419,8577.555654478676,0.0,0.0,179.64879255472542,6.0143220422878e-14,6.0143220422878e-14
0.14195000000000002,8577.638116973294,0.0,0.0,179.6511372948405,6.014397985845219e-14,6.014397985845219e-14
0.14200000000000002,8577.716290283379,0.0,0.0,179.65336555454792,6.014473659477853e-14,6.014473659477853e-14
0.14205,8577.7882956209,0.0,0.0,179.6555210790224,6.014542830268085e-14,6.014542830268085e-14
0.1421,8577.855338748936,0.0,0.0,179.6575503055607,6.01461198730481e-14,6.01461198730481e-14
0.14215,8577.916454330396,0.0,0.0,179.65950227668358,6.01467426220092e-14,6.01467426220092e-14
0.1422,8577.972028432894,0.0,0.0,179.66132291785092,6.014736256398969e-14,6.014736256398969e-14
0.14225000000000002,8578.02185290347,0.0,0.0,179.6630585128367,6.01479151426568e-14,6.01479151426568e-14
0.1423,8578.065707010777,0.0,0.0,179.66466170066957,6.01484579903886e-14,6.01484579903886e-14
0.14235,8578.10388551627,0.0,0.0,179.66616993303566,6.014893871739234e-14,6.014893871739234e-14
0.1424,8578.135847099236,0.0,0.0,179.6675473476307,6.014940042579889e-14,6.014940042579889e-14
0.14245,8578.162088692066,0.0,0.0,179.66881925181767,6.014980707859513e-14,6.014980707859513e-14
0.14250000000000002,8578.182043294075,0.0,0.0,179.6699631159602,6.015018496406102e-14,6.015018496406102e-14
0.14255,8578.19614316476,0.0,0.0,179.67099177614446,6.015051481976308e-14,6.015051481976308e-14
0.1426,8578.204021042482,0.0,0.0,179.671894993942,6.015080757204574e-14,6.015080757204574e-14
0.14265,8578.205870332655,0.0,0.0,179.67267542781283,6.015105759981035e-14,6.015105759981035e-14
0.1427,8578.20163903038,0.0,0.0,179.67333183187498,6.015126492660484e-14,6.015126492660484e-14
0.14275000000000002,8578.19123257809,0.0,0.0,179.67386076995942,6.015143219489362e-14,6.015143219489362e-14
0.1428,8578.174894012582,0.0,0.0,179.6742654368429,6.015155450441277e-14,6.015155450441277e-14
0.14285,8578.152327940208,0.0,0.0,179.67454104454524,6.01516365267268e-14,6.01516365267268e-14
0.1429,8578.123924560137,0.0,0.0,179.6746906180127,6.015167451547846e-14,6.015167451547846e-14
0.14295,8578.089387359318,0.0,0.0,179.67471222472057,6.015166968158963e-14,6.015166968158963e-14
0.14300000000000002,8578.049013139527,0.0,0.0,179.67460518810472,6.015162399397045e-14,6.015162399397045e-14
0.14305,8578.002770324405,0.0,0.0,179.67437307623138,6.015153183158071e-14,6.015153183158071e-14
0.1431,8577.950586505216,0.0,0.0,179.6740099238652,6.015140283735812e-14,6.015140283735812e-14
0.14315,8577.892961779326,0.0,0.0,179.67352522240898,6.015122415955096e-14,6.015122415955096e-14
0.1432,8577.829214350659,0.0,0.0,179.67290849797152,6.01510119250533e-14,6.01510119250533e-14
0.14325000000000002,8577.76057037777,0.0,0.0,179.67217320059333,6.015074876414846e-14,6.015074876414846e-14
0.1433,8577.68560143514,0.0,0.0,179.6713073921115,6.015045313880436e-14,6.015045313880436e-14
0.14335,8577.606329721433,0.0,0.0,179.67032449854023,6.015010858491949e-14,6.015010858491949e-14
0.1434,8577.52058420529,0.0,0.0,179.66921580824754,6.014972950892846e-14,6.014972950892846e-14
0.14345,8577.43109064342,0.0,0.0,179.6679895563328,6.014930727597646e-14,6.014930727597646e-14
0.14350000000000002,8577.335122485943,0.0,0.0,179.66664558309216,6.014884516409396e-14,6.014884516409396e-14
0.14355,8577.235829954245,0.0,0.0,179.66518173037815,6.014834926719316e-14,6.014834926719316e-14
0.1436,8577.130281848677,0.0,0.0,179.66361111720755,6.014780537184737e-14,6.014780537184737e-14
0.14365,8577.021643363309,0.0,0.0,179.66191720570956,6.014723961092881e-14,6.014723961092881e-14
0.1437,8576.907237504547,0.0,0.0,179.66012931909455,6.014661647285118e-14,6.014661647285118e-14
0.14375000000000002,8576.789738489539,0.0,0.0,179.65821486893623,6.014598417720533e-14,6.014598417720533e-14
0.1438,8576.667253490397,0.0,0.0,179.65621955770868,6.014528570487363e-14,6.014528570487363e-14
0.14385,8576.541442372953,0.0,0.0,179.6540961374836,6.014458952228109e-14,6.014458952228109e-14
0.1439,8576.411677317315,0.0,0.0,179.65190362442755,6.014382123054424e-14,6.014382123054424e-14
0.14395,8576.278180325187,0.0,0.0,179.6495847647816,6.014306307684854e-14,6.014306307684854e-14
0.14400000000000002,8576.141940318013,0.0,0.0,179.64720568008843,6.014223172408302e-14,6.014223172408302e-14
0.14405,8576.001472785005,0.0,0.0,179.644706632432,6.014141317859532e-14,6.014141317859532e-14
0.1441,8575.859543129189,0.0,0.0,179.64215219145484,6.01405265453661e-14,6.01405265453661e-14
0.14415,8575.712923440962,0.0,0.0,179.6394895396201,6.013964895713695e-14,6.013964895713695e-14
0.1442,8575.566056388398,0.0,0.0,179.63677182752537,6.013871534557717e-14,6.013871534557717e-14
0.14425000000000002,8575.41420410071,0.0,0.0,179.6339630161878,6.0137780648378e-14,6.0137780648378e-14
0.1443,8575.263115978865,0.0,0.0,179.63109532022972,6.01368081204475e-14,6.01368081204475e-14
0.14435,8575.107036063628,0.0,0.0,179.62815814452674,6.01358191371973e-14,6.01358191371973e-14
0.1444,8574.95242337125,0.0,0.0,179.6251552807718,6.013481525496314e-14,6.013481525496314e-14
0.14445,8574.793181554433,0.0,0.0,179.62210742169492,6.013377624187649e-14,6.013377624187649e-14
0.14450000000000002,8574.63572653423,0.0,0.0,179.6189859623243,6.01327472564248e-14,6.01327472564248e-14
0.14455,8574.474432142559,0.0,0.0,179.61584463346955,6.013166431437895e-14,6.013166431437895e-14
0.1446,8574.314830343485,0.0,0.0,179.61262299986646,6.013061518804353e-14,6.013061518804353e-14
0.14465,8574.152580175773,0.0,0.0,179.60940474666964,6.012949612647862e-14,6.012949612647862e-14
0.1447,8573.991578564235,0.0,0.0,179.60610310822815,6.012843029962136e-14,6.012843029962136e-14
0.14475000000000002,8573.829435231071,0.0,0.0,179.60282380895686,6.012728477867787e-14,6.012728477867787e-14
0.1448,8573.667831111648,0.0,0.0,179.59946378471832,6.012620447129131e-14,6.012620447129131e-14
0.14485,8573.506797074175,0.0,0.0,179.59613882637282,6.012504322467374e-14,6.012504322467374e-14
0.1449,8573.34547500583,0.0,0.0,179.59274301138282,6.012394995802942e-14,6.012394995802942e-14
0.14495,8573.186451330444,0.0,0.0,179.58938763120696,6.012278452794258e-14,6.012278452794258e-14
0.14500000000000002,8573.026383399661,0.0,0.0,179.58597898270864,6.012167952056202e-14,6.012167952056202e-14
0.14505,8572.870181309096,0.0,0.0,179.58260869753818,6.012052120927868e-14,6.012052120927868e-14
0.1451,8572.712409329251,0.0,0.0,179.57920987460466,6.011940649580287e-14,6.011940649580287e-14
0.14515,8572.559744636357,0.0,0.0,179.5758409292536,6.01182657050226e-14,6.01182657050226e-14
0.1452,8572.40537233001,0.0,0.0,179.57247364188865,6.011714429981336e-14,6.011714429981336e-14
0.14525000000000002,8572.256880158906,0.0,0.0,179.56912339398195,6.011602999752136e-14,6.011602999752136e-14
0.1453,8572.107036123141,0.0,0.0,179.56580787563047,6.011490688923128e-14,6.011490688923128e-14
0.14535,8571.96329963844,0.0,0.0,179.5624950220719,6.011382570778439e-14,6.011382570778439e-14
0.1454,8571.819095708233,0.0,0.0,179.55924967173195,6.011270789231948e-14,6.011270789231948e-14
0.14545,8571.680684585748,0.0,0.0,179.5559942876034,6.011166446770527e-14,6.011166446770527e-14
0.14550000000000002,8571.543170155313,0.0,0.0,179.55283553997285,6.011056089962249e-14,6.011056089962249e-14
0.14555,8571.410662442733,0.0,0.0,179.5496588624725,6.01095574406054e-14,6.01095574406054e-14
0.1456,8571.280800279606,0.0,0.0,179.5466013072537,6.010847900439062e-14,6.010847900439062e-14
0.14565,8571.15481173887,0.0,0.0,179.5435253046209,6.0107516058219e-14,6.0107516058219e-14
0.1457,8571.033422954479,0.0,0.0,179.54058200815635,6.010647449716082e-14,6.010647449716082e-14
0.14575000000000002,8570.914642262302,0.0,0.0,179.53762875289908,6.01055514710884e-14,6.01055514710884e-14
0.1458,8570.802399392129,0.0,0.0,179.53481176326895,6.010455905610021e-14,6.010455905610021e-14
0.14585,8570.69156252909,0.0,0.0,179.53200268211933,6.010367497531669e-14,6.010367497531669e-14
0.1459,8570.588994210402,0.0,0.0,179.52932360084446,6.010274311392625e-14,6.010274311392625e-14
0.14595,8570.486897847199,0.0,0.0,179.52667870908306,6.010189774762615e-14,6.010189774762615e-14
0.14600000000000002,8570.394371651499,0.0,0.0,179.52414926023786,6.010103645792032e-14,6.010103645792032e-14
0.14605,8570.301845680257,0.0,0.0,179.52168645097404,6.010023067465548e-14,6.010023067465548e-14
0.1461,8570.219619699457,0.0,0.0,179.51931893793179,6.009944762257614e-14,6.009944762257614e-14
0.14615,8570.137473813407,0.0,0.0,179.51705345133666,6.009868453411511e-14,6.009868453411511e-14
0.1462,8570.06572033102,0.0,0.0,179.51486101922725,6.009798450423411e-14,6.009798450423411e-14
0.14625000000000002,8569.994720337454,0.0,0.0,179.5128051277446,6.009726914714895e-14,6.009726914714895e-14
0.1463,8569.933560369333,0.0,0.0,179.51080179023313,6.009665424493698e-14,6.009665424493698e-14
0.14635,8569.874374281217,0.0,0.0,179.50896476963354,6.009599394364145e-14,6.009599394364145e-14
0.1464,8569.823923272823,0.0,0.0,179.50716515216527,6.009546319766516e-14,6.009546319766516e-14
0.14645,8569.777079957303,0.0,0.0,179.50555351937214,6.00948670042624e-14,6.00948670042624e-14
0.14650000000000002,8569.73748166776,0.0,0.0,179.5039723781324,6.009441759426985e-14,6.009441759426985e-14
0.14655,8569.703338604106,0.0,0.0,179.50259035952,6.009389532024263e-14,6.009389532024263e-14
0.1466,8569.674777852675,0.0,0.0,179.50124189149471,6.009352283749516e-14,6.009352283749516e-14
0.14665,8569.65351910468,0.0,0.0,179.50009206986712,6.009308462587693e-14,6.009308462587693e-14
0.1467,8569.63622574218,0.0,0.0,179.49898913168965,6.00927842979736e-14,6.00927842979736e-14
0.14675000000000002,8569.627842925118,0.0,0.0,179.49807313975822,6.009243900160166e-14,6.009243900160166e-14
0.1468,8569.622100205497,0.0,0.0,179.4972264668218,6.009220669535865e-14,6.009220669535865e-14
0.14685,8569.626417499587,0.0,0.0,179.49654566391058,6.009196148916502e-14,6.009196148916502e-14
0.1469,8569.632507720213,0.0,0.0,179.4959631842494,6.009179428404588e-14,6.009179428404588e-14
0.14695,8569.649226374144,0.0,0.0,179.49551917993514,6.00916534965166e-14,6.00916534965166e-14
0.14700000000000002,8569.667415050779,0.0,0.0,179.49520554353109,6.009155071248849e-14,6.009155071248849e-14
0.14705000000000001,8569.696123803498,0.0,0.0,179.49500050876622,6.009151562346166e-14,6.009151562346166e-14
0.1471,8569.726618896202,0.0,0.0,179.49495686033399,6.009147854129541e-14,6.009147854129541e-14
0.14715,8569.76686515852,0.0,0.0,179.49499357436807,6.009154727524254e-14,6.009154727524254e-14
0.1472,8569.809754058713,0.0,0.0,179.4952176363387,6.009157959690943e-14,6.009157959690943e-14
0.14725000000000002,8569.861076696741,0.0,0.0,179.49549924811106,6.009174718488442e-14,6.009174718488442e-14
0.14730000000000001,8569.91631262132,0.0,0.0,179.49598567095728,6.009185405213322e-14,6.009185405213322e-14
0.14735,8569.97826799456,0.0,0.0,179.49651523104095,6.009211356487063e-14,6.009211356487063e-14
0.1474,8570.04563391772,0.0,0.0,179.4972561825457,6.009230106405492e-14,6.009230106405492e-14
0.14745,8570.117828600603,0.0,0.0,179.49803597976629,6.009264382781603e-14,6.009264382781603e-14
0.14750000000000002,8570.196925990254,0.0,0.0,179.49902188313487,6.009291810538941e-14,6.009291810538941e-14
0.14755000000000001,8570.279020133823,0.0,0.0,179.50005271813367,6.009333534533867e-14,6.009333534533867e-14
0.1476,8570.369275651117,0.0,0.0,179.50127302741703,6.009370120082519e-14,6.009370120082519e-14
0.14765,8570.46097012692,0.0,0.0,179.50255349458726,6.009418461604783e-14,6.009418461604783e-14
0.1477,8570.5616658106,0.0,0.0,179.5039974284303,6.009464520963182e-14,6.009464520963182e-14
0.14775000000000002,8570.66267690529,0.0,0.0,179.50552333049797,6.009518789075942e-14,6.009518789075942e-14
0.14780000000000001,8570.772971161621,0.0,0.0,179.5071804276613,6.009574344314334e-14,6.009574344314334e-14
0.14785,8570.88301374023,0.0,0.0,179.5089444087398,6.009634066029866e-14,6.009634066029866e-14
0.1479,8571.001987400276,0.0,0.0,179.51080487260262,6.009698855818811e-14,6.009698855818811e-14
0.14795,8571.120713982953,0.0,0.0,179.5127963032576,6.00976375686223e-14,6.00976375686223e-14
0.14800000000000002,8571.247429609204,0.0,0.0,179.51485107001633,6.009837210426041e-14,6.009837210426041e-14
0.14805000000000001,8571.37440850557,0.0,0.0,179.5170562363899,6.009907250674625e-14,6.009907250674625e-14
0.1481,8571.50792493874,0.0,0.0,179.5192967782334,6.00998852823778e-14,6.00998852823778e-14
0.14815,8571.64261597545,0.0,0.0,179.52169931576242,6.01006380343471e-14,6.01006380343471e-14
0.1482,8571.78204282164,0.0,0.0,179.52411722716647,6.010151878346402e-14,6.010151878346402e-14
0.14825000000000002,8571.923758516476,0.0,0.0,179.52669877204042,6.01023259040927e-14,6.01023259040927e-14
0.14830000000000002,8572.068271140055,0.0,0.0,179.52928519223622,6.010326301398589e-14,6.010326301398589e-14
0.14835,8572.216193318784,0.0,0.0,179.5320261433323,6.010412639510394e-14,6.010412639510394e-14
0.1484,8572.365028841767,0.0,0.0,179.53477113652224,6.010510837817345e-14,6.010510837817345e-14
0.14845,8572.518210069642,0.0,0.0,179.53765143798654,6.010602895048635e-14,6.010602895048635e-14
0.14850000000000002,8572.670671454773,0.0,0.0,179.54054340105074,6.01070447968556e-14,6.01070447968556e-14
0.14855000000000002,8572.82805748045,0.0,0.0,179.54354324950384,6.010802197009624e-14,6.010802197009624e-14
0.1486,8572.983488251746,0.0,0.0,179.54656846955223,6.010906234451717e-14,6.010906234451717e-14
0.14865,8573.143955033693,0.0,0.0,179.54966884393647,6.01100929941489e-14,6.01100929941489e-14
0.1487,8573.301710834528,0.0,0.0,179.55281125516746,6.011115050799227e-14,6.011115050799227e-14
0.14875,8573.464107623646,0.0,0.0,179.55599423974283,6.011222927807023e-14,6.011222927807023e-14
0.14880000000000002,8573.623523607735,0.0,0.0,179.5592354273176,6.011329855552717e-14,6.011329855552717e-14
0.14885,8573.786706587589,0.0,0.0,179.56248427097614,6.011441746202853e-14,6.011441746202853e-14
0.1489,8573.947079819136,0.0,0.0,179.56580373489925,6.011549528686148e-14,6.011549528686148e-14
0.14895,8574.109947915878,0.0,0.0,179.56910268890388,6.011664439584215e-14,6.011664439584215e-14
0.149,8574.270501886858,0.0,0.0,179.57247831133648,6.011772882826237e-14,6.011772882826237e-14
0.14905000000000002,8574.432034748781,0.0,0.0,179.57581227702025,6.011889682416406e-14,6.011889682416406e-14
0.1491,8574.591916650366,0.0,0.0,179.57922096184456,6.01199869570478e-14,6.01199869570478e-14
0.14915,8574.751171139218,0.0,0.0,179.5825750211414,6.012116182556162e-14,6.012116182556162e-14
0.1492,8574.90945939204,0.0,0.0,179.5859933942319,6.012225668412932e-14,6.012225668412932e-14
0.14925,8575.065586262583,0.0,0.0,179.58935232368088,6.012342677825781e-14,6.012342677825781e-14
0.14930000000000002,8575.221288519464,0.0,0.0,179.59275742427062,6.012452482757293e-14,6.012452482757293e-14
0.14935,8575.373521875295,0.0,0.0,179.5961052591522,6.012567928323612e-14,6.012567928323612e-14
0.1494,8575.52561367682,0.0,0.0,179.59947512909267,6.012677773701708e-14,6.012677773701708e-14
0.14945,8575.673244778043,0.0,0.0,179.60279487500526,6.012790742087193e-14,6.012790742087193e-14
0.1495,8575.820693938536,0.0,0.0,179.6061089802729,6.012900179063844e-14,6.012900179063844e-14
0.14955000000000002,8575.963059157166,0.0,0.0,179.60938250196403,6.013009927354787e-14,6.013009927354787e-14
0.1496,8576.104856269609,0.0,0.0,179.61262195757988,6.013118351013837e-14,6.013118351013837e-14
0.14965,8576.241309448322,0.0,0.0,179.61583008234965,6.013224333494177e-14,6.013224333494177e-14
0.1497,8576.376502242058,0.0,0.0,179.61897765829804,6.013330963330504e-14,6.013330963330504e-14
0.14975,8576.50639590997,0.0,0.0,179.6221004726513,6.013432806539241e-14,6.013432806539241e-14
0.14980000000000002,8576.634113878994,0.0,0.0,179.62514042801374,6.013536762720898e-14,6.013536762720898e-14
0.14985,8576.756786736287,0.0,0.0,179.62815772527506,6.013634207180727e-14,6.013634207180727e-14
0.1499,8576.87625510128,0.0,0.0,179.63107550168317,6.013734541340891e-14,6.013734541340891e-14
0.14995,8576.991034014085,0.0,0.0,179.6339673291322,6.013827413367308e-14,6.013827413367308e-14
0.15,8577.101579078233,0.0,0.0,179.63674918769814,6.013923182812676e-14,6.013923182812676e-14
0.15005000000000002,8577.207779766053,0.0,0.0,179.63949640046258,6.01401130746684e-14,6.01401130746684e-14
0.1501,8577.30883128779,0.0,0.0,179.6421290717346,6.014101641037853e-14,6.014101641037853e-14
0.15015,8577.405776176634,0.0,0.0,179.64471383982868,6.014184814611116e-14,6.014184814611116e-14
0.1502,8577.496847429784,0.0,0.0,179.64718424995706,6.014268949336522e-14,6.014268949336522e-14
0.15025,8577.583890261038,0.0,0.0,179.64959044161577,6.014346888199331e-14,6.014346888199331e-14
0.15030000000000002,8577.66456760528,0.0,0.0,179.651885576684,6.014424219700236e-14,6.014424219700236e-14
0.15035,8577.741109456816,0.0,0.0,179.65409898664007,6.014496550876824e-14,6.014496550876824e-14
0.1504,8577.811034869408,0.0,0.0,179.6562059072637,6.014566625110946e-14,6.014566625110946e-14
0.15045,8577.876552609776,0.0,0.0,179.65821431527863,6.014632893542531e-14,6.014632893542531e-14
0.1505,8577.935404580403,0.0,0.0,179.66012033180192,6.014695413403569e-14,6.014695413403569e-14
0.15055000000000002,8577.989466048104,0.0,0.0,179.66191340203673,6.014755098471515e-14,6.014755098471515e-14
0.1506,8578.036954304933,0.0,0.0,179.66360637247325,6.014809882803246e-14,6.014809882803246e-14
0.15065,8578.079227705843,0.0,0.0,179.66517543966347,6.01486245150948e-14,6.01486245150948e-14
0.1507,8578.115088439681,0.0,0.0,179.66664414667204,6.014909400622614e-14,6.014909400622614e-14
0.15075,8578.145346351394,0.0,0.0,179.66798193577742,6.014954338374703e-14,6.014954338374703e-14
0.15080000000000002,8578.169347399251,0.0,0.0,179.66921648042546,6.014993393340985e-14,6.014993393340985e-14
0.15085,8578.187460303974,0.0,0.0,179.67031683089326,6.015030260852849e-14,6.015030260852849e-14
0.1509,8578.199412871214,0.0,0.0,179.67130897899267,6.015061357257637e-14,6.015061357257637e-14
0.15095,8578.205337103998,0.0,0.0,179.67216662473527,6.015089819372603e-14,6.015089819372603e-14
0.151,8578.205111618538,0.0,0.0,179.67291005860486,6.01511287050388e-14,6.01511287050388e-14
0.15105000000000002,8578.198874081385,0.0,0.0,179.67352051189297,6.015132717912181e-14,6.015132717912181e-14
0.1511,8578.18641671962,0.0,0.0,179.67401094694551,6.015147597148272e-14,6.015147597148272e-14
0.15115,8578.168098670858,0.0,0.0,179.6743705082991,6.015158751696386e-14,6.015158751696386e-14
0.1512,8578.143446717753,0.0,0.0,179.6746056689358,6.015165304735353e-14,6.015165304735353e-14
0.15125,8578.113171266683,0.0,0.0,179.6747115592017,6.01516780196645e-14,6.01516780196645e-14
0.15130000000000002,8578.076461528966,0.0,0.0,179.67469102478384,6.015165868674105e-14,6.015165868674105e-14
0.15135,8578.034385915958,0.0,0.0,179.67454161541772,6.015159831114116e-14,6.015159831114116e-14
0.1514,8577.985859457745,0.0,0.0,179.67426657368816,6.015149280395238e-14,6.015149280395238e-14
0.15145,8577.932173142583,0.0,0.0,179.67386166835303,6.015134880618404e-14,6.015134880618404e-14
0.1515,8577.87216791993,0.0,0.0,179.6733346271941,6.01511564750212e-14,6.01511564750212e-14
0.15155000000000002,8577.80710227469,0.0,0.0,179.67267573925528,6.015093069531241e-14,6.015093069531241e-14
0.1516,8577.736040270938,0.0,0.0,179.67190025510203,6.015065192173284e-14,6.015065192173284e-14
0.15165,8577.659877773303,0.0,0.0,179.6709908243732,6.015034601505779e-14,6.015034601505779e-14
0.1517,8577.5782488718,0.0,0.0,179.66997129896345,6.014998239446734e-14,6.014998239446734e-14
0.15175,8577.491340660452,0.0,0.0,179.66881680088244,6.014959766397432e-14,6.014959766397432e-14
0.15180000000000002,8577.39967885325,0.0,0.0,179.66755838876188,6.014915214829728e-14,6.014915214829728e-14
0.15185,8577.302461215104,0.0,0.0,179.66616630532104,6.014868948318479e-14,6.014868948318479e-14
0.1519,8577.20132597744,0.0,0.0,179.66467494715602,6.014816621584217e-14,6.014816621584217e-14
0.15195,8577.094332714798,0.0,0.0,179.66305459785386,6.014762636048647e-14,6.014762636048647e-14
0.152,8576.98429279474,0.0,0.0,179.66133717582164,6.01470304156455e-14,6.01470304156455e-14
0.15205000000000002,8576.868160359994,0.0,0.0,179.65949942164426,6.014641416354383e-14,6.014641416354383e-14
0.1521,8576.749786714707,0.0,0.0,179.65756400612324,6.014575118938964e-14,6.014575118938964e-14
0.15215,8576.625253741198,0.0,0.0,179.65552087574483,6.014505991751462e-14,6.014505991751462e-14
0.1522,8576.499114372478,0.0,0.0,179.65337700935933,6.014433554881153e-14,6.014433554881153e-14
0.15225,8576.36701126675,0.0,0.0,179.65114129746846,6.014357158797608e-14,6.014357158797608e-14
0.15230000000000002,8576.233685995103,0.0,0.0,179.64880026371446,6.01427911486254e-14,6.01427911486254e-14
0.15235,8576.094907667148,0.0,0.0,179.64638516771137,6.01419581517895e-14,6.01419581517895e-14
0.1524,8575.955001402537,0.0,0.0,179.6438601718307,6.014112613411139e-14,6.014112613411139e-14
0.15245,8575.810490866184,0.0,0.0,179.64127902721032,6.014022938554951e-14,6.014022938554951e-14
0.1525,8575.66464865526,0.0,0.0,179.63858524867646,6.013934939814113e-14,6.013934939814113e-14
0.15255000000000002,8575.51535948479,0.0,0.0,179.63585139882426,6.013839570308958e-14,6.013839570308958e-14
0.1526,8575.36429860207,0.0,0.0,179.63300587655036,6.013747039903456e-14,6.013747039903456e-14
0.15265,8575.211165869838,0.0,0.0,179.63013270882408,6.013646809288339e-14,6.013646809288339e-14
0.1527,8575.055682319955,0.0,0.0,179.62715405595642,6.013549941614016e-14,6.013549941614016e-14
0.15275,8574.89960662163,0.0,0.0,179.62415518376272,6.01344577385702e-14,6.01344577385702e-14
0.15280000000000002,8574.740589616202,0.0,0.0,179.62106315745652,6.013344744660031e-14,6.013344744660031e-14
0.15285,8574.582412858466,0.0,0.0,179.61795272693888,6.013237618797444e-14,6.013237618797444e-14
0.1529,8574.420846621637,0.0,0.0,179.61476769193698,6.013132618996531e-14,6.013132618996531e-14
0.15295,8574.261352961763,0.0,0.0,179.61156074569408,6.013023492721948e-14,6.013023492721948e-14
0.153,8574.098301468011,0.0,0.0,179.60830311266074,6.012914817337873e-14,6.012914817337873e-14
0.15305000000000002,8573.93822331967,0.0,0.0,179.60501594386193,6.012804560167758e-14,6.012804560167758e-14
0.1531,8573.774807828062,0.0,0.0,179.6017056392049,6.012692631337551e-14,6.012692631337551e-14
0.15315,8573.614845499229,0.0,0.0,179.5983560657461,6.012581991020327e-14,6.012581991020327e-14
0.1532,8573.452213465138,0.0,0.0,179.59501212267116,6.012467416229404e-14,6.012467416229404e-14
0.15325,8573.293053444098,0.0,0.0,179.59161960281182,6.012356954578264e-14,6.012356954578264e-14
0.15330000000000002,8573.132344577678,0.0,0.0,179.58825991887912,6.012240535387276e-14,6.012240535387276e-14
0.15335000000000001,8572.974695137957,0.0,0.0,179.5848454841789,6.012130653361277e-14,6.012130653361277e-14
0.1534,8572.816992136635,0.0,0.0,179.58148677938988,6.012013361291374e-14,6.012013361291374e-14
0.15345,8572.661608327058,0.0,0.0,179.5780727465502,6.011904290807585e-14,6.011904290807585e-14
0.1535,8572.50791806483,0.0,0.0,179.57473073405907,6.011787250011764e-14,6.011787250011764e-14
0.15355000000000002,8572.355611266132,0.0,0.0,179.57134022894817,6.011679116303216e-14,6.011679116303216e-14
0.15360000000000001,8572.206830648991,0.0,0.0,179.56802994908261,6.011563509107966e-14,6.011563509107966e-14
0.15365,8572.058495345815,0.0,0.0,179.56468628173792,6.011456391476841e-14,6.011456391476841e-14
0.1537,8571.915395441541,0.0,0.0,179.5614225635381,6.011343412943556e-14,6.011343412943556e-14
0.15375,8571.77198984696,0.0,0.0,179.55814852343826,6.01123741020514e-14,6.01123741020514e-14
0.15380000000000002,8571.63523066989,0.0,0.0,179.55494647226905,6.011128153974388e-14,6.011128153974388e-14
0.15385000000000001,8571.497763887279,0.0,0.0,179.55176364264716,6.011023483266382e-14,6.011023483266382e-14
0.1539,8571.367894245876,0.0,0.0,179.54863908254734,6.010918887590777e-14,6.010918887590777e-14
0.15395,8571.237401478864,0.0,0.0,179.54556724264162,6.010815908492615e-14,6.010815908492615e-14
0.154,8571.114893241285,0.0,0.0,179.54253702081064,6.010716693911556e-14,6.010716693911556e-14
0.15405000000000002,8570.992388742377,0.0,0.0,179.53959373729282,6.010615988829485e-14,6.010615988829485e-14
0.15410000000000001,8570.877668710009,0.0,0.0,179.53667582339367,6.010522611215739e-14,6.010522611215739e-14
0.15415,8570.764106934854,0.0,0.0,179.53387625998113,6.010424957680025e-14,6.010424957680025e-14
0.1542,8570.657592456813,0.0,0.0,179.53108961605741,6.010337646158832e-14,6.010337646158832e-14
0.15425,8570.553824918134,0.0,0.0,179.52844660257438,6.010244009073404e-14,6.010244009073404e-14
0.15430000000000002,8570.45595100428,0.0,0.0,179.5258107972144,6.010162755008765e-14,6.010162755008765e-14
0.15435000000000001,8570.362696174645,0.0,0.0,179.52333513519216,6.01007423684324e-14,6.01007423684324e-14
0.1544,8570.27394361177,0.0,0.0,179.520869765632,6.009998898238708e-14,6.009998898238708e-14
0.15445,8570.191751440694,0.0,0.0,179.51857071377526,6.009916632389974e-14,6.009916632389974e-14
0.1545,8570.112658380278,0.0,0.0,179.516294675444,6.009846988700256e-14,6.009846988700256e-14
0.15455000000000002,8570.041916533379,0.0,0.0,179.51418055837996,6.009772084788898e-14,6.009772084788898e-14
0.15460000000000002,8569.973059915488,0.0,0.0,179.51211126742237,6.009707936087362e-14,6.009707936087362e-14
0.15465,8569.913993732624,0.0,0.0,179.5101900828118,6.009641344631291e-14,6.009641344631291e-14
0.1547,8569.855989921778,0.0,0.0,179.5083427500449,6.009582605569257e-14,6.009582605569257e-14
0.15475,8569.808676961162,0.0,0.0,179.50662270478773,6.009525073363245e-14,6.009525073363245e-14
0.15480000000000002,8569.762133542821,0.0,0.0,179.5050097441989,6.009471815463742e-14,6.009471815463742e-14
0.15485000000000002,8569.72655491926,0.0,0.0,179.50349960892368,6.009423800883073e-14,6.009423800883073e-14
0.1549,8569.69203228481,0.0,0.0,179.50213028031845,6.009376328334971e-14,6.009376328334971e-14
0.15495,8569.668094603372,0.0,0.0,179.50083951166934,6.009337987793232e-14,6.009337987793232e-14
0.155,8569.646071492769,0.0,0.0,179.49971981767195,6.009296796745267e-14,6.009296796745267e-14
0.15505000000000002,8569.633656212745,0.0,0.0,179.49865841839022,6.009268004568041e-14,6.009268004568041e-14
0.15510000000000002,8569.624476657566,0.0,0.0,179.49779129392715,6.009233793708681e-14,6.009233793708681e-14
0.15515,8569.623476021183,0.0,0.0,179.4969694092691,6.00921415700635e-14,6.00921415700635e-14
0.1552,8569.627324571724,0.0,0.0,179.49635515175677,6.00918773499014e-14,6.00918773499014e-14
0.15525,8569.637664211212,0.0,0.0,179.49578247281156,6.009176714745748e-14,6.009176714745748e-14
0.1553,8569.654543891382,0.0,0.0,179.49541936229178,6.00915891755604e-14,6.00915891755604e-14
0.15535000000000002,8569.676193713432,0.0,0.0,179.495104385372,6.009155871929234e-14,6.009155871929234e-14
0.1554,8569.705927127165,0.0,0.0,179.49498940581702,6.009147485125788e-14,6.009147485125788e-14
0.15545,8569.738898696476,0.0,0.0,179.49493867776104,6.009151805456445e-14,6.009151805456445e-14
0.1555,8569.78113120696,0.0,0.0,179.4950682189133,6.009153428738833e-14,6.009153428738833e-14
0.15555,8569.825463019219,0.0,0.0,179.49528565026867,6.009164611808374e-14,6.009164611808374e-14
0.15560000000000002,8569.879700897052,0.0,0.0,179.49565611729122,6.00917662483771e-14,6.00917662483771e-14
0.15565,8569.935413555633,0.0,0.0,179.4961424667891,6.009194335878781e-14,6.009194335878781e-14
0.1557,8570.001058818214,0.0,0.0,179.49675067913566,6.009216804217734e-14,6.009216804217734e-14
0.15575,8570.068135010762,0.0,0.0,179.4975032896439,6.009240937127898e-14,6.009240937127898e-14
0.1558,8570.14451884492,0.0,0.0,179.49834664087774,6.009273623441012e-14,6.009273623441012e-14
0.15585000000000002,8570.222850896153,0.0,0.0,179.4993594434591,6.009304267047623e-14,6.009304267047623e-14
0.1559,8570.309295341625,0.0,0.0,179.50043578600233,6.009346635276969e-14,6.009346635276969e-14
0.15595,8570.398648278353,0.0,0.0,179.50169959920663,6.009384079292933e-14,6.009384079292933e-14
0.156,8570.494485961322,0.0,0.0,179.503006877716,6.009435344430424e-14,6.009435344430424e-14
0.15605,8570.59448319513,0.0,0.0,179.5045099344502,6.00947997337342e-14,6.00947997337342e-14
0.15610000000000002,8570.69908983277,0.0,0.0,179.50604563422695,6.009539202580324e-14,6.009539202580324e-14
0.15615,8570.809185951299,0.0,0.0,179.50777428675025,6.009591441130148e-14,6.009591441130148e-14
0.1562,8570.921995215274,0.0,0.0,179.5095347632285,6.009657610814487e-14,6.009657610814487e-14
0.15625,8571.041486576269,0.0,0.0,179.5114742569737,6.009717815041555e-14,6.009717815041555e-14
0.1563,8571.161981037692,0.0,0.0,179.51345407287585,6.009789954062039e-14,6.009789954062039e-14
0.15635000000000002,8571.290020587861,0.0,0.0,179.51558928895153,6.009858312731229e-14,6.009858312731229e-14
0.1564,8571.417717948147,0.0,0.0,179.51778063186492,6.009935547010864e-14,6.009935547010864e-14
0.15645,8571.553347550873,0.0,0.0,179.52009671237326,6.010012040852901e-14,6.010012040852901e-14
0.1565,8571.687772147015,0.0,0.0,179.52248900375812,6.010093681624246e-14,6.010093681624246e-14
0.15655,8571.829956163207,0.0,0.0,179.52497176095238,6.01017799759984e-14,6.01017799759984e-14
0.15660000000000002,8571.97061062879,0.0,0.0,179.52755150389962,6.010263570801876e-14,6.010263570801876e-14
0.15665,8572.118284199305,0.0,0.0,179.53018759783987,6.010355133901156e-14,6.010355133901156e-14
0.1567,8572.26460511026,0.0,0.0,179.53293848739818,6.010444360735035e-14,6.010444360735035e-14
0.15675,8572.416715279807,0.0,0.0,179.53571533612103,6.010542327761634e-14,6.010542327761634e-14
0.1568,8572.56805766867,0.0,0.0,179.5386186354834,6.010635119465927e-14,6.010635119465927e-14
0.15685000000000002,8572.723587065364,0.0,0.0,179.54152410680874,6.010738449920572e-14,6.010738449920572e-14
0.1569,8572.879198480683,0.0,0.0,179.54455921748945,6.010834810760545e-14,6.010834810760545e-14
0.15695,8573.037203484737,0.0,0.0,179.54758115786004,6.010942344070284e-14,6.010942344070284e-14
0.157,8573.196213777806,0.0,0.0,179.55072633428773,6.011042326597405e-14,6.011042326597405e-14
0.15705,8573.355821997771,0.0,0.0,179.5538520133824,6.011152856467971e-14,6.011152856467971e-14
0.15710000000000002,8573.517262089266,0.0,0.0,179.55708510872586,6.011256450925731e-14,6.011256450925731e-14
0.15715,8573.6776722929,0.0,0.0,179.56030068895848,6.011368838715538e-14,6.011368838715538e-14
0.1572,8573.840481749387,0.0,0.0,179.56359985167836,6.011475913947493e-14,6.011475913947493e-14
0.15725,8574.000953730809,0.0,0.0,179.56688995114047,6.011589128562904e-14,6.011589128562904e-14
0.1573,8574.164017083485,0.0,0.0,179.57023418510607,6.011699375720476e-14,6.011699375720476e-14
0.15735000000000002,8574.323841910442,0.0,0.0,179.57358162733948,6.011812579396748e-14,6.011812579396748e-14
0.1574,8574.486023176867,0.0,0.0,179.5769511500588,6.011925464922303e-14,6.011925464922303e-14
0.15745,8574.644501208455,0.0,0.0,179.58033692452676,6.012038010021349e-14,6.012038010021349e-14
0.1575,8574.804680296473,0.0,0.0,179.58371330910398,6.012152805855504e-14,6.012152805855504e-14
0.15755,8574.961093927102,0.0,0.0,179.58711676562461,6.012264237109069e-14,6.012264237109069e-14
0.15760000000000002,8575.118198665023,0.0,0.0,179.59048285126764,6.012380016060611e-14,6.012380016060611e-14
0.15765,8575.271795787652,0.0,0.0,179.5938821014061,6.012490043245913e-14,6.012490043245913e-14
0.1577,8575.424829347005,0.0,0.0,179.59722173252,6.012605760246979e-14,6.012605760246979e-14
0.15775,8575.574806569626,0.0,0.0,179.60059419746582,6.012714182395601e-14,6.012714182395601e-14
0.1578,8575.72286486552,0.0,0.0,179.6038918368815,6.012828727007386e-14,6.012828727007386e-14
0.15785000000000002,8575.868374042593,0.0,0.0,179.60721488485055,6.012935393045119e-14,6.012935393045119e-14
0.1579,8576.010643355168,0.0,0.0,179.61045518809863,6.013047666141446e-14,6.013047666141446e-14
0.15795,8576.15079965944,0.0,0.0,179.6137067601451,6.013152384084808e-14,6.013152384084808e-14
0.158,8576.286559892067,0.0,0.0,179.61687419253974,6.013261374451046e-14,6.013261374451046e-14
0.15805,8576.420457755548,0.0,0.0,179.6200333562689,6.013363876405637e-14,6.013363876405637e-14
0.15810000000000002,8576.549061913081,0.0,0.0,179.62311191362423,6.013468698489359e-14,6.013468698489359e-14
0.15815,8576.675808821557,0.0,0.0,179.62615927118384,6.013568591975454e-14,6.013568591975454e-14
0.1582,8576.796664797466,0.0,0.0,179.62913236752664,6.013668538644283e-14,6.013668538644283e-14
0.15825,8576.915402236209,0.0,0.0,179.6320502843808,6.013765296714768e-14,6.013765296714768e-14
0.1583,8577.02795720882,0.0,0.0,179.63490081409486,6.013859825734266e-14,6.013859825734266e-14
0.15835000000000002,8577.137890588563,0.0,0.0,179.63767346197778,6.01395280477404e-14,6.01395280477404e-14
0.1584,8577.24160956683,0.0,0.0,179.64038404159325,6.014041540834616e-14,6.014041540834616e-14
0.15845,8577.342029845697,0.0,0.0,179.64299726863845,6.014129998207824e-14,6.014129998207824e-14
0.1585,8577.436388206093,0.0,0.0,179.6455506141507,6.014212687869698e-14,6.014212687869698e-14
0.15855,8577.526684251705,0.0,0.0,179.6479916984601,6.01429584873486e-14,6.01429584873486e-14
0.15860000000000002,8577.611164067022,0.0,0.0,179.65037108653553,6.014372313698922e-14,6.014372313698922e-14
0.15865,8577.690827979071,0.0,0.0,179.6526284224143,6.014449407797372e-14,6.014449407797372e-14
0.1587,8577.76492479317,0.0,0.0,179.6548181708045,6.014519503699851e-14,6.014519503699851e-14
0.15875,8577.833547955774,0.0,0.0,179.65688096579728,6.014589830187496e-14,6.014589830187496e-14
0.1588,8577.89678217404,0.0,0.0,179.6588668598141,6.014653389030798e-14,6.014653389030798e-14
0.15885000000000002,8577.954045447565,0.0,0.0,179.66072489739923,6.014716355152255e-14,6.014716355152255e-14
0.1589,8578.005981980163,0.0,0.0,179.66249451640292,6.014773167996287e-14,6.014773167996287e-14
0.15895,8578.051638658757,0.0,0.0,179.6641380321513,6.014828313585677e-14,6.014828313585677e-14
0.159,8578.091906177424,0.0,0.0,179.66568093053226,6.014878106852317e-14,6.014878106852317e-14
0.15905,8578.125768825596,0.0,0.0,179.6671006281618,6.014925118654558e-14,6.014925118654558e-14
0.15910000000000002,8578.154076696092,0.0,0.0,179.6684083659873,6.014967566358662e-14,6.014967566358662e-14
0.15915,8578.176002427457,0.0,0.0,179.66959556526479,6.01500625903152e-14,6.01500625903152e-14
0.1592,8578.192155963703,0.0,0.0,179.67066159933046,6.01504100372141e-14,6.01504100372141e-14
0.15925,8578.202038518055,0.0,0.0,179.67160849525726,6.01507130067999e-14,6.01507130067999e-14
0.1593,8578.20594424333,0.0,0.0,179.67242796688527,6.015097987560171e-14,6.015097987560171e-14
0.15935000000000002,8578.20371312267,0.0,0.0,179.67312794917774,6.015119879035406e-14,6.015119879035406e-14
0.15940000000000001,8578.195378262695,0.0,0.0,179.67369742243798,6.015138199220805e-14,6.015138199220805e-14
0.15945,8578.181003846485,0.0,0.0,179.6741454022444,6.015151707515233e-14,6.015151707515233e-14
0.1595,8578.160527770193,0.0,0.0,179.67446260760474,6.015161432140257e-14,6.015161432140257e-14
0.15955,8578.134032811084,0.0,0.0,179.67465529282217,6.01516657754763e-14,6.01516657754763e-14
0.15960000000000002,8578.10159323923,0.0,0.0,179.67471893232508,6.015167588909873e-14,6.015167588909873e-14
0.15965000000000001,8578.063067761663,0.0,0.0,179.67465500444118,6.015164368799026e-14,6.015164368799026e-14
0.1597,8578.018903812217,0.0,0.0,179.67446465624656,6.015156672475136e-14,6.015156672475136e-14
0.15975,8577.968520246059,0.0,0.0,179.67414481892664,6.015145056162551e-14,6.015145056162551e-14
0.1598,8577.912916247133,0.0,0.0,179.67370096146792,6.015128778283685e-14,6.015128778283685e-14
0.15985000000000002,8577.85094262222,0.0,0.0,179.67312785365198,6.015108719856124e-14,6.015108719856124e-14
0.15990000000000001,8577.784214127454,0.0,0.0,179.672432003845,6.015084086667984e-14,6.015084086667984e-14
0.15995,8577.71102064402,0.0,0.0,179.67160999341465,6.015055549064011e-14,6.015055549064011e-14
0.16,8577.633509388499,0.0,0.0,179.67066493196054,6.015022856941293e-14,6.015022856941293e-14
0.16005,8577.5495670894,0.0,0.0,179.6695998284895,6.014985849648766e-14,6.014985849648766e-14
0.16010000000000002,8577.461638903804,0.0,0.0,179.66840986438638,6.014945422119619e-14,6.014945422119619e-14
0.16015000000000001,8577.367513850104,0.0,0.0,179.6671086021691,6.014900038057181e-14,6.014900038057181e-14
0.1602,8577.269567208672,0.0,0.0,179.66567982353905,6.014852193369999e-14,6.014852193369999e-14
0.16025,8577.165899967731,0.0,0.0,179.66415017166796,6.014798639925993e-14,6.014798639925993e-14
0.1603,8577.058381668958,0.0,0.0,179.66249062350366,6.014743654759524e-14,6.014743654759524e-14
0.16035000000000002,8576.945869008794,0.0,0.0,179.66074097762262,6.014682278731435e-14,6.014682278731435e-14
0.16040000000000001,8576.829286639158,0.0,0.0,179.6588607240457,6.014620377882206e-14,6.014620377882206e-14
0.16045,8576.708657137402,0.0,0.0,179.65690001376802,6.014551660543287e-14,6.014551660543287e-14
0.1605,8576.583600742444,0.0,0.0,179.65481105570834,6.014483016618168e-14,6.014483016618168e-14
0.16055,8576.455589424726,0.0,0.0,179.65264878993634,6.01440756882947e-14,6.01440756882947e-14
0.16060000000000002,8576.32274221934,0.0,0.0,179.65036483461358,6.014332320530752e-14,6.014332320530752e-14
0.16065000000000002,8576.18807621818,0.0,0.0,179.6480112700239,6.014250837785729e-14,6.014250837785729e-14
0.1607,8576.048221111183,0.0,0.0,179.64554737739812,6.0141691352385e-14,6.0141691352385e-14
0.16075,8575.90760686259,0.0,0.0,179.64301378272617,6.014082359244603e-14,6.014082359244603e-14
0.1608,8575.761624147526,0.0,0.0,179.6403859267564,6.013994395934201e-14,6.013994395934201e-14
0.16085000000000002,8575.615747990256,0.0,0.0,179.6376848870739,6.013903060108464e-14,6.013903060108464e-14
0.16090000000000002,8575.464602674469,0.0,0.0,179.63490950054106,6.013809137350732e-14,6.013809137350732e-14
0.16095,8575.31413714046,0.0,0.0,179.63205519685496,6.01371390913575e-14,6.01371390913575e-14
0.161,8575.15885651998,0.0,0.0,179.62914875610485,6.013614463227127e-14,6.013614463227127e-14
0.16105,8575.004481210628,0.0,0.0,179.6261571620048,6.013515918380972e-14,6.013515918380972e-14
0.16110000000000002,8574.846123071437,0.0,0.0,179.6231358800501,6.013411553594617e-14,6.013411553594617e-14
0.16115000000000002,8574.68854206345,0.0,0.0,179.62002481110966,6.013310135773468e-14,6.013310135773468e-14
0.1612,8574.528168456472,0.0,0.0,179.61690448252804,6.013201630399088e-14,6.013201630399088e-14
0.16125,8574.368134063827,0.0,0.0,179.6136934770036,6.013097669491117e-14,6.013097669491117e-14
0.1613,8574.206770777337,0.0,0.0,179.61048949338826,6.012985947009603e-14,6.012985947009603e-14
0.16135000000000002,8574.045108636017,0.0,0.0,179.6071995060926,6.01287966873387e-14,6.01287966873387e-14
0.16140000000000002,8573.88372385928,0.0,0.0,179.60392704525785,6.012765772117647e-14,6.012765772117647e-14
0.16145,8573.721336083117,0.0,0.0,179.6005799833729,6.012657350509188e-14,6.012657350509188e-14
0.1615,8573.560823118825,0.0,0.0,179.59725432562936,6.012542361372205e-14,6.012542361372205e-14
0.16155,8573.398699090707,0.0,0.0,179.59387247368312,6.012431979206054e-14,6.012431979206054e-14
0.16160000000000002,8573.239863347924,0.0,0.0,179.59050939989586,6.012316969488056e-14,6.012316969488056e-14
0.16165000000000002,8573.079066047612,0.0,0.0,179.58711479809418,6.012204871357447e-14,6.012204871357447e-14
0.1617,8572.9226381971,0.0,0.0,179.5837309838517,6.012090814971757e-14,6.012090814971757e-14
0.16175,8572.764281027194,0.0,0.0,179.58034484831254,6.011977388566414e-14,6.011977388566414e-14
0.1618,8572.610928909311,0.0,0.0,179.57695818346554,6.011865109553818e-14,6.011865109553818e-14
0.16185000000000002,8572.456146648738,0.0,0.0,179.57360043096642,6.011750902897374e-14,6.011750902897374e-14
0.16190000000000002,8572.306502961495,0.0,0.0,179.5702301928347,6.011641039927193e-14,6.011641039927193e-14
0.16195,8572.15641164998,0.0,0.0,179.56691914848577,6.011526808224971e-14,6.011526808224971e-14
0.162,8572.01110146201,0.0,0.0,179.5635859719947,6.011419781193563e-14,6.011419781193563e-14
0.16205,8571.866759785793,0.0,0.0,179.5603382843881,6.01130646260162e-14,6.01130646260162e-14
0.1621,8571.726433733127,0.0,0.0,179.55706392067017,6.011202514899295e-14,6.011202514899295e-14
0.16215000000000002,8571.588802336997,0.0,0.0,179.5538946995502,6.011091196821832e-14,6.011091196821832e-14
0.1622,8571.454156419619,0.0,0.0,179.55070155578252,6.010990408918324e-14,6.010990408918324e-14
0.16225,8571.324078092508,0.0,0.0,179.5476247073791,6.010882276896657e-14,6.010882276896657e-14
0.1623,8571.195866135253,0.0,0.0,179.54453522954037,6.010784654702817e-14,6.010784654702817e-14
0.16235,8571.074039958643,0.0,0.0,179.54156392292884,6.010680890734171e-14,6.010680890734171e-14
0.16240000000000002,8570.953082201877,0.0,0.0,179.53859987868256,6.010586430427414e-14,6.010586430427414e-14
0.16245,8570.840066771914,0.0,0.0,179.5357470807553,6.010488153470415e-14,6.010488153470415e-14
0.1625,8570.727223907534,0.0,0.0,179.53292883501757,6.010396922525841e-14,6.010396922525841e-14
0.16255,8570.623452856082,0.0,0.0,179.5302078048385,6.010305077929365e-14,6.010305077929365e-14
0.1626,8570.519609497349,0.0,0.0,179.52755368383555,6.010217295681231e-14,6.010217295681231e-14
0.16265000000000002,8570.425406446466,0.0,0.0,179.52497835476584,6.010132614143053e-14,6.010132614143053e-14
0.1627,8570.331431234821,0.0,0.0,179.52250416993027,6.010048676443266e-14,6.010048676443266e-14
0.16275,8570.2470536487,0.0,0.0,179.52008933550562,6.009971619884694e-14,6.009971619884694e-14
0.1628,8570.163753202854,0.0,0.0,179.51780814469194,6.009892148494053e-14,6.009892148494053e-14
0.16285,8570.08942294173,0.0,0.0,179.51556940698566,6.009822903305096e-14,6.009822903305096e-14
0.16290000000000002,8570.017505290967,0.0,0.0,179.51349152384094,6.009748697343605e-14,6.009748697343605e-14
0.16295,8569.953445170597,0.0,0.0,179.5114449976879,6.009687217502031e-14,6.009687217502031e-14
0.163,8569.893478744103,0.0,0.0,179.50957826040886,6.009619231255629e-14,6.009619231255629e-14
0.16305,8569.839939042484,0.0,0.0,179.50774004680176,6.009565265420577e-14,6.009565265420577e-14
0.1631,8569.792329157228,0.0,0.0,179.50609029110873,6.009504522955011e-14,6.009504522955011e-14
0.16315000000000002,8569.749605042525,0.0,0.0,179.50447579948974,6.0094577298636e-14,6.0094577298636e-14
0.1632,8569.714577101175,0.0,0.0,179.50304746619145,6.009405226491326e-14,6.009405226491326e-14
0.16325,8569.683007917043,0.0,0.0,179.5016706493245,6.009365234552653e-14,6.009365234552653e-14
0.1633,8569.660618932721,0.0,0.0,179.50046744082394,6.009321863881957e-14,6.009321863881957e-14
0.16335,8569.640571117556,0.0,0.0,179.49934005980873,6.00928838052457e-14,6.00928838052457e-14
0.16340000000000002,8569.630720087463,0.0,0.0,179.49836552890983,6.009254816822038e-14,6.009254816822038e-14
0.16345,8569.622569299288,0.0,0.0,179.49749653638858,6.009227698403387e-14,6.009227698403387e-14
0.1635,8569.625031270012,0.0,0.0,179.4967545368807,6.009204363803698e-14,6.009204363803698e-14
0.16355,8569.629112807439,0.0,0.0,179.4961496606393,6.009183654990746e-14,6.009183654990746e-14
0.1636,8569.643583587906,0.0,0.0,179.49564456870436,6.009170656881553e-14,6.009170656881553e-14
0.16365000000000002,8569.660159953606,0.0,0.0,179.49530616155425,6.00915662825305e-14,6.00915662825305e-14
0.1637,8569.686286155344,0.0,0.0,179.49504284473696,6.009153778092588e-14,6.009153778092588e-14
0.16375,8569.715505799422,0.0,0.0,179.49497000344562,6.009146875965315e-14,6.009146875965315e-14
0.1638,8569.752934289985,0.0,0.0,179.49495353001703,6.009153720126447e-14,6.009153720126447e-14
0.16385,8569.794792425093,0.0,0.0,179.49514248440528,6.00915454691787e-14,6.00915454691787e-14
0.16390000000000002,8569.84319396935,0.0,0.0,179.49537760902862,6.009170422442642e-14,6.009170422442642e-14
0.16395,8569.897518951228,0.0,0.0,179.49582230732534,6.009179628229278e-14,6.009179628229278e-14
0.164,8569.956605511694,0.0,0.0,179.49631281434753,6.009203775865314e-14,6.009203775865314e-14
0.16405,8570.023046405184,0.0,0.0,179.49700563631373,6.009221982353588e-14,6.009221982353588e-14
0.1641,8570.09257464042,0.0,0.0,179.49775361655242,6.009253608346992e-14,6.009253608346992e-14
0.16415000000000002,8570.170613431712,0.0,0.0,179.4986861079307,6.009281313833381e-14,6.009281313833381e-14
0.1642,8570.250371462525,0.0,0.0,179.49969129240085,6.009319716663333e-14,6.009319716663333e-14
0.16425,8570.339342933305,0.0,0.0,179.5008548164908,6.009357195671605e-14,6.009357195671605e-14
0.1643,8570.429125797964,0.0,0.0,179.5021140430963,6.009401815220909e-14,6.009401815220909e-14
0.16435,8570.528258082702,0.0,0.0,179.50350027382376,6.009449088705909e-14,6.009449088705909e-14
0.16440000000000002,8570.62783012952,0.0,0.0,179.50500717747983,6.00949956327511e-14,6.00949956327511e-14
0.16445,8570.736280969191,0.0,0.0,179.50660835112038,6.009556337930312e-14,6.009556337930312e-14
0.1645,8570.84534768893,0.0,0.0,179.5083533191964,6.009612523171246e-14,6.009612523171246e-14
0.16455,8570.962247481726,0.0,0.0,179.51016223769432,6.009678228171165e-14,6.009678228171165e-14
0.1646,8571.080410779408,0.0,0.0,179.51213263264933,6.009740156374564e-14,6.009740156374564e-14
0.16465000000000002,8571.204907392841,0.0,0.0,179.51414241109143,6.009813965642107e-14,6.009813965642107e-14
0.1647,8571.331645102302,0.0,0.0,179.51632304614552,6.009881819080657e-14,6.009881819080657e-14
0.16475,8571.46292173376,0.0,0.0,179.5185266601685,6.009962728409653e-14,6.009962728409653e-14
0.1648,8571.597573689292,0.0,0.0,179.52090044676365,6.010036733639611e-14,6.010036733639611e-14
0.16485,8571.734874759639,0.0,0.0,179.52329015491728,6.010123653765468e-14,6.010123653765468e-14
0.16490000000000002,8571.876634707618,0.0,0.0,179.5258388540197,6.010204021326653e-14,6.010204021326653e-14
0.16495,8572.019264101225,0.0,0.0,179.52840558064796,6.010295853012183e-14,6.010295853012183e-14
0.165,8572.167201163154,0.0,0.0,179.53111054585278,6.010382672260806e-14,6.010382672260806e-14
0.16505,8572.314509971666,0.0,0.0,179.53384333536235,6.01047841967927e-14,6.01047841967927e-14
0.1651,8572.467589141675,0.0,0.0,179.5366861619167,6.01057159285352e-14,6.01057159285352e-14
0.16515000000000002,8572.618957054352,0.0,0.0,179.53957177333052,6.010670400022687e-14,6.010670400022687e-14
0.1652,8572.776076722497,0.0,0.0,179.5425347749051,6.010769603436e-14,6.010769603436e-14
0.16525,8572.930881398648,0.0,0.0,179.54555749824848,6.010870819832774e-14,6.010870819832774e-14
0.1653,8573.090910979809,0.0,0.0,179.54862395363213,6.01097546432901e-14,6.01097546432901e-14
0.16535,8573.248499965226,0.0,0.0,179.55176566589068,6.011078638605914e-14,6.011078638605914e-14
0.16540000000000002,8573.410321502759,0.0,0.0,179.5549198344826,6.011187912537507e-14,6.011187912537507e-14
0.16545,8573.56998206871,0.0,0.0,179.55816029858096,6.01129276874363e-14,6.01129276874363e-14
0.1655,8573.732521517448,0.0,0.0,179.5613872066403,6.011405655441856e-14,6.011405655441856e-14
0.16555,8573.893467980371,0.0,0.0,179.56470457781475,6.011512055914554e-14,6.011512055914554e-14
0.1656,8574.055718025851,0.0,0.0,179.56798964359734,6.011627419535545e-14,6.011627419535545e-14
0.16565000000000002,8574.21707728843,0.0,0.0,179.5713611075904,6.011735276090795e-14,6.011735276090795e-14
0.16570000000000001,8574.37811562986,0.0,0.0,179.57468966928204,6.011851932557824e-14,6.011851932557824e-14
0.16575,8574.538934391565,0.0,0.0,179.57809214459698,6.011961155103252e-14,6.011961155103252e-14
0.1658,8574.697915983506,0.0,0.0,179.58144898020024,6.01207795088272e-14,6.01207795088272e-14
0.16585,8574.857178800596,0.0,0.0,179.5848597810792,6.012188355820946e-14,6.012188355820946e-14
0.16590000000000002,8575.013331663074,0.0,0.0,179.5882287086306,6.012304250275534e-14,6.012304250275534e-14
0.16595000000000001,8575.169980089591,0.0,0.0,179.59162610224487,6.012415521488511e-14,6.012415521488511e-14
0.166,8575.322585025682,0.0,0.0,179.59498972009587,6.012529620769668e-14,6.012529620769668e-14
0.16605,8575.475555037154,0.0,0.0,179.59835331028998,6.012641269790747e-14,6.012641269790747e-14
0.1661,8575.62392109983,0.0,0.0,179.60169293516728,6.012752875077367e-14,6.012752875077367e-14
0.16615000000000002,8575.772172169896,0.0,0.0,179.60500384296736,6.012864233152859e-14,6.012864233152859e-14
0.16620000000000001,8575.915617865523,0.0,0.0,179.60829964735706,6.012972820163236e-14,6.012972820163236e-14
0.16625,8576.058164277134,0.0,0.0,179.61154049151006,6.013083071431491e-14,6.013083071431491e-14
0.1663,8576.195997242297,0.0,0.0,179.6147718347299,6.013188278200571e-14,6.013188278200571e-14
0.16635,8576.331931750423,0.0,0.0,179.61792653367007,6.013296484803028e-14,6.013296484803028e-14
0.16640000000000002,8576.463440112891,0.0,0.0,179.6210724352084,6.013398062457627e-14,6.013398062457627e-14
0.16645000000000001,8576.591949366695,0.0,0.0,179.6241258966246,6.013503242467358e-14,6.013503242467358e-14
0.1665,8576.716398639128,0.0,0.0,179.62716558859591,6.013600993242516e-14,6.013600993242516e-14
0.16655,8576.836768033407,0.0,0.0,179.63010334424578,6.01370216990898e-14,6.01370216990898e-14
0.1666,8576.953412367986,0.0,0.0,179.63301683407445,6.013795902237457e-14,6.013795902237457e-14
0.16665000000000002,8577.065020297576,0.0,0.0,179.63582470201894,6.013892172837553e-14,6.013892172837553e-14
0.16670000000000001,8577.173116228963,0.0,0.0,179.63859326528163,6.013981636971524e-14,6.013981636971524e-14
0.16675,8577.27542558445,0.0,0.0,179.6412571002019,6.0140722208034e-14,6.0140722208034e-14
0.1668,8577.374254669257,0.0,0.0,179.64386365607706,6.014157089203301e-14,6.014157089203301e-14
0.16685,8577.4667927723,0.0,0.0,179.64636923353018,6.014241352075092e-14,6.014241352075092e-14
0.16690000000000002,8577.555687196953,0.0,0.0,179.64879855761032,6.01432119602898e-14,6.01432119602898e-14
0.16695000000000002,8577.638031395145,0.0,0.0,179.6511316191886,6.014398668082294e-14,6.014398668082294e-14
0.167,8577.71639316038,0.0,0.0,179.6533703899219,6.014472971438713e-14,6.014472971438713e-14
0.16705,8577.78815610532,0.0,0.0,179.65551683688176,6.014543323684932e-14,6.014543323684932e-14
0.1671,8577.85547742689,0.0,0.0,179.65755353049005,6.014611509583424e-14,6.014611509583424e-14
0.16715000000000002,8577.916296801503,0.0,0.0,179.65949974262432,6.01467453462119e-14,6.01467453462119e-14
0.16720000000000002,8577.972169227918,0.0,0.0,179.66132441555828,6.014736001888588e-14,6.014736001888588e-14
0.16725,8578.021707533362,0.0,0.0,179.66305763930092,6.014791565973257e-14,6.014791565973257e-14
0.1673,8578.065824597903,0.0,0.0,179.66466165720823,6.014845742982125e-14,6.014845742982125e-14
0.16735,8578.103773501118,0.0,0.0,179.6661704069932,6.014893746886382e-14,6.014893746886382e-14
0.16740000000000002,8578.135925817056,0.0,0.0,179.66754617623585,6.014940127829963e-14,6.014940127829963e-14
0.16745000000000002,8578.162018420706,0.0,0.0,179.66882058744542,6.014980469924628e-14,6.014980469924628e-14
0.1675,8578.182082236086,0.0,0.0,179.66996135025423,6.015018657018662e-14,6.015018657018662e-14
0.16755,8578.19610852858,0.0,0.0,179.67099343295504,6.015051204184547e-14,6.015051204184547e-14
0.1676,8578.2040312159,0.0,0.0,179.6718931634873,6.015080924023615e-14,6.015080924023615e-14
0.16765000000000002,8578.205855141921,0.0,0.0,179.67267692762493,6.015105507212728e-14,6.015105507212728e-14
0.16770000000000002,8578.201640252018,0.0,0.0,179.67333035179877,6.015126615247465e-14,6.015126615247465e-14
0.16775,8578.191214172137,0.0,0.0,179.67386179162997,6.015143033246665e-14,6.015143033246665e-14
0.1678,8578.174909357052,0.0,0.0,179.6742645262451,6.015155500770368e-14,6.015155500770368e-14
0.16785,8578.152284060388,0.0,0.0,179.67454148187198,6.015163546027861e-14,6.015163546027861e-14
0.16790000000000002,8578.123974368034,0.0,0.0,179.6746902657445,6.015167431574403e-14,6.015167431574403e-14
0.16795000000000002,8578.089301503454,0.0,0.0,179.67471219548634,6.01516692213693e-14,6.01516692213693e-14
0.168,8578.049109076164,0.0,0.0,179.6746051693639,6.015162337631911e-14,6.015162337631911e-14
0.16805,8578.002637410584,0.0,0.0,179.67437288372454,6.015153154276886e-14,6.015153154276886e-14
0.1681,8577.950727467247,0.0,0.0,179.67400986422342,6.015140229265438e-14,6.015140229265438e-14
0.16815000000000002,8577.892790452248,0.0,0.0,179.6735252759964,6.015122347800456e-14,6.015122347800456e-14
0.16820000000000002,8577.829384257751,0.0,0.0,179.6729079702306,6.01510119991311e-14,6.01510119991311e-14
0.16825,8577.760383721032,0.0,0.0,179.67217391136288,6.015074714963901e-14,6.015074714963901e-14
0.1683,8577.685772073788,0.0,0.0,179.67130602836528,6.015045433929726e-14,6.015045433929726e-14
0.16835,8577.606159734525,0.0,0.0,179.6703261691009,6.015010563715042e-14,6.015010563715042e-14
0.16840000000000002,8577.520718888014,0.0,0.0,179.66921340174716,6.014973211122135e-14,6.014973211122135e-14
0.16845000000000002,8577.43097751327,0.0,0.0,179.66799228955765,6.014930291468002e-14,6.014930291468002e-14
0.1685,8577.3351800516,0.0,0.0,179.66664216243822,6.014884914338644e-14,6.014884914338644e-14
0.16855,8577.23581041062,0.0,0.0,179.66518537121792,6.014834369871457e-14,6.014834369871457e-14
0.1686,8577.130231171077,0.0,0.0,179.66360697585807,6.014781035305742e-14,6.014781035305742e-14
0.16865,8577.021743723515,0.0,0.0,179.66192133682324,6.014723343814799e-14,6.014723343814799e-14
0.16870000000000002,8576.9070563992,0.0,0.0,179.66012499094722,6.014662170814117e-14,6.014662170814117e-14
0.16875,8576.78997357006,0.0,0.0,179.65821885710164,6.014597822040422e-14,6.014597822040422e-14
0.1688,8576.66693961421,0.0,0.0,179.65621574577077,6.014529027754362e-14,6.014529027754362e-14
0.16885,8576.541801569738,0.0,0.0,179.65409923109763,6.014458477528373e-14,6.014458477528373e-14
0.1689,8576.411252299022,0.0,0.0,179.6519010842212,6.01438240548596e-14,6.01438240548596e-14
0.16895000000000002,8576.278634394439,0.0,0.0,179.64958622491704,6.014306052347527e-14,6.014306052347527e-14
0.169,8576.141442714099,0.0,0.0,179.64720508668327,6.014223193411509e-14,6.014223193411509e-14
0.16905,8576.001973068162,0.0,0.0,179.6447058728348,6.014141353702363e-14,6.014141353702363e-14
0.1691,8575.85903082828,0.0,0.0,179.6421540014563,6.01405234983862e-14,6.01405234983862e-14
0.16915,8575.713406658413,0.0,0.0,179.63948625828584,6.013965270209054e-14,6.013965270209054e-14
0.16920000000000002,8575.565595372296,0.0,0.0,179.63677616927055,6.013870888097824e-14,6.013870888097824e-14
0.16925,8575.414602181829,0.0,0.0,179.63395728058904,6.013778762627028e-14,6.013778762627028e-14
0.1693,8575.262773020017,0.0,0.0,179.6311019297,6.013679866184276e-14,6.013679866184276e-14
0.16935,8575.107287364865,0.0,0.0,179.6281504297893,6.013582878625004e-14,6.013582878625004e-14
0.1694,8574.952250939092,0.0,0.0,179.62516349379425,6.013480363870783e-14,6.013480363870783e-14
0.16945000000000002,8574.793241149528,0.0,0.0,179.62209857483424,6.013378742742305e-14,6.013378742742305e-14
0.1695,8574.635761842394,0.0,0.0,179.61899478271857,6.013273490707707e-14,6.013273490707707e-14
0.16955,8574.474274216096,0.0,0.0,179.61583577651572,6.013167551925437e-14,6.013167551925437e-14
0.1696,8574.315081137931,0.0,0.0,179.61263121794605,6.013060364107009e-14,6.013060364107009e-14
0.16965,8574.15221681491,0.0,0.0,179.60939712902234,6.012950572472138e-14,6.012950572472138e-14
0.16970000000000002,8573.992018515743,0.0,0.0,179.6061094753769,6.012842125226914e-14,6.012842125226914e-14
0.16975,8573.828902720925,0.0,0.0,179.60281862060992,6.01272910871459e-14,6.01272910871459e-14
0.1698,8573.668413161262,0.0,0.0,179.5994672020823,6.012619934261296e-14,6.012619934261296e-14
0.16985,8573.506159271888,0.0,0.0,179.5961370166977,6.012504505134489e-14,6.012504505134489e-14
0.1699,8573.346119362819,0.0,0.0,179.5927427114375,6.012394973718751e-14,6.012394973718751e-14
0.16995000000000002,8573.185797029799,0.0,0.0,179.58938974007344,6.012278105636047e-14,6.012278105636047e-14
0.17,8573.027000391236,0.0,0.0,179.5859746753795,6.012168465411171e-14,6.012168465411171e-14
0.17005,8572.869599555912,0.0,0.0,179.58261474752808,6.012051248947795e-14,6.012051248947795e-14
0.1701,8572.712908521602,0.0,0.0,179.5792018208957,6.011941654513317e-14,6.011941654513317e-14
0.17015,8572.559324741103,0.0,0.0,179.5758503815358,6.011825245393866e-14,6.011825245393866e-14
0.17020000000000002,8572.405671220038,0.0,0.0,179.57246265984983,6.011715831974165e-14,6.011715831974165e-14
0.17025,8572.256691929715,0.0,0.0,179.56913518813894,6.011601360697802e-14,6.011601360697802e-14
0.1703,8572.107077938943,0.0,0.0,179.5657952484481,6.011492308413468e-14,6.011492308413468e-14
0.17035,8571.963385153456,0.0,0.0,179.56250770035803,6.01138082299974e-14,6.01138082299974e-14
0.1704,8571.818856318872,0.0,0.0,179.559236994635,6.011272420044403e-14,6.011272420044403e-14
0.17045000000000002,8571.681047033744,0.0,0.0,179.55600617507903,6.011164799988617e-14,6.011164799988617e-14
0.1705,8571.542665462148,0.0,0.0,179.5528245050623,6.011057507185686e-14,6.011057507185686e-14
0.17055,8571.411271029649,0.0,0.0,179.5496683044895,6.010954428550963e-14,6.010954428550963e-14
0.1706,8571.280077392765,0.0,0.0,179.5465934652854,6.01084888910505e-14,6.01084888910505e-14
0.17065,8571.15559936157,0.0,0.0,179.54353089739118,6.0107507975049e-14,6.0107507975049e-14
0.17070000000000002,8571.032569966734,0.0,0.0,179.54057854796423,6.010647860163949e-14,6.010647860163949e-14
0.17075,8570.915508918913,0.0,0.0,179.53762956012838,6.010554972247053e-14,6.010554972247053e-14
0.1708,8570.801519182742,0.0,0.0,179.5348133205101,6.010455640708445e-14,6.010455640708445e-14
0.17085,8570.692404634045,0.0,0.0,179.531998387669,6.010367998993531e-14,6.010367998993531e-14
0.1709,8570.588195524086,0.0,0.0,179.52933015432873,6.01027338585492e-14,6.01027338585492e-14
0.17095000000000002,8570.48760125596,0.0,0.0,179.52666968240393,6.010190898477918e-14,6.010190898477918e-14
0.171,8570.393764096312,0.0,0.0,179.52416010362685,6.010102146011875e-14,6.010102146011875e-14
0.17105,8570.302315375508,0.0,0.0,179.52167372523243,6.010024689015987e-14,6.010024689015987e-14
0.1711,8570.21927994993,0.0,0.0,179.5193327577217,6.009942869769033e-14,6.009942869769033e-14
0.17115,8570.137646890253,0.0,0.0,179.51703859207362,6.009870353040394e-14,6.009870353040394e-14
0.17120000000000002,8570.065697455255,0.0,0.0,179.5148760568401,6.009796401897177e-14,6.009796401897177e-14
0.17125,8569.99456615546,0.0,0.0,179.5127900382144,6.009728854437096e-14,6.009728854437096e-14
0.1713,8569.93386121504,0.0,0.0,179.51081606978363,6.009663473252734e-14,6.009663473252734e-14
0.17135,8569.873909248332,0.0,0.0,179.50895142851883,6.009601101326525e-14,6.009601101326525e-14
0.1714,8569.824511489936,0.0,0.0,179.50717675461493,6.009544733238077e-14,6.009544733238077e-14
0.17145000000000002,8569.776360384958,0.0,0.0,179.50554371439188,6.009487937739661e-14,6.009487937739661e-14
0.1715,8569.73828143827,0.0,0.0,179.50397969891728,6.009440732984507e-14,6.009440732984507e-14
0.17155,8569.702457189329,0.0,0.0,179.50258543867176,6.009390124498516e-14,6.009390124498516e-14
0.1716,8569.675687162971,0.0,0.0,179.50124387712233,6.00935196718091e-14,6.00935196718091e-14
0.17165,8569.652584533556,0.0,0.0,179.5000927453424,6.009308303136327e-14,6.009308303136327e-14
0.17170000000000002,8569.63712849656,0.0,0.0,179.49898542730642,6.009278863540547e-14,6.009278863540547e-14
0.17175,8569.62697836344,0.0,0.0,179.4980793900962,6.009243005474944e-14,6.009243005474944e-14
0.1718,8569.622874499464,0.0,0.0,179.49721747649724,6.009221800466713e-14,6.009221800466713e-14
0.17185,8569.625732315746,0.0,0.0,179.49655671899043,6.009194609938817e-14,6.009194609938817e-14
0.1719,8569.63305985864,0.0,0.0,179.49595002541622,6.009181116229381e-14,6.009181116229381e-14
0.17195000000000002,8569.648802122587,0.0,0.0,179.49553362633745,6.00916336608488e-14,6.00916336608488e-14
0.17200000000000001,8569.667672551057,0.0,0.0,179.4951898929814,6.009157085722092e-14,6.009157085722092e-14
0.17205,8569.69601634837,0.0,0.0,179.49501647204414,6.009149378365184e-14,6.009149378365184e-14
0.1721,8569.726551364862,0.0,0.0,179.49494073575636,6.009149941867503e-14,6.009149941867503e-14
0.17215,8569.767077192022,0.0,0.0,179.4950089724172,6.009152619904932e-14,6.009152619904932e-14
0.17220000000000002,8569.809379949378,0.0,0.0,179.4952031143216,6.009159831367629e-14,6.009159831367629e-14
0.17225000000000001,8569.861573947148,0.0,0.0,179.4955120753822,6.009172957846755e-14,6.009172957846755e-14
0.1723,8569.91568387856,0.0,0.0,179.4959746129076,6.009186823900797e-14,6.009186823900797e-14
0.17235,8569.978978487108,0.0,0.0,179.49652382553626,6.009210148791893e-14,6.009210148791893e-14
0.1724,8570.044841052617,0.0,0.0,179.4972499793828,6.009230880127505e-14,6.009230880127505e-14
0.17245000000000002,8570.118650480363,0.0,0.0,179.4980392548821,6.009263885144477e-14,6.009263885144477e-14
0.17250000000000001,8570.196078268227,0.0,0.0,179.4990212729542,6.009291837662551e-14,6.009291837662551e-14
0.17255,8570.279839122055,0.0,0.0,179.5000502978444,6.009333781885303e-14,6.009333781885303e-14
0.1726,8570.368489259527,0.0,0.0,179.50127800493888,6.00936941070054e-14,6.00936941070054e-14
0.17265,8570.461674512388,0.0,0.0,179.50254576496127,6.009419412120395e-14,6.009419412120395e-14
0.17270000000000002,8570.5610427987,0.0,0.0,179.5040072478122,6.009463161673812e-14,6.009463161673812e-14
0.17275000000000001,8570.66317387422,0.0,0.0,179.50551137339795,6.009520299800576e-14,6.009520299800576e-14
0.1728,8570.772594662107,0.0,0.0,179.5071937216482,6.009572531693951e-14,6.009572531693951e-14
0.17285,8570.883233924544,0.0,0.0,179.5089298435773,6.009635920087426e-14,6.009635920087426e-14
0.1729,8571.001904227474,0.0,0.0,179.51081983792758,6.009696819837781e-14,6.009696819837781e-14
0.17295000000000002,8571.120634968913,0.0,0.0,179.51278106222176,6.009765708986169e-14,6.009765708986169e-14
0.17300000000000001,8571.247642518418,0.0,0.0,179.51486572381287,6.009835220245066e-14,6.009835220245066e-14
0.17305,8571.3740416259,0.0,0.0,179.51704228954216,6.009909028969432e-14,6.009909028969432e-14
0.1731,8571.50840681811,0.0,0.0,179.51930922668183,6.009986832050163e-14,6.009986832050163e-14
0.17315,8571.642010061369,0.0,0.0,179.52168841223505,6.010065186828338e-14,6.010065186828338e-14
0.17320000000000002,8571.782723870036,0.0,0.0,179.5241259177744,6.010150675816667e-14,6.010150675816667e-14
0.17325000000000002,8571.922997521555,0.0,0.0,179.52669220427,6.010233395569718e-14,6.010233395569718e-14
0.1733,8572.069062084904,0.0,0.0,179.52928911844919,6.01032573188823e-14,6.01032573188823e-14
0.17335,8572.215370903483,0.0,0.0,179.53202459231707,6.010412781426161e-14,6.010412781426161e-14
0.1734,8572.365831113182,0.0,0.0,179.53476995175396,6.010510933958768e-14,6.010510933958768e-14
0.17345000000000002,8572.517428077896,0.0,0.0,179.53765490034053,6.010602372992615e-14,6.010602372992615e-14
0.17350000000000002,8572.67138641499,0.0,0.0,179.5405374501787,6.010705208683512e-14,6.010705208683512e-14
0.17355,8572.827405889275,0.0,0.0,179.5435510618239,6.010801094257208e-14,6.010801094257208e-14
0.1736,8572.98403586854,0.0,0.0,179.54655870999832,6.010907461823042e-14,6.010907461823042e-14
0.17365,8573.143502192328,0.0,0.0,179.54967980178887,6.011007787618345e-14,6.011007787618345e-14
0.17370000000000002,8573.302036686715,0.0,0.0,179.55279910603954,6.011116595139418e-14,6.011116595139418e-14
0.17375000000000002,8573.46389017473,0.0,0.0,179.55600677620714,6.011221204040167e-14,6.011221204040167e-14
0.1738,8573.623607410833,0.0,0.0,179.5592225543363,6.011331500620552e-14,6.011331500620552e-14
0.17385,8573.786730109841,0.0,0.0,179.56249669161315,6.011440045255574e-14,6.011440045255574e-14
0.1739,8573.946930559941,0.0,0.0,179.56579180946176,6.011551047209e-14,6.011551047209e-14
0.17395000000000002,8574.11018580694,0.0,0.0,179.5691134018753,6.011662964776444e-14,6.011662964776444e-14
0.17400000000000002,8574.270164045742,0.0,0.0,179.57246878765488,6.011774090674043e-14,6.011774090674043e-14
0.17405,8574.43243049169,0.0,0.0,179.57582000777555,6.01188860181401e-14,6.01188860181401e-14
0.1741,8574.591453068095,0.0,0.0,179.57921488488196,6.01199944388699e-14,6.01199944388699e-14
0.17415,8574.7516579964,0.0,0.0,179.58257896955152,6.012115601503432e-14,6.012115601503432e-14
0.17420000000000002,8574.908943458184,0.0,0.0,179.58599128733775,6.012225893983775e-14,6.012225893983775e-14
0.17425000000000002,8575.066085681958,0.0,0.0,179.58935224363674,6.012342621917486e-14,6.012342621917486e-14
0.1743,8575.220798569599,0.0,0.0,179.59275924703522,6.012452185099134e-14,6.012452185099134e-14
0.17435,8575.3739625458,0.0,0.0,179.5961014614678,6.012568363986233e-14,6.012568363986233e-14
0.1744,8575.525211908633,0.0,0.0,179.59948032302765,6.012677029471603e-14,6.012677029471603e-14
0.17445000000000002,8575.673572006195,0.0,0.0,179.6027881415964,6.012791558981271e-14,6.012791558981271e-14
0.17450000000000002,8575.82042694313,0.0,0.0,179.60611658296972,6.01289911924911e-14,6.01289911924911e-14
0.17455,8575.963236699867,0.0,0.0,179.60937394615146,6.013010988317223e-14,6.013010988317223e-14
0.1746,8576.104746416957,0.0,0.0,179.61263076476172,6.013117130676968e-14,6.013117130676968e-14
0.17465,8576.241327908883,0.0,0.0,179.6158209624105,6.013225470087271e-14,6.013225470087271e-14
0.17470000000000002,8576.376546960988,0.0,0.0,179.61898641521594,6.0133297567193e-14,6.0133297567193e-14
0.17475000000000002,8576.506268760104,0.0,0.0,179.62209200273395,6.013433859767884e-14,6.013433859767884e-14
0.1748,8576.634288828598,0.0,0.0,179.62514800664158,6.013535710421232e-14,6.013535710421232e-14
0.17485,8576.756547660283,0.0,0.0,179.628150906155,6.013635047975877e-14,6.013635047975877e-14
0.1749,8576.876520824155,0.0,0.0,179.63108105492344,6.013733758105999e-14,6.013733758105999e-14
0.17495000000000002,8576.990726855316,0.0,0.0,179.6339628218781,6.013827947505783e-14,6.013827947505783e-14
0.17500000000000002,8577.101888633964,0.0,0.0,179.6367522431107,6.013922726210044e-14,6.013922726210044e-14
0.17505,8577.20745436511,0.0,0.0,179.63949446814507,6.014011504606056e-14,6.014011504606056e-14
0.1751,8577.309136129325,0.0,0.0,179.6421295645149,6.014101516796848e-14,6.014101516796848e-14
0.17515,8577.4054765421,0.0,0.0,179.6447143480739,6.014184686993905e-14,6.014184686993905e-14
0.1752,8577.497109981403,0.0,0.0,179.64718249013654,6.014269118720486e-14,6.014269118720486e-14
0.17525000000000002,8577.583648249376,0.0,0.0,179.64959292688448,6.014346500820382e-14,6.014346500820382e-14
0.1753,8577.664761363378,0.0,0.0,179.65188215684427,6.014424602070315e-14,6.014424602070315e-14
0.17535,8577.740943826684,0.0,0.0,179.65410276549505,6.014495994010834e-14,6.014495994010834e-14
0.1754,8577.811149972982,0.0,0.0,179.6562015773279,6.014567127977517e-14,6.014567127977517e-14
0.17545,8577.876463531156,0.0,0.0,179.65821862002915,6.014632269747152e-14,6.014632269747152e-14
0.17550000000000002,8577.93544772894,0.0,0.0,179.66011585471838,6.014695935109077e-14,6.014695935109077e-14
0.17555,8577.989440689675,0.0,0.0,179.6619175175113,6.014754504591708e-14,6.014754504591708e-14
0.1756,8578.036943280656,0.0,0.0,179.6636023955585,6.014810342117702e-14,6.014810342117702e-14
0.17565,8578.07924353608,0.0,0.0,179.66517881587785,6.014861956280664e-14,6.014861956280664e-14
0.1757,8578.115048876542,0.0,0.0,179.6666411031742,6.014909739817125e-14,6.014909739817125e-14
0.17575000000000002,8578.145376992987,0.0,0.0,179.66798426420948,6.014953982940412e-14,6.014953982940412e-14
0.1758,8578.169305253807,0.0,0.0,179.66921454074048,6.014993588536186e-14,6.014993588536186e-14
0.17585,8578.187482295216,0.0,0.0,179.6703180671343,6.0150300457668e-14,6.0150300457668e-14
0.1759,8578.199388640942,0.0,0.0,179.67130805582923,6.015061420231651e-14,6.015061420231651e-14
0.17595,8578.205335056417,0.0,0.0,179.6721669625176,6.015089717615631e-14,6.015089717615631e-14
0.17600000000000002,8578.20511552108,0.0,0.0,179.6729098600879,6.015112837577893e-14,6.015112837577893e-14
0.17605,8578.19884397632,0.0,0.0,179.67352031085932,6.01513268091501e-14,6.01513268091501e-14
0.1761,8578.186446499409,0.0,0.0,179.67401106793506,6.015147523267462e-14,6.015147523267462e-14
0.17615,8578.168049055705,0.0,0.0,179.67437019345363,6.01515872414118e-14,6.01515872414118e-14
0.1762,8578.14348795725,0.0,0.0,179.67460569771222,6.01516524497077e-14,6.01516524497077e-14
0.17625000000000002,8578.113120713722,0.0,0.0,179.67471151162175,6.015167736274415e-14,6.015167736274415e-14
0.1763,8578.07649164239,0.0,0.0,179.67469064671067,6.015165866121961e-14,6.015165866121961e-14
0.17635,8578.034359577909,0.0,0.0,179.6745420756139,6.015159698645112e-14,6.015159698645112e-14
0.1764,8577.985851394313,0.0,0.0,179.6742656501625,6.015149353699856e-14,6.015149353699856e-14
0.17645,8577.932196920254,0.0,0.0,179.6738626721467,6.015134678485855e-14,6.015134678485855e-14
0.17650000000000002,8577.872098796986,0.0,0.0,179.67333323582832,6.015115785875474e-14,6.015115785875474e-14
0.17655,8577.807194953186,0.0,0.0,179.67267709940435,6.015092824068132e-14,6.015092824068132e-14
0.1766,8577.735895941181,0.0,0.0,179.671898682335,6.015065354151401e-14,6.015065354151401e-14
0.17665,8577.660048098374,0.0,0.0,179.67099216182152,6.01503436196324e-14,6.01503436196324e-14
0.1767,8577.578028665484,0.0,0.0,179.66996998745665,6.014998365031311e-14,6.014998365031311e-14
0.17675000000000002,8577.491580838501,0.0,0.0,179.66881762095338,6.014959596700066e-14,6.014959596700066e-14
0.1768,8577.399399372975,0.0,0.0,179.66755784577947,6.014915232112682e-14,6.014915232112682e-14
0.17685,8577.302747420372,0.0,0.0,179.66616610504127,6.014868915672251e-14,6.014868915672251e-14
0.1769,8577.20101861143,0.0,0.0,179.66467563372805,6.014816470067614e-14,6.014816470067614e-14
0.17695,8577.094626514581,0.0,0.0,179.6630529821088,6.014762789895821e-14,6.014762789895821e-14
0.17700000000000002,8576.984001340072,0.0,0.0,179.66133939329174,6.014702681791292e-14,6.014702681791292e-14
0.17705,8576.868414645429,0.0,0.0,179.65949620989406,6.014641784900238e-14,6.014641784900238e-14
0.1771,8576.749559495378,0.0,0.0,179.65756780445614,6.014574545460314e-14,6.014574545460314e-14
0.17715,8576.62541887029,0.0,0.0,179.65551617168595,6.014506559447797e-14,6.014506559447797e-14
0.1772,8576.498999450292,0.0,0.0,179.65338213659777,6.014432807150722e-14,6.014432807150722e-14
0.17725000000000002,8576.367043840102,0.0,0.0,179.65113551375737,6.014357873430286e-14,6.014357873430286e-14
0.1773,8576.23371797135,0.0,0.0,179.64880616536482,6.014278264853194e-14,6.014278264853194e-14
0.17735,8576.094781784972,0.0,0.0,179.64637899218363,6.01419658497856e-14,6.01419658497856e-14
0.1774,8575.95519827918,0.0,0.0,179.6438660523444,6.01411177187737e-14,6.01411177187737e-14
0.17745,8575.810197712797,0.0,0.0,179.64127333562908,6.014023643514226e-14,6.014023643514226e-14
0.17750000000000002,8575.665006637124,0.0,0.0,179.63859017881384,6.013934225807886e-14,6.013934225807886e-14
0.17755,8575.514918613952,0.0,0.0,179.6358471278714,6.013840087059681e-14,6.013840087059681e-14
0.1776,8575.364785096246,0.0,0.0,179.63300894068723,6.013746575889107e-14,6.013746575889107e-14
0.17765,8575.210620015941,0.0,0.0,179.63013070144606,6.013647018292331e-14,6.013647018292331e-14
0.1777,8575.05624667978,0.0,0.0,179.62715450909286,6.013549824904902e-14,6.013549824904902e-14
0.17775000000000002,8574.899016445437,0.0,0.0,179.62415604158676,6.013445599834273e-14,6.013445599834273e-14
0.1778,8574.741161780932,0.0,0.0,179.62106056799445,6.013345029525975e-14,6.013345029525975e-14
0.17785,8574.581854214957,0.0,0.0,179.61795668226694,6.013237026378825e-14,6.013237026378825e-14
0.1779,8574.421349687904,0.0,0.0,179.6147620473041,6.013133313378038e-14,6.013133313378038e-14
0.17795,8574.260900883823,0.0,0.0,179.61156758802738,6.013022514610587e-14,6.013022514610587e-14
0.17800000000000002,8574.098662702914,0.0,0.0,179.60829485920746,6.012915856165992e-14,6.012915856165992e-14
0.17805,8573.93794476384,0.0,0.0,179.60502500759998,6.012803288494779e-14,6.012803288494779e-14
0.1781,8573.774969415661,0.0,0.0,179.60169565919168,6.012693905831365e-14,6.012693905831365e-14
0.17815,8573.614785693133,0.0,0.0,179.5983662893007,6.012580564180134e-14,6.012580564180134e-14
0.1782,8573.452142266415,0.0,0.0,179.59500163216939,6.012468760345164e-14,6.012468760345164e-14
0.17825000000000002,8573.293232301807,0.0,0.0,179.59162965925518,6.012355556772931e-14,6.012355556772931e-14
0.17830000000000001,8573.132037204368,0.0,0.0,179.58825031337454,6.012241763866948e-14,6.012241763866948e-14
0.17835,8572.975096598351,0.0,0.0,179.58485395513068,6.012129464351926e-14,6.012129464351926e-14
0.1784,8572.816483107896,0.0,0.0,179.5814794389914,6.012014291089468e-14,6.012014291089468e-14
0.17845,8572.662184764766,0.0,0.0,179.57807833248677,6.011903488057554e-14,6.011903488057554e-14
0.17850000000000002,8572.507266615688,0.0,0.0,179.5747268167075,6.011787719599538e-14,6.011787719599538e-14
0.17855000000000001,8572.356290464213,0.0,0.0,179.57134194618058,6.01167882444641e-14,6.01167882444641e-14
0.1786,8572.206124004964,0.0,0.0,179.56803021125975,6.011563424007606e-14,6.011563424007606e-14
0.17865,8572.059180173712,0.0,0.0,179.56468362944503,6.011456677509412e-14,6.011456677509412e-14
0.1787,8571.914732773394,0.0,0.0,179.5614272206321,6.011342736510548e-14,6.011342736510548e-14
0.17875000000000002,8571.772583694055,0.0,0.0,179.55814158584272,6.011238266025316e-14,6.011238266025316e-14
0.17880000000000001,8571.634706143202,0.0,0.0,179.55495514112184,6.011126946324039e-14,6.011126946324039e-14
0.17885,8571.498174429142,0.0,0.0,179.55175310625123,6.011024813212238e-14,6.011024813212238e-14
0.1789,8571.36759274984,0.0,0.0,179.54865079948496,6.0109172739399e-14,6.0109172739399e-14
0.17895,8571.23755730056,0.0,0.0,179.54555433238596,6.010817560793681e-14,6.010817560793681e-14
0.17900000000000002,8571.11486865888,0.0,0.0,179.54255035120133,6.010714867491869e-14,6.010714867491869e-14
0.17905000000000001,8570.992252387336,0.0,0.0,179.5395800613885,6.010617740932091e-14,6.010617740932091e-14
0.1791,8570.877941445035,0.0,0.0,179.53668904300986,6.010520805929652e-14,6.010520805929652e-14
0.17915,8570.763677676814,0.0,0.0,179.53386360437833,6.010426580031402e-14,6.010426580031402e-14
0.1792,8570.658142051483,0.0,0.0,179.53110093875964,6.010336089685866e-14,6.010336089685866e-14
0.17925000000000002,8570.553142900655,0.0,0.0,179.52843668269568,6.010245268578767e-14,6.010245268578767e-14
0.17930000000000001,8570.45672129651,0.0,0.0,179.52581862963706,6.010161667363149e-14,6.010161667363149e-14
0.17935,8570.361834289459,0.0,0.0,179.5233293555336,6.010074943384408e-14,6.010074943384408e-14
0.1794,8570.274845051845,0.0,0.0,179.52087293125976,6.009998424171272e-14,6.009998424171272e-14
0.17945,8570.190813375862,0.0,0.0,179.5185699644241,6.009916672385631e-14,6.009916672385631e-14
0.17950000000000002,8570.113581456122,0.0,0.0,179.51629259872243,6.009847209955471e-14,6.009847209955471e-14
0.17955000000000002,8570.04101219345,0.0,0.0,179.5141850717436,6.009771418467515e-14,6.009771418467515e-14
0.1796,8569.973894541996,0.0,0.0,179.5121040679133,6.009708834959937e-14,6.009708834959937e-14
0.17965,8569.913234057422,0.0,0.0,179.51019938993386,6.009640045151136e-14,6.009640045151136e-14
0.1797,8569.856628484322,0.0,0.0,179.5083312437912,6.009584073535758e-14,6.009584073535758e-14
0.17975000000000002,8569.808156289355,0.0,0.0,179.5066356760791,6.009523283863334e-14,6.009523283863334e-14
0.17980000000000002,8569.762499945911,0.0,0.0,179.50499534845264,6.009473672309768e-14,6.009473672309768e-14
0.17985,8569.726331240223,0.0,0.0,179.5035145996635,6.00942174796579e-14,6.00942174796579e-14
0.1799,8569.69208324,0.0,0.0,179.50211482463442,6.009378323713924e-14,6.009378323713924e-14
0.17995,8569.66819365782,0.0,0.0,179.5008545745534,6.009335927906388e-14,6.009335927906388e-14
0.18000000000000002,8569.645803835137,0.0,0.0,179.4997053051051,6.009298675590086e-14,6.009298675590086e-14
0.18005000000000002,8569.634056569368,0.0,0.0,179.49867156553552,6.009266198079188e-14,6.009266198079188e-14
0.1801,8569.623933198134,0.0,0.0,179.49777962323495,6.009235293050294e-14,6.009235293050294e-14
0.18015,8569.624118058799,0.0,0.0,179.49697888649422,6.009212842191976e-14,6.009212842191976e-14
0.1802,8569.626581598173,0.0,0.0,179.49634786285895,6.009188654744404e-14,6.009188654744404e-14
0.18025000000000002,8569.638456033548,0.0,0.0,179.4957869970943,6.009176048832261e-14,6.009176048832261e-14
0.18030000000000002,8569.653706004572,0.0,0.0,179.49541742179414,6.009159127237362e-14,6.009159127237362e-14
0.18035,8569.677024620667,0.0,0.0,179.49510333068517,6.009155947759346e-14,6.009155947759346e-14
0.1804,8569.705108098768,0.0,0.0,179.49499307274755,6.009146944974913e-14,6.009146944974913e-14
0.18045,8569.739653071085,0.0,0.0,179.4949321569689,6.009152599955763e-14,6.009152599955763e-14
0.18050000000000002,8569.780445271259,0.0,0.0,179.49507701156855,6.00915221238642e-14,6.00915221238642e-14
0.18055000000000002,8569.826034948504,0.0,0.0,179.49527450565998,6.009166018741183e-14,6.009166018741183e-14
0.1806,8569.879238692092,0.0,0.0,179.49566887161484,6.009174878226987e-14,6.009174878226987e-14
0.18065,8569.93572767341,0.0,0.0,179.49612815258703,6.009196165703463e-14,6.009196165703463e-14
0.1807,8570.000881873768,0.0,0.0,179.49676571387226,6.009214761373453e-14,6.009214761373453e-14
0.18075000000000002,8570.06814457794,0.0,0.0,179.49748766997462,6.009242939474261e-14,6.009242939474261e-14
0.18080000000000002,8570.144652298017,0.0,0.0,179.49836198077287,6.009271539997116e-14,6.009271539997116e-14
0.18085,8570.222556129285,0.0,0.0,179.4993445411567,6.009306182352286e-14,6.009306182352286e-14
0.1809,8570.30971641945,0.0,0.0,179.50044943395937,6.009344778630646e-14,6.009344778630646e-14
0.18095,8570.398088845295,0.0,0.0,179.50168731519747,6.009385645177054e-14,6.009385645177054e-14
0.18100000000000002,8570.495140608466,0.0,0.0,179.50301708414835,6.009433945274048e-14,6.009433945274048e-14
0.18105000000000002,8570.59373036822,0.0,0.0,179.50450179917115,6.009480994732977e-14,6.009480994732977e-14
0.1811,8570.69989020135,0.0,0.0,179.50605112886103,6.009538421615165e-14,6.009538421615165e-14
0.18115,8570.808339712607,0.0,0.0,179.5077712552225,6.009591782636531e-14,6.009591782636531e-14
0.1812,8570.922836726748,0.0,0.0,179.50953492401422,6.009657537831069e-14,6.009657537831069e-14
0.18125000000000002,8571.040653119862,0.0,0.0,179.51147659430274,6.00971744365033e-14,6.00971744365033e-14
0.18130000000000002,8571.16275720228,0.0,0.0,179.51344899271916,6.009790566220661e-14,6.009790566220661e-14
0.18135,8571.289303610363,0.0,0.0,179.51559654843413,6.009857290800142e-14,6.009857290800142e-14
0.1814,8571.418332976815,0.0,0.0,179.51777109685767,6.009936750630056e-14,6.009936750630056e-14
0.18145,8571.552830323904,0.0,0.0,179.52010780937673,6.010010506689242e-14,6.010010506689242e-14
0.18150000000000002,8571.68815519333,0.0,0.0,179.52247636453455,6.010095294823037e-14,6.010095294823037e-14
0.18155000000000002,8571.82969545908,0.0,0.0,179.52498513955803,6.010176168331697e-14,6.010176168331697e-14
0.1816,8571.97072168785,0.0,0.0,179.52753747959787,6.010265368486879e-14,6.010265368486879e-14
0.18165,8572.118298799214,0.0,0.0,179.53020144703436,6.010353241163926e-14,6.010353241163926e-14
0.1817,8572.264445480547,0.0,0.0,179.53292492210522,6.01044610341051e-14,6.01044610341051e-14
0.18175,8572.416987635735,0.0,0.0,179.53572784713757,6.010540617292229e-14,6.010540617292229e-14
0.18180000000000002,8572.567659007567,0.0,0.0,179.53860724166535,6.010636573398967e-14,6.010636573398967e-14
0.18185,8572.72407005318,0.0,0.0,179.54153371344123,6.010737123510155e-14,6.010737123510155e-14
0.1819,8572.87862527122,0.0,0.0,179.54455135474856,6.010835802306667e-14,6.010835802306667e-14
0.18195,8573.037819890927,0.0,0.0,179.5475867409726,6.010941547584077e-14,6.010941547584077e-14
0.182,8573.195549874681,0.0,0.0,179.5507228353069,6.011042736167537e-14,6.011042736167537e-14
0.18205000000000002,8573.356486554625,0.0,0.0,179.55385303615927,6.011152662333413e-14,6.011152662333413e-14
0.1821,8573.516594760309,0.0,0.0,179.55708619461012,6.011256254674524e-14,6.011256254674524e-14
0.18215,8573.678296484099,0.0,0.0,179.56029724155022,6.011369228451638e-14,6.011369228451638e-14
0.1822,8573.839896895308,0.0,0.0,179.56360512801643,6.011475161034746e-14,6.011475161034746e-14
0.18225,8574.001459994202,0.0,0.0,179.56688271285003,6.01159002124445e-14,6.01159002124445e-14
0.18230000000000002,8574.163580457796,0.0,0.0,179.5702427270722,6.011698189672152e-14,6.011698189672152e-14
0.18235,8574.324175674179,0.0,0.0,179.57357173865776,6.011813818765098e-14,6.011813818765098e-14
0.1824,8574.485777147906,0.0,0.0,179.57696165709456,6.011924023600296e-14,6.011924023600296e-14
0.18245,8574.644633703849,0.0,0.0,179.58032580904046,6.012039415455762e-14,6.012039415455762e-14
0.1825,8574.8046375715,0.0,0.0,179.58372430010425,6.012151299478904e-14,6.012151299478904e-14
0.18255000000000002,8574.9610270531,0.0,0.0,179.58710591462864,6.012265610865797e-14,6.012265610865797e-14
0.1826,8575.118344363109,0.0,0.0,179.59049288219109,6.01237864238634e-14,6.01237864238634e-14
0.18265,8575.271556803367,0.0,0.0,179.59387286459454,6.012491205038715e-14,6.012491205038715e-14
0.1827,8575.42512383331,0.0,0.0,179.59722958837395,6.012604672166533e-14,6.012604672166533e-14
0.18275,8575.574446065728,0.0,0.0,179.60058760789903,6.012714998832433e-14,6.012714998832433e-14
0.18280000000000002,8575.7232515304,0.0,0.0,179.6038966879011,6.012828035066556e-14,6.012828035066556e-14
0.18285,8575.867951766515,0.0,0.0,179.6072115359413,6.012935778549376e-14,6.012935778549376e-14
0.1829,8576.011060970945,0.0,0.0,179.61045667619612,6.013047414811863e-14,6.013047414811863e-14
0.18295,8576.15037873125,0.0,0.0,179.6137067611824,6.013152328677398e-14,6.013152328677398e-14
0.183,8576.28694649279,0.0,0.0,179.61687244493646,6.013261544396774e-14,6.013261544396774e-14
0.18305000000000002,8576.420094608573,0.0,0.0,179.62003635402206,6.013363422580725e-14,6.013363422580725e-14
0.1831,8576.549369584469,0.0,0.0,179.62310748631222,6.013469220546532e-14,6.013469220546532e-14
0.18315,8576.675542437346,0.0,0.0,179.62616454253865,6.013567839271325e-14,6.013567839271325e-14
0.1832,8576.796862050678,0.0,0.0,179.62912612463924,6.01366929627517e-14,6.01366929627517e-14
0.18325,8576.915254921407,0.0,0.0,179.63205687278582,6.013764372535034e-14,6.013764372535034e-14
0.18330000000000002,8577.028032113112,0.0,0.0,179.63489377572876,6.01386069131797e-14,6.01386069131797e-14
0.18335,8577.13786256243,0.0,0.0,179.63768033808384,6.013951844539461e-14,6.013951844539461e-14
0.1834,8577.241571385199,0.0,0.0,179.64037721505275,6.014042379412819e-14,6.014042379412819e-14
0.18345,8577.342103919424,0.0,0.0,179.64300349035346,6.014129129233665e-14,6.014129129233665e-14
0.1835,8577.43626102422,0.0,0.0,179.64554484629662,6.014213390054199e-14,6.014213390054199e-14
0.18355000000000002,8577.526830370574,0.0,0.0,179.64799654049253,6.014295160934862e-14,6.014295160934862e-14
0.1836,8577.610982621503,0.0,0.0,179.6503669525185,6.014372802962302e-14,6.014372802962302e-14
0.18365,8577.69100989096,0.0,0.0,179.6526314650542,6.014448957406191e-14,6.014448957406191e-14
0.1837,8577.764725852043,0.0,0.0,179.65481591729352,6.014519744373702e-14,6.014519744373702e-14
0.18375,8577.83373041938,0.0,0.0,179.656882122513,6.014589623774712e-14,6.014589623774712e-14
0.18380000000000002,8577.89659886552,0.0,0.0,179.65886640908855,6.014653393108176e-14,6.014653393108176e-14
0.18385,8577.954200077244,0.0,0.0,179.66072438813183,6.014716363190032e-14,6.014716363190032e-14
0.1839,8578.005836773113,0.0,0.0,179.66249552105316,6.014772978789755e-14,6.014772978789755e-14
0.18395,8578.051749413517,0.0,0.0,179.66413630558412,6.014828477775496e-14,6.014828477775496e-14
0.184,8578.091808659012,0.0,0.0,179.66568287192132,6.014877795931278e-14,6.014877795931278e-14
0.18405000000000002,8578.125832212132,0.0,0.0,179.66709825069742,6.014925365059554e-14,6.014925365059554e-14
0.1841,8578.154023242501,0.0,0.0,179.66841067013726,6.014967209776493e-14,6.014967209776493e-14
0.18415,8578.176027983072,0.0,0.0,179.6695931002477,6.015006517436708e-14,6.015006517436708e-14
0.1842,8578.192131512185,0.0,0.0,179.67066375334775,6.01504067054413e-14,6.01504067054413e-14
0.18425,8578.202044596665,0.0,0.0,179.67160639154716,6.015071512777572e-14,6.015071512777572e-14
0.18430000000000002,8578.205927762167,0.0,0.0,179.67242961292644,6.015097724759471e-14,6.015097724759471e-14
0.18435,8578.203721853359,0.0,0.0,179.67312646323163,6.015120013063131e-14,6.015120013063131e-14
0.1844,8578.195348041338,0.0,0.0,179.67369841390777,6.015138023710112e-14,6.015138023710112e-14
0.18445,8578.181035141884,0.0,0.0,179.6741445636936,6.015151758823982e-14,6.015151758823982e-14
0.1845,8578.16046747526,0.0,0.0,179.67446301973283,6.015161331490168e-14,6.015161331490168e-14
0.18455000000000002,8578.134099017365,0.0,0.0,179.67465492053296,6.015166569246465e-14,6.015166569246465e-14
0.18460000000000001,8578.101496357653,0.0,0.0,179.6747190253214,6.015167525650809e-14,6.015167525650809e-14
0.18465,8578.063169488467,0.0,0.0,179.6746547668455,6.015164343618769e-14,6.015164343618769e-14
0.1847,8578.018776484203,0.0,0.0,179.6744648002357,6.015156596042216e-14,6.015156596042216e-14
0.18475,8577.968645246192,0.0,0.0,179.67414432600026,6.015145065784173e-14,6.015145065784173e-14
0.18480000000000002,8577.912776850973,0.0,0.0,179.6737015374242,6.01512863864676e-14,6.01512863864676e-14
0.18485000000000001,8577.851066633837,0.0,0.0,179.67312676108574,6.015108809844518e-14,6.015108809844518e-14
0.1849,8577.784091286932,0.0,0.0,179.67243330047975,6.015083847878415e-14,6.015083847878415e-14
0.18495,8577.711112004257,0.0,0.0,179.67160809895248,6.015055748251775e-14,6.015055748251775e-14
0.185,8577.633435491085,0.0,0.0,179.6706670588509,6.015022506749786e-14,6.015022506749786e-14
0.18505000000000002,8577.549592796964,0.0,0.0,179.6695971397318,6.014986157045797e-14,6.014986157045797e-14
0.18510000000000001,8577.46164575792,0.0,0.0,179.66841270075687,6.014944980529914e-14,6.014944980529914e-14
0.18515,8577.367445140499,0.0,0.0,179.667105363396,6.014900421335827e-14,6.014900421335827e-14
0.1852,8577.26967739896,0.0,0.0,179.6656830124396,6.014851707521772e-14,6.014851707521772e-14
0.18525,8577.165721892821,0.0,0.0,179.66414684198628,6.01479903686375e-14,6.01479903686375e-14
0.18530000000000002,8577.058602872052,0.0,0.0,179.66249361843515,6.014743198984416e-14,6.014743198984416e-14
0.18535000000000001,8576.945581806413,0.0,0.0,179.6607381620342,6.014682605081542e-14,6.014682605081542e-14
0.1854,8576.82960987579,0.0,0.0,179.65886287797596,6.014620035406025e-14,6.014620035406025e-14
0.18545,8576.708280963943,0.0,0.0,179.65689835969948,6.014551829936469e-14,6.014551829936469e-14
0.1855,8576.583995834166,0.0,0.0,179.65481174123883,6.014482870092505e-14,6.014482870092505e-14
0.18555000000000002,8576.45516312858,0.0,0.0,179.6526488620615,6.014407501720592e-14,6.014407501720592e-14
0.18560000000000001,8576.323163853946,0.0,0.0,179.65036357214154,6.01433243371319e-14,6.01433243371319e-14
0.18565,8576.187651355274,0.0,0.0,179.64801343044775,6.014250489131918e-14,6.014250489131918e-14
0.1857,8576.048612253659,0.0,0.0,179.64554394735788,6.014169535334588e-14,6.014169535334588e-14
0.18575,8575.907243047643,0.0,0.0,179.64301809241888,6.014081720680886e-14,6.014081720680886e-14
0.18580000000000002,8575.761925236891,0.0,0.0,179.6403804475255,6.013995072059207e-14,6.013995072059207e-14
0.18585000000000002,8575.615501819557,0.0,0.0,179.63769105341856,6.01390217349407e-14,6.01390217349407e-14
0.1859,8575.464760470277,0.0,0.0,179.63490244934002,6.013810023251361e-14,6.013810023251361e-14
0.18595,8575.314055300036,0.0,0.0,179.63206257764608,6.013712864025247e-14,6.013712864025247e-14
0.186,8575.15883364789,0.0,0.0,179.62914093397575,6.013615456195255e-14,6.013615456195255e-14
0.18605000000000002,8575.004588840215,0.0,0.0,179.62616482881657,6.013514835940178e-14,6.013514835940178e-14
0.18610000000000002,8574.845906323424,0.0,0.0,179.62312831443046,6.01341251440165e-14,6.01341251440165e-14
0.18615,8574.688840955132,0.0,0.0,179.6200316718185,6.013309165311638e-14,6.013309165311638e-14
0.1862,8574.527769360786,0.0,0.0,179.6168982861407,6.013202408861995e-14,6.013202408861995e-14
0.18625,8574.36859746759,0.0,0.0,179.6136984317832,6.013096951313019e-14,6.013096951313019e-14
0.18630000000000002,8574.20623199658,0.0,0.0,179.61048569748306,6.012986406008457e-14,6.012986406008457e-14
0.18635000000000002,8574.045682254991,0.0,0.0,179.6072016241178,6.01287932844791e-14,6.01287932844791e-14
0.1864,8573.883108676657,0.0,0.0,179.60392642932857,6.012765802390473e-14,6.012765802390473e-14
0.18645,8573.72194896499,0.0,0.0,179.60057866244225,6.012657465208412e-14,6.012657465208412e-14
0.1865,8573.560211004748,0.0,0.0,179.59725727819756,6.012541916254695e-14,6.012541916254695e-14
0.18655000000000002,8573.3992658006,0.0,0.0,179.59386756186854,6.012432568985984e-14,6.012432568985984e-14
0.18660000000000002,8573.239340255031,0.0,0.0,179.5905158233094,6.012316057934012e-14,6.012316057934012e-14
0.18665,8573.07950444918,0.0,0.0,179.587106653964,6.012205892870986e-14,6.012205892870986e-14
0.1867,8572.922280112709,0.0,0.0,179.58374027282173,6.012089523975755e-14,6.012089523975755e-14
0.18675,8572.764521479217,0.0,0.0,179.58033432273257,6.011978725061908e-14,6.011978725061908e-14
0.18680000000000002,8572.610795428078,0.0,0.0,179.57696927478747,6.011863580771241e-14,6.011863580771241e-14
0.18685000000000002,8572.45614313575,0.0,0.0,179.57358877845454,6.01175239523841e-14,6.01175239523841e-14
0.1869,8572.306623671628,0.0,0.0,179.57024168994153,6.011639458593487e-14,6.011639458593487e-14
0.18695,8572.15615064975,0.0,0.0,179.56690786552508,6.011528251375587e-14,6.011528251375587e-14
0.187,8572.011473569337,0.0,0.0,179.56359632873475,6.011418356872036e-14,6.011418356872036e-14
0.18705000000000002,8571.866262495098,0.0,0.0,179.56032891011728,6.011307654402969e-14,6.011307654402969e-14
0.18710000000000002,8571.727017211597,0.0,0.0,179.55707165357796,6.011201436639124e-14,6.011201436639124e-14
0.18715,8571.588125855507,0.0,0.0,179.55388859517166,6.011091953722159e-14,6.011091953722159e-14
0.1872,8571.454881713795,0.0,0.0,179.5507054660597,6.010989840752264e-14,6.010989840752264e-14
0.18725,8571.323303508208,0.0,0.0,179.54762285251616,6.010882464536675e-14,6.010882464536675e-14
0.18730000000000002,8571.196640910941,0.0,0.0,179.54453458578794,6.010784687012724e-14,6.010784687012724e-14
0.18735000000000002,8571.07326937218,0.0,0.0,179.54156676062604,6.010680454793641e-14,6.010680454793641e-14
0.1874,8570.953800742158,0.0,0.0,179.53859454634977,6.010587084339485e-14,6.010587084339485e-14
0.18745,8570.839402909996,0.0,0.0,179.5357544269879,6.010487112849002e-14,6.010487112849002e-14
0.1875,8570.727788698407,0.0,0.0,179.53291931995483,6.010398131785073e-14,6.010398131785073e-14
0.18755000000000002,8570.622987414952,0.0,0.0,179.53021885208193,6.01030354864939e-14,6.01030354864939e-14
0.18760000000000002,8570.519935997809,0.0,0.0,179.52754108492786,6.010218913510678e-14,6.010218913510678e-14
0.18765,8570.4252102308,0.0,0.0,179.52499175673066,6.010130771165118e-14,6.010130771165118e-14
0.1877,8570.33146682517,0.0,0.0,179.52249004820519,6.010050502656021e-14,6.010050502656021e-14
0.18775,8570.247159438875,0.0,0.0,179.52010337821838,6.009969695273546e-14,6.009969695273546e-14
0.18780000000000002,8570.16348306041,0.0,0.0,179.51779431621827,6.009893934806918e-14,6.009893934806918e-14
0.18785000000000002,8570.089827268854,0.0,0.0,179.51558223429274,6.009821143316102e-14,6.009821143316102e-14
0.1879,8570.016953583396,0.0,0.0,179.51347981926511,6.009750207390378e-14,6.009750207390378e-14
0.18795,8569.954103073196,0.0,0.0,179.51145486395933,6.009685848210721e-14,6.009685848210721e-14
0.188,8569.89270911363,0.0,0.0,179.50957026834988,6.009620246547857e-14,6.009620246547857e-14
0.18805000000000002,8569.840772508438,0.0,0.0,179.50774556498962,6.009564475892715e-14,6.009564475892715e-14
0.18810000000000002,8569.791433349596,0.0,0.0,179.50608713700515,6.009504894622134e-14,6.009504894622134e-14
0.18815,8569.750510704374,0.0,0.0,179.5044761369135,6.009457621030684e-14,6.009457621030684e-14
0.1882,8569.71366657091,0.0,0.0,179.50304964815925,6.009404889403064e-14,6.009404889403064e-14
0.18825,8569.683872806461,0.0,0.0,179.5016656584045,6.009365832926067e-14,6.009365832926067e-14
0.1883,8569.659804149931,0.0,0.0,179.50047474879972,6.009320841393443e-14,6.009320841393443e-14
0.18835000000000002,8569.64128815937,0.0,0.0,179.49933030556926,6.009289607837384e-14,6.009289607837384e-14
0.1884,8569.630102459952,0.0,0.0,179.49837706620295,6.009253236613362e-14,6.009253236613362e-14
0.18845,8569.62304756622,0.0,0.0,179.49748323018105,6.009229397180876e-14,6.009229397180876e-14
0.1885,8569.624684115717,0.0,0.0,179.4967688287872,6.009202415892769e-14,6.009202415892769e-14
0.18855,8569.629298154387,0.0,0.0,179.49613450081176,6.009185603935756e-14,6.009185603935756e-14
0.18860000000000002,8569.643542786074,0.0,0.0,179.49565976157234,6.009168594736243e-14,6.009168594736243e-14
0.18865,8569.660033498392,0.0,0.0,179.49529110271826,6.009158563857148e-14,6.009158563857148e-14
0.1887,8569.686550435861,0.0,0.0,179.49505695179192,6.009151860631863e-14,6.009151860631863e-14
0.18875,8569.715091999265,0.0,0.0,179.49495699541808,6.009148546196676e-14,6.009148546196676e-14
0.1888,8569.753457460994,0.0,0.0,179.49496470241695,6.009152192013516e-14,6.009152192013516e-14
0.18885000000000002,8569.794155022453,0.0,0.0,179.4951332034871,6.00915572007811e-14,6.00915572007811e-14
0.1889,8569.843898913834,0.0,0.0,179.4953843880418,6.009169477583197e-14,6.009169477583197e-14
0.18895,8569.896748388746,0.0,0.0,179.49581793435038,6.009180152696602e-14,6.009180152696602e-14
0.189,8569.95739042486,0.0,0.0,179.49631432712343,6.0092035222091e-14,6.0092035222091e-14
0.18905,8570.022252001167,0.0,0.0,179.4970066960258,6.009221783830691e-14,6.009221783830691e-14
0.18910000000000002,8570.093328718058,0.0,0.0,179.49774969651517,6.009254075419094e-14,6.009254075419094e-14
0.18915,8570.16990404996,0.0,0.0,179.4986924037648,6.009280418475333e-14,6.009280418475333e-14
0.1892,8570.2509895651,0.0,0.0,179.49968249244696,6.009320824449087e-14,6.009320824449087e-14
0.18925,8570.338816197409,0.0,0.0,179.5008654637433,6.009355726219158e-14,6.009355726219158e-14
0.1893,8570.429522432973,0.0,0.0,179.50210155774775,6.009403412958946e-14,6.009403412958946e-14
0.18935000000000002,8570.52798290004,0.0,0.0,179.50351382294414,6.009447232490686e-14,6.009447232490686e-14
0.1894,8570.62795253664,0.0,0.0,179.50499266989442,6.009501430428263e-14,6.009501430428263e-14
0.18945,8570.73629370138,0.0,0.0,179.50662299420387,6.009554343076242e-14,6.009554343076242e-14
0.1895,8570.845177467068,0.0,0.0,179.50833868939446,6.009614407907211e-14,6.009614407907211e-14
0.18955,8570.962544993927,0.0,0.0,179.51017605288902,6.009676342699505e-14,6.009676342699505e-14
0.18960000000000002,8571.079972808313,0.0,0.0,179.51211975815107,6.009741813910329e-14,6.009741813910329e-14
0.18965,8571.20544720021,0.0,0.0,179.51415362728892,6.009812427211703e-14,6.009812427211703e-14
0.1897,8571.330996034603,0.0,0.0,179.51631352643966,6.009883030179407e-14,6.009883030179407e-14
0.18975,8571.463634546511,0.0,0.0,179.518533891006,6.009961716677036e-14,6.009961716677036e-14
0.1898,8571.596796664408,0.0,0.0,179.52089539910583,6.010037355418844e-14,6.010037355418844e-14
0.18985000000000002,8571.735667067214,0.0,0.0,179.5232925772139,6.010123274487106e-14,6.010123274487106e-14
0.1899,8571.875828449996,0.0,0.0,179.5258387727243,6.010203980973901e-14,6.010203980973901e-14
0.18995,8572.020037689961,0.0,0.0,179.5284030322665,6.010296131115065e-14,6.010296131115065e-14
0.19,8572.166461539044,0.0,0.0,179.53111525778556,6.010381996992806e-14,6.010381996992806e-14
0.19005,8572.315172515126,0.0,0.0,179.53383631416173,6.010479283671318e-14,6.010479283671318e-14
0.19010000000000002,8572.467001359755,0.0,0.0,179.53669486971467,6.010570388292168e-14,6.010570388292168e-14
0.19015,8572.619434382306,0.0,0.0,179.53956135105088,6.010671716781535e-14,6.010671716781535e-14
0.1902,8572.77570042367,0.0,0.0,179.5425461860913,6.010768040137731e-14,6.010768040137731e-14
0.19025,8572.931127939433,0.0,0.0,179.5455451498685,6.010872390734473e-14,6.010872390734473e-14
0.1903,8573.090776352437,0.0,0.0,179.54863647510285,6.010973759345988e-14,6.010973759345988e-14
0.19035000000000002,8573.248501981778,0.0,0.0,179.55175305575193,6.011080247857969e-14,6.011080247857969e-14
0.1904,8573.410424173306,0.0,0.0,179.5549317966377,6.011186280678499e-14,6.011186280678499e-14
0.19045,8573.569760256272,0.0,0.0,179.55814904478945,6.01129420257073e-14,6.01129420257073e-14
0.1905,8573.732827380754,0.0,0.0,179.56139709652237,6.011404301304464e-14,6.011404301304464e-14
0.19055,8573.893068723435,0.0,0.0,179.5646960343041,6.01151313134925e-14,6.01151313134925e-14
0.19060000000000002,8574.056169005084,0.0,0.0,179.56799629990746,6.011626490315793e-14,6.011626490315793e-14
0.19065000000000001,8574.216569548977,0.0,0.0,179.5713561961858,6.011735874136822e-14,6.011735874136822e-14
0.1907,8574.378637011168,0.0,0.0,179.57469242519548,6.011851516217968e-14,6.011851516217968e-14
0.19075,8574.538394626563,0.0,0.0,179.57809125069014,6.011961218421537e-14,6.011961218421537e-14
0.1908,8574.698432470077,0.0,0.0,179.58144772719717,6.012078061047998e-14,6.012078061047998e-14
0.19085000000000002,8574.856681005122,0.0,0.0,179.58486273596125,6.012187911377267e-14,6.012187911377267e-14
0.19090000000000001,8575.013772543452,0.0,0.0,179.58822387767506,6.012304827876818e-14,6.012304827876818e-14
0.19095,8575.169587633753,0.0,0.0,179.59163223824143,6.012414655033077e-14,6.012414655033077e-14
0.191,8575.322897410093,0.0,0.0,179.59498218967602,6.012530555512293e-14,6.012530555512293e-14
0.19105,8575.47530880387,0.0,0.0,179.5983615869028,6.012640122130844e-14,6.012640122130844e-14
0.19110000000000002,8575.624074883684,0.0,0.0,179.6016838760287,6.012754009763524e-14,6.012754009763524e-14
0.19115000000000001,8575.77209047614,0.0,0.0,179.60501301599214,6.012862970744201e-14,6.012862970744201e-14
0.1912,8575.915607136838,0.0,0.0,179.60829034009177,6.012973991695592e-14,6.012973991695592e-14
0.19125,8576.058239882906,0.0,0.0,179.61154930007123,6.013081858332577e-14,6.013081858332577e-14
0.1913,8576.1958406019,0.0,0.0,179.61476347907993,6.013189325912566e-14,6.013189325912566e-14
0.19135000000000002,8576.332136736426,0.0,0.0,179.61793387993336,6.013295468755554e-14,6.013295468755554e-14
0.19140000000000001,8576.463173907458,0.0,0.0,179.621065988587,6.013398859964716e-14,6.013398859964716e-14
0.19145,8576.592240531245,0.0,0.0,179.62413098534188,6.01350252212158e-14,6.01350252212158e-14
0.1915,8576.716071370527,0.0,0.0,179.62716165142,6.013601461176642e-14,6.013601461176642e-14
0.19155,8576.837095407547,0.0,0.0,179.63010577230708,6.013701799194024e-14,6.013701799194024e-14
0.19160000000000002,8576.953073903569,0.0,0.0,179.63301559651336,6.013796011694528e-14,6.013796011694528e-14
0.19165000000000001,8577.065335820385,0.0,0.0,179.63582447858653,6.013892147323489e-14,6.013892147323489e-14
0.1917,8577.172812011055,0.0,0.0,179.63859452269236,6.013981417839508e-14,6.013981417839508e-14
0.19175,8577.275688844977,0.0,0.0,179.64125460488253,6.014072490518057e-14,6.014072490518057e-14
0.1918,8577.374017581871,0.0,0.0,179.64386687921723,6.014156609326694e-14,6.014156609326694e-14
0.19185000000000002,8577.466978898534,0.0,0.0,179.6463651200493,6.014241833353301e-14,6.014241833353301e-14
0.19190000000000002,8577.555533855466,0.0,0.0,179.64880300989753,6.014320556326863e-14,6.014320556326863e-14
0.19195,8577.63813094475,0.0,0.0,179.65112668301367,6.014399256327878e-14,6.014399256327878e-14
0.192,8577.716324538542,0.0,0.0,179.65337526348318,6.014472278698003e-14,6.014472278698003e-14
0.19205,8577.788175975735,0.0,0.0,179.65551187431052,6.014543918234489e-14,6.014543918234489e-14
0.19210000000000002,8577.855479117068,0.0,0.0,179.65755808227885,6.014610862148415e-14,6.014610862148415e-14
0.19215000000000002,8577.91625667131,0.0,0.0,179.65949542060056,6.014675046501926e-14,6.014675046501926e-14
0.1922,8577.97221772497,0.0,0.0,179.66132807978644,6.014735474018466e-14,6.014735474018466e-14
0.19225,8578.021633781753,0.0,0.0,179.6630544024092,6.014791937924976e-14,6.014791937924976e-14
0.1923,8578.065892370489,0.0,0.0,179.66466411652098,6.014845372613971e-14,6.014845372613971e-14
0.19235000000000002,8578.10369372313,0.0,0.0,179.66616843066132,6.014893954117844e-14,6.014893954117844e-14
0.19240000000000002,8578.135987767926,0.0,0.0,179.66754738461736,6.014939919870238e-14,6.014939919870238e-14
0.19245,8578.16195476523,0.0,0.0,179.66881978499242,6.014980522675637e-14,6.014980522675637e-14
0.1925,8578.182120899719,0.0,0.0,179.6699615031938,6.015018582494422e-14,6.015018582494422e-14
0.19255,8578.196073520807,0.0,0.0,179.6709935102306,6.015051141552756e-14,6.015051141552756e-14
0.19260000000000002,8578.204040080924,0.0,0.0,179.67189262700518,6.015080935039226e-14,6.015080935039226e-14
0.19265000000000002,8578.205849187292,0.0,0.0,179.67267747156,6.015105383515406e-14,6.015105383515406e-14
0.1927,8578.201624649888,0.0,0.0,179.67332956263195,6.015126655368569e-14,6.015126655368569e-14
0.19275,8578.191226173956,0.0,0.0,179.67386237575528,6.015142906638765e-14,6.015142906638765e-14
0.1928,8578.174884878552,0.0,0.0,179.67426388489315,6.015155519618333e-14,6.015155519618333e-14
0.19285000000000002,8578.152294321882,0.0,0.0,179.67454176628107,6.015163462100375e-14,6.015163462100375e-14
0.19290000000000002,8578.123962666734,0.0,0.0,179.6746900428156,6.015167396192024e-14,6.015167396192024e-14
0.19295,8578.089287055765,0.0,0.0,179.67471200405112,6.01516690432643e-14,6.01516690432643e-14
0.193,8578.049132762164,0.0,0.0,179.6746054434307,6.015162239517497e-14,6.015162239517497e-14
0.19305,8578.002577242605,0.0,0.0,179.67437224335504,6.015153197532667e-14,6.015153197532667e-14
0.19310000000000002,8577.950804136817,0.0,0.0,179.67401050351725,6.015140086106902e-14,6.015140086106902e-14
0.19315000000000002,8577.892672186083,0.0,0.0,179.67352441141753,6.015122420007143e-14,6.015122420007143e-14
0.1932,8577.82952078508,0.0,0.0,179.6729086617844,6.015101052878021e-14,6.015101052878021e-14
0.19325,8577.760207044217,0.0,0.0,179.6721731958466,6.015074763246919e-14,6.015074763246919e-14
0.1933,8577.685962232925,0.0,0.0,179.6713063486351,6.015045337750203e-14,6.015045337750203e-14
0.19335000000000002,8577.605938794279,0.0,0.0,179.67032604087515,6.015010528806727e-14,6.015010528806727e-14
0.19340000000000002,8577.52094122602,0.0,0.0,179.6692129154201,6.014973222720136e-14,6.014973222720136e-14
0.19345,8577.430740389627,0.0,0.0,179.66799314786866,6.01493011884478e-14,6.01493011884478e-14
0.1935,8577.335401095293,0.0,0.0,179.6666405301024,6.014885079596038e-14,6.014885079596038e-14
0.19355,8577.235594979744,0.0,0.0,179.66518747362042,6.014834027701648e-14,6.014834027701648e-14
0.19360000000000002,8577.13040929005,0.0,0.0,179.66360404852443,6.014781373570656e-14,6.014781373570656e-14
0.19365000000000002,8577.021592684436,0.0,0.0,179.66192471582787,6.014722829902153e-14,6.014722829902153e-14
0.1937,8576.907149529987,0.0,0.0,179.66012087438784,6.014662670889038e-14,6.014662670889038e-14
0.19375,8576.789925846842,0.0,0.0,179.65822327548963,6.014597170220924e-14,6.014597170220924e-14
0.1938,8576.666912356202,0.0,0.0,179.65621081742907,6.014529638132534e-14,6.014529638132534e-14
0.19385000000000002,8576.541886861747,0.0,0.0,179.6541041871505,6.014457757615463e-14,6.014457757615463e-14
0.19390000000000002,8576.411082974717,0.0,0.0,179.65189596082027,6.014383044702902e-14,6.014383044702902e-14
0.19395,8576.278864225644,0.0,0.0,179.64959100877158,6.014305357014615e-14,6.014305357014615e-14
0.194,8576.141130596936,0.0,0.0,179.64720054160966,6.014223756314883e-14,6.014223756314883e-14
0.19405,8576.002338519414,0.0,0.0,179.64470967118407,6.014140792528333e-14,6.014140792528333e-14
0.19410000000000002,8575.85859547639,0.0,0.0,179.6421508455594,6.014052725541243e-14,6.014052725541243e-14
0.19415000000000002,8575.713877166507,0.0,0.0,179.6394882866131,6.013964943691267e-14,6.013964943691267e-14
0.1942,8575.56507935399,0.0,0.0,179.6367751134932,6.013870981966236e-14,6.013870981966236e-14
0.19425,8575.415126003867,0.0,0.0,179.6339569266039,6.0137787526832e-14,6.0137787526832e-14
0.1943,8575.262234878797,0.0,0.0,179.63110344907767,6.01367961171128e-14,6.01367961171128e-14
0.19435000000000002,8575.10780116293,0.0,0.0,179.62814737869962,6.013583226517176e-14,6.013583226517176e-14
0.19440000000000002,8574.95175803244,0.0,0.0,179.62516772132247,6.013479747623448e-14,6.013479747623448e-14
0.19445,8574.79367515725,0.0,0.0,179.6220928958155,6.01337943909099e-14,6.01337943909099e-14
0.1945,8574.635382178441,0.0,0.0,179.61900144648405,6.013272548060781e-14,6.013272548060781e-14
0.19455,8574.474565013237,0.0,0.0,179.61582795350307,6.013168536470154e-14,6.013168536470154e-14
0.19460000000000002,8574.31487080285,0.0,0.0,179.6126396425645,6.01305918902953e-14,6.01305918902953e-14
0.19465000000000002,8574.152316154523,0.0,0.0,179.60938802320211,6.012951727979995e-14,6.012951727979995e-14
0.1947,8573.992014852993,0.0,0.0,179.60611864674627,6.012840854143747e-14,6.012840854143747e-14
0.19475,8573.828786622897,0.0,0.0,179.60280937354682,6.012730287247328e-14,6.012730287247328e-14
0.1948,8573.66862510967,0.0,0.0,179.5994758924943,6.0126187285837e-14,6.0126187285837e-14
0.19485000000000002,8573.505833377361,0.0,0.0,179.59612889733242,6.01250553368208e-14,6.01250553368208e-14
0.19490000000000002,8573.346527385513,0.0,0.0,179.59274965053984,6.01239400466785e-14,6.01239400466785e-14
0.19495,8573.18529628157,0.0,0.0,179.58938396510493,6.012278821803983e-14,6.012278821803983e-14
0.195,8573.02755417141,0.0,0.0,179.58597873683843,6.012167876723228e-14,6.012167876723228e-14
0.19505,8572.868988334452,0.0,0.0,179.58261229544775,6.012051521400398e-14,6.012051521400398e-14
0.1951,8572.713534234712,0.0,0.0,179.57920220500608,6.011941555061354e-14,6.011941555061354e-14
0.19515000000000002,8572.55868403573,0.0,0.0,179.5758518303083,6.011824994061629e-14,6.011824994061629e-14
0.1952,8572.406281847923,0.0,0.0,179.5724590327987,6.011716262798415e-14,6.011716262798415e-14
0.19525,8572.256113522422,0.0,0.0,179.56914060554962,6.01160058109533e-14,6.01160058109533e-14
0.1953,8572.107580976513,0.0,0.0,179.56578782301784,6.011493243432262e-14,6.011493243432262e-14
0.19535,8571.962956378744,0.0,0.0,179.56251659894667,6.011379577077087e-14,6.011379577077087e-14
0.19540000000000002,8571.819172455202,0.0,0.0,179.55922653152052,6.01127376062162e-14,6.01127376062162e-14
0.19545,8571.680837493528,0.0,0.0,179.55601755209034,6.011163227607974e-14,6.011163227607974e-14
0.1955,8571.54273552761,0.0,0.0,179.55281223197,6.011059088665713e-14,6.011059088665713e-14
0.19555,8571.411325345904,0.0,0.0,179.54968075441298,6.01095271472101e-14,6.01095271472101e-14
0.1956,8571.279874422942,0.0,0.0,179.54658092690838,6.010850511511888e-14,6.010850511511888e-14
0.19565000000000002,8571.15592569218,0.0,0.0,179.54354279318525,6.010749159540809e-14,6.010749159540809e-14
0.1957,8571.032103676396,0.0,0.0,179.5405673981334,6.01064929764036e-14,6.01064929764036e-14
0.19575,8570.916080301016,0.0,0.0,179.53763927382315,6.010553626902081e-14,6.010553626902081e-14
0.1958,8570.800835131435,0.0,0.0,179.5348050966246,6.010456691977745e-14,6.010456691977745e-14
0.19585,8570.693158192875,0.0,0.0,179.5320045195027,6.010367126288401e-14,6.010367126288401e-14
0.19590000000000002,8570.587371480271,0.0,0.0,179.52932605443928,6.010273887254764e-14,6.010273887254764e-14
0.19595,8570.488448825066,0.0,0.0,179.526671270306,6.010190629918095e-14,6.010190629918095e-14
0.196,8570.392897271342,0.0,0.0,179.52416080804346,6.01010200621706e-14,6.01010200621706e-14
0.19605,8570.303152470362,0.0,0.0,179.52167039247948,6.010025068728758e-14,6.010025068728758e-14
0.1961,8570.21847861216,0.0,0.0,179.51933831736056,6.009942084707082e-14,6.009942084707082e-14
0.19615000000000002,8570.138367226586,0.0,0.0,179.51703062227057,6.009871348341115e-14,6.009871348341115e-14
0.1962,8570.065060704095,0.0,0.0,179.51488586450188,6.009795049251548e-14,6.009795049251548e-14
0.19625,8569.995078879825,0.0,0.0,179.51277835244056,6.009730342632583e-14,6.009730342632583e-14
0.1963,8569.93346989723,0.0,0.0,179.5108289284027,6.009661719152595e-14,6.009661719152595e-14
0.19635,8569.874146100407,0.0,0.0,179.50893747427546,6.00960289183616e-14,6.00960289183616e-14
0.19640000000000002,8569.824415478828,0.0,0.0,179.5071910236171,6.00954279154296e-14,6.00954279154296e-14
0.19645,8569.77629196916,0.0,0.0,179.50552927791804,6.0094897971666e-14,6.0094897971666e-14
0.1965,8569.738490084288,0.0,0.0,179.50399351292972,6.00943885559246e-14,6.00943885559246e-14
0.19655,8569.702092530813,0.0,0.0,179.50257240328688,6.009391797912283e-14,6.009391797912283e-14
0.1966,8569.676172615646,0.0,0.0,179.50125539593049,6.009350395083453e-14,6.009350395083453e-14
0.19665000000000002,8569.651971966256,0.0,0.0,179.5000828381152,6.009309565788705e-14,6.009309565788705e-14
0.1967,8569.637823865312,0.0,0.0,179.49899308968367,6.009277801168012e-14,6.009277801168012e-14
0.19675,8569.626200067474,0.0,0.0,179.4980739405177,6.009243673668537e-14,6.009243673668537e-14
0.1968,8569.623686842902,0.0,0.0,179.49722021940406,6.009221390527806e-14,6.009221390527806e-14
0.19685,8569.624890768602,0.0,0.0,179.49655647684912,6.009194586889609e-14,6.009194586889609e-14
0.19690000000000002,8569.633879955818,0.0,0.0,179.49594743259297,6.009181407683993e-14,6.009181407683993e-14
0.19695000000000001,8569.648009130935,0.0,0.0,179.49553865317762,6.009162642461096e-14,6.009162642461096e-14
0.197,8569.668391501797,0.0,0.0,179.49518226036568,6.009158045879529e-14,6.009158045879529e-14
0.19705,8569.69537427602,0.0,0.0,179.49502612879527,6.009148038366601e-14,6.009148038366601e-14
0.1971,8569.72707456988,0.0,0.0,179.49492903068958,6.00915143912957e-14,6.00915143912957e-14
0.19715000000000002,8569.766669620225,0.0,0.0,179.49502200472014,6.009150835770665e-14,6.009150835770665e-14
0.19720000000000001,8569.809638798213,0.0,0.0,179.4951888475397,6.009161670352241e-14,6.009161670352241e-14
0.19725,8569.861449993541,0.0,0.0,179.4955267792959,6.009170951583471e-14,6.009170951583471e-14
0.1973,8569.915648590393,0.0,0.0,179.49595963103886,6.009188760690438e-14,6.009188760690438e-14
0.19735,8569.979149586941,0.0,0.0,179.49653828191407,6.009208180625296e-14,6.009208180625296e-14
0.19740000000000002,8570.044518497854,0.0,0.0,179.4972362128452,6.009232656838127e-14,6.009232656838127e-14
0.19745000000000001,8570.11908956731,0.0,0.0,179.49805158640683,6.009262198429781e-14,6.009262198429781e-14
0.1975,8570.19551636927,0.0,0.0,179.49901047640424,6.009293224661871e-14,6.009293224661871e-14
0.19755,8570.280481197595,0.0,0.0,179.5000589252088,6.00933258661276e-14,6.00933258661276e-14
0.1976,8570.36776617915,0.0,0.0,179.50127151958836,6.009370223252652e-14,6.009370223252652e-14
0.19765000000000002,8570.462431564581,0.0,0.0,179.502549617091,6.009418848072862e-14,6.009418848072862e-14
0.19770000000000001,8570.560256010103,0.0,0.0,179.50400582949047,6.009463303699473e-14,6.009463303699473e-14
0.19775,8570.66394205107,0.0,0.0,179.50551002589194,6.009520419730275e-14,6.009520419730275e-14
0.1978,8570.77184965435,0.0,0.0,179.5071974449628,6.009571988714618e-14,6.009571988714618e-14
0.19785,8570.883911172206,0.0,0.0,179.5089235683642,6.009636692816845e-14,6.009636692816845e-14
0.19790000000000002,8571.001296616538,0.0,0.0,179.51082810009638,6.009695674719661e-14,6.009695674719661e-14
0.19795000000000001,8571.121133383673,0.0,0.0,179.5127707750138,6.009767009273058e-14,6.009767009273058e-14
0.198,8571.247248842254,0.0,0.0,179.51487733806317,6.009833632465727e-14,6.009833632465727e-14
0.19805,8571.374299145613,0.0,0.0,179.51702941530718,6.009910675264959e-14,6.009910675264959e-14
0.1981,8571.50827162598,0.0,0.0,179.51932259353546,6.009985011794685e-14,6.009985011794685e-14
0.19815000000000002,8571.641998846262,0.0,0.0,179.52167467701804,6.010066948721289e-14,6.010066948721289e-14
0.19820000000000002,8571.782858026532,0.0,0.0,179.5241392524502,6.010148864558833e-14,6.010148864558833e-14
0.19825,8571.922724538383,0.0,0.0,179.52667939538705,6.01023503797602e-14,6.01023503797602e-14
0.1983,8572.069439823643,0.0,0.0,179.5293006932079,6.01032415249516e-14,6.01032415249516e-14
0.19835,8572.214879327938,0.0,0.0,179.53201431517627,6.010414092244057e-14,6.010414092244057e-14
0.19840000000000002,8572.36639608052,0.0,0.0,179.53477833048746,6.010509778863816e-14,6.010509778863816e-14
0.19845000000000002,8572.516785303902,0.0,0.0,179.53764836709988,6.01060318712613e-14,6.01060318712613e-14
0.1985,8572.672061969328,0.0,0.0,179.54054167070953,6.010704600422798e-14,6.010704600422798e-14
0.19855,8572.826697255756,0.0,0.0,179.5435489451282,6.01080132552321e-14,6.01080132552321e-14
0.1986,8572.984732568339,0.0,0.0,179.5465583985172,6.010907449263313e-14,6.010907449263313e-14
0.19865000000000002,8573.14281672351,0.0,0.0,179.549682163063,6.011007422936428e-14,6.011007422936428e-14
0.19870000000000002,8573.302669634855,0.0,0.0,179.55279450454194,6.011117147613817e-14,6.011117147613817e-14
0.19875,8573.463307339123,0.0,0.0,179.55601308621303,6.011220317971954e-14,6.011220317971954e-14
0.1988,8573.624103837492,0.0,0.0,179.55921445947146,6.011332511055502e-14,6.011332511055502e-14
0.19885,8573.786312357062,0.0,0.0,179.5625059269666,6.011438772368969e-14,6.011438772368969e-14
0.19890000000000002,8573.947240868652,0.0,0.0,179.56578143958433,6.011552360711082e-14,6.011552360711082e-14
0.19895000000000002,8574.109967912767,0.0,0.0,179.56912420846243,6.011661485967375e-14,6.011661485967375e-14
0.199,8574.270267124535,0.0,0.0,179.57245759206694,6.01177551321334e-14,6.01177551321334e-14
0.19905,8574.432419364686,0.0,0.0,179.57583090196903,6.011887115622044e-14,6.011887115622044e-14
0.1991,8574.591356418226,0.0,0.0,179.57920433497472,6.012000784973178e-14,6.012000784973178e-14
0.19915000000000002,8574.751831700682,0.0,0.0,179.58258854625123,6.012114289688917e-14,6.012114289688917e-14
0.19920000000000002,8574.908681503346,0.0,0.0,179.58598267197527,6.012226981255581e-14,6.012226981255581e-14
0.19925,8575.066400179061,0.0,0.0,179.58935936633162,6.012341636617684e-14,6.012341636617684e-14
0.1993,8575.2204238418,0.0,0.0,179.59275350787163,6.012452892420987e-14,6.012452892420987e-14
0.19935,8575.374358632034,0.0,0.0,179.5961053997077,6.01256779600546e-14,6.01256779600546e-14
0.19940000000000002,8575.524788590119,0.0,0.0,179.59947794917858,6.012677292786998e-14,6.012677292786998e-14
0.19945000000000002,8575.673984781415,0.0,0.0,179.60278864699384,6.012791441777327e-14,6.012791441777327e-14
0.1995,8575.820018039049,0.0,0.0,179.60611757486137,6.012898935075832e-14,6.012898935075832e-14
0.19955,8575.963606835801,0.0,0.0,179.60937125119142,6.013011289901671e-14,6.013011289901671e-14
0.1996,8576.104406635846,0.0,0.0,179.61263467356363,6.013116561961127e-14,6.013116561961127e-14
0.19965000000000002,8576.241607093232,0.0,0.0,179.61581571070118,6.013226106044816e-14,6.013226106044816e-14
0.19970000000000002,8576.37631518235,0.0,0.0,179.6189924402597,6.01332890795826e-14,6.01332890795826e-14
0.19975,8576.506428414525,0.0,0.0,179.62208512410896,6.01343471100598e-14,6.01343471100598e-14
0.1998,8576.63418285514,0.0,0.0,179.6251551399364,6.013534718085233e-14,6.013534718085233e-14
0.19985,8576.756579390574,0.0,0.0,179.62814345661783,6.013635974679027e-14,6.013635974679027e-14
0.19990000000000002,8576.876539023708,0.0,0.0,179.6310882428485,6.013732761398672e-14,6.013732761398672e-14
0.19995000000000002,8576.99064206969,0.0,0.0,179.63395582004597,6.013828819001283e-14,6.013828819001283e-14
0.2,8577.102010539209,0.0,0.0,179.63675854307823,6.013921848330929e-14,6.013921848330929e-14
0.20005,8577.207280704008,0.0,0.0,179.63948874814992,6.014012208589505e-14,6.014012208589505e-14
0.2001,8577.309329230886,0.0,0.0,179.64213427280828,6.014100850311752e-14,6.014100850311752e-14
0.20015000000000002,8577.4052505948,0.0,0.0,179.64471045644848,6.01418515163123e-14,6.01418515163123e-14
0.20020000000000002,8577.497335738692,0.0,0.0,179.64718522077166,6.014268710017582e-14,6.014268710017582e-14
0.20025,8577.58340929843,0.0,0.0,179.64959107222614,6.014346697161985e-14,6.014346697161985e-14
0.2003,8577.66498269508,0.0,0.0,179.6518828661277,6.014424456880202e-14,6.014424456880202e-14
0.20035,8577.740725840982,0.0,0.0,179.65410282702678,6.01449593660209e-14,6.01449593660209e-14
0.20040000000000002,8577.811337397205,0.0,0.0,179.65620052886288,6.014567209373272e-14,6.014567209373272e-14
0.20045000000000002,8577.8762907102,0.0,0.0,179.65822020911122,6.014632011507351e-14,6.014632011507351e-14
0.2005,8577.935583343069,0.0,0.0,179.66011353875746,6.01469617997514e-14,6.01469617997514e-14
0.20055,8577.989323553118,0.0,0.0,179.6619200757558,6.014754118953082e-14,6.014754118953082e-14
0.2006,8578.037023203267,0.0,0.0,179.66359941633334,6.014810672842444e-14,6.014810672842444e-14
0.20065000000000002,8578.07917917691,0.0,0.0,179.6651817338647,6.01486152617224e-14,6.01486152617224e-14
0.20070000000000002,8578.115081422766,0.0,0.0,179.66663805702845,6.014910079607844e-14,6.014910079607844e-14
0.20075,8578.145351499203,0.0,0.0,179.66798699585297,6.01495358015984e-14,6.01495358015984e-14
0.2008,8578.169308279592,0.0,0.0,179.66921190774224,6.014993876628061e-14,6.014993876628061e-14
0.20085,8578.187474924069,0.0,0.0,179.67032022295834,6.015029721268722e-14,6.015029721268722e-14
0.20090000000000002,8578.199384059548,0.0,0.0,179.67130612224085,6.015061618735595e-14,6.015061618735595e-14
0.20095000000000002,8578.205324207098,0.0,0.0,179.6721683650192,6.015089492689488e-14,6.015089492689488e-14
0.201,8578.205123668575,0.0,0.0,179.6729086862046,6.015112938710029e-14,6.015112938710029e-14
0.20105,8578.198812502422,0.0,0.0,179.67352100456475,6.015132546642774e-14,6.015132546642774e-14
0.2011,8578.186480824308,0.0,0.0,179.67401050306134,6.015147545662448e-14,6.015147545662448e-14
0.20115000000000002,8578.167988802206,0.0,0.0,179.6743704099362,6.015158647791958e-14,6.015158647791958e-14
0.20120000000000002,8578.143551379892,0.0,0.0,179.67460543841986,6.015165228182294e-14,6.015165228182294e-14
0.20125,8578.113034942484,0.0,0.0,179.674711596927,6.015167670925122e-14,6.015167670925122e-14
0.2013,8578.076574955054,0.0,0.0,179.67469032442145,6.015165858917907e-14,6.015165858917907e-14
0.20135,8578.034263059715,0.0,0.0,179.67454239556523,6.015159596659226e-14,6.015159596659226e-14
0.20140000000000002,8577.985934825607,0.0,0.0,179.674264930297,6.015149401336854e-14,6.015149401336854e-14
0.20145000000000002,8577.932113212664,0.0,0.0,179.67386351402567,6.01513450411626e-14,6.01513450411626e-14
0.2015,8577.872155392744,0.0,0.0,179.673331908376,6.015115916868511e-14,6.015115916868511e-14
0.20155,8577.807152264586,0.0,0.0,179.67267859001984,6.015092563328059e-14,6.015092563328059e-14
0.2016,8577.735897451745,0.0,0.0,179.6718967263648,6.015065572217442e-14,6.015065572217442e-14
0.20165,8577.660072528744,0.0,0.0,179.67099421881574,6.015034027747764e-14,6.015034027747764e-14
0.20170000000000002,8577.57795192846,0.0,0.0,179.66996759582798,6.014998643389635e-14,6.014998643389635e-14
0.20175,8577.49169127439,0.0,0.0,179.66881994878472,6.014959229851687e-14,6.014959229851687e-14
0.2018,8577.399231557676,0.0,0.0,179.66755540518443,6.01491551784944e-14,6.01491551784944e-14
0.20185,8577.302949332767,0.0,0.0,179.6661682372395,6.014868576869962e-14,6.014868576869962e-14
0.2019,8577.200762904971,0.0,0.0,179.6646736614988,6.014816691983349e-14,6.014816691983349e-14
0.20195000000000002,8577.094908909841,0.0,0.0,179.66305436516433,6.014762552562364e-14,6.014762552562364e-14
0.202,8576.98367708116,0.0,0.0,179.6613384411717,6.014702763751622e-14,6.014702763751622e-14
0.20205,8576.868750242034,0.0,0.0,179.65949631215906,6.014641717606469e-14,6.014641717606469e-14
0.2021,8576.749202358478,0.0,0.0,179.65756834643506,6.014574424580967e-14,6.014574424580967e-14
0.20215,8576.625765178602,0.0,0.0,179.6555145995571,6.014506714649851e-14,6.014506714649851e-14
0.20220000000000002,8576.498656703741,0.0,0.0,179.65338445886366,6.014432444428198e-14,6.014432444428198e-14
0.20225,8576.367350360719,0.0,0.0,179.6511321117259,6.014358272573294e-14,6.014358272573294e-14
0.2023,8576.233441604723,0.0,0.0,179.64881028200085,6.014277662047726e-14,6.014277662047726e-14
0.20235,8576.094996085712,0.0,0.0,179.6463739073349,6.014197208556425e-14,6.014197208556425e-14
0.2024,8575.955037743039,0.0,0.0,179.6438716608174,6.014110970473234e-14,6.014110970473234e-14
0.20245000000000002,8575.810275205236,0.0,0.0,179.64126703376883,6.014024432311785e-14,6.014024432311785e-14
0.2025,8575.66499923528,0.0,0.0,179.63859667006534,6.013933309270375e-14,6.013933309270375e-14
0.20255,8575.514829858255,0.0,0.0,179.63584035211395,6.013840940095994e-14,6.013840940095994e-14
0.2026,8575.364950419294,0.0,0.0,179.63301546448182,6.013745658662885e-14,6.013745658662885e-14
0.20265,8575.210357340491,0.0,0.0,179.63012438105102,6.013647812794125e-14,6.013647812794125e-14
0.20270000000000002,8575.056579580296,0.0,0.0,179.62716008784162,6.013549034788241e-14,6.013549034788241e-14
0.20275,8574.89859781431,0.0,0.0,179.62415115825354,6.013446201950965e-14,6.013446201950965e-14
0.2028,8574.741633075588,0.0,0.0,179.62106424544004,6.013344494507916e-14,6.013344494507916e-14
0.20285,8574.58132074332,0.0,0.0,179.61795411735812,6.0132373171701e-14,6.0132373171701e-14
0.2029,8574.421906987163,0.0,0.0,179.61476304470256,6.013133133037967e-14,6.013133133037967e-14
0.20295000000000002,8574.260315495741,0.0,0.0,179.61156797228767,6.01302240999328e-14,6.01302240999328e-14
0.203,8574.099236263231,0.0,0.0,179.60829271892828,6.012916092950647e-14,6.012916092950647e-14
0.20305,8573.937381200993,0.0,0.0,179.60502859725722,6.012802752716502e-14,6.012802752716502e-14
0.2031,8573.775483275582,0.0,0.0,179.60169034522326,6.012694563605636e-14,6.012694563605636e-14
0.20315,8573.61432041396,0.0,0.0,179.5983728935525,6.012579627011981e-14,6.012579627011981e-14
0.20320000000000002,8573.452521950447,0.0,0.0,179.594993572799,6.012469783638312e-14,6.012469783638312e-14
0.20325000000000001,8573.292933118344,0.0,0.0,179.5916386286245,6.012354303753227e-14,6.012354303753227e-14
0.2033,8573.132224017381,0.0,0.0,179.5882403738298,6.012243040315253e-14,6.012243040315253e-14
0.20335,8572.9750109523,0.0,0.0,179.58486424345506,6.01212803893901e-14,6.01212803893901e-14
0.2034,8572.81644146268,0.0,0.0,179.58146882347486,6.012015658570497e-14,6.012015658570497e-14
0.20345000000000002,8572.662333833669,0.0,0.0,179.57808862118645,6.011902064854844e-14,6.011902064854844e-14
0.20350000000000001,8572.506991768265,0.0,0.0,179.5747169156903,6.011788996100627e-14,6.011788996100627e-14
0.20355,8572.356662180322,0.0,0.0,179.57135082021458,6.01167759054112e-14,6.01167759054112e-14
0.2036,8572.205644067682,0.0,0.0,179.5680224080608,6.011564420703517e-14,6.011564420703517e-14
0.20365,8572.059731753836,0.0,0.0,179.5646897790049,6.011455807344794e-14,6.011455807344794e-14
0.20370000000000002,8571.914105745138,0.0,0.0,179.56142269247783,6.011343297483168e-14,6.011343297483168e-14
0.20375000000000001,8571.77324354472,0.0,0.0,179.5581440020439,6.011237888836221e-14,6.011237888836221e-14
0.2038,8571.63401470898,0.0,0.0,179.5549546769747,6.011126964490461e-14,6.011126964490461e-14
0.20385,8571.49885318634,0.0,0.0,179.55175124614652,6.011025003965873e-14,6.011025003965873e-14
0.2039,8571.366930503775,0.0,0.0,179.54865466695267,6.010916712873617e-14,6.010916712873617e-14
0.20395000000000002,8571.238158773282,0.0,0.0,179.5455482186724,6.010818313559138e-14,6.010818313559138e-14
0.20400000000000001,8571.114331339655,0.0,0.0,179.54255823342075,6.010713772808185e-14,6.010713772808185e-14
0.20405,8570.992685561067,0.0,0.0,179.5395703076537,6.010618977904483e-14,6.010618977904483e-14
0.2041,8570.877610121415,0.0,0.0,179.536700054349,6.010519293718049e-14,6.010519293718049e-14
0.20415,8570.763873025422,0.0,0.0,179.53385135231088,6.010428150529049e-14,6.010428150529049e-14
0.20420000000000002,8570.658073096794,0.0,0.0,179.5311137271001,6.010334345045775e-14,6.010334345045775e-14
0.20425000000000001,8570.553058492773,0.0,0.0,179.528423461684,6.010246969546677e-14,6.010246969546677e-14
0.2043,8570.456938624991,0.0,0.0,179.52583154508372,6.010159906545934e-14,6.010159906545934e-14
0.20435,8570.361466129798,0.0,0.0,179.52331688315286,6.010076549437942e-14,6.010076549437942e-14
0.2044,8570.275333331785,0.0,0.0,179.52088424793283,6.009996877905382e-14,6.009996877905382e-14
0.20445000000000002,8570.190194820714,0.0,0.0,179.51855991118802,6.009917956605492e-14,6.009917956605492e-14
0.20450000000000002,8570.114290621195,0.0,0.0,179.5163007522182,6.009846083865009e-14,6.009846083865009e-14
0.20455,8570.040210522326,0.0,0.0,179.51417883061072,6.009772198410124e-14,6.009772198410124e-14
0.2046,8569.974742730128,0.0,0.0,179.51210787781545,6.009708282248832e-14,6.009708282248832e-14
0.20465,8569.912342648837,0.0,0.0,179.5101978743399,6.009640194760998e-14,6.009640194760998e-14
0.20470000000000002,8569.857515293446,0.0,0.0,179.50833008915967,6.00958417891619e-14,6.00958417891619e-14
0.20475000000000002,8569.807280518135,0.0,0.0,179.5066391847963,6.009522764956304e-14,6.009522764956304e-14
0.2048,8569.763317672094,0.0,0.0,179.50498926437257,6.009474427083304e-14,6.009474427083304e-14
0.20485,8569.725576872966,0.0,0.0,179.5035227620976,6.009420610905145e-14,6.009420610905145e-14
0.2049,8569.692732798834,0.0,0.0,179.50210451280563,6.009379640179534e-14,6.009379640179534e-14
0.20495000000000002,8569.667648959852,0.0,0.0,179.50086638833076,6.009334305213841e-14,6.009334305213841e-14
0.20500000000000002,8569.646208594222,0.0,0.0,179.499692045626,6.009300382737527e-14,6.009300382737527e-14
0.20505,8569.633784098642,0.0,0.0,179.49868552487476,6.00926429471141e-14,6.00926429471141e-14
0.2051,8569.624047209663,0.0,0.0,179.49776510804213,6.009237169159795e-14,6.009237169159795e-14
0.20515,8569.62414334075,0.0,0.0,179.49699317834077,6.009210895236273e-14,6.009210895236273e-14
0.20520000000000002,8569.626400009161,0.0,0.0,179.49633396820215,6.009190451826722e-14,6.009190451826722e-14
0.20525000000000002,8569.638764703725,0.0,0.0,179.49579974757197,6.009174310143407e-14,6.009174310143407e-14
0.2053,8569.653261251278,0.0,0.0,179.49540595315935,6.009160602555677e-14,6.009160602555677e-14
0.20535,8569.677566343888,0.0,0.0,179.4951128579029,6.009154635927112e-14,6.009154635927112e-14
0.2054,8569.704468575766,0.0,0.0,179.4949855212795,6.00914790289726e-14,6.00914790289726e-14
0.20545000000000002,8569.740344944934,0.0,0.0,179.4949372025694,6.009151881012874e-14,6.009151881012874e-14
0.20550000000000002,8569.779704631603,0.0,0.0,179.49507434918695,6.009152518259971e-14,6.009152518259971e-14
0.20555,8569.82677667789,0.0,0.0,179.4952744070779,6.009165980210308e-14,6.009165980210308e-14
0.2056,8569.878502140551,0.0,0.0,179.495671422493,6.00917449236556e-14,6.00917449236556e-14
0.20565,8569.936412260064,0.0,0.0,179.49612293182687,6.009196801778352e-14,6.009196801778352e-14
0.20570000000000002,8570.000253671404,0.0,0.0,179.4967731104213,6.009213730658964e-14,6.009213730658964e-14
0.20575000000000002,8570.068674868855,0.0,0.0,179.4974780300274,6.009244162262665e-14,6.009244162262665e-14
0.2058,8570.144219237225,0.0,0.0,179.4983732177082,6.009269999663908e-14,6.009269999663908e-14
0.20585,8570.22285679741,0.0,0.0,179.499331763337,6.00930781971092e-14,6.00930781971092e-14
0.2059,8570.30953922992,0.0,0.0,179.50046300837766,6.009342931023637e-14,6.009342931023637e-14
0.20595000000000002,8570.398116365914,0.0,0.0,179.50167308226526,6.009387479185657e-14,6.009387479185657e-14
0.20600000000000002,8570.495243205418,0.0,0.0,179.50303120142058,6.009432025880035e-14,6.009432025880035e-14
0.20605,8570.593479602976,0.0,0.0,179.50448796076589,6.009482779184177e-14,6.009482779184177e-14
0.2061,8570.700260039459,0.0,0.0,179.50606395022763,6.009536677523507e-14,6.009536677523507e-14
0.20615,8570.80784098278,0.0,0.0,179.5077595764182,6.009593283105203e-14,6.009593283105203e-14
0.20620000000000002,8570.923425815938,0.0,0.0,179.50954481284492,6.009656180476696e-14,6.009656180476696e-14
0.20625000000000002,8571.03997101371,0.0,0.0,179.51146851997507,6.009718469080362e-14,6.009718469080362e-14
0.2063,8571.163488921904,0.0,0.0,179.5134547342425,6.009789757426132e-14,6.009789757426132e-14
0.20635,8571.288523692709,0.0,0.0,179.51559301441898,6.00985771266166e-14,6.00985771266166e-14
0.2064,8571.419115711975,0.0,0.0,179.5177720522822,6.009936571993563e-14,6.009936571993563e-14
0.20645000000000002,8571.552048961084,0.0,0.0,179.5201091311116,6.010010286177198e-14,6.010010286177198e-14
0.20650000000000002,8571.688891572772,0.0,0.0,179.5224725442787,6.010095744398454e-14,6.010095744398454e-14
0.20655,8571.829006381095,0.0,0.0,179.52499098388827,6.010175346331025e-14,6.010175346331025e-14
0.2066,8571.971325167331,0.0,0.0,179.52752952488416,6.01026636437713e-14,6.01026636437713e-14
0.20665,8572.117778986865,0.0,0.0,179.5302108976434,6.010351942946284e-14,6.010351942946284e-14
0.20670000000000002,8572.264849500421,0.0,0.0,179.53291399737313,6.010447490150121e-14,6.010447490150121e-14
0.20675000000000002,8572.416689978572,0.0,0.0,179.5357395447167,6.010539023261569e-14,6.010539023261569e-14
0.2068,8572.567826110126,0.0,0.0,179.53859486111335,6.010638156133738e-14,6.010638156133738e-14
0.20685,8572.724014935195,0.0,0.0,179.54154605396462,6.010735446118536e-14,6.010735446118536e-14
0.2069,8572.878550931355,0.0,0.0,179.5445391620091,6.010837361327763e-14,6.010837361327763e-14
0.20695000000000002,8573.037996252928,0.0,0.0,179.54759810181363,6.010940003493593e-14,6.010940003493593e-14
0.20700000000000002,8573.195260713355,0.0,0.0,179.55071237739588,6.011044068628877e-14,6.011044068628877e-14
0.20705,8573.356853056186,0.0,0.0,179.55386199473676,6.011151435084923e-14,6.011151435084923e-14
0.2071,8573.516144859206,0.0,0.0,179.55707871585855,6.011257194324166e-14,6.011257194324166e-14
0.20715,8573.678790174208,0.0,0.0,179.56030276176247,6.011368456218776e-14,6.011368456218776e-14
0.20720000000000002,8573.839356411487,0.0,0.0,179.56360141605003,6.011475601231193e-14,6.011475601231193e-14
0.20725000000000002,8574.00200581958,0.0,0.0,179.56688426622785,6.011589769534485e-14,6.011589769534485e-14
0.2073,8574.163027645269,0.0,0.0,179.57024303036118,6.011698098902983e-14,6.011698098902983e-14
0.20735,8574.324696372338,0.0,0.0,179.57356935235,6.011814084846804e-14,6.011814084846804e-14
0.2074,8574.48528490463,0.0,0.0,179.5769656789987,6.011923438547476e-14,6.011923438547476e-14
0.20745000000000002,8574.645062849937,0.0,0.0,179.58032003112808,6.012040127408674e-14,6.012040127408674e-14
0.20750000000000002,8574.804264552497,0.0,0.0,179.58373127239162,6.012150325715491e-14,6.012150325715491e-14
0.20755,8574.961314887925,0.0,0.0,179.58709770771716,6.012266642144244e-14,6.012266642144244e-14
0.2076,8575.118128569982,0.0,0.0,179.59050169711458,6.012377425695453e-14,6.012377425695453e-14
0.20765,8575.271677990035,0.0,0.0,179.59386344737067,6.012492398614786e-14,6.012492398614786e-14
0.20770000000000002,8575.425077385757,0.0,0.0,179.59723897363622,6.012603382923352e-14,6.012603382923352e-14
0.20775000000000002,8575.574400302105,0.0,0.0,179.60057826723457,6.01271618340503e-14,6.01271618340503e-14
0.2078,8575.72336306599,0.0,0.0,179.6039053930743,6.012826838411819e-14,6.012826838411819e-14
0.20785,8575.867761708661,0.0,0.0,179.60720344421233,6.012936801805221e-14,6.012936801805221e-14
0.2079,8576.01129782111,0.0,0.0,179.61046364471375,6.013046447686236e-14,6.013046447686236e-14
0.20795000000000002,8576.150085175257,0.0,0.0,179.6137008198869,6.013153068880773e-14,6.013153068880773e-14
0.20800000000000002,8576.287262604934,0.0,0.0,179.61687694824442,6.013260902825847e-14,6.013260902825847e-14
0.20805,8576.4197477929,0.0,0.0,179.62003309038056,6.013363809474673e-14,6.013363809474673e-14
0.2081,8576.549712814216,0.0,0.0,179.6231091989271,6.013468943302525e-14,6.013468943302525e-14
0.20815,8576.675194713003,0.0,0.0,179.62616406770448,6.01356785760951e-14,6.01356785760951e-14
0.2082,8576.797182886463,0.0,0.0,179.62912513679265,6.013669372312384e-14,6.013669372312384e-14
0.20825000000000002,8576.914951246688,0.0,0.0,179.63205890456348,6.013764058420729e-14,6.013764058420729e-14
0.2083,8577.028291147104,0.0,0.0,179.6348905403622,6.013861060123105e-14,6.013861060123105e-14
0.20835,8577.137635618354,0.0,0.0,179.63768428153358,6.013951279136145e-14,6.013951279136145e-14
0.2084,8577.241743426901,0.0,0.0,179.64037244535572,6.014042948892846e-14,6.014042948892846e-14
0.20845,8577.341969681938,0.0,0.0,179.64300855668554,6.014128416430785e-14,6.014128416430785e-14
0.20850000000000002,8577.436338649812,0.0,0.0,179.64553938099166,6.014214052072378e-14,6.014214052072378e-14
0.20855,8577.526787744551,0.0,0.0,179.64800188711254,6.014294414253121e-14,6.014294414253121e-14
0.2086,8577.61097401941,0.0,0.0,179.65036161299517,6.014373449918455e-14,6.014373449918455e-14
0.20865,8577.691043713181,0.0,0.0,179.65263632969916,6.014448276447425e-14,6.014448276447425e-14
0.2087,8577.764652130687,0.0,0.0,179.6548113819526,6.014520288689762e-14,6.014520288689762e-14
0.20875000000000002,8577.833815224707,0.0,0.0,179.65688593335915,6.014589082667797e-14,6.014589082667797e-14
0.2088,8577.89648831459,0.0,0.0,179.65886312196173,6.014653774613608e-14,6.014653774613608e-14
0.20885,8577.954306926018,0.0,0.0,179.66072683226912,6.014716001170646e-14,6.014716001170646e-14
0.2089,8578.005718379285,0.0,0.0,179.66249365035534,6.014773175236584e-14,6.014773175236584e-14
0.20895,8578.051851405116,0.0,0.0,179.66413734723082,6.014828296450275e-14,6.014828296450275e-14
0.20900000000000002,8578.091706520458,0.0,0.0,179.6656823191832,6.014877819031858e-14,6.014877819031858e-14
0.20905,8578.125909937971,0.0,0.0,179.6670981003027,6.014925336109692e-14,6.014925336109692e-14
0.2091,8578.153951746039,0.0,0.0,179.6684111262995,6.01496710029422e-14,6.01496710029422e-14
0.20915,8578.176072707278,0.0,0.0,179.6695921409959,6.015006589742043e-14,6.015006589742043e-14
0.2092,8578.192093424479,0.0,0.0,179.6706647875959,6.015040486416422e-14,6.015040486416422e-14
0.20925000000000002,8578.202059198975,0.0,0.0,179.67160508076316,6.015071628069646e-14,6.015071628069646e-14
0.2093,8578.205914451311,0.0,0.0,179.67243077600128,6.015097526081778e-14,6.015097526081778e-14
0.20935,8578.203719285399,0.0,0.0,179.67312522658884,6.015120117382587e-14,6.015120117382587e-14
0.2094,8578.195342465742,0.0,0.0,179.67369933686945,6.015137860336874e-14,6.015137860336874e-14
0.20945,8578.181034746094,0.0,0.0,179.6741437036816,6.015151814492956e-14,6.015151814492956e-14
0.20950000000000002,8578.160448794859,0.0,0.0,179.6744634891187,6.015161231066446e-14,6.015161231066446e-14
0.20955000000000001,8578.13412130068,0.0,0.0,179.67465455602277,6.015166561940059e-14,6.015166561940059e-14
0.2096,8578.10144563242,0.0,0.0,179.67471902234908,6.015167489076633e-14,6.015167489076633e-14
0.20965,8578.063230741554,0.0,0.0,179.6746548148679,6.015164284461844e-14,6.015164284461844e-14
0.2097,8578.018681648162,0.0,0.0,179.6744644968766,6.015156597943422e-14,6.015156597943422e-14
0.20975000000000002,8577.968752622353,0.0,0.0,179.67414452865083,6.015144988054294e-14,6.015144988054294e-14
0.20980000000000001,8577.912637139962,0.0,0.0,179.67370125095366,6.015128634531204e-14,6.015128634531204e-14
0.20985,8577.851214846714,0.0,0.0,179.6731267516574,6.015108761413427e-14,6.015108761413427e-14
0.2099,8577.783918582974,0.0,0.0,179.6724334150136,6.015083785029109e-14,6.015083785029109e-14
0.20995,8577.711283031675,0.0,0.0,179.67160749369532,6.015055779378009e-14,6.015055779378009e-14
0.21000000000000002,8577.633253909195,0.0,0.0,179.670667929216,6.015022338638174e-14,6.015022338638174e-14
0.21005000000000001,8577.549757257177,0.0,0.0,179.6695956372175,6.01498630810811e-14,6.01498630810811e-14
0.2101,8577.461488258921,0.0,0.0,179.66841455658627,6.014944677738319e-14,6.014944677738319e-14
0.21015,8577.3675674929,0.0,0.0,179.66710283157366,6.014900711048801e-14,6.014900711048801e-14
0.2102,8577.269580217966,0.0,0.0,179.66568588276226,6.014851269324642e-14,6.014851269324642e-14
0.21025000000000002,8577.165766024773,0.0,0.0,179.66414337496397,6.014799452884255e-14,6.014799452884255e-14
0.21030000000000001,8577.058599374774,0.0,0.0,179.6624972917489,6.014742655527687e-14,6.014742655527687e-14
0.21035,8576.945518665523,0.0,0.0,179.66073409521204,6.014683103757864e-14,6.014683103757864e-14
0.2104,8576.829722983564,0.0,0.0,179.6588669090742,6.014619447194519e-14,6.014619447194519e-14
0.21045,8576.7080946259,0.0,0.0,179.65689423650528,6.01455233690516e-14,6.01455233690516e-14
0.21050000000000002,8576.584233543832,0.0,0.0,179.65481550639075,6.014482320619366e-14,6.014482320619366e-14
0.21055000000000001,8576.454855320997,0.0,0.0,179.65264535778337,6.014407926007699e-14,6.014407926007699e-14
0.2106,8576.323514412366,0.0,0.0,179.6503663649316,6.014332014857553e-14,6.014332014857553e-14
0.21065,8576.187244314155,0.0,0.0,179.6480112421054,6.014250735442004e-14,6.014250735442004e-14
0.2107,8576.04904462835,0.0,0.0,179.64554510187142,6.014169335621711e-14,6.014169335621711e-14
0.21075000000000002,8575.906776631802,0.0,0.0,179.64301781355937,6.014081708471328e-14,6.014081708471328e-14
0.21080000000000002,8575.762391699023,0.0,0.0,179.64037946534174,6.013995155600795e-14,6.013995155600795e-14
0.21085,8575.615030787472,0.0,0.0,179.6376930544694,6.013901854258909e-14,6.013901854258909e-14
0.2109,8575.465201683222,0.0,0.0,179.63489911066634,6.013810420478807e-14,6.013810420478807e-14
0.21095,8575.313640668539,0.0,0.0,179.63206691201452,6.013712230605229e-14,6.013712230605229e-14
0.21100000000000002,8575.159188495085,0.0,0.0,179.6291353692265,6.013616150260271e-14,6.013616150260271e-14
0.21105000000000002,8575.004289567936,0.0,0.0,179.62617118558367,6.013513933657237e-14,6.013513933657237e-14
0.2111,8574.846119513446,0.0,0.0,179.62312102295252,6.013413439680885e-14,6.013413439680885e-14
0.21115,8574.68870495628,0.0,0.0,179.6200393832575,6.013308083402421e-14,6.013308083402421e-14
0.2112,8574.527802143622,0.0,0.0,179.61689009520452,6.013203457171681e-14,6.013203457171681e-14
0.21125000000000002,8574.36865245238,0.0,0.0,179.61370654291952,6.01309581914285e-14,6.01309581914285e-14
0.21130000000000002,8574.206068252488,0.0,0.0,179.61047766283494,6.01298743456516e-14,6.01298743456516e-14
0.21135,8574.045931346483,0.0,0.0,179.60720901412776,6.012878294626295e-14,6.012878294626295e-14
0.2114,8573.882759783326,0.0,0.0,179.60391969334384,6.012766659895694e-14,6.012766659895694e-14
0.21145,8573.72236660768,0.0,0.0,179.60058420373747,6.012656677703941e-14,6.012656677703941e-14
0.21150000000000002,8573.559716018757,0.0,0.0,179.59725290101443,6.012542457966995e-14,6.012542457966995e-14
0.21155000000000002,8573.399801470581,0.0,0.0,179.59387029373755,6.012432155630789e-14,6.012432155630789e-14
0.2116,8573.238761089138,0.0,0.0,179.59051461670208,6.012316175494855e-14,6.012316175494855e-14
0.21165,8573.080086570513,0.0,0.0,179.58710594104443,6.0122059348894e-14,6.0122059348894e-14
0.2117,8572.921695763249,0.0,0.0,179.58374265898607,6.012089160807981e-14,6.012089160807981e-14
0.21175000000000002,8572.76506754128,0.0,0.0,179.5803299765864,6.011979249853186e-14,6.011979249853186e-14
0.21180000000000002,8572.61028886744,0.0,0.0,179.57697519491293,6.011862744615008e-14,6.011862744615008e-14
0.21185,8572.456571424325,0.0,0.0,179.5735811154736,6.011753359911652e-14,6.011753359911652e-14
0.2119,8572.306272664755,0.0,0.0,179.57025058034816,6.011638228144555e-14,6.011638228144555e-14
0.21195,8572.156390288661,0.0,0.0,179.56689769407896,6.011529551061239e-14,6.011529551061239e-14
0.21200000000000002,8572.011337733227,0.0,0.0,179.56360716864108,6.011416867140972e-14,6.011416867140972e-14
0.21205000000000002,8571.866266847508,0.0,0.0,179.56031744193376,6.011309129311972e-14,6.011309129311972e-14
0.2121,8571.727128836119,0.0,0.0,179.5570830865586,6.011199871490561e-14,6.011199871490561e-14
0.21215,8571.587877707381,0.0,0.0,179.5538772924502,6.01109340832422e-14,6.01109340832422e-14
0.2122,8571.455241155703,0.0,0.0,179.55071597476902,6.010988399565791e-14,6.010988399565791e-14
0.21225000000000002,8571.322820674175,0.0,0.0,179.5476132326618,6.010883698591474e-14,6.010883698591474e-14
0.21230000000000002,8571.197213268999,0.0,0.0,179.54454270182987,6.010783564431258e-14,6.010783564431258e-14
0.21235,8571.072602577806,0.0,0.0,179.5415601817925,6.010681283314661e-14,6.010681283314661e-14
0.2124,8570.954521578333,0.0,0.0,179.53859906174333,6.010586439584007e-14,6.010586439584007e-14
0.21245,8570.838629895788,0.0,0.0,179.5357518912098,6.010487403895118e-14,6.010487403895118e-14
0.21250000000000002,8570.728569710964,0.0,0.0,179.5329194694712,6.010398063400232e-14,6.010398063400232e-14
0.21255000000000002,8570.622203725065,0.0,0.0,179.53022084856448,6.010303234812075e-14,6.010303234812075e-14
0.2126,8570.520678547155,0.0,0.0,179.52753667329077,6.01021944996558e-14,6.01021944996558e-14
0.21265,8570.42451475853,0.0,0.0,179.52499817491656,6.010129868277775e-14,6.010129868277775e-14
0.2127,8570.332073827902,0.0,0.0,179.52248149630267,6.010051586075494e-14,6.010051586075494e-14
0.21275000000000002,8570.246643480985,0.0,0.0,179.52011350207854,6.0099683008427e-14,6.0099683008427e-14
0.21280000000000002,8570.16387273484,0.0,0.0,179.51778262392264,6.009895436637296e-14,6.009895436637296e-14
0.21285,8570.089558891048,0.0,0.0,179.5155948212582,6.00981942197156e-14,6.00981942197156e-14
0.2129,8570.017072360233,0.0,0.0,179.51346644137496,6.00975193432928e-14,6.00975193432928e-14
0.21295,8569.954119802944,0.0,0.0,179.51146830302073,6.009684017707498e-14,6.009684017707498e-14
0.21300000000000002,8569.892536869987,0.0,0.0,179.50955692515086,6.009621971085368e-14,6.009621971085368e-14
0.21305000000000002,8569.841074749038,0.0,0.0,179.50775808774767,6.009562767772969e-14,6.009562767772969e-14
0.2131,8569.790989868085,0.0,0.0,179.50607558301508,6.009506384359257e-14,6.009506384359257e-14
0.21315,8569.751060434817,0.0,0.0,179.5044860597455,6.00945625999848e-14,6.00945625999848e-14
0.2132,8569.713006601865,0.0,0.0,179.50304143072557,6.009405935179258e-14,6.009405935179258e-14
0.21325000000000002,8569.684600387194,0.0,0.0,179.50167161493394,6.009364997010236e-14,6.009364997010236e-14
0.21330000000000002,8569.659011693802,0.0,0.0,179.5004709945188,6.009321295270253e-14,6.009321295270253e-14
0.21335,8569.642098889892,0.0,0.0,179.49933144072247,6.009289409057136e-14,6.009289409057136e-14
0.2134,8569.629279270908,0.0,0.0,179.49837831932987,6.009253022436575e-14,6.009253022436575e-14
0.21345,8569.62383686525,0.0,0.0,179.49747932516152,6.009229865716423e-14,6.009229865716423e-14
0.21350000000000002,8569.62393509,0.0,0.0,179.49677497207287,6.009201551951582e-14,6.009201551951582e-14
0.21355000000000002,8569.629963680398,0.0,0.0,179.49612600873715,6.00918667787305e-14,6.00918667787305e-14
0.2136,8569.642963324215,0.0,0.0,179.49567002467452,6.009167183440867e-14,6.009167183440867e-14
0.21365,8569.660490493876,0.0,0.0,179.4952790935366,6.009160106176708e-14,6.009160106176708e-14
0.2137,8569.686211390706,0.0,0.0,179.49507001141896,6.009150078658238e-14,6.009150078658238e-14
0.21375000000000002,8569.715284168704,0.0,0.0,179.4949430107409,6.009150351213747e-14,6.009150351213747e-14
0.21380000000000002,8569.753398355093,0.0,0.0,179.49497885965025,6.009150267569869e-14,6.009150267569869e-14
0.21385,8569.794061436476,0.0,0.0,179.49511904926578,6.00915755125202e-14,6.00915755125202e-14
0.2139,8569.844120346479,0.0,0.0,179.49539779630518,6.009167652693975e-14,6.009167652693975e-14
0.21395,8569.896387978059,0.0,0.0,179.4958054346129,6.00918176717692e-14,6.00918176717692e-14
0.21400000000000002,8569.957856019517,0.0,0.0,179.49632524436254,6.00920202965148e-14,6.00920202965148e-14
0.21405000000000002,8570.021677630151,0.0,0.0,179.49699744621265,6.009222968158613e-14,6.009222968158613e-14
0.2141,8570.093970377924,0.0,0.0,179.4977567191786,6.009253096649749e-14,6.009253096649749e-14
0.21415,8570.169197800968,0.0,0.0,179.49868755783447,6.009281020111082e-14,6.009281020111082e-14
0.2142,8570.251715596049,0.0,0.0,179.49968474523885,6.009320475662557e-14,6.009320475662557e-14
0.21425000000000002,8570.338075670197,0.0,0.0,179.50086558141209,6.009355667177598e-14,6.009355667177598e-14
0.21430000000000002,8570.43023280011,0.0,0.0,179.50209880678372,6.009403724039996e-14,6.009403724039996e-14
0.21435,8570.527308345761,0.0,0.0,179.50351880309157,6.009446529272446e-14,6.009446529272446e-14
0.2144,8570.62854990145,0.0,0.0,179.5049853465715,6.009502343942046e-14,6.009502343942046e-14
0.21445,8570.735775051666,0.0,0.0,179.50663209584,6.009553092368849e-14,6.009553092368849e-14
0.21450000000000002,8570.845582402268,0.0,0.0,179.50832782268986,6.009615791390426e-14,6.009615791390426e-14
0.21455000000000002,8570.962248529144,0.0,0.0,179.51018800633784,6.009674715721859e-14,6.009674715721859e-14
0.2146,8571.080132807918,0.0,0.0,179.51210682286674,6.009743470980769e-14,6.009743470980769e-14
0.21465,8571.205409174865,0.0,0.0,179.51416681399908,6.009810639399729e-14,6.009810639399729e-14
0.2147,8571.330892456619,0.0,0.0,179.5163002360713,6.009884737991413e-14,6.009884737991413e-14
0.21475,8571.46385517549,0.0,0.0,179.5185465683796,6.009959997586664e-14,6.009959997586664e-14
0.21480000000000002,8571.596446496062,0.0,0.0,179.52088346709613,6.010038884973294e-14,6.010038884973294e-14
0.21485,8571.736113700985,0.0,0.0,179.5233031173807,6.010121840829818e-14,6.010121840829818e-14
0.2149,8571.875279638693,0.0,0.0,179.52582968269925,6.010205135899013e-14,6.010205135899013e-14
0.21495,8572.020648771053,0.0,0.0,179.52841013721087,6.010295150140174e-14,6.010295150140174e-14
0.215,8572.16578732191,0.0,0.0,179.53111007056572,6.010382635678485e-14,6.010382635678485e-14
0.21505000000000002,8572.315867607686,0.0,0.0,179.5338391831621,6.010478862078488e-14,6.010478862078488e-14
0.2151,8572.466286870014,0.0,0.0,179.53669409432865,6.010570440913404e-14,6.010570440913404e-14
0.21515,8572.620126391355,0.0,0.0,179.53955977138588,6.01067188000326e-14,6.01067188000326e-14
0.2152,8572.775032701107,0.0,0.0,179.5425497323936,6.010767520726151e-14,6.010767520726151e-14
0.21525,8572.931733438298,0.0,0.0,179.54553950514642,6.010873089173778e-14,6.010873089173778e-14
0.21530000000000002,8573.090231349654,0.0,0.0,179.5486436877577,6.010972753063547e-14,6.010972753063547e-14
0.21535,8573.248954561623,0.0,0.0,179.55174424976047,6.01108136384198e-14,6.01108136384198e-14
0.2154,8573.410056956458,0.0,0.0,179.55494156844227,6.011184937770565e-14,6.011184937770565e-14
0.21545,8573.570016682825,0.0,0.0,179.5581383552336,6.011295567503146e-14,6.011295567503146e-14
0.2155,8573.732666936781,0.0,0.0,179.56140803682945,6.011402805416425e-14,6.011402805416425e-14
0.21555000000000002,8573.893114821196,0.0,0.0,179.5646849220618,6.011514555588872e-14,6.011514555588872e-14
0.2156,8574.056214398284,0.0,0.0,179.5680069371341,6.011625036784927e-14,6.011625036784927e-14
0.21565,8574.216419874498,0.0,0.0,179.5713460954014,6.011737166063258e-14,6.011737166063258e-14
0.2157,8574.378861041972,0.0,0.0,179.5747014109931,6.011850282993991e-14,6.011850282993991e-14
0.21575,8574.538088384126,0.0,0.0,179.5780833759184,6.011962218634143e-14,6.011962218634143e-14
0.21580000000000002,8574.698785848861,0.0,0.0,179.5814540133127,6.012077183286321e-14,6.012077183286321e-14
0.21585000000000001,8574.856275501625,0.0,0.0,179.5848579282742,6.012188506240725e-14,6.012188506240725e-14
0.2159,8575.014193411855,0.0,0.0,179.58822684342454,6.012304387647699e-14,6.012304387647699e-14
0.21595,8575.169147728238,0.0,0.0,179.59163087421715,6.012414793770151e-14,6.012414793770151e-14
0.216,8575.323320301351,0.0,0.0,179.5949816996531,6.012530567565198e-14,6.012530567565198e-14
0.21605000000000002,8575.474898555798,0.0,0.0,179.5983635583113,6.012639819550721e-14,6.012639819550721e-14
0.21610000000000001,8575.624440189948,0.0,0.0,179.60168026743887,6.012754431152445e-14,6.012754431152445e-14
0.21615,8575.771762662405,0.0,0.0,179.6050177786228,6.012862298091855e-14,6.012862298091855e-14
0.2162,8575.91586986281,0.0,0.0,179.6082843407852,6.012974726844329e-14,6.012974726844329e-14
0.21625,8576.05803048995,0.0,0.0,179.61155598301104,6.013080933735074e-14,6.013080933735074e-14
0.21630000000000002,8576.1959742537,0.0,0.0,179.61475607515553,6.013190246505508e-14,6.013190246505508e-14
0.21635000000000001,8576.332061084287,0.0,0.0,179.61794143220615,6.013294430667512e-14,6.013294430667512e-14
0.2164,8576.46317395954,0.0,0.0,179.62105826338063,6.013399825403693e-14,6.013399825403693e-14
0.21645,8576.59229275601,0.0,0.0,179.6241383401038,6.01350151291354e-14,6.01350151291354e-14
0.2165,8576.715952683839,0.0,0.0,179.62715462141793,6.01360233678811e-14,6.01360233678811e-14
0.21655000000000002,8576.837252509878,0.0,0.0,179.63011199987224,6.013700940120058e-14,6.013700940120058e-14
0.21660000000000001,8576.952866837997,0.0,0.0,179.6330100717894,6.013796691653265e-14,6.013796691653265e-14
0.21665,8577.06556215562,0.0,0.0,179.63582890811094,6.01389152481261e-14,6.01389152481261e-14
0.2167,8577.172555935918,0.0,0.0,179.63859100867805,6.013981833136339e-14,6.013981833136339e-14
0.21675,8577.275943966224,0.0,0.0,179.6412568973921,6.014072147815453e-14,6.014072147815453e-14
0.21680000000000002,8577.373753154765,0.0,0.0,179.6438655351871,6.014156738765401e-14,6.014156738765401e-14
0.21685000000000001,8577.467224042965,0.0,0.0,179.64636528362206,6.01424176676229e-14,6.01424176676229e-14
0.2169,8577.555296659111,0.0,0.0,179.64880366379361,6.01432042201423e-14,6.01432042201423e-14
0.21695,8577.638335517722,0.0,0.0,179.65112503329544,6.014399425041579e-14,6.014399425041579e-14
0.217,8577.716139138469,0.0,0.0,179.6533774778436,6.01447193871894e-14,6.01447193871894e-14
0.21705000000000002,8577.788321635315,0.0,0.0,179.65550894779204,6.014544251738919e-14,6.014544251738919e-14
0.21710000000000002,8577.855356788703,0.0,0.0,179.65756125644907,6.014610397600412e-14,6.014610397600412e-14
0.21715,8577.916338807188,0.0,0.0,179.65949186056852,6.014675462446485e-14,6.014675462446485e-14
0.2172,8577.972155806348,0.0,0.0,179.6613315681631,6.014734970447433e-14,6.014734970447433e-14
0.21725,8578.021660869224,0.0,0.0,179.66305083695244,6.014792355390418e-14,6.014792355390418e-14
0.21730000000000002,8578.065876991945,0.0,0.0,179.66466734366566,6.014844906880327e-14,6.014844906880327e-14
0.21735000000000002,8578.103683484876,0.0,0.0,179.66616536534272,6.014894307515567e-14,6.014894307515567e-14
0.2174,8578.135998234591,0.0,0.0,179.66754993628112,6.014939545046254e-14,6.014939545046254e-14
0.21745,8578.161929554062,0.0,0.0,179.66881752817284,6.014980771954528e-14,6.014980771954528e-14
0.2175,8578.182134984958,0.0,0.0,179.66996318071557,6.015018322887239e-14,6.015018322887239e-14
0.21755000000000002,8578.196054476093,0.0,0.0,179.6709921417125,6.015051275149957e-14,6.015051275149957e-14
0.21760000000000002,8578.20403958687,0.0,0.0,179.6718934565436,6.015080784609554e-14,6.015080784609554e-14
0.21765,8578.205851205492,0.0,0.0,179.6726768585222,6.015105418487407e-14,6.015105418487407e-14
0.2177,8578.201599575774,0.0,0.0,179.67332976034842,6.015126583559119e-14,6.015126583559119e-14
0.21775,8578.191254281592,0.0,0.0,179.67386222916153,6.01514288053251e-14,6.01514288053251e-14
0.21780000000000002,8578.174835874113,0.0,0.0,179.6742637863888,6.015155481719185e-14,6.015155481719185e-14
0.21785000000000002,8578.15234236364,0.0,0.0,179.67454172568503,6.015163422977604e-14,6.015163422977604e-14
0.2179,8578.12390109712,0.0,0.0,179.67469001118144,6.015167345205545e-14,6.015167345205545e-14
0.21795,8578.08933874087,0.0,0.0,179.6747117326871,6.015166897580427e-14,6.015166897580427e-14
0.218,8578.04907844069,0.0,0.0,179.6746057747126,6.015162138534185e-14,6.015162138534185e-14
0.21805000000000002,8578.00260981458,0.0,0.0,179.67437151492152,6.01515325402204e-14,6.01515325402204e-14
0.21810000000000002,8577.950780955336,0.0,0.0,179.67401134826375,6.015139917740705e-14,6.015139917740705e-14
0.21815,8577.89266133874,0.0,0.0,179.67352317152796,6.015122546867438e-14,6.015122546867438e-14
0.2182,8577.829551512577,0.0,0.0,179.67290997875313,6.015100824417306e-14,6.015100824417306e-14
0.21825,8577.760132919775,0.0,0.0,179.67217158638132,6.015074940862816e-14,6.015074940862816e-14
0.21830000000000002,8577.686062415803,0.0,0.0,179.67130790051243,6.015045081192456e-14,6.015045081192456e-14
0.21835000000000002,8577.605791331946,0.0,0.0,179.67032438165919,6.015010712374104e-14,6.015010712374104e-14
0.2184,8577.52111498892,0.0,0.0,179.669214308637,6.014972990083131e-14,6.014972990083131e-14
0.21845,8577.43052283769,0.0,0.0,179.66799187868185,6.014930247796715e-14,6.014930247796715e-14
0.2185,8577.335637772914,0.0,0.0,179.66664129165795,6.014884932163178e-14,6.014884932163178e-14
0.21855000000000002,8577.235326004884,0.0,0.0,179.66518706577622,6.014834037550132e-14,6.014834037550132e-14
0.21860000000000002,8577.130683354397,0.0,0.0,179.6636037266809,6.014781371100763e-14,6.014781371100763e-14
0.21865,8577.02130426759,0.0,0.0,179.6619255691269,6.014722666766607e-14,6.014722666766607e-14
0.2187,8576.907423372593,0.0,0.0,179.6601191432364,6.014662856017664e-14,6.014662856017664e-14
0.21875,8576.789660063996,0.0,0.0,179.6582256196969,6.014596805135755e-14,6.014596805135755e-14
0.21880000000000002,8576.667140850297,0.0,0.0,179.6562075663785,6.014530026587521e-14,6.014530026587521e-14
0.21885000000000002,8576.541689248397,0.0,0.0,179.6541080062312,6.014457194025491e-14,6.014457194025491e-14
0.2189,8576.411221373806,0.0,0.0,179.6518913500321,6.014383616126099e-14,6.014383616126099e-14
0.21895,8576.278776465213,0.0,0.0,179.64959600547832,6.014304637733104e-14,6.014304637733104e-14
0.219,8576.141141407408,0.0,0.0,179.64719501137162,6.014224452227845e-14,6.014224452227845e-14
0.21905000000000002,8576.002391230053,0.0,0.0,179.64471527997554,6.014139993681528e-14,6.014139993681528e-14
0.21910000000000002,8575.85845649488,0.0,0.0,179.64214507533177,6.01405345603277e-14,6.01405345603277e-14
0.21915,8575.71408293556,0.0,0.0,179.63949373851608,6.013964168398748e-14,6.013964168398748e-14
0.2192,8575.564788354784,0.0,0.0,179.63676993304313,6.013871634080849e-14,6.013871634080849e-14
0.21925,8575.415476361972,0.0,0.0,179.6339613571597,6.013778115319753e-14,6.013778115319753e-14
0.21930000000000002,8575.261812307914,0.0,0.0,179.6310997160485,6.013680070531472e-14,6.013680070531472e-14
0.21935000000000002,8575.10826449084,0.0,0.0,179.62814996367874,6.01358283466265e-14,6.01358283466265e-14
0.2194,8574.951246236422,0.0,0.0,179.6251661809649,6.013479911440295e-14,6.013479911440295e-14
0.21945,8574.794200614653,0.0,0.0,179.6220929939506,6.01337937807788e-14,6.01337937807788e-14
0.2195,8574.634839816652,0.0,0.0,179.619002598132,6.013272350126572e-14,6.013272350126572e-14
0.21955000000000002,8574.475087770476,0.0,0.0,179.61582523007996,6.013168849148e-14,6.013168849148e-14
0.21960000000000002,8574.314366780594,0.0,0.0,179.6126436337816,6.013058610661146e-14,6.013058610661146e-14
0.21965,8574.15276615723,0.0,0.0,179.60938253530298,6.012952408792881e-14,6.012952408792881e-14
0.2197,8573.991617136615,0.0,0.0,179.60612521462022,6.012839931080276e-14,6.012839931080276e-14
0.21975,8573.82909954696,0.0,0.0,179.6028015970899,6.012731273206882e-14,6.012731273206882e-14
0.21980000000000002,8573.668391799818,0.0,0.0,179.5994843663778,6.012617553471988e-14,6.012617553471988e-14
0.21985000000000002,8573.50595922141,0.0,0.0,179.59611969070852,6.012506712013188e-14,6.012506712013188e-14
0.2199,8573.346497021306,0.0,0.0,179.59275901749402,6.012392711949331e-14,6.012392711949331e-14
0.21995,8573.185209378664,0.0,0.0,179.58937447002535,6.01228004142081e-14,6.01228004142081e-14
0.22,8573.027738541787,0.0,0.0,179.58598776737438,6.012166631625218e-14,6.012166631625218e-14
0.22005000000000002,8572.868691198322,0.0,0.0,179.58260378708994,6.012052610639005e-14,6.012052610639005e-14
0.22010000000000002,8572.713915965722,0.0,0.0,179.57920961952024,6.011940525817691e-14,6.011940525817691e-14
0.22015,8572.558209625355,0.0,0.0,179.57584553915515,6.011825789500569e-14,6.011825789500569e-14
0.2202,8572.406813889751,0.0,0.0,179.57246368812423,6.011715599899889e-14,6.011715599899889e-14
0.22025,8572.25552160505,0.0,0.0,179.5691375332712,6.011600946090372e-14,6.011600946090372e-14
0.22030000000000002,8572.108193320915,0.0,0.0,179.56578888966615,6.011493056551911e-14,6.011493056551911e-14
0.22035000000000002,8571.962326112065,0.0,0.0,179.5625173600213,6.011379430620985e-14,6.011379430620985e-14
0.2204,8571.81977933665,0.0,0.0,179.55922363313633,6.01127409773553e-14,6.01127409773553e-14
0.22045,8571.680257956707,0.0,0.0,179.5560222619273,6.011162553904985e-14,6.011162553904985e-14
0.2205,8571.543248204187,0.0,0.0,179.55280552630245,6.011059931397232e-14,6.011059931397232e-14
0.22055000000000002,8571.410881707618,0.0,0.0,179.54968898578616,6.010951571828076e-14,6.010951571828076e-14
0.22060000000000002,8571.28021304866,0.0,0.0,179.5465711093534,6.010851766916523e-14,6.010851766916523e-14
0.22065,8571.15568917833,0.0,0.0,179.5435536094923,6.01074767472812e-14,6.01074767472812e-14
0.2207,8571.032208426614,0.0,0.0,179.54055562896528,6.010650814475608e-14,6.010650814475608e-14
0.22075,8570.916095865674,0.0,0.0,179.53765133660653,6.010551977580557e-14,6.010551977580557e-14
0.22080000000000002,8570.800676862242,0.0,0.0,179.53479285588938,6.01045827362755e-14,6.01045827362755e-14
0.22085000000000002,8570.693438491922,0.0,0.0,179.53201626081741,6.010365523122447e-14,6.010365523122447e-14
0.2209,8570.586954714652,0.0,0.0,179.5293149463963,6.010275319930797e-14,6.010275319930797e-14
0.22095,8570.488971475956,0.0,0.0,179.5266811027148,6.010189280790982e-14,6.010189280790982e-14
0.221,8570.39226254358,0.0,0.0,179.52415234158119,6.010103089489443e-14,6.010103089489443e-14
0.22105000000000002,8570.303861160657,0.0,0.0,179.52167693217092,6.010024157245806e-14,6.010024157245806e-14
0.22110000000000002,8570.217696303944,0.0,0.0,179.51933369186958,6.009942655721365e-14,6.009942655721365e-14
0.22115,8570.139180178508,0.0,0.0,179.5170328887509,6.009871002657387e-14,6.009871002657387e-14
0.2212,8570.064222651112,0.0,0.0,179.51488579569462,6.009795014246675e-14,6.009795014246675e-14
0.22125,8569.995897684292,0.0,0.0,179.5127759173679,6.009730618354761e-14,6.009730618354761e-14
0.22130000000000002,8569.932677263734,0.0,0.0,179.51083353490307,6.009661060390708e-14,6.009661060390708e-14
0.22135000000000002,8569.874870618472,0.0,0.0,179.50893053606833,6.009603764722466e-14,6.009603764722466e-14
0.2214,8569.823764280101,0.0,0.0,179.50719979692903,6.009541578881892e-14,6.009541578881892e-14
0.22145,8569.776832533216,0.0,0.0,179.50551864740132,6.009491158833612e-14,6.009491158833612e-14
0.2215,8569.738059553189,0.0,0.0,179.50400537271778,6.009437233794065e-14,6.009437233794065e-14
0.22155,8569.702383213431,0.0,0.0,179.502559405082,6.009393476493777e-14,6.009393476493777e-14
0.22160000000000002,8569.676012322794,0.0,0.0,179.5012688267363,6.009348565680445e-14,6.009348565680445e-14
0.22165,8569.651979848406,0.0,0.0,179.50006913549342,6.009311339741401e-14,6.009311339741401e-14
0.2217,8569.637948922978,0.0,0.0,179.4990063417548,6.009275998375851e-14,6.009275998375851e-14
0.22175,8569.625928791887,0.0,0.0,179.498061313068,6.009245307900706e-14,6.009245307900706e-14
0.2218,8569.624074162057,0.0,0.0,179.49723154347123,6.009219843311996e-14,6.009219843311996e-14
0.22185000000000002,8569.624382119577,0.0,0.0,179.4965465784411,6.009195860919584e-14,6.009195860919584e-14
0.22190000000000001,8569.634471839012,0.0,0.0,179.4959553204182,6.009180316709332e-14,6.009180316709332e-14
0.22195,8569.647335061642,0.0,0.0,179.4955327858051,6.009163381041901e-14,6.009163381041901e-14
0.222,8569.669104110131,0.0,0.0,179.49518565152314,6.009157548350162e-14,6.009157548350162e-14
0.22205,8569.694628854693,0.0,0.0,179.4950250650235,6.009148139766287e-14,6.009148139766287e-14
0.22210000000000002,8569.727807788562,0.0,0.0,179.49492746060812,6.009151596674495e-14,6.009151596674495e-14
0.22215000000000001,8569.765955132285,0.0,0.0,179.4950258803554,6.009150279444913e-14,6.009150279444913e-14
0.2222,8569.810291780213,0.0,0.0,179.49518251193717,6.009162457579932e-14,6.009162457579932e-14
0.22225,8569.860863075644,0.0,0.0,179.49553507606237,6.009169809323858e-14,6.009169809323858e-14
0.2223,8569.916131615035,0.0,0.0,179.49594935839787,6.009190067856584e-14,6.009190067856584e-14
0.22235000000000002,8569.978768951645,0.0,0.0,179.4965498972444,6.009206598471834e-14,6.009206598471834e-14
0.22240000000000001,8570.044766463305,0.0,0.0,179.4972233503836,6.009234309186128e-14,6.009234309186128e-14
0.22245,8570.118964368787,0.0,0.0,179.49806498525842,6.00926038174755e-14,6.00926038174755e-14
0.2225,8570.195496409935,0.0,0.0,179.49899670253953,6.009294998765189e-14,6.009294998765189e-14
0.22255,8570.280626558077,0.0,0.0,179.50007234977565,6.009330769305923e-14,6.009330769305923e-14
0.22260000000000002,8570.367481824987,0.0,0.0,179.50125861506132,6.00937188546532e-14,6.00937188546532e-14
0.22265000000000001,8570.462825340366,0.0,0.0,179.50256132551044,6.009417258743346e-14,6.009417258743346e-14
0.2227,8570.559746649198,0.0,0.0,179.50399543465824,6.009464634599192e-14,6.009464634599192e-14
0.22275,8570.664530168613,0.0,0.0,179.5055185284015,6.0095192561628e-14,6.0095192561628e-14
0.2228,8570.771182937133,0.0,0.0,179.50719084165692,6.009572817422876e-14,6.009572817422876e-14
0.22285000000000002,8570.88461471099,0.0,0.0,179.5089278237227,6.009636088994648e-14,6.009636088994648e-14
0.22290000000000001,8571.000560526165,0.0,0.0,179.51082604579264,6.009695900361081e-14,6.009695900361081e-14
0.22295,8571.121859705554,0.0,0.0,179.5127703247949,6.009767026606054e-14,6.009767026606054e-14
0.223,8571.24653732183,0.0,0.0,179.51487997426932,6.00983323439592e-14,6.00983323439592e-14
0.22305,8571.374955844789,0.0,0.0,179.51702443297927,6.009911289756047e-14,6.009911289756047e-14
0.22310000000000002,8571.507672958423,0.0,0.0,179.51932944197608,6.009984056015303e-14,6.009984056015303e-14
0.22315000000000002,8571.642504540256,0.0,0.0,179.5216659298142,6.010068060118997e-14,6.010068060118997e-14
0.2232,8571.782442775126,0.0,0.0,179.52414929371494,6.010147485364278e-14,6.010147485364278e-14
0.22325,8571.923021242595,0.0,0.0,179.52666812446992,6.010236484563713e-14,6.010236484563713e-14
0.2233,8572.06925151685,0.0,0.0,179.52931251989818,6.010322539175563e-14,6.010322539175563e-14
0.22335000000000002,8572.214938088995,0.0,0.0,179.53200205256155,6.010415671130447e-14,6.010415671130447e-14
0.22340000000000002,8572.366447507922,0.0,0.0,179.53479034753826,6.010508142286931e-14,6.010508142286931e-14
0.22345,8572.516609787705,0.0,0.0,179.53763671972627,6.010604688176129e-14,6.010604688176129e-14
0.2235,8572.672333493789,0.0,0.0,179.54055231694664,6.010703146489504e-14,6.010703146489504e-14
0.22355,8572.826321553304,0.0,0.0,179.54353937375933,6.010802553051155e-14,6.010802553051155e-14
0.22360000000000002,8572.985177672912,0.0,0.0,179.54656635668132,6.010906351709305e-14,6.010906351709305e-14
0.22365000000000002,8573.142298905186,0.0,0.0,179.54967579195457,6.011008228258514e-14,6.011008228258514e-14
0.2237,8573.303221300086,0.0,0.0,179.55279886944865,6.01111652273861e-14,6.01111652273861e-14
0.22375,8573.462721133847,0.0,0.0,179.55601056532558,6.011220613315985e-14,6.011220613315985e-14
0.2238,8573.624685579034,0.0,0.0,179.55921484442095,6.011332410460464e-14,6.011332410460464e-14
0.22385000000000002,8573.78573486435,0.0,0.0,179.5625073664759,6.011438542300299e-14,6.011438542300299e-14
0.22390000000000002,8573.947777433128,0.0,0.0,179.56577800385577,6.011552761579869e-14,6.011552761579869e-14
0.22395,8574.109470274532,0.0,0.0,179.56912919114853,6.011660787144382e-14,6.011660787144382e-14
0.224,8574.270694211185,0.0,0.0,179.57245099240316,6.011776330790504e-14,6.011776330790504e-14
0.22405,8574.432056233401,0.0,0.0,179.57583856699785,6.0118860616417e-14,6.0118860616417e-14
0.22410000000000002,8574.591629893153,0.0,0.0,179.57919560786027,6.012001883665979e-14,6.012001883665979e-14
0.22415000000000002,8574.751635460023,0.0,0.0,179.58259773215065,6.012113036999458e-14,6.012113036999458e-14
0.2242,8574.908780802052,0.0,0.0,179.58597306875612,6.012228196970021e-14,6.012228196970021e-14
0.22425,8575.066378291158,0.0,0.0,179.58936878667166,6.012340354567432e-14,6.012340354567432e-14
0.2243,8575.220354209856,0.0,0.0,179.59274430900612,6.012454057857886e-14,6.012454057857886e-14
0.22435000000000002,8575.374493957985,0.0,0.0,179.59611382836727,6.012566646944363e-14,6.012566646944363e-14
0.22440000000000002,8575.524577539523,0.0,0.0,179.5994702845166,6.012678257130413e-14,6.012678257130413e-14
0.22445,8575.674240998134,0.0,0.0,179.60279508322824,6.012790556196567e-14,6.012790556196567e-14
0.2245,8575.819709734886,0.0,0.0,179.6061122786499,6.012899588483498e-14,6.012899588483498e-14
0.22455,8575.963934392717,0.0,0.0,179.60937504278516,6.013010751420109e-14,6.013010751420109e-14
0.22460000000000002,8576.104054119829,0.0,0.0,179.61263219031088,6.013116843496034e-14,6.013116843496034e-14
0.22465000000000002,8576.2419523611,0.0,0.0,179.615816619324,6.013225945462836e-14,6.013225945462836e-14
0.2247,8576.375971272824,0.0,0.0,179.61899279502703,6.013328814264182e-14,6.013328814264182e-14
0.22475,8576.506741357263,0.0,0.0,179.62208332465235,6.01343490351089e-14,6.01343490351089e-14
0.2248,8576.633892983253,0.0,0.0,179.62515797111683,6.013534297278418e-14,6.013534297278418e-14
0.22485000000000002,8576.756820884413,0.0,0.0,179.62813947671734,6.013636452447265e-14,6.013636452447265e-14
0.22490000000000002,8576.87633442907,0.0,0.0,179.63109288917025,6.013732101408295e-14,6.013732101408295e-14
0.22495,8576.99078875687,0.0,0.0,179.63395042997243,6.013829481283961e-14,6.013829481283961e-14
0.225,8577.101905808735,0.0,0.0,179.63676416848102,6.013921061650428e-14,6.013921061650428e-14
0.22505,8577.207326401563,0.0,0.0,179.6394828236861,6.014012942022663e-14,6.014012942022663e-14
0.22510000000000002,8577.309321602472,0.0,0.0,179.64214000620584,6.014100051689851e-14,6.014100051689851e-14
0.22515000000000002,8577.405205852818,0.0,0.0,179.64470483676095,6.014185846858946e-14,6.014185846858946e-14
0.2252,8577.497407867468,0.0,0.0,179.64719029024803,6.01426800165805e-14,6.01426800165805e-14
0.22525,8577.583296957937,0.0,0.0,179.64958643630027,6.014347264431233e-14,6.014347264431233e-14
0.2253,8577.66510767473,0.0,0.0,179.65188670492645,6.014423911396693e-14,6.014423911396693e-14
0.22535000000000002,8577.740575948059,0.0,0.0,179.65409960784802,6.014496318821473e-14,6.014496318821473e-14
0.22540000000000002,8577.81148433122,0.0,0.0,179.65620283985612,6.014566863928728e-14,6.014566863928728e-14
0.22545,8577.876133977663,0.0,0.0,179.65821855559105,6.014632187415612e-14,6.014632187415612e-14
0.2255,8577.93572385483,0.0,0.0,179.66011430862824,6.014696034478807e-14,6.014696034478807e-14
0.22555,8577.989185490242,0.0,0.0,179.66191986653394,6.014754104520873e-14,6.014754104520873e-14
0.22560000000000002,8578.0371361628,0.0,0.0,179.66359888054845,6.014810694986973e-14,6.014810694986973e-14
0.22565000000000002,8578.079075861215,0.0,0.0,179.66518263511077,6.014861365316916e-14,6.014861365316916e-14
0.2257,8578.115156428299,0.0,0.0,179.66663662511942,6.0149102163483e-14,6.0149102163483e-14
0.22575,8578.14528726094,0.0,0.0,179.66798855089877,6.014953334129084e-14,6.014953334129084e-14
0.2258,8578.169346474573,0.0,0.0,179.6692100635453,6.014994065444867e-14,6.014994065444867e-14
0.22585000000000002,8578.187442925328,0.0,0.0,179.67032195519366,6.015029454142737e-14,6.015029454142737e-14
0.22590000000000002,8578.199396685623,0.0,0.0,179.67130431960453,6.015061802219349e-14,6.015061802219349e-14
0.22595,8578.205309054505,0.0,0.0,179.67216987498546,6.015089257492967e-14,6.015089257492967e-14
0.226,8578.205128537276,0.0,0.0,179.67290725883328,6.015113074502214e-14,6.015113074502214e-14
0.22605,8578.198794782109,0.0,0.0,179.67352204432967,6.015132375662308e-14,6.015132375662308e-14
0.22610000000000002,8578.186497438934,0.0,0.0,179.6740096055595,6.015147614262802e-14,6.015147614262802e-14
0.22615000000000002,8578.167950276757,0.0,0.0,179.6743709216619,6.015158546698633e-14,6.015158546698633e-14
0.2262,8578.143595639473,0.0,0.0,179.6746050283192,6.01516523509584e-14,6.01516523509584e-14
0.22625,8578.1129635851,0.0,0.0,179.67471171019844,6.015167620173799e-14,6.015167620173799e-14
0.2263,8578.076654664968,0.0,0.0,179.67469018737273,6.015165831762327e-14,6.015165831762327e-14
0.22635000000000002,8578.034156624033,0.0,0.0,179.6745423846336,6.015159557742838e-14,6.015159557742838e-14
0.22640000000000002,8577.986046701215,0.0,0.0,179.67426474230587,6.015149382244476e-14,6.015149382244476e-14
0.22645,8577.93198114988,0.0,0.0,179.67386372393076,6.01513443032722e-14,6.01513443032722e-14
0.2265,8577.872284385572,0.0,0.0,179.67333132199772,6.01511595183716e-14,6.01511595183716e-14
0.22655,8577.80701476034,0.0,0.0,179.67267934595796,6.015092411972647e-14,6.015092411972647e-14
0.22660000000000002,8577.736018803931,0.0,0.0,179.67189546330187,6.015065698530539e-14,6.015065698530539e-14
0.22665000000000002,8577.659957673999,0.0,0.0,179.6709957368117,6.015033772273392e-14,6.015033772273392e-14
0.2267,8577.57803505484,0.0,0.0,179.66996552755458,6.014998878946738e-14,6.014998878946738e-14
0.22675,8577.491629982724,0.0,0.0,179.66882226539983,6.014958867556985e-14,6.014958867556985e-14
0.2268,8577.39924620739,0.0,0.0,179.66755260517343,6.01491585345584e-14,6.01491585345584e-14
0.22685000000000002,8577.302969279512,0.0,0.0,179.6661711739238,6.014868133921452e-14,6.014868133921452e-14
0.22690000000000002,8577.200685058888,0.0,0.0,179.66467041776707,6.014817088657659e-14,6.014817088657659e-14
0.22695,8577.095028684253,0.0,0.0,179.66305753561815,6.014762081092856e-14,6.014762081092856e-14
0.227,8576.983495078302,0.0,0.0,179.6613352253968,6.014703157823127e-14,6.014703157823127e-14
0.22705,8576.868973909228,0.0,0.0,179.65949917449996,6.014641289522348e-14,6.014641289522348e-14
0.22710000000000002,8576.748920646027,0.0,0.0,179.65756574234834,6.014574735802263e-14,6.014574735802263e-14
0.22715000000000002,8576.626080007218,0.0,0.0,179.65551654565363,6.014506410028956e-14,6.014506410028956e-14
0.2272,8576.498297243317,0.0,0.0,179.65338306189844,6.014432592164862e-14,6.014432592164862e-14
0.22725,8576.367725971528,0.0,0.0,179.65113257883593,6.014358164688156e-14,6.014358164688156e-14
0.2273,8576.233042748801,0.0,0.0,179.648810585434,6.014277579323534e-14,6.014277579323534e-14
0.22735000000000002,8576.095387923217,0.0,0.0,179.6463724932572,6.014197351107126e-14,6.014197351107126e-14
0.22740000000000002,8575.954649013667,0.0,0.0,179.64387394900461,6.014110619796558e-14,6.014110619796558e-14
0.22745,8575.810630029015,0.0,0.0,179.64126359308284,6.014024844243851e-14,6.014024844243851e-14
0.2275,8575.664675425014,0.0,0.0,179.63860093800025,6.013932693199344e-14,6.013932693199344e-14
0.22755,8575.515093204625,0.0,0.0,179.63583505646187,6.013841600201966e-14,6.013841600201966e-14
0.22760000000000002,8575.36474257916,0.0,0.0,179.63302137970945,6.013744822820181e-14,6.013744822820181e-14
0.22765000000000002,8575.210482801858,0.0,0.0,179.6301177286933,6.013648655362625e-14,6.013648655362625e-14
0.2277,8575.056527152594,0.0,0.0,179.62716700609812,6.013548067595276e-14,6.013548067595276e-14
0.22775,8574.8985542141,0.0,0.0,179.62414392906138,6.013447123414491e-14,6.013447123414491e-14
0.2278,8574.741756658079,0.0,0.0,179.62107127991047,6.013343513727236e-14,6.013343513727236e-14
0.22785000000000002,8574.581099279614,0.0,0.0,179.61794727680535,6.013238188897331e-14,6.013238188897331e-14
0.22790000000000002,8574.422203204176,0.0,0.0,179.61476918364477,6.013132273538336e-14,6.013132273538336e-14
0.22795,8574.259932111243,0.0,0.0,179.61156253634877,6.013023094339016e-14,6.013023094339016e-14
0.228,8574.09967700664,0.0,0.0,179.60829697355655,6.012915484642155e-14,6.012915484642155e-14
0.22805,8573.936876612548,0.0,0.0,179.60502547923784,6.012803127646201e-14,6.012803127646201e-14
0.2281,8573.77601699342,0.0,0.0,179.60169190685033,6.012694312434512e-14,6.012694312434512e-14
0.22815000000000002,8573.613755647784,0.0,0.0,179.59837275371208,6.012579602558651e-14,6.012579602558651e-14
0.22820000000000001,8573.453080731937,0.0,0.0,179.59499195382153,6.01246995447908e-14,6.01246995447908e-14
0.22825,8573.292381444497,0.0,0.0,179.59164175312162,6.012353842685296e-14,6.012353842685296e-14
0.2283,8573.132731448546,0.0,0.0,179.58823550766982,6.01224364115218e-14,6.01224364115218e-14
0.22835,8572.974548885592,0.0,0.0,179.58487047106732,6.012127163684749e-14,6.012127163684749e-14
0.22840000000000002,8572.81682390042,0.0,0.0,179.58146110729652,6.01201663898001e-14,6.01201663898001e-14
0.22845000000000001,8572.66202890415,0.0,0.0,179.57809733345297,6.011900859092152e-14,6.011900859092152e-14
0.2285,8572.507189287095,0.0,0.0,179.5747071832052,6.011790245371308e-14,6.011790245371308e-14
0.22855,8572.35656408319,0.0,0.0,179.57136100045315,6.01167619198179e-14,6.01167619198179e-14
0.2286,8572.205619128252,0.0,0.0,179.56801183612257,6.01156578388584e-14,6.01156578388584e-14
0.22865000000000002,8572.059863368224,0.0,0.0,179.56470013380525,6.011454387268344e-14,6.011454387268344e-14
0.22870000000000001,8571.913850973306,0.0,0.0,179.56141265036075,6.011344592193802e-14,6.011344592193802e-14
0.22875,8571.773596713338,0.0,0.0,179.55815313287155,6.011236634061943e-14,6.011236634061943e-14
0.2288,8571.633553963398,0.0,0.0,179.55494653977513,6.011128006223173e-14,6.011128006223173e-14
0.22885,8571.499388782004,0.0,0.0,179.5517578443789,6.011024085811472e-14,6.011024085811472e-14
0.22890000000000002,8571.3663179941,0.0,0.0,179.5486496198065,6.010917343723581e-14,6.010917343723581e-14
0.22895000000000001,8571.238810019795,0.0,0.0,179.54555125885088,6.010817867436623e-14,6.010817867436623e-14
0.229,8571.113644357496,0.0,0.0,179.54255709318477,6.010713881505571e-14,6.010713881505571e-14
0.22905,8570.993367485227,0.0,0.0,179.53956920732858,6.010619080346328e-14,6.010619080346328e-14
0.2291,8570.876939297648,0.0,0.0,179.53670313854624,6.010518839365148e-14,6.010518839365148e-14
0.22915000000000002,8570.764492335622,0.0,0.0,179.53384607407665,6.010428805883996e-14,6.010428805883996e-14
0.22920000000000001,8570.657510491308,0.0,0.0,179.5311207873245,6.010333360335644e-14,6.010333360335644e-14
0.22925,8570.553527569165,0.0,0.0,179.5284145408411,6.010248109201754e-14,6.010248109201754e-14
0.2293,8570.456564139722,0.0,0.0,179.52584178014843,6.01015849996024e-14,6.01015849996024e-14
0.22935,8570.361714457962,0.0,0.0,179.52330537217563,6.010078033517294e-14,6.010078033517294e-14
0.22940000000000002,8570.27520477872,0.0,0.0,179.5208963954335,6.00999521878916e-14,6.00999521878916e-14
0.22945000000000002,8570.190179484604,0.0,0.0,179.51854725033297,6.009919596506308e-14,6.009919596506308e-14
0.2295,8570.114433707286,0.0,0.0,179.51631324853412,6.009844379548635e-14,6.009844379548635e-14
0.22955,8570.039923289769,0.0,0.0,179.5141666579695,6.009773775732573e-14,6.009773775732573e-14
0.2296,8569.975148242884,0.0,0.0,179.51211906686382,6.009706753595482e-14,6.009706753595482e-14
0.22965000000000002,8569.911810515803,0.0,0.0,179.51018780473356,6.009641494682983e-14,6.009641494682983e-14
0.22970000000000002,8569.858139027934,0.0,0.0,179.5083384484113,6.009583024961566e-14,6.009583024961566e-14
0.22975,8569.806564130567,0.0,0.0,179.50663258666975,6.00952360479215e-14,6.00952360479215e-14
0.2298,8569.764085806284,0.0,0.0,179.50499361962528,6.009473803568235e-14,6.009473803568235e-14
0.22985,8569.724761134448,0.0,0.0,179.5035205642817,6.009420864985446e-14,6.009420864985446e-14
0.22990000000000002,8569.693552384466,0.0,0.0,179.50210420657191,6.009379632283656e-14,6.009379632283656e-14
0.22995000000000002,8569.66683270076,0.0,0.0,179.50086894600338,6.009333927560219e-14,6.009333927560219e-14
0.23,8569.646978728606,0.0,0.0,179.49968703699616,6.009300996127165e-14,6.009300996127165e-14
0.23005,8569.63306630214,0.0,0.0,179.4986925613006,6.009263320899153e-14,6.009263320899153e-14
0.2301,8569.624674095492,0.0,0.0,179.49775598689996,6.009238327252764e-14,6.009238327252764e-14
0.23015000000000002,8569.623609553078,0.0,0.0,179.49700381542914,6.009209444552057e-14,6.009209444552057e-14
0.23020000000000002,8569.626808419747,0.0,0.0,179.49632188058968,6.009192002921068e-14,6.009192002921068e-14
0.23025,8569.638476234388,0.0,0.0,179.49581261821797,6.009172564503706e-14,6.009172564503706e-14
0.2303,8569.65340576012,0.0,0.0,179.49539244981125,6.00916234404957e-14,6.00916234404957e-14
0.23035,8569.677550867653,0.0,0.0,179.49512628818445,6.009152818063922e-14,6.009152818063922e-14
0.23040000000000002,8569.704339170701,0.0,0.0,179.49497234720735,6.009149602210944e-14,6.009149602210944e-14
0.23045000000000002,8569.740594427689,0.0,0.0,179.49494943763875,6.009150224018023e-14,6.009150224018023e-14
0.2305,8569.779327653361,0.0,0.0,179.4950632080553,6.009153950234536e-14,6.009153950234536e-14
0.23055,8569.827247299048,0.0,0.0,179.4952838486531,6.009164693252057e-14,6.009164693252057e-14
0.2306,8569.877937310242,0.0,0.0,179.49566374533174,6.009175465351805e-14,6.009175465351805e-14
0.23065000000000002,8569.937031632233,0.0,0.0,179.49612835620283,6.009196047029758e-14,6.009196047029758e-14
0.23070000000000002,8569.999584136329,0.0,0.0,179.4967698635137,6.009214115116771e-14,6.009214115116771e-14
0.23075,8570.06935189498,0.0,0.0,179.49747875210036,6.009244027655886e-14,6.009244027655886e-14
0.2308,8570.143541495752,0.0,0.0,179.49837477535795,6.009269746246952e-14,6.009269746246952e-14
0.23085,8570.223493673882,0.0,0.0,179.499327727266,6.009308313578906e-14,6.009308313578906e-14
0.23090000000000002,8570.308948614294,0.0,0.0,179.50046910668553,6.009342073655706e-14,6.009342073655706e-14
0.23095000000000002,8570.398623055382,0.0,0.0,179.5016648627806,6.009388525785452e-14,6.009388525785452e-14
0.231,8570.494821631744,0.0,0.0,179.50304098140623,6.009430681266486e-14,6.009430681266486e-14
0.23105,8570.59378453352,0.0,0.0,179.50447667772605,6.009484231435886e-14,6.009484231435886e-14
0.2311,8570.700065302077,0.0,0.0,179.50607607994235,6.009535022032493e-14,6.009535022032493e-14
0.23115000000000002,8570.807901632745,0.0,0.0,179.507746735309,6.009594944143984e-14,6.009594944143984e-14
0.23120000000000002,8570.923483803643,0.0,0.0,179.50955767453246,6.009654430254635e-14,6.009654430254635e-14
0.23125,8571.03977804183,0.0,0.0,179.51145580071625,6.009720115678634e-14,6.009720115678634e-14
0.2313,8571.163791968382,0.0,0.0,179.5134666467423,6.009788134658954e-14,6.009788134658954e-14
0.23135,8571.288101827917,0.0,0.0,179.51558204202794,6.009859130904608e-14,6.009859130904608e-14
0.23140000000000002,8571.419623410984,0.0,0.0,179.51778149894096,6.009935275801607e-14,6.009935275801607e-14
0.23145000000000002,8571.551452616288,0.0,0.0,179.52010125728623,6.010011294615659e-14,6.010011294615659e-14
0.2315,8571.689538444109,0.0,0.0,179.52247837430346,6.010094926525532e-14,6.010094926525532e-14
0.23155,8571.828310705943,0.0,0.0,179.52498711333254,6.010175824633367e-14,6.010175824633367e-14
0.2316,8571.972029354563,0.0,0.0,179.5275310985151,6.010266106656504e-14,6.010266106656504e-14
0.23165000000000002,8572.117069945532,0.0,0.0,179.53021137948838,6.010351844006842e-14,6.010351844006842e-14
0.23170000000000002,8572.265524855193,0.0,0.0,179.53291125828582,6.010447801024967e-14,6.010447801024967e-14
0.23175,8572.416051001954,0.0,0.0,179.53574414353074,6.010538377816988e-14,6.010538377816988e-14
0.2318,8572.568394178446,0.0,0.0,179.53858832398848,6.010638967075448e-14,6.010638967075448e-14
0.23185,8572.723516911155,0.0,0.0,179.54155400239682,6.010734357839352e-14,6.010734357839352e-14
0.23190000000000002,8572.878950466444,0.0,0.0,179.54452982245127,6.010838542770977e-14,6.010838542770977e-14
0.23195000000000002,8573.037687844331,0.0,0.0,179.5476082232037,6.010938628041551e-14,6.010938628041551e-14
0.232,8573.195456259582,0.0,0.0,179.55070155728222,6.011045447418909e-14,6.011045447418909e-14
0.23205,8573.356755449653,0.0,0.0,179.55387287921602,6.011149961165628e-14,6.011149961165628e-14
0.2321,8573.516129161073,0.0,0.0,179.55706786935824,6.011258578513908e-14,6.011258578513908e-14
0.23215000000000002,8573.678896135436,0.0,0.0,179.5603129663313,6.011367073603295e-14,6.011367073603295e-14
0.23220000000000002,8573.839150649208,0.0,0.0,179.56359192627636,6.011476809023013e-14,6.011476809023013e-14
0.23225,8574.00228167831,0.0,0.0,179.56689251257004,6.011588646493357e-14,6.011588646493357e-14
0.2323,8574.16267631365,0.0,0.0,179.57023602427523,6.011698979136577e-14,6.011698979136577e-14
0.23235,8574.325089161874,0.0,0.0,179.57357469258605,6.011813345069045e-14,6.011813345069045e-14
0.23240000000000002,8574.484848195683,0.0,0.0,179.57696188885873,6.011923894331038e-14,6.011923894331038e-14
0.23245000000000002,8574.645508018892,0.0,0.0,179.58032195944998,6.012039835385689e-14,6.012039835385689e-14
0.2325,8574.803809162946,0.0,0.0,179.58373095844306,6.012150321080876e-14,6.012150321080876e-14
0.23255,8574.961746749032,0.0,0.0,179.5870962047767,6.01226680068741e-14,6.01226680068741e-14
0.2326,8575.117717294184,0.0,0.0,179.59050464173896,6.012376989705872e-14,6.012376989705872e-14
0.23265000000000002,8575.272038523668,0.0,0.0,179.5938589519319,6.012492949094892e-14,6.012492949094892e-14
0.23270000000000002,8575.424761402766,0.0,0.0,179.59724454265353,6.012602600607349e-14,6.012602600607349e-14
0.23275,8575.574646750982,0.0,0.0,179.60057158514184,6.012717021694976e-14,6.012717021694976e-14
0.2328,8575.723174915549,0.0,0.0,179.60391265188937,6.012825833906118e-14,6.012825833906118e-14
0.23285,8575.867871708127,0.0,0.0,179.6071956089602,6.012937792586523e-14,6.012937792586523e-14
0.23290000000000002,8576.01124908043,0.0,0.0,179.61047151051883,6.013045365906268e-14,6.013045365906268e-14
0.23295000000000002,8576.150057504616,0.0,0.0,179.61369293015557,6.013154068476608e-14,6.013154068476608e-14
0.233,8576.287344014047,0.0,0.0,179.61688435234336,6.01325988401082e-14,6.01325988401082e-14
0.23305,8576.419601215093,0.0,0.0,179.62002614943236,6.013364686079493e-14,6.013364686079493e-14
0.2331,8576.549897660898,0.0,0.0,179.6231152368878,6.013468106456249e-14,6.013468106456249e-14
0.23315000000000002,8576.674962535604,0.0,0.0,179.62615884872622,6.013568507944362e-14,6.013568507944362e-14
0.23320000000000002,8576.797433224407,0.0,0.0,179.62912918281282,6.01366879774697e-14,6.01366879774697e-14
0.23325,8576.914675019432,0.0,0.0,179.63205586165736,6.01376442226784e-14,6.01376442226784e-14
0.2333,8577.028564321601,0.0,0.0,179.63489231206202,6.013860783220587e-14,6.013860783220587e-14
0.23335,8577.1373576227,0.0,0.0,179.6376835151654,6.013951341693018e-14,6.013951341693018e-14
0.23340000000000002,8577.241999707845,0.0,0.0,179.64037201139578,6.014042959801526e-14,6.014042959801526e-14
0.23345000000000002,8577.341726001294,0.0,0.0,179.6430098366256,6.014128208544273e-14,6.014128208544273e-14
0.2335,8577.436546834018,0.0,0.0,179.64553711363692,6.014214301280809e-14,6.014214301280809e-14
0.23355,8577.526603393775,0.0,0.0,179.64800472344018,6.014294001108874e-14,6.014294001108874e-14
0.2336,8577.611115729995,0.0,0.0,179.650358097624,6.014373862095445e-14,6.014373862095445e-14
0.23365000000000002,8577.69092956886,0.0,0.0,179.6526400780771,6.01444774419755e-14,6.01444774419755e-14
0.23370000000000002,8577.76472321089,0.0,0.0,179.65480729980487,6.01452077533324e-14,6.01452077533324e-14
0.23375,8577.833768391749,0.0,0.0,179.65688991490632,6.014588522042128e-14,6.014588522042128e-14
0.2338,8577.896497614454,0.0,0.0,179.6588591287689,6.014654251236871e-14,6.014654251236871e-14
0.23385,8577.954312944417,0.0,0.0,179.6607304472995,6.014715490821124e-14,6.014715490821124e-14
0.23390000000000002,8578.005684517348,0.0,0.0,179.66249027059877,6.014773573406565e-14,6.014773573406565e-14
0.23395000000000002,8578.051888811058,0.0,0.0,179.66414016530567,6.014827892298635e-14,6.014827892298635e-14
0.234,8578.091652662086,0.0,0.0,179.66567987374196,6.014878096277635e-14,6.014878096277635e-14
0.23405,8578.125955563715,0.0,0.0,179.66709991207696,6.014925063337427e-14,6.014925063337427e-14
0.2341,8578.153900288511,0.0,0.0,179.66840970363867,6.014967244441043e-14,6.014967244441043e-14
0.23415000000000002,8578.176106879917,0.0,0.0,179.66959296619353,6.015006443721491e-14,6.015006443721491e-14
0.23420000000000002,8578.192060868012,0.0,0.0,179.67066426032744,6.0150405133482e-14,6.0150405133482e-14
0.23425,8578.202070017922,0.0,0.0,179.6716051326803,6.015071579171623e-14,6.015071579171623e-14
0.2343,8578.205907962089,0.0,0.0,179.67243085721714,6.015097473709902e-14,6.015097473709902e-14
0.23435,8578.203704926565,0.0,0.0,179.67312484214582,6.015120121036451e-14,6.015120121036451e-14
0.23440000000000003,8578.195358516954,0.0,0.0,179.67369966279142,6.01513777708319e-14,6.01513777708319e-14
0.23445000000000002,8578.181003625685,0.0,0.0,179.67414325351285,6.015151823156686e-14,6.015151823156686e-14
0.23450000000000001,8578.160474260869,0.0,0.0,179.67446371155833,6.015161163879528e-14,6.015161163879528e-14
0.23455,8578.134089969217,0.0,0.0,179.67465435247823,6.015166536476235e-14,6.015166536476235e-14
0.2346,8578.101460970282,0.0,0.0,179.67471889259264,6.015167471425e-14,6.015167471425e-14
0.23465,8578.063219930822,0.0,0.0,179.67465503626465,6.015164203509613e-14,6.015164203509613e-14
0.23470000000000002,8578.018665776362,0.0,0.0,179.67446392526128,6.015156641449059e-14,6.015156641449059e-14
0.23475000000000001,8577.96878212791,0.0,0.0,179.67414517459753,6.015144853156597e-14,6.015144853156597e-14
0.2348,8577.912572662592,0.0,0.0,179.67370033086968,6.015128725365818e-14,6.015128725365818e-14
0.23485,8577.851298442432,0.0,0.0,179.6731276384997,6.015108597254403e-14,6.015108597254403e-14
0.2349,8577.783796784308,0.0,0.0,179.67243240683075,6.015083886619985e-14,6.015083886619985e-14
0.23495000000000002,8577.711423905466,0.0,0.0,179.67160829129494,6.015055629171569e-14,6.015055629171569e-14
0.23500000000000001,8577.633078150167,0.0,0.0,179.67066720658963,6.015022398985333e-14,6.015022398985333e-14
0.23505,8577.549945766836,0.0,0.0,179.6695959403508,6.014986224910473e-14,6.014986224910473e-14
0.2351,8577.461275081707,0.0,0.0,179.6684145249584,6.014944641691993e-14,6.014944641691993e-14
0.23515,8577.367780768504,0.0,0.0,179.6671022522002,6.014900745625367e-14,6.014900745625367e-14
0.23520000000000002,8577.269358331652,0.0,0.0,179.66568688463298,6.014851091208714e-14,6.014851091208714e-14
0.23525000000000001,8577.16597063982,0.0,0.0,179.66414163798868,6.014799642255868e-14,6.014799642255868e-14
0.2353,8577.058405483225,0.0,0.0,179.66249951679833,6.014742311325083e-14,6.014742311325083e-14
0.23535,8576.945675532319,0.0,0.0,179.66073111836684,6.014683459243223e-14,6.014683459243223e-14
0.2354,8576.829596520907,0.0,0.0,179.6588703270039,6.014618943313174e-14,6.014618943313174e-14
0.23545000000000002,8576.708165227503,0.0,0.0,179.65689017875016,6.014552838382772e-14,6.014552838382772e-14
0.23550000000000001,8576.58420959243,0.0,0.0,179.6548198367277,6.014481696040895e-14,6.014481696040895e-14
0.23555,8576.454809157078,0.0,0.0,179.652640624603,6.014408519689292e-14,6.014408519689292e-14
0.2356,8576.323617154365,0.0,0.0,179.65037109317393,6.01433133980344e-14,6.01433133980344e-14
0.23565,8576.187064732609,0.0,0.0,179.64800644438972,6.014251339168268e-14,6.014251339168268e-14
0.23570000000000002,8576.049281904856,0.0,0.0,179.6455495416259,6.014168701044203e-14,6.014168701044203e-14
0.23575000000000002,8575.90646584231,0.0,0.0,179.64301368449043,6.014082223572773e-14,6.014082223572773e-14
0.2358,8575.762751439486,0.0,0.0,179.6403828597646,6.013994661591634e-14,6.013994661591634e-14
0.23585,8575.61461117162,0.0,0.0,179.6376903355335,6.01390217967425e-14,6.01390217967425e-14
0.2359,8575.465652137736,0.0,0.0,179.6349007569654,6.01381015927014e-14,6.01381015927014e-14
0.23595000000000002,8575.313153508274,0.0,0.0,179.63206622680642,6.013712282691988e-14,6.013712282691988e-14
0.23600000000000002,8575.159680508013,0.0,0.0,179.62913474618625,6.013616190026209e-14,6.013616190026209e-14
0.23605,8575.003790478602,0.0,0.0,179.62617292057078,6.013513660227059e-14,6.013513660227059e-14
0.2361,8574.846593208773,0.0,0.0,179.62311789961717,6.013413811677115e-14,6.013413811677115e-14
0.23615,8574.688256129897,0.0,0.0,179.6200435975275,6.013307477884315e-14,6.013307477884315e-14
0.23620000000000002,8574.528194679833,0.0,0.0,179.61688459977032,6.01320414435717e-14,6.01320414435717e-14
0.23625000000000002,8574.368314517355,0.0,0.0,179.613712923102,6.01309492506745e-14,6.01309492506745e-14
0.2363,8574.206323309547,0.0,0.0,179.6104702990376,6.012988371776993e-14,6.012988371776993e-14
0.23635,8574.045753290848,0.0,0.0,179.60721688575558,6.01287720312242e-14,6.01287720312242e-14
0.2364,8573.882836868279,0.0,0.0,179.60391129653024,6.012767736129533e-14,6.012767736129533e-14
0.23645000000000002,8573.722378376557,0.0,0.0,179.60059260193353,6.012655518936479e-14,6.012655518936479e-14
0.23650000000000002,8573.559597007537,0.0,0.0,179.5972445390217,6.012543531320983e-14,6.012543531320983e-14
0.23655,8573.400007822182,0.0,0.0,179.59387808482754,6.01243107942456e-14,6.01243107942456e-14
0.2366,8573.238455249204,0.0,0.0,179.59050744699394,6.012317091102575e-14,6.012317091102575e-14
0.23665,8573.080464737039,0.0,0.0,179.5871119810198,6.012205093210634e-14,6.012205093210634e-14
0.23670000000000002,8572.921239224735,0.0,0.0,179.58373776218716,6.012089772813065e-14,6.012089772813065e-14
0.23675000000000002,8572.765569201305,0.0,0.0,179.58033328149574,6.011978771489528e-14,6.011978771489528e-14
0.2368,8572.609741585162,0.0,0.0,179.57697340985368,6.01186294103523e-14,6.01186294103523e-14
0.23685,8572.457127510754,0.0,0.0,179.57358101939676,6.011753332548191e-14,6.011753332548191e-14
0.2369,8572.305710607838,0.0,0.0,179.57025236416865,6.011637946699137e-14,6.011637946699137e-14
0.23695000000000002,8572.156920694246,0.0,0.0,179.56689396817382,6.011530005266435e-14,6.011530005266435e-14
0.23700000000000002,8572.010842804257,0.0,0.0,179.56361250663613,6.011416111332403e-14,6.011416111332403e-14
0.23705,8571.866690392324,0.0,0.0,179.5603103541715,6.01131002955211e-14,6.01131002955211e-14
0.2371,8571.726777925629,0.0,0.0,179.55709146550134,6.011198710421356e-14,6.011198710421356e-14
0.23715,8571.588124477188,0.0,0.0,179.553867597224,6.011094656696576e-14,6.011094656696576e-14
0.23720000000000002,8571.455094206676,0.0,0.0,179.55072642879043,6.010986963307939e-14,6.010986963307939e-14
0.23725000000000002,8571.32284205016,0.0,0.0,179.5476020868883,6.010885141398728e-14,6.010885141398728e-14
0.2373,8571.197305265428,0.0,0.0,179.54455392662584,6.010782027709099e-14,6.010782027709099e-14
0.23735,8571.072378827006,0.0,0.0,179.5415489998055,6.01068273388851e-14,6.01068273388851e-14
0.2374,8570.95485567072,0.0,0.0,179.5386095831162,6.010584997323844e-14,6.010584997323844e-14
0.23745000000000002,8570.838174671477,0.0,0.0,179.53574215537373,6.010488664100861e-14,6.010488664100861e-14
0.23750000000000002,8570.729116367447,0.0,0.0,179.53292784503162,6.010396907270156e-14,6.010396907270156e-14
0.23755,8570.62156221622,0.0,0.0,179.5302139037769,6.010304124647827e-14,6.010304124647827e-14
0.2376,8570.521378393401,0.0,0.0,179.52754169649245,6.010218737536166e-14,6.010218737536166e-14
0.23765,8570.423759407562,0.0,0.0,179.52499503560148,6.010130252203818e-14,6.010130252203818e-14
0.23770000000000002,8570.332844631812,0.0,0.0,179.52248237544978,6.010051422185521e-14,6.010051422185521e-14
0.23775000000000002,8570.245863734228,0.0,0.0,179.52011469931543,6.009968106631987e-14,6.009968106631987e-14
0.2378,8570.164620871243,0.0,0.0,179.51777910641613,6.009895854084491e-14,6.009895854084491e-14
0.23785,8570.088849830043,0.0,0.0,179.51560031475103,6.009818656536539e-14,6.009818656536539e-14
0.2379,8570.017704430196,0.0,0.0,179.51345886510043,6.009752888854322e-14,6.009752888854322e-14
0.23795000000000002,8569.953569107152,0.0,0.0,179.51147746959697,6.009682763797807e-14,6.009682763797807e-14
0.23800000000000002,8569.892973568605,0.0,0.0,179.5095461871757,6.009623345740699e-14,6.009623345740699e-14
0.23805,8569.840750301293,0.0,0.0,179.50776979284484,6.009561178273238e-14,6.009561178273238e-14
0.2381,8569.791176156106,0.0,0.0,179.50606302760997,6.00950800099796e-14,6.00950800099796e-14
0.23815,8569.751001627217,0.0,0.0,179.50449880125214,6.00945453492671e-14,6.00945453492671e-14
0.23820000000000002,8569.712920132348,0.0,0.0,179.50302867355973,6.009407581331485e-14,6.009407581331485e-14
0.23825000000000002,8569.684811422989,0.0,0.0,179.5016837221254,6.009363357753365e-14,6.009363357753365e-14
0.2383,8569.658666081392,0.0,0.0,179.50045970457984,6.009322748018388e-14,6.009322748018388e-14
0.23835,8569.64254911035,0.0,0.0,179.49934130090003,6.009288069363483e-14,6.009288069363483e-14
0.2384,8569.628721937244,0.0,0.0,179.4983699920282,6.009254082983282e-14,6.009254082983282e-14
0.23845000000000002,8569.624463803168,0.0,0.0,179.497485604987,6.009228999712115e-14,6.009228999712115e-14
0.23850000000000002,8569.623241848592,0.0,0.0,179.4967707231701,6.009202070766545e-14,6.009202070766545e-14
0.23855,8569.63068185207,0.0,0.0,179.4961278408242,6.009186400505804e-14,6.009186400505804e-14
0.2386,8569.642226886246,0.0,0.0,179.49567043535842,6.009167082216809e-14,6.009167082216809e-14
0.23865,8569.661203120102,0.0,0.0,179.49527619828694,6.009160452941094e-14,6.009160452941094e-14
0.23870000000000002,8569.685529787317,0.0,0.0,179.49507504654582,6.009149363119216e-14,6.009149363119216e-14
0.23875000000000002,8569.715895642728,0.0,0.0,179.4949357382521,6.009151276917662e-14,6.009151276917662e-14
0.2388,8569.752860934908,0.0,0.0,179.49498786942763,6.009149023688176e-14,6.009149023688176e-14
0.23885,8569.794491244482,0.0,0.0,179.49510833278094,6.009158933495814e-14,6.009158933495814e-14
0.2389,8569.843796027453,0.0,0.0,179.49540960392332,6.00916603916189e-14,6.00916603916189e-14
0.23895000000000002,8569.896580472221,0.0,0.0,179.49579266304156,6.009183422804044e-14,6.009183422804044e-14
0.23900000000000002,8569.957784451899,0.0,0.0,179.496338304696,6.009200251365681e-14,6.009200251365681e-14
0.23905,8570.02161024359,0.0,0.0,179.49698427442894,6.00922467974803e-14,6.00922467974803e-14
0.2391,8570.094156370806,0.0,0.0,179.49776932927537,6.00925137995186e-14,6.00925137995186e-14
0.23915,8570.168883030216,0.0,0.0,179.49867568027037,6.009282561774024e-14,6.009282561774024e-14
0.23920000000000002,8570.252129923569,0.0,0.0,179.4996952752546,6.009319035729551e-14,6.009319035729551e-14
0.23925000000000002,8570.337559030224,0.0,0.0,179.50085650370016,6.009356839581871e-14,6.009356839581871e-14
0.2393,8570.43081568943,0.0,0.0,179.5021059195856,6.009402735838827e-14,6.009402735838827e-14
0.23935,8570.526661810833,0.0,0.0,179.50351364085765,6.009447182404585e-14,6.009447182404585e-14
0.2394,8570.629220607654,0.0,0.0,179.5049881758202,6.00950192181083e-14,6.00950192181083e-14
0.23945000000000002,8570.73508598231,0.0,0.0,179.50663143079848,6.009553148527804e-14,6.009553148527804e-14
0.23950000000000002,8570.84624997131,0.0,0.0,179.50832608261808,6.009615971297219e-14,6.009615971297219e-14
0.23955,8570.961608463134,0.0,0.0,179.51019181718632,6.009674177816793e-14,6.009674177816793e-14
0.2396,8571.080708668916,0.0,0.0,179.51210083750445,6.009744211506095e-14,6.009744211506095e-14
0.23965,8571.20490031611,0.0,0.0,179.51417449076325,6.009809588305611e-14,6.009809588305611e-14
0.23970000000000002,8571.331302778797,0.0,0.0,179.5162908821695,6.00988592363793e-14,6.00988592363793e-14
0.23975000000000002,8571.46354036539,0.0,0.0,179.5185570077077,6.009958581736385e-14,6.009958581736385e-14
0.2398,8571.596640952783,0.0,0.0,179.520872042628,6.010040345745843e-14,6.010040345745843e-14
0.23985,8571.736028259173,0.0,0.0,179.52331488212388,6.010120250419377e-14,6.010120250419377e-14
0.2399,8571.875238384853,0.0,0.0,179.52581771995963,6.010206670444962e-14,6.010206670444962e-14
0.23995000000000002,8572.020796658007,0.0,0.0,179.52842165942687,6.010293593918596e-14,6.010293593918596e-14
0.24000000000000002,8572.1655217527,0.0,0.0,179.5310991218309,6.010384038008954e-14,6.010384038008954e-14
0.24005,8572.316222581672,0.0,0.0,179.5338489788101,6.010477535038669e-14,6.010477535038669e-14
0.2401,8572.465837411512,0.0,0.0,179.53668552229016,6.010571531008542e-14,6.010571531008542e-14
0.24015,8572.620636115404,0.0,0.0,179.53956663829243,6.010670939737564e-14,6.010670939737564e-14
0.24020000000000002,8572.774461765332,0.0,0.0,179.5425445327341,6.010768164595152e-14,6.010768164595152e-14
0.24025000000000002,8572.932328506395,0.0,0.0,179.54554267573457,6.010872636010276e-14,6.010872636010276e-14
0.2403,8573.089613694494,0.0,0.0,179.54864237010295,6.010972883118247e-14,6.010972883118247e-14
0.24035,8573.249557944182,0.0,0.0,179.55174347784987,6.011081428610886e-14,6.011081428610886e-14
0.2404,8573.409469298142,0.0,0.0,179.55494410795325,6.011184556651749e-14,6.011184556651749e-14
0.24045000000000002,8573.570555101882,0.0,0.0,179.55813392774598,6.011296113361578e-14,6.011296113361578e-14
0.24050000000000002,8573.732176704081,0.0,0.0,179.56141390209672,6.011401984083039e-14,6.011401984083039e-14
0.24055,8573.893528305798,0.0,0.0,179.5646775944759,6.011515482888804e-14,6.011515482888804e-14
0.2406,8574.055871894987,0.0,0.0,179.56801518679228,6.01162390142466e-14,6.01162390142466e-14
0.24065,8574.216668977364,0.0,0.0,179.57133696536698,6.011738331983833e-14,6.011738331983833e-14
0.24070000000000003,8574.3786930465,0.0,0.0,179.5747108422427,6.011848993021562e-14,6.011848993021562e-14
0.24075000000000002,8574.538158780264,0.0,0.0,179.57807371398195,6.011963456262365e-14,6.011963456262365e-14
0.24080000000000001,8574.698793994781,0.0,0.0,179.58146334053515,6.012075909857874e-14,6.012075909857874e-14
0.24085,8574.856177546299,0.0,0.0,179.58484899354218,6.012189649562028e-14,6.012189649562028e-14
0.2409,8575.014355813068,0.0,0.0,179.58823487835616,6.012303286290565e-14,6.012303286290565e-14
0.24095000000000003,8575.168913773785,0.0,0.0,179.5916237421751,6.012415700666964e-14,6.012415700666964e-14
0.24100000000000002,8575.323596210854,0.0,0.0,179.59498750916507,6.01252976052542e-14,6.01252976052542e-14
0.24105000000000001,8575.474576124743,0.0,0.0,179.59835898466648,6.012640388423826e-14,6.012640388423826e-14
0.2411,8575.624777739706,0.0,0.0,179.6016832854599,6.012753991222771e-14,6.012753991222771e-14
0.24115,8575.7714065832,0.0,0.0,179.6050161182297,6.01286248183145e-14,6.01286248183145e-14
0.2412,8575.916213890614,0.0,0.0,179.60828442111983,6.012974671924397e-14,6.012974671924397e-14
0.24125000000000002,8576.057694310834,0.0,0.0,179.6115571707354,6.01308073998296e-14,6.01308073998296e-14
0.24130000000000001,8576.19627501959,0.0,0.0,179.61475348020713,6.013190542254707e-14,6.013190542254707e-14
0.24135,8576.331789177935,0.0,0.0,179.61794502631741,6.01329391870484e-14,6.01329391870484e-14
0.2414,8576.463393521557,0.0,0.0,179.6210535932983,6.01340039294918e-14,6.01340039294918e-14
0.24145,8576.592115067524,0.0,0.0,179.624143616521,6.013500779424592e-14,6.013500779424592e-14
0.24150000000000002,8576.716069526265,0.0,0.0,179.62714869907197,6.013603069756082e-14,6.013603069756082e-14
0.24155000000000001,8576.837181221581,0.0,0.0,179.63011808066415,6.013700101923628e-14,6.013700101923628e-14
0.2416,8576.952877391068,0.0,0.0,179.63300380255464,6.013797471644054e-14,6.013797471644054e-14
0.24165,8577.065592267536,0.0,0.0,179.6358349028238,6.013890700238452e-14,6.013890700238452e-14
0.2417,8577.172472899292,0.0,0.0,179.6385852398265,6.013982549478025e-14,6.013982549478025e-14
0.24175000000000002,8577.276055881852,0.0,0.0,179.64126203431584,6.014071437502443e-14,6.014071437502443e-14
0.24180000000000001,8577.37360184524,0.0,0.0,179.64386093607692,6.014157303058725e-14,6.014157303058725e-14
0.24185,8577.467388637857,0.0,0.0,179.6463690124895,6.014241242112776e-14,6.014241242112776e-14
0.2419,8577.555108938366,0.0,0.0,179.6488006447865,6.01432077918073e-14,6.01432077918073e-14
0.24195,8577.638520251481,0.0,0.0,179.65112708403691,6.014399119333477e-14,6.014399119333477e-14
0.24200000000000002,8577.715947376337,0.0,0.0,179.65337615815463,6.014472072507864e-14,6.014472072507864e-14
0.24205000000000002,8577.78849640785,0.0,0.0,179.65550933979182,6.014544161036472e-14,6.014544161036472e-14
0.2421,8577.855187902987,0.0,0.0,179.65756148177232,6.014610327633215e-14,6.014610327633215e-14
0.24215,8577.91648121021,0.0,0.0,179.65949086345057,6.014675550769279e-14,6.014675550769279e-14
0.2422,8577.97202704265,0.0,0.0,179.66133297204726,6.014734745777787e-14,6.014734745777787e-14
0.24225000000000002,8578.021759172278,0.0,0.0,179.66304889284396,6.014792565103311e-14,6.014792565103311e-14
0.24230000000000002,8578.06579392605,0.0,0.0,179.66466943815294,6.014844592616296e-14,6.014844592616296e-14
0.24235,8578.10373768656,0.0,0.0,179.66616298859807,6.014894572755482e-14,6.014894572755482e-14
0.2424,8578.13595509604,0.0,0.0,179.6675522149002,6.014939208996033e-14,6.014939208996033e-14
0.24245,8578.16194985428,0.0,0.0,179.66881520123925,6.014981030806202e-14,6.014981030806202e-14
0.24250000000000002,8578.182117420782,0.0,0.0,179.66996521474482,6.015018021844342e-14,6.015018021844342e-14
0.24255000000000002,8578.196057873785,0.0,0.0,179.67099022674495,6.015051481447442e-14,6.015051481447442e-14
0.2426,8578.204028865362,0.0,0.0,179.67189496813737,6.015080554226097e-14,6.015080554226097e-14
0.24265,8578.205856794519,0.0,0.0,179.6726755396602,6.015105548375978e-14,6.015105548375978e-14
0.2427,8578.201577642516,0.0,0.0,179.67333066077217,6.015126433721258e-14,6.015126433721258e-14
0.24275000000000002,8578.191278211685,0.0,0.0,179.67386149510455,6.01514293526263e-14,6.01514293526263e-14
0.24280000000000002,8578.17479005377,0.0,0.0,179.67426417371198,6.015155397063226e-14,6.015155397063226e-14
0.24285,8578.152393465774,0.0,0.0,179.67454139377068,6.015163426062067e-14,6.015163426062067e-14
0.2429,8578.123827641024,0.0,0.0,179.67469012957025,6.015167291644299e-14,6.015167291644299e-14
0.24295,8578.089415786608,0.0,0.0,179.67471150816993,6.01516688757375e-14,6.01516688757375e-14
0.24300000000000002,8578.048984083645,0.0,0.0,179.67460594386014,6.015162073113974e-14,6.015162073113974e-14
0.24305000000000002,8578.002700868998,0.0,0.0,179.67437107265806,6.015153274067e-14,6.015153274067e-14
0.2431,8577.95068239395,0.0,0.0,179.67401187727387,6.015139800353222e-14,6.015139800353222e-14
0.24315,8577.892745530215,0.0,0.0,179.6735222433781,6.015122633177737e-14,6.015122633177737e-14
0.2432,8577.829472445765,0.0,0.0,179.6729110815756,6.01510062857738e-14,6.01510062857738e-14
0.24325000000000002,8577.760184368703,0.0,0.0,179.67217003680108,6.015075112028281e-14,6.015075112028281e-14
0.24330000000000002,8577.686029132037,0.0,0.0,179.6713096301654,6.015044802231221e-14,6.015044802231221e-14
0.24335,8577.605784304003,0.0,0.0,179.67032225644863,6.01501096253416e-14,6.01501096253416e-14
0.2434,8577.521150749839,0.0,0.0,179.6692165239867,6.014972648312138e-14,6.014972648312138e-14
0.24345,8577.430437693882,0.0,0.0,179.66798941660414,6.014930544534282e-14,6.014930544534282e-14
0.24350000000000002,8577.335757351757,0.0,0.0,179.66664366509966,6.014884571978755e-14,6.014884571978755e-14
0.24355000000000002,8577.235154047763,0.0,0.0,179.66518466951334,6.014834325614636e-14,6.014834325614636e-14
0.2436,8577.130888711763,0.0,0.0,179.66360579279845,6.014781053820125e-14,6.014781053820125e-14
0.24365,8577.021051434676,0.0,0.0,179.6619237394958,6.014722877819425e-14,6.014722877819425e-14
0.2437,8576.90770099005,0.0,0.0,179.66012038137214,6.014662649962262e-14,6.014662649962262e-14
0.24375000000000002,8576.789347814245,0.0,0.0,179.65822486319954,6.014596869900417e-14,6.014596869900417e-14
0.24380000000000002,8576.667462223293,0.0,0.0,179.65620750267576,6.014529993962573e-14,6.014529993962573e-14
0.24385,8576.541352894363,0.0,0.0,179.654108732182,6.014457057770987e-14,6.014457057770987e-14
0.2439,8576.41154556424,0.0,0.0,179.65188966051187,6.014383799532924e-14,6.014383799532924e-14
0.24395,8576.278461041811,0.0,0.0,179.6495984303815,6.014304272141493e-14,6.014304272141493e-14
0.24400000000000002,8576.141420810774,0.0,0.0,179.6471916069805,6.014224864329473e-14,6.014224864329473e-14
0.24405000000000002,8576.002144752698,0.0,0.0,179.64471935787057,6.014139406646506e-14,6.014139406646506e-14
0.2441,8575.85864384953,0.0,0.0,179.64214015141252,6.014054071255315e-14,6.014054071255315e-14
0.24415,8575.713949361527,0.0,0.0,179.63949913169466,6.013963406997913e-14,6.013963406997913e-14
0.2442,8575.564844481149,0.0,0.0,179.6367639728079,6.013872389142724e-14,6.013872389142724e-14
0.24425000000000002,8575.41548764672,0.0,0.0,179.63396745582844,6.013777261856435e-14,6.013777261856435e-14
0.24430000000000002,8575.261713538375,0.0,0.0,179.63109344337195,6.013680868736066e-14,6.013680868736066e-14
0.24435,8575.108434689273,0.0,0.0,179.62815595572047,6.013581998144159e-14,6.013581998144159e-14
0.2444,8574.950989188108,0.0,0.0,179.62516046792692,6.013480635772795e-14,6.013480635772795e-14
0.24445,8574.79452186204,0.0,0.0,179.62209797581238,6.013378677576827e-14,6.013378677576827e-14
0.24450000000000002,8574.63444425574,0.0,0.0,179.61899833938165,6.013272880204424e-14,6.013272880204424e-14
0.24455000000000002,8574.4755294228,0.0,0.0,179.61582834419428,6.013168398000031e-14,6.013168398000031e-14
0.2446,8574.313874004356,0.0,0.0,179.61264160600342,6.013058841208816e-14,6.013058841208816e-14
0.24465,8574.153277859017,0.0,0.0,179.6093831115963,6.01295229478005e-14,6.01295229478005e-14
0.2447,8573.991085771004,0.0,0.0,179.60612594364045,6.012839792040116e-14,6.012839792040116e-14
0.24475000000000002,8573.829616708405,0.0,0.0,179.6027992761695,6.012731543702526e-14,6.012731543702526e-14
0.24480000000000002,8573.667890154644,0.0,0.0,179.5994880224732,6.012617021976535e-14,6.012617021976535e-14
0.24485,8573.506412232964,0.0,0.0,179.59611450697346,6.012507363263428e-14,6.012507363263428e-14
0.2449,8573.346093513033,0.0,0.0,179.592765358854,6.012391821996435e-14,6.012391821996435e-14
0.24495,8573.185532966463,0.0,0.0,179.58936687847597,6.012281013421894e-14,6.012281013421894e-14
0.24500000000000002,8573.027492168785,0.0,0.0,179.58599614246708,6.012165471342162e-14,6.012165471342162e-14
0.24505000000000002,8572.868834684445,0.0,0.0,179.5825946274074,6.01205379348543e-14,6.01205379348543e-14
0.2451,8572.713866522412,0.0,0.0,179.5792190327511,6.011939228783537e-14,6.011939228783537e-14
0.24515,8572.55814511989,0.0,0.0,179.5758359378767,6.011827033127862e-14,6.011827033127862e-14
0.2452,8572.406975893302,0.0,0.0,179.5724729223688,6.011714328703478e-14,6.011714328703478e-14
0.24525000000000002,8572.255248986168,0.0,0.0,179.56912875773617,6.01160208196571e-14,6.01160208196571e-14
0.24530000000000002,8572.108552010563,0.0,0.0,179.565796669597,6.011491979329424e-14,6.011491979329424e-14
0.24535,8571.961875024006,0.0,0.0,179.56251064261767,6.011380293467671e-14,6.011380293467671e-14
0.2454,8571.82029161234,0.0,0.0,179.55922880780253,6.011273366910325e-14,6.011273366910325e-14
0.24545,8571.679684215022,0.0,0.0,179.55601862057486,6.011163006801495e-14,6.011163006801495e-14
0.24550000000000002,8571.543847451927,0.0,0.0,179.5528072423019,6.011059658388775e-14,6.011059658388775e-14
0.24555000000000002,8571.410261189541,0.0,0.0,179.54968906710636,6.010951528503421e-14,6.010951528503421e-14
0.2456,8571.280817149576,0.0,0.0,179.54656894959825,6.010852007056744e-14,6.010852007056744e-14
0.24565,8571.155107369648,0.0,0.0,179.54355757793698,6.010747112626652e-14,6.010747112626652e-14
0.2457,8571.032731299216,0.0,0.0,179.54054969309797,6.010651554859355e-14,6.010651554859355e-14
0.24575000000000002,8570.91563650539,0.0,0.0,179.5376588291931,6.010550946805478e-14,6.010550946805478e-14
0.24580000000000002,8570.80103963598,0.0,0.0,179.53478376879684,6.01045943211657e-14,6.01045943211657e-14
0.24585,8570.693171933659,0.0,0.0,179.53202641476759,6.010364139041155e-14,6.010364139041155e-14
0.2459,8570.587097739757,0.0,0.0,179.5293037912234,6.010276754643011e-14,6.010276754643011e-14
0.24595,8570.488944132576,0.0,0.0,179.52669265670946,6.010187712531861e-14,6.010187712531861e-14
0.24600000000000002,8570.39215370516,0.0,0.0,179.52414052378506,6.010104613710113e-14,6.010104613710113e-14
0.24605000000000002,8570.304089181662,0.0,0.0,179.521688387805,6.010022604117556e-14,6.010022604117556e-14
0.2461,8570.21733642977,0.0,0.0,179.5193227540862,6.0099440653456e-14,6.0099440653456e-14
0.24615,8570.13964564873,0.0,0.0,179.51704271143842,6.009869667310783e-14,6.009869667310783e-14
0.2462,8570.063646324674,0.0,0.0,179.51487720699853,6.009796112554565e-14,6.009796112554565e-14
0.24625000000000002,8569.996551101975,0.0,0.0,179.51278274914097,6.009729680419396e-14,6.009729680419396e-14
0.24630000000000002,8569.931948128218,0.0,0.0,179.51082848607518,6.009661688327635e-14,6.009661688327635e-14
0.24635,8569.87563657162,0.0,0.0,179.50893338840035,6.009603353098465e-14,6.009603353098465e-14
0.2464,8569.822967563921,0.0,0.0,179.5071990297215,6.009541637107512e-14,6.009541637107512e-14
0.24645,8569.777619641014,0.0,0.0,179.50551704745442,6.009491336419266e-14,6.009491336419266e-14
0.24650000000000002,8569.737289869146,0.0,0.0,179.50400906834318,6.009436697641815e-14,6.009436697641815e-14
0.24655000000000002,8569.703096670977,0.0,0.0,179.50255347102893,6.009394227237564e-14,6.009394227237564e-14
0.2466,8569.675361549977,0.0,0.0,179.5012765709279,6.009347491769338e-14,6.009347491769338e-14
0.24665,8569.652533683786,0.0,0.0,179.5000595706283,6.009312571724456e-14,6.009312571724456e-14
0.2467,8569.637493372484,0.0,0.0,179.49901717109316,6.009274514938272e-14,6.009274514938272e-14
0.24675000000000002,8569.62625839198,0.0,0.0,179.4980493172653,6.009246863569875e-14,6.009246863569875e-14
0.24680000000000002,8569.623864242567,0.0,0.0,179.49724406977322,6.009218136560518e-14,6.009218136560518e-14
0.24685,8569.624452318481,0.0,0.0,179.4965336890371,6.009197536764874e-14,6.009197536764874e-14
0.2469,8569.634525576663,0.0,0.0,179.49596791464526,6.00917860258208e-14,6.00917860258208e-14
0.24695,8569.6471455625,0.0,0.0,179.4955206709416,6.009164956812498e-14,6.009164956812498e-14
0.24700000000000003,8569.669404159353,0.0,0.0,179.4951966638207,6.009156045209636e-14,6.009156045209636e-14
0.24705000000000002,8569.694213811374,0.0,0.0,179.49501529689533,6.009149405227065e-14,6.009149405227065e-14
0.24710000000000001,8569.728304725559,0.0,0.0,179.4949354447933,6.009150495230224e-14,6.009150495230224e-14
0.24715,8569.765378262306,0.0,0.0,179.49501972238497,6.00915106657287e-14,6.00915106657287e-14
0.2472,8569.81091017229,0.0,0.0,179.49518642262598,6.009161894290353e-14,6.009161894290353e-14
0.24725000000000003,8569.860209163884,0.0,0.0,179.4955333116702,6.009170012672745e-14,6.009170012672745e-14
0.24730000000000002,8569.916781020689,0.0,0.0,179.49594869367368,6.009190109259166e-14,6.009190109259166e-14
0.24735000000000001,8569.978131384085,0.0,0.0,179.49655272554324,6.009206191351297e-14,6.009206191351297e-14
0.2474,8570.045353589652,0.0,0.0,179.49721821781898,6.009234940242406e-14,6.009234940242406e-14
0.24745,8570.118433186472,0.0,0.0,179.49807199714357,6.009259419335084e-14,6.009259419335084e-14
0.24750000000000003,8570.195937608369,0.0,0.0,179.49898780142468,6.009296128619878e-14,6.009296128619878e-14
0.24755000000000002,8570.280275632216,0.0,0.0,179.5000825870643,6.009329379062109e-14,6.009329379062109e-14
0.24760000000000001,8570.36771479623,0.0,0.0,179.50124713583205,6.009373357529439e-14,6.009373357529439e-14
0.24765,8570.462703163063,0.0,0.0,179.50257341565285,6.009415624603165e-14,6.009415624603165e-14
0.2477,8570.559737814425,0.0,0.0,179.5039828919439,6.009466249428908e-14,6.009466249428908e-14
0.24775,8570.664653752207,0.0,0.0,179.50553087371256,6.009517589424386e-14,6.009517589424386e-14
0.24780000000000002,8570.770932121395,0.0,0.0,179.50717886487837,6.009574360070197e-14,6.009574360070197e-14
0.24785000000000001,8570.884967819067,0.0,0.0,179.50893882043468,6.009634602233099e-14,6.009634602233099e-14
0.2479,8571.000099574065,0.0,0.0,179.5108161570246,6.00969716795676e-14,6.00969716795676e-14
0.24795,8571.122396374118,0.0,0.0,179.5127785791853,6.009765902799299e-14,6.009765902799299e-14
0.248,8571.24592528683,0.0,0.0,179.5148733860845,6.009834066091465e-14,6.009834066091465e-14
0.24805000000000002,8571.375606739166,0.0,0.0,179.51702894544255,6.009910659546581e-14,6.009910659546581e-14
0.24810000000000001,8571.506987186574,0.0,0.0,179.51932690121166,6.009984351032018e-14,6.009984351032018e-14
0.24815,8571.643187686326,0.0,0.0,179.52166622106762,6.010067986363289e-14,6.010067986363289e-14
0.2482,8571.781767569664,0.0,0.0,179.5241509937964,6.010147218155158e-14,6.010147218155158e-14
0.24825,8571.923652915319,0.0,0.0,179.5266642863522,6.010236954235506e-14,6.010236954235506e-14
0.24830000000000002,8572.068667004252,0.0,0.0,179.52931809054962,6.010321759018482e-14,6.010321759018482e-14
0.24835000000000002,8572.215444491376,0.0,0.0,179.53199471916585,6.010416602012966e-14,6.010416602012966e-14
0.2484,8572.366018328676,0.0,0.0,179.53479892221054,6.01050696477239e-14,6.01050696477239e-14
0.24845,8572.516936656857,0.0,0.0,179.53762696311531,6.01060593920314e-14,6.01060593920314e-14
0.2485,8572.672101417951,0.0,0.0,179.54056266642982,6.010701736003259e-14,6.010701736003259e-14
0.24855000000000002,8572.826440341623,0.0,0.0,179.54352854308172,6.010803947533306e-14,6.010803947533306e-14
0.24860000000000002,8572.985156613133,0.0,0.0,179.54657706766113,6.010904895137814e-14,6.010904895137814e-14
0.24865,8573.14220997536,0.0,0.0,179.54966531936557,6.01100957732568e-14,6.01100957732568e-14
0.2487,8573.303397050677,0.0,0.0,179.5528085431378,6.011115205484767e-14,6.011115205484767e-14
0.24875,8573.462451621725,0.0,0.0,179.55600176827775,6.011221742164419e-14,6.011221742164419e-14
0.24880000000000002,8573.625019385498,0.0,0.0,179.55922228500458,6.011331388806432e-14,6.011331388806432e-14
0.24885000000000002,8573.785333961043,0.0,0.0,179.5625012747828,6.011439314300798e-14,6.011439314300798e-14
0.2489,8573.948212363324,0.0,0.0,179.56578237197144,6.011552145180348e-14,6.011552145180348e-14
0.24895,8574.109000782497,0.0,0.0,179.5691264214835,6.011661119002633e-14,6.011661119002633e-14
0.249,8574.27116450352,0.0,0.0,179.57245190177719,6.011776169407149e-14,6.011776169407149e-14
0.24905000000000002,8574.431585130278,0.0,0.0,179.57583926184918,6.011885934613156e-14,6.011885934613156e-14
0.24910000000000002,8574.592070064711,0.0,0.0,179.5791931537884,6.012002164014122e-14,6.012002164014122e-14
0.24915,8574.751224436772,0.0,0.0,179.5826015672754,6.012112493769666e-14,6.012112493769666e-14
0.2492,8574.909135107417,0.0,0.0,179.58596778733434,6.012228849418381e-14,6.012228849418381e-14
0.24925,8575.066075282208,0.0,0.0,179.58937504398733,6.012339491281137e-14,6.012339491281137e-14
0.24930000000000002,8575.220583399425,0.0,0.0,179.59273707527146,6.01245496762996e-14,6.01245496762996e-14
0.24935000000000002,8575.374327978494,0.0,0.0,179.5961215196852,6.012565595442198e-14,6.012565595442198e-14
0.2494,8575.524663143551,0.0,0.0,179.5994621687525,6.012679284886457e-14,6.012679284886457e-14
0.24945,8575.674219251541,0.0,0.0,179.60280310476173,6.012789462681722e-14,6.012789462681722e-14
0.2495,8575.819655064952,0.0,0.0,179.60610438300074,6.012900589213864e-14,6.012900589213864e-14
0.24955000000000002,8575.964043588618,0.0,0.0,179.609382336883,6.013009755774723e-14,6.013009755774723e-14
0.24960000000000002,8576.1038815098,0.0,0.0,179.61262549225768,6.013117688274976e-14,6.013117688274976e-14
0.24965,8576.242162410294,0.0,0.0,179.61582231859228,6.013225160458067e-14,6.013225160458067e-14
0.2497,8576.375717330548,0.0,0.0,179.61898802002162,6.013329406665399e-14,6.013329406665399e-14
0.24975,8576.507011448777,0.0,0.0,179.62208685927143,6.013434403028314e-14,6.013434403028314e-14
0.24980000000000002,8576.633601335281,0.0,0.0,179.6251555116934,6.013534584202631e-14,6.013534584202631e-14
0.24985000000000002,8576.75710681969,0.0,0.0,179.6281406298192,6.013636263281857e-14,6.013636263281857e-14
0.2499,8576.876048572873,0.0,0.0,179.63109277994414,6.013732078090187e-14,6.013732078090187e-14
0.24995,8576.991049762983,0.0,0.0,179.633949336538,6.01382958501116e-14,6.01382958501116e-14
0.25,8577.10166229788,0.0,0.0,179.63676611608582,6.01392076656725e-14,6.01392076656725e-14
0.25005,8577.20753131135,0.0,0.0,179.63947991607245,6.014013282193238e-14,6.014013282193238e-14
0.2501,8577.309145091085,0.0,0.0,179.64214346655052,6.014099557832278e-14,6.014099557832278e-14
0.25015000000000004,8577.4053366833,0.0,0.0,179.64470074879827,6.014186340992508e-14,6.014186340992508e-14
0.25020000000000003,8577.497308741353,0.0,0.0,179.6471945768376,6.014267400511647e-14,6.014267400511647e-14
0.25025000000000003,8577.583350379724,0.0,0.0,179.64958188442787,6.014347820053948e-14,6.014347820053948e-14
0.2503,8577.66508203989,0.0,0.0,179.65189110971318,6.014423297010444e-14,6.014423297010444e-14
0.25035,8577.740561891253,0.0,0.0,179.65409526955457,6.014496847615544e-14,6.014496847615544e-14
0.2504,8577.811516833872,0.0,0.0,179.6562067462786,6.014566317395854e-14,6.014566317395854e-14
0.25045,8577.876072081224,0.0,0.0,179.6582149661924,6.014632619517126e-14,6.014632619517126e-14
0.2505,8577.93579191249,0.0,0.0,179.6601172790863,6.014695611911552e-14,6.014695611911552e-14
0.25055,8577.989100197112,0.0,0.0,179.66191734965756,6.014754396867752e-14,6.014754396867752e-14
0.2506,8578.037215368278,0.0,0.0,179.66360070596585,6.014810422145724e-14,6.014810422145724e-14
0.25065000000000004,8578.078990819153,0.0,0.0,179.6651812766677,6.01486150590358e-14,6.01486150590358e-14
0.25070000000000003,8578.115225685278,0.0,0.0,179.66663733018743,6.014910087888492e-14,6.014910087888492e-14
0.25075000000000003,8578.145220539169,0.0,0.0,179.66798821764888,6.014953340128813e-14,6.014953340128813e-14
0.2508,8578.169392096152,0.0,0.0,179.66920986994498,6.014994051225828e-14,6.014994051225828e-14
0.25085,8578.187403521622,0.0,0.0,179.6703223512935,6.01502936456404e-14,6.01502936456404e-14
0.2509,8578.199414780276,0.0,0.0,179.67130357573527,6.015061856487537e-14,6.015061856487537e-14
0.25095,8578.205295624737,0.0,0.0,179.67217062395105,6.015089122823971e-14,6.015089122823971e-14
0.251,8578.205125164119,0.0,0.0,179.67290635089466,6.015113147699552e-14,6.015113147699552e-14
0.25105,8578.198796612036,0.0,0.0,179.67352277953043,6.01513224508812e-14,6.01513224508812e-14
0.2511,8578.186486668192,0.0,0.0,179.67400886747967,6.015147664331019e-14,6.015147664331019e-14
0.25115,8578.167950340327,0.0,0.0,179.67437136831973,6.015158456975969e-14,6.015158456975969e-14
0.25120000000000003,8578.143595843625,0.0,0.0,179.6746046679274,6.015165236364185e-14,6.015165236364185e-14
0.25125000000000003,8578.112942975233,0.0,0.0,179.67471174357175,6.015167587251512e-14,6.015167587251512e-14
0.2513,8578.076683769892,0.0,0.0,179.67469024298003,6.015165780221138e-14,6.015165780221138e-14
0.25135,8578.034099588756,0.0,0.0,179.67454205406992,6.015159573559723e-14,6.015159573559723e-14
0.2514,8577.986117308119,0.0,0.0,179.67426507772117,6.01514929602864e-14,6.01514929602864e-14
0.25145,8577.93187951826,0.0,0.0,179.67386323860703,6.015134465006543e-14,6.015134465006543e-14
0.2515,8577.872399834903,0.0,0.0,179.6733316606737,6.015115866990822e-14,6.015115866990822e-14
0.25155,8577.806871125786,0.0,0.0,179.6726790251994,6.015092421283147e-14,6.015092421283147e-14
0.2516,8577.736170771268,0.0,0.0,179.6718954547059,6.015065660832029e-14,6.015065660832029e-14
0.25165,8577.659786433182,0.0,0.0,179.67099593421105,6.015033708172918e-14,6.015033708172918e-14
0.25170000000000003,8577.578203686673,0.0,0.0,179.66996483268,6.01499893313404e-14,6.01499893313404e-14
0.25175000000000003,8577.491456009131,0.0,0.0,179.66882328121034,6.014958690580047e-14,6.014958690580047e-14
0.2518,8577.399402368319,0.0,0.0,179.66755098427598,6.01491603152777e-14,6.01491603152777e-14
0.25185,8577.302824542512,0.0,0.0,179.66617317248708,6.014867823697351e-14,6.014867823697351e-14
0.2519,8577.200794971748,0.0,0.0,179.66466780307502,6.014817400424342e-14,6.014817400424342e-14
0.25195,8577.094946801948,0.0,0.0,179.66306048464364,6.014761644008142e-14,6.014761644008142e-14
0.252,8576.983526243012,0.0,0.0,179.6613317635735,6.014703584086586e-14,6.014703584086586e-14
0.25205,8576.868984249724,0.0,0.0,179.65950281953224,6.014640761413758e-14,6.014640761413758e-14
0.2521,8576.74884807491,0.0,0.0,179.6575617973737,6.014575228146802e-14,6.014575228146802e-14
0.25215,8576.626201485145,0.0,0.0,179.65552042704397,6.014505852828055e-14,6.014505852828055e-14
0.25220000000000004,8576.498109243983,0.0,0.0,179.65337917514395,6.014433077479664e-14,6.014433077479664e-14
0.25225000000000003,8576.3679623918,0.0,0.0,179.65113609148167,6.014357659073972e-14,6.014357659073972e-14
0.2523,8576.23274442624,0.0,0.0,179.64880739780554,6.014277970640427e-14,6.014277970640427e-14
0.25235,8576.095725329169,0.0,0.0,179.6463749805388,6.014196983297333e-14,6.014196983297333e-14
0.2524,8575.954263759171,0.0,0.0,179.64387209655993,6.01411083101543e-14,6.01411083101543e-14
0.25245,8575.811036709872,0.0,0.0,179.641264460768,6.014024692460552e-14,6.014024692460552e-14
0.2525,8575.6642428693,0.0,0.0,179.63860093735133,6.013932654285259e-14,6.013932654285259e-14
0.25255,8575.515523091364,0.0,0.0,179.63583388677495,6.01384171939371e-14,6.01384171939371e-14
0.2526,8575.364314107494,0.0,0.0,179.633023522988,6.013744495374564e-14,6.013744495374564e-14
0.25265,8575.210880926774,0.0,0.0,179.63011437452312,6.013649065183207e-14,6.013649065183207e-14
0.25270000000000004,8575.05615899661,0.0,0.0,179.62717128355385,6.013547453780092e-14,6.013547453780092e-14
0.25275000000000003,8574.898864864695,0.0,0.0,179.6241385704643,6.013447800978258e-14,6.013447800978258e-14
0.2528,8574.741501457362,0.0,0.0,179.6210773463179,6.013342661446517e-14,6.013342661446517e-14
0.25285,8574.581274254098,0.0,0.0,179.61794042716141,6.013239066403122e-14,6.013239066403122e-14
0.2529,8574.422102066583,0.0,0.0,179.61477637699844,6.013131272408699e-14,6.013131272408699e-14
0.25295,8574.259938862115,0.0,0.0,179.61155499460563,6.013024066324577e-14,6.013024066324577e-14
0.253,8574.099751949687,0.0,0.0,179.60830438737617,6.012914455842765e-14,6.012914455842765e-14
0.25305,8573.93670447166,0.0,0.0,179.60501823170907,6.01280406208229e-14,6.01280406208229e-14
0.2531,8573.776266643294,0.0,0.0,179.60169850836863,6.012693393408468e-14,6.012693393408468e-14
0.25315,8573.613418702571,0.0,0.0,179.59836683910504,6.012580360285189e-14,6.012580360285189e-14
0.25320000000000004,8573.453478567426,0.0,0.0,179.59499673150657,6.0124692782032e-14,6.0124692782032e-14
0.25325000000000003,8573.291918529228,0.0,0.0,179.5916381092381,6.012354297517737e-14,6.012354297517737e-14
0.2533,8573.133228089151,0.0,0.0,179.5882376272137,6.012243317829014e-14,6.012243317829014e-14
0.25335,8572.97401892862,0.0,0.0,179.58486978631203,6.01212722276996e-14,6.01212722276996e-14
0.2534,8572.817352995355,0.0,0.0,179.581460050518,6.01201673637504e-14,6.01201673637504e-14
0.25345,8572.66150394161,0.0,0.0,179.5780999265672,6.011900480360921e-14,6.011900480360921e-14
0.2535,8572.507675805062,0.0,0.0,179.57470284797134,6.011790777376247e-14,6.011790777376247e-14
0.25355,8572.356119280745,0.0,0.0,179.57136674766997,6.011675392198738e-14,6.011675392198738e-14
0.2536,8572.205990198227,0.0,0.0,179.568004578834,6.011566704107552e-14,6.011566704107552e-14
0.25365,8572.05956649216,0.0,0.0,179.5647084582874,6.011453245113557e-14,6.011453245113557e-14
0.25370000000000004,8571.914045934842,0.0,0.0,179.56140326182347,6.011345796378722e-14,6.011345796378722e-14
0.25375000000000003,8571.77349832873,0.0,0.0,179.5581630601215,6.01123528006766e-14,6.01123528006766e-14
0.2538,8571.633534094326,0.0,0.0,179.55493615557197,6.011129344803496e-14,6.011129344803496e-14
0.25385,8571.499513925319,0.0,0.0,179.55176811989935,6.011022687510898e-14,6.011022687510898e-14
0.2539,8571.366072699555,0.0,0.0,179.54863957501928,6.010918638687833e-14,6.010918638687833e-14
0.25395,8571.239154186036,0.0,0.0,179.54556051284263,6.010816606648513e-14,6.010816606648513e-14
0.254,8571.113193787038,0.0,0.0,179.54254874232174,6.010714952580005e-14,6.010714952580005e-14
0.25405,8570.993895530852,0.0,0.0,179.53957614407827,6.01061812765655e-14,6.01061812765655e-14
0.2541,8570.876332901242,0.0,0.0,179.53669766459274,6.010519527720843e-14,6.010519527720843e-14
0.25415,8570.765142709557,0.0,0.0,179.533849659433,6.010428297882636e-14,6.010428297882636e-14
0.25420000000000004,8570.656820554394,0.0,0.0,179.53111902856028,6.010333553608116e-14,6.010333553608116e-14
0.25425000000000003,8570.554219787487,0.0,0.0,179.5284141586582,6.010248126157122e-14,6.010248126157122e-14
0.2543,8570.455876985478,0.0,0.0,179.52584409978073,6.010158149787514e-14,6.010158149787514e-14
0.25435,8570.3623596,0.0,0.0,179.52330092687674,6.010078588653624e-14,6.010078588653624e-14
0.2544,8570.274608654672,0.0,0.0,179.5209026140788,6.009994349110376e-14,6.009994349110376e-14
0.25445,8570.190692586091,0.0,0.0,179.51853919733122,6.009920629894767e-14,6.009920629894767e-14
0.2545,8570.114007093918,0.0,0.0,179.51632265188908,6.009843087126757e-14,6.009843087126757e-14
0.25455,8570.040234634984,0.0,0.0,179.51415595663153,6.009775161322194e-14,6.009775161322194e-14
0.2546,8569.974948772322,0.0,0.0,179.51213048835433,6.009705193950027e-14,6.009705193950027e-14
0.25465,8569.911876121725,0.0,0.0,179.51017579846027,6.009643055517428e-14,6.009643055517428e-14
0.25470000000000004,8569.858195174806,0.0,0.0,179.5083504186398,6.009581394368508e-14,6.009581394368508e-14
0.25475000000000003,8569.806371652236,0.0,0.0,179.50662082578347,6.00952513485303e-14,6.00952513485303e-14
0.2548,8569.764392989176,0.0,0.0,179.50500456151997,6.009472310815014e-14,6.009472310815014e-14
0.25485,8569.724332338203,0.0,0.0,179.50351059715288,6.00942215886338e-14,6.00942215886338e-14
0.2549,8569.694072647982,0.0,0.0,179.50211265039948,6.009378471246711e-14,6.009378471246711e-14
0.25495,8569.666220689005,0.0,0.0,179.50086210631585,6.00933480643105e-14,6.00933480643105e-14
0.255,8569.647646221963,0.0,0.0,179.49969182448777,6.009300319446771e-14,6.009300319446771e-14
0.25505,8569.632348263585,0.0,0.0,179.49868978310735,6.009263660146414e-14,6.009263660146414e-14
0.2551,8569.625403279193,0.0,0.0,179.49775643457772,6.009238223974618e-14,6.009238223974618e-14
0.25515,8569.622876792097,0.0,0.0,179.49700550089125,6.009209190075498e-14,6.009209190075498e-14
0.25520000000000004,8569.627505887782,0.0,0.0,179.49631787934078,6.009192488072682e-14,6.009192488072682e-14
0.25525000000000003,8569.637821186101,0.0,0.0,179.4958185778965,6.00917174165636e-14,6.00917174165636e-14
0.2553,8569.653982878188,0.0,0.0,179.49538448422598,6.009163353542875e-14,6.009163353542875e-14
0.25535,8569.677055190377,0.0,0.0,179.49513576261066,6.00915152906892e-14,6.00915152906892e-14
0.2554,8569.704723815337,0.0,0.0,179.49496143293172,6.009151003182317e-14,6.009151003182317e-14
0.25545,8569.740317590784,0.0,0.0,179.4949611971325,6.009148632520857e-14,6.009148632520857e-14
0.2555,8569.77947439448,0.0,0.0,179.4950507545021,6.009155556980804e-14,6.009155556980804e-14
0.25555,8569.827218978278,0.0,0.0,179.4952963591155,6.009163004067058e-14,6.009163004067058e-14
0.2556,8569.877832799993,0.0,0.0,179.49565136400898,6.00917706463807e-14,6.00917706463807e-14
0.25565,8569.93724806126,0.0,0.0,179.49613998644432,6.009194475601688e-14,6.009194475601688e-14
0.25570000000000004,8569.999249119783,0.0,0.0,179.49675914923424,6.009215495709853e-14,6.009215495709853e-14
0.25575000000000003,8570.069776506813,0.0,0.0,179.49748799530417,6.009242772980034e-14,6.009242772980034e-14
0.2558,8570.143027105565,0.0,0.0,179.49836709052872,6.00927072590077e-14,6.00927072590077e-14
0.25585,8570.22406298161,0.0,0.0,179.49933340423382,6.009307530386022e-14,6.009307530386022e-14
0.2559,8570.308329112844,0.0,0.0,179.5004654001,6.009342526145543e-14,6.009342526145543e-14
0.25595,8570.39925508707,0.0,0.0,179.50166627887862,6.009388304632856e-14,6.009388304632856e-14
0.256,8570.494183967361,0.0,0.0,179.50304166484304,6.009430550834683e-14,6.009430550834683e-14
0.25605,8570.594390777138,0.0,0.0,179.5044737116984,6.009484588528164e-14,6.009484588528164e-14
0.2561,8570.699496717361,0.0,0.0,179.5060809804439,6.009534332064549e-14,6.009534332064549e-14
0.25615,8570.808398772233,0.0,0.0,179.50773984706467,6.009595818553097e-14,6.009595818553097e-14
0.25620000000000004,8570.92306054971,0.0,0.0,179.50956606692677,6.009653277778392e-14,6.009653277778392e-14
0.25625000000000003,8571.04009922345,0.0,0.0,179.51144595927312,6.00972138102137e-14,6.00972138102137e-14
0.25630000000000003,8571.163568768401,0.0,0.0,179.51347736116497,6.009786675510952e-14,6.009786675510952e-14
0.25635,8571.288205447783,0.0,0.0,179.51557058358682,6.009860611170415e-14,6.009860611170415e-14
0.2564,8571.419627198906,0.0,0.0,179.51779308763707,6.009933703044076e-14,6.009933703044076e-14
0.25645,8571.55132684846,0.0,0.0,179.52008969622165,6.010012790336567e-14,6.010012790336567e-14
0.2565,8571.689765382707,0.0,0.0,179.5224893126351,6.010093441347243e-14,6.010093441347243e-14
0.25655,8571.827974614504,0.0,0.0,179.52497693302627,6.010177139444747e-14,6.010177139444747e-14
0.2566,8571.972446470683,0.0,0.0,179.5275399928419,6.010264893135316e-14,6.010264893135316e-14
0.25665,8572.116569293767,0.0,0.0,179.53020383323963,6.010352810809887e-14,6.010352810809887e-14
0.25670000000000004,8572.266075763731,0.0,0.0,179.53291703000122,6.010447000027776e-14,6.010447000027776e-14
0.25675000000000003,8572.41545134692,0.0,0.0,179.53574009364257,6.01053888190346e-14,6.01053888190346e-14
0.25680000000000003,8572.569007278176,0.0,0.0,179.53859034543615,6.010638660441031e-14,6.010638660441031e-14
0.25685,8572.722893620969,0.0,0.0,179.54155381779032,6.01073434906234e-14,6.01073434906234e-14
0.2569,8572.879549704669,0.0,0.0,179.54452798590467,6.01083874430884e-14,6.01083874430884e-14
0.25695,8573.037115406782,0.0,0.0,179.54761174918863,6.010938127399084e-14,6.010938127399084e-14
0.257,8573.195971194493,0.0,0.0,179.55069626907164,6.011046103443764e-14,6.011046103443764e-14
0.25705,8573.356297609162,0.0,0.0,179.55387947982618,6.011149053296976e-14,6.011149053296976e-14
0.2571,8573.516504570409,0.0,0.0,179.557059972861,6.011259579226365e-14,6.011259579226365e-14
0.25715,8573.678597499833,0.0,0.0,179.5603216316866,6.011365893305564e-14,6.011365893305564e-14
0.25720000000000004,8573.839353056097,0.0,0.0,179.56358256636398,6.011478003976188e-14,6.011478003976188e-14
0.25725000000000003,8574.002163237956,0.0,0.0,179.56690201329215,6.011587357383678e-14,6.011587357383678e-14
0.25730000000000003,8574.162697221382,0.0,0.0,179.57022647625186,6.011700201160707e-14,6.011700201160707e-14
0.25735,8574.325146588537,0.0,0.0,179.57358375766893,6.011812114865692e-14,6.011812114865692e-14
0.2574,8574.484703861652,0.0,0.0,179.57695337699346,6.011924981532012e-14,6.011924981532012e-14
0.25745,8574.64571426468,0.0,0.0,179.58032945203797,6.012038813905487e-14,6.012038813905487e-14
0.2575,8574.803536271422,0.0,0.0,179.5837244916072,6.012151139481659e-14,6.012151139481659e-14
0.25755,8574.962057359213,0.0,0.0,179.58710126986864,6.012266098922354e-14,6.012266098922354e-14
0.2576,8575.117366633873,0.0,0.0,179.5905008886689,6.0123774501144e-14,6.0123774501144e-14
0.25765,8575.27239907339,0.0,0.0,179.59386111697148,6.012492628292068e-14,6.012492628292068e-14
0.2577,8575.424389279402,0.0,0.0,179.59724376256224,6.012602667641631e-14,6.012602667641631e-14
0.25775000000000003,8575.575001498953,0.0,0.0,179.60057080000385,6.0127170874719e-14,6.0127170874719e-14
0.25780000000000003,8575.722834848226,0.0,0.0,179.60391468792085,6.012825528621144e-14,6.012825528621144e-14
0.25785,8575.868171340535,0.0,0.0,179.6071922230073,6.012938198967095e-14,6.012938198967095e-14
0.2579,8576.010984337086,0.0,0.0,179.6104758424425,6.01304475734297e-14,6.01304475734297e-14
0.25795,8576.150265915097,0.0,0.0,179.61368761282793,6.013154728407917e-14,6.013154728407917e-14
0.258,8576.287182258784,0.0,0.0,179.61689019817263,6.013259076797218e-14,6.013259076797218e-14
0.25805,8576.419699280083,0.0,0.0,179.62001976923435,6.013365486135787e-14,6.013365486135787e-14
0.2581,8576.549848684428,0.0,0.0,179.6231216847614,6.01346722177087e-14,6.01346722177087e-14
0.25815,8576.674949360531,0.0,0.0,179.6261523320523,6.013569327477551e-14,6.013569327477551e-14
0.2582,8576.797489203536,0.0,0.0,179.62913533222635,6.013667954480068e-14,6.013667954480068e-14
0.25825000000000004,8576.914566095631,0.0,0.0,179.63205005363298,6.013765150004288e-14,6.013765150004288e-14
0.25830000000000003,8577.02870324058,0.0,0.0,179.6348974026276,6.013860080988609e-14,6.013860080988609e-14
0.25835,8577.13718047389,0.0,0.0,179.63767906463838,6.01395189191779e-14,6.01395189191779e-14
0.2584,8577.242190304212,0.0,0.0,179.64037552009034,6.014042465679734e-14,6.014042465679734e-14
0.25845,8577.341514510912,0.0,0.0,179.64300712093018,6.014128530663167e-14,6.014128530663167e-14
0.2585,8577.43675480071,0.0,0.0,179.64553880800432,6.014214044409478e-14,6.014214044409478e-14
0.25855,8577.5263912709,0.0,0.0,179.64800382212056,6.014294083881298e-14,6.014294083881298e-14
0.2586,8577.611309752716,0.0,0.0,179.6503580387411,6.01437383302847e-14,6.01437383302847e-14
0.25865,8577.690744797786,0.0,0.0,179.6526407959671,6.014447613423422e-14,6.014447613423422e-14
0.2587,8577.764879836883,0.0,0.0,179.65480579835437,6.014520933110139e-14,6.014520933110139e-14
0.25875000000000004,8577.833628981469,0.0,0.0,179.65689184676853,6.014588231567368e-14,6.014588231567368e-14
0.25880000000000003,8577.896604475553,0.0,0.0,179.65885666409733,6.014654533612503e-14,6.014654533612503e-14
0.25885,8577.954225035346,0.0,0.0,179.66073307066966,6.014715110722179e-14,6.014715110722179e-14
0.2589,8578.005741048259,0.0,0.0,179.66248738903434,6.014773909902251e-14,6.014773909902251e-14
0.25895,8578.051847151813,0.0,0.0,179.6641429435861,6.014827493991767e-14,6.014827493991767e-14
0.259,8578.091668731158,0.0,0.0,179.66567708508606,6.014878421388978e-14,6.014878421388978e-14
0.25905,8578.125946094891,0.0,0.0,179.66710239016666,6.014924706895565e-14,6.014924706895565e-14
0.2591,8578.15389275816,0.0,0.0,179.66840739399095,6.014967508132596e-14,6.014967508132596e-14
0.25915,8578.176110957664,0.0,0.0,179.66959484245848,6.015006167866939e-14,6.015006167866939e-14
0.2592,8578.192049024723,0.0,0.0,179.67066263615365,6.015040688677334e-14,6.015040688677334e-14
0.25925000000000004,8578.202069203831,0.0,0.0,179.67160629618476,6.015071396615597e-14,6.015071396615597e-14
0.25930000000000003,8578.20590863371,0.0,0.0,179.67242992869208,6.015097558844144e-14,6.015097558844144e-14
0.25935,8578.203685565966,0.0,0.0,179.67312537034536,6.015120019560551e-14,6.015120019560551e-14
0.2594,8578.195381874642,0.0,0.0,179.67369926746935,6.015137792928533e-14,6.015137792928533e-14
0.25945,8578.180960217884,0.0,0.0,179.67414337251574,6.015151771428802e-14,6.015151771428802e-14
0.2595,8578.160521140455,0.0,0.0,179.67446357161143,6.015161146902795e-14,6.015161146902795e-14
0.25955,8578.134026756754,0.0,0.0,179.6746543688607,6.015166493783667e-14,6.015166493783667e-14
0.2596,8578.101522299787,0.0,0.0,179.67471869313636,6.015167463548546e-14,6.015167463548546e-14
0.25965,8578.063150329377,0.0,0.0,179.6746552542391,6.015164130681633e-14,6.015164130681633e-14
0.2597,8578.018724183607,0.0,0.0,179.67446339773366,6.015156678827149e-14,6.015156678827149e-14
0.25975000000000004,8577.968726185576,0.0,0.0,179.67414581520143,6.015144722879488e-14,6.015144722879488e-14
0.25980000000000003,8577.912606070448,0.0,0.0,179.6736993249297,6.015128828425459e-14,6.015128828425459e-14
0.25985,8577.85127856695,0.0,0.0,179.6731287770396,6.015108401593528e-14,6.015108401593528e-14
0.2599,8577.783783295385,0.0,0.0,179.67243093661216,6.015084053277582e-14,6.015084053277582e-14
0.25995,8577.711459890756,0.0,0.0,179.6716098260574,6.015055383125304e-14,6.015055383125304e-14
0.26,8577.633001210339,0.0,0.0,179.67066546202733,6.015022603009336e-14,6.015022603009336e-14
0.26005,8577.550049740907,0.0,0.0,179.66959759965337,6.014985964923106e-14,6.014985964923106e-14
0.2601,8577.461128159468,0.0,0.0,179.6684128451334,6.014944836286775e-14,6.014944836286775e-14
0.26015,8577.367953284553,0.0,0.0,179.66710363980573,6.014900524013721e-14,6.014900524013721e-14
0.2602,8577.269147778694,0.0,0.0,179.66568569701988,6.01485121761289e-14,6.01485121761289e-14
0.26025000000000004,8577.166198644756,0.0,0.0,179.66414230915333,6.014799517214301e-14,6.014799517214301e-14
0.26030000000000003,8577.058151446368,0.0,0.0,179.66249925263037,6.014742310992834e-14,6.014742310992834e-14
0.26035,8576.945932612873,0.0,0.0,179.6607306730916,6.014683483400132e-14,6.014683483400132e-14
0.2604,8576.829331089042,0.0,0.0,179.65887132743205,6.014618770489921e-14,6.014618770489921e-14
0.26045,8576.708414689821,0.0,0.0,179.6568883547301,6.014553046611795e-14,6.014553046611795e-14
0.2605,8576.583972718428,0.0,0.0,179.6548222673007,6.014481329841002e-14,6.014481329841002e-14
0.26055,8576.455008952078,0.0,0.0,179.65263737204444,6.014408919054281e-14,6.014408919054281e-14
0.2606,8576.323450802724,0.0,0.0,179.65037488298114,6.014330791276195e-14,6.014330791276195e-14
0.26065,8576.187174265875,0.0,0.0,179.64800196761138,6.014251903371853e-14,6.014251903371853e-14
0.2607,8576.049223036567,0.0,0.0,179.6455543607449,6.014168015986243e-14,6.014168015986243e-14
0.26075000000000004,8575.906452894966,0.0,0.0,179.64300844018354,6.014082891950984e-14,6.014082891950984e-14
0.26080000000000003,8575.762825575184,0.0,0.0,179.640388142069,6.013993916574736e-14,6.013993916574736e-14
0.26085,8575.614458176837,0.0,0.0,179.6376849855196,6.013902863962152e-14,6.013902863962152e-14
0.2609,8575.465867710904,0.0,0.0,179.63490576799916,6.013809452061937e-14,6.013809452061937e-14
0.26095,8575.312862039184,0.0,0.0,179.63206154988183,6.013712877904968e-14,6.013712877904968e-14
0.261,8575.16002596267,0.0,0.0,179.62913868793657,6.013615626348929e-14,6.013615626348929e-14
0.26105,8575.003382640758,0.0,0.0,179.62616969612645,6.013514061190856e-14,6.013514061190856e-14
0.2611,8574.84703672209,0.0,0.0,179.62312003631823,6.013413488028639e-14,6.013413488028639e-14
0.26115,8574.687773272275,0.0,0.0,179.62004247819488,6.01330759661973e-14,6.01330759661973e-14
0.2612,8574.528687189208,0.0,0.0,179.6168843852897,6.013204132816438e-14,6.013204132816438e-14
0.26125000000000004,8574.367812236036,0.0,0.0,179.6137143166842,6.013094706726073e-14,6.013094706726073e-14
0.26130000000000003,8574.206804650497,0.0,0.0,179.6104674837106,6.012988705236846e-14,6.012988705236846e-14
0.26135,8574.045294411437,0.0,0.0,179.60722086667923,6.012876638783535e-14,6.012876638783535e-14
0.2614,8573.88324367936,0.0,0.0,179.6039059948161,6.012768400008672e-14,6.012768400008672e-14
0.26145,8573.722024016823,0.0,0.0,179.6005988680017,6.012654649872173e-14,6.012654649872173e-14
0.2615,8573.559872298349,0.0,0.0,179.59723724414437,6.012544461139136e-14,6.012544461139136e-14
0.26155,8573.399808238648,0.0,0.0,179.59388597016485,6.012429996042827e-14,6.012429996042827e-14
0.2616,8573.238556933458,0.0,0.0,179.5904989869902,6.012318177235559e-14,6.012318177235559e-14
0.26165,8573.080451504966,0.0,0.0,179.58712052625853,6.012203923922768e-14,6.012203923922768e-14
0.2617,8572.921147493791,0.0,0.0,179.58372920149776,6.012090874167014e-14,6.012090874167014e-14
0.26175000000000004,8572.765749167871,0.0,0.0,179.58034135454506,6.011977666876855e-14,6.011977666876855e-14
0.26180000000000003,8572.609463006562,0.0,0.0,179.57696590814695,6.011863902280589e-14,6.011863902280589e-14
0.26185,8572.457480789797,0.0,0.0,179.5735874708441,6.011752444765594e-14,6.011752444765594e-14
0.2619,8572.305278486372,0.0,0.0,179.57024701280093,6.011638621779764e-14,6.011638621779764e-14
0.26195,8572.157401731762,0.0,0.0,179.56689779901504,6.01152946550436e-14,6.01152946550436e-14
0.262,8572.010313990111,0.0,0.0,179.56361016559936,6.011416384575061e-14,6.011416384575061e-14
0.26205,8571.867233391667,0.0,0.0,179.56031087120598,6.011309929344197e-14,6.011309929344197e-14
0.2621,8571.72622539808,0.0,0.0,179.55709262591432,6.011198515962225e-14,6.011198515962225e-14
0.26215,8571.58865175677,0.0,0.0,179.55386453074266,6.011095031190629e-14,6.011095031190629e-14
0.2622,8571.454597810809,0.0,0.0,179.55073112237866,6.010986297583513e-14,6.010986297583513e-14
0.26225000000000004,8571.323274386883,0.0,0.0,179.54759565199615,6.010885962901997e-14,6.010885962901997e-14
0.26230000000000003,8571.196940395323,0.0,0.0,179.54456169738668,6.010780952085647e-14,6.010780952085647e-14
0.26235,8571.072646886101,0.0,0.0,179.54153988890525,6.010683911412825e-14,6.010683911412825e-14
0.2624,8570.954682756861,0.0,0.0,179.53861952879927,6.010583633538313e-14,6.010583633538313e-14
0.26245,8570.8382287224,0.0,0.0,179.53573146093734,6.010490053474882e-14,6.010490053474882e-14
0.2625,8570.729171940951,0.0,0.0,179.5329387242971,6.010395420764036e-14,6.010395420764036e-14
0.26255,8570.621380183407,0.0,0.0,179.53020298045394,6.010305546680327e-14,6.010305546680327e-14
0.2626,8570.521669096877,0.0,0.0,179.52755208977766,6.010217317223047e-14,6.010217317223047e-14
0.26265,8570.423350430754,0.0,0.0,179.52498531965617,6.01013151526561e-14,6.01013151526561e-14
0.2627,8570.33334580851,0.0,0.0,179.5224908771528,6.010050253842933e-14,6.010050253842933e-14
0.26275000000000004,8570.245267898395,0.0,0.0,179.52010751134117,6.009969034748132e-14,6.009969034748132e-14
0.26280000000000003,8570.16527869585,0.0,0.0,179.51778452185948,6.009895094894075e-14,6.009895094894075e-14
0.26285000000000003,8570.088133369863,0.0,0.0,179.51559667258,6.009819112927932e-14,6.009819112927932e-14
0.2629,8570.018443051,0.0,0.0,179.51346038367103,6.0097526456732e-14,6.0097526456732e-14
0.26295,8569.95281555239,0.0,0.0,179.5114779395019,6.009682672809609e-14,6.009682672809609e-14
0.263,8569.893704731663,0.0,0.0,179.5095435051451,6.009623658013265e-14,6.009623658013265e-14
0.26305,8569.84004972449,0.0,0.0,179.50777440019777,6.009560536635944e-14,6.009560536635944e-14
0.2631,8569.791811166715,0.0,0.0,179.50605640251183,6.009508835574873e-14,6.009508835574873e-14
0.26315,8569.75043800757,0.0,0.0,179.50450701492724,6.009453413826258e-14,6.009453413826258e-14
0.2632,8569.71338204846,0.0,0.0,179.50301889970905,6.009408833594406e-14,6.009408833594406e-14
0.26325000000000004,8569.684451595525,0.0,0.0,179.50169451647528,6.00936189492729e-14,6.00936189492729e-14
0.26330000000000003,8569.65890003885,0.0,0.0,179.5004480130872,6.009324256093322e-14,6.009324256093322e-14
0.26335000000000003,8569.642433344943,0.0,0.0,179.49935328733076,6.009286449449399e-14,6.009286449449399e-14
0.2634,8569.628703177747,0.0,0.0,179.49835788794744,6.009255647968456e-14,6.009255647968456e-14
0.26345,8569.624600341924,0.0,0.0,179.49749721679967,6.009227431139654e-14,6.009227431139654e-14
0.2635,8569.622978749087,0.0,0.0,179.49675978271574,6.009203483180969e-14,6.009203483180969e-14
0.26355,8569.631045876777,0.0,0.0,179.49613754479765,6.009185085473051e-14,6.009185085473051e-14
0.2636,8569.641760205348,0.0,0.0,179.49566209197,6.009168151497872e-14,6.009168151497872e-14
0.26365,8569.661739820775,0.0,0.0,179.4952827044035,6.009159561334537e-14,6.009159561334537e-14
0.2637,8569.684926782418,0.0,0.0,179.4950703951015,6.009149942403534e-14,6.009149942403534e-14
0.26375000000000004,8569.716528134843,0.0,0.0,179.49493817705533,6.009150922848629e-14,6.009150922848629e-14
0.26380000000000003,8569.752206111103,0.0,0.0,179.49498751717502,6.009149032121436e-14,6.009149032121436e-14
0.26385000000000003,8569.795130627177,0.0,0.0,179.49510637502252,6.009159159718723e-14,6.009159159718723e-14
0.2639,8569.8431797115,0.0,0.0,179.49541358775906,6.009165471506648e-14,6.009165471506648e-14
0.26395,8569.897138303402,0.0,0.0,179.49578656474043,6.009184196206444e-14,6.009184196206444e-14
0.264,8569.957290157916,0.0,0.0,179.49634608722997,6.009199179741497e-14,6.009199179741497e-14
0.26405,8570.022010327693,0.0,0.0,179.49697484001425,6.009225894334934e-14,6.009225894334934e-14
0.2641,8570.093850052463,0.0,0.0,179.4977798735376,6.009249943128421e-14,6.009249943128421e-14
0.26415,8570.169071564975,0.0,0.0,179.49866415043235,6.009284054916245e-14,6.009284054916245e-14
0.2642,8570.252050958154,0.0,0.0,179.49970718749606,6.009317419042738e-14,6.009317419042738e-14
0.26425000000000004,8570.337511779715,0.0,0.0,179.50084438322537,6.00935841255235e-14,6.00935841255235e-14
0.26430000000000003,8570.430972362801,0.0,0.0,179.5021176405715,6.009401146595197e-14,6.009401146595197e-14
0.26435000000000003,8570.526386498248,0.0,0.0,179.50350249226025,6.00944862834358e-14,6.00944862834358e-14
0.2644,8570.629589513643,0.0,0.0,179.50499819275876,6.009500559255466e-14,6.009500559255466e-14
0.26445,8570.734620957599,0.0,0.0,179.50662266278835,6.00955428029931e-14,6.00955428029931e-14
0.2645,8570.846779821215,0.0,0.0,179.50833313302573,6.009615001730384e-14,6.009615001730384e-14
0.26455,8570.961016381256,0.0,0.0,179.51018649758134,6.009674852506178e-14,6.009674852506178e-14
0.2646,8571.08132811908,0.0,0.0,179.51210407534262,6.009743745402897e-14,6.009743745402897e-14
0.26465,8571.20425922717,0.0,0.0,179.51417321007838,6.009809727270742e-14,6.009809727270742e-14
0.2647,8571.331930247408,0.0,0.0,179.51628998401185,6.009886003048323e-14,6.009886003048323e-14
0.26475,8571.462932579183,0.0,0.0,179.51855981040487,6.009958178430856e-14,6.009958178430856e-14
0.26480000000000004,8571.597196319546,0.0,0.0,179.52086723940218,6.01004094049509e-14,6.01004094049509e-14
0.26485000000000003,8571.73552898404,0.0,0.0,179.52332127467545,6.010119371121567e-14,6.010119371121567e-14
0.2649,8571.87565343536,0.0,0.0,179.52580975092354,6.010207683329007e-14,6.010207683329007e-14
0.26495,8572.020464360743,0.0,0.0,179.5284306913621,6.010292365379255e-14,6.010292365379255e-14
0.265,8572.165749203472,0.0,0.0,179.53108911971174,6.010385320940412e-14,6.010385320940412e-14
0.26505,8572.316091430375,0.0,0.0,179.53385938440556,6.010476125711993e-14,6.010476125711993e-14
0.2651,8572.465856464563,0.0,0.0,179.53667484677945,6.010572904761905e-14,6.010572904761905e-14
0.26515,8572.620712781907,0.0,0.0,179.5395770175067,6.010669535453208e-14,6.010669535453208e-14
0.2652,8572.774279666735,0.0,0.0,179.54253457855552,6.010769445267677e-14,6.010769445267677e-14
0.26525,8572.932592262963,0.0,0.0,179.54555168778387,6.010871413196525e-14,6.010871413196525e-14
0.26530000000000004,8573.089263685388,0.0,0.0,179.54863437690386,6.010973906123412e-14,6.010973906123412e-14
0.26535000000000003,8573.249964967268,0.0,0.0,179.55175002054077,6.011080532166048e-14,6.011080532166048e-14
0.2654,8573.409004430503,0.0,0.0,179.55493899938838,6.011185198734275e-14,6.011185198734275e-14
0.26545,8573.571045625586,0.0,0.0,179.55813727669772,6.011295637271688e-14,6.011295637271688e-14
0.2655,8573.731661780454,0.0,0.0,179.56141217562686,6.011402178800258e-14,6.011402178800258e-14
0.26555,8573.894035493806,0.0,0.0,179.5646774845756,6.011515461470651e-14,6.011515461470651e-14
0.2656,8574.055373662028,0.0,0.0,179.56801686727133,6.011623644829204e-14,6.011623644829204e-14
0.26565,8574.217128694936,0.0,0.0,179.57133360406232,6.011738737728612e-14,6.011738737728612e-14
0.2657,8574.378271015341,0.0,0.0,179.57471550371807,6.011848342269133e-14,6.011848342269133e-14
0.26575,8574.53851793981,0.0,0.0,179.5780677274895,6.01196420717769e-14,6.01196420717769e-14
0.26580000000000004,8574.698492781263,0.0,0.0,179.58147018924672,6.012074970593322e-14,6.012074970593322e-14
0.26585000000000003,8574.85640092729,0.0,0.0,179.58484131665523,6.012190623776049e-14,6.012190623776049e-14
0.2659,8575.01419995641,0.0,0.0,179.58824288310825,6.012302195954904e-14,6.012302195954904e-14
0.26595,8575.168987418183,0.0,0.0,179.59161547000187,6.012416754455282e-14,6.012416754455282e-14
0.266,8575.32358859364,0.0,0.0,179.59499555765478,6.012528666460825e-14,6.012528666460825e-14
0.26605,8575.474507672747,0.0,0.0,179.59835121063279,6.012641378282325e-14,6.012641378282325e-14
0.2661,8575.624900791086,0.0,0.0,179.60169034311082,6.012753029417157e-14,6.012753029417157e-14
0.26615,8575.771222383233,0.0,0.0,179.60500978221899,6.012863283186123e-14,6.012863283186123e-14
0.2662,8575.91643412173,0.0,0.0,179.60828966936805,6.0129739493643e-14,6.0129739493643e-14
0.26625,8576.057433770007,0.0,0.0,179.6115529398611,6.013081264069821e-14,6.013081264069821e-14
0.26630000000000004,8576.196549205762,0.0,0.0,179.61475641462005,6.013190123626389e-14,6.013190123626389e-14
0.26635000000000003,8576.331497918885,0.0,0.0,179.61794322351722,6.013294122080161e-14,6.013294122080161e-14
0.2664,8576.46367598899,0.0,0.0,179.62105406967643,6.013400296286767e-14,6.013400296286767e-14
0.26645,8576.591837327842,0.0,0.0,179.6241442046242,6.013500666528786e-14,6.013500666528786e-14
0.2665,8576.716319229236,0.0,0.0,179.6271469228616,6.01360326742011e-14,6.01360326742011e-14
0.26655,8576.836953476093,0.0,0.0,179.63012070070198,6.013699720747624e-14,6.013699720747624e-14
0.2666,8576.953063495654,0.0,0.0,179.63300026703357,6.013797899285035e-14,6.013797899285035e-14
0.26665,8577.065438436714,0.0,0.0,179.63583895669552,6.013890130446922e-14,6.013890130446922e-14
0.2667,8577.172578537666,0.0,0.0,179.63858062548374,6.013983118716077e-14,6.013983118716077e-14
0.26675,8577.275985108789,0.0,0.0,179.64126679665716,6.014070775986787e-14,6.014070775986787e-14
0.26680000000000004,8577.373625004122,0.0,0.0,179.6438559896244,6.014157916714752e-14,6.014157916714752e-14
0.26685000000000003,8577.467395739592,0.0,0.0,179.6463737520234,6.014240585641729e-14,6.014240585641729e-14
0.2669,8577.55506104653,0.0,0.0,179.6487960586669,6.014321347037358e-14,6.014321347037358e-14
0.26695,8577.63858838138,0.0,0.0,179.65113117524342,6.014398549914605e-14,6.014398549914605e-14
0.267,8577.715849572405,0.0,0.0,179.65337246970003,6.01447252369974e-14,6.01447252369974e-14
0.26705,8577.78860163901,0.0,0.0,179.6555123476504,6.014543734657744e-14,6.014543734657744e-14
0.2671,8577.855065989643,0.0,0.0,179.6575590075046,6.014610620072816e-14,6.014610620072816e-14
0.26715,8577.916597719024,0.0,0.0,179.65949258939204,6.014675291692217e-14,6.014675291692217e-14
0.2672,8577.971906083554,0.0,0.0,179.66133178501946,6.014734869089628e-14,6.014734869089628e-14
0.26725,8578.021864428243,0.0,0.0,179.6630493770045,6.014792466639439e-14,6.014792466639439e-14
0.26730000000000004,8578.065693359398,0.0,0.0,179.66466938911267,6.01484456614553e-14,6.01484456614553e-14
0.26735000000000003,8578.103816479923,0.0,0.0,179.6661624705343,6.014894602619894e-14,6.014894602619894e-14
0.2674,8578.135885466438,0.0,0.0,179.66755299016577,6.014939074392693e-14,6.014939074392693e-14
0.26745,8578.16199661096,0.0,0.0,179.66881404876844,6.014981141140308e-14,6.014981141140308e-14
0.2675,8578.182079052709,0.0,0.0,179.66996641797508,6.015017832049185e-14,6.015017832049185e-14
0.26755,8578.196076897222,0.0,0.0,179.67098884726235,6.015051619970181e-14,6.015051619970181e-14
0.2676,8578.204012825165,0.0,0.0,179.67189620990897,6.015080361414796e-14,6.015080361414796e-14
0.26765,8578.20586040113,0.0,0.0,179.67267429134333,6.015105669655084e-14,6.015105669655084e-14
0.2677,8578.201568612698,0.0,0.0,179.6733316391063,6.015126277864473e-14,6.015126277864473e-14
0.26775,8578.19128322171,0.0,0.0,179.67386061467846,6.015143009562632e-14,6.015143009562632e-14
0.26780000000000004,8578.174770553507,0.0,0.0,179.67426473131786,6.015155298175119e-14,6.015155298175119e-14
0.26785000000000003,8578.152416711197,0.0,0.0,179.67454095406467,6.015163444489306e-14,6.015163444489306e-14
0.2679,8578.123782686303,0.0,0.0,179.67469027789585,6.015167246521036e-14,6.015167246521036e-14
0.26795,8578.089469532297,0.0,0.0,179.67471141282027,6.015166862831422e-14,6.015166862831422e-14
0.268,8578.04890541762,0.0,0.0,179.67460585037114,6.015162057542301e-14,6.015162057542301e-14
0.26805,8578.00278907134,0.0,0.0,179.674371088033,6.015153236580628e-14,6.015153236580628e-14
0.2681,8577.950571329728,0.0,0.0,179.67401181893624,6.015139775940126e-14,6.015139775940126e-14
0.26815,8577.89286175872,0.0,0.0,179.67352206076586,6.015122623368041e-14,6.015122623368041e-14
0.2682,8577.82934087328,0.0,0.0,179.67291137374528,6.015100552875132e-14,6.015100552875132e-14
0.26825,8577.760311776114,0.0,0.0,179.67216935217115,6.015075170156895e-14,6.015075170156895e-14
0.26830000000000004,8577.685898282733,0.0,0.0,179.67131054465426,6.015044639728518e-14,6.015044639728518e-14
0.26835000000000003,8577.605897977397,0.0,0.0,179.67032085182908,6.01501111795189e-14,6.01501111795189e-14
0.2684,8577.521047923241,0.0,0.0,179.66921821251927,6.014972380542977e-14,6.014972380542977e-14
0.26845,8577.43050876455,0.0,0.0,179.66798722676094,6.014930806407523e-14,6.014930806407523e-14
0.2685,8577.335711161752,0.0,0.0,179.66664610368105,6.01488420408662e-14,6.01488420408662e-14
0.26855,8577.235155190841,0.0,0.0,179.66518182033994,6.014834677534519e-14,6.014834677534519e-14
0.2686,8577.13092341254,0.0,0.0,179.663608759337,6.014780616945754e-14,6.014780616945754e-14
0.26865,8577.020962538314,0.0,0.0,179.66192054927657,6.014723276891506e-14,6.014723276891506e-14
0.2687,8576.907831239338,0.0,0.0,179.66012347298644,6.014662198445578e-14,6.014662198445578e-14
0.26875,8576.789160864624,0.0,0.0,179.6582218047919,6.014597252095143e-14,6.014597252095143e-14
0.26880000000000004,8576.667688791944,0.0,0.0,179.6562101918859,6.014529597616603e-14,6.014529597616603e-14
0.26885000000000003,8576.541075244966,0.0,0.0,179.6541063606717,6.01445734754115e-14,6.01445734754115e-14
0.26890000000000003,8576.411853303896,0.0,0.0,179.6518913823502,6.014383532818351e-14,6.014383532818351e-14
0.26895,8576.278116021638,0.0,0.0,179.64959728744165,6.014304395960123e-14,6.014304395960123e-14
0.269,8576.141779093641,0.0,0.0,179.64719186244497,6.01422479264505e-14,6.01422479264505e-14
0.26905,8576.001769867733,0.0,0.0,179.64471986844413,6.014139307396398e-14,6.014139307396398e-14
0.2691,8575.859009717375,0.0,0.0,179.64213860953734,6.014054238423891e-14,6.014054238423891e-14
0.26915,8575.713591602384,0.0,0.0,179.63950151079203,6.01396305633721e-14,6.01396305633721e-14
0.2692,8575.56516837745,0.0,0.0,179.63676055235277,6.013872806244336e-14,6.013872806244336e-14
0.26925,8575.415197082855,0.0,0.0,179.63397164294472,6.013776669353141e-14,6.013776669353141e-14
0.26930000000000004,8575.261946356355,0.0,0.0,179.63108835837926,6.013681508012817e-14,6.013681508012817e-14
0.26935000000000003,8575.108256891886,0.0,0.0,179.62816159014693,6.013581213276171e-14,6.013581213276171e-14
0.26940000000000003,8574.951090270244,0.0,0.0,179.62515422668005,6.013481430386803e-14,6.013481430386803e-14
0.26945,8574.794490362809,0.0,0.0,179.622104420884,6.013377786520695e-14,6.013377786520695e-14
0.2695,8574.634388286775,0.0,0.0,179.61899169364202,6.013273730026516e-14,6.013273730026516e-14
0.26955,8574.475659731052,0.0,0.0,179.6158347598994,6.013167512934375e-14,6.013167512934375e-14
0.2696,8574.313656277774,0.0,0.0,179.6126354560747,6.013059626015452e-14,6.013059626015452e-14
0.26965,8574.153563405693,0.0,0.0,179.6093885673841,6.012951538967061e-14,6.012951538967061e-14
0.2697,8573.99072450457,0.0,0.0,179.60612121140824,6.012840387724457e-14,6.012840387724457e-14
0.26975,8573.830028360677,0.0,0.0,179.6028028882195,6.012731033812994e-14,6.012731033812994e-14
0.26980000000000004,8573.667425286218,0.0,0.0,179.5994855113103,6.012617320541826e-14,6.012617320541826e-14
0.26985000000000003,8573.506900785727,0.0,0.0,179.59611557888613,6.012507190619307e-14,6.012507190619307e-14
0.26990000000000003,8573.345582453117,0.0,0.0,179.59276562127823,6.012391749203957e-14,6.012391749203957e-14
0.26995,8573.186035108949,0.0,0.0,179.589365023288,6.01228122927062e-14,6.01228122927062e-14
0.27,8573.027002208424,0.0,0.0,179.58599937695564,6.012165000900126e-14,6.012165000900126e-14
0.27005,8572.869281401836,0.0,0.0,179.5825898496511,6.012054397288629e-14,6.012054397288629e-14
0.2701,8572.71346588619,0.0,0.0,179.57922502750898,6.011938390134485e-14,6.011938390134485e-14
0.27015,8572.558471249622,0.0,0.0,179.57582866108913,6.011827969606349e-14,6.011827969606349e-14
0.2702,8572.406723765343,0.0,0.0,179.57248105716218,6.011713205474258e-14,6.011713205474258e-14
0.27025,8572.255403118923,0.0,0.0,179.569119789828,6.011603244681228e-14,6.011603244681228e-14
0.27030000000000004,8572.108489676502,0.0,0.0,179.5658059793505,6.011490701316593e-14,6.011490701316593e-14
0.27035000000000003,8571.961827317782,0.0,0.0,179.56250108166108,6.011381536803337e-14,6.011381536803337e-14
0.27040000000000003,8571.820435781969,0.0,0.0,179.55923810105722,6.011272092662867e-14,6.011272092662867e-14
0.27045,8571.679431960807,0.0,0.0,179.55600971279597,6.01116416507338e-14,6.01116416507338e-14
0.2705,8571.544186576479,0.0,0.0,179.55281526018433,6.011058554837093e-14,6.011058554837093e-14
0.27055,8571.409830187551,0.0,0.0,179.54968203594717,6.010952437789255e-14,6.010952437789255e-14
0.2706,8571.281312131287,0.0,0.0,179.54657454285612,6.01085122582675e-14,6.01085122582675e-14
0.27065,8571.15454945103,0.0,0.0,179.54355344908666,6.010747635710588e-14,6.010747635710588e-14
0.2707,8571.03331955833,0.0,0.0,179.54055199154382,6.010651210231085e-14,6.010651210231085e-14
0.27075,8570.915023291549,0.0,0.0,179.5376582763727,6.010550993057395e-14,6.010550993057395e-14
0.27080000000000004,8570.80164325889,0.0,0.0,179.5347823176522,6.010459584209497e-14,6.010459584209497e-14
0.27085000000000004,8570.692585238303,0.0,0.0,179.53202965017957,6.010363680278193e-14,6.010363680278193e-14
0.27090000000000003,8570.58763366525,0.0,0.0,179.52929863221792,6.010277397816347e-14,6.010277397816347e-14
0.27095,8570.488465212782,0.0,0.0,179.5266993831559,6.010186789043032e-14,6.010186789043032e-14
0.271,8570.392545117471,0.0,0.0,179.52413220788003,6.01010567609131e-14,6.01010567609131e-14
0.27105,8570.303787189674,0.0,0.0,179.52169782155397,6.010021320963793e-14,6.010021320963793e-14
0.2711,8570.217523713605,0.0,0.0,179.51931228111206,6.009945415147961e-14,6.009945415147961e-14
0.27115,8570.139568098784,0.0,0.0,179.5170536751642,6.009868182221797e-14,6.009868182221797e-14
0.2712,8570.063595451209,0.0,0.0,179.51486589982855,6.009797575030161e-14,6.009797575030161e-14
0.27125,8569.996716789661,0.0,0.0,179.51279382310204,6.009728181897147e-14,6.009728181897147e-14
0.2713,8569.931656178891,0.0,0.0,179.5108178157507,6.00966306836244e-14,6.00966306836244e-14
0.27135000000000004,8569.876032475184,0.0,0.0,179.50894310062256,6.009602036346917e-14,6.009602036346917e-14
0.27140000000000003,8569.822463324412,0.0,0.0,179.5071904157392,6.00954274529791e-14,6.00954274529791e-14
0.27145,8569.778202372627,0.0,0.0,179.5055240757393,6.00949037556454e-14,6.00949037556454e-14
0.2715,8569.736630539861,0.0,0.0,179.50400368261293,6.00943737770713e-14,6.00943737770713e-14
0.27155,8569.703797693284,0.0,0.0,179.5025568286081,6.009393751980056e-14,6.009393751980056e-14
0.2716,8569.67462510835,0.0,0.0,179.5012751725462,6.009347641697859e-14,6.009347641697859e-14
0.27165,8569.653268695922,0.0,0.0,179.50005874807206,6.009312649044551e-14,6.009312649044551e-14
0.2717,8569.63676804004,0.0,0.0,179.49901999650805,6.009274103431723e-14,6.009274103431723e-14
0.27175,8569.62693833578,0.0,0.0,179.49804435936778,6.009247487328249e-14,6.009247487328249e-14
0.2718,8569.623236770525,0.0,0.0,179.49725079362187,6.009217207208326e-14,6.009217207208326e-14
0.27185000000000004,8569.624995641032,0.0,0.0,179.49652519526498,6.00919862872311e-14,6.00919862872311e-14
0.27190000000000003,8569.634069213964,0.0,0.0,179.495977688122,6.009177269068394e-14,6.009177269068394e-14
0.27195,8569.647489225867,0.0,0.0,179.4955097178917,6.009166375078299e-14,6.009166375078299e-14
0.272,8569.66916914145,0.0,0.0,179.49520822576827,6.009154476055353e-14,6.009154476055353e-14
0.27205,8569.694321707058,0.0,0.0,179.49500329425896,6.009150964143171e-14,6.009150964143171e-14
0.2721,8569.72831134999,0.0,0.0,179.49494729041265,6.009148890123602e-14,6.009148890123602e-14
0.27215,8569.765246197092,0.0,0.0,179.49500822194477,6.009152560545015e-14,6.009152560545015e-14
0.2722,8569.811146464459,0.0,0.0,179.49519700712887,6.009160458015557e-14,6.009160458015557e-14
0.27225,8569.859864856166,0.0,0.0,179.4955237968683,6.009171244435495e-14,6.009171244435495e-14
0.2723,8569.917204635058,0.0,0.0,179.49595664161356,6.009189022674167e-14,6.009189022674167e-14
0.27235000000000004,8569.977630649462,0.0,0.0,179.49654641113028,6.009206999059566e-14,6.009206999059566e-14
0.27240000000000003,8570.045897759037,0.0,0.0,179.4972225094558,6.009234337416377e-14,6.009234337416377e-14
0.27245,8570.117851703586,0.0,0.0,179.49806966657732,6.009259697828992e-14,6.009259697828992e-14
0.2725,8570.196520733762,0.0,0.0,179.4989879090181,6.009296078500592e-14,6.009296078500592e-14
0.27255,8570.279698487151,0.0,0.0,179.50008449063608,6.00932909514032e-14,6.00932909514032e-14
0.2726,8570.368251406919,0.0,0.0,179.50124309110095,6.009373855755273e-14,6.009373855755273e-14
0.27265,8570.462213145818,0.0,0.0,179.50257924211692,6.009414819581602e-14,6.009414819581602e-14
0.2727,8570.560150512609,0.0,0.0,179.50397527549913,6.009467220132944e-14,6.009467220132944e-14
0.27275,8570.664320064765,0.0,0.0,179.50553979944914,6.009516373607563e-14,6.009516373607563e-14
0.2728,8570.771161679695,0.0,0.0,179.50716871952076,6.00957566607297e-14,6.00957566607297e-14
0.27285000000000004,8570.884837319536,0.0,0.0,179.50894962783806,6.009633137925711e-14,6.009633137925711e-14
0.27290000000000003,8571.000112651423,0.0,0.0,179.51080483887176,6.009698631168224e-14,6.009698631168224e-14
0.27295,8571.12248755738,0.0,0.0,179.5127898273587,6.009764381257614e-14,6.009764381257614e-14
0.273,8571.245718321512,0.0,0.0,179.51486237482533,6.009835490796865e-14,6.009835490796865e-14
0.27305,8571.375908336671,0.0,0.0,179.517039168814,6.00990927480261e-14,6.00990927480261e-14
0.2731,8571.50658583838,0.0,0.0,179.51931759784347,6.009985551576146e-14,6.009985551576146e-14
0.27315,8571.643660931319,0.0,0.0,179.52167412734806,6.010066908111627e-14,6.010066908111627e-14
0.2732,8571.781222529815,0.0,0.0,179.5241445339988,6.010148043272085e-14,6.010148043272085e-14
0.27325,8571.924237749983,0.0,0.0,179.5266689267267,6.010236307023737e-14,6.010236307023737e-14
0.2733,8572.068045943368,0.0,0.0,179.52931519966006,6.01032211155315e-14,6.01032211155315e-14
0.27335000000000004,8572.216068493866,0.0,0.0,179.53199560645504,6.010416449014683e-14,6.010416449014683e-14
0.27340000000000003,8572.3653962804,0.0,0.0,179.53479983100868,6.010506813928081e-14,6.010506813928081e-14
0.27345,8572.517525124877,0.0,0.0,179.53762412299375,6.010606276885133e-14,6.010606276885133e-14
0.2735,8572.671550150833,0.0,0.0,179.54056709718483,6.010701118453059e-14,6.010701118453059e-14
0.27355,8572.826926715565,0.0,0.0,179.54352249228683,6.0108047082285e-14,6.0108047082285e-14
0.2736,8572.984735116159,0.0,0.0,179.54658429084233,6.010903908557063e-14,6.010903908557063e-14
0.27365,8573.142544229533,0.0,0.0,179.54965697627307,6.011010640650482e-14,6.011010640650482e-14
0.2737,8573.303144295936,0.0,0.0,179.5528174938616,6.01111399155487e-14,6.01111399155487e-14
0.27375,8573.462606427092,0.0,0.0,179.55599231107203,6.011222953843573e-14,6.011222953843573e-14
0.2738,8573.624949997242,0.0,0.0,179.55923172153254,6.011330112421908e-14,6.011330112421908e-14
0.27385000000000004,8573.785307047117,0.0,0.0,179.56249196901894,6.011440507448391e-14,6.011440507448391e-14
0.27390000000000003,8573.94831630927,0.0,0.0,179.5657910521614,6.01155097041406e-14,6.01155097041406e-14
0.27395,8574.108813750276,0.0,0.0,179.56911844365743,6.011662138264807e-14,6.011662138264807e-14
0.274,8574.271409816223,0.0,0.0,179.57245875194874,6.011775236967047e-14,6.011775236967047e-14
0.27405,8574.431279019163,0.0,0.0,179.57583354382146,6.011886655933597e-14,6.011886655933597e-14
0.2741,8574.592408856563,0.0,0.0,179.57919740646255,6.01200157410213e-14,6.01200157410213e-14
0.27415,8574.750852507776,0.0,0.0,179.58259868336623,6.012112840388155e-14,6.012112840388155e-14
0.2742,8574.909511231152,0.0,0.0,179.585969068822,6.01222864988668e-14,6.01222864988668e-14
0.27425,8575.06569485942,0.0,0.0,179.5893751544986,6.012339441568151e-14,6.012339441568151e-14
0.2743,8575.220940850917,0.0,0.0,179.59273543311843,6.012455151876593e-14,6.012455151876593e-14
0.27435000000000004,8575.373991904275,0.0,0.0,179.59612437595814,6.01256518226309e-14,6.01256518226309e-14
0.27440000000000003,8575.524953995016,0.0,0.0,179.5994580372282,6.01267979585948e-14,6.01267979585948e-14
0.27445,8575.673968918745,0.0,0.0,179.60280811192573,6.01278876566879e-14,6.01278876566879e-14
0.2745,8575.81984543113,0.0,0.0,179.6060984952058,6.012901331266244e-14,6.012901331266244e-14
0.27455,8575.963904038257,0.0,0.0,179.6093886615513,6.013008885837004e-14,6.013008885837004e-14
0.2746,8576.103955304028,0.0,0.0,179.61261875461548,6.013118543157274e-14,6.013118543157274e-14
0.27465,8576.24214028413,0.0,0.0,179.61582902378382,6.013224242166741e-14,6.013224242166741e-14
0.2747,8576.375676769287,0.0,0.0,179.61898137011755,6.013330251392949e-14,6.013330251392949e-14
0.27475,8576.507095990564,0.0,0.0,179.62209304474214,6.013433555020107e-14,6.013433555020107e-14
0.2748,8576.633464831402,0.0,0.0,179.62514978225883,6.01353530924709e-14,6.01353530924709e-14
0.27485000000000004,8576.75727322459,0.0,0.0,179.6281455569895,6.013635582006597e-14,6.013635582006597e-14
0.27490000000000003,8576.875846170626,0.0,0.0,179.6310885889112,6.013732601240011e-14,6.013732601240011e-14
0.27495,8576.991264634406,0.0,0.0,179.63395252004617,6.01382913303842e-14,6.01382913303842e-14
0.275,8577.101429658336,0.0,0.0,179.63676379818367,6.013921042984446e-14,6.013921042984446e-14
0.27505,8577.207758736813,0.0,0.0,179.63948116991915,6.014013082451827e-14,6.014013082451827e-14
0.2751,8577.308917227872,0.0,0.0,179.64214305364865,6.014099582712186e-14,6.014099582712186e-14
0.27515,8577.405544300434,0.0,0.0,179.64470018297573,6.014186378341049e-14,6.014186378341049e-14
0.2752,8577.497114293365,0.0,0.0,179.64719582667377,6.014267205844796e-14,6.014267205844796e-14
0.27525,8577.583514224621,0.0,0.0,179.64957985540406,6.014348047590843e-14,6.014348047590843e-14
0.2753,8577.66493936735,0.0,0.0,179.65189357474432,6.01442294256495e-14,6.01442294256495e-14
0.27535000000000004,8577.740669352408,0.0,0.0,179.65409229596344,6.014497198156057e-14,6.014497198156057e-14
0.27540000000000003,8577.81143214762,0.0,0.0,179.65620986853236,6.014565877549902e-14,6.014565877549902e-14
0.27545000000000003,8577.87612268399,0.0,0.0,179.65821162571666,6.01463301840065e-14,6.01463301840065e-14
0.2755,8577.935759861606,0.0,0.0,179.6601204939169,6.014695161780592e-14,6.014695161780592e-14
0.27555,8577.98910401226,0.0,0.0,179.66191417589673,6.014754775050463e-14,6.014754775050463e-14
0.2756,8578.037221675964,0.0,0.0,179.6636035367514,6.014810024229945e-14,6.014810024229945e-14
0.27565,8578.078965131786,0.0,0.0,179.66517867368012,6.014861810863011e-14,6.014861810863011e-14
0.2757,8578.115251234527,0.0,0.0,179.6666394589333,6.014909782954093e-14,6.014909782954093e-14
0.27575,8578.145185280502,0.0,0.0,179.6679864058219,6.014953542719574e-14,6.014953542719574e-14
0.2758,8578.169417681218,0.0,0.0,179.66921117307461,6.0149938537324e-14,6.0149938537324e-14
0.27585000000000004,8578.187376514561,0.0,0.0,179.67032135219085,6.015029461555959e-14,6.015029461555959e-14
0.27590000000000003,8578.19942550145,0.0,0.0,179.67130412093005,6.01506175569727e-14,6.01506175569727e-14
0.27595000000000003,8578.20528850391,0.0,0.0,179.67217028415212,6.015089134008563e-14,6.015089134008563e-14
0.276,8578.20511373758,0.0,0.0,179.67290635761032,6.015113113615841e-14,6.015113113615841e-14
0.27605,8578.198812235629,0.0,0.0,179.67352282676774,6.015132206417258e-14,6.015132206417258e-14
0.2761,8578.186454975445,0.0,0.0,179.67400864006365,6.015147656829451e-14,6.015147656829451e-14
0.27615,8578.167982190707,0.0,0.0,179.67437148747274,6.01515841052607e-14,6.01515841052607e-14
0.2762,8578.143554480255,0.0,0.0,179.67460451514785,6.015165215865184e-14,6.015165215865184e-14
0.27625,8578.112976681676,0.0,0.0,179.67471165711916,6.015167570337602e-14,6.015167570337602e-14
0.2763,8578.0766496441,0.0,0.0,179.67469039996325,6.015165717466067e-14,6.015165717466067e-14
0.27635000000000004,8578.034116237899,0.0,0.0,179.6745415912607,6.015159609080563e-14,6.015159609080563e-14
0.27640000000000003,8577.986109777223,0.0,0.0,179.67426564585085,6.015149179385736e-14,6.015149179385736e-14
0.27645000000000003,8577.93186016111,0.0,0.0,179.67386238007387,6.015134555114569e-14,6.015134555114569e-14
0.2765,8577.872435998988,0.0,0.0,179.67333257750138,6.01511570586498e-14,6.01511570586498e-14
0.27655,8577.806801568757,0.0,0.0,179.6726779143926,6.015092545665534e-14,6.015092545665534e-14
0.2766,8577.736260959178,0.0,0.0,179.6718965002552,6.015065484669492e-14,6.015065484669492e-14
0.27665,8577.659661347565,0.0,0.0,179.67099485314358,6.0150338276227e-14,6.0150338276227e-14
0.2767,8577.578347862865,0.0,0.0,179.66996567149016,6.014998785969154e-14,6.014998785969154e-14
0.27675,8577.491281629136,0.0,0.0,179.6688225944256,6.014958754947573e-14,6.014958754947573e-14
0.2768,8577.39958838515,0.0,0.0,179.6675512357131,6.014915963306861e-14,6.014915963306861e-14
0.27685000000000004,8577.302619158372,0.0,0.0,179.6661732491051,6.014867782904165e-14,6.014867782904165e-14
0.27690000000000003,8577.200999054534,0.0,0.0,179.66466712668642,6.014817455945252e-14,6.014817455945252e-14
0.27695000000000003,8577.094739102262,0.0,0.0,179.66306161266672,6.01476145992408e-14,6.01476145992408e-14
0.277,8576.983715756329,0.0,0.0,179.66132994331505,6.014703792249327e-14,6.014703792249327e-14
0.27705,8576.868809377067,0.0,0.0,179.65950512851327,6.014640417893505e-14,6.014640417893505e-14
0.2771,8576.748986417351,0.0,0.0,179.65755880809496,6.014575592824798e-14,6.014575592824798e-14
0.27715,8576.626095600155,0.0,0.0,179.6555238347389,6.014505362653239e-14,6.014505362653239e-14
0.2772,8576.498161805752,0.0,0.0,179.65337521764516,6.01443357244043e-14,6.01443357244043e-14
0.27725,8576.367956480639,0.0,0.0,179.65114028626033,6.014357065252607e-14,6.014357065252607e-14
0.2773,8576.232685028504,0.0,0.0,179.64880289398715,6.014278539879744e-14,6.014278539879744e-14
0.27735000000000004,8576.095839181788,0.0,0.0,179.64637944591175,6.014196355528856e-14,6.014196355528856e-14
0.27740000000000004,8575.954080057412,0.0,0.0,179.64386764276753,6.014111394380696e-14,6.014111394380696e-14
0.27745000000000003,8575.81127440128,0.0,0.0,179.6412685407535,6.01402411801552e-14,6.01402411801552e-14
0.2775,8575.663940003196,0.0,0.0,179.63859722158216,6.013933119082862e-14,6.013933119082862e-14
0.27755,8575.51587038533,0.0,0.0,179.6358368835821,6.013841290297484e-14,6.013841290297484e-14
0.2776,8575.363915766498,0.0,0.0,179.63302121754745,6.013744770642014e-14,6.013744770642014e-14
0.27765,8575.211305717856,0.0,0.0,179.63011566371418,6.013648863672222e-14,6.013648863672222e-14
0.2777,8575.05570539908,0.0,0.0,179.62717093003764,6.013547466579902e-14,6.013547466579902e-14
0.27775,8574.899320338693,0.0,0.0,179.62413771449542,6.013447884481701e-14,6.013447884481701e-14
0.2778,8574.741044780047,0.0,0.0,179.62107925154325,6.013342370948678e-14,6.013342370948678e-14
0.27785,8574.581704773083,0.0,0.0,179.61793726793678,6.013239456147844e-14,6.013239456147844e-14
0.27790000000000004,8574.421699339151,0.0,0.0,179.6147805380649,6.013130679809865e-14,6.013130679809865e-14
0.27795000000000003,8574.26028775584,0.0,0.0,179.61154970756942,6.013024739484058e-14,6.013024739484058e-14
0.278,8574.099457010438,0.0,0.0,179.60831046048438,6.012913608510939e-14,6.012913608510939e-14
0.27805,8573.936922376359,0.0,0.0,179.60501133031042,6.012804951211537e-14,6.012804951211537e-14
0.2781,8573.776121810482,0.0,0.0,179.60170582942584,6.012692380901037e-14,6.012692380901037e-14
0.27815,8573.613471661634,0.0,0.0,179.5983591256233,6.012581359181855e-14,6.012581359181855e-14
0.2782,8573.453507607406,0.0,0.0,179.59500438935655,6.012468222653499e-14,6.012468222653499e-14
0.27825,8573.291793878669,0.0,0.0,179.59163057669576,6.012355273739497e-14,6.012355273739497e-14
0.2783,8573.133431617385,0.0,0.0,179.588244581008,6.012242357405462e-14,6.012242357405462e-14
0.27835,8572.973728644076,0.0,0.0,179.58486348434502,6.012128035987526e-14,6.012128035987526e-14
0.27840000000000004,8572.81770678867,0.0,0.0,179.5814652758856,6.012016006451644e-14,6.012016006451644e-14
0.27845000000000003,8572.661084240808,0.0,0.0,179.57809580972238,6.011901002176966e-14,6.011901002176966e-14
0.2785,8572.508133066405,0.0,0.0,179.57470549054887,6.011790390520395e-14,6.011790390520395e-14
0.27855,8572.355626654757,0.0,0.0,179.57136552890557,6.01167552700628e-14,6.01167552700628e-14
0.2786,8572.206486853747,0.0,0.0,179.56800409155778,6.011566732141042e-14,6.011566732141042e-14
0.27865,8572.059070717427,0.0,0.0,179.56471048964465,6.011452945723343e-14,6.011452945723343e-14
0.2787,8571.914509076772,0.0,0.0,179.56139950410014,6.0113462582155e-14,6.0113462582155e-14
0.27875,8571.773072934111,0.0,0.0,179.55816826022743,6.011234557892059e-14,6.011234557892059e-14
0.2788,8571.633891909696,0.0,0.0,179.55492943680022,6.011130199816241e-14,6.011130199816241e-14
0.27885,8571.499226154616,0.0,0.0,179.55177596124864,6.011021613939411e-14,6.011021613939411e-14
0.27890000000000004,8571.366264683413,0.0,0.0,179.54863063393503,6.010919789964883e-14,6.010919789964883e-14
0.27895000000000003,8571.239055068529,0.0,0.0,179.5455700735196,6.010815305196085e-14,6.010815305196085e-14
0.279,8571.113179914448,0.0,0.0,179.54253866219767,6.010716256934607e-14,6.010716256934607e-14
0.27905,8570.994012261948,0.0,0.0,179.5395862195628,6.010616759270626e-14,6.010616759270626e-14
0.2791,8570.876099817255,0.0,0.0,179.53668773496543,6.01052081399457e-14,6.01052081399457e-14
0.27915,8570.765473982108,0.0,0.0,179.53385892008188,6.010427038760176e-14,6.010427038760176e-14
0.2792,8570.656384579876,0.0,0.0,179.53111057197444,6.010334645669341e-14,6.010334645669341e-14
0.27925,8570.554734974152,0.0,0.0,179.52842133209265,6.010247144543034e-14,6.010247144543034e-14
0.2793,8570.455282524543,0.0,0.0,179.52583828762613,6.010158890765793e-14,6.010158890765793e-14
0.27935,8570.363002284756,0.0,0.0,179.52330497882153,6.010078020606847e-14,6.010078020606847e-14
0.27940000000000004,8570.273922904707,0.0,0.0,179.52090029827394,6.009994625140684e-14,6.009994625140684e-14
0.27945000000000003,8570.191387405843,0.0,0.0,179.51853948459794,6.009920559870623e-14,6.009920559870623e-14
0.2795,8570.11331128801,0.0,0.0,179.51632423644898,6.009842843898632e-14,6.009842843898632e-14
0.27955,8570.040897425793,0.0,0.0,179.51415232889073,6.009775609294755e-14,6.009775609294755e-14
0.2796,8569.974327205757,0.0,0.0,179.51213586082895,6.009704446947702e-14,6.009704446947702e-14
0.27965,8569.91242508341,0.0,0.0,179.51016863235083,6.009643971895799e-14,6.009643971895799e-14
0.2797,8569.857723942965,0.0,0.0,179.50835895213143,6.009580227763818e-14,6.009580227763818e-14
0.27975,8569.806738683516,0.0,0.0,179.50661098534943,6.009526406355089e-14,6.009526406355089e-14
0.2798,8569.764129289906,0.0,0.0,179.50501518893583,6.009470867286609e-14,6.009470867286609e-14
0.27985,8569.724472546477,0.0,0.0,179.50349932434713,6.009423621456545e-14,6.009423621456545e-14
0.27990000000000004,8569.694047067684,0.0,0.0,179.50212400198743,6.009376933441055e-14,6.009376933441055e-14
0.27995000000000003,8569.666118626445,0.0,0.0,179.50085085688664,6.009336267527029e-14,6.009336267527029e-14
0.28,8569.647858222208,0.0,0.0,179.49970241012355,6.009298884685478e-14,6.009298884685478e-14
0.28005,8569.632020434055,0.0,0.0,179.49868003017554,6.009264923915744e-14,6.009264923915744e-14
0.2801,8569.625821191165,0.0,0.0,179.49776484623368,6.009237078434053e-14,6.009237078434053e-14
0.28015,8569.62236926378,0.0,0.0,179.49699853403484,6.009210084395341e-14,6.009210084395341e-14
0.2802,8569.628071145944,0.0,0.0,179.49632298457956,6.009191780490307e-14,6.009191780490307e-14
0.28025,8569.637203556693,0.0,0.0,179.4958153261091,6.009172142505603e-14,6.009172142505603e-14
0.2803,8569.65461778315,0.0,0.0,179.4953855836209,6.009163175797746e-14,6.009163175797746e-14
0.28035,8569.676410913316,0.0,0.0,179.495136665733,6.00915137728376e-14,6.00915137728376e-14
0.28040000000000004,8569.705342301648,0.0,0.0,179.49495835814565,6.009151377323317e-14,6.009151377323317e-14
0.28045000000000003,8569.739732644364,0.0,0.0,179.49496614446502,6.009147943251835e-14,6.009147943251835e-14
0.2805,8569.779993471435,0.0,0.0,179.4950438928229,6.0091564320956e-14,6.0091564320956e-14
0.28055,8569.826770285652,0.0,0.0,179.49530470329375,6.009161863800927e-14,6.009161863800927e-14
0.2806,8569.878183984187,0.0,0.0,179.49564160577305,6.009178324076732e-14,6.009178324076732e-14
0.28065,8569.936993042513,0.0,0.0,179.49615063135423,6.009193030816502e-14,6.009193030816502e-14
0.2807,8569.999387444717,0.0,0.0,179.4967477652717,6.009216971921511e-14,6.009216971921511e-14
0.28075,8570.069745825458,0.0,0.0,179.4974995454579,6.009241209401801e-14,6.009241209401801e-14
0.2808,8570.142936941134,0.0,0.0,179.4983555578908,6.009272224039066e-14,6.009272224039066e-14
0.28085,8570.224256599358,0.0,0.0,179.4993443548413,6.009306047241427e-14,6.009306047241427e-14
0.28090000000000004,8570.308025911316,0.0,0.0,179.50045520042593,6.0093438495517e-14,6.0093438495517e-14
0.28095000000000003,8570.39964299627,0.0,0.0,179.50167522013757,6.00938708813415e-14,6.00938708813415e-14
0.281,8570.493711409026,0.0,0.0,179.5030340845196,6.009431528321732e-14,6.009431528321732e-14
0.28105,8570.594917531633,0.0,0.0,179.50447951812768,6.009483786241589e-14,6.009483786241589e-14
0.2811,8570.698920386783,0.0,0.0,179.50607694016142,6.009534840706076e-14,6.009534840706076e-14
0.28115,8570.808991514516,0.0,0.0,179.50774182590996,6.009595521353284e-14,6.009595521353284e-14
0.2812,8570.92245829165,0.0,0.0,179.5095660039615,6.00965325879499e-14,6.00965325879499e-14
0.28125,8571.04067803402,0.0,0.0,179.51144393679837,6.009721611317259e-14,6.009721611317259e-14
0.2813,8571.163019973681,0.0,0.0,179.51348118009008,6.009786141798618e-14,6.009786141798618e-14
0.28135,8571.28869415484,0.0,0.0,179.5155649182974,6.00986132195283e-14,6.00986132195283e-14
0.28140000000000004,8571.419201946694,0.0,0.0,179.51780018457293,6.009932735013363e-14,6.009932735013363e-14
0.28145000000000003,8571.551663434602,0.0,0.0,179.5200812180793,6.010013872918559e-14,6.010013872918559e-14
0.28150000000000003,8571.689515270307,0.0,0.0,179.5224986688374,6.010092175086935e-14,6.010092175086935e-14
0.28155,8571.828118969272,0.0,0.0,179.5249668187322,6.01017843914929e-14,6.01017843914929e-14
0.2816,8571.972398440017,0.0,0.0,179.5275503226691,6.010263499459877e-14,6.010263499459877e-14
0.28165,8572.116508017309,0.0,0.0,179.5301934370847,6.010354149492592e-14,6.010354149492592e-14
0.2817,8572.266229256653,0.0,0.0,179.5329269619113,6.01044566050584e-14,6.01044566050584e-14
0.28175,8572.415198479337,0.0,0.0,179.53573075862693,6.010540081722243e-14,6.010540081722243e-14
0.2818,8572.569335657072,0.0,0.0,179.5385986097783,6.01063754240527e-14,6.01063754240527e-14
0.28185,8572.722487514311,0.0,0.0,179.54154669487474,6.010735257312777e-14,6.010735257312777e-14
0.28190000000000004,8572.880004844226,0.0,0.0,179.5445335828606,6.010837978545405e-14,6.010837978545405e-14
0.28195000000000003,8573.03661248668,0.0,0.0,179.54760764940357,6.01093863579279e-14,6.01093863579279e-14
0.28200000000000003,8573.196491113642,0.0,0.0,179.5506985938442,6.011045768904059e-14,6.011045768904059e-14
0.28205,8573.355763602418,0.0,0.0,179.55387877920015,6.011149111397535e-14,6.011149111397535e-14
0.2821,8573.517022507769,0.0,0.0,179.557058881085,6.011259694121204e-14,6.011259694121204e-14
0.28215,8573.678098129603,0.0,0.0,179.56032424021015,6.011365513086956e-14,6.011365513086956e-14
0.2822,8573.839806746133,0.0,0.0,179.56357837282576,6.01147852703644e-14,6.01147852703644e-14
0.28225,8574.001755120928,0.0,0.0,179.56690740957004,6.011586608253329e-14,6.011586608253329e-14
0.2823,8574.163037237475,0.0,0.0,179.5702198890767,6.011701039684961e-14,6.011701039684961e-14
0.28235,8574.324870168208,0.0,0.0,179.57359108196985,6.011811111693021e-14,6.011811111693021e-14
0.28240000000000004,8574.484899428824,0.0,0.0,179.57694537966478,6.011926006756198e-14,6.011926006756198e-14
0.28245000000000003,8574.645589386691,0.0,0.0,179.58033764166282,6.012037697809262e-14,6.012037697809262e-14
0.28250000000000003,8574.803578376235,0.0,0.0,179.58371619219017,6.012152206079067e-14,6.012152206079067e-14
0.28255,8574.962082013668,0.0,0.0,179.58710921621653,6.01226501667585e-14,6.01226501667585e-14
0.2826,8575.11726754829,0.0,0.0,179.59049335961345,6.012378416518486e-14,6.012378416518486e-14
0.28265,8575.272551514307,0.0,0.0,179.59386782051527,6.012491711228621e-14,6.012491711228621e-14
0.2827,8575.424179186346,0.0,0.0,179.59723789527493,6.012603415837882e-14,6.012603415837882e-14
0.28275,8575.575244811194,0.0,0.0,179.60057550111745,6.01271643456314e-14,6.01271643456314e-14
0.2828,8575.722556022174,0.0,0.0,179.60391108215558,6.012825978420305e-14,6.012825978420305e-14
0.28285,8575.868460118993,0.0,0.0,179.6071944907399,6.012937865836534e-14,6.012937865836534e-14
0.28290000000000004,8576.010683894683,0.0,0.0,179.61047474504218,6.013044875518272e-14,6.013044875518272e-14
0.28295000000000003,8576.15055347642,0.0,0.0,179.61368738049146,6.013154722825316e-14,6.013154722825316e-14
0.28300000000000003,8576.286904921055,0.0,0.0,179.61689149683104,6.013258878007155e-14,6.013258878007155e-14
0.28305,8576.419944611014,0.0,0.0,179.62001731462377,6.013365771575216e-14,6.013365771575216e-14
0.2831,8576.549630316475,0.0,0.0,179.6231249543343,6.013466762595097e-14,6.013466762595097e-14
0.28315,8576.67512262786,0.0,0.0,179.62614820807684,6.013569831725302e-14,6.013569831725302e-14
0.2832,8576.797352488229,0.0,0.0,179.6291399232981,6.013667321649517e-14,6.013667321649517e-14
0.28325,8576.914651898009,0.0,0.0,179.6320449832638,6.013765779055522e-14,6.013765779055522e-14
0.2833,8577.028655672064,0.0,0.0,179.63490255609398,6.013859375343251e-14,6.013859375343251e-14
0.28335,8577.137178670968,0.0,0.0,179.63767381851744,6.013952545340694e-14,6.013952545340694e-14
0.28340000000000004,8577.242224864278,0.0,0.0,179.6403804889314,6.014041786035335e-14,6.014041786035335e-14
0.28345000000000004,8577.34143836202,0.0,0.0,179.64300239809538,6.01412911685885e-14,6.01412911685885e-14
0.28350000000000003,8577.436852920418,0.0,0.0,179.6455429668098,6.014213472445302e-14,6.014213472445302e-14
0.28355,8577.526263662456,0.0,0.0,179.64800015261403,6.014294532979517e-14,6.014294532979517e-14
0.2836,8577.611445831424,0.0,0.0,179.65036096496377,6.014373423049769e-14,6.014373423049769e-14
0.28365,8577.690593080022,0.0,0.0,179.6526384792076,6.014447885315865e-14,6.014447885315865e-14
0.2837,8577.765026606392,0.0,0.0,179.65480731410767,6.014520706939293e-14,6.014520706939293e-14
0.28375,8577.83347954912,0.0,0.0,179.65689093318892,6.014588319130093e-14,6.014588319130093e-14
0.2838,8577.896738028687,0.0,0.0,179.65885683435548,6.014654481445776e-14,6.014654481445776e-14
0.28385,8577.954098593958,0.0,0.0,179.6607333860807,6.014715036730126e-14,6.014715036730126e-14
0.28390000000000004,8578.005844883592,0.0,0.0,179.66248647943397,6.014773996514116e-14,6.014773996514116e-14
0.28395000000000004,8578.051755438148,0.0,0.0,179.66414414903358,6.014827303575509e-14,6.014827303575509e-14
0.28400000000000003,8578.091736007436,0.0,0.0,179.66567548900122,6.014878595605495e-14,6.014878595605495e-14
0.28405,8578.125890681025,0.0,0.0,179.6671040643156,6.014924456394858e-14,6.014924456394858e-14
0.2841,8578.153926524676,0.0,0.0,179.66840554371078,6.014967714444105e-14,6.014967714444105e-14
0.28415,8578.176084133302,0.0,0.0,179.6695965706354,6.01500591256655e-14,6.01500591256655e-14
0.2842,8578.192060450107,0.0,0.0,179.67066091492066,6.015040878081498e-14,6.015040878081498e-14
0.28425,8578.202056766027,0.0,0.0,179.67160774997214,6.0150711798435e-14,6.0150711798435e-14
0.2843,8578.205913611971,0.0,0.0,179.67242859981778,6.015097697752465e-14,6.015097697752465e-14
0.28435,8578.203670830582,0.0,0.0,179.67312636389488,6.015119864870013e-14,6.015119864870013e-14
0.2844,8578.195396730805,0.0,0.0,179.6736984328978,6.015137868331295e-14,6.015137868331295e-14
0.28445000000000004,8578.180928462387,0.0,0.0,179.6741438864902,6.015151679696619e-14,6.015151679696619e-14
0.28450000000000003,8578.16055827315,0.0,0.0,179.67446316650728,6.015161167177332e-14,6.015161167177332e-14
0.28455,8578.133969182818,0.0,0.0,179.6746545387265,6.015166445206592e-14,6.015166445206592e-14
0.2846,8578.101586644103,0.0,0.0,179.67471851614556,6.015167454883727e-14,6.015167454883727e-14
0.28465,8578.063066793322,0.0,0.0,179.6746553261769,6.015164091311793e-14,6.015164091311793e-14
0.2847,8578.018811234422,0.0,0.0,179.67446316982867,6.015156677874167e-14,6.015156677874167e-14
0.28475,8577.968626086644,0.0,0.0,179.67414607868653,6.01514465403925e-14,6.01514465403925e-14
0.2848,8577.912701929206,0.0,0.0,179.67369876454967,6.015128872596276e-14,6.015128872596276e-14
0.28485,8577.851179751846,0.0,0.0,179.6731294875078,6.015108270274417e-14,6.015108270274417e-14
0.2849,8577.783866764294,0.0,0.0,179.67242983591458,6.015084170580181e-14,6.015084170580181e-14
0.28495000000000004,8577.711385626197,0.0,0.0,179.67161113304695,6.015055171122933e-14,6.015055171122933e-14
0.28500000000000003,8577.63304771377,0.0,0.0,179.67066374898823,6.015022803430269e-14,6.015022803430269e-14
0.28505,8577.55002429609,0.0,0.0,179.66959949515916,6.014985675167227e-14,6.014985675167227e-14
0.2851,8577.461114657643,0.0,0.0,179.6684106188624,6.014945106607907e-14,6.014945106607907e-14
0.28515,8577.367996886156,0.0,0.0,179.6671059380393,6.014900182508836e-14,6.014900182508836e-14
0.2852,8577.269057950165,0.0,0.0,179.6656832285315,6.014851521122565e-14,6.014851521122565e-14
0.28525,8577.166322614361,0.0,0.0,179.66414466337523,6.014799170536291e-14,6.014799170536291e-14
0.2853,8577.057980005538,0.0,0.0,179.66249694936212,6.014742592096377e-14,6.014742592096377e-14
0.28535,8576.946135792934,0.0,0.0,179.6607326282051,6.014683191731177e-14,6.014683191731177e-14
0.2854,8576.829086462858,0.0,0.0,179.65886966648424,6.014618964218685e-14,6.014618964218685e-14
0.28545000000000004,8576.708681668078,0.0,0.0,179.65688942748125,6.014552873408736e-14,6.014552873408736e-14
0.28550000000000003,8576.58367750952,0.0,0.0,179.65482170792643,6.01448137388004e-14,6.01448137388004e-14
0.28555,8576.455310825151,0.0,0.0,179.65263714518676,6.014408919239422e-14,6.014408919239422e-14
0.2856,8576.323139652633,0.0,0.0,179.65037577326163,6.014330639013653e-14,6.014330639013653e-14
0.28565,8576.18747180384,0.0,0.0,179.64800018098535,6.014252111315829e-14,6.014252111315829e-14
0.2857,8576.048938355227,0.0,0.0,179.64555685505997,6.01416764762262e-14,6.01416764762262e-14
0.28575,8575.906701850998,0.0,0.0,179.64300506176957,6.014083312372331e-14,6.014083312372331e-14
0.2858,8575.762611371003,0.0,0.0,179.64039214511888,6.013993346161891e-14,6.013993346161891e-14
0.28585,8575.614616047727,0.0,0.0,179.63768024800586,6.013903466475956e-14,6.013903466475956e-14
0.2859,8575.46576276019,0.0,0.0,179.63491091766056,6.013808729482031e-14,6.013808729482031e-14
0.28595000000000004,8575.312895001594,0.0,0.0,179.63205594402834,6.01371359759777e-14,6.01371359759777e-14
0.28600000000000003,8575.160057134499,0.0,0.0,179.62914438299174,6.013614832618421e-14,6.013614832618421e-14
0.28605,8575.003271874595,0.0,0.0,179.6261639190477,6.013514805136591e-14,6.013514805136591e-14
0.2861,8574.84721363999,0.0,0.0,179.62312550816927,6.013412725780051e-14,6.013412725780051e-14
0.28615,8574.687519147275,0.0,0.0,179.620037342197,6.013308255739536e-14,6.013308255739536e-14
0.2862,8574.528999291148,0.0,0.0,179.61688880464845,6.013203511799297e-14,6.013203511799297e-14
0.28625,8574.367435944825,0.0,0.0,179.61371063129678,6.013095172167552e-14,6.013095172167552e-14
0.2863,8574.20722096238,0.0,0.0,179.61047008707422,6.012988326056417e-14,6.012988326056417e-14
0.28635,8574.04483637569,0.0,0.0,179.60721931106463,6.012876818947109e-14,6.012876818947109e-14
0.2864,8573.883715980237,0.0,0.0,179.6039062110261,6.012768337912435e-14,6.012768337912435e-14
0.28645000000000004,8573.721539195973,0.0,0.0,179.60059987390005,6.012654486960415e-14,6.012654486960415e-14
0.28650000000000003,8573.56034090404,0.0,0.0,179.59723480013585,6.01254475209993e-14,6.01254475209993e-14
0.28655,8573.399359096407,0.0,0.0,179.59388963437434,6.01242947756047e-14,6.01242947756047e-14
0.2866,8573.238958790711,0.0,0.0,179.59049397449988,6.012318809668067e-14,6.012318809668067e-14
0.28665,8573.080099202689,0.0,0.0,179.5871265684982,6.01220308823112e-14,6.01220308823112e-14
0.2867,8572.921425214383,0.0,0.0,179.58372209145426,6.012091786182242e-14,6.012091786182242e-14
0.28675,8572.765544758082,0.0,0.0,179.5803491301467,6.01197660111881e-14,6.01197660111881e-14
0.2868,8572.609573509397,0.0,0.0,179.57695750795943,6.011864987402404e-14,6.011864987402404e-14
0.28685,8572.457457178354,0.0,0.0,179.57359603957724,6.011751274724284e-14,6.011751274724284e-14
0.2869,8572.305200156121,0.0,0.0,179.57023836997092,6.011639740953475e-14,6.011639740953475e-14
0.28695000000000004,8572.157568075456,0.0,0.0,179.5669060430924,6.01152834007983e-14,6.01152834007983e-14
0.28700000000000003,8572.010050724055,0.0,0.0,179.56360243000367,6.011417384397613e-14,6.011417384397613e-14
0.28705,8571.867572630023,0.0,0.0,179.5603176467978,6.011308999759225e-14,6.011308999759225e-14
0.2871,8571.72580739924,0.0,0.0,179.55708688971683,6.011199250374544e-14,6.011199250374544e-14
0.28715,8571.589121720981,0.0,0.0,179.5538688320453,6.011094430102819e-14,6.011094430102819e-14
0.2872,8571.454078306093,0.0,0.0,179.5507282603294,6.010986649099016e-14,6.010986649099016e-14
0.28725,8571.323812806784,0.0,0.0,179.54759676325932,6.010885784435697e-14,6.010885784435697e-14
0.2873,8571.196389069522,0.0,0.0,179.54456223149714,6.01078085094032e-14,6.01078085094032e-14
0.28735,8571.073179164929,0.0,0.0,179.5415375010496,6.01068419618871e-14,6.01068419618871e-14
0.2874,8570.954176596088,0.0,0.0,179.53862353782256,6.010583069324053e-14,6.010583069324053e-14
0.28745000000000004,8570.838678095695,0.0,0.0,179.53572573386978,6.010490780804168e-14,6.010490780804168e-14
0.28750000000000003,8570.728784618974,0.0,0.0,179.53294581336667,6.01039444691772e-14,6.01039444691772e-14
0.28755000000000003,8570.621678271058,0.0,0.0,179.53019453956577,6.010306634254555e-14,6.010306634254555e-14
0.2876,8570.521460811797,0.0,0.0,179.5275614265954,6.010216045480573e-14,6.010216045480573e-14
0.28765,8570.42344705364,0.0,0.0,179.52497518528767,6.010132828758098e-14,6.010132828758098e-14
0.2877,8570.3333544264,0.0,0.0,179.52250129198993,6.010048840330794e-14,6.010048840330794e-14
0.28775,8570.245138594382,0.0,0.0,179.52009696920825,6.009970403815475e-14,6.009970403815475e-14
0.2878,8570.165514147748,0.0,0.0,179.5177946591803,6.009893719938055e-14,6.009893719938055e-14
0.28785,8570.087783261908,0.0,0.0,179.51558710293375,6.0098203541646e-14,6.0098203541646e-14
0.2879,8570.018885262329,0.0,0.0,179.51346888477596,6.009751488825253e-14,6.009751488825253e-14
0.28795000000000004,8569.9522794085,0.0,0.0,179.5114706284921,6.009683614672157e-14,6.009683614672157e-14
0.28800000000000003,8569.894305797992,0.0,0.0,179.50954919672625,6.009622874092814e-14,6.009622874092814e-14
0.28805000000000003,8569.839387496922,0.0,0.0,179.50777036015933,6.009561043596808e-14,6.009561043596808e-14
0.2881,8569.792501490205,0.0,0.0,179.5060584635085,6.00950853237393e-14,6.00950853237393e-14
0.28815,8569.749727115484,0.0,0.0,179.50450683947574,6.009453406592353e-14,6.009453406592353e-14
0.2882,8569.714079366706,0.0,0.0,179.50301698221716,6.009409056847282e-14,6.009409056847282e-14
0.28825,8569.683776474592,0.0,0.0,179.50169829114714,6.009361361944886e-14,6.009361361944886e-14
0.2883,8569.65952065089,0.0,0.0,179.50044229874337,6.009324982082429e-14,6.009324982082429e-14
0.28835,8569.641874031327,0.0,0.0,179.4993605696837,6.00928545030988e-14,6.00928545030988e-14
0.2884,8569.629173125404,0.0,0.0,179.4983490706767,6.009256785454727e-14,6.009256785454727e-14
0.28845000000000004,8569.62422172243,0.0,0.0,179.49750708931117,6.00922608850315e-14,6.00922608850315e-14
0.28850000000000003,8569.623244035356,0.0,0.0,179.49674897966497,6.009204885298486e-14,6.009204885298486e-14
0.28855000000000003,8569.63088876653,0.0,0.0,179.4961487344677,6.009183569071776e-14,6.009183569071776e-14
0.2886,8569.641794088906,0.0,0.0,179.49565069438185,6.009169634263306e-14,6.009169634263306e-14
0.28865,8569.661815687796,0.0,0.0,179.49529375285937,6.009158064863989e-14,6.009158064863989e-14
0.2887,8569.684733319893,0.0,0.0,179.49505988050575,6.00915131006802e-14,6.00915131006802e-14
0.28875,8569.716817515819,0.0,0.0,179.49494763768527,6.009149637388256e-14,6.009149637388256e-14
0.2888,8569.751819543057,0.0,0.0,179.49497924891247,6.009150103142552e-14,6.009150103142552e-14
0.28885,8569.795586067337,0.0,0.0,179.49511300979285,6.009158248485214e-14,6.009158248485214e-14
0.2889,8569.842659401414,0.0,0.0,179.49540863035583,6.009166103751918e-14,6.009166103751918e-14
0.28895000000000004,8569.897690958864,0.0,0.0,179.4957895124385,6.009183772022249e-14,6.009183772022249e-14
0.28900000000000003,8569.956712430368,0.0,0.0,179.49634506326325,6.009199289989634e-14,6.009199289989634e-14
0.28905000000000003,8570.022579449676,0.0,0.0,179.49697373246343,6.009226005535549e-14,6.009226005535549e-14
0.2891,8570.09329745957,0.0,0.0,179.49778288166175,6.00924951796698e-14,6.00924951796698e-14
0.28915,8570.169575686794,0.0,0.0,179.49865915977193,6.009284678821253e-14,6.009284678821253e-14
0.2892,8570.251601105441,0.0,0.0,179.4997137929651,6.009316516824963e-14,6.009316516824963e-14
0.28925,8570.337879596229,0.0,0.0,179.50083619409492,6.009359459348652e-14,6.009359459348652e-14
0.2893,8570.43068749702,0.0,0.0,179.50212693866277,6.009399887969477e-14,6.009399887969477e-14
0.28935,8570.526566519067,0.0,0.0,179.50349220330514,6.009449953807482e-14,6.009449953807482e-14
0.2894,8570.629508393364,0.0,0.0,179.50500893620165,6.009499110454626e-14,6.009499110454626e-14
0.28945000000000004,8570.734587947076,0.0,0.0,179.50661163207414,6.009555705309909e-14,6.009555705309909e-14
0.28950000000000004,8570.84691317198,0.0,0.0,179.50834390477115,6.009613550683221e-14,6.009613550683221e-14
0.28955000000000003,8570.960774245541,0.0,0.0,179.5101761548748,6.009676188164987e-14,6.009676188164987e-14
0.2896,8571.081657754446,0.0,0.0,179.5121134823723,6.009742476039456e-14,6.009742476039456e-14
0.28965,8571.20383971125,0.0,0.0,179.51416486257088,6.009810799839763e-14,6.009810799839763e-14
0.2897,8571.33241248252,0.0,0.0,179.51629684478903,6.009885070821588e-14,6.009885070821588e-14
0.28975,8571.462390060171,0.0,0.0,179.51855446969012,6.009958853193848e-14,6.009958853193848e-14
0.2898,8571.597768512132,0.0,0.0,179.52087073854102,6.010040451939221e-14,6.010040451939221e-14
0.28985,8571.734932474883,0.0,0.0,179.52331952832256,6.010119569468484e-14,6.010119569468484e-14
0.2899,8571.876243107647,0.0,0.0,179.5258095401281,6.010207683926428e-14,6.010207683926428e-14
0.28995000000000004,8572.019887482767,0.0,0.0,179.52843263605038,6.010292074195181e-14,6.010292074195181e-14
0.29000000000000004,8572.166284187275,0.0,0.0,179.53108535132188,6.010385790372217e-14,6.010385790372217e-14
0.29005000000000003,8572.315602406392,0.0,0.0,179.5338646282955,6.010475397421972e-14,6.010475397421972e-14
0.2901,8572.466274566874,0.0,0.0,179.5366681371097,6.010573762337228e-14,6.010573762337228e-14
0.29015,8572.620365354198,0.0,0.0,179.53958474938216,6.010668478146591e-14,6.010668478146591e-14
0.2902,8572.774536792058,0.0,0.0,179.5425259078274,6.010770562475663e-14,6.010770562475663e-14
0.29025,8572.932419155124,0.0,0.0,179.5455608017337,6.0108701742539e-14,6.0108701742539e-14
0.2903,8573.08933885191,0.0,0.0,179.5486249421204,6.010975125587093e-14,6.010975125587093e-14
0.29035,8573.24997455482,0.0,0.0,179.55175927670035,6.011079275848318e-14,6.011079275848318e-14
0.2904,8573.408901581352,0.0,0.0,179.55493004282283,6.011186356717154e-14,6.011186356717154e-14
0.29045000000000004,8573.571222044486,0.0,0.0,179.55814547472139,6.011294521985785e-14,6.011294521985785e-14
0.29050000000000004,8573.731407798632,0.0,0.0,179.56140481411194,6.011403127161563e-14,6.011403127161563e-14
0.29055000000000003,8573.894342311518,0.0,0.0,179.56468362468777,6.011514618344452e-14,6.011514618344452e-14
0.2906,8574.05501333564,0.0,0.0,179.56801194692403,6.011624271049216e-14,6.011624271049216e-14
0.29065,8574.217515019465,0.0,0.0,179.57133701330613,6.011738254344624e-14,6.011738254344624e-14
0.2907,8574.377859752609,0.0,0.0,179.57471349931186,6.011848582671846e-14,6.011848582671846e-14
0.29075,8574.53892642792,0.0,0.0,179.57806813446058,6.011964118576621e-14,6.011964118576621e-14
0.2908,8574.698088132407,0.0,0.0,179.5814711607619,6.01207481693882e-14,6.01207481693882e-14
0.29085,8574.856776075678,0.0,0.0,179.5848388657672,6.012190910550964e-14,6.012190910550964e-14
0.2909,8575.013853561639,0.0,0.0,179.58824649264187,6.01230169323481e-14,6.01230169323481e-14
0.29095,8575.169283136645,0.0,0.0,179.5916106761362,6.012417349360596e-14,6.012417349360596e-14
0.29100000000000004,8575.323339346114,0.0,0.0,179.59500114123531,6.012527903146487e-14,6.012527903146487e-14
0.29105000000000003,8575.474693037195,0.0,0.0,179.5983448633279,6.012642178136135e-14,6.012642178136135e-14
0.2911,8575.62477053094,0.0,0.0,179.6016970243471,6.012752122271081e-14,6.012752122271081e-14
0.29115,8575.77128466577,0.0,0.0,179.60500281638517,6.012864165731878e-14,6.012864165731878e-14
0.2912,8575.916426046846,0.0,0.0,179.60829649608394,6.012973024431887e-14,6.012973024431887e-14
0.29125,8576.057378711164,0.0,0.0,179.61154629395108,6.013082106123429e-14,6.013082106123429e-14
0.2913,8576.196649199665,0.0,0.0,179.61476249761577,6.013189298031378e-14,6.013189298031378e-14
0.29135,8576.33134703816,0.0,0.0,179.61793770710824,6.013294816678018e-14,6.013294816678018e-14
0.2914,8576.46385646191,0.0,0.0,179.62105870283614,6.013399662053372e-14,6.013399662053372e-14
0.29145,8576.591623177459,0.0,0.0,179.624140394829,6.013501137031031e-14,6.013501137031031e-14
0.29150000000000004,8576.71654456336,0.0,0.0,179.62714966797867,6.013602880921931e-14,6.013602880921931e-14
0.29155000000000003,8576.836713505283,0.0,0.0,179.6301188809398,6.013699928968866e-14,6.013699928968866e-14
0.2916,8576.953296371254,0.0,0.0,179.6330009925046,6.013797776705282e-14,6.013797776705282e-14
0.29165,8577.065208646722,0.0,0.0,179.6358391044014,6.013890079096625e-14,6.013890079096625e-14
0.2917,8577.172785827803,0.0,0.0,179.63857949569925,6.013983237831776e-14,6.013983237831776e-14
0.29175,8577.275794579407,0.0,0.0,179.64126861807748,6.014070504038891e-14,6.014070504038891e-14
0.2918,8577.373782555507,0.0,0.0,179.64385340990393,6.014158224593693e-14,6.014158224593693e-14
0.29185,8577.46726274438,0.0,0.0,179.64637675540135,6.01424015871486e-14,6.01424015871486e-14
0.2919,8577.555156496057,0.0,0.0,179.64879258721035,6.014321771141471e-14,6.014321771141471e-14
0.29195,8577.63851880684,0.0,0.0,179.65113476805823,6.014398047016677e-14,6.014398047016677e-14
0.29200000000000004,8577.715882911769,0.0,0.0,179.65336871320108,6.014472985428971e-14,6.014472985428971e-14
0.29205000000000003,8577.788589617367,0.0,0.0,179.65551594070774,6.014543233808545e-14,6.014543233808545e-14
0.2921,8577.855047955745,0.0,0.0,179.65755551860286,6.014611047561923e-14,6.014611047561923e-14
0.29215,8577.916628345492,0.0,0.0,179.65949569059853,6.014674857391183e-14,6.014674857391183e-14
0.2922,8577.971854691237,0.0,0.0,179.66132897874772,6.014735208001536e-14,6.014735208001536e-14
0.29225,8578.021917841428,0.0,0.0,179.66305166002218,6.014792140603208e-14,6.014792140603208e-14
0.2923,8578.065629422526,0.0,0.0,179.66466749118007,6.01484478654405e-14,6.01484478654405e-14
0.29235,8578.103872507478,0.0,0.0,179.66616380860273,6.014894399901925e-14,6.014894399901925e-14
0.2924,8578.13582787708,0.0,0.0,179.66755202370481,6.014939172734832e-14,6.014939172734832e-14
0.29245,8578.16203911812,0.0,0.0,179.66881450997957,6.014981051259011e-14,6.014981051259011e-14
0.29250000000000004,8578.182040809594,0.0,0.0,179.6699662284003,6.015017828469894e-14,6.015017828469894e-14
0.29255000000000003,8578.196096997086,0.0,0.0,179.67098865444515,6.015051612817831e-14,6.015051612817831e-14
0.2926,8578.20399850981,0.0,0.0,179.67189652070851,6.015080292521071e-14,6.015080292521071e-14
0.29265,8578.205858014788,0.0,0.0,179.67267375570788,6.015105704529675e-14,6.015105704529675e-14
0.2927,8578.201573790548,0.0,0.0,179.67333212645457,6.015126186949068e-14,6.015126186949068e-14
0.29275,8578.191266690528,0.0,0.0,179.67386005679964,6.015143045390405e-14,6.015143045390405e-14
0.2928,8578.174783178372,0.0,0.0,179.67426510249555,6.015155224462803e-14,6.015155224462803e-14
0.29285,8578.152400579962,0.0,0.0,179.6745406278513,6.015163449419968e-14,6.015163449419968e-14
0.2929,8578.123786213895,0.0,0.0,179.6746903385223,6.015167215830394e-14,6.015167215830394e-14
0.29295,8578.089470915202,0.0,0.0,179.67471144722543,6.015166821302785e-14,6.015166821302785e-14
0.29300000000000004,8578.048882978474,0.0,0.0,179.67460554790492,6.015162076176558e-14,6.015162076176558e-14
0.29305000000000003,8578.002823318324,0.0,0.0,179.67437145779968,6.015153152778665e-14,6.015153152778665e-14
0.2931,8577.950510161016,0.0,0.0,179.6740112544698,6.015139829118537e-14,6.015139829118537e-14
0.29315,8577.892938219135,0.0,0.0,179.67352259183338,6.015122520429135e-14,6.015122520429135e-14
0.2932,8577.82923610062,0.0,0.0,179.6729107799454,6.015100607983601e-14,6.015100607983601e-14
0.29325,8577.760430586148,0.0,0.0,179.67216976071396,6.015075085288297e-14,6.015075085288297e-14
0.2933,8577.685755282204,0.0,0.0,179.6713102338885,6.015044653837567e-14,6.015044653837567e-14
0.29335,8577.606048475913,0.0,0.0,179.67032080938642,6.015011094207837e-14,6.015011094207837e-14
0.2934,8577.520882784089,0.0,0.0,179.66921850469814,6.014972310498817e-14,6.014972310498817e-14
0.29345,8577.430670052672,0.0,0.0,179.6679864388913,6.014930882713909e-14,6.014930882713909e-14
0.29350000000000004,8577.335548962992,0.0,0.0,179.66664724736452,6.014884017279985e-14,6.014884017279985e-14
0.29355000000000003,8577.235298813357,0.0,0.0,179.6651801034073,6.014834878480797e-14,6.014834878480797e-14
0.2936,8577.130794647002,0.0,0.0,179.6636108613694,6.014780300538644e-14,6.014780300538644e-14
0.29365,8577.021056932299,0.0,0.0,179.66191789016463,6.01472360469582e-14,6.01472360469582e-14
0.2937,8576.907766747338,0.0,0.0,179.66012645097555,6.01466176508396e-14,6.01466176508396e-14
0.29375,8576.789176945991,0.0,0.0,179.65821839102284,6.014597682081445e-14,6.014597682081445e-14
0.2938,8576.667714157447,0.0,0.0,179.65621376042225,6.014529086786828e-14,6.014529086786828e-14
0.29385,8576.540992023412,0.0,0.0,179.65410257354392,6.014457828702127e-14,6.014457828702127e-14
0.2939,8576.411983575574,0.0,0.0,179.65189507801776,6.014383006850312e-14,6.014383006850312e-14
0.29395,8576.277925448538,0.0,0.0,179.64959365713332,6.014304856869855e-14,6.014304856869855e-14
0.29400000000000004,8576.142014764735,0.0,0.0,179.64719510600378,6.014224328516162e-14,6.014224328516162e-14
0.29405000000000003,8576.001479772543,0.0,0.0,179.64471699661902,6.014139666583697e-14,6.014139666583697e-14
0.29410000000000003,8575.859334886585,0.0,0.0,179.64214079651623,6.014053915851235e-14,6.014053915851235e-14
0.29415,8575.713226265103,0.0,0.0,179.63949997230569,6.013963236099638e-14,6.013963236099638e-14
0.2942,8575.565551353642,0.0,0.0,179.63676115776457,6.013872694279521e-14,6.013872694279521e-14
0.29425,8575.414795099934,0.0,0.0,179.63397188215714,6.013776609812071e-14,6.013776609812071e-14
0.2943,8575.262343088703,0.0,0.0,179.63108703788828,6.013681652152535e-14,6.013681652152535e-14
0.29435,8575.107866472054,0.0,0.0,179.62816382945766,6.013580885085855e-14,6.013580885085855e-14
0.2944,8574.95144997105,0.0,0.0,179.62515089610812,6.013481841963776e-14,6.013481841963776e-14
0.29445,8574.794162836099,0.0,0.0,179.62210859785415,6.013377199006025e-14,6.013377199006025e-14
0.29450000000000004,8574.634660693451,0.0,0.0,179.61898657177687,6.013274380670933e-14,6.013274380670933e-14
0.29455000000000003,8574.475441906747,0.0,0.0,179.6158405058,6.013166716503088e-14,6.013166716503088e-14
0.29460000000000003,8574.313799403944,0.0,0.0,179.612629060893,6.013060447409378e-14,6.013060447409378e-14
0.29465,8574.153490253506,0.0,0.0,179.60939523397187,6.012950621110972e-14,6.012950621110972e-14
0.2947,8573.990711580009,0.0,0.0,179.60611430752246,6.012841278422555e-14,6.012841278422555e-14
0.29475,8573.830116849664,0.0,0.0,179.6028096218479,6.012730108468045e-14,6.012730108468045e-14
0.2948,8573.667249969249,0.0,0.0,179.59947901399514,6.012618158372879e-14,6.012618158372879e-14
0.29485,8573.507146114778,0.0,0.0,179.5961214335473,6.01250638337215e-14,6.01250638337215e-14
0.2949,8573.345261043143,0.0,0.0,179.59276046981378,6.012392408199707e-14,6.012392408199707e-14
0.29495,8573.186409987899,0.0,0.0,179.58936909681503,6.012280659113507e-14,6.012280659113507e-14
0.29500000000000004,8573.026572756598,0.0,0.0,179.58599639544582,6.012165370454055e-14,6.012165370454055e-14
0.29505000000000003,8572.869738531015,0.0,0.0,179.5825914230559,6.012054158886558e-14,6.012054158886558e-14
0.29510000000000003,8572.712983855183,0.0,0.0,179.57922479383944,6.011938392570114e-14,6.011938392570114e-14
0.29515,8572.558949104463,0.0,0.0,179.57582731904583,6.011828117669308e-14,6.011828117669308e-14
0.2952,8572.406254953197,0.0,0.0,179.57248380087196,6.011712810417031e-14,6.011712810417031e-14
0.29525,8572.255833928884,0.0,0.0,179.56911550241045,6.011603783270595e-14,6.011603783270595e-14
0.2953,8572.108101344042,0.0,0.0,179.56581152522637,6.011489932776258e-14,6.011489932776258e-14
0.29535,8571.962146575293,0.0,0.0,179.56249423279047,6.011382415741567e-14,6.011382415741567e-14
0.2954,8571.820187038888,0.0,0.0,179.55924586962217,6.011271028888961e-14,6.011271028888961e-14
0.29545,8571.679587759429,0.0,0.0,179.5560010683215,6.011165283343676e-14,6.011165283343676e-14
0.29550000000000004,8571.544119767303,0.0,0.0,179.55282432781277,6.011057319685443e-14,6.011057319685443e-14
0.29555000000000003,8571.409791163987,0.0,0.0,179.54967265389377,6.010953655466993e-14,6.010953655466993e-14
0.29560000000000003,8571.281446057052,0.0,0.0,179.54658375548215,6.010849973005032e-14,6.010849973005032e-14
0.29565,8571.154310127038,0.0,0.0,179.5435445429434,6.010748791385145e-14,6.010748791385145e-14
0.2957,8571.033646017524,0.0,0.0,179.5405601176768,6.010650103140086e-14,6.010650103140086e-14
0.29575,8570.914605693455,0.0,0.0,179.53765105020594,6.010551926027725e-14,6.010551926027725e-14
0.2958,8570.802127176246,0.0,0.0,179.53478821940882,6.010458772927517e-14,6.010458772927517e-14
0.29585,8570.692036855804,0.0,0.0,179.53202512869828,6.010364253447462e-14,6.010364253447462e-14
0.2959,8570.588217049106,0.0,0.0,179.52930143004008,6.01027699823013e-14,6.01027699823013e-14
0.29595,8570.487853020317,0.0,0.0,179.52669826125222,6.010186909191804e-14,6.010186909191804e-14
0.29600000000000004,8570.39315447697,0.0,0.0,179.5241314140233,6.010105752277953e-14,6.010105752277953e-14
0.29605000000000004,8570.303188965638,0.0,0.0,179.52170035583063,6.010020953975065e-14,6.010020953975065e-14
0.29610000000000003,8570.218079667637,0.0,0.0,179.5193078814161,6.009945969072154e-14,6.009945969072154e-14
0.29615,8570.139061932101,0.0,0.0,179.51705963396435,6.009867359258982e-14,6.009867359258982e-14
0.2962,8570.064023662004,0.0,0.0,179.5148583701868,6.009798544341983e-14,6.009798544341983e-14
0.29625,8569.996370340386,0.0,0.0,179.51280250417236,6.009726997307937e-14,6.009726997307937e-14
0.2963,8569.93189756469,0.0,0.0,179.51080806917236,6.009664332776752e-14,6.009664332776752e-14
0.29635,8569.87589365094,0.0,0.0,179.50895341539024,6.00960063554755e-14,6.00960063554755e-14
0.2964,8569.82248250483,0.0,0.0,179.50717968643562,6.00954414195034e-14,6.00954414195034e-14
0.29645,8569.778292398842,0.0,0.0,179.50553469006343,6.009488936039101e-14,6.009488936039101e-14
0.29650000000000004,8569.736420998814,0.0,0.0,179.50399336237592,6.009438721920443e-14,6.009438721920443e-14
0.29655000000000004,8569.704108052918,0.0,0.0,179.5025663411837,6.009392459448854e-14,6.009392459448854e-14
0.29660000000000003,8569.674210333995,0.0,0.0,179.50126662247837,6.009348752433527e-14,6.009348752433527e-14
0.29665,8569.653761902642,0.0,0.0,179.50006588168233,6.009311671890396e-14,6.009311671890396e-14
0.2967,8569.636198635462,0.0,0.0,179.4990143602714,6.009274827980305e-14,6.009274827980305e-14
0.29675,8569.627552875854,0.0,0.0,179.49804813812696,6.009246954055482e-14,6.009246954055482e-14
0.2968,8569.622583542474,0.0,0.0,179.49724883877582,6.009217442849983e-14,6.009217442849983e-14
0.29685,8569.625654198064,0.0,0.0,179.49652508192915,6.00919860971324e-14,6.00919860971324e-14
0.2969,8569.63341371017,0.0,0.0,179.4959796980698,6.009176977985679e-14,6.009176977985679e-14
0.29695,8569.648109053174,0.0,0.0,179.49550569144952,6.009166873187589e-14,6.009166873187589e-14
0.29700000000000004,8569.668592490483,0.0,0.0,179.4952139576455,6.00915369068246e-14,6.00915369068246e-14
0.29705000000000004,8569.694825941637,0.0,0.0,179.4949958559153,6.00915191361213e-14,6.00915191361213e-14
0.29710000000000003,8569.72788335745,0.0,0.0,179.49495600547215,6.009147709448624e-14,6.009147709448624e-14
0.29715,8569.765574106259,0.0,0.0,179.49499832842469,6.009153835583819e-14,6.009153835583819e-14
0.2972,8569.810916312508,0.0,0.0,179.49520756938875,6.009159033445625e-14,6.009159033445625e-14
0.29725,8569.85998006928,0.0,0.0,179.495512730443,6.009172676151782e-14,6.009172676151782e-14
0.2973,8569.917194402733,0.0,0.0,179.49596767158656,6.009187537615673e-14,6.009187537615673e-14
0.29735,8569.977525747754,0.0,0.0,179.4965356047215,6.009208397779035e-14,6.009208397779035e-14
0.2974,8570.046099914493,0.0,0.0,179.49723257133857,6.009232981898855e-14,6.009232981898855e-14
0.29745,8570.11754886657,0.0,0.0,179.4980605091346,6.009260879302703e-14,6.009260879302703e-14
0.2975,8570.196899465329,0.0,0.0,179.49899570521967,6.009295023478184e-14,6.009295023478184e-14
0.29755000000000004,8570.279246026786,0.0,0.0,179.50007813991854,6.009329905015939e-14,6.009329905015939e-14
0.29760000000000003,8570.368748043606,0.0,0.0,179.50124763680006,6.009373230647367e-14,6.009373230647367e-14
0.29765,8570.461678366253,0.0,0.0,179.50257647128512,6.009415154614565e-14,6.009415154614565e-14
0.2977,8570.560691805755,0.0,0.0,179.5039760284867,6.009467095721261e-14,6.009467095721261e-14
0.29775,8570.663779832797,0.0,0.0,179.50554089819903,6.009516195009965e-14,6.009516195009965e-14
0.2978,8570.771670026546,0.0,0.0,179.50716564759517,6.009576046555001e-14,6.009576046555001e-14
0.29785,8570.884367298131,0.0,0.0,179.50895437112396,6.009632475675387e-14,6.009632475675387e-14
0.2979,8571.000516737642,0.0,0.0,179.51079841555938,6.009699454309898e-14,6.009699454309898e-14
0.29795,8571.12215210496,0.0,0.0,179.5127975151217,6.00976332899478e-14,6.00976332899478e-14
0.298,8571.245962534369,0.0,0.0,179.5148535053242,6.009836637844717e-14,6.009836637844717e-14
0.29805000000000004,8571.375752094658,0.0,0.0,179.51704872984405,6.009907975170981e-14,6.009907975170981e-14
0.29810000000000003,8571.506637470005,0.0,0.0,179.51930748673894,6.009986864135428e-14,6.009986864135428e-14
0.29815,8571.643703444799,0.0,0.0,179.52168427206885,6.010065532534891e-14,6.010065532534891e-14
0.2982,8571.781075376643,0.0,0.0,179.52413451474396,6.010149345303136e-14,6.010149345303136e-14
0.29825,8571.924471758595,0.0,0.0,179.52667832641504,6.01023503116513e-14,6.01023503116513e-14
0.2983,8572.067720301236,0.0,0.0,179.5293065509735,6.010323233782532e-14,6.010323233782532e-14
0.29835,8572.216461828215,0.0,0.0,179.53200307356414,6.010415429222722e-14,6.010415429222722e-14
0.2984,8572.364935116731,0.0,0.0,179.53479360619457,6.010507616114684e-14,6.010507616114684e-14
0.29845,8572.518026150241,0.0,0.0,179.5376287670761,6.010605629839109e-14,6.010605629839109e-14
0.2985,8572.67101229165,0.0,0.0,179.54056399026584,6.010701508008609e-14,6.010701508008609e-14
0.29855000000000004,8572.82747204196,0.0,0.0,179.54352383006946,6.010804496777029e-14,6.010804496777029e-14
0.29860000000000003,8572.984186569483,0.0,0.0,179.5465845567768,6.010903851159102e-14,6.010903851159102e-14
0.29865,8573.143067894149,0.0,0.0,179.54965498161778,6.011010868017943e-14,6.011010868017943e-14
0.2987,8573.302648837776,0.0,0.0,179.55282093233706,6.011113513805755e-14,6.011113513805755e-14
0.29875,8573.463048933547,0.0,0.0,179.55598739926282,6.011223565445856e-14,6.011223565445856e-14
0.2988,8573.624560724493,0.0,0.0,179.55923772417123,6.011329295504698e-14,6.011329295504698e-14
0.29885,8573.7856230875,0.0,0.0,179.562484920121,6.011441401277314e-14,6.011441401277314e-14
0.2989,8573.948068973994,0.0,0.0,179.565798704072,6.01154993609201e-14,6.01154993609201e-14
0.29895,8574.10897761397,0.0,0.0,179.5691102780153,6.011663180540931e-14,6.011663180540931e-14
0.299,8574.271319119474,0.0,0.0,179.57246697135184,6.011774128938001e-14,6.011774128938001e-14
0.29905000000000004,8574.43128679923,0.0,0.0,179.5758253698273,6.011887700913551e-14,6.011887700913551e-14
0.29910000000000003,8574.592467865243,0.0,0.0,179.5792051008771,6.01200053655437e-14,6.01200053655437e-14
0.29915,8574.750721221319,0.0,0.0,179.58259154070694,6.012113750818193e-14,6.012113750818193e-14
0.2992,8574.909693888407,0.0,0.0,179.58597528512738,6.01222780799264e-14,6.01222780799264e-14
0.29925,8575.065458455958,0.0,0.0,179.58936987574833,6.012340106840303e-14,6.012340106840303e-14
0.2993,8575.221207117618,0.0,0.0,179.592739479993,6.012454595649617e-14,6.012454595649617e-14
0.29935,8575.373695185755,0.0,0.0,179.59612148576397,6.012565532414605e-14,6.012565532414605e-14
0.2994,8575.525256519944,0.0,0.0,179.59945956360255,6.012679570456526e-14,6.012679570456526e-14
0.29945,8575.673660256374,0.0,0.0,179.60280777612022,6.012788778206188e-14,6.012788778206188e-14
0.2995,8575.820136938328,0.0,0.0,179.60609751531203,6.012901434256269e-14,6.012901434256269e-14
0.29955000000000004,8575.963628096511,0.0,0.0,179.60939069089687,6.013008585873356e-14,6.013008585873356e-14
0.29960000000000003,8576.10419529912,0.0,0.0,179.61261561857756,6.013118928469503e-14,6.013118928469503e-14
0.29965,8576.241931961511,0.0,0.0,179.61583292833157,6.013223695017153e-14,6.013223695017153e-14
0.2997,8576.375836795263,0.0,0.0,179.61897668758866,6.013330839569686e-14,6.013330839569686e-14
0.29975,8576.506976249753,0.0,0.0,179.62209812778875,6.013432853522565e-14,6.013432853522565e-14
0.2998,8576.633531453619,0.0,0.0,179.62514431320662,6.013536001134644e-14,6.013536001134644e-14
0.29985,8576.757247535621,0.0,0.0,179.62815103222707,6.013634830616956e-14,6.013634830616956e-14
0.2999,8576.875821366966,0.0,0.0,179.63108312046157,6.013733293981551e-14,6.013733293981551e-14
0.29995,8576.991323878725,0.0,0.0,179.63395763284572,6.013828431214564e-14,6.013828431214564e-14
0.3,8577.101328806963,0.0,0.0,179.6367590273289,6.013921644991077e-14,6.013921644991077e-14
0.30005000000000004,8577.207882380457,0.0,0.0,179.63948530424744,6.014012510671886e-14,6.014012510671886e-14
0.30010000000000003,8577.308765029045,0.0,0.0,179.6421394937757,6.0141000259965e-14,6.0141000259965e-14
0.30015000000000003,8577.405705084642,0.0,0.0,179.6447029382834,6.01418598798863e-14,6.01418598798863e-14
0.3002,8577.496939603903,0.0,0.0,179.64719375091246,6.014267453858722e-14,6.014267453858722e-14
0.30025,8577.583683481264,0.0,0.0,179.64958108353747,6.014347856814606e-14,6.014347856814606e-14
0.3003,8577.664769755738,0.0,0.0,179.65189300231592,6.014422992275808e-14,6.014422992275808e-14
0.30035,8577.740822091258,0.0,0.0,179.65409209472335,6.014497193192906e-14,6.014497193192906e-14
0.3004,8577.811289229981,0.0,0.0,179.65621059308802,6.014565756224936e-14,6.014565756224936e-14
0.30045,8577.876241499742,0.0,0.0,179.6582102930073,6.014633159974433e-14,6.014633159974433e-14
0.3005,8577.935656154854,0.0,0.0,179.66012214586902,6.01469491863944e-14,6.01469491863944e-14
0.30055000000000004,8577.989181323195,0.0,0.0,179.6619121347362,6.014755008297958e-14,6.014755008297958e-14
0.30060000000000003,8578.037159421956,0.0,0.0,179.66360566675684,6.014809719274489e-14,6.014809719274489e-14
0.30065000000000003,8578.079003360197,0.0,0.0,179.6651763827548,6.014862076631657e-14,6.014862076631657e-14
0.3007,8578.115223336465,0.0,0.0,179.66664162682338,6.014909474705599e-14,6.014909474705599e-14
0.30075,8578.145195099716,0.0,0.0,179.6679842722545,6.014953788660416e-14,6.014953788660416e-14
0.3008,8578.169410390547,0.0,0.0,179.6692130265938,6.01499358841724e-14,6.01499358841724e-14
0.30085,8578.187373549674,0.0,0.0,179.67031966192135,6.015029650762658e-14,6.015029650762658e-14
0.3009,8578.19942230958,0.0,0.0,179.67130545114338,6.015061559844544e-14,6.015061559844544e-14
0.30095,8578.205289161768,0.0,0.0,179.67216916165236,6.015089250256593e-14,6.015089250256593e-14
0.301,8578.20509963092,0.0,0.0,179.67290712234256,6.015112991141286e-14,6.015112991141286e-14
0.30105000000000004,8578.198829514447,0.0,0.0,179.67352222990135,6.015132255002683e-14,6.015132255002683e-14
0.30110000000000003,8578.186420235985,0.0,0.0,179.67400895266812,6.015147591121454e-14,6.015147591121454e-14
0.30115000000000003,8578.16802229567,0.0,0.0,179.67437123668068,6.015158414800012e-14,6.015158414800012e-14
0.3012,8578.143497279601,0.0,0.0,179.67460460202153,6.015165175957547e-14,6.015165175957547e-14
0.30125,8578.113037138151,0.0,0.0,179.6747114917882,6.015167564634826e-14,6.015167564634826e-14
0.3013,8578.076576939664,0.0,0.0,179.6746905358736,6.015165667004162e-14,6.015165667004162e-14
0.30135,8578.034185912475,0.0,0.0,179.6745412412921,6.015159629377472e-14,6.015159629377472e-14
0.3014,8577.986036284598,0.0,0.0,179.67426608010837,6.015149086385337e-14,6.015149086385337e-14
0.30145,8577.93192123517,0.0,0.0,179.67386163816664,6.015134629282624e-14,6.015134629282624e-14
0.3015,8577.872381432464,0.0,0.0,179.67333346577175,6.015115551372252e-14,6.015115551372252e-14
0.30155000000000004,8577.806833110219,0.0,0.0,179.67267669466779,6.015092685325014e-14,6.015092685325014e-14
0.30160000000000003,8577.73624595987,0.0,0.0,179.67189785585882,6.015065268590765e-14,6.015065268590765e-14
0.30165000000000003,8577.659643877172,0.0,0.0,179.67099322439256,6.015034023330976e-14,6.015034023330976e-14
0.3017,8577.578389374112,0.0,0.0,179.66996734657462,6.014998529090249e-14,6.014998529090249e-14
0.30175,8577.491201746012,0.0,0.0,179.668820780924,6.014958975911265e-14,6.014958975911265e-14
0.3018,8577.39969532131,0.0,0.0,179.66755293712032,6.014915704886918e-14,6.014915704886918e-14
0.30185,8577.302473424834,0.0,0.0,179.666171597807,6.014867981555712e-14,6.014867981555712e-14
0.3019,8577.201169073396,0.0,0.0,179.66466846485045,6.014817247420238e-14,6.014817247420238e-14
0.30195,8577.094536309645,0.0,0.0,179.66306053163478,6.014761580485573e-14,6.014761580485573e-14
0.302,8576.983933919053,0.0,0.0,179.66133050607434,6.014703687805409e-14,6.014703687805409e-14
0.30205000000000004,8576.868570732415,0.0,0.0,179.65950500689954,6.014640407681838e-14,6.014640407681838e-14
0.30210000000000004,8576.749226008957,0.0,0.0,179.65755824630833,6.014575638447387e-14,6.014575638447387e-14
0.30215000000000003,8576.625852654259,0.0,0.0,179.65552495827362,6.014505183581932e-14,6.014505183581932e-14
0.3022,8576.498387494898,0.0,0.0,179.65337332681872,6.014433795401456e-14,6.014433795401456e-14
0.30225,8576.367746945829,0.0,0.0,179.65114276386163,6.014356703711604e-14,6.014356703711604e-14
0.3023,8576.232857856787,0.0,0.0,179.64879967614706,6.014278940303442e-14,6.014278940303442e-14
0.30235,8576.0957013483,0.0,0.0,179.64638316184076,6.014195828361239e-14,6.014195828361239e-14
0.3024,8575.954163598297,0.0,0.0,179.64386333591034,6.014111941160015e-14,6.014111941160015e-14
0.30245,8575.811240816702,0.0,0.0,179.6412731431375,6.014023473421847e-14,6.014023473421847e-14
0.3025,8575.66390670933,0.0,0.0,179.63859228906617,6.013933750706995e-14,6.013933750706995e-14
0.30255000000000004,8575.515961993533,0.0,0.0,179.63584181443133,6.013840603437449e-14,6.013840603437449e-14
0.30260000000000004,8575.36375233194,0.0,0.0,179.63301629661217,6.013745401898098e-14,6.013745401898098e-14
0.30265000000000003,8575.21152729608,0.0,0.0,179.6301202284245,6.01364822696152e-14,6.01364822696152e-14
0.3027,8575.055416348558,0.0,0.0,179.62716674542995,6.013548000072115e-14,6.013548000072115e-14
0.30275,8574.899658152055,0.0,0.0,179.62414118199183,6.013447394616545e-14,6.013447394616545e-14
0.3028,8574.740653345078,0.0,0.0,179.62107650639447,6.013342711898933e-14,6.013342711898933e-14
0.30285,8574.582127015301,0.0,0.0,179.61793898645186,6.01323919892541e-14,6.01323919892541e-14
0.3029,8574.421245544087,0.0,0.0,179.61477979861198,6.01313075208502e-14,6.01313075208502e-14
0.30295,8574.260747762737,0.0,0.0,179.6115492176814,6.01302477538883e-14,6.01302477538883e-14
0.303,8574.098992942178,0.0,0.0,179.60831205291703,6.012913368492747e-14,6.012913368492747e-14
0.30305000000000004,8573.93736452525,0.0,0.0,179.60500845612725,6.01280530360839e-14,6.01280530360839e-14
0.30310000000000004,8573.775704727701,0.0,0.0,179.60170976651722,6.012691827605139e-14,6.012691827605139e-14
0.30315000000000003,8573.613838928366,0.0,0.0,179.5983540276681,6.012582007157644e-14,6.012582007157644e-14
0.3032,8573.45319190191,0.0,0.0,179.59501034049387,6.012467401215657e-14,6.012467401215657e-14
0.30325,8573.292036223416,0.0,0.0,179.59162375569014,6.012356151524003e-14,6.012356151524003e-14
0.3033,8573.133260610299,0.0,0.0,179.58825189342608,6.012241355850158e-14,6.012241355850158e-14
0.30335,8572.97381079348,0.0,0.0,179.58485573229265,6.012129038703714e-14,6.012129038703714e-14
0.3034,8572.81770586293,0.0,0.0,179.58147304710127,6.012014945557918e-14,6.012014945557918e-14
0.30345,8572.660991679395,0.0,0.0,179.5780881132902,6.011901998645971e-14,6.011901998645971e-14
0.3035,8572.508304920542,0.0,0.0,179.57471268387886,6.011789408005749e-14,6.011789408005749e-14
0.30355000000000004,8572.355368918037,0.0,0.0,179.57135893740477,6.011676377018897e-14,6.011676377018897e-14
0.30360000000000004,8572.206809949641,0.0,0.0,179.56800967951648,6.011565963973217e-14,6.011565963973217e-14
0.30365000000000003,8572.058681142043,0.0,0.0,179.5647059661167,6.011453520213953e-14,6.011453520213953e-14
0.3037,8571.914939492157,0.0,0.0,179.56140261892998,6.011345818665112e-14,6.011345818665112e-14
0.30375,8571.772605078288,0.0,0.0,179.5581665372532,6.011234758643301e-14,6.011234758643301e-14
0.3038,8571.634368493736,0.0,0.0,179.55492950563942,6.011130164338566e-14,6.011130164338566e-14
0.30385,8571.49874697649,0.0,0.0,179.55177742312915,6.01102138944867e-14,6.01102138944867e-14
0.3039,8571.366717038118,0.0,0.0,179.54862747712187,6.010920182292995e-14,6.010920182292995e-14
0.30395,8571.23863603389,0.0,0.0,179.5455746835978,6.010814660832099e-14,6.010814660832099e-14
0.304,8571.113537870073,0.0,0.0,179.54253253835685,6.01071704322035e-14,6.01071704322035e-14
0.30405,8570.993719476313,0.0,0.0,179.539593505092,6.010615758711225e-14,6.010615758711225e-14
0.30410000000000004,8570.876303410638,0.0,0.0,179.53667932403255,6.010521904895021e-14,6.010521904895021e-14
0.30415000000000003,8570.765358727667,0.0,0.0,179.5338680194659,6.010425797579003e-14,6.010425797579003e-14
0.3042,8570.656392747933,0.0,0.0,179.53110089640202,6.010335906078393e-14,6.010335906078393e-14
0.30425,8570.554826200938,0.0,0.0,179.52843109988743,6.010245815531806e-14,6.010245815531806e-14
0.3043,8570.455079457168,0.0,0.0,179.52582858163603,6.010160157146368e-14,6.010160157146368e-14
0.30435,8570.363301867279,0.0,0.0,179.523314135436,6.010076773604682e-14,6.010076773604682e-14
0.3044,8570.273520954244,0.0,0.0,179.52089184254862,6.00999572693971e-14,6.00999572693971e-14
0.30445,8570.191869264401,0.0,0.0,179.51854679045994,6.009919558824852e-14,6.009919558824852e-14
0.3045,8570.112749879152,0.0,0.0,179.51631818155258,6.009843627520323e-14,6.009843627520323e-14
0.30455,8570.041510382718,0.0,0.0,179.51415675835324,6.009774989225367e-14,6.009774989225367e-14
0.30460000000000004,8569.973668050425,0.0,0.0,179.51213306429955,6.009704797638478e-14,6.009704797638478e-14
0.30465000000000003,8569.91309936673,0.0,0.0,179.51016952223773,6.009643820105236e-14,6.009643820105236e-14
0.3047,8569.857042863718,0.0,0.0,179.50835985286403,6.009580086727948e-14,6.009580086727948e-14
0.30475,8569.807395147267,0.0,0.0,179.50660813565713,6.009526749084196e-14,6.009526749084196e-14
0.3048,8569.763506157771,0.0,0.0,179.50501973750028,6.009470241367129e-14,6.009470241367129e-14
0.30485,8569.725033251707,0.0,0.0,179.50349303570138,6.009424419348547e-14,6.009424419348547e-14
0.3049,8569.69355493835,0.0,0.0,179.50213165763927,6.009375895047979e-14,6.009375895047979e-14
0.30495,8569.666517555988,0.0,0.0,179.50084189805926,6.009337419565046e-14,6.009337419565046e-14
0.305,8569.647553406745,0.0,0.0,179.49971220635683,6.009297563106161e-14,6.009297563106161e-14
0.30505,8569.632212461293,0.0,0.0,179.49866953938474,6.009266280006113e-14,6.009266280006113e-14
0.30510000000000004,8569.62573561592,0.0,0.0,179.49777551649896,6.009235642243406e-14,6.009235642243406e-14
0.30515000000000003,8569.62233645458,0.0,0.0,179.49698786752268,6.009211465250284e-14,6.009211465250284e-14
0.3052,8569.628207933889,0.0,0.0,179.4963331315446,6.009190415022448e-14,6.009190415022448e-14
0.30525,8569.636957582012,0.0,0.0,179.49580587495595,6.009173363345696e-14,6.009173363345696e-14
0.3053,8569.654950956756,0.0,0.0,179.49539386848102,6.009162057907594e-14,6.009162057907594e-14
0.30535,8569.675991391192,0.0,0.0,179.49512966691702,6.009152273450362e-14,6.009152273450362e-14
0.3054,8569.70582028629,0.0,0.0,179.49496368340746,6.009150651368712e-14,6.009150651368712e-14
0.30545,8569.739201654347,0.0,0.0,179.49496251247024,6.009148392553254e-14,6.009148392553254e-14
0.3055,8569.78054626958,0.0,0.0,179.49504555268237,6.009156190796891e-14,6.009156190796891e-14
0.30555,8569.826203684546,0.0,0.0,179.49530490605218,6.009161803669623e-14,6.009161803669623e-14
0.30560000000000004,8569.87873273816,0.0,0.0,179.49563938235445,6.00917859582369e-14,6.00917859582369e-14
0.30565000000000003,8569.936470135695,0.0,0.0,179.49615462766226,6.009192466834106e-14,6.009192466834106e-14
0.3057,8569.999855180362,0.0,0.0,179.49674195720237,6.009217717597242e-14,6.009217717597242e-14
0.30575,8570.069338507545,0.0,0.0,179.49750679241615,6.009240214124476e-14,6.009240214124476e-14
0.3058,8570.143259017963,0.0,0.0,179.49834693701058,6.009273342235523e-14,6.009273342235523e-14
0.30585,8570.224019831581,0.0,0.0,179.49935388417347,6.009304750032251e-14,6.009304750032251e-14
0.3059,8570.308158513724,0.0,0.0,179.50044490332508,6.009345190711128e-14,6.009345190711128e-14
0.30595,8570.39960768284,0.0,0.0,179.50168577225463,6.00938565649032e-14,6.00938565649032e-14
0.306,8570.493637208858,0.0,0.0,179.50302345472986,6.009432915156074e-14,6.009432915156074e-14
0.30605,8570.595086833431,0.0,0.0,179.504489715192,6.009482402870791e-14,6.009482402870791e-14
0.30610000000000004,8570.698650260783,0.0,0.0,179.50606734380708,6.009536092157096e-14,6.009536092157096e-14
0.30615000000000003,8570.809341115662,0.0,0.0,179.50775035922172,6.00959435894341e-14,6.00959435894341e-14
0.3062,8570.922029225865,0.0,0.0,179.50955864531642,6.009654214841892e-14,6.009654214841892e-14
0.30625,8571.041160022869,0.0,0.0,179.51144974227984,6.009720809717747e-14,6.009720809717747e-14
0.3063,8571.162489329494,0.0,0.0,179.5134769426418,6.009786684460551e-14,6.009786684460551e-14
0.30635,8571.289244212032,0.0,0.0,179.5155673154782,6.009860970300685e-14,6.009860970300685e-14
0.3064,8571.41863904427,0.0,0.0,179.51779951950047,6.009932803956128e-14,6.009932803956128e-14
0.30645,8571.552209926702,0.0,0.0,179.52007999342226,6.010013998893856e-14,6.010013998893856e-14
0.3065,8571.688991663357,0.0,0.0,179.52250154517895,6.01009177428181e-14,6.01009177428181e-14
0.30655,8571.828592904832,0.0,0.0,179.52496224262435,6.010179007315521e-14,6.010179007315521e-14
0.30660000000000004,8571.97197807593,0.0,0.0,179.52755624479886,6.01026269500555e-14,6.01026269500555e-14
0.30665000000000003,8572.116852286348,0.0,0.0,179.53018621324009,6.010355067517297e-14,6.010355067517297e-14
0.30670000000000003,8572.26596021258,0.0,0.0,179.53293505022037,6.010444569713937e-14,6.010444569713937e-14
0.30675,8572.415375106924,0.0,0.0,179.53572191496923,6.010541214761437e-14,6.010541214761437e-14
0.3068,8572.569244262777,0.0,0.0,179.5386077316328,6.010636315754221e-14,6.010636315754221e-14
0.30685,8572.72248207656,0.0,0.0,179.54153743288072,6.010736447233359e-14,6.010736447233359e-14
0.3069,8572.880093154254,0.0,0.0,179.54454251437812,6.010836778171941e-14,6.010836778171941e-14
0.30695,8573.036434922375,0.0,0.0,179.54759917475084,6.010939723305329e-14,6.010939723305329e-14
0.307,8573.196737824046,0.0,0.0,179.55070618873202,6.011044745764764e-14,6.011044745764764e-14
0.30705,8573.355445710578,0.0,0.0,179.55387213843377,6.011149957736973e-14,6.011149957736973e-14
0.30710000000000004,8573.517387025147,0.0,0.0,179.55706422273073,6.011258968377355e-14,6.011258968377355e-14
0.30715000000000003,8573.677687988004,0.0,0.0,179.5603201862757,6.011366017853305e-14,6.011366017853305e-14
0.30720000000000003,8573.840235828864,0.0,0.0,179.5635808884388,6.011478173260437e-14,6.011478173260437e-14
0.30725,8574.001309565056,0.0,0.0,179.5669063142405,6.011586721747374e-14,6.011586721747374e-14
0.3073,8574.163472931066,0.0,0.0,179.5702194109543,6.011701079308603e-14,6.011701079308603e-14
0.30735,8574.324446445107,0.0,0.0,179.5735929053285,6.01181083900119e-14,6.01181083900119e-14
0.3074,8574.485287349296,0.0,0.0,179.57694214677187,6.01192640830489e-14,6.01192640830489e-14
0.30745,8574.645237212933,0.0,0.0,179.58034196053796,6.012037095371574e-14,6.012037095371574e-14
0.3075,8574.803874910864,0.0,0.0,179.58371079417088,6.012152892318568e-14,6.012152892318568e-14
0.30755,8574.961837319253,0.0,0.0,179.58711530461747,6.012264181271668e-14,6.012264181271668e-14
0.30760000000000004,8575.117445122956,0.0,0.0,179.59048663412935,6.012379277957706e-14,6.012379277957706e-14
0.30765000000000003,8575.272432493464,0.0,0.0,179.59387476812367,6.012490763841585e-14,6.012490763841585e-14
0.30770000000000003,8575.424228873802,0.0,0.0,179.59723079582113,6.012604327435928e-14,6.012604327435928e-14
0.30775,8575.575250925907,0.0,0.0,179.60058235098222,6.012715501864466e-14,6.012715501864466e-14
0.3078,8575.722487192032,0.0,0.0,179.60390453752981,6.012826817956966e-14,6.012826817956966e-14
0.30785,8575.868573832604,0.0,0.0,179.60720037519363,6.012937061807485e-14,6.012937061807485e-14
0.3079,8576.01052125625,0.0,0.0,179.61046953163057,6.01304554027249e-14,6.01304554027249e-14
0.30795,8576.15074438033,0.0,0.0,179.61369163568173,6.013154134030866e-14,6.013154134030866e-14
0.308,8576.286683399645,0.0,0.0,179.61688814192624,6.013259297714426e-14,6.013259297714426e-14
0.30805,8576.420175137553,0.0,0.0,179.62001955774875,6.013365447202767e-14,6.013365447202767e-14
0.30810000000000004,8576.549388872749,0.0,0.0,179.6231236829632,6.013466907012145e-14,6.013466907012145e-14
0.30815000000000003,8576.675354314882,0.0,0.0,179.62614836796982,6.013569780246755e-14,6.013569780246755e-14
0.30820000000000003,8576.797127795358,0.0,0.0,179.62914065352865,6.013667201362321e-14,6.013667201362321e-14
0.30825,8576.914851317288,0.0,0.0,179.63204328233002,6.013765970954686e-14,6.013765970954686e-14
0.3083,8577.028476746857,0.0,0.0,179.6349049403039,6.013859036655145e-14,6.013859036655145e-14
0.30835,8577.137321975157,0.0,0.0,179.63767071177853,6.013952921175286e-14,6.013952921175286e-14
0.3084,8577.242109449142,0.0,0.0,179.640383991407,6.014041300360504e-14,6.014041300360504e-14
0.30845,8577.341513946545,0.0,0.0,179.64299848166098,6.014129599168702e-14,6.014129599168702e-14
0.3085,8577.436806022737,0.0,0.0,179.64554696325496,6.014212922843897e-14,6.014212922843897e-14
0.30855,8577.526272536918,0.0,0.0,179.64799605808616,6.014295039576904e-14,6.014295039576904e-14
0.30860000000000004,8577.611460587026,0.0,0.0,179.65036484682832,6.014372889976743e-14,6.014372889976743e-14
0.30865000000000004,8577.690547078391,0.0,0.0,179.65263477213668,6.01444834239199e-14,6.01444834239199e-14
0.30870000000000003,8577.765087039315,0.0,0.0,179.65481058090387,6.014520255773575e-14,6.014520255773575e-14
0.30875,8577.833397825816,0.0,0.0,179.656888031843,6.014588671654481e-14,6.014588671654481e-14
0.3088,8577.896823176567,0.0,0.0,179.6588591599753,6.014654153950466e-14,6.014654153950466e-14
0.30885,8577.954003084831,0.0,0.0,179.66073151260275,6.014715255085598e-14,6.014715255085598e-14
0.3089,8578.005933410815,0.0,0.0,179.66248774325865,6.01477380705758e-14,6.01477380705758e-14
0.30895,8578.051666228781,0.0,0.0,179.6641433187781,6.014827385312789e-14,6.014827385312789e-14
0.309,8578.091810477721,0.0,0.0,179.665675768943,6.014878532763516e-14,6.014878532763516e-14
0.30905,8578.125822085232,0.0,0.0,179.66710411232074,6.014924423076075e-14,6.014924423076075e-14
0.30910000000000004,8578.153976582154,0.0,0.0,179.66840507471628,6.014967746857867e-14,6.014967746857867e-14
0.30915000000000004,8578.176042241696,0.0,0.0,179.6695972079064,6.015005802583659e-14,6.015005802583659e-14
0.30920000000000003,8578.192084350841,0.0,0.0,179.67066002237956,6.015040963413477e-14,6.015040963413477e-14
0.30925,8578.202038847872,0.0,0.0,179.6716086374348,6.015071038462662e-14,6.015071038462662e-14
0.3093,8578.20591790395,0.0,0.0,179.67242762136846,6.015097792761567e-14,6.015097792761567e-14
0.30935,8578.203666657084,0.0,0.0,179.67312718952573,6.015119733731117e-14,6.015119733731117e-14
0.3094,8578.195394164417,0.0,0.0,179.67369764381837,6.015137938203502e-14,6.015137938203502e-14
0.30945,8578.18092323541,0.0,0.0,179.6741444311675,6.015151587651715e-14,6.015151587651715e-14
0.3095,8578.160564380976,0.0,0.0,179.67446272284727,6.01516119254748e-14,6.01516119254748e-14
0.30955,8578.133947462165,0.0,0.0,179.6746547189465,6.01516640244303e-14,6.01516640244303e-14
0.30960000000000004,8578.10161565403,0.0,0.0,179.67471842609137,6.015167435293443e-14,6.015167435293443e-14
0.30965000000000004,8578.063016618951,0.0,0.0,179.6746552062164,6.015164087827112e-14,6.015164087827112e-14
0.30970000000000003,8578.018872134044,0.0,0.0,179.67446329830634,6.015156631201163e-14,6.015156631201163e-14
0.30975,8577.96854248773,0.0,0.0,179.67414585043298,6.015144662732713e-14,6.015144662732713e-14
0.3098,8577.91279546029,0.0,0.0,179.673698869641,6.015128830538163e-14,6.015128830538163e-14
0.30985,8577.851066913378,0.0,0.0,179.67312942206166,6.015108253914326e-14,6.015108253914326e-14
0.3099,8577.783984033169,0.0,0.0,179.6724296296055,6.015084171014629e-14,6.015084171014629e-14
0.30995,8577.711257247915,0.0,0.0,179.67161151341864,6.01505509176355e-14,6.01505509176355e-14
0.31,8577.633170733592,0.0,0.0,179.6706629701282,6.015022880994641e-14,6.015022880994641e-14
0.31005,8577.549902007831,0.0,0.0,179.66960054302407,6.0149855039883e-14,6.0149855039883e-14
0.31010000000000004,8577.461218888244,0.0,0.0,179.66840910388075,6.01494528335048e-14,6.01494528335048e-14
0.31015000000000004,8577.367906868656,0.0,0.0,179.6671077490004,6.014899908188468e-14,6.014899908188468e-14
0.31020000000000003,8577.269116426289,0.0,0.0,179.66568096570379,6.014851798961693e-14,6.014851798961693e-14
0.31025,8577.166291017582,0.0,0.0,179.6641471640839,6.014798804430715e-14,6.014798804430715e-14
0.3103,8577.057968381558,0.0,0.0,179.66249410531574,6.014742948977162e-14,6.014742948977162e-14
0.31035,8576.946183618675,0.0,0.0,179.66073556513183,6.014682768758357e-14,6.014682768758357e-14
0.3104,8576.828988115056,0.0,0.0,179.65886657839118,6.014619354806008e-14,6.014619354806008e-14
0.31045,8576.70882009274,0.0,0.0,179.65689239167637,6.014552448474677e-14,6.014552448474677e-14
0.3105,8576.583487681773,0.0,0.0,179.65481884089925,6.01448173525221e-14,6.01448173525221e-14
0.31055,8576.455537773016,0.0,0.0,179.65263963074983,6.014408559350949e-14,6.014408559350949e-14
0.3106,8576.322867943616,0.0,0.0,179.65037364861413,6.014330900532469e-14,6.014330900532469e-14
0.31065000000000004,8576.18777049013,0.0,0.0,179.64800166867417,6.014251884887288e-14,6.014251884887288e-14
0.31070000000000003,8576.048608865893,0.0,0.0,179.64555596045102,6.014167743310519e-14,6.014167743310519e-14
0.31075,8575.907041763763,0.0,0.0,179.64300511396485,6.014083276972148e-14,6.014083276972148e-14
0.3108,8575.762260441828,0.0,0.0,179.6403928413919,6.013993227663823e-14,6.013993227663823e-14
0.31085,8575.614956290277,0.0,0.0,179.63767859855412,6.013903657274696e-14,6.013903657274696e-14
0.3109,8575.465434449843,0.0,0.0,179.63491335847544,6.013808376791268e-14,6.013808376791268e-14
0.31095,8575.31318976772,0.0,0.0,179.63205256651077,6.01371401841003e-14,6.01371401841003e-14
0.311,8575.159797036702,0.0,0.0,179.6291484623297,6.013614261017286e-14,6.013614261017286e-14
0.31105,8575.003477140854,0.0,0.0,179.62615905995156,6.013515423679607e-14,6.013515423679607e-14
0.3111,8574.847062008634,0.0,0.0,179.62313084687815,6.013411987059057e-14,6.013411987059057e-14
0.31115000000000004,8574.68759969249,0.0,0.0,179.62003151096656,6.013309004718952e-14,6.013309004718952e-14
0.31120000000000003,8574.52898438057,0.0,0.0,179.61689478146795,6.013202689608955e-14,6.013202689608955e-14
0.31125,8574.367371501801,0.0,0.0,179.61370454594424,6.013095955973357e-14,6.013095955973357e-14
0.3113,8574.20735382974,0.0,0.0,179.61047591242212,6.012987525783411e-14,6.012987525783411e-14
0.31135,8574.04462584957,0.0,0.0,179.60721380551095,6.012877526033953e-14,6.012877526033953e-14
0.3114,8573.883987467596,0.0,0.0,179.60391103448745,6.012767672205214e-14,6.012767672205214e-14
0.31145,8573.721202272895,0.0,0.0,179.60059577950648,6.012655005712952e-14,6.012655005712952e-14
0.3115,8573.560721543687,0.0,0.0,179.59723783657034,6.012544324605086e-14,6.012544324605086e-14
0.31155,8573.39893467067,0.0,0.0,179.59388765294676,6.012429713628888e-14,6.012429713628888e-14
0.3116,8573.239401767014,0.0,0.0,179.59049462946896,6.012318698618045e-14,6.012318698618045e-14
0.31165000000000004,8573.079640923268,0.0,0.0,179.58712715618782,6.012202980514221e-14,6.012202980514221e-14
0.31170000000000003,8572.92187206535,0.0,0.0,179.58372006596306,6.012092031062698e-14,6.012092031062698e-14
0.31175,8572.765114041766,0.0,0.0,179.5803524108269,6.01197613333207e-14,6.01197613333207e-14
0.3118,8572.609961993323,0.0,0.0,179.57695286463002,6.011865580206176e-14,6.011865580206176e-14
0.31185,8572.45711477207,0.0,0.0,179.573601762869,6.011750481110216e-14,6.011750481110216e-14
0.3119,8572.305472989294,0.0,0.0,179.57023154824722,6.011640623962557e-14,6.011640623962557e-14
0.31195,8572.157365325362,0.0,0.0,179.56691359585028,6.01152730323327e-14,6.01152730323327e-14
0.312,8572.010164145637,0.0,0.0,179.56359420553602,6.01141845530555e-14,6.01141845530555e-14
0.31205,8571.867543662156,0.0,0.0,179.56032611941453,6.011307841474374e-14,6.011307841474374e-14
0.3121,8571.725738056695,0.0,0.0,179.55707828145285,6.011200374000609e-14,6.011200374000609e-14
0.31215000000000004,8571.589277884477,0.0,0.0,179.5538771323772,6.011093295761669e-14,6.011093295761669e-14
0.31220000000000003,8571.453827490408,0.0,0.0,179.55072039724146,6.010987675165958e-14,6.010987675165958e-14
0.31225,8571.32414003401,0.0,0.0,179.5476037634389,6.010884823381533e-14,6.010884823381533e-14
0.3123,8571.19598355569,0.0,0.0,179.54455619704797,6.010781634610834e-14,6.010781634610834e-14
0.31235,8571.073638987134,0.0,0.0,179.5415421967575,6.010683541003859e-14,6.010683541003859e-14
0.3124,8570.953665757024,0.0,0.0,179.53862021443413,6.010583492426812e-14,6.010583492426812e-14
0.31245,8570.839212087296,0.0,0.0,179.5357273926614,6.010490527832094e-14,6.010490527832094e-14
0.3125,8570.72823433521,0.0,0.0,179.53294574957025,6.010394435991436e-14,6.010394435991436e-14
0.31255,8570.622215510002,0.0,0.0,179.53019281589104,6.010306829063634e-14,6.010306829063634e-14
0.3126,8570.520944727888,0.0,0.0,179.52756474694758,6.010215583952117e-14,6.010215583952117e-14
0.31265000000000004,8570.423913623596,0.0,0.0,179.52497018379296,6.010133457687253e-14,6.010133457687253e-14
0.31270000000000003,8570.3329440182,0.0,0.0,179.52250766426022,6.010047973046652e-14,6.010047973046652e-14
0.31275000000000003,8570.24546768294,0.0,0.0,179.5200892454975,6.009971393906179e-14,6.009971393906179e-14
0.3128,8570.165268802475,0.0,0.0,179.51780332520104,6.009892548443163e-14,6.009892548443163e-14
0.31285,8570.08792463947,0.0,0.0,179.51557759988503,6.009821581194234e-14,6.009821581194234e-14
0.3129,8570.018843871325,0.0,0.0,179.51347875262553,6.009750158927991e-14,6.009750158927991e-14
0.31295,8569.952206630798,0.0,0.0,179.5114605558452,6.009684918579844e-14,6.009684918579844e-14
0.313,8569.894481111218,0.0,0.0,179.5095589825828,6.009621556373614e-14,6.009621556373614e-14
0.31305,8569.839102004094,0.0,0.0,179.50776103370558,6.0095622497893e-14,6.0095622497893e-14
0.3131,8569.792877903923,0.0,0.0,179.50606686425715,6.009507399292833e-14,6.009507399292833e-14
0.31315000000000004,8569.749258410538,0.0,0.0,179.5044995020395,6.00945434944123e-14,6.00945434944123e-14
0.31320000000000003,8569.714614745753,0.0,0.0,179.50302285470784,6.009408259179572e-14,6.009408259179572e-14
0.31325000000000003,8569.683178375508,0.0,0.0,179.50169394077267,6.009361908221049e-14,6.009361908221049e-14
0.3133,8569.660151701573,0.0,0.0,179.50044482005674,6.00932462796889e-14,6.00932462796889e-14
0.31335,8569.641217571387,0.0,0.0,179.49935981927476,6.009285518021105e-14,6.009285518021105e-14
0.3134,8569.629823850464,0.0,0.0,179.49834785615866,6.009256925477798e-14,6.009256925477798e-14
0.31345,8569.623585512754,0.0,0.0,179.49751007798335,6.009225659102586e-14,6.009225659102586e-14
0.3135,8569.62383595386,0.0,0.0,179.49674414100136,6.009205504726894e-14,6.009205504726894e-14
0.31355,8569.630348440463,0.0,0.0,179.49615510355784,6.009182690718102e-14,6.009182690718102e-14
0.3136,8569.642256831507,0.0,0.0,179.49564282893058,6.009170654691195e-14,6.009170654691195e-14
0.31365000000000004,8569.661433638468,0.0,0.0,179.49530269049373,6.009156846052371e-14,6.009156846052371e-14
0.31370000000000003,8569.685014200224,0.0,0.0,179.49504999273566,6.009152599256985e-14,6.009152599256985e-14
0.31375000000000003,8569.716634589826,0.0,0.0,179.49495798635658,6.009148232490454e-14,6.009148232490454e-14
0.3138,8569.751890543499,0.0,0.0,179.49496861497013,6.009151492596938e-14,6.009151492596938e-14
0.31385,8569.795616227411,0.0,0.0,179.49512342212296,6.009156836348552e-14,6.009156836348552e-14
0.3139,8569.842520849395,0.0,0.0,179.4953986249034,6.009167411414896e-14,6.009167411414896e-14
0.31395,8569.897919639101,0.0,0.0,179.4957986337175,6.009182531875352e-14,6.009182531875352e-14
0.314,8569.956392591823,0.0,0.0,179.49633697302454,6.009200344725246e-14,6.009200344725246e-14
0.31405,8570.022965920856,0.0,0.0,179.49698038423415,6.009225092636771e-14,6.009225092636771e-14
0.3141,8570.092848345372,0.0,0.0,179.49777773205992,6.009250183104366e-14,6.009250183104366e-14
0.31415000000000004,8570.170058850674,0.0,0.0,179.49866249866992,6.009284203892099e-14,6.009284203892099e-14
0.31420000000000003,8570.251091029486,0.0,0.0,179.49971221179646,6.00931670835499e-14,6.00931670835499e-14
0.31425000000000003,8570.338386631744,0.0,0.0,179.50083582355427,6.009359474367011e-14,6.009359474367011e-14
0.3143,8570.430191465528,0.0,0.0,179.5021290756349,6.009399585839499e-14,6.009399585839499e-14
0.31435,8570.527022898461,0.0,0.0,179.50348822246082,6.009450445626185e-14,6.009450445626185e-14
0.3144,8570.629097860285,0.0,0.0,179.50501444878748,6.009498360398397e-14,6.009498360398397e-14
0.31445,8570.734927583153,0.0,0.0,179.5066046156055,6.0095565986119e-14,6.0095565986119e-14
0.3145,8570.846646394086,0.0,0.0,179.50835201162917,6.009612456939453e-14,6.009612456939453e-14
0.31455,8570.960948271564,0.0,0.0,179.51016706727322,6.00967735620508e-14,6.00967735620508e-14
0.3146,8571.081572331137,0.0,0.0,179.51212307608282,6.009741186101257e-14,6.009741186101257e-14
0.31465000000000004,8571.203822630694,0.0,0.0,179.51415492013666,6.00981208248593e-14,6.00981208248593e-14
0.31470000000000004,8571.332520839467,0.0,0.0,179.51630664730897,6.009883754166144e-14,6.009883754166144e-14
0.31475000000000003,8571.462182598701,0.0,0.0,179.51854497061865,6.009960078929189e-14,6.009960078929189e-14
0.3148,8571.598057022386,0.0,0.0,179.52087947721694,6.010039276774506e-14,6.010039276774506e-14
0.31485,8571.734560586689,0.0,0.0,179.52331167557,6.010120578720362e-14,6.010120578720362e-14
0.3149,8571.876674822232,0.0,0.0,179.52581611911754,6.010206794332833e-14,6.010206794332833e-14
0.31495,8572.019397991364,0.0,0.0,179.5284273780955,6.010292740772513e-14,6.010292740772513e-14
0.315,8572.166804616463,0.0,0.0,179.53108899456987,6.010385287977438e-14,6.010385287977438e-14
0.31505,8572.31505581178,0.0,0.0,179.5338625395112,6.010475644527094e-14,6.010475644527094e-14
0.3151,8572.466819768368,0.0,0.0,179.53666848320535,6.010573694185493e-14,6.010573694185493e-14
0.31515000000000004,8572.619827051954,0.0,0.0,179.5395859657193,6.010668287549909e-14,6.010668287549909e-14
0.31520000000000004,8572.775042348097,0.0,0.0,179.5425230444815,6.010770916793676e-14,6.010770916793676e-14
0.31525000000000003,8572.931950371338,0.0,0.0,179.545565018788,6.010869586470686e-14,6.010869586470686e-14
0.3153,8573.089748649572,0.0,0.0,179.5486193770831,6.010975835853648e-14,6.010975835853648e-14
0.31535,8573.249624222884,0.0,0.0,179.5517658084936,6.011078382365341e-14,6.011078382365341e-14
0.3154,8573.409174990524,0.0,0.0,179.55492261727662,6.011187312626319e-14,6.011187312626319e-14
0.31545,8573.57102089781,0.0,0.0,179.55815336280418,6.011293450366572e-14,6.011293450366572e-14
0.3155,8573.73152436583,0.0,0.0,179.56139657311917,6.011404191550748e-14,6.011404191550748e-14
0.31555,8573.894299736536,0.0,0.0,179.56469178045737,6.011513512879917e-14,6.011513512879917e-14
0.3156,8574.054974421277,0.0,0.0,179.56800398705607,6.011625299424587e-14,6.011625299424587e-14
0.31565000000000004,8574.21761915824,0.0,0.0,179.57134437229837,6.011737255533225e-14,6.011737255533225e-14
0.31570000000000004,8574.377686916796,0.0,0.0,179.57470681644048,6.01184944328675e-14,6.01184944328675e-14
0.31575000000000003,8574.539147210115,0.0,0.0,179.57807380013418,6.011963343950209e-14,6.011963343950209e-14
0.3158,8574.697818809726,0.0,0.0,179.58146651983657,6.012075408131273e-14,6.012075408131273e-14
0.31585,8574.857070644215,0.0,0.0,179.58484222276454,6.012190440288714e-14,6.012190440288714e-14
0.3159,8575.013534636839,0.0,0.0,179.588244337087,6.012301955698624e-14,6.012301955698624e-14
0.31595,8575.169602772768,0.0,0.0,179.59161145784833,6.012417217703485e-14,6.012417217703485e-14
0.316,8575.323019859668,0.0,0.0,179.5950015530084,6.012527825767786e-14,6.012527825767786e-14
0.31605,8575.47499040094,0.0,0.0,179.59834316608072,6.012642372031686e-14,6.012642372031686e-14
0.3161,8575.624494561493,0.0,0.0,179.60169973754032,6.012751740345576e-14,6.012751740345576e-14
0.31615000000000004,8575.77152040231,0.0,0.0,179.60499906071553,6.012864630091186e-14,6.012864630091186e-14
0.31620000000000004,8575.916226870846,0.0,0.0,179.60830095918664,6.012972411519292e-14,6.012972411519292e-14
0.31625000000000003,8576.057526331153,0.0,0.0,179.61154114145285,6.013082754517927e-14,6.013082754517927e-14
0.3163,8576.196545562252,0.0,0.0,179.61476797244902,6.013188552374841e-14,6.013188552374841e-14
0.31635,8576.331395554895,0.0,0.0,179.61793194785187,6.013295545918844e-14,6.013295545918844e-14
0.3164,8576.46385129447,0.0,0.0,179.62106438355647,6.013398890461254e-14,6.013398890461254e-14
0.31645,8576.591577157256,0.0,0.0,179.62413482402337,6.013501842841194e-14,6.013501842841194e-14
0.3165,8576.71662627755,0.0,0.0,179.62715480131803,6.013602182590504e-14,6.013602182590504e-14
0.31655,8576.83659070202,0.0,0.0,179.63011418440308,6.01370052100577e-14,6.01370052100577e-14
0.3166,8576.953442221975,0.0,0.0,179.63300498114162,6.013797229486753e-14,6.013797229486753e-14
0.31665000000000004,8577.065035790194,0.0,0.0,179.63583576974645,6.013890492637829e-14,6.013890492637829e-14
0.31670000000000004,8577.172966747446,0.0,0.0,179.63858197016918,6.013982889201877e-14,6.013982889201877e-14
0.31675000000000003,8577.275602055537,0.0,0.0,179.64126688358587,6.0140707070858e-14,6.0140707070858e-14
0.3168,8577.37396852932,0.0,0.0,179.64385425984662,6.01415808792097e-14,6.01415808792097e-14
0.31685,8577.467079215992,0.0,0.0,179.6463766017912,6.014240153495425e-14,6.014240153495425e-14
0.3169,8577.555321572974,0.0,0.0,179.64879194973037,6.014321827815716e-14,6.014321827815716e-14
0.31695,8577.638366608615,0.0,0.0,179.6511359511797,6.014397865838565e-14,6.014397865838565e-14
0.317,8577.716009079628,0.0,0.0,179.6533669229538,6.014473191597531e-14,6.014473191597531e-14
0.31705,8577.788481724783,0.0,0.0,179.65551805687284,6.014542930490172e-14,6.014542930490172e-14
0.3171,8577.855127247127,0.0,0.0,179.65755303036116,6.014611344230691e-14,6.014611344230691e-14
0.31715,8577.916567308896,0.0,0.0,179.6594982614222,6.014674495643829e-14,6.014674495643829e-14
0.31720000000000004,8577.97188932552,0.0,0.0,179.66132627725892,6.014735532543753e-14,6.014735532543753e-14
0.31725000000000003,8578.02189673855,0.0,0.0,179.66305422141608,6.014791781921163e-14,6.014791781921163e-14
0.3173,8578.065630016876,0.0,0.0,179.66466500455257,6.014845083585333e-14,6.014845083585333e-14
0.31735,8578.10387762835,0.0,0.0,179.66616598866725,6.014894092913342e-14,6.014894092913342e-14
0.3174,8578.135810184438,0.0,0.0,179.6675500552282,6.014939402884988e-14,6.014939402884988e-14
0.31745,8578.162053747059,0.0,0.0,179.66881608323223,6.014980824546693e-14,6.014980824546693e-14
0.3175,8578.18202164243,0.0,0.0,179.66996491765462,6.015017973354763e-14,6.015017973354763e-14
0.31755,8578.19610555298,0.0,0.0,179.67098956436772,6.015051472276778e-14,6.015051472276778e-14
0.3176,8578.203991663066,0.0,0.0,179.6718958391591,6.015080355647604e-14,6.015080355647604e-14
0.31765,8578.205849720289,0.0,0.0,179.67267410331755,6.015105635376909e-14,6.015105635376909e-14
0.31770000000000004,8578.201586773388,0.0,0.0,179.67333190622261,6.015126190251034e-14,6.015126190251034e-14
0.31775000000000003,8578.19123808999,0.0,0.0,179.67386005900548,6.015143018219944e-14,6.015143018219944e-14
0.3178,8578.174815392875,0.0,0.0,179.67426509107074,6.015155201353769e-14,6.015155201353769e-14
0.31785,8578.152356425473,0.0,0.0,179.67454055462085,6.015163428752418e-14,6.015163428752418e-14
0.3179,8578.123828948534,0.0,0.0,179.67469026772972,6.015167202122934e-14,6.015167202122934e-14
0.31795,8578.089423257063,0.0,0.0,179.67471155034585,6.015166774922009e-14,6.015166774922009e-14
0.318,8578.048921234758,0.0,0.0,179.67460520322152,6.015162100667911e-14,6.015162100667911e-14
0.31805,8578.00278893977,0.0,0.0,179.67437190544837,6.015153059963554e-14,6.015153059963554e-14
0.3181,8577.950525973472,0.0,0.0,179.67401053109654,6.015139905783632e-14,6.015139905783632e-14
0.31815,8577.892934895826,0.0,0.0,179.6735234220751,6.015122377575071e-14,6.015122377575071e-14
0.31820000000000004,8577.829212712046,0.0,0.0,179.67290971469913,6.01510073144179e-14,6.01510073144179e-14
0.31825000000000003,8577.760472829978,0.0,0.0,179.67217086348583,6.015074907856439e-14,6.015074907856439e-14
0.3183,8577.685681390569,0.0,0.0,179.67130900648672,6.0150447991157e-14,6.0150447991157e-14
0.31835,8577.60614359534,0.0,0.0,179.6703219411731,6.015010914680647e-14,6.015010914680647e-14
0.3184,8577.520755987181,0.0,0.0,179.66921740758843,6.014972437294212e-14,6.014972437294212e-14
0.31845,8577.430815306803,0.0,0.0,179.6679872680295,6.014930744748355e-14,6.014930744748355e-14
0.3185,8577.33537774379,0.0,0.0,179.6666466289973,6.01488407799623e-14,6.01488407799623e-14
0.31855,8577.235480276508,0.0,0.0,179.66518027805074,6.01483482831273e-14,6.01483482831273e-14
0.3186,8577.130598383654,0.0,0.0,179.66361105277502,6.014780250493306e-14,6.014780250493306e-14
0.31865,8577.021250458723,0.0,0.0,179.6619171163701,6.014723681110871e-14,6.014723681110871e-14
0.31870000000000004,8576.907573662356,0.0,0.0,179.66012768896948,6.014661573047819e-14,6.014661573047819e-14
0.31875000000000003,8576.789351155161,0.0,0.0,179.65821650616186,6.014597906803216e-14,6.014597906803216e-14
0.31880000000000003,8576.667557421673,0.0,0.0,179.6562161219324,6.014528743567284e-14,6.014528743567284e-14
0.31885,8576.541112998464,0.0,0.0,179.65409960063693,6.014458199063205e-14,6.014458199063205e-14
0.3189,8576.411896101981,0.0,0.0,179.65189843885852,6.014382530427575e-14,6.014382530427575e-14
0.31895,8576.277962352808,0.0,0.0,179.64958982863956,6.014305342234425e-14,6.014305342234425e-14
0.319,8576.142023561486,0.0,0.0,179.64719913370533,6.014223764419947e-14,6.014223764419947e-14
0.31905,8576.001410509089,0.0,0.0,179.64471274132688,6.014140209833134e-14,6.014140209833134e-14
0.3191,8575.859455804479,0.0,0.0,179.64214498129516,6.014053332586e-14,6.014053332586e-14
0.31915,8575.713042181445,0.0,0.0,179.63949586508832,6.01396376006891e-14,6.01396376006891e-14
0.31920000000000004,8575.565785249819,0.0,0.0,179.63676487913344,6.013872174374341e-14,6.013872174374341e-14
0.31925000000000003,8575.414503826798,0.0,0.0,179.63396856286442,6.013777028302425e-14,6.013777028302425e-14
0.31930000000000003,8575.262674056561,0.0,0.0,179.63108965781603,6.013681279862414e-14,6.013681279862414e-14
0.31935,8575.10749238364,0.0,0.0,179.62816190266847,6.013581116567961e-14,6.013581116567961e-14
0.3194,8574.951846145153,0.0,0.0,179.62515186449923,6.013481689780716e-14,6.013481689780716e-14
0.31945,8574.793744783681,0.0,0.0,179.62210852906938,6.01337718086405e-14,6.01337718086405e-14
0.3195,8574.635077687912,0.0,0.0,179.61898552689695,6.013274496274153e-14,6.013274496274153e-14
0.31955,8574.475028556462,0.0,0.0,179.61584253114341,6.013166417430647e-14,6.013166417430647e-14
0.3196,8574.314185959287,0.0,0.0,179.61262590739727,6.013060843588673e-14,6.013060843588673e-14
0.31965,8574.153133522106,0.0,0.0,179.60939929917294,6.012950049078066e-14,6.012950049078066e-14
0.31970000000000004,8573.991016780154,0.0,0.0,179.6061092575202,6.012841927504724e-14,6.012841927504724e-14
0.31975000000000003,8573.829864413008,0.0,0.0,179.6028153626423,6.01272931313748e-14,6.01272931313748e-14
0.31980000000000003,8573.667430836651,0.0,0.0,179.5994725820524,6.012618992504084e-14,6.012618992504084e-14
0.31985,8573.50703410368,0.0,0.0,179.59612820351933,6.012505451755364e-14,6.012505451755364e-14
0.3199,8573.345289484228,0.0,0.0,179.59275341995476,6.012393326111344e-14,6.012393326111344e-14
0.31995,8573.186456911535,0.0,0.0,179.5893760416021,6.012279705345143e-14,6.012279705345143e-14
0.32,8573.026440625341,0.0,0.0,179.58598964570828,6.012166249755415e-14,6.012166249755415e-14
0.32005,8572.869941547828,0.0,0.0,179.5825975922129,6.012053309166889e-14,6.012053309166889e-14
0.3201,8572.712705305834,0.0,0.0,179.57921929105268,6.011939106620548e-14,6.011939106620548e-14
0.32015,8572.55928315372,0.0,0.0,179.57583180034905,6.011827492506627e-14,6.011827492506627e-14
0.32020000000000004,8572.405865627295,0.0,0.0,179.57248038326233,6.011713246778542e-14,6.011713246778542e-14
0.32025000000000003,8572.256254153155,0.0,0.0,179.56911755903062,6.011603479807214e-14,6.011603479807214e-14
0.32030000000000003,8572.107654277543,0.0,0.0,179.56581079320316,6.0114900109134e-14,6.0114900109134e-14
0.32035,8571.962593721782,0.0,0.0,179.56249342214778,6.01138249223036e-14,6.01138249223036e-14
0.3204,8571.819745938961,0.0,0.0,179.55924808457817,6.011270713964642e-14,6.011270713964642e-14
0.32045,8571.67999593142,0.0,0.0,179.55599732355253,6.011165748780992e-14,6.011165748780992e-14
0.3205,8571.543750381263,0.0,0.0,179.55282935538017,6.011056630057878e-14,6.011056630057878e-14
0.32055,8571.410096926518,0.0,0.0,179.5496663136904,6.010954465446873e-14,6.010954465446873e-14
0.3206,8571.281206997868,0.0,0.0,179.54659106382468,6.010848980354971e-14,6.010848980354971e-14
0.32065,8571.154461543569,0.0,0.0,179.54353632317012,6.01074985161983e-14,6.01074985161983e-14
0.32070000000000004,8571.033580260339,0.0,0.0,179.54056883343767,6.010648924364468e-14,6.010648924364468e-14
0.32075000000000004,8570.91457013667,0.0,0.0,179.53764195931097,6.010553103189714e-14,6.010553103189714e-14
0.32080000000000003,8570.802255487693,0.0,0.0,179.53479723568495,6.010457555543339e-14,6.010457555543339e-14
0.32085,8570.691806210862,0.0,0.0,179.53201633746949,6.01036539203509e-14,6.01036539203509e-14
0.3209,8570.588534417773,0.0,0.0,179.5293095525155,6.010275900614319e-14,6.010275900614319e-14
0.32095,8570.487445601106,0.0,0.0,179.526690944687,6.010187852689697e-14,6.010187852689697e-14
0.321,8570.3936299838,0.0,0.0,179.52413752532294,6.010104922012758e-14,6.010104922012758e-14
0.32105,8570.3026476959,0.0,0.0,179.5216955291853,6.010021566669964e-14,6.010021566669964e-14
0.3211,8570.21866009627,0.0,0.0,179.5193111002104,6.009945522268868e-14,6.009945522268868e-14
0.32115,8570.13844897653,0.0,0.0,179.51705800661733,6.0098675462647e-14,6.0098675462647e-14
0.32120000000000004,8570.064640231545,0.0,0.0,179.5148581815395,6.00979854865917e-14,6.00979854865917e-14
0.32125000000000004,8569.995758995357,0.0,0.0,179.5128043725909,6.009726719018503e-14,6.009726719018503e-14
0.32130000000000003,8569.932475048512,0.0,0.0,179.51080440641024,6.00966479708552e-14,6.00966479708552e-14
0.32135,8569.875358451392,0.0,0.0,179.50895861145003,6.009599914645182e-14,6.009599914645182e-14
0.3214,8569.822949413108,0.0,0.0,179.50717295132517,6.009545013449561e-14,6.009545013449561e-14
0.32145,8569.777899030547,0.0,0.0,179.50554259331625,6.009487855747994e-14,6.009487855747994e-14
0.3215,8569.736719366632,0.0,0.0,179.5039843795648,6.009439892090912e-14,6.009439892090912e-14
0.32155,8569.703904300695,0.0,0.0,179.50257595461395,6.00939115288253e-14,6.00939115288253e-14
0.3216,8569.674303826589,0.0,0.0,179.5012565335713,6.009350070550919e-14,6.009350070550919e-14
0.32165,8569.653771049045,0.0,0.0,179.5000759615851,6.009310304592649e-14,6.009310304592649e-14
0.32170000000000004,8569.636077609977,0.0,0.0,179.4990044719608,6.009276120906401e-14,6.009276120906401e-14
0.32175000000000004,8569.627770434961,0.0,0.0,179.49805736052198,6.009245701442722e-14,6.009245701442722e-14
0.32180000000000003,8569.622266523504,0.0,0.0,179.4972404462131,6.009218538462692e-14,6.009218538462692e-14
0.32185,8569.626048406994,0.0,0.0,179.4965322226003,6.009197633441366e-14,6.009197633441366e-14
0.3219,8569.632944869525,0.0,0.0,179.49597390821265,6.009177728620911e-14,6.009177728620911e-14
0.32195,8569.64862519908,0.0,0.0,179.49550979411308,6.009166299121489e-14,6.009166299121489e-14
0.322,8569.668035606117,0.0,0.0,179.49521153758508,6.009153993882722e-14,6.009153993882722e-14
0.32205,8569.69539374165,0.0,0.0,179.49499636449164,6.009151814741649e-14,6.009151814741649e-14
0.3221,8569.72731308976,0.0,0.0,179.4949572769457,6.009147522123603e-14,6.009147522123603e-14
0.32215,8569.766117316653,0.0,0.0,179.49499516435088,6.009154222264443e-14,6.009154222264443e-14
0.32220000000000004,8569.810407980673,0.0,0.0,179.4952123644312,6.009158378092306e-14,6.009158378092306e-14
0.32225000000000004,8569.860426809204,0.0,0.0,179.4955063036958,6.009173494519374e-14,6.009173494519374e-14
0.32230000000000003,8569.916813857257,0.0,0.0,179.49597535547866,6.009186499078146e-14,6.009186499078146e-14
0.32235,8569.977818185873,0.0,0.0,179.49652675707128,6.009209537266695e-14,6.009209537266695e-14
0.3224,8570.045894730509,0.0,0.0,179.49724212965538,6.009231695395007e-14,6.009231695395007e-14
0.32245,8570.117650900449,0.0,0.0,179.4980503977293,6.009262187433743e-14,6.009262187433743e-14
0.3225,8570.196892858006,0.0,0.0,179.49900588281545,6.009293655869984e-14,6.009293655869984e-14
0.32255,8570.279147801137,0.0,0.0,179.50006807814304,6.00933120823141e-14,6.00933120823141e-14
0.3226,8570.368936156618,0.0,0.0,179.5012571090872,6.009371957239733e-14,6.009371957239733e-14
0.32265,8570.461397178557,0.0,0.0,179.5025677496567,6.00941628179237e-14,6.00941628179237e-14
0.32270000000000004,8570.561044769327,0.0,0.0,179.50398358103845,6.009466076705372e-14,6.009466076705372e-14
0.32275000000000004,8570.663357161382,0.0,0.0,179.50553461067858,6.009517000542648e-14,6.009517000542648e-14
0.32280000000000003,8570.77213658532,0.0,0.0,179.50717033868352,6.009575405606894e-14,6.009575405606894e-14
0.32285,8570.883862624927,0.0,0.0,179.50895127111224,6.009632859071709e-14,6.009632859071709e-14
0.3229,8571.001031642876,0.0,0.0,179.51079969900087,6.009699262911928e-14,6.009699262911928e-14
0.32295,8571.121634349774,0.0,0.0,179.5127979205984,6.009763247641004e-14,6.009763247641004e-14
0.323,8571.24645577589,0.0,0.0,179.5148512967107,6.009836906907329e-14,6.009836906907329e-14
0.32305,8571.37528998935,0.0,0.0,179.5170524900575,6.009907449186283e-14,6.009907449186283e-14
0.3231,8571.507043840607,0.0,0.0,179.5193021645154,6.00998754391258e-14,6.00998754391258e-14
0.32315,8571.643356269384,0.0,0.0,179.521690799051,6.010064640358138e-14,6.010064640358138e-14
0.32320000000000004,8571.781343179508,0.0,0.0,179.52412685725537,6.01015033371246e-14,6.01015033371246e-14
0.32325000000000004,8571.92428162728,0.0,0.0,179.5266866856594,6.01023389729295e-14,6.01023389729295e-14
0.32330000000000003,8572.067817883426,0.0,0.0,179.52929761971112,6.010324391251212e-14,6.010324391251212e-14
0.32335,8572.216448708934,0.0,0.0,179.53201211990103,6.010414205780003e-14,6.010414205780003e-14
0.3234,8572.364854392557,0.0,0.0,179.53478459330495,6.010508785531665e-14,6.010508785531665e-14
0.32345,8572.518186050656,0.0,0.0,179.5376373056952,6.010604474834042e-14,6.010604474834042e-14
0.3235,8572.670768888713,0.0,0.0,179.54055605286143,6.01070253627177e-14,6.01070253627177e-14
0.32355,8572.827778634224,0.0,0.0,179.54353077957623,6.010803552645842e-14,6.010803552645842e-14
0.3236,8572.983816582006,0.0,0.0,179.54657866198926,6.01090460980613e-14,6.01090460980613e-14
0.32365,8573.14347712888,0.0,0.0,179.54965951599283,6.011010242927635e-14,6.011010242927635e-14
0.32370000000000004,8573.302202930472,0.0,0.0,179.55281773460283,6.011113915599697e-14,6.011113915599697e-14
0.32375000000000004,8573.463505886277,0.0,0.0,179.55598904934405,6.011223320512766e-14,6.011223320512766e-14
0.32380000000000003,8573.624096404488,0.0,0.0,179.55923749079818,6.011329304575436e-14,6.011329304575436e-14
0.32385,8573.786070031854,0.0,0.0,179.56248362133988,6.011441544579175e-14,6.011441544579175e-14
0.3239,8573.947642354167,0.0,0.0,179.56580129771825,6.011549570681557e-14,6.011549570681557e-14
0.32395,8574.109362011852,0.0,0.0,179.56910635948233,6.011663668809631e-14,6.011663668809631e-14
0.324,8574.270977333996,0.0,0.0,179.57247188939104,6.011773456005563e-14,6.011773456005563e-14
0.32405,8574.431568197691,0.0,0.0,179.57581948859794,6.011888448153829e-14,6.011888448153829e-14
0.3241,8574.592243204304,0.0,0.0,179.57921156370836,6.011999659945523e-14,6.011999659945523e-14
0.32415,8574.75087597959,0.0,0.0,179.5825845730329,6.012114642199847e-14,6.012114642199847e-14
0.3242,8574.909600468462,0.0,0.0,179.58598235862422,6.012226851717193e-14,6.012226851717193e-14
0.32425000000000004,8575.06548180795,0.0,0.0,179.58936278320783,6.012341016099162e-14,6.012341016099162e-14
0.32430000000000003,8575.221240320536,0.0,0.0,179.5927462130833,6.012453685353014e-14,6.012453685353014e-14
0.32435,8575.373600426357,0.0,0.0,179.59611517699076,6.012566339682086e-14,6.012566339682086e-14
0.3244,8575.525395225151,0.0,0.0,179.59946512048677,6.012678815905458e-14,6.012678815905458e-14
0.32445,8575.673475318612,0.0,0.0,179.6028029847127,6.012789386256224e-14,6.012789386256224e-14
0.3245,8575.820347936971,0.0,0.0,179.60610128335378,6.012900915212267e-14,6.012900915212267e-14
0.32455,8575.96339025202,0.0,0.0,179.6093878864536,6.013008932077269e-14,6.013008932077269e-14
0.3246,8576.104439163752,0.0,0.0,179.61261727735413,6.013118686162799e-14,6.013118686162799e-14
0.32465,8576.24168148811,0.0,0.0,179.6158322717402,6.0132237576403e-14,6.0132237576403e-14
0.3247,8576.376074203581,0.0,0.0,179.61897623084275,6.013330874155774e-14,6.013330874155774e-14
0.32475000000000004,8576.506750214974,0.0,0.0,179.62209947459021,6.013432651631e-14,6.013432651631e-14
0.32480000000000003,8576.633728956802,0.0,0.0,179.625142023105,6.013536275467113e-14,6.013536275467113e-14
0.32485,8576.75707458575,0.0,0.0,179.6281539803548,6.013634417712939e-14,6.013634417712939e-14
0.3249,8576.875955803413,0.0,0.0,179.6310795008462,6.013733742336605e-14,6.013733742336605e-14
0.32495,8576.991220838057,0.0,0.0,179.63396160466576,6.013827884259444e-14,6.013827884259444e-14
0.325,8577.101389682843,0.0,0.0,179.63675470882686,6.013922185250442e-14,6.013922185250442e-14
0.32505,8577.207853056861,0.0,0.0,179.63948964808043,6.014011916158985e-14,6.014011916158985e-14
0.3251,8577.308754689775,0.0,0.0,179.6421351274667,6.014100573281448e-14,6.014100573281448e-14
0.32515,8577.405741283294,0.0,0.0,179.6447070325769,6.014185427879668e-14,6.014185427879668e-14
0.3252,8577.49687125432,0.0,0.0,179.64718990814876,6.014267933316869e-14,6.014267933316869e-14
0.32525000000000004,8577.583767931013,0.0,0.0,179.64958442728113,6.014347396445283e-14,6.014347396445283e-14
0.32530000000000003,8577.664663833639,0.0,0.0,179.65189009638388,6.014423349411988e-14,6.014423349411988e-14
0.32535000000000003,8577.740932592073,0.0,0.0,179.65409437074933,6.014496873102733e-14,6.014496873102733e-14
0.3254,8577.81116885867,0.0,0.0,179.6562088337805,6.014565963014255e-14,6.014565963014255e-14
0.32545,8577.876355545022,0.0,0.0,179.6582113958073,6.014632992739269e-14,6.014632992739269e-14
0.3255,8577.935542518771,0.0,0.0,179.66012153199526,6.014694974910599e-14,6.014694974910599e-14
0.32555,8577.989280326055,0.0,0.0,179.6619121605336,6.014754980296788e-14,6.014754980296788e-14
0.3256,8578.037067937834,0.0,0.0,179.66360601491056,6.014809649206531e-14,6.014809649206531e-14
0.32565,8578.079075780368,0.0,0.0,179.66517558600893,6.014862154191291e-14,6.014862154191291e-14
0.3257,8578.115161249088,0.0,0.0,179.66664262876188,6.014909319326137e-14,6.014909319326137e-14
0.32575000000000004,8578.145237965085,0.0,0.0,179.6679829982296,6.014953926930273e-14,6.014953926930273e-14
0.32580000000000003,8578.169376200532,0.0,0.0,179.66921432320453,6.014993395677608e-14,6.014993395677608e-14
0.32585000000000003,8578.187392155281,0.0,0.0,179.67031826879375,6.015029803719333e-14,6.015029803719333e-14
0.3259,8578.199407038115,0.0,0.0,179.67130670878237,6.015061374124542e-14,6.015061374124542e-14
0.32595,8578.20529508046,0.0,0.0,179.6721679469542,6.015089379932391e-14,6.015089379932391e-14
0.326,8578.205089612256,0.0,0.0,179.67290809768525,6.015112844352427e-14,6.015112844352427e-14
0.32605,8578.198837328935,0.0,0.0,179.67352137481953,6.015132338404922e-14,6.015132338404922e-14
0.3261,8578.186400837805,0.0,0.0,179.67400953476417,6.015147496981905e-14,6.015147496981905e-14
0.32615,8578.16804571624,0.0,0.0,179.67437077802842,6.01515844743589e-14,6.01515844743589e-14
0.3262,8578.143456796937,0.0,0.0,179.67460482467877,6.015165128542502e-14,6.015165128542502e-14
0.32625000000000004,8578.113085276327,0.0,0.0,179.67471132601605,6.015167560074735e-14,6.015167560074735e-14
0.32630000000000003,8578.076509879495,0.0,0.0,179.6746905589322,6.015165643664694e-14,6.015165643664694e-14
0.32635000000000003,8578.03426047232,0.0,0.0,179.674541158794,6.01515961504074e-14,6.01515961504074e-14
0.3264,8577.985945391529,0.0,0.0,179.67426614381714,6.015149054316261e-14,6.015149054316261e-14
0.32645,8577.93201521113,0.0,0.0,179.67386138042713,6.01513463920894e-14,6.01513463920894e-14
0.3265,8577.872278016186,0.0,0.0,179.6733338273905,6.015115476371961e-14,6.015115476371961e-14
0.32655,8577.80693133501,0.0,0.0,179.67267602258522,6.015092751295099e-14,6.015092751295099e-14
0.3266,8577.736148407083,0.0,0.0,179.67189872098675,6.015065124220219e-14,6.015065124220219e-14
0.32665,8577.659725373313,0.0,0.0,179.67099198408087,6.015034166043224e-14,6.015034166043224e-14
0.3267,8577.57832005134,0.0,0.0,179.6699688089019,6.014998304344331e-14,6.014998304344331e-14
0.32675000000000004,8577.491243544118,0.0,0.0,179.668818953782,6.014959198055544e-14,6.014959198055544e-14
0.32680000000000003,8577.399676347086,0.0,0.0,179.66755493907823,6.014915408918841e-14,6.014915408918841e-14
0.32685000000000003,8577.302455161545,0.0,0.0,179.66616932444757,6.014868264263111e-14,6.014868264263111e-14
0.3269,8577.201217717888,0.0,0.0,179.6646707880625,6.014816910319448e-14,6.014816910319448e-14
0.32695,8577.094444783972,0.0,0.0,179.6630581039437,6.014761884236793e-14,6.014761884236793e-14
0.327,8576.9840584096,0.0,0.0,179.6613327951819,6.014703357162012e-14,6.014703357162012e-14
0.32705,8576.868403568198,0.0,0.0,179.65950282811292,6.014640677674288e-14,6.014640677674288e-14
0.3271,8576.749422594028,0.0,0.0,179.65756006357924,6.014575372206734e-14,6.014575372206734e-14
0.32715,8576.625620299885,0.0,0.0,179.6555234767578,6.01450535891989e-14,6.01450535891989e-14
0.3272,8576.498639361535,0.0,0.0,179.65337422898224,6.01443365193016e-14,6.01443365193016e-14
0.32725000000000004,8576.367472595459,0.0,0.0,179.65114239117807,6.014356728773932e-14,6.014356728773932e-14
0.32730000000000004,8576.233136265631,0.0,0.0,179.64879930040826,6.014278967420214e-14,6.014278967420214e-14
0.32735000000000003,8576.095418585659,0.0,0.0,179.64638418898227,6.014195664271335e-14,6.014195664271335e-14
0.3274,8575.9544312387,0.0,0.0,179.643861479717,6.014112165740947e-14,6.014112165740947e-14
0.32745,8575.810989295602,0.0,0.0,179.64127566995785,6.014023107565487e-14,6.014023107565487e-14
0.3275,8575.664122821308,0.0,0.0,179.63858896865293,6.013934170921774e-14,6.013934170921774e-14
0.32755,8575.515781698103,0.0,0.0,179.635845705854,6.013840054949657e-14,6.013840054949657e-14
0.3276,8575.363878934486,0.0,0.0,179.63301177236747,6.013745983582725e-14,6.013745983582725e-14
0.32765,8575.211452240937,0.0,0.0,179.63012510735368,6.01364754727167e-14,6.01364754727167e-14
0.3277,8575.055424517377,0.0,0.0,179.62716150732956,6.013548678253659e-14,6.013548678253659e-14
0.32775000000000004,8574.89971053504,0.0,0.0,179.6241464630977,6.013446662410302e-14,6.013446662410302e-14
0.32780000000000004,8574.740528579201,0.0,0.0,179.62107121928076,6.013343397893296e-14,6.013343397893296e-14
0.32785000000000003,8574.582312719485,0.0,0.0,179.6179439483539,6.013238510303889e-14,6.013238510303889e-14
0.3279,8574.420991234265,0.0,0.0,179.6147752136974,6.013131345162253e-14,6.013131345162253e-14
0.32795,8574.26105410826,0.0,0.0,179.61155310431334,6.013024230464042e-14,6.013024230464042e-14
0.328,8574.09863127228,0.0,0.0,179.60830889784876,6.012913770868361e-14,6.012913770868361e-14
0.32805,8573.937760669083,0.0,0.0,179.60501059252843,6.012804991373765e-14,6.012804991373765e-14
0.3281,8573.775274766469,0.0,0.0,179.60170863029035,6.012691960105308e-14,6.012691960105308e-14
0.32815,8573.614279108031,0.0,0.0,179.59835393221528,6.01258199110581e-14,6.01258199110581e-14
0.3282,8573.452744947133,0.0,0.0,179.59501157123267,6.012467217264813e-14,6.012467217264813e-14
0.32825000000000004,8573.29246547131,0.0,0.0,179.59162123024868,6.012356457861107e-14,6.012356457861107e-14
0.32830000000000004,8573.132853481176,0.0,0.0,179.5882555259381,6.012240851267008e-14,6.012240851267008e-14
0.32835000000000003,8572.974172379794,0.0,0.0,179.58485091456674,6.012129649544652e-14,6.012129649544652e-14
0.3284,8572.817392948831,0.0,0.0,179.5814787733263,6.012014162205733e-14,6.012014162205733e-14
0.32845,8572.661235298568,0.0,0.0,179.57808148089165,6.011902851169852e-14,6.011902851169852e-14
0.3285,8572.508130212882,0.0,0.0,179.5747198734901,6.011788430749583e-14,6.011788430749583e-14
0.32855,8572.355458299111,0.0,0.0,179.5713512604855,6.011677369390759e-14,6.011677369390759e-14
0.3286,8572.206800200487,0.0,0.0,179.56801745039633,6.011564910710782e-14,6.011564910710782e-14
0.32865,8572.05860002748,0.0,0.0,179.56469821332996,6.011454523808622e-14,6.011454523808622e-14
0.3287,8571.915099534894,0.0,0.0,179.56140994965114,6.011344825201504e-14,6.011344825201504e-14
0.32875000000000004,8571.772360477346,0.0,0.0,179.55815974713735,6.011235634936427e-14,6.011235634936427e-14
0.32880000000000004,8571.634679579196,0.0,0.0,179.55493537502903,6.011129365799956e-14,6.011129365799956e-14
0.32885000000000003,8571.498369187339,0.0,0.0,179.55177255880517,6.011022009664132e-14,6.011022009664132e-14
0.3289,8571.367138426749,0.0,0.0,179.5486310111475,6.010919693923126e-14,6.010919693923126e-14
0.32895,8571.238175291557,0.0,0.0,179.54557249160106,6.010814924947728e-14,6.010814924947728e-14
0.329,8571.114011712254,0.0,0.0,179.54253314254166,6.010716943311264e-14,6.010716943311264e-14
0.32905,8570.993239582394,0.0,0.0,179.53959439938438,6.010615611370928e-14,6.010615611370928e-14
0.3291,8570.87676220186,0.0,0.0,179.5366767808626,6.010522222083174e-14,6.010522222083174e-14
0.32915,8570.764928606795,0.0,0.0,179.53387200849826,6.010425237915226e-14,6.010425237915226e-14
0.3292,8570.656768443894,0.0,0.0,179.53109541194652,6.010336613411276e-14,6.010336613411276e-14
0.32925000000000004,8570.554510421247,0.0,0.0,179.52843776891976,6.010244899374588e-14,6.010244899374588e-14
0.32930000000000004,8570.455312960303,0.0,0.0,179.52582077264302,6.010161173449616e-14,6.010161173449616e-14
0.32935000000000003,8570.363151608006,0.0,0.0,179.52332268865513,6.010075607603811e-14,6.010075607603811e-14
0.3294,8570.273570550919,0.0,0.0,179.52088266419915,6.00999692612937e-14,6.00999692612937e-14
0.32945,8570.191914906103,0.0,0.0,179.5185561487425,6.009918286868382e-14,6.009918286868382e-14
0.3295,8570.11259748791,0.0,0.0,179.51630880479198,6.009844854474442e-14,6.009844854474442e-14
0.32955,8570.04175686926,0.0,0.0,179.51416570041147,6.009773773549724e-14,6.009773773549724e-14
0.3296,8569.973322184433,0.0,0.0,179.51212471934616,6.009705888764939e-14,6.009705888764939e-14
0.32965,8569.913525041617,0.0,0.0,179.51017684994432,6.009642819176718e-14,6.009642819176718e-14
0.3297,8569.85653796836,0.0,0.0,179.5083536607455,6.009580892560669e-14,6.009580892560669e-14
0.32975000000000004,8569.807954216274,0.0,0.0,179.50661284041342,6.00952609589476e-14,6.00952609589476e-14
0.32980000000000004,8569.762898256207,0.0,0.0,179.50501655337962,6.009470647555788e-14,6.009470647555788e-14
0.32985000000000003,8569.725661704535,0.0,0.0,179.5034944418251,6.009424202809301e-14,6.009424202809301e-14
0.3299,8569.692914227695,0.0,0.0,179.50213194847294,6.009375839162846e-14,6.009375839162846e-14
0.32995,8569.667141611868,0.0,0.0,179.50083976204667,6.00933767167356e-14,6.00933767167356e-14
0.33,8569.646954854654,0.0,0.0,179.49971598058642,6.009297044061435e-14,6.009297044061435e-14
0.33005,8569.63275852227,0.0,0.0,179.49866409006785,6.009266970801294e-14,6.009266970801294e-14
0.3301,8569.62524879817,0.0,0.0,179.4977823164669,6.009234721335723e-14,6.009234721335723e-14
0.33015,8569.622741071766,0.0,0.0,179.49697978047985,6.009212505889723e-14,6.009212505889723e-14
0.3302,8569.62788767353,0.0,0.0,179.49634209044933,6.009189208045649e-14,6.009189208045649e-14
0.33025000000000004,8569.637176064189,0.0,0.0,179.49579618430002,6.009174617600898e-14,6.009174617600898e-14
0.33030000000000004,8569.654829922309,0.0,0.0,179.49540382458062,6.009160719488668e-14,6.009160719488668e-14
0.33035000000000003,8569.676003858825,0.0,0.0,179.4951196265325,6.009153575571511e-14,6.009153575571511e-14
0.3304,8569.70590471023,0.0,0.0,179.49497333604367,6.009149354072793e-14,6.009149354072793e-14
0.33045,8569.739015579442,0.0,0.0,179.49495342628038,6.009149569614708e-14,6.009149569614708e-14
0.3305,8569.78081527904,0.0,0.0,179.49505363840814,6.00915510153107e-14,6.00915510153107e-14
0.33055,8569.825852700633,0.0,0.0,179.4952979512267,6.009162699081679e-14,6.009162699081679e-14
0.3306,8569.879141396472,0.0,0.0,179.49564484655565,6.009177853485481e-14,6.009177853485481e-14
0.33065,8569.936009160601,0.0,0.0,179.49615069557285,6.009192961648914e-14,6.009192961648914e-14
0.3307,8570.000340841412,0.0,0.0,179.4967440968606,6.009217414465515e-14,6.009217414465515e-14
0.33075,8570.068836029686,0.0,0.0,179.4975063695663,6.009240243367571e-14,6.009240243367571e-14
0.33080000000000004,8570.143749982426,0.0,0.0,179.4983454944475,6.009273512020681e-14,6.009273512020681e-14
0.33085000000000003,8570.22354841251,0.0,0.0,179.49935698935712,6.009304311141906e-14,6.009304311141906e-14
0.3309,8570.308583900143,0.0,0.0,179.5004400977645,6.009345804615883e-14,6.009345804615883e-14
0.33095,8570.399234049813,0.0,0.0,179.50169195837145,6.009384809239822e-14,6.009384809239822e-14
0.331,8570.493936505767,0.0,0.0,179.50301594754018,6.009433886281997e-14,6.009433886281997e-14
0.33105,8570.59486301694,0.0,0.0,179.50449813483687,6.009481260298726e-14,6.009481260298726e-14
0.3311,8570.698781332512,0.0,0.0,179.50605814304689,6.009537287953415e-14,6.009537287953415e-14
0.33115,8570.809297738251,0.0,0.0,179.50775988437323,6.009593071099756e-14,6.009593071099756e-14
0.3312,8570.921973606724,0.0,0.0,179.50954896376456,6.009655475325278e-14,6.009655475325278e-14
0.33125,8571.04130275808,0.0,0.0,179.5114591208467,6.009719542603882e-14,6.009719542603882e-14
0.33130000000000004,8571.16225409767,0.0,0.0,179.51346803018663,6.009787844269259e-14,6.009787844269259e-14
0.33135000000000003,8571.289553697197,0.0,0.0,179.51557534236275,6.009859882976289e-14,6.009859882976289e-14
0.33140000000000003,8571.418255148714,0.0,0.0,179.5177924938843,6.00993371466919e-14,6.00993371466919e-14
0.33145,8571.552645146923,0.0,0.0,179.52008567202154,6.01001322242854e-14,6.01001322242854e-14
0.3315,8571.688508919327,0.0,0.0,179.52249724490366,6.010092324170305e-14,6.010092324170305e-14
0.33155,8571.829097442258,0.0,0.0,179.52496491412592,6.010178627932195e-14,6.010178627932195e-14
0.3316,8571.971457766254,0.0,0.0,179.52755512422766,6.010262823370782e-14,6.010262823370782e-14
0.33165,8572.117362463283,0.0,0.0,179.5301856361626,6.010355116633928e-14,6.010355116633928e-14
0.3317,8572.265466312298,0.0,0.0,179.53293713034046,6.0104442736012e-14,6.0104442736012e-14
0.33175,8572.415828900626,0.0,0.0,179.53571828471033,6.010541666607281e-14,6.010541666607281e-14
0.33180000000000004,8572.568834665375,0.0,0.0,179.53861261184622,6.010635648602447e-14,6.010635648602447e-14
0.33185000000000003,8572.722827417925,0.0,0.0,179.54153134004125,6.010737224329141e-14,6.010737224329141e-14
0.33190000000000003,8572.879812122515,0.0,0.0,179.54454944177303,6.010835840283013e-14,6.010835840283013e-14
0.33195,8573.036636338396,0.0,0.0,179.5475915099666,6.010940708817061e-14,6.010940708817061e-14
0.332,8573.196610655896,0.0,0.0,179.55071417345636,6.011043668734609e-14,6.011043668734609e-14
0.33205,8573.35548831962,0.0,0.0,179.55386395899305,6.011151012581766e-14,6.011151012581766e-14
0.3321,8573.517417666068,0.0,0.0,179.55707218176317,6.011257895639994e-14,6.011257895639994e-14
0.33215,8573.677578433799,0.0,0.0,179.56031256504565,6.011367000488409e-14,6.011367000488409e-14
0.3322,8573.840407528949,0.0,0.0,179.5635877965736,6.011477239927462e-14,6.011477239927462e-14
0.33225,8574.001073868436,0.0,0.0,179.5669001931176,6.011587507353944e-14,6.011587507353944e-14
0.33230000000000004,8574.163751806338,0.0,0.0,179.57022443738313,6.011700394319533e-14,6.011700394319533e-14
0.33235000000000003,8574.324125190422,0.0,0.0,179.57358897402648,6.01181133580191e-14,6.01181133580191e-14
0.33240000000000003,8574.48562811048,0.0,0.0,179.57694475826156,6.011926041067446e-14,6.011926041067446e-14
0.33245,8574.644878981719,0.0,0.0,179.58034057682346,6.012037255514809e-14,6.012037255514809e-14
0.3325,8574.804227871176,0.0,0.0,179.58371081140547,6.01215286584899e-14,6.01215286584899e-14
0.33255,8574.96149134552,0.0,0.0,179.5871164653763,6.012264004958921e-14,6.012264004958921e-14
0.3326,8575.117763403548,0.0,0.0,179.59048423498058,6.012379568669627e-14,6.012379568669627e-14
0.33265,8575.27214176463,0.0,0.0,179.59387813283263,6.012490296411212e-14,6.012490296411212e-14
0.3327,8575.424474704201,0.0,0.0,179.59722646756805,6.01260487155448e-14,6.01260487155448e-14
0.33275,8575.575046667373,0.0,0.0,179.60058731139014,6.012714824304887e-14,6.012714824304887e-14
0.33280000000000004,8575.722636491237,0.0,0.0,179.60389898757128,6.01282752304064e-14,6.01282752304064e-14
0.33285000000000003,8575.868472143165,0.0,0.0,179.60720615870633,6.01293627681631e-14,6.01293627681631e-14
0.33290000000000003,8576.010565826715,0.0,0.0,179.6104635721551,6.013046299994794e-14,6.013046299994794e-14
0.33295,8576.150745385412,0.0,0.0,179.61369742549294,6.01315334965831e-14,6.01315334965831e-14
0.333,8576.286630610442,0.0,0.0,179.61688256729306,6.013260007759456e-14,6.013260007759456e-14
0.33305,8576.420264571714,0.0,0.0,179.62002461119454,6.013364761051375e-14,6.013364761051375e-14
0.3331,8576.549258986157,0.0,0.0,179.62311915862932,6.013467479508472e-14,6.013467479508472e-14
0.33315,8576.675507173559,0.0,0.0,179.62615211563937,6.01356926647293e-14,6.01356926647293e-14
0.3332,8576.796949526797,0.0,0.0,179.62913763263285,6.013667576118877e-14,6.013667576118877e-14
0.33325,8576.915036799966,0.0,0.0,179.63204539417268,6.013765671877484e-14,6.013765671877484e-14
0.33330000000000004,8577.02828189803,0.0,0.0,179.63490361867767,6.013859187366491e-14,6.013859187366491e-14
0.33335000000000004,8577.137508905116,0.0,0.0,179.63767112215763,6.013952844520517e-14,6.013952844520517e-14
0.33340000000000003,8577.241927518768,0.0,0.0,179.64038430521708,6.014041235283494e-14,6.014041235283494e-14
0.33345,8577.34167573804,0.0,0.0,179.64299737199565,6.01412972067146e-14,6.01412972067146e-14
0.3335,8577.436659735093,0.0,0.0,179.64554862651346,6.014212680001954e-14,6.014212680001954e-14
0.33355,8577.526390946947,0.0,0.0,179.64799380259873,6.014295310314941e-14,6.014295310314941e-14
0.3336,8577.61136297733,0.0,0.0,179.6503674199259,6.014372527956167e-14,6.014372527956167e-14
0.33365,8577.690614215977,0.0,0.0,179.6526318578441,6.014448699092493e-14,6.014448699092493e-14
0.3337,8577.765040515196,0.0,0.0,179.65481355701257,6.014519842023426e-14,6.014519842023426e-14
0.33375,8577.833416164107,0.0,0.0,179.65688496767962,6.014589048291825e-14,6.014589048291825e-14
0.33380000000000004,8577.896820551532,0.0,0.0,179.65886205406122,6.014653752584978e-14,6.014653752584978e-14
0.33385000000000004,8577.953983627727,0.0,0.0,179.6607287435963,6.01471559379711e-14,6.01471559379711e-14
0.33390000000000003,8578.005960588966,0.0,0.0,179.66249016896248,6.014773468519656e-14,6.014773468519656e-14
0.33395,8578.05162523359,0.0,0.0,179.66414115950764,6.014827644923765e-14,6.014827644923765e-14
0.334,8578.09185020257,0.0,0.0,179.66567749128717,6.014878286903859e-14,6.014878286903859e-14
0.33405,8578.125777038675,0.0,0.0,179.6671027098304,6.014924584077789e-14,6.014924584077789e-14
0.3341,8578.154012481169,0.0,0.0,179.6684060312217,6.014967600515949e-14,6.014967600515949e-14
0.33415,8578.176007869806,0.0,0.0,179.66959653852803,6.015005867788259e-14,6.015005867788259e-14
0.3342,8578.192104523489,0.0,0.0,179.6706603108143,6.015040902547924e-14,6.015040902547924e-14
0.33425,8578.202023931808,0.0,0.0,179.67160853580782,6.015071029523887e-14,6.015071029523887e-14
0.33430000000000004,8578.205917379257,0.0,0.0,179.67242745817467,6.015097788353341e-14,6.015097788353341e-14
0.33435000000000004,8578.20367226202,0.0,0.0,179.67312740243645,6.015119684211172e-14,6.015119684211172e-14
0.33440000000000003,8578.195375797575,0.0,0.0,179.6736973023398,6.015137954595589e-14,6.015137954595589e-14
0.33445,8578.180942677307,0.0,0.0,179.67414468475855,6.015151534090076e-14,6.015151534090076e-14
0.3345,8578.160538032484,0.0,0.0,179.6744624638824,6.015161196431376e-14,6.015161196431376e-14
0.33455,8578.13396800572,0.0,0.0,179.67465478590742,6.015166375196357e-14,6.015166375196357e-14
0.3346,8578.10159581654,0.0,0.0,179.67471843451088,6.01516740367191e-14,6.01516740367191e-14
0.33465,8578.063022566846,0.0,0.0,179.67465496002336,6.015164103536621e-14,6.015164103536621e-14
0.3347,8578.01887444625,0.0,0.0,179.6744636381592,6.015156556843498e-14,6.015156556843498e-14
0.33475,8577.968519050752,0.0,0.0,179.67414529638302,6.015144719984336e-14,6.015144719984336e-14
0.33480000000000004,8577.912832779606,0.0,0.0,179.67369946660065,6.015128723988816e-14,6.015128723988816e-14
0.33485000000000004,8577.851004097623,0.0,0.0,179.6731286992195,6.015108333022194e-14,6.015108333022194e-14
0.33490000000000003,8577.784062815184,0.0,0.0,179.6724302843584,6.015084058780572e-14,6.015084058780572e-14
0.33495,8577.711152994287,0.0,0.0,179.67161086692764,6.015055158758189e-14,6.015055158758189e-14
0.335,8577.633288469005,0.0,0.0,179.6706634003791,6.015022800226091e-14,6.015022800226091e-14
0.33505,8577.54976391643,0.0,0.0,179.66960027166476,6.014985518053916e-14,6.014985518053916e-14
0.3351,8577.461363160524,0.0,0.0,179.66840900710574,6.014945273853371e-14,6.014945273853371e-14
0.33515,8577.36775212987,0.0,0.0,179.66710813752985,6.014899831073627e-14,6.014899831073627e-14
0.3352,8577.269265885885,0.0,0.0,179.66568009070858,6.014851893996292e-14,6.014851893996292e-14
0.33525,8577.166144425697,0.0,0.0,179.66414841298106,6.014798609929653e-14,6.014798609929653e-14
0.33530000000000004,8577.058095610108,0.0,0.0,179.66249231872456,6.014743166461939e-14,6.014743166461939e-14
0.33535000000000004,8576.94607393566,0.0,0.0,179.66073773138075,6.014682450443904e-14,6.014682450443904e-14
0.33540000000000003,8576.829063950201,0.0,0.0,179.65886391280864,6.014619690724496e-14,6.014619690724496e-14
0.33545,8576.708775289688,0.0,0.0,179.65689535279944,6.014552024012754e-14,6.014552024012754e-14
0.3355,8576.583486355998,0.0,0.0,179.65481551446683,6.014482160738404e-14,6.014482160738404e-14
0.33555,8576.455579904521,0.0,0.0,179.65264308070812,6.014408070580505e-14,6.014408070580505e-14
0.3356,8576.322772119585,0.0,0.0,179.6503700504901,6.014331363495496e-14,6.014331363495496e-14
0.33565,8576.187911096373,0.0,0.0,179.64800514884726,6.014251393328991e-14,6.014251393328991e-14
0.3357,8576.048413699566,0.0,0.0,179.64555260262546,6.014168174839872e-14,6.014168174839872e-14
0.33575,8575.9072785852,0.0,0.0,179.64300807622448,6.014082855387388e-14,6.014082855387388e-14
0.33580000000000004,8575.761975881773,0.0,0.0,179.64039028309477,6.013993552253664e-14,6.013993552253664e-14
0.33585000000000004,8575.615272016734,0.0,0.0,179.63768049144255,6.013903378470324e-14,6.013903378470324e-14
0.33590000000000003,8575.465085247386,0.0,0.0,179.63491211452,6.013808524985887e-14,6.013808524985887e-14
0.33595,8575.31355313682,0.0,0.0,179.6320529308312,6.013713942872807e-14,6.013713942872807e-14
0.336,8575.159420355643,0.0,0.0,179.62914891001267,6.013614182171962e-14,6.013614182171962e-14
0.33605,8575.00384642645,0.0,0.0,179.62615761767958,6.013515588161164e-14,6.013515588161164e-14
0.3361,8574.846702810659,0.0,0.0,179.6231331471768,6.013411660016306e-14,6.013411660016306e-14
0.33615,8574.687928177224,0.0,0.0,179.62002823159716,6.013309413466346e-14,6.013309413466346e-14
0.3362,8574.52868926274,0.0,0.0,179.61689882885867,6.013202129301675e-14,6.013202129301675e-14
0.33625,8574.367614162365,0.0,0.0,179.61369967750153,6.013096576505596e-14,6.013096576505596e-14
0.33630000000000004,8574.20716413114,0.0,0.0,179.6104813237819,6.0129867842693e-14,6.0129867842693e-14
0.33635000000000004,8574.044746313526,0.0,0.0,179.60720786269505,6.012878290361057e-14,6.012878290361057e-14
0.33640000000000003,8573.883932717512,0.0,0.0,179.6039171818622,6.012766833916497e-14,6.012766833916497e-14
0.33645,8573.721178877657,0.0,0.0,179.60058948820136,6.012655817373484e-14,6.012655817373484e-14
0.3365,8573.560814275004,0.0,0.0,179.59724392162414,6.012543496017165e-14,6.012543496017165e-14
0.33655,8573.398764698904,0.0,0.0,179.59388185735935,6.012430459951165e-14,6.012430459951165e-14
0.3366,8573.239634530288,0.0,0.0,179.5904997905866,6.012317993989493e-14,6.012317993989493e-14
0.33665,8573.079342188177,0.0,0.0,179.5871227010562,6.012203548332068e-14,6.012203548332068e-14
0.3367,8572.922217286585,0.0,0.0,179.58372350306283,6.012091556049034e-14,6.012091556049034e-14
0.33675,8572.764723487437,0.0,0.0,179.5803500156773,6.011976426149227e-14,6.011976426149227e-14
0.33680000000000004,8572.610374761434,0.0,0.0,179.57695396306605,6.011865415770577e-14,6.011865415770577e-14
0.33685000000000004,8572.456684172239,0.0,0.0,179.5736019071629,6.011750434681812e-14,6.011750434681812e-14
0.33690000000000003,8572.305896596561,0.0,0.0,179.57022998237377,6.011640813060917e-14,6.011640813060917e-14
0.33695,8572.156954563323,0.0,0.0,179.56691643313027,6.011526897274672e-14,6.011526897274672e-14
0.337,8572.010537616448,0.0,0.0,179.56359000473844,6.011418994187577e-14,6.011418994187577e-14
0.33705,8571.867212581383,0.0,0.0,179.5603314348974,6.011307105243476e-14,6.011307105243476e-14
0.3371,8571.726004663813,0.0,0.0,179.55707184673,6.011201209996343e-14,6.011201209996343e-14
0.33715,8571.589077761493,0.0,0.0,179.55388435254864,6.011092306426224e-14,6.011092306426224e-14
0.3372,8571.453943044515,0.0,0.0,179.55071246354404,6.010988711270733e-14,6.010988711270733e-14
0.33725,8571.324105999704,0.0,0.0,179.54761201879202,6.010883697317403e-14,6.010883697317403e-14
0.3373,8571.195923167375,0.0,0.0,179.5445477448628,6.01078274091229e-14,6.01078274091229e-14
0.33735000000000004,8571.073784458293,0.0,0.0,179.54155043076557,6.010682418842744e-14,6.010682418842744e-14
0.33740000000000003,8570.95342810834,0.0,0.0,179.5386123418539,6.010584522886366e-14,6.010584522886366e-14
0.33745,8570.839526097687,0.0,0.0,179.53573450292842,6.010489555710692e-14,6.010489555710692e-14
0.3375,8570.727842648987,0.0,0.0,179.53293952232957,6.010395248367432e-14,6.010395248367432e-14
0.33755,8570.622663437081,0.0,0.0,179.5301978078512,6.010306138314801e-14,6.010306138314801e-14
0.3376,8570.520444298527,0.0,0.0,179.52756104767477,6.010216060219349e-14,6.010216060219349e-14
0.33765,8570.424441234018,0.0,0.0,179.524972314789,6.010133146148504e-14,6.010133146148504e-14
0.3377,8570.332396522903,0.0,0.0,179.5225070627132,6.010048036904842e-14,6.010048036904842e-14
0.33775,8570.246008110627,0.0,0.0,179.52008813768552,6.009971511350937e-14,6.009971511350937e-14
0.3378,8570.164744166435,0.0,0.0,179.5178059888556,6.009892177586846e-14,6.009892177586846e-14
0.33785000000000004,8570.088407263791,0.0,0.0,179.51557330443467,6.00982212096405e-14,6.00982212096405e-14
0.33790000000000003,8570.018410851153,0.0,0.0,179.5134844114674,6.009749389662002e-14,6.009749389662002e-14
0.33795000000000003,8569.952566719869,0.0,0.0,179.51145355781443,6.009685816979864e-14,6.009685816979864e-14
0.338,8569.894197838172,0.0,0.0,179.5095669545774,6.009620480007049e-14,6.009620480007049e-14
0.33805,8569.839289702812,0.0,0.0,179.5077521954546,6.00956339316397e-14,6.00956339316397e-14
0.3381,8569.792783831563,0.0,0.0,179.50607613934426,6.009506150598691e-14,6.009506150598691e-14
0.33815,8569.749245775329,0.0,0.0,179.50448995225005,6.009455588623583e-14,6.009455588623583e-14
0.3382,8569.714725039536,0.0,0.0,179.50303222666392,6.009406998437321e-14,6.009406998437321e-14
0.33825,8569.682963468724,0.0,0.0,179.50168492407752,6.009363078140167e-14,6.009363078140167e-14
0.3383,8569.660454963738,0.0,0.0,179.50045304849922,6.009323519433084e-14,6.009323519433084e-14
0.33835000000000004,8569.640824907645,0.0,0.0,179.49935252747207,6.009286460103549e-14,6.009286460103549e-14
0.33840000000000003,8569.63028348064,0.0,0.0,179.4983538360827,6.009256114908073e-14,6.009256114908073e-14
0.33845000000000003,8569.623062879593,0.0,0.0,179.49750548658136,6.009226243247181e-14,6.009226243247181e-14
0.3385,8569.62439497032,0.0,0.0,179.49674705585844,6.009205099569071e-14,6.009205099569071e-14
0.33855,8569.629760429125,0.0,0.0,179.49615383671326,6.009182833501528e-14,6.009182833501528e-14
0.3386,8569.642845558987,0.0,0.0,179.49564226512672,6.009170709252312e-14,6.009170709252312e-14
0.33865,8569.660852881165,0.0,0.0,179.49530493356505,6.009156522764629e-14,6.009156522764629e-14
0.3387,8569.685559664273,0.0,0.0,179.49504599885697,6.009153107126e-14,6.009153107126e-14
0.33875,8569.716131917337,0.0,0.0,179.4949634584877,6.009147480725813e-14,6.009147480725813e-14
0.3388,8569.752326368653,0.0,0.0,179.4949616969443,6.009152387325787e-14,6.009152387325787e-14
0.33885000000000004,8569.795251115404,0.0,0.0,179.4951314130062,6.009155751028187e-14,6.009155751028187e-14
0.33890000000000003,8569.842796168072,0.0,0.0,179.49538967754805,6.0091685752128e-14,6.0091685752128e-14
0.33895000000000003,8569.897732344083,0.0,0.0,179.49580809954205,6.009181252081973e-14,6.009181252081973e-14
0.339,8569.956478776276,0.0,0.0,179.49632715778978,6.009201624389568e-14,6.009201624389568e-14
0.33905,8570.02297228313,0.0,0.0,179.49699008953647,6.009223782412925e-14,6.009223782412925e-14
0.3391,8570.092742602046,0.0,0.0,179.49776831837235,6.009251410611069e-14,6.009251410611069e-14
0.33915,8570.170248560693,0.0,0.0,179.4986711842698,6.009283029851386e-14,6.009283029851386e-14
0.3392,8570.250816342388,0.0,0.0,179.49970440466046,6.009317723718347e-14,6.009317723718347e-14
0.33925,8570.338725062036,0.0,0.0,179.500842376938,6.009358583110049e-14,6.009358583110049e-14
0.3393,8570.429793016077,0.0,0.0,179.50212385375656,6.009400258720497e-14,6.009400258720497e-14
0.33935000000000004,8570.52745625166,0.0,0.0,179.50349182672363,6.009449944482565e-14,6.009449944482565e-14
0.33940000000000003,8570.628636388195,0.0,0.0,179.505012435725,6.009498607520488e-14,6.009498607520488e-14
0.33945000000000003,8570.73539058318,0.0,0.0,179.50660485602765,6.00955654184672e-14,6.00955654184672e-14
0.3395,8570.846189601009,0.0,0.0,179.50835339748778,6.009612252874706e-14,6.009612252874706e-14
0.33955,8570.961373245342,0.0,0.0,179.51016398093958,6.009677738838679e-14,6.009677738838679e-14
0.3396,8571.081185505795,0.0,0.0,179.51212759980672,6.009740565642118e-14,6.009740565642118e-14
0.33965,8571.20414876399,0.0,0.0,179.51414898226867,6.009812842125554e-14,6.009812842125554e-14
0.3397,8571.332258088143,0.0,0.0,179.51631364108903,6.009882806415741e-14,6.009882806415741e-14
0.33975,8571.462363965993,0.0,0.0,179.51853702057807,6.009961105299509e-14,6.009961105299509e-14
0.3398,8571.597954321902,0.0,0.0,179.5208879656655,6.010038131550018e-14,6.010038131550018e-14
0.33985000000000004,8571.734571941002,0.0,0.0,179.52330279422983,6.01012172958385e-14,6.01012172958385e-14
0.33990000000000004,8571.876745764815,0.0,0.0,179.52582495842196,6.010205603404832e-14,6.010205603404832e-14
0.33995000000000003,8572.019237478535,0.0,0.0,179.52841873499685,6.010293861702126e-14,6.010293861702126e-14
0.34,8572.167039429465,0.0,0.0,179.5310970313645,6.010384203790173e-14,6.010384203790173e-14
0.34005,8572.314744339188,0.0,0.0,179.5338552322647,6.010476590134741e-14,6.010476590134741e-14
0.3401,8572.46718754155,0.0,0.0,179.53667471046535,6.010572849231678e-14,6.010572849231678e-14
0.34015,8572.61940452033,0.0,0.0,179.53958087446188,6.010668940796523e-14,6.010668940796523e-14
0.3402,8572.775496123624,0.0,0.0,179.5425267326021,6.010770406669079e-14,6.010770406669079e-14
0.34025,8572.931469372488,0.0,0.0,179.54556269573706,6.01086987366311e-14,6.01086987366311e-14
0.3403,8573.09023249789,0.0,0.0,179.5486201622013,6.010975707910949e-14,6.010975707910949e-14
0.34035000000000004,8573.24914228646,0.0,0.0,179.55176641688192,6.011078281585669e-14,6.011078281585669e-14
0.34040000000000004,8573.40963201846,0.0,0.0,179.5549205355917,6.011187561891902e-14,6.011187561891902e-14
0.34045000000000003,8573.570592386528,0.0,0.0,179.55815667194327,6.011292992255258e-14,6.011292992255258e-14
0.3405,8573.73190450315,0.0,0.0,179.56139203801075,6.011404763784133e-14,6.011404763784133e-14
0.34055,8573.89396864604,0.0,0.0,179.56469721549885,6.011512774038784e-14,6.011512774038784e-14
0.3406,8574.05524082964,0.0,0.0,179.56799771438983,6.011626100846567e-14,6.011626100846567e-14
0.34065,8574.21741377137,0.0,0.0,179.57135110944654,6.011736345510161e-14,6.011736345510161e-14
0.3407,8574.377820225262,0.0,0.0,179.57469971088358,6.011850355243948e-14,6.011850355243948e-14
0.34075,8574.539077287167,0.0,0.0,179.57808089203212,6.011962388344699e-14,6.011962388344699e-14
0.3408,8574.6978185873,0.0,0.0,179.58145954030928,6.012076304453513e-14,6.012076304453513e-14
0.34085000000000004,8574.857127435933,0.0,0.0,179.58484873490036,6.012189562386968e-14,6.012189562386968e-14
0.34090000000000004,8575.013418077735,0.0,0.0,179.58823836188435,6.01230272040699e-14,6.01230272040699e-14
0.34095000000000003,8575.169761639314,0.0,0.0,179.59161659600065,6.012416521657505e-14,6.012416521657505e-14
0.341,8575.322817991411,0.0,0.0,179.5949972641529,6.012528368349112e-14,6.012528368349112e-14
0.34105,8575.475215559622,0.0,0.0,179.59834637681408,6.012641929883996e-14,6.012641929883996e-14
0.3411,8575.62424668785,0.0,0.0,179.60169754020336,6.01275200676545e-14,6.01275200676545e-14
0.34115,8575.77177091706,0.0,0.0,179.60500009155385,6.012864474220933e-14,6.012864474220933e-14
0.3412,8575.915974225698,0.0,0.0,179.60830094588331,6.012972389254393e-14,6.012972389254393e-14
0.34125,8576.057762423332,0.0,0.0,179.61154005394414,6.013082876385431e-14,6.013082876385431e-14
0.3413,8576.196325153598,0.0,0.0,179.61476993458243,6.013188269109345e-14,6.013188269109345e-14
0.34135000000000004,8576.331584246494,0.0,0.0,179.61792908405727,6.013295900594266e-14,6.013295900594266e-14
0.34140000000000004,8576.463690929355,0.0,0.0,179.62106786567384,6.013398406893451e-14,6.013398406893451e-14
0.34145000000000003,8576.59169642556,0.0,0.0,179.62413073416658,6.013502358490006e-14,6.013502358490006e-14
0.3415,8576.71654141267,0.0,0.0,179.62715918730527,6.013601580708676e-14,6.013601580708676e-14
0.34155,8576.836631621103,0.0,0.0,179.6301095290167,6.013701111422285e-14,6.013701111422285e-14
0.3416,8576.953435032154,0.0,0.0,179.63300959744032,6.01379659860178e-14,6.01379659860178e-14
0.34165,8577.065002412766,0.0,0.0,179.63583121303483,6.013891070922394e-14,6.013891070922394e-14
0.3417,8577.173027377175,0.0,0.0,179.63858618926793,6.013982311928907e-14,6.013982311928907e-14
0.34175,8577.275509241947,0.0,0.0,179.64126299521257,6.014071198371123e-14,6.014071198371123e-14
0.3418,8577.374078150318,0.0,0.0,179.64385758820427,6.014157628577302e-14,6.014157628577302e-14
0.34185000000000004,8577.466948869302,0.0,0.0,179.6463737819459,6.014240504793794e-14,6.014240504793794e-14
0.34190000000000004,8577.555456630016,0.0,0.0,179.64879408744997,6.014321524782909e-14,6.014321524782909e-14
0.34195000000000003,8577.638223078651,0.0,0.0,179.65113438917703,6.014398051786542e-14,6.014398051786542e-14
0.342,8577.716145902239,0.0,0.0,179.65336778762517,6.014473054625219e-14,6.014473054625219e-14
0.34205,8577.788347222424,0.0,0.0,179.6555177273914,6.014542954130649e-14,6.014542954130649e-14
0.3421,8577.855246249988,0.0,0.0,179.65755274360106,6.014611356677753e-14,6.014611356677753e-14
0.34215,8577.916458132753,0.0,0.0,179.65949895612843,6.014674384514484e-14,6.014674384514484e-14
0.3422,8577.971978078283,0.0,0.0,179.66132511864032,6.0147356576657e-14,6.0147356576657e-14
0.34225,8578.021820956359,0.0,0.0,179.66305560799344,6.014791580253346e-14,6.014791580253346e-14
0.3423,8578.065684723802,0.0,0.0,179.66466334290683,6.014845273564613e-14,6.014845273564613e-14
0.34235000000000004,8578.103834531394,0.0,0.0,179.6661676852362,6.014893851563732e-14,6.014893851563732e-14
0.34240000000000004,8578.13583538764,0.0,0.0,179.6675482707014,6.014939608756686e-14,6.014939608756686e-14
0.34245000000000003,8578.162035094514,0.0,0.0,179.66881773427184,6.014980590624658e-14,6.014980590624658e-14
0.3425,8578.1820282792,0.0,0.0,179.6699633289822,6.015018154187147e-14,6.015018154187147e-14
0.34255,8578.196098265968,0.0,0.0,179.6709909047213,6.015051280378981e-14,6.015051280378981e-14
0.3426,8578.2039939099,0.0,0.0,179.6718946490748,6.015080485407144e-14,6.015080485407144e-14
0.34265,8578.205839449578,0.0,0.0,179.67267499955503,6.015105502088506e-14,6.015105502088506e-14
0.3427,8578.201598311494,0.0,0.0,179.67333117414168,6.015126261312761e-14,6.015126261312761e-14
0.34275,8578.19121292908,0.0,0.0,179.67386052173921,6.015142940716537e-14,6.015142940716537e-14
0.3428,8578.174845847218,0.0,0.0,179.67426473685268,6.015155224172832e-14,6.015155224172832e-14
0.34285000000000004,8578.152310035888,0.0,0.0,179.67454072070248,6.015163387612531e-14,6.015163387612531e-14
0.34290000000000004,8578.123881215264,0.0,0.0,179.67469010444006,6.015167201201322e-14,6.015167201201322e-14
0.34295000000000003,8578.089356788103,0.0,0.0,179.67471163927974,6.015166740354688e-14,6.015166740354688e-14
0.343,8578.048990254536,0.0,0.0,179.6746049914809,6.015162107636342e-14,6.015162107636342e-14
0.34305,8578.002711357281,0.0,0.0,179.67437215901168,6.015153000071547e-14,6.015153000071547e-14
0.3431,8577.950599232396,0.0,0.0,179.6740100437395,6.015139950918175e-14,6.015139950918175e-14
0.34315,8577.892861611916,0.0,0.0,179.67352403922692,6.015122266924124e-14,6.015122266924124e-14
0.3432,8577.829272437075,0.0,0.0,179.67290879873678,6.015100835298503e-14,6.015100835298503e-14
0.34325,8577.760422844569,0.0,0.0,179.67217194362368,6.015074734659157e-14,6.015074734659157e-14
0.3433,8577.685708056142,0.0,0.0,179.67130762999057,6.015044966006013e-14,6.015044966006013e-14
0.34335000000000004,8577.606135631813,0.0,0.0,179.67032344740892,6.015010685176325e-14,6.015010685176325e-14
0.34340000000000004,8577.520732517909,0.0,0.0,179.66921568192387,6.014972652061152e-14,6.014972652061152e-14
0.34345000000000003,8577.430863616602,0.0,0.0,179.66798901860315,6.014930483947238e-14,6.014930483947238e-14
0.3435,8577.335293613176,0.0,0.0,179.66664480128762,6.014884306909633e-14,6.014884306909633e-14
0.34355,8577.235590906274,0.0,0.0,179.66518196883155,6.014834576848738e-14,6.014834576848738e-14
0.3436,8577.13045282666,0.0,0.0,179.66360946884868,6.014780446371588e-14,6.014780446371588e-14
0.34365,8577.021418691213,0.0,0.0,179.66191837154753,6.014723488638713e-14,6.014723488638713e-14
0.3437,8576.90737734311,0.0,0.0,179.6601267323932,6.014661683728298e-14,6.014661683728298e-14
0.34375,8576.789560721845,0.0,0.0,179.6582169487621,6.014597822977835e-14,6.014597822977835e-14
0.3438,8576.667332133115,0.0,0.0,179.6562161392856,6.014528722285363e-14,6.014528722285363e-14
0.34385,8576.541337329567,0.0,0.0,179.65409893041465,6.014458263500607e-14,6.014458263500607e-14
0.34390000000000004,8576.411672444281,0.0,0.0,179.65189966432865,6.014382346107724e-14,6.014382346107724e-14
0.34395000000000003,8576.278167821942,0.0,0.0,179.6495878930338,6.014305575284611e-14,6.014305575284611e-14
0.34400000000000003,8576.141836826046,0.0,0.0,179.64720162691677,6.014223409908489e-14,6.014223409908489e-14
0.34405,8576.001561263469,0.0,0.0,179.64470958578136,6.01414060577878e-14,6.01414060577878e-14
0.3441,8575.859340678568,0.0,0.0,179.6421485907792,6.014052829224833e-14,6.014052829224833e-14
0.34415,8575.713105816678,0.0,0.0,179.6394917521661,6.01396428432715e-14,6.01396428432715e-14
0.3442,8575.565770115809,0.0,0.0,179.63676924008092,6.013871571794781e-14,6.013871571794781e-14
0.34425,8575.414457034529,0.0,0.0,179.63396395456914,6.013777619459238e-14,6.013777619459238e-14
0.3443,8575.2627758112,0.0,0.0,179.63109422734945,6.013680650931987e-14,6.013680650931987e-14
0.34435,8575.1073255683,0.0,0.0,179.62815740646607,6.01358169336688e-14,6.01358169336688e-14
0.34440000000000004,8574.95206642954,0.0,0.0,179.62515599131729,6.013481121129839e-14,6.013481121129839e-14
0.34445000000000003,8574.793464858858,0.0,0.0,179.6221048142809,6.013377653448235e-14,6.013377653448235e-14
0.34450000000000003,8574.635401204134,0.0,0.0,179.61898854603007,6.013274075842944e-14,6.013274075842944e-14
0.34455,8574.474659316547,0.0,0.0,179.6158402275829,6.013166701083476e-14,6.013166701083476e-14
0.3446,8574.314581339093,0.0,0.0,179.6126272458902,6.013060646920447e-14,6.013060646920447e-14
0.34465,8574.152713396748,0.0,0.0,179.60939889347955,6.012950078464032e-14,6.012950078464032e-14
0.3447,8573.991439985062,0.0,0.0,179.6061085341503,6.012842004838479e-14,6.012842004838479e-14
0.34475,8573.829441829379,0.0,0.0,179.60281710889234,6.012729054435152e-14,6.012729054435152e-14
0.3448,8573.66783077298,0.0,0.0,179.59946968427778,6.012619358822762e-14,6.012619358822762e-14
0.34485,8573.506661008967,0.0,0.0,179.59613206339557,6.012504910664543e-14,6.012504910664543e-14
0.34490000000000004,8573.345615059894,0.0,0.0,179.5927485441189,6.01239395569902e-14,6.01239395569902e-14
0.34495000000000003,8573.186181415462,0.0,0.0,179.58938166554998,6.012278929348376e-14,6.012278929348376e-14
0.34500000000000003,8573.026648242103,0.0,0.0,179.58598329192293,6.012167076675485e-14,6.012167076675485e-14
0.34505,8572.869800692144,0.0,0.0,179.58260434719023,6.012052383373626e-14,6.012052383373626e-14
0.3451,8572.712765679196,0.0,0.0,179.5792122109972,6.01194003126215e-14,6.01194003126215e-14
0.34515,8572.559296952899,0.0,0.0,179.57583884280487,6.011826529612987e-14,6.011826529612987e-14
0.3452,8572.40576880302,0.0,0.0,179.57247348655767,6.011714148076767e-14,6.011714148076767e-14
0.34525,8572.256421819993,0.0,0.0,179.56912394449301,6.011602605263702e-14,6.011602605263702e-14
0.3453,8572.107412068348,0.0,0.0,179.56580502465468,6.011490762683179e-14,6.011490762683179e-14
0.34535,8571.962892732721,0.0,0.0,179.56249823668168,6.011381826939339e-14,6.011381826939339e-14
0.34540000000000004,8571.819391239056,0.0,0.0,179.55924428948424,6.011271202999051e-14,6.011271202999051e-14
0.34545000000000003,8571.680384227131,0.0,0.0,179.55599981809766,6.011165391539372e-14,6.011165391539372e-14
0.34550000000000003,8571.543333400723,0.0,0.0,179.55282815258605,6.011056773449804e-14,6.011056773449804e-14
0.34555,8571.410517994944,0.0,0.0,179.54966602100376,6.01095447782275e-14,6.01095447782275e-14
0.3456,8571.280788846057,0.0,0.0,179.54659274565958,6.010848739028994e-14,6.010848739028994e-14
0.34565,8571.154851830639,0.0,0.0,179.54353313891374,6.010750247482001e-14,6.010750247482001e-14
0.3457,8571.033224731062,0.0,0.0,179.54057330846135,6.01064831084263e-14,6.01064831084263e-14
0.34575,8570.914867714582,0.0,0.0,179.53763617361898,6.010553844466497e-14,6.010553844466497e-14
0.3458,8570.802020234374,0.0,0.0,179.5348040243315,6.010456634293743e-14,6.010456634293743e-14
0.34585,8570.691959531592,0.0,0.0,179.53200861050914,6.010366391801385e-14,6.010366391801385e-14
0.34590000000000004,8570.588462706139,0.0,0.0,179.5293178383425,6.010274780859111e-14,6.010274780859111e-14
0.34595000000000004,8570.48742103875,0.0,0.0,179.52668222792488,6.010188985173187e-14,6.010188985173187e-14
0.34600000000000003,8570.393744295303,0.0,0.0,179.52414625646747,6.010103743893376e-14,6.010103743893376e-14
0.34605,8570.302434726676,0.0,0.0,179.52168694234717,6.010022683359399e-14,6.010022683359399e-14
0.3461,8570.218958461643,0.0,0.0,179.5193191280165,6.009944438144456e-14,6.009944438144456e-14
0.34615,8570.138062239612,0.0,0.0,179.51705068702964,6.009868495804529e-14,6.009868495804529e-14
0.3462,8570.065095919048,0.0,0.0,179.51486441746988,6.009797702425175e-14,6.009797702425175e-14
0.34625,8569.995236798988,0.0,0.0,179.51279931799874,6.009727368254574e-14,6.009727368254574e-14
0.3463,8569.933039705693,0.0,0.0,179.51080797495146,6.009664304104217e-14,6.009664304104217e-14
0.34635,8569.87475796447,0.0,0.0,179.50895653871208,6.009600167784007e-14,6.009600167784007e-14
0.34640000000000004,8569.823559255707,0.0,0.0,179.50717331666175,6.009544944213346e-14,6.009544944213346e-14
0.34645000000000004,8569.777288739004,0.0,0.0,179.50554383338485,6.009487668552047e-14,6.009487668552047e-14
0.34650000000000003,8569.737303651696,0.0,0.0,179.50398142705671,6.009440261695565e-14,6.009440261695565e-14
0.34655,8569.703354819574,0.0,0.0,179.50258039941264,6.009390539957198e-14,6.009390539957198e-14
0.3466,8569.674794365383,0.0,0.0,179.50125059340323,6.00935083560335e-14,6.00935083560335e-14
0.34665,8569.653345577512,0.0,0.0,179.50008307112046,6.009309338228283e-14,6.009309338228283e-14
0.3467,8569.636418066335,0.0,0.0,179.49899628067075,6.009277184481374e-14,6.009277184481374e-14
0.34675,8569.627516161241,0.0,0.0,179.4980662302218,6.009244502391307e-14,6.009244502391307e-14
0.3468,8569.622420109685,0.0,0.0,179.49723105081088,6.00921976237093e-14,6.00921976237093e-14
0.34685,8569.625990134198,0.0,0.0,179.49654170222163,6.009196354729216e-14,6.009196354729216e-14
0.34690000000000004,8569.632899366981,0.0,0.0,179.4959645261091,6.00917895174677e-14,6.00917895174677e-14
0.34695000000000004,8569.648762000355,0.0,0.0,179.49551864210315,6.009165105294454e-14,6.009165105294454e-14
0.34700000000000003,8569.667804992238,0.0,0.0,179.49520339189453,6.009155053809837e-14,6.009155053809837e-14
0.34705,8569.695699186117,0.0,0.0,179.4950034164132,6.009150859613708e-14,6.009150859613708e-14
0.3471,8569.726935496341,0.0,0.0,179.49495143037632,6.009148277340621e-14,6.009148277340621e-14
0.34715,8569.766543170272,0.0,0.0,179.49499949162495,6.009153628062096e-14,6.009153628062096e-14
0.3472,8569.809940356932,0.0,0.0,179.49520957507676,6.009158727431834e-14,6.009158727431834e-14
0.34725,8569.860909711047,0.0,0.0,179.495507340181,6.009173335606371e-14,6.009173335606371e-14
0.3473,8569.916324035728,0.0,0.0,179.49597597465328,6.009186395573327e-14,6.009186395573327e-14
0.34735,8569.978288372291,0.0,0.0,179.49652437538822,6.009209830298321e-14,6.009209830298321e-14
0.34740000000000004,8570.045452116237,0.0,0.0,179.49724605593465,6.009231152634693e-14,6.009231152634693e-14
0.34745000000000004,8570.118041699176,0.0,0.0,179.49804492456045,6.009262889484589e-14,6.009262889484589e-14
0.34750000000000003,8570.19655901853,0.0,0.0,179.49901257840114,6.009292745665115e-14,6.009292745665115e-14
0.34755,8570.279404630877,0.0,0.0,179.50006024654976,6.009332222954629e-14,6.009332222954629e-14
0.3476,8570.368756647214,0.0,0.0,179.50126567594805,6.00937079931294e-14,6.00937079931294e-14
0.34765,8570.46148471457,0.0,0.0,179.50255859559795,6.009417472731778e-14,6.009417472731778e-14
0.3477,8570.561043332264,0.0,0.0,179.50399288579771,6.009464821681969e-14,6.009464821681969e-14
0.34775,8570.663263744906,0.0,0.0,179.505525328969,6.009518209928258e-14,6.009518209928258e-14
0.3478,8570.772312429417,0.0,0.0,179.50717916849993,6.009574214107588e-14,6.009574214107588e-14
0.34785,8570.883601293319,0.0,0.0,179.50894305161236,6.009633929236593e-14,6.009633929236593e-14
0.34790000000000004,8571.001360185594,0.0,0.0,179.51080692636344,6.009698283705613e-14,6.009698283705613e-14
0.34795000000000004,8571.121240412167,0.0,0.0,179.51279178802187,6.009764042390538e-14,6.009764042390538e-14
0.34800000000000003,8571.246892593119,0.0,0.0,179.51485602993034,6.009836257173056e-14,6.009836257173056e-14
0.34805,8571.374815598057,0.0,0.0,179.51704916970507,6.009907871811815e-14,6.009907871811815e-14
0.3481,8571.50753125806,0.0,0.0,179.51930386298264,6.00998729446217e-14,6.00998729446217e-14
0.34815,8571.64286278344,0.0,0.0,179.52169062668398,6.010064645943961e-14,6.010064645943961e-14
0.3482,8571.781818489486,0.0,0.0,179.52412539573177,6.010150500771404e-14,6.010150500771404e-14
0.34825,8571.9238309878,0.0,0.0,179.52668957303484,6.010233497530336e-14,6.010233497530336e-14
0.3483,8572.068221993526,0.0,0.0,179.52929329360603,6.010324936005937e-14,6.010324936005937e-14
0.34835,8572.216095016689,0.0,0.0,179.5320175793548,6.010413465638398e-14,6.010413465638398e-14
0.34840000000000004,8572.365139708963,0.0,0.0,179.53477806550845,6.010509621010921e-14,6.010509621010921e-14
0.34845000000000004,8572.517968580838,0.0,0.0,179.5376445288333,6.010603501954823e-14,6.010603501954823e-14
0.34850000000000003,8572.670905285515,0.0,0.0,179.54054825126357,6.010703540590267e-14,6.010703540590267e-14
0.34855,8572.827717196315,0.0,0.0,179.54353875755433,6.010802480960343e-14,6.010802480960343e-14
0.3486,8572.983794730822,0.0,0.0,179.5465706437541,6.010905643771785e-14,6.010905643771785e-14
0.34865,8573.143570321206,0.0,0.0,179.54966718339296,6.011009213371983e-14,6.011009213371983e-14
0.3487,8573.302034547423,0.0,0.0,179.55281053760433,6.011114842069061e-14,6.011114842069061e-14
0.34875,8573.463732399241,0.0,0.0,179.55599543066913,6.011222461533812e-14,6.011222461533812e-14
0.3488,8573.623811539177,0.0,0.0,179.55923199386163,6.011330007021345e-14,6.011330007021345e-14
0.34885,8573.78639262531,0.0,0.0,179.56248795934562,6.011440955364856e-14,6.011440955364856e-14
0.34890000000000004,8573.947284226353,0.0,0.0,179.56579810913445,6.011549968111684e-14,6.011549968111684e-14
0.34895000000000004,8574.109733534624,0.0,0.0,179.56910820771944,6.011663407478525e-14,6.011663407478525e-14
0.34900000000000003,8574.270595574633,0.0,0.0,179.57247127836825,6.011773512423499e-14,6.011773512423499e-14
0.34905,8574.431938643687,0.0,0.0,179.57581875620963,6.011888526181373e-14,6.011888526181373e-14
0.3491,8574.59188660809,0.0,0.0,179.57921344252776,6.011999386939672e-14,6.011999386939672e-14
0.34915,8574.751199546683,0.0,0.0,179.5825815172979,6.012115025696578e-14,6.012115025696578e-14
0.3492,8574.90931030384,0.0,0.0,179.58598631564024,6.012226304117508e-14,6.012226304117508e-14
0.34925,8575.065722927258,0.0,0.0,179.58935795314832,6.012341633152057e-14,6.012341633152057e-14
0.3493,8575.221045201017,0.0,0.0,179.59275158936768,6.012452950905684e-14,6.012452950905684e-14
0.34935,8575.37373791495,0.0,0.0,179.59610931863443,6.012567092621955e-14,6.012567092621955e-14
0.34940000000000004,8575.52530816482,0.0,0.0,179.59947111689124,6.012678000697331e-14,6.012678000697331e-14
0.34945000000000004,8575.673504172535,0.0,0.0,179.60279692388073,6.012790166741551e-14,6.012790166741551e-14
0.34950000000000003,8575.820365907932,0.0,0.0,179.60610708099247,6.012900127475075e-14,6.012900127475075e-14
0.34955,8575.963320901024,0.0,0.0,179.60938240764807,6.013009636795078e-14,6.013009636795078e-14
0.3496,8576.10454505034,0.0,0.0,179.61262215322034,6.013118020829532e-14,6.013118020829532e-14
0.34965,8576.241536816919,0.0,0.0,179.61582801137462,6.013224302387362e-14,6.013224302387362e-14
0.3497,8576.376240676875,0.0,0.0,179.61897965184897,6.013330400637955e-14,6.013330400637955e-14
0.34975,8576.506560922657,0.0,0.0,179.62209684359755,6.013432981678806e-14,6.013432981678806e-14
0.3498,8576.633923574793,0.0,0.0,179.62514370574942,6.013536030153682e-14,6.013536030153682e-14
0.34985,8576.75687373835,0.0,0.0,179.62815312590223,6.013634513232665e-14,6.013634513232665e-14
0.34990000000000004,8576.876146431916,0.0,0.0,179.63107942950785,6.013733726600168e-14,6.013733726600168e-14
0.34995000000000004,8576.991038541939,0.0,0.0,179.63396241406738,6.013827760038243e-14,6.013827760038243e-14
0.35000000000000003,8577.101549398816,0.0,0.0,179.6367531124069,6.01392236884842e-14,6.01392236884842e-14
0.35005000000000003,8577.207712092217,0.0,0.0,179.63949179136375,6.01401161607041e-14,6.01401161607041e-14
0.3501,8577.308865401406,0.0,0.0,179.64213242061467,6.014100902088503e-14,6.014100902088503e-14
0.35015,8577.405654367893,0.0,0.0,179.64471003437512,6.01418501520634e-14,6.01418501520634e-14
0.3502,8577.496925546175,0.0,0.0,179.6471866087121,6.01426834000192e-14,6.01426834000192e-14
0.35025,8577.583736921184,0.0,0.0,179.64958775474034,6.014346941911785e-14,6.014346941911785e-14
0.3503,8577.664664850423,0.0,0.0,179.6518867339448,6.014423765087613e-14,6.014423765087613e-14
0.35035,8577.740949629619,0.0,0.0,179.65409752242905,6.014496442828671e-14,6.014496442828671e-14
0.3504,8577.811128360057,0.0,0.0,179.656205864863,6.014566328099712e-14,6.014566328099712e-14
0.35045000000000004,8577.876405791852,0.0,0.0,179.65821397721365,6.014632638094673e-14,6.014632638094673e-14
0.35050000000000003,8577.935477573947,0.0,0.0,179.66011927553564,6.014695247512785e-14,6.014695247512785e-14
0.35055000000000003,8577.989345697395,0.0,0.0,179.6619139348674,6.014754731370056e-14,6.014754731370056e-14
0.3506,8578.036996914603,0.0,0.0,179.6636046173955,6.014809809823224e-14,6.014809809823224e-14
0.35065,8578.079138946341,0.0,0.0,179.66517649329228,6.01486201762813e-14,6.01486201762813e-14
0.3507,8578.11509988708,0.0,0.0,179.66664206284332,6.014909371324883e-14,6.014909371324883e-14
0.35075,8578.145285870247,0.0,0.0,179.66798314157867,6.014953888215056e-14,6.014953888215056e-14
0.3508,8578.169334497763,0.0,0.0,179.66921441759177,6.014993361604479e-14,6.014993361604479e-14
0.35085,8578.187418438934,0.0,0.0,179.67031787224548,6.015029833081177e-14,6.015029833081177e-14
0.3509,8578.199387520426,0.0,0.0,179.67130720191972,6.015061288741879e-14,6.015061288741879e-14
0.35095000000000004,8578.20530097791,0.0,0.0,179.67216729405624,6.015089440510608e-14,6.015089440510608e-14
0.35100000000000003,8578.205087279908,0.0,0.0,179.6729087039288,6.015112745764718e-14,6.015112745764718e-14
0.35105000000000003,8578.198830927879,0.0,0.0,179.67352074034397,6.015132395046687e-14,6.015132395046687e-14
0.3511,8578.186404757602,0.0,0.0,179.67401001011288,6.015147417656438e-14,6.015147417656438e-14
0.35115,8578.168039732302,0.0,0.0,179.6743703660817,6.015158474450653e-14,6.015158474450653e-14
0.3512,8578.14345299769,0.0,0.0,179.67460501971112,6.015165087998842e-14,6.015165087998842e-14
0.35125,8578.113093788024,0.0,0.0,179.67471122635874,6.015167546607748e-14,6.015167546607748e-14
0.3513,8578.076484963496,0.0,0.0,179.67469044928592,6.015165644292539e-14,6.015165644292539e-14
0.35135,8578.034295247582,0.0,0.0,179.67454132955467,6.015159567135541e-14,6.015159567135541e-14
0.3514,8577.985890139278,0.0,0.0,179.67426583281357,6.01514908114697e-14,6.01514908114697e-14
0.35145000000000004,8577.932082356847,0.0,0.0,179.673861660291,6.015134578238468e-14,6.015134578238468e-14
0.35150000000000003,8577.872190262166,0.0,0.0,179.6733335205271,6.01511550081933e-14,6.01511550081933e-14
0.35155000000000003,8577.807028948782,0.0,0.0,179.67267616988127,6.015092709033564e-14,6.015092709033564e-14
0.3516,8577.736034597043,0.0,0.0,179.67189867717406,6.015065110993749e-14,6.015065110993749e-14
0.35165,8577.65984272945,0.0,0.0,179.6709917350474,6.01503417725715e-14,6.01503417725715e-14
0.3517,8577.57819511125,0.0,0.0,179.66996927767258,6.014998220122687e-14,6.014998220122687e-14
0.35175,8577.49136206235,0.0,0.0,179.66881808858503,6.014959291927332e-14,6.014959291927332e-14
0.3518,8577.399561813721,0.0,0.0,179.66755609580954,6.014915231024568e-14,6.014915231024568e-14
0.35185,8577.302551088727,0.0,0.0,179.6661677279446,6.014868456308303e-14,6.014868456308303e-14
0.3519,8577.201138359835,0.0,0.0,179.66467268000991,6.014816633646876e-14,6.014816633646876e-14
0.35195000000000004,8577.094493199136,0.0,0.0,179.6630558089417,6.014762170320594e-14,6.014762170320594e-14
0.35200000000000004,8576.984037876937,0.0,0.0,179.6613353096243,6.014702997992204e-14,6.014702997992204e-14
0.35205000000000003,8576.868383032288,0.0,0.0,179.6595000318406,6.014641031530867e-14,6.014641031530867e-14
0.3521,8576.749478805525,0.0,0.0,179.65756292574775,6.014574968021804e-14,6.014574968021804e-14
0.35215,8576.625517357083,0.0,0.0,179.6555205258835,6.014505733957577e-14,6.014505733957577e-14
0.3522,8576.498780434371,0.0,0.0,179.65337703229946,6.014433257155653e-14,6.014433257155653e-14
0.35225,8576.367285272987,0.0,0.0,179.65113973618512,6.014357064164338e-14,6.014357064164338e-14
0.3523,8576.233357760535,0.0,0.0,179.64880156567895,6.01427864556403e-14,6.01427864556403e-14
0.35235,8576.095158221435,0.0,0.0,179.64638231418837,6.014195894555917e-14,6.014195894555917e-14
0.3524,8575.954715283327,0.0,0.0,179.6438627344147,6.014111979122899e-14,6.014111979122899e-14
0.35245000000000004,8575.810680248442,0.0,0.0,179.64127500999317,6.014023174131299e-14,6.014023174131299e-14
0.35250000000000004,8575.664439446908,0.0,0.0,179.6385888332947,6.013934169556294e-14,6.013934169556294e-14
0.35255000000000003,8575.515458843744,0.0,0.0,179.63584656236034,6.013839917468157e-14,6.013839917468157e-14
0.3526,8575.364189544225,0.0,0.0,179.63301003897942,6.01374619498427e-14,6.01374619498427e-14
0.35265,8575.211156541396,0.0,0.0,179.63012758040227,6.013647192906771e-14,6.013647192906771e-14
0.3527,8575.055687096004,0.0,0.0,179.62715819563294,6.013549100036864e-14,6.013549100036864e-14
0.35275,8574.899483247242,0.0,0.0,179.6241504102505,6.013446111083265e-14,6.013446111083265e-14
0.3528,8574.740703898582,0.0,0.0,179.62106659931405,6.013343994532174e-14,6.013343994532174e-14
0.35285,8574.582189123808,0.0,0.0,179.61794898047265,6.013237814873264e-14,6.013237814873264e-14
0.3529,8574.42104910234,0.0,0.0,179.61476978878187,6.013132049975248e-14,6.013132049975248e-14
0.35295000000000004,8574.261057680445,0.0,0.0,179.61155862165006,6.013023471468086e-14,6.013023471468086e-14
0.35300000000000004,8574.098555843351,0.0,0.0,179.60830334808472,6.0129144932599e-14,6.0129144932599e-14
0.35305000000000003,8573.937898660375,0.0,0.0,179.60501585819145,6.012804267037085e-14,6.012804267037085e-14
0.3531,8573.775067969253,0.0,0.0,179.60170372326237,6.012692597390597e-14,6.012692597390597e-14
0.35315,8573.61454029366,0.0,0.0,179.59835817367698,6.012581403804656e-14,6.012581403804656e-14
0.3532,8573.452427430588,0.0,0.0,179.59500805218255,6.012467669493857e-14,6.012467669493857e-14
0.35325,8573.292820530129,0.0,0.0,179.59162375442594,6.012356099121106e-14,6.012356099121106e-14
0.3533,8573.132462762174,0.0,0.0,179.58825400346072,6.012241036736861e-14,6.012241036736861e-14
0.35335,8572.974577031542,0.0,0.0,179.58485121890814,6.012129585635173e-14,6.012129585635173e-14
0.3534,8572.816978939787,0.0,0.0,179.58147961814439,6.012014031307643e-14,6.012014031307643e-14
0.35345000000000004,8572.661635828597,0.0,0.0,179.578079342636,6.011903111538259e-14,6.011903111538259e-14
0.35350000000000004,8572.507748686128,0.0,0.0,179.57472314662024,6.011787975619088e-14,6.011787975619088e-14
0.35355000000000003,8572.355798810067,0.0,0.0,179.57134678889068,6.011677939835854e-14,6.011677939835854e-14
0.3536,8572.2065050648,0.0,0.0,179.5680228733534,6.011564169102291e-14,6.011564169102291e-14
0.35365,8572.058830365842,0.0,0.0,179.56469185483766,6.011455345576953e-14,6.011455345576953e-14
0.3537,8571.914935062225,0.0,0.0,179.56141692348444,6.011343877599298e-14,6.011343877599298e-14
0.35375,8571.772443698366,0.0,0.0,179.55815224046702,6.011236610422469e-14,6.011236610422469e-14
0.3538,8571.63467366958,0.0,0.0,179.5549430478862,6.011128326016954e-14,6.011128326016954e-14
0.35385,8571.498287420825,0.0,0.0,179.55176484453838,6.011023014066651e-14,6.011023014066651e-14
0.3539,8571.367297984607,0.0,0.0,179.54863838666517,6.010918694456068e-14,6.010918694456068e-14
0.35395000000000004,8571.237933049004,0.0,0.0,179.54556558797438,6.010815822684001e-14,6.010815822684001e-14
0.35400000000000004,8571.114320835984,0.0,0.0,179.542539214743,6.010716117339904e-14,6.010716117339904e-14
0.35405000000000003,8570.992863976058,0.0,0.0,179.53958926141226,6.010616274911402e-14,6.010616274911402e-14
0.3541,8570.877183564215,0.0,0.0,179.5366806766438,6.010521684846708e-14,6.010521684846708e-14
0.35415,8570.764466301056,0.0,0.0,179.53386939053235,6.010425566337087e-14,6.010425566337087e-14
0.3542,8570.657247773292,0.0,0.0,179.53109652023878,6.010336445385483e-14,6.010336445385483e-14
0.35425,8570.554021732483,0.0,0.0,179.5284381108212,6.010244833873442e-14,6.010244833873442e-14
0.3543,8570.455786041084,0.0,0.0,179.52581884065577,6.010161407937413e-14,6.010161407937413e-14
0.35435,8570.362702504459,0.0,0.0,179.52332604279871,6.010075141321973e-14,6.010075141321973e-14
0.3544,8570.273971858585,0.0,0.0,179.52087784545336,6.009997543013393e-14,6.009997543013393e-14
0.35445000000000004,8570.191568033442,0.0,0.0,179.51856215967405,6.009917467600826e-14,6.009917467600826e-14
0.35450000000000004,8570.112869198825,0.0,0.0,179.5163016504836,6.009845781204407e-14,6.009845781204407e-14
0.35455000000000003,8570.041562878627,0.0,0.0,179.51417364158996,6.009772698518562e-14,6.009772698518562e-14
0.3546,8569.97342232543,0.0,0.0,179.51211611287988,6.009707008782864e-14,6.009707008782864e-14
0.35465,8569.913515416238,0.0,0.0,179.51018571391504,6.009641622694883e-14,6.009641622694883e-14
0.3547,8569.856446478949,0.0,0.0,179.508344703639,6.009582060039119e-14,6.009582060039119e-14
0.35475,8569.808136684349,0.0,0.0,179.5066214708767,6.009524931541103e-14,6.009524931541103e-14
0.3548,8569.762620066973,0.0,0.0,179.50500841808991,6.009471706810821e-14,6.009471706810821e-14
0.35485,8569.726018853598,0.0,0.0,179.5035016896788,6.009423222622321e-14,6.009423222622321e-14
0.3549,8569.692478893663,0.0,0.0,179.50212571862437,6.009376645871158e-14,6.009376645871158e-14
0.35495000000000004,8569.667632986475,0.0,0.0,179.50084464359745,6.009337005424621e-14,6.009337005424621e-14
0.35500000000000004,8569.646412721138,0.0,0.0,179.49971250116013,6.009297485435998e-14,6.009297485435998e-14
0.35505000000000003,8569.633325914554,0.0,0.0,179.49866592475078,6.00926670802973e-14,6.00926670802973e-14
0.3551,8569.624664285157,0.0,0.0,179.49778207523974,6.009234732214251e-14,6.009234732214251e-14
0.35515,8569.623316294894,0.0,0.0,179.4969782880911,6.00921268343154e-14,6.00921268343154e-14
0.3552,8569.627330565225,0.0,0.0,179.4963451476653,6.009188780411545e-14,6.009188780411545e-14
0.35525,8569.63769016024,0.0,0.0,179.49579152730126,6.009175214111564e-14,6.009175214111564e-14
0.3553,8569.65436594132,0.0,0.0,179.4954098011684,6.009159904093021e-14,6.009159904093021e-14
0.35535,8569.676396405268,0.0,0.0,179.49511239092186,6.009154513988153e-14,6.009154513988153e-14
0.3554,8569.705586677092,0.0,0.0,179.49498146241757,6.009148253643575e-14,6.009148253643575e-14
0.35545000000000004,8569.739242841379,0.0,0.0,179.49494454342306,6.009150727239452e-14,6.009150727239452e-14
0.35550000000000004,8569.780676086382,0.0,0.0,179.4950628574309,6.009153856804454e-14,6.009153856804454e-14
0.35555000000000003,8569.825893418256,0.0,0.0,179.49528857160396,6.009163923913427e-14,6.009163923913427e-14
0.3556,8569.879189792264,0.0,0.0,179.49565395646292,6.009176623900679e-14,6.009176623900679e-14
0.35565,8569.935867202741,0.0,0.0,179.49614203239102,6.009194092946837e-14,6.009194092946837e-14
0.3557,8570.000560531227,0.0,0.0,179.49675191423796,6.009216356464014e-14,6.009216356464014e-14
0.35575,8570.068539538752,0.0,0.0,179.49749953432632,6.009241133383502e-14,6.009241133383502e-14
0.3558,8570.144102200486,0.0,0.0,179.49835101438327,6.00927275801467e-14,6.00927275801467e-14
0.35585,8570.223145588623,0.0,0.0,179.49935284253365,6.00930484520285e-14,6.00930484520285e-14
0.3559,8570.30901300001,0.0,0.0,179.50044262860646,6.009345445440586e-14,6.009345445440586e-14
0.35595000000000004,8570.398786251537,0.0,0.0,179.50169099589868,6.009384921102872e-14,6.009384921102872e-14
0.35600000000000004,8570.49437779433,0.0,0.0,179.50301520138206,6.00943395965677e-14,6.00943395965677e-14
0.35605000000000003,8570.59443614861,0.0,0.0,179.50450042584123,6.009480940667138e-14,6.009480940667138e-14
0.3561,8570.699170013288,0.0,0.0,179.5060542694322,6.009537774176717e-14,6.009537774176717e-14
0.35615,8570.808953229101,0.0,0.0,179.50776506819383,6.009592368098223e-14,6.009592368098223e-14
0.3562,8570.922253550249,0.0,0.0,179.50954252246814,6.009656300891862e-14,6.009656300891862e-14
0.35625,8571.04108936162,0.0,0.0,179.5114664629346,6.009718554116819e-14,6.009718554116819e-14
0.3563,8571.162385246667,0.0,0.0,179.51345990774277,6.009788892630324e-14,6.009788892630324e-14
0.35635,8571.28950126842,0.0,0.0,179.5155838404644,6.009858742290873e-14,6.009858742290873e-14
0.3564,8571.418218488428,0.0,0.0,179.51778377664027,6.009934842667906e-14,6.009934842667906e-14
0.35645000000000004,8571.552761205037,0.0,0.0,179.52009419702523,6.010012079186503e-14,6.010012079186503e-14
0.35650000000000004,8571.68830841525,0.0,0.0,179.52248906742795,6.01009338187167e-14,6.01009338187167e-14
0.35655000000000003,8571.829366896452,0.0,0.0,179.5249723653406,6.01017762746606e-14,6.01017762746606e-14
0.35660000000000003,8571.971119028974,0.0,0.0,179.5275485149921,6.010263674382154e-14,6.010263674382154e-14
0.35665,8572.11775047895,0.0,0.0,179.53019108897723,6.010354380528169e-14,6.010354380528169e-14
0.3567,8572.265032299987,0.0,0.0,179.53293287648117,6.010444813223153e-14,6.010444813223153e-14
0.35675,8572.4162863556,0.0,0.0,179.53572111002345,6.010541277217034e-14,6.010541277217034e-14
0.3568,8572.568359137025,0.0,0.0,179.53861116138478,6.010635817041961e-14,6.010635817041961e-14
0.35685,8572.723298145054,0.0,0.0,179.54153127927137,6.010737215290851e-14,6.010737215290851e-14
0.3569,8572.879351841875,0.0,0.0,179.5445508558456,6.010835629295878e-14,6.010835629295878e-14
0.35695,8573.03706503761,0.0,0.0,179.5475886961597,6.010941062472374e-14,6.010941062472374e-14
0.35700000000000004,8573.196217552584,0.0,0.0,179.5507181335545,6.011043120752323e-14,6.011043120752323e-14
0.35705000000000003,8573.355828012212,0.0,0.0,179.55385888267838,6.011151664569511e-14,6.011151664569511e-14
0.35710000000000003,8573.51713203509,0.0,0.0,179.55707804904512,6.011257095746954e-14,6.011257095746954e-14
0.35715,8573.677796417574,0.0,0.0,179.56030599155275,6.011367850403105e-14,6.011367850403105e-14
0.3572,8573.840253234677,0.0,0.0,179.56359471303688,6.011476302181664e-14,6.011476302181664e-14
0.35725,8574.001155354415,0.0,0.0,179.56689304505423,6.011588433952124e-14,6.011588433952124e-14
0.3573,8574.163734048587,0.0,0.0,179.57023145303285,6.011699444535484e-14,6.011699444535484e-14
0.35735,8574.324074229373,0.0,0.0,179.57358219723494,6.011812214414398e-14,6.011812214414398e-14
0.3574,8574.485733948528,0.0,0.0,179.57695096527118,6.011925198942255e-14,6.011925198942255e-14
0.35745,8574.644716631272,0.0,0.0,179.58033500985283,6.012037975173085e-14,6.012037975173085e-14
0.35750000000000004,8574.804429286833,0.0,0.0,179.58371546582623,6.012152228915596e-14,6.012152228915596e-14
0.35755000000000003,8574.961251521177,0.0,0.0,179.5871127311407,6.012264482891232e-14,6.012264482891232e-14
0.35760000000000003,8575.118022294211,0.0,0.0,179.5904868490608,6.01237920043136e-14,6.01237920043136e-14
0.35765,8575.271865495968,0.0,0.0,179.5938765669364,6.012490487769582e-14,6.012490487769582e-14
0.3577,8575.424749000675,0.0,0.0,179.59722686062105,6.012604795178241e-14,6.012604795178241e-14
0.35775,8575.57477572055,0.0,0.0,179.6005879355326,6.01271472601801e-14,6.01271472601801e-14
0.3578,8575.722886402738,0.0,0.0,179.6038972899298,6.012827721128879e-14,6.012827721128879e-14
0.35785,8575.868243023344,0.0,0.0,179.60720870045526,6.012935925076283e-14,6.012935925076283e-14
0.3579,8576.010759305056,0.0,0.0,179.61046018404213,6.01304672013324e-14,6.01304672013324e-14
0.35795,8576.150584585912,0.0,0.0,179.61370137884998,6.013152811815476e-14,6.013152811815476e-14
0.35800000000000004,8576.286747241726,0.0,0.0,179.61687808118123,6.013260572546577e-14,6.013260572546577e-14
0.35805000000000003,8576.420185739511,0.0,0.0,179.62002932662193,6.013364123417534e-14,6.013364123417534e-14
0.35810000000000003,8576.549291813282,0.0,0.0,179.62311425892992,6.013468099484321e-14,6.013468099484321e-14
0.35815,8576.675510463703,0.0,0.0,179.6261569044295,6.013568620161345e-14,6.013568620161345e-14
0.3582,8576.79690465927,0.0,0.0,179.62913298934959,6.013668163441761e-14,6.013668163441761e-14
0.35825,8576.915110376438,0.0,0.0,179.6320496306933,6.013765099117792e-14,6.013765099117792e-14
0.3583,8577.028176094931,0.0,0.0,179.63489979174665,6.013859668277349e-14,6.013859668277349e-14
0.35835,8577.137632178326,0.0,0.0,179.63767432861863,6.01395240747981e-14,6.01395240747981e-14
0.3584,8577.241784292226,0.0,0.0,179.64038167360752,6.014041559543406e-14,6.014041559543406e-14
0.35845,8577.341823689592,0.0,0.0,179.64299927385449,6.014129454465939e-14,6.014129454465939e-14
0.35850000000000004,8577.436504698162,0.0,0.0,179.64554735138398,6.014212825991261e-14,6.014212825991261e-14
0.35855000000000004,8577.526538768127,0.0,0.0,179.64799434784027,6.014295220877677e-14,6.014295220877677e-14
0.35860000000000003,8577.611219286673,0.0,0.0,179.6503674451382,6.014372502921538e-14,6.014372502921538e-14
0.35865,8577.690741456985,0.0,0.0,179.6526311994485,6.014448765855431e-14,6.014448765855431e-14
0.3587,8577.76492517961,0.0,0.0,179.65481464407017,6.014519677600378e-14,6.014519677600378e-14
0.35875,8577.833509744592,0.0,0.0,179.65688341458238,6.014589230807178e-14,6.014589230807178e-14
0.3588,8577.896742192286,0.0,0.0,179.6588638431958,6.014653496683403e-14,6.014653496683403e-14
0.35885,8577.954039250066,0.0,0.0,179.66072669039713,6.014715840859301e-14,6.014715840859301e-14
0.3589,8578.005918960132,0.0,0.0,179.6624922543269,6.014773175117957e-14,6.014773175117957e-14
0.35895,8578.05164705221,0.0,0.0,179.66413900830221,6.014827904559145e-14,6.014827904559145e-14
0.35900000000000004,8578.091837434224,0.0,0.0,179.66567949662516,6.014878005724418e-14,6.014878005724418e-14
0.35905000000000004,8578.125775733197,0.0,0.0,179.66710079824475,6.01492481264389e-14,6.01492481264389e-14
0.35910000000000003,8578.154015719658,0.0,0.0,179.66840767305314,6.014967368468984e-14,6.014967368468984e-14
0.35915,8578.175997550868,0.0,0.0,179.66959508631157,6.015006036787458e-14,6.015006036787458e-14
0.3592,8578.192109389036,0.0,0.0,179.67066143891017,6.015040738403307e-14,6.015040738403307e-14
0.35925,8578.202018515143,0.0,0.0,179.67160761846648,6.01507112906688e-14,6.01507112906688e-14
0.3593,8578.205911547157,0.0,0.0,179.67242806742854,6.015097691471858e-14,6.015097691471858e-14
0.35935,8578.203682029009,0.0,0.0,179.67312695515628,6.015119722695743e-14,6.015119722695743e-14
0.3594,8578.195352003155,0.0,0.0,179.6736975153143,6.015137907664637e-14,6.015137907664637e-14
0.35945,8578.180971707074,0.0,0.0,179.6741445342328,6.015151534277123e-14,6.015151534277123e-14
0.35950000000000004,8578.160495924285,0.0,0.0,179.67446248853892,6.015161171453224e-14,6.015161171453224e-14
0.35955000000000004,8578.134012993034,0.0,0.0,179.6746547026592,6.015166367483894e-14,6.015166367483894e-14
0.35960000000000003,8578.10154229743,0.0,0.0,179.67471850602098,6.015167369834486e-14,6.015167369834486e-14
0.35965,8578.06307327875,0.0,0.0,179.6746547202951,6.015164117773577e-14,6.015164117773577e-14
0.3597,8578.018822422819,0.0,0.0,179.67446395653204,6.015156488655286e-14,6.015156488655286e-14
0.35975,8577.968560358098,0.0,0.0,179.67414474118164,6.01514477745226e-14,6.01514477745226e-14
0.3598,8577.912798523967,0.0,0.0,179.67370014260695,6.015128608077851e-14,6.015128608077851e-14
0.35985,8577.851019218577,0.0,0.0,179.6731277788641,6.01510844024293e-14,6.01510844024293e-14
0.3599,8577.784062408646,0.0,0.0,179.67243130471942,6.01508389807537e-14,6.01508389807537e-14
0.35995,8577.711127336139,0.0,0.0,179.671609662228,6.015055304470108e-14,6.015055304470108e-14
0.36000000000000004,8577.633333976426,0.0,0.0,179.67066461962838,6.015022614711765e-14,6.015022614711765e-14
0.36005000000000004,8577.549688789955,0.0,0.0,179.6695989871566,6.014985674109486e-14,6.014985674109486e-14
0.36010000000000003,8577.461459259368,0.0,0.0,179.66841016854173,6.014945097724428e-14,6.014945097724428e-14
0.36015,8577.36762759569,0.0,0.0,179.66710706726897,6.014899957213857e-14,6.014899957213857e-14
0.3602,8577.26940763891,0.0,0.0,179.6656808733166,6.01485176960204e-14,6.01485176960204e-14
0.36025,8577.165980685322,0.0,0.0,179.66414788444064,6.014798661641263e-14,6.014798661641263e-14
0.3603,8577.058267878865,0.0,0.0,179.66249240189308,6.014743136021433e-14,6.014743136021433e-14
0.36035,8576.945890913521,0.0,0.0,179.66073803716267,6.014682388395301e-14,6.014682388395301e-14
0.3604,8576.829242705613,0.0,0.0,179.65886304703432,6.014619787211966e-14,6.014619787211966e-14
0.36045,8576.708600355087,0.0,0.0,179.65689668250755,6.014551823298802e-14,6.014551823298802e-14
0.36050000000000004,8576.58364178314,0.0,0.0,179.65481358470103,6.014482399539529e-14,6.014482399539529e-14
0.36055000000000004,8576.455444022884,0.0,0.0,179.65264546590902,6.01440772793097e-14,6.01440772793097e-14
0.36060000000000003,8576.322873107534,0.0,0.0,179.65036711964964,6.014331736508682e-14,6.014331736508682e-14
0.36065,8576.187843948645,0.0,0.0,179.64800843241332,6.01425093083501e-14,6.01425093083501e-14
0.3607,8576.048433024007,0.0,0.0,179.64554892586037,6.014168648288016e-14,6.014168648288016e-14
0.36075,8575.907303436867,0.0,0.0,179.64301191366022,6.014082319903329e-14,6.014082319903329e-14
0.3608,8575.761895216157,0.0,0.0,179.64038628822235,6.01399406904509e-14,6.01399406904509e-14
0.36085,8575.615401163865,0.0,0.0,179.637684386543,6.013902836519877e-14,6.013902836519877e-14
0.3609,8575.464899148172,0.0,0.0,179.6349083497057,6.013809011583622e-14,6.013809011583622e-14
0.36095,8575.31378474001,0.0,0.0,179.63205630209762,6.01371347175356e-14,6.01371347175356e-14
0.36100000000000004,8575.15913845308,0.0,0.0,179.62914596544223,6.013614559155848e-14,6.013614559155848e-14
0.36105000000000004,8575.004163357897,0.0,0.0,179.6261598862452,6.013515264405074e-14,6.013515264405074e-14
0.36110000000000003,8574.846349751473,0.0,0.0,179.6231315621869,6.013411854784e-14,6.013411854784e-14
0.36115,8574.688299202919,0.0,0.0,179.62002891712027,6.013309300439078e-14,6.013309300439078e-14
0.3612,8574.52830225343,0.0,0.0,179.6168989989975,6.013202088756695e-14,6.013202088756695e-14
0.36125,8574.36799746184,0.0,0.0,179.613698486292,6.013096713004375e-14,6.013096713004375e-14
0.3613,8574.206788342532,0.0,0.0,179.61048342312577,6.012986485388073e-14,6.012986485388073e-14
0.36135,8574.04509490511,0.0,0.0,179.60720475278399,6.012878682094539e-14,6.012878682094539e-14
0.3614,8573.883615156441,0.0,0.0,179.60392111429363,6.01276629014863e-14,6.01276629014863e-14
0.36145,8573.721447244332,0.0,0.0,179.60058469913287,6.012656432930897e-14,6.012656432930897e-14
0.36150000000000004,8573.560596969697,0.0,0.0,179.59724931096002,6.012542758318731e-14,6.012542758318731e-14
0.36155000000000004,8573.398915624306,0.0,0.0,179.5938758976624,6.012431232161426e-14,6.012431232161426e-14
0.36160000000000003,8573.239548066187,0.0,0.0,179.59050601378902,6.012317146001889e-14,6.012317146001889e-14
0.36165,8573.079352756242,0.0,0.0,179.58711629292108,6.012204381357007e-14,6.012204381357007e-14
0.3617,8572.922275653613,0.0,0.0,179.58372976413722,6.012090703927161e-14,6.012090703927161e-14
0.36175,8572.764589282393,0.0,0.0,179.58034400311064,6.011977207507788e-14,6.011977207507788e-14
0.3618,8572.610572384423,0.0,0.0,179.576959398649,6.011864674073793e-14,6.011864674073793e-14
0.36185,8572.456420924218,0.0,0.0,179.57359713990974,6.011751050769277e-14,6.011751050769277e-14
0.3619,8572.30620807695,0.0,0.0,179.57023378444393,6.011640288564819e-14,6.011640288564819e-14
0.36195,8572.156596913801,0.0,0.0,179.566913642868,6.011527250101397e-14,6.011527250101397e-14
0.36200000000000004,8572.010920356892,0.0,0.0,179.56359154245558,6.011418770071232e-14,6.011418770071232e-14
0.36205000000000004,8571.866810001124,0.0,0.0,179.5603311220326,6.011307127802692e-14,6.011307127802692e-14
0.36210000000000003,8571.726404131556,0.0,0.0,179.55707076862547,6.011201332583802e-14,6.011201332583802e-14
0.36215,8571.58868815874,0.0,0.0,179.5538867010946,6.011091974281576e-14,6.011091974281576e-14
0.3622,8571.454299979876,0.0,0.0,179.55070876355958,6.010989181456515e-14,6.010989181456515e-14
0.36225,8571.323787864369,0.0,0.0,179.54761685324547,6.010883034293234e-14,6.010883034293234e-14
0.3623,8571.196181792226,0.0,0.0,179.54454178067257,6.010783511678956e-14,6.010783511678956e-14
0.36235,8571.073588645158,0.0,0.0,179.54155722324262,6.010681495874966e-14,6.010681495874966e-14
0.3624,8570.953544121863,0.0,0.0,179.53860480081732,6.01058550353388e-14,6.01058550353388e-14
0.36245,8570.839488446283,0.0,0.0,179.53574243162106,6.010488482675926e-14,6.010488482675926e-14
0.36250000000000004,8570.727789861083,0.0,0.0,179.5329313382745,6.010396315281303e-14,6.010396315281303e-14
0.36255000000000004,8570.622799277435,0.0,0.0,179.53020586031118,6.010305049983291e-14,6.010305049983291e-14
0.36260000000000003,8570.520218871121,0.0,0.0,179.52755327913843,6.010217072775475e-14,6.010217072775475e-14
0.36265000000000003,8570.424742655074,0.0,0.0,179.5249794226166,6.010132184177388e-14,6.010132184177388e-14
0.3627,8570.332018133953,0.0,0.0,179.5225007493111,6.010048856588913e-14,6.010048856588913e-14
0.36275,8570.246444406452,0.0,0.0,179.5200933240227,6.009970804794402e-14,6.009970804794402e-14
0.3628,8570.164253882594,0.0,0.0,179.5178020059744,6.009892687491326e-14,6.009892687491326e-14
0.36285,8570.088928598962,0.0,0.0,179.51557582316732,6.009821768167616e-14,6.009821768167616e-14
0.3629,8570.017865917538,0.0,0.0,179.5134833441574,6.009749511565479e-14,6.009749511565479e-14
0.36295,8569.953110550972,0.0,0.0,179.51145300393105,6.009685871248801e-14,6.009685871248801e-14
0.36300000000000004,8569.893664131945,0.0,0.0,179.509569009133,6.009620186399954e-14,6.009620186399954e-14
0.36305000000000004,8569.83978909088,0.0,0.0,179.50774856981647,6.009563854434882e-14,6.009563854434882e-14
0.36310000000000003,8569.792326987623,0.0,0.0,179.50608110596562,6.009505469658971e-14,6.009505469658971e-14
0.36315000000000003,8569.749638469086,0.0,0.0,179.5044836703756,6.009456402263299e-14,6.009456402263299e-14
0.3632,8569.714401522066,0.0,0.0,179.5030394995688,6.009406011224136e-14,6.009406011224136e-14
0.36325,8569.68320043603,0.0,0.0,179.5016767666596,6.009364141267636e-14,6.009364141267636e-14
0.3633,8569.660304333318,0.0,0.0,179.5004617016958,6.009322349435346e-14,6.009322349435346e-14
0.36335,8569.640877137359,0.0,0.0,179.499343538882,6.009287634742286e-14,6.009287634742286e-14
0.3634,8569.63032293441,0.0,0.0,179.4983627450738,6.009254911593335e-14,6.009254911593335e-14
0.36345,8569.62292542861,0.0,0.0,179.49749683523788,6.009227374541907e-14,6.009227374541907e-14
0.3635,8569.624616957992,0.0,0.0,179.4967550487419,6.00920401815672e-14,6.00920401815672e-14
0.36355000000000004,8569.629453145251,0.0,0.0,179.49614665685738,6.00918377070361e-14,6.00918377070361e-14
0.36360000000000003,8569.643218771937,0.0,0.0,179.495648282079,6.00916988964377e-14,6.00916988964377e-14
0.36365000000000003,8569.660417687555,0.0,0.0,179.49530017065794,6.009157139869631e-14,6.009157139869631e-14
0.3637,8569.686033309476,0.0,0.0,179.4950492374762,6.009152654968164e-14,6.009152654968164e-14
0.36375,8569.7156270308,0.0,0.0,179.49496174001453,6.009147693958087e-14,6.009147693958087e-14
0.3638,8569.752837097281,0.0,0.0,179.4949617226762,6.0091523596989e-14,6.0091523596989e-14
0.36385,8569.794743065719,0.0,0.0,179.4951329628164,6.009155530477904e-14,6.009155530477904e-14
0.3639,8569.843276708698,0.0,0.0,179.49538648335653,6.009168973036458e-14,6.009168973036458e-14
0.36395,8569.897286893609,0.0,0.0,179.49581270770776,6.009180625794649e-14,6.009180625794649e-14
0.364,8569.95686706149,0.0,0.0,179.49632116446782,6.009202392367924e-14,6.009202392367924e-14
0.36405000000000004,8570.02264557575,0.0,0.0,179.4969971418951,6.009222832370102e-14,6.009222832370102e-14
0.36410000000000003,8570.09299008374,0.0,0.0,179.4977603155539,6.009252444868576e-14,6.009252444868576e-14
0.36415000000000003,8570.170079702762,0.0,0.0,179.49867974738365,6.009281880341371e-14,6.009281880341371e-14
0.3642,8570.25089436663,0.0,0.0,179.49969544115177,6.009318885986634e-14,6.009318885986634e-14
0.36425,8570.338731161488,0.0,0.0,179.50085132647064,6.00935738341761e-14,6.00935738341761e-14
0.3643,8570.42969633396,0.0,0.0,179.502115093071,6.009401395163256e-14,6.009401395163256e-14
0.36435,8570.5276305685,0.0,0.0,179.50350000106886,6.009448848290465e-14,6.009448848290465e-14
0.3644,8570.628383382877,0.0,0.0,179.50500499755336,6.009499569665507e-14,6.009499569665507e-14
0.36445,8570.73570396694,0.0,0.0,179.50661121354733,6.009555686475553e-14,6.009555686475553e-14
0.3645,8570.84581922634,0.0,0.0,179.5083482075068,6.009612917592874e-14,6.009612917592874e-14
0.36455000000000004,8570.961778632713,0.0,0.0,179.51016773870526,6.009677227149297e-14,6.009677227149297e-14
0.36460000000000004,8571.08075144749,0.0,0.0,179.512125268719,6.00974085151299e-14,6.00974085151299e-14
0.36465000000000003,8571.204588008388,0.0,0.0,179.51414971698534,6.009812729511666e-14,6.009812729511666e-14
0.3647,8571.331821051574,0.0,0.0,179.51631438919486,6.009882683985491e-14,6.009882683985491e-14
0.36475,8571.462776031909,0.0,0.0,179.51853471800055,6.009961393485473e-14,6.009961393485473e-14
0.3648,8571.597573564331,0.0,0.0,179.52089160256438,6.010037626186016e-14,6.010037626186016e-14
0.36485,8571.73490126228,0.0,0.0,179.52329784094718,6.01012236774969e-14,6.01012236774969e-14
0.3649,8571.876471128044,0.0,0.0,179.52583091946553,6.010204790385013e-14,6.010204790385013e-14
0.36495,8572.019441305441,0.0,0.0,179.52841185496777,6.010294754760163e-14,6.010294754760163e-14
0.365,8572.166904942544,0.0,0.0,179.5311044644744,6.010383196494466e-14,6.010383196494466e-14
0.36505000000000004,8572.314798074616,0.0,0.0,179.5338473784139,6.010477612718407e-14,6.010477612718407e-14
0.36510000000000004,8572.467207467858,0.0,0.0,179.53668260000555,6.010571782435252e-14,6.010571782435252e-14
0.36515000000000003,8572.619304318718,0.0,0.0,179.53957309196676,6.010669955040749e-14,6.010669955040749e-14
0.3652,8572.77566389718,0.0,0.0,179.5425340420052,6.010769417389898e-14,6.010769417389898e-14
0.36525,8572.931231753502,0.0,0.0,179.54555597726036,6.010870748210047e-14,6.010870748210047e-14
0.3653,8573.090522583352,0.0,0.0,179.54862597482983,6.01097491681319e-14,6.01097491681319e-14
0.36535,8573.24880089465,0.0,0.0,179.55176157051804,6.011078909106292e-14,6.011078909106292e-14
0.3654,8573.410004325997,0.0,0.0,179.55492417398258,6.011187057734048e-14,6.011187057734048e-14
0.36545,8573.570192505827,0.0,0.0,179.55815422011068,6.011293303126434e-14,6.011293303126434e-14
0.3655,8573.732310598762,0.0,0.0,179.5613931452689,6.011404593039447e-14,6.011404593039447e-14
0.36555000000000004,8573.893560352106,0.0,0.0,179.56469733782194,6.011512744164619e-14,6.011512744164619e-14
0.36560000000000004,8574.055631010551,0.0,0.0,179.56799628741032,6.011626263657463e-14,6.011626263657463e-14
0.36565000000000003,8574.217044781566,0.0,0.0,179.57135363588162,6.011735997444786e-14,6.011735997444786e-14
0.3657,8574.378150380096,0.0,0.0,179.5746960824284,6.011850807901428e-14,6.011850807901428e-14
0.36575,8574.538786582469,0.0,0.0,179.5780853449884,6.011961785657515e-14,6.011961785657515e-14
0.3658,8574.698055881117,0.0,0.0,179.58145431464663,6.012076967821404e-14,6.012076967821404e-14
0.36585,8574.856940519601,0.0,0.0,179.58485441215225,6.012188798443525e-14,6.012188798443525e-14
0.3659,8575.013544682004,0.0,0.0,179.5882323153953,6.012303492716913e-14,6.012303492716913e-14
0.36595,8575.169688057342,0.0,0.0,179.59162268065205,6.012415704751191e-14,6.012415704751191e-14
0.366,8575.322832404101,0.0,0.0,179.59499122713117,6.012529140507204e-14,6.012529140507204e-14
0.36605000000000004,8575.475248883939,0.0,0.0,179.5983520572141,6.01264116710229e-14,6.01264116710229e-14
0.36610000000000004,8575.624162592281,0.0,0.0,179.60169227814362,6.012752677817914e-14,6.012752677817914e-14
0.36615000000000003,8575.77189105141,0.0,0.0,179.60500467334006,6.01286385663656e-14,6.01286385663656e-14
0.3662,8575.915817180068,0.0,0.0,179.60829705775984,6.012972879845222e-14,6.012972879845222e-14
0.36625,8576.057939731983,0.0,0.0,179.61154304823813,6.013082467595624e-14,6.013082467595624e-14
0.3663,8576.196127772515,0.0,0.0,179.61476778213978,6.013188531058496e-14,6.013188531058496e-14
0.36635,8576.331784758966,0.0,0.0,179.6179302600828,6.01329573017308e-14,6.01329573017308e-14
0.3664,8576.463487383235,0.0,0.0,179.621067542273,6.013398427584215e-14,6.013398427584215e-14
0.36645,8576.591887269704,0.0,0.0,179.62413013040145,6.013502420878804e-14,6.013502420878804e-14
0.3665,8576.716362165569,0.0,0.0,179.62716052841242,6.0136013819322e-14,6.0136013819322e-14
0.36655000000000004,8576.83678581539,0.0,0.0,179.63010742361365,6.013701370026093e-14,6.013701370026093e-14
0.36660000000000004,8576.953302635322,0.0,0.0,179.63301222837043,6.013796230222449e-14,6.013796230222449e-14
0.36665000000000003,8577.065102328806,0.0,0.0,179.63582806055277,6.013891466412074e-14,6.013891466412074e-14
0.3667,8577.172953910429,0.0,0.0,179.63858960040506,6.01398184174235e-14,6.01398184174235e-14
0.36675,8577.275548260444,0.0,0.0,179.64125934166057,6.014071659594844e-14,6.014071659594844e-14
0.3668,8577.374064614178,0.0,0.0,179.6438612242623,6.014157130185843e-14,6.014157130185843e-14
0.36685,8577.466931086392,0.0,0.0,179.64637017302496,6.014240960550489e-14,6.014240960550489e-14
0.3669,8577.555494224292,0.0,0.0,179.64879743594167,6.014321065637817e-14,6.014321065637817e-14
0.36695,8577.638161239069,0.0,0.0,179.65113128687756,6.01439844155326e-14,6.01439844155326e-14
0.367,8577.716218843894,0.0,0.0,179.65337045265153,6.014472686235144e-14,6.014472686235144e-14
0.36705000000000004,8577.78825934167,0.0,0.0,179.6555154478989,6.014543236214928e-14,6.014543236214928e-14
0.36710000000000004,8577.855335525357,0.0,0.0,179.65755449411543,6.014611108420606e-14,6.014611108420606e-14
0.36715000000000003,8577.91636349123,0.0,0.0,179.65949763768364,6.014674540455209e-14,6.014674540455209e-14
0.3672,8577.972065416,0.0,0.0,179.66132590501846,6.014735535001793e-14,6.014735535001793e-14
0.36725,8578.021736213987,0.0,0.0,179.66305521182804,6.014791614961057e-14,6.014791614961057e-14
0.3673,8578.065756071566,0.0,0.0,179.66466328113913,6.014845260517702e-14,6.014845260517702e-14
0.36735,8578.103770678701,0.0,0.0,179.6661680269383,6.014893789405919e-14,6.014893789405919e-14
0.3674,8578.13588329092,0.0,0.0,179.66754759901545,6.014939673893093e-14,6.014939673893093e-14
0.36745,8578.161995765311,0.0,0.0,179.6688185379052,6.014980468306717e-14,6.014980468306717e-14
0.3675,8578.182052782353,0.0,0.0,179.6699623462409,6.015018258729871e-14,6.015018258729871e-14
0.36755000000000004,8578.196079674944,0.0,0.0,179.6709918685608,6.015051138099536e-14,6.015051138099536e-14
0.36760000000000004,8578.20400186246,0.0,0.0,179.67189364715261,6.015080591895157e-14,6.015080591895157e-14
0.36765000000000003,8578.205831904606,0.0,0.0,179.6726758608582,6.01510537468141e-14,6.01510537468141e-14
0.3677,8578.201601258235,0.0,0.0,179.67333037715022,6.015126341246026e-14,6.015126341246026e-14
0.36775,8578.19120357288,0.0,0.0,179.6738611087235,6.015142850526247e-14,6.015142850526247e-14
0.3678,8578.174856931744,0.0,0.0,179.6742642584385,6.015155263319521e-14,6.015155263319521e-14
0.36785,8578.152286248367,0.0,0.0,179.6745409825981,6.015163340450165e-14,6.015163340450165e-14
0.3679,8578.123911713546,0.0,0.0,179.67468993073462,6.015167201721164e-14,6.015167201721164e-14
0.36795,8578.08930956442,0.0,0.0,179.67471164949976,6.015166725260863e-14,6.015166725260863e-14
0.368,8578.049046428649,0.0,0.0,179.67460499229512,6.015162086696505e-14,6.015162086696505e-14
0.36805000000000004,8578.00263798481,0.0,0.0,179.67437209142102,6.015152992833604e-14,6.015152992833604e-14
0.36810000000000004,8577.950680152739,0.0,0.0,179.6740100092141,6.015139936093986e-14,6.015139936093986e-14
0.36815000000000003,8577.892767099986,0.0,0.0,179.67352412240024,6.015122236545753e-14,6.015122236545753e-14
0.3682,8577.829369247418,0.0,0.0,179.67290849385842,6.015100857602933e-14,6.015100857602933e-14
0.36825,8577.760319786172,0.0,0.0,179.67217240205844,6.01507465141104e-14,6.01507465141104e-14
0.3683,8577.685804904992,0.0,0.0,179.67130685604067,6.015045051857866e-14,6.015045051857866e-14
0.36835,8577.606042450987,0.0,0.0,179.67032444121463,6.01501052858826e-14,6.01501052858826e-14
0.3684,8577.520809060188,0.0,0.0,179.66921433260597,6.014972815743465e-14,6.014972815743465e-14
0.36845,8577.430801456783,0.0,0.0,179.6679905937399,6.014930249137367e-14,6.014930249137367e-14
0.3685,8577.3353286897,0.0,0.0,179.6666429021859,6.014884545098421e-14,6.014884545098421e-14
0.36855000000000004,8577.235579652262,0.0,0.0,179.6651840283568,6.014834277919746e-14,6.014834277919746e-14
0.36860000000000004,8577.130428690776,0.0,0.0,179.66360719178547,6.014780735971914e-14,6.014780735971914e-14
0.36865000000000003,8577.021472813121,0.0,0.0,179.661920674759,6.014723158423526e-14,6.014723158423526e-14
0.3687,8576.907283664359,0.0,0.0,179.66012438067332,6.014661983727783e-14,6.014661983727783e-14
0.36875,8576.789685682366,0.0,0.0,179.65821914014202,6.01459750900837e-14,6.01459750900837e-14
0.3688,8576.667169032537,0.0,0.0,179.65621410496826,6.014528979548008e-14,6.014528979548008e-14
0.36885,8576.541527250974,0.0,0.0,179.65410059478032,6.014458020772972e-14,6.014458020772972e-14
0.3689,8576.41145193043,0.0,0.0,179.65189836372278,6.014382504251023e-14,6.014382504251023e-14
0.36895,8576.278404936564,0.0,0.0,179.64958862822104,6.014305456862229e-14,6.014305456862229e-14
0.369,8576.141582279071,0.0,0.0,179.6472014246465,6.014223419782279e-14,6.014223419782279e-14
0.36905000000000004,8576.001817380504,0.0,0.0,179.644709080533,6.014140652752962e-14,6.014140652752962e-14
0.36910000000000004,8575.859084327622,0.0,0.0,179.64214972529945,6.014052659058958e-14,6.014052659058958e-14
0.36915000000000003,8575.713345732165,0.0,0.0,179.63948985532244,6.013964516805392e-14,6.013964516805392e-14
0.36920000000000003,8575.565548799696,0.0,0.0,179.63677176403502,6.013871215166334e-14,6.013871215166334e-14
0.36925,8575.414643437645,0.0,0.0,179.63396072250987,6.013778030216472e-14,6.013778030216472e-14
0.3693,8575.262625615727,0.0,0.0,179.63109797441288,6.013680130926286e-14,6.013680130926286e-14
0.36935,8575.107424746082,0.0,0.0,179.6281531189311,6.01358224554177e-14,6.01358224554177e-14
0.3694,8574.952016984194,0.0,0.0,179.62516057739904,6.013480489794848e-14,6.013480489794848e-14
0.36945,8574.79345229921,0.0,0.0,179.62209995362997,6.013378283002924e-14,6.013378283002924e-14
0.3695,8574.635470551537,0.0,0.0,179.61899340736113,6.013273408760965e-14,6.013273408760965e-14
0.36955000000000005,8574.474524283618,0.0,0.0,179.61583542250236,6.013167324130317e-14,6.013167324130317e-14
0.36960000000000004,8574.314772207204,0.0,0.0,179.61263171044055,6.01306003351224e-14,6.01306003351224e-14
0.36965000000000003,8574.152461685293,0.0,0.0,179.60939483405085,6.01295060257666e-14,6.01295060257666e-14
0.36970000000000003,8573.991738155686,0.0,0.0,179.60611191699337,6.012841535778776e-14,6.012841535778776e-14
0.36975,8573.829096133088,0.0,0.0,179.6028144449458,6.012729392406893e-14,6.012729392406893e-14
0.3698,8573.668205925489,0.0,0.0,179.59947139291566,6.012619112292358e-14,6.012619112292358e-14
0.36985,8573.506258739322,0.0,0.0,179.59613130133155,6.012504994575449e-14,6.012504994575449e-14
0.3699,8573.34602410908,0.0,0.0,179.5927481773464,6.012393984602724e-14,6.012393984602724e-14
0.36995,8573.185770155613,0.0,0.0,179.58938307980563,6.012278722588331e-14,6.012278722588331e-14
0.37,8573.027040818519,0.0,0.0,179.58598071594847,6.012167398739611e-14,6.012167398739611e-14
0.37005,8572.869431885396,0.0,0.0,179.5826079210856,6.012051888598465e-14,6.012051888598465e-14
0.37010000000000004,8572.713091009053,0.0,0.0,179.57920759942516,6.011940623730951e-14,6.011940623730951e-14
0.37015000000000003,8572.559018692302,0.0,0.0,179.5758442496672,6.011825791042426e-14,6.011825791042426e-14
0.37020000000000003,8572.405983039853,0.0,0.0,179.57246731600122,6.011714948106013e-14,6.011714948106013e-14
0.37025,8572.256271770928,0.0,0.0,179.56913057432385,6.011601704806611e-14,6.011601704806611e-14
0.3703,8572.107484960841,0.0,0.0,179.56579802439103,6.011491673705508e-14,6.011491673705508e-14
0.37035,8571.962892259688,0.0,0.0,179.5625052668462,6.011380874427551e-14,6.011380874427551e-14
0.3704,8571.819311116542,0.0,0.0,179.5592373506811,6.011272106581442e-14,6.011272106581442e-14
0.37045,8571.680534608293,0.0,0.0,179.55600631966726,6.011164510393813e-14,6.011164510393813e-14
0.3705,8571.543109656854,0.0,0.0,179.55282220899232,6.011057545074815e-14,6.011057545074815e-14
0.37055,8571.410799387859,0.0,0.0,179.54967108648836,6.010953788149872e-14,6.010953788149872e-14
0.37060000000000004,8571.280451450932,0.0,0.0,179.5465886424078,6.010849265728836e-14,6.010849265728836e-14
0.37065000000000003,8571.155225216646,0.0,0.0,179.5435360131568,6.010749848926151e-14,6.010749848926151e-14
0.37070000000000003,8571.032820771057,0.0,0.0,179.54057167791004,6.01064850799872e-14,6.01064850799872e-14
0.37075,8570.915279661715,0.0,0.0,179.53763636840208,6.010553801375283e-14,6.010553801375283e-14
0.3708,8570.801607872649,0.0,0.0,179.5348051874349,6.010456459021523e-14,6.010456459021523e-14
0.37085,8570.692349179819,0.0,0.0,179.53200598511387,6.010366722760931e-14,6.010366722760931e-14
0.3709,8570.588103408141,0.0,0.0,179.52932174685316,6.010274239820785e-14,6.010274239820785e-14
0.37095,8570.487728352327,0.0,0.0,179.52667702250724,6.010189658650033e-14,6.010189658650033e-14
0.371,8570.393494376902,0.0,0.0,179.52415248574636,6.010102894093901e-14,6.010102894093901e-14
0.37105,8570.3026088807,0.0,0.0,179.52167975769228,6.010023620204615e-14,6.010023620204615e-14
0.37110000000000004,8570.218861169496,0.0,0.0,179.51932692317476,6.009943380526858e-14,6.009943380526858e-14
0.37115000000000004,8570.138068898099,0.0,0.0,179.5170424121385,6.009869578547384e-14,6.009869578547384e-14
0.37120000000000003,8570.06517518174,0.0,0.0,179.51487278782537,6.009796568946151e-14,6.009796568946151e-14
0.37125,8569.995063238552,0.0,0.0,179.51279101475305,6.009728456160179e-14,6.009728456160179e-14
0.3713,8569.933296451229,0.0,0.0,179.51081582461686,6.009663240195981e-14,6.009663240195981e-14
0.37135,8569.874415239925,0.0,0.0,179.50894929931727,6.009601115636448e-14,6.009601115636448e-14
0.3714,8569.823970883048,0.0,0.0,179.50717959342552,6.009544089035905e-14,6.009544089035905e-14
0.37145,8569.77681054447,0.0,0.0,179.50553863053742,6.009488346700813e-14,6.009488346700813e-14
0.3715,8569.73782674309,0.0,0.0,179.50398526857225,6.009439728966779e-14,6.009439728966779e-14
0.37155,8569.70279317589,0.0,0.0,179.50257795039926,6.009390852609022e-14,6.009390852609022e-14
0.37160000000000004,8569.675370331772,0.0,0.0,179.50125144961714,6.009350697739256e-14,6.009350697739256e-14
0.37165000000000004,8569.652763915752,0.0,0.0,179.50008373533367,6.009309237363118e-14,6.009309237363118e-14
0.37170000000000003,8569.63698094518,0.0,0.0,179.4989939944517,6.009277462157093e-14,6.009277462157093e-14
0.37175,8569.62698080204,0.0,0.0,179.498069954993,6.009243995107181e-14,6.009243995107181e-14
0.3718,8569.622905445152,0.0,0.0,179.49722588462498,6.009220421113588e-14,6.009220421113588e-14
0.37185,8569.625561329545,0.0,0.0,179.4965480251609,6.009195502839304e-14,6.009195502839304e-14
0.3719,8569.633252936834,0.0,0.0,179.49595713029873,6.00917990597083e-14,6.00917990597083e-14
0.37195,8569.648485825288,0.0,0.0,179.49552675022653,6.009164017241253e-14,6.009164017241253e-14
0.372,8569.667990123748,0.0,0.0,179.4951947186431,6.009156177935728e-14,6.009156177935728e-14
0.37205,8569.69560139344,0.0,0.0,179.4950122542532,6.009149675748812e-14,6.009149675748812e-14
0.37210000000000004,8569.726937962918,0.0,0.0,179.49494260533328,6.009149422516218e-14,6.009149422516218e-14
0.37215000000000004,8569.766625858785,0.0,0.0,179.49500790353304,6.009152501567532e-14,6.009152501567532e-14
0.37220000000000003,8569.809770130603,0.0,0.0,179.49520174473398,6.009159741591311e-14,6.009159741591311e-14
0.37225,8569.861151266323,0.0,0.0,179.49551422698624,6.009172411678172e-14,6.009172411678172e-14
0.3723,8569.916013687205,0.0,0.0,179.4959701510166,6.009187144135351e-14,6.009187144135351e-14
0.37235,8569.97864664099,0.0,0.0,179.49652884340836,6.009209226618026e-14,6.009209226618026e-14
0.3724,8570.04505210097,0.0,0.0,179.49724298026194,6.009231536784822e-14,6.009231536784822e-14
0.37245,8570.11845996185,0.0,0.0,179.49804640593064,6.00926268063245e-14,6.00926268063245e-14
0.3725,8570.196130550743,0.0,0.0,179.49901262295893,6.009292715716672e-14,6.009292715716672e-14
0.37255,8570.279819485873,0.0,0.0,179.50005857390676,6.009332430809111e-14,6.009332430809111e-14
0.37260000000000004,8570.368363217893,0.0,0.0,179.50126879717132,6.009370361086394e-14,6.009370361086394e-14
0.37265000000000004,8570.461834776575,0.0,0.0,179.50255402079586,6.009418064163888e-14,6.009418064163888e-14
0.37270000000000003,8570.560742062646,0.0,0.0,179.5039986349156,6.009464035075521e-14,6.009464035075521e-14
0.37275,8570.663497919084,0.0,0.0,179.50551848361008,6.009519101890658e-14,6.009519101890658e-14
0.3728,8570.772146506217,0.0,0.0,179.50718675756218,6.009573184122661e-14,6.009573184122661e-14
0.37285,8570.883685464321,0.0,0.0,179.50893485566223,6.009635000610696e-14,6.009635000610696e-14
0.3729,8571.00135338206,0.0,0.0,179.5108153398352,6.009697145299073e-14,6.009697145299073e-14
0.37295,8571.121161647816,0.0,0.0,179.5127833201656,6.00976515081479e-14,6.00976515081479e-14
0.373,8571.247046607787,0.0,0.0,179.5148641657397,6.009835156340444e-14,6.009835156340444e-14
0.37305,8571.374583296058,0.0,0.0,179.51704151841182,6.009908873204653e-14,6.009908873204653e-14
0.37310000000000004,8571.507826159554,0.0,0.0,179.51931068287158,6.009986368228963e-14,6.009986368228963e-14
0.37315000000000004,8571.642506698954,0.0,0.0,179.52168474333055,6.01006541398681e-14,6.01006541398681e-14
0.37320000000000003,8571.782216112593,0.0,0.0,179.52413006370566,6.010149859067071e-14,6.010149859067071e-14
0.37325,8571.923396481981,0.0,0.0,179.5266861476294,6.01023394031545e-14,6.01023394031545e-14
0.3733,8572.068671745415,0.0,0.0,179.5292952832148,6.010324647790751e-14,6.010324647790751e-14
0.37335,8572.215636305782,0.0,0.0,179.532016955682,6.01041353723792e-14,6.01041353723792e-14
0.3734,8572.365585875541,0.0,0.0,179.5347772214802,6.010509706459749e-14,6.010509706459749e-14
0.37345,8572.517541014053,0.0,0.0,179.537646669747,6.01060320720539e-14,6.01060320720539e-14
0.3735,8572.671294790702,0.0,0.0,179.54054479787376,6.010703970189252e-14,6.010703970189252e-14
0.37355,8572.827369692557,0.0,0.0,179.54354326377714,6.010801873016425e-14,6.010801873016425e-14
0.37360000000000004,8572.984084215397,0.0,0.0,179.54656514020405,6.010906344141451e-14,6.010906344141451e-14
0.37365000000000004,8573.143339054533,0.0,0.0,179.54967336149363,6.01100838450118e-14,6.01100838450118e-14
0.37370000000000003,8573.302195796654,0.0,0.0,179.55280378844327,6.011115707586609e-14,6.011115707586609e-14
0.37375,8573.463636553462,0.0,0.0,179.55600239907466,6.011221528759966e-14,6.011221528759966e-14
0.3738,8573.623834542139,0.0,0.0,179.55922492879643,6.011330915360239e-14,6.011330915360239e-14
0.37385,8573.78643274843,0.0,0.0,179.56249477618084,6.01144004328847e-14,6.01144004328847e-14
0.3739,8573.947177511125,0.0,0.0,179.56579165061046,6.011550797533736e-14,6.011550797533736e-14
0.37395,8574.109892581764,0.0,0.0,179.56911400161485,6.011662630848776e-14,6.011662630848776e-14
0.374,8574.27038390811,0.0,0.0,179.57246621638387,6.011774158294855e-14,6.011774158294855e-14
0.37405,8574.432185431326,0.0,0.0,179.57582284138672,6.011887974849611e-14,6.011887974849611e-14
0.37410000000000004,8574.591606502054,0.0,0.0,179.57921033429145,6.011999775168406e-14,6.011999775168406e-14
0.37415000000000004,8574.751493997263,0.0,0.0,179.58258347706632,6.012114753884025e-14,6.012114753884025e-14
0.37420000000000003,8574.909004123929,0.0,0.0,179.58598542327096,6.01222639969523e-14,6.01222639969523e-14
0.37425,8575.066022240202,0.0,0.0,179.5893576811189,6.012341654381132e-14,6.012341654381132e-14
0.3743,8575.22075481746,0.0,0.0,179.59275286264474,6.012452760400693e-14,6.012452760400693e-14
0.37435,8575.374002730901,0.0,0.0,179.59610701356337,6.012567380629575e-14,6.012567380629575e-14
0.3744,8575.52506912686,0.0,0.0,179.59947422116767,6.012677568643658e-14,6.012677568643658e-14
0.37445,8575.673703805161,0.0,0.0,179.6027930411528,6.012790661879158e-14,6.012790661879158e-14
0.3745,8575.820202986803,0.0,0.0,179.60611146375024,6.012899527391855e-14,6.012899527391855e-14
0.37455,8575.963436925893,0.0,0.0,179.60937757684192,6.013010256710683e-14,6.013010256710683e-14
0.37460000000000004,8576.104469722592,0.0,0.0,179.61262713742704,6.013117342584281e-14,6.013117342584281e-14
0.37465000000000004,8576.241564560974,0.0,0.0,179.6158229340811,6.013224955167866e-14,6.013224955167866e-14
0.37470000000000003,8576.376250809499,0.0,0.0,179.61898454089336,6.013329736283946e-14,6.013329736283946e-14
0.37475,8576.506508756967,0.0,0.0,179.6220921880293,6.01343357951143e-14,6.01343357951143e-14
0.3748,8576.634005186768,0.0,0.0,179.62514788375168,6.013535460537379e-14,6.013535460537379e-14
0.37485,8576.756760427483,0.0,0.0,179.62814943443672,6.013634984508203e-14,6.013634984508203e-14
0.3749,8576.876277119178,0.0,0.0,179.63108244227885,6.013733310798397e-14,6.013733310798397e-14
0.37495,8576.99088919037,0.0,0.0,179.6339600369662,6.013828058232916e-14,6.013828058232916e-14
0.375,8577.101702755923,0.0,0.0,179.6367547179507,6.013922137803692e-14,6.013922137803692e-14
0.37505,8577.207553451473,0.0,0.0,179.6394908550292,6.014011724197554e-14,6.014011724197554e-14
0.37510000000000004,8577.309015665604,0.0,0.0,179.64213260331746,6.014100857140923e-14,6.014100857140923e-14
0.37515000000000004,8577.40551031186,0.0,0.0,179.64471044656918,6.014184945361463e-14,6.014184945361463e-14
0.37520000000000003,8577.497051700973,0.0,0.0,179.64718555732736,6.014268456070106e-14,6.014268456070106e-14
0.37525000000000003,8577.583624845836,0.0,0.0,179.64958924321743,6.014346730272941e-14,6.014346730272941e-14
0.3753,8577.664753542784,0.0,0.0,179.65188478928832,6.014423997631769e-14,6.014423997631769e-14
0.37535,8577.740878320594,0.0,0.0,179.6540996983412,6.014496141147479e-14,6.014496141147479e-14
0.3754,8577.811175227254,0.0,0.0,179.65620344778097,6.01456662244216e-14,6.01456662244216e-14
0.37545,8577.876375024756,0.0,0.0,179.65821641123634,6.014632303376148e-14,6.014632303376148e-14
0.3755,8577.935486843337,0.0,0.0,179.66011680845986,6.014695548846906e-14,6.014695548846906e-14
0.37555,8577.989347521425,0.0,0.0,179.6619162326425,6.014754415612589e-14,6.014754415612589e-14
0.37560000000000004,8578.036979453285,0.0,0.0,179.66360245322116,6.014810072287046e-14,6.014810072287046e-14
0.37565000000000004,8578.079160301142,0.0,0.0,179.66517835765302,6.014861759463481e-14,6.014861759463481e-14
0.37570000000000003,8578.115070135425,0.0,0.0,179.66664043289555,6.014909564695725e-14,6.014909564695725e-14
0.37575000000000003,8578.145311977887,0.0,0.0,179.6679844118484,6.014953707817245e-14,6.014953707817245e-14
0.3758,8578.169306911324,0.0,0.0,179.66921340653442,6.014993474669869e-14,6.014993474669869e-14
0.37585,8578.187436291493,0.0,0.0,179.67031853520496,6.015029731029304e-14,6.015029731029304e-14
0.3759,8578.199373222036,0.0,0.0,179.67130675230922,6.015061328908305e-14,6.015061328908305e-14
0.37595,8578.205302257638,0.0,0.0,179.67216746625647,6.015089400538134e-14,6.015089400538134e-14
0.376,8578.205091569438,0.0,0.0,179.67290864771184,6.01511273513864e-14,6.01511273513864e-14
0.37605,8578.198813815294,0.0,0.0,179.67352062646347,6.015132389859475e-14,6.015132389859475e-14
0.37610000000000005,8578.186425960836,0.0,0.0,179.67401011965174,6.015147386428119e-14,6.015147386428119e-14
0.37615000000000004,8578.168009271616,0.0,0.0,179.67437020219074,6.015158473321076e-14,6.015158473321076e-14
0.37620000000000003,8578.143482874397,0.0,0.0,179.67460506769217,6.015165066453765e-14,6.015165066453765e-14
0.37625000000000003,8578.113060743273,0.0,0.0,179.67471121952585,6.015167523184498e-14,6.015167523184498e-14
0.3763,8578.076510596244,0.0,0.0,179.6746902656221,6.015165655059365e-14,6.015165655059365e-14
0.37635,8578.034273660454,0.0,0.0,179.67454160576472,6.015159505976153e-14,6.015159505976153e-14
0.3764,8577.985896938171,0.0,0.0,179.67426534751692,6.015149133259636e-14,6.015149133259636e-14
0.37645,8577.932086255623,0.0,0.0,179.67386223100388,6.015134478856107e-14,6.015134478856107e-14
0.3765,8577.872165506062,0.0,0.0,179.6733327842886,6.015115586844772e-14,6.015115586844772e-14
0.37655,8577.807068830272,0.0,0.0,179.67267692401117,6.01509258672533e-14,6.01509258672533e-14
0.3766,8577.73597081649,0.0,0.0,179.67189785553563,6.015065207875278e-14,6.015065207875278e-14
0.37665000000000004,8577.659922496965,0.0,0.0,179.67099245830926,6.01503406053225e-14,6.01503406053225e-14
0.37670000000000003,8577.578092642902,0.0,0.0,179.66996861951245,6.014998293645286e-14,6.014998293645286e-14
0.37675000000000003,8577.491477048268,0.0,0.0,179.66881850692045,6.014959216948758e-14,6.014959216948758e-14
0.3768,8577.39942998268,0.0,0.0,179.6675558815953,6.014915243061996e-14,6.014915243061996e-14
0.37685,8577.30268762474,0.0,0.0,179.66616756706247,6.014868459265284e-14,6.014868459265284e-14
0.3769,8577.200994989811,0.0,0.0,179.6646731591438,6.014816550799359e-14,6.014816550799359e-14
0.37695,8577.094629924994,0.0,0.0,179.66305485876578,6.014762279070856e-14,6.014762279070856e-14
0.377,8576.983907110138,0.0,0.0,179.66133663854035,6.01470279990025e-14,6.01470279990025e-14
0.37705,8576.868493838521,0.0,0.0,179.65949820343144,6.014641258059633e-14,6.014641258059633e-14
0.3771,8576.749387511234,0.0,0.0,179.65756511880807,6.014574653730828e-14,6.014574653730828e-14
0.37715000000000004,8576.625575534496,0.0,0.0,179.65551788940928,6.014506069157094e-14,6.014506069157094e-14
0.37720000000000004,8576.498753751004,0.0,0.0,179.65337993579752,6.014432848208683e-14,6.014432848208683e-14
0.37725000000000003,8576.367268212869,0.0,0.0,179.65113653158465,6.014357476172927e-14,6.014357476172927e-14
0.3773,8576.23341447694,0.0,0.0,179.64880486161724,6.014278185106913e-14,6.014278185106913e-14
0.37735,8576.095051866421,0.0,0.0,179.64637893073407,6.01419633127551e-14,6.01419633127551e-14
0.3774,8575.95486385458,0.0,0.0,179.6438659757026,6.014111526975546e-14,6.014111526975546e-14
0.37745,8575.81048249303,0.0,0.0,179.64127193629452,6.014023569878291e-14,6.014023569878291e-14
0.3775,8575.664675359702,0.0,0.0,179.63859150643168,6.013933793851713e-14,6.013933793851713e-14
0.37755,8575.515181236122,0.0,0.0,179.6358443135372,6.013840202857853e-14,6.013840202857853e-14
0.3776,8575.364494586262,0.0,0.0,179.6330116451413,6.013745961608229e-14,6.013745961608229e-14
0.37765000000000004,8575.210823872369,0.0,0.0,179.63012661340255,6.01364730644313e-14,6.01364730644313e-14
0.37770000000000004,8575.056030795708,0.0,0.0,179.6271583372639,6.013549061413166e-14,6.013549061413166e-14
0.37775000000000003,8574.899130971751,0.0,0.0,179.62415104088643,6.01344601050239e-14,6.01344601050239e-14
0.3778,8574.741047056064,0.0,0.0,179.62106505763654,6.013344179580377e-14,6.013344179580377e-14
0.37785,8574.581858884412,0.0,0.0,179.6179513162387,6.013237486188193e-14,6.013237486188193e-14
0.3779,8574.421349001079,0.0,0.0,179.61476657838148,6.013132456919174e-14,6.013132456919174e-14
0.37795,8574.260791538409,0.0,0.0,179.61156252264686,6.01302293406137e-14,6.01302293406137e-14
0.378,8574.098772402764,0.0,0.0,179.60829873788515,6.012915086695809e-14,6.012915086695809e-14
0.37805,8573.93773286307,0.0,0.0,179.6050209346165,6.012803573661085e-14,6.012803573661085e-14
0.3781,8573.775169935408,0.0,0.0,179.60169821826773,6.012693310462817e-14,6.012693310462817e-14
0.37815000000000004,8573.614499507901,0.0,0.0,179.59836382293082,6.012580635286537e-14,6.012580635286537e-14
0.37820000000000004,8573.45239761657,0.0,0.0,179.59500233649524,6.012468411213542e-14,6.012468411213542e-14
0.37825000000000003,8573.292913465202,0.0,0.0,179.59162923462904,6.012355354328449e-14,6.012355354328449e-14
0.3783,8573.132301473916,0.0,0.0,179.58824885134493,6.012241703746374e-14,6.012241703746374e-14
0.37835,8572.97479417242,0.0,0.0,179.5848557495538,6.012128968058854e-14,6.012128968058854e-14
0.3784,8572.81670496775,0.0,0.0,179.58147578522812,6.012014522461015e-14,6.012014522461015e-14
0.37845,8572.661949751282,0.0,0.0,179.57808221821455,6.011902714405744e-14,6.011902714405744e-14
0.3785,8572.507397586984,0.0,0.0,179.57472125696475,6.011788207293086e-14,6.011788207293086e-14
0.37855,8572.356167149612,0.0,0.0,179.57134748846173,6.011677831852982e-14,6.011677831852982e-14
0.3786,8572.206124895674,0.0,0.0,179.5680233194144,6.011564088794243e-14,6.011564088794243e-14
0.37865000000000004,8572.059201128814,0.0,0.0,179.56469013034325,6.011455559500726e-14,6.011455559500726e-14
0.37870000000000004,8571.914580084875,0.0,0.0,179.56141979476018,6.01134347356118e-14,6.01134347356118e-14
0.37875000000000003,8571.77276224087,0.0,0.0,179.5581481691152,6.011237136192632e-14,6.011237136192632e-14
0.3788,8571.634396902873,0.0,0.0,179.5549481003988,6.011127631261704e-14,6.011127631261704e-14
0.37885,8571.49850411264,0.0,0.0,179.5517588356121,6.011023797797373e-14,6.011023797797373e-14
0.3789,8571.367143645588,0.0,0.0,179.54864505977812,6.010917784226246e-14,6.010917784226246e-14
0.37895,8571.238010534988,0.0,0.0,179.5455583410922,6.010816771941823e-14,6.010816771941823e-14
0.379,8571.114317769681,0.0,0.0,179.54254669501307,6.010715100294653e-14,6.010715100294653e-14
0.37905,8570.992782923518,0.0,0.0,179.53958168058386,6.010617269839337e-14,6.010617269839337e-14
0.3791,8570.877340648929,0.0,0.0,179.53668800130424,6.010520689030179e-14,6.010520689030179e-14
0.37915000000000004,8570.764228756912,0.0,0.0,179.53386246516652,6.010426475339332e-14,6.010426475339332e-14
0.37920000000000004,8570.657552003118,0.0,0.0,179.5311027066809,6.010335600980914e-14,6.010335600980914e-14
0.37925000000000003,8570.55365151753,0.0,0.0,179.5284327800489,6.010245531681092e-14,6.010245531681092e-14
0.3793,8570.456203657743,0.0,0.0,179.52582302383598,6.01016082920335e-14,6.01016082920335e-14
0.37935,8570.362242515435,0.0,0.0,179.52332306236923,6.0100755269443e-14,6.0100755269443e-14
0.3794,8570.274452428488,0.0,0.0,179.52087940331202,6.009997311939241e-14,6.009997311939241e-14
0.37945,8570.191074788483,0.0,0.0,179.5185619907235,6.00991747938133e-14,6.00991747938133e-14
0.3795,8570.113352146027,0.0,0.0,179.5163002986373,6.009845935275192e-14,6.009845935275192e-14
0.37955,8570.041099023558,0.0,0.0,179.51417637785826,6.009772324001201e-14,6.009772324001201e-14
0.3796,8569.973845034048,0.0,0.0,179.51211195388586,6.00970753456305e-14,6.00970753456305e-14
0.37965000000000004,8569.913141256955,0.0,0.0,179.51019105879303,6.009640901665033e-14,6.009640901665033e-14
0.37970000000000004,8569.85675283889,0.0,0.0,179.50833822257883,6.009582893704937e-14,6.009582893704937e-14
0.37975000000000003,8569.807901912673,0.0,0.0,179.50662876873318,6.009523951622325e-14,6.009523951622325e-14
0.3798,8569.762768261515,0.0,0.0,179.5050004239821,6.00947274165258e-14,6.00947274165258e-14
0.37985,8569.725955654732,0.0,0.0,179.503510008229,6.009422108038233e-14,6.009422108038233e-14
0.3799,8569.69244728277,0.0,0.0,179.5021172391641,6.009377745961043e-14,6.009377745961043e-14
0.37995,8569.667751500343,0.0,0.0,179.50085289662803,6.009335900407728e-14,6.009335900407728e-14
0.38,8569.646202981607,0.0,0.0,179.499704645189,6.009298503695127e-14,6.009298503695127e-14
0.38005,8569.633612699477,0.0,0.0,179.49867301851208,6.009265757333759e-14,6.009265757333759e-14
0.3801,8569.624301313575,0.0,0.0,179.4977758821402,6.009235530387731e-14,6.009235530387731e-14
0.38015000000000004,8569.623736040468,0.0,0.0,179.49698327090024,6.009212012620764e-14,6.009212012620764e-14
0.38020000000000004,8569.626859158347,0.0,0.0,179.49634144489494,6.009189248206873e-14,6.009189248206873e-14
0.38025000000000003,8569.638190403555,0.0,0.0,179.49579372110944,6.009174912422552e-14,6.009174912422552e-14
0.3803,8569.65384471619,0.0,0.0,179.49540909004082,6.009159974599409e-14,6.009159974599409e-14
0.38035,8569.676914626796,0.0,0.0,179.4951114859226,6.009154622124414e-14,6.009154622124414e-14
0.3804,8569.705080091186,0.0,0.0,179.49498384831452,6.009147912833027e-14,6.009147912833027e-14
0.38045,8569.739714930842,0.0,0.0,179.49494064194363,6.009151231715289e-14,6.009151231715289e-14
0.3805,8569.780245708598,0.0,0.0,179.49506803435992,6.009153145601546e-14,6.009153145601546e-14
0.38055,8569.826262337087,0.0,0.0,179.49528217483476,6.009164758802232e-14,6.009164758802232e-14
0.3806,8569.878886032728,0.0,0.0,179.4956612482439,6.009175632533187e-14,6.009175632533187e-14
0.38065000000000004,8569.936090621732,0.0,0.0,179.49613397176185,6.009195148713356e-14,6.009195148713356e-14
0.38070000000000004,8570.000416004497,0.0,0.0,179.49676036662984,6.00921521195001e-14,6.00921521195001e-14
0.38075000000000003,8570.068595370316,0.0,0.0,179.49749085738813,6.009242271714454e-14,6.009242271714454e-14
0.3808,8570.144127606705,0.0,0.0,179.4983595252488,6.009271606592989e-14,6.009271606592989e-14
0.38085,8570.223034665778,0.0,0.0,179.4993446696905,6.009305917756666e-14,6.009305917756666e-14
0.3809,8570.30919607238,0.0,0.0,179.50045009784577,6.009344432605745e-14,6.009344432605745e-14
0.38095,8570.398531783183,0.0,0.0,179.50168436838663,6.009385789614163e-14,6.009385789614163e-14
0.381,8570.494685412481,0.0,0.0,179.50302067952407,6.009433210557208e-14,6.009433210557208e-14
0.38105,8570.59408009748,0.0,0.0,179.50449616636377,6.009481495604305e-14,6.009481495604305e-14
0.3811,8570.699553127495,0.0,0.0,179.506057084027,6.009537377182166e-14,6.009537377182166e-14
0.38115000000000004,8570.808550163736,0.0,0.0,179.5077636735018,6.00959254315769e-14,6.00959254315769e-14
0.38120000000000004,8570.922654201568,0.0,0.0,179.50954236466842,6.009656296462917e-14,6.009656296462917e-14
0.38125000000000003,8571.040698714905,0.0,0.0,179.51146804284534,6.009718334575927e-14,6.009718334575927e-14
0.38130000000000003,8571.16274464309,0.0,0.0,179.5134568673224,6.009789268898636e-14,6.009789268898636e-14
0.38135,8571.28917913777,0.0,0.0,179.51558811099832,6.009858165970864e-14,6.009858165970864e-14
0.3814,8571.41848500567,0.0,0.0,179.51777832127806,6.009935538206369e-14,6.009935538206369e-14
0.38145,8571.55255285072,0.0,0.0,179.52010052762765,6.010011230069017e-14,6.010011230069017e-14
0.3815,8571.688444383673,0.0,0.0,179.52248197019458,6.010094295063869e-14,6.010094295063869e-14
0.38155,8571.829300989648,0.0,0.0,179.52497987254392,6.010176622995101e-14,6.010176622995101e-14
0.3816,8571.971105382396,0.0,0.0,179.52754074144042,6.010264678080886e-14,6.010264678080886e-14
0.38165000000000004,8572.117835828363,0.0,0.0,179.5301987624661,6.010353354607125e-14,6.010353354607125e-14
0.38170000000000004,8572.264870488178,0.0,0.0,179.53292544830947,6.010445772514972e-14,6.010445772514972e-14
0.38175000000000003,8572.416511503041,0.0,0.0,179.53572795275542,6.010540361523586e-14,6.010540361523586e-14
0.38180000000000003,8572.568070099805,0.0,0.0,179.53860501661003,6.010636607678335e-14,6.010636607678335e-14
0.38185,8572.723633769952,0.0,0.0,179.54153644163165,6.01073652157099e-14,6.01073652157099e-14
0.3819,8572.878972309745,0.0,0.0,179.54454672532444,6.010836154163486e-14,6.010836154163486e-14
0.38195,8573.037468729617,0.0,0.0,179.54759158540756,6.010940668354674e-14,6.010940668354674e-14
0.382,8573.195794288653,0.0,0.0,179.55071645069614,6.011043322073492e-14,6.011043322073492e-14
0.38205,8573.356250652394,0.0,0.0,179.55385923287875,6.011151604647732e-14,6.011151604647732e-14
0.3821,8573.516714950227,0.0,0.0,179.55707890423093,6.011256961387437e-14,6.011256961387437e-14
0.38215000000000005,8573.678189186945,0.0,0.0,179.5603038852979,6.011368113633379e-14,6.011368113633379e-14
0.38220000000000004,8573.839888413087,0.0,0.0,179.56359785743047,6.01147586523418e-14,6.01147586523418e-14
0.38225000000000003,8574.00147636098,0.0,0.0,179.5668888855542,6.011588967405173e-14,6.011588967405173e-14
0.38230000000000003,8574.163457698547,0.0,0.0,179.5702363492627,6.011698776530738e-14,6.011698776530738e-14
0.38235,8574.324293801556,0.0,0.0,179.57357663669836,6.011812932564828e-14,6.011812932564828e-14
0.3824,8574.485568112605,0.0,0.0,179.57695687584336,6.011924397870833e-14,6.011924397870833e-14
0.38245,8574.644820583804,0.0,0.0,179.5803288463551,6.012038773248437e-14,6.012038773248437e-14
0.3825,8574.804379823987,0.0,0.0,179.5837215650806,6.012151404121173e-14,6.012151404121173e-14
0.38255,8574.96124200676,0.0,0.0,179.58710679036318,6.012265252198116e-14,6.012265252198116e-14
0.3826,8575.118079309528,0.0,0.0,179.59049234162345,6.012378456771635e-14,6.012378456771635e-14
0.38265000000000005,8575.271759440682,0.0,0.0,179.59387158673368,6.012491130834535e-14,6.012491130834535e-14
0.38270000000000004,8575.424889498323,0.0,0.0,179.5972310890028,6.012604218828849e-14,6.012604218828849e-14
0.38275000000000003,8575.574601217124,0.0,0.0,179.6005844700038,6.012715169334132e-14,6.012715169334132e-14
0.38280000000000003,8575.723078644161,0.0,0.0,179.60389981618763,6.012827369063732e-14,6.012827369063732e-14
0.38285,8575.868034337009,0.0,0.0,179.6072070564568,6.012936127730088e-14,6.012936127730088e-14
0.3829,8576.010968114533,0.0,0.0,179.61046083483595,6.013046614516116e-14,6.013046614516116e-14
0.38295,8576.150376635635,0.0,0.0,179.61370159234792,6.013152768876442e-14,6.013152768876442e-14
0.383,8576.286939402347,0.0,0.0,179.6168769515047,6.01326070055495e-14,6.01326070055495e-14
0.38305,8576.42000893104,0.0,0.0,179.62003117990602,6.013363863788511e-14,6.013363863788511e-14
0.3831,8576.549440735054,0.0,0.0,179.62311167626754,6.013468418147642e-14,6.013468418147642e-14
0.38315000000000005,8576.67538666336,0.0,0.0,179.62615997903606,6.013568199533756e-14,6.013568199533756e-14
0.38320000000000004,8576.796993637594,0.0,0.0,179.62912944604125,6.01366860844814e-14,6.01366860844814e-14
0.38325000000000004,8576.915050574871,0.0,0.0,179.6320533857832,6.013764589359092e-14,6.013764589359092e-14
0.38330000000000003,8577.028199750086,0.0,0.0,179.63489585793153,6.013860165182668e-14,6.013860165182668e-14
0.38335,8577.137636087156,0.0,0.0,179.63767819128998,6.013951884411402e-14,6.013951884411402e-14
0.3834,8577.241748070983,0.0,0.0,179.64037790554676,6.014042035550616e-14,6.014042035550616e-14
0.38345,8577.341881193148,0.0,0.0,179.64300272677733,6.014128986082437e-14,6.014128986082437e-14
0.3835,8577.436422652285,0.0,0.0,179.6455442099048,6.014213220539635e-14,6.014213220539635e-14
0.38355,8577.526632842286,0.0,0.0,179.64799700079783,6.014294857910847e-14,6.014294857910847e-14
0.3836,8577.611110613221,0.0,0.0,179.65036523645185,6.01437277550382e-14,6.01437277550382e-14
0.38365,8577.69085196557,0.0,0.0,179.65263283458398,6.014448536046365e-14,6.014448536046365e-14
0.38370000000000004,8577.764810195415,0.0,0.0,179.65481349085377,6.014519811775888e-14,6.014519811775888e-14
0.38375000000000004,8577.83361740147,0.0,0.0,179.65688399984228,6.014589137495913e-14,6.014589137495913e-14
0.38380000000000003,8577.896638489467,0.0,0.0,179.65886368837064,6.014653499822221e-14,6.014653499822221e-14
0.38385,8577.954129055586,0.0,0.0,179.66072636110326,6.014715865768094e-14,6.014715865768094e-14
0.3839,8578.005838415587,0.0,0.0,179.66249289441203,6.014773074153177e-14,6.014773074153177e-14
0.38395,8578.051710632071,0.0,0.0,179.66413802206776,6.014828013898976e-14,6.014828013898976e-14
0.384,8578.091784573817,0.0,0.0,179.66568063680742,6.014877839859215e-14,6.014877839859215e-14
0.38405,8578.125812219243,0.0,0.0,179.66709947274558,6.014924965248217e-14,6.014924965248217e-14
0.3841,8578.153987663578,0.0,0.0,179.6684089929216,6.014967180286117e-14,6.014967180286117e-14
0.38415,8578.176012913598,0.0,0.0,179.66959373198503,6.015006192711381e-14,6.015006192711381e-14
0.38420000000000004,8578.192097310817,0.0,0.0,179.67066265660802,6.01504056511889e-14,6.01504056511889e-14
0.38425000000000004,8578.20202352975,0.0,0.0,179.67160647861994,6.015071257145502e-14,6.015071257145502e-14
0.38430000000000003,8578.205903299608,0.0,0.0,179.67242899084704,6.015097557968301e-14,6.015097557968301e-14
0.38435,8578.203689305483,0.0,0.0,179.6731261641634,6.015119805812758e-14,6.015119805812758e-14
0.3844,8578.19533535845,0.0,0.0,179.67369807169297,6.015137822581558e-14,6.015137822581558e-14
0.38445,8578.18099238103,0.0,0.0,179.6741441008146,6.015151571511489e-14,6.015151571511489e-14
0.3845,8578.160461775009,0.0,0.0,179.6744627279306,6.015161126958157e-14,6.015161126958157e-14
0.38455,8578.134053740469,0.0,0.0,179.67465452039542,6.01516637285841e-14,6.01516637285841e-14
0.3846,8578.101487183127,0.0,0.0,179.6747185788612,6.015167344963008e-14,6.015167344963008e-14
0.38465,8578.063134261429,0.0,0.0,179.67465460237125,6.015164115892461e-14,6.015164115892461e-14
0.38470000000000004,8578.018749875318,0.0,0.0,179.6744640702419,6.015156455412156e-14,6.015156455412156e-14
0.38475000000000004,8577.96863454068,0.0,0.0,179.67414447190407,6.01514479687556e-14,6.01514479687556e-14
0.38480000000000003,8577.912718942029,0.0,0.0,179.67370050598362,6.015128538983923e-14,6.015128538983923e-14
0.38485,8577.8510932413,0.0,0.0,179.67312717144384,6.015108505871402e-14,6.015108505871402e-14
0.3849,8577.783991438024,0.0,0.0,179.67243207117997,6.015083773612059e-14,6.015083773612059e-14
0.38495,8577.711183837839,0.0,0.0,179.67160861125492,6.015055430454508e-14,6.015055430454508e-14
0.385,8577.633289641135,0.0,0.0,179.67066584073393,6.015022429185787e-14,6.015022429185787e-14
0.38505,8577.549709789691,0.0,0.0,179.66959750519288,6.0149858587586e-14,6.0149858587586e-14
0.3851,8577.461458329932,0.0,0.0,179.6684117675229,6.014944862392689e-14,6.014944862392689e-14
0.38515,8577.36759833063,0.0,0.0,179.66710529786644,6.014900181072281e-14,6.014900181072281e-14
0.38520000000000004,8577.269461873844,0.0,0.0,179.66568264478445,6.014851512402651e-14,6.014851512402651e-14
0.38525000000000004,8577.165893193456,0.0,0.0,179.66414608810712,6.014798889313885e-14,6.014798889313885e-14
0.38530000000000003,8577.058380841405,0.0,0.0,179.66249403914188,6.014742897851252e-14,6.014742897851252e-14
0.38535,8576.945746664696,0.0,0.0,179.66073655166173,6.014682573997344e-14,6.014682573997344e-14
0.3854,8576.829407785868,0.0,0.0,179.65886419315376,6.014619615258089e-14,6.014619615258089e-14
0.38545,8576.708411386198,0.0,0.0,179.65689586357217,6.014551918656152e-14,6.014551918656152e-14
0.3855,8576.583841886908,0.0,0.0,179.65481389907583,6.01448233871548e-14,6.01448233871548e-14
0.38555,8576.455232261686,0.0,0.0,179.65264561822724,6.014407692080937e-14,6.014407692080937e-14
0.3856,8576.32308220673,0.0,0.0,179.6503663481786,6.014331820372697e-14,6.014331820372697e-14
0.38565,8576.187638725938,0.0,0.0,179.64800974297336,6.014250739077661e-14,6.014250739077661e-14
0.38570000000000004,8576.04861944169,0.0,0.0,179.64554696201782,6.014168891043154e-14,6.014168891043154e-14
0.38575000000000004,8575.907137482347,0.0,0.0,179.6430143997977,6.014081970647483e-14,6.014081970647483e-14
0.38580000000000003,8575.762026220347,0.0,0.0,179.64038321313433,6.013994460129761e-14,6.013994460129761e-14
0.38585,8575.615305656574,0.0,0.0,179.6376878692087,6.013902354573655e-14,6.013902354573655e-14
0.3859,8575.464946156342,0.0,0.0,179.63490444257647,6.013809514058321e-14,6.013809514058321e-14
0.38595,8575.313784170246,0.0,0.0,179.63206041112022,6.013712907244414e-14,6.013712907244414e-14
0.386,8575.15908202123,0.0,0.0,179.62914168041223,6.013615112556144e-14,6.013615112556144e-14
0.38605,8575.004271019407,0.0,0.0,179.62616409926184,6.01351468729968e-14,6.01351468729968e-14
0.3861,8574.84618349587,0.0,0.0,179.62312747323048,6.013412382331248e-14,6.013412382331248e-14
0.38615,8574.688514097166,0.0,0.0,179.62003262814787,6.013308791316866e-14,6.013308791316866e-14
0.38620000000000004,8574.528034994119,0.0,0.0,179.61689571991013,6.013202508103338e-14,6.013202508103338e-14
0.38625000000000004,8574.36830319369,0.0,0.0,179.6137010945826,6.013096351359274e-14,6.013096351359274e-14
0.38630000000000003,8574.206444018144,0.0,0.0,179.61048151409383,6.012986721295696e-14,6.012986721295696e-14
0.38635,8574.045460889265,0.0,0.0,179.6072057585983,6.012878533893271e-14,6.012878533893271e-14
0.3864,8573.883230386251,0.0,0.0,179.60392098932164,6.012766287109595e-14,6.012766287109595e-14
0.38645,8573.721832177773,0.0,0.0,179.60058379110896,6.012656539275173e-14,6.012656539275173e-14
0.3865,8573.560216529708,0.0,0.0,179.59725116104525,6.012542490976826e-14,6.012542490976826e-14
0.38655,8573.3992728253,0.0,0.0,179.59387301702506,6.012431600921245e-14,6.012431600921245e-14
0.3866,8573.239218856554,0.0,0.0,179.5905097590406,6.012316625499959e-14,6.012316625499959e-14
0.38665,8573.079636659237,0.0,0.0,179.5871116627991,6.012204983215389e-14,6.012204983215389e-14
0.38670000000000004,8572.922040013245,0.0,0.0,179.58373504420925,6.012089978966575e-14,6.012089978966575e-14
0.38675000000000004,8572.764762140634,0.0,0.0,179.58033811631697,6.011977977368319e-14,6.011977977368319e-14
0.38680000000000003,8572.610461723052,0.0,0.0,179.57696560534842,6.011863826221145e-14,6.011863826221145e-14
0.38685,8572.456458719365,0.0,0.0,179.57359070485066,6.011751894684706e-14,6.011751894684706e-14
0.3869,8572.30623778761,0.0,0.0,179.57024013400596,6.011639422356362e-14,6.011639422356362e-14
0.38695,8572.156493521854,0.0,0.0,179.56690749378808,6.011528057024461e-14,6.011528057024461e-14
0.387,8572.011086826442,0.0,0.0,179.56359717864254,6.011417999179328e-14,6.011417999179328e-14
0.38705,8571.866578922067,0.0,0.0,179.56032610555988,6.011307784706949e-14,6.011307784706949e-14
0.3871,8571.726684364658,0.0,0.0,179.55707488256425,6.011200764001803e-14,6.011200764001803e-14
0.38715,8571.588361451984,0.0,0.0,179.55388355507816,6.011092382458838e-14,6.011092382458838e-14
0.38720000000000004,8571.454654014877,0.0,0.0,179.55071071295862,6.010988899947295e-14,6.010988899947295e-14
0.38725000000000004,8571.323412347912,0.0,0.0,179.54761609562115,6.01088312443022e-14,6.01088312443022e-14
0.38730000000000003,8571.196557649999,0.0,0.0,179.544541190376,6.010783566715897e-14,6.010783566715897e-14
0.38735,8571.073219842867,0.0,0.0,179.54155906776288,6.010681239469724e-14,6.010681239469724e-14
0.3874,8570.953884669452,0.0,0.0,179.53860162881747,6.01058590074439e-14,6.01058590074439e-14
0.38745,8570.839183087977,0.0,0.0,179.53574674389276,6.010487897916963e-14,6.010487897916963e-14
0.3875,8570.728040652206,0.0,0.0,179.5329258959941,6.010397013720388e-14,6.010397013720388e-14
0.38755,8570.622607417805,0.0,0.0,179.5302121621024,6.010304201010808e-14,6.010304201010808e-14
0.3876,8570.520335847164,0.0,0.0,179.5275462014045,6.010217988720452e-14,6.010217988720452e-14
0.38765,8570.424700520081,0.0,0.0,179.5249869455533,6.01013117362191e-14,6.01013117362191e-14
0.38770000000000004,8570.331974073246,0.0,0.0,179.5224929168677,6.010049873536464e-14,6.010049873536464e-14
0.38775000000000004,8570.246569013947,0.0,0.0,179.5201011065918,6.009969760612418e-14,6.009969760612418e-14
0.38780000000000003,8570.164042613249,0.0,0.0,179.51779443053127,6.009893671201417e-14,6.009893671201417e-14
0.38785000000000003,8570.089214952446,0.0,0.0,179.51558283835004,6.009820826530408e-14,6.009820826530408e-14
0.3879,8570.017503653757,0.0,0.0,179.51347703170495,6.009750328186405e-14,6.009750328186405e-14
0.38795,8569.953531845871,0.0,0.0,179.51145829990912,6.009685157955453e-14,6.009685157955453e-14
0.388,8569.893187675834,0.0,0.0,179.5095648206957,6.00962072110094e-14,6.00962072110094e-14
0.38805,8569.84029997176,0.0,0.0,179.50775140374634,6.009563467417676e-14,6.009563467417676e-14
0.3881,8569.79178901884,0.0,0.0,179.5060796356606,6.009505643115508e-14,6.009505643115508e-14
0.38815,8569.750180910218,0.0,0.0,179.5044836157433,6.009456397658513e-14,6.009456397658513e-14
0.38820000000000005,8569.713863618008,0.0,0.0,179.50304098761032,6.009405791393039e-14,6.009405791393039e-14
0.38825000000000004,8569.683711471245,0.0,0.0,179.501673778199,6.009364525041009e-14,6.009364525041009e-14
0.38830000000000003,8569.659828685972,0.0,0.0,179.50046599525191,6.009321756844413e-14,6.009321756844413e-14
0.38835000000000003,8569.641297356482,0.0,0.0,179.49933796498223,6.009288361046775e-14,6.009288361046775e-14
0.3884,8569.629963943275,0.0,0.0,179.4983693132206,6.009254017225694e-14,6.009254017225694e-14
0.38845,8569.623207051705,0.0,0.0,179.49748937535614,6.009228351205192e-14,6.009228351205192e-14
0.3885,8569.624413862404,0.0,0.0,179.4967630501466,6.009202934179328e-14,6.009202934179328e-14
0.38855,8569.629566528884,0.0,0.0,179.4961382694419,6.009184871133733e-14,6.009184871133733e-14
0.3886,8569.643190370982,0.0,0.0,179.495656676526,6.009168754326484e-14,6.009168754326484e-14
0.38865,8569.6603553218,0.0,0.0,179.49529194433657,6.009158219899403e-14,6.009158219899403e-14
0.38870000000000005,8569.68617549135,0.0,0.0,179.4950569259679,6.009151613910452e-14,6.009151613910452e-14
0.38875000000000004,8569.715404472006,0.0,0.0,179.49495474612937,6.009148611318547e-14,6.009148611318547e-14
0.38880000000000003,8569.753123519144,0.0,0.0,179.49496769660016,6.009151546115378e-14,6.009151546115378e-14
0.38885000000000003,8569.794396660996,0.0,0.0,179.49512811005678,6.009156164187345e-14,6.009156164187345e-14
0.3889,8569.843662525276,0.0,0.0,179.49538996169687,6.009168489793844e-14,6.009168489793844e-14
0.38895,8569.896868653066,0.0,0.0,179.49581061924687,6.009180892726787e-14,6.009180892726787e-14
0.389,8569.957295157437,0.0,0.0,179.4963216996249,6.009202298292696e-14,6.009202298292696e-14
0.38905,8570.022215932724,0.0,0.0,179.4969980721365,6.009222698532042e-14,6.009222698532042e-14
0.3891,8570.0933989425,0.0,0.0,179.49775785277492,6.009252747127604e-14,6.009252747127604e-14
0.38915,8570.16969921037,0.0,0.0,179.49868354976564,6.009281365282957e-14,6.009281365282957e-14
0.38920000000000005,8570.251226446419,0.0,0.0,179.49969032327223,6.00931953951179e-14,6.00931953951179e-14
0.38925000000000004,8570.338452313705,0.0,0.0,179.5008574765033,6.009356557078464e-14,6.009356557078464e-14
0.38930000000000003,8570.429905786335,0.0,0.0,179.50210801022078,6.009402309181918e-14,6.009402309181918e-14
0.38935000000000003,8570.527490875797,0.0,0.0,179.50350767101153,6.009447820851574e-14,6.009447820851574e-14
0.3894,8570.628442027606,0.0,0.0,179.5049968894223,6.009500620343128e-14,6.009500620343128e-14
0.38945,8570.73572124396,0.0,0.0,179.50661938788994,6.00955459275795e-14,6.00955459275795e-14
0.3895,8570.845719965379,0.0,0.0,179.50834013255482,6.009613965101415e-14,6.009613965101415e-14
0.38955,8570.961949089775,0.0,0.0,179.51017535393908,6.00967620788564e-14,6.00967620788564e-14
0.3896,8571.080508687575,0.0,0.0,179.5121182592367,6.009741759088593e-14,6.009741759088593e-14
0.38965,8571.204887359536,0.0,0.0,179.51415580584705,6.009811912266498e-14,6.009811912266498e-14
0.38970000000000005,8571.331468125998,0.0,0.0,179.51630931282475,6.009883336348953e-14,6.009883336348953e-14
0.38975000000000004,8571.463163385186,0.0,0.0,179.51853853789086,6.009960875847591e-14,6.009960875847591e-14
0.38980000000000004,8571.597157610211,0.0,0.0,179.52088904953666,6.0100379447179e-14,6.0100379447179e-14
0.38985000000000003,8571.735325177488,0.0,0.0,179.5232989687237,6.010122205124927e-14,6.010122205124927e-14
0.3899,8571.876046204903,0.0,0.0,179.52583113070406,6.010204742899198e-14,6.010204742899198e-14
0.38995,8572.019847122612,0.0,0.0,179.52841023536078,6.01029495423737e-14,6.01029495423737e-14
0.39,8572.166524437022,0.0,0.0,179.5311073095882,6.010382800324057e-14,6.010382800324057e-14
0.39005,8572.315135435583,0.0,0.0,179.5338433202344,6.01047813368246e-14,6.01047813368246e-14
0.3901,8572.46691688405,0.0,0.0,179.53668760689177,6.010571100451546e-14,6.010571100451546e-14
0.39015,8572.61953382905,0.0,0.0,179.53956721396693,6.010670716234621e-14,6.010670716234621e-14
0.3902,8572.77549503779,0.0,0.0,179.5425404724844,6.010768547776846e-14,6.010768547776846e-14
0.39025000000000004,8572.931329853544,0.0,0.0,179.54554911278373,6.010871640069061e-14,6.010871640069061e-14
0.39030000000000004,8573.0904898977,0.0,0.0,179.5486329343637,6.010973978239257e-14,6.010973978239257e-14
0.39035000000000003,8573.248762314353,0.0,0.0,179.55175464584823,6.011079809578719e-14,6.011079809578719e-14
0.3904,8573.410103835513,0.0,0.0,179.5549307390168,6.011186172279063e-14,6.011186172279063e-14
0.39045,8573.570030039411,0.0,0.0,179.5581481247716,6.011294094645371e-14,6.011294094645371e-14
0.3905,8573.732521447999,0.0,0.0,179.56139848967157,6.011403869448188e-14,6.011403869448188e-14
0.39055,8573.89330209249,0.0,0.0,179.56469280562672,6.011513329422193e-14,6.011513329422193e-14
0.3906,8574.055919288443,0.0,0.0,179.5679997901016,6.011625783280381e-14,6.011625783280381e-14
0.39065,8574.216729340993,0.0,0.0,179.57135115321907,6.011736311719367e-14,6.011736311719367e-14
0.3907,8574.378474562334,0.0,0.0,179.57469740154755,6.01185061522693e-14,6.01185061522693e-14
0.39075000000000004,8574.538457087008,0.0,0.0,179.57808509819984,6.011961804031783e-14,6.011961804031783e-14
0.39080000000000004,8574.698373030542,0.0,0.0,179.5814534189169,6.012077066626827e-14,6.012077066626827e-14
0.39085000000000003,8574.856638337837,0.0,0.0,179.58485627966357,6.012188537029369e-14,6.012188537029369e-14
0.3909,8575.01381646668,0.0,0.0,179.58822946998254,6.012303848102986e-14,6.012303848102986e-14
0.39095,8575.169447196631,0.0,0.0,179.5916262687725,6.012415215934407e-14,6.012415215934407e-14
0.391,8575.323030071397,0.0,0.0,179.59498693814854,6.012529686164052e-14,6.012529686164052e-14
0.39105,8575.475091850192,0.0,0.0,179.59835677223924,6.012640529824718e-14,6.012640529824718e-14
0.3911,8575.624270210457,0.0,0.0,179.60168720599827,6.012753327225565e-14,6.012753327225565e-14
0.39115,8575.77182669625,0.0,0.0,179.60500981763474,6.012863163391317e-14,6.012863163391317e-14
0.3912,8575.915832769102,0.0,0.0,179.60829191380478,6.012973539634439e-14,6.012973539634439e-14
0.39125000000000004,8576.05796327274,0.0,0.0,179.61154792504476,6.013081810343808e-14,6.013081810343808e-14
0.39130000000000004,8576.196062270072,0.0,0.0,179.61476322493655,6.013189114493243e-14,6.013189114493243e-14
0.39135000000000003,8576.331879825757,0.0,0.0,179.61793427119747,6.013295187379179e-14,6.013295187379179e-14
0.3914,8576.463361741831,0.0,0.0,179.62106408900493,6.01339886625054e-14,6.01339886625054e-14
0.39145,8576.592029516622,0.0,0.0,179.6241328526443,6.013502047571542e-14,6.013502047571542e-14
0.3915,8576.716203157137,0.0,0.0,179.62715849379742,6.013601633957721e-14,6.013601633957721e-14
0.39155,8576.836947435617,0.0,0.0,179.63010865386278,6.013701192183643e-14,6.013701192183643e-14
0.3916,8576.953138113557,0.0,0.0,179.6330116984826,6.013796283984195e-14,6.013796283984195e-14
0.39165,8577.065256699825,0.0,0.0,179.63582782438684,6.013891480152745e-14,6.013891480152745e-14
0.3917,8577.172808340474,0.0,0.0,179.63859044296672,6.013981714697882e-14,6.013981714697882e-14
0.39175000000000004,8577.27567397535,0.0,0.0,179.64125786656433,6.014071834929574e-14,6.014071834929574e-14
0.39180000000000004,8577.373955577483,0.0,0.0,179.64386313121,6.014156863272282e-14,6.014156863272282e-14
0.39185000000000003,8577.467014763813,0.0,0.0,179.646367832666,6.014241248715627e-14,6.014241248715627e-14
0.3919,8577.555430414119,0.0,0.0,179.64879998929297,6.014320714415558e-14,6.014320714415558e-14
0.39195,8577.638198727229,0.0,0.0,179.65112852730758,6.014398784532605e-14,6.014398784532605e-14
0.392,8577.716199775898,0.0,0.0,179.65337320156988,6.014472310429189e-14,6.014472310429189e-14
0.39205,8577.788255222662,0.0,0.0,179.6555127089319,6.014543576801872e-14,6.014543576801872e-14
0.3921,8577.855352886118,0.0,0.0,179.6575570300104,6.014610761767799e-14,6.014610761767799e-14
0.39215,8577.91632907331,0.0,0.0,179.6594952828041,6.014674831240585e-14,6.014674831240585e-14
0.3922,8577.972105695439,0.0,0.0,179.66132792255868,6.01473525711484e-14,6.01473525711484e-14
0.39225000000000004,8578.021686461338,0.0,0.0,179.6630534778262,6.014791824894483e-14,6.014791824894483e-14
0.39230000000000004,8578.065803919266,0.0,0.0,179.66466461599035,6.01484507205415e-14,6.01484507205415e-14
0.39235000000000003,8578.103720695184,0.0,0.0,179.6661670004813,6.014893906982889e-14,6.014893906982889e-14
0.3924,8578.135924943914,0.0,0.0,179.66754823741377,6.014939575618282e-14,6.014939575618282e-14
0.39245,8578.161957512879,0.0,0.0,179.66881816121426,6.014980501037172e-14,6.014980501037172e-14
0.3925,8578.182078923517,0.0,0.0,179.6699624064897,6.015018234323754e-14,6.015018234323754e-14
0.39255,8578.19605954666,0.0,0.0,179.6709919711692,6.015051108508087e-14,6.015051108508087e-14
0.3926,8578.20400939734,0.0,0.0,179.67189333798058,6.015080613700775e-14,6.015080613700775e-14
0.39265,8578.205829597473,0.0,0.0,179.67267620999556,6.015105313713498e-14,6.015105313713498e-14
0.3927,8578.201593702679,0.0,0.0,179.67332994178622,6.015126377673663e-14,6.015126377673663e-14
0.39275000000000004,8578.191212454138,0.0,0.0,179.6738614679203,6.015142789688473e-14,6.015142789688473e-14
0.39280000000000004,8578.174843359951,0.0,0.0,179.67426391559212,6.015155286436571e-14,6.015155286436571e-14
0.39285000000000003,8578.15229512084,0.0,0.0,179.6745411670673,6.0151633042534e-14,6.0151633042534e-14
0.3929,8578.123904477832,0.0,0.0,179.67468982398782,6.01516719360025e-14,6.01516719360025e-14
0.39295,8578.089305470672,0.0,0.0,179.67471156782324,6.015166725483274e-14,6.015166725483274e-14
0.393,8578.049058090737,0.0,0.0,179.67460515765396,6.015162043390544e-14,6.015162043390544e-14
0.39305,8578.002609492009,0.0,0.0,179.67437176580975,6.01515302575888e-14,6.01515302575888e-14
0.3931,8577.95072021861,0.0,0.0,179.67401036703026,6.015139868545598e-14,6.015139868545598e-14
0.39315,8577.892707415036,0.0,0.0,179.67352368381665,6.015122283740725e-14,6.015122283740725e-14
0.3932,8577.829441352995,0.0,0.0,179.6729088666543,6.015100789333762e-14,6.015100789333762e-14
0.39325000000000004,8577.76022907331,0.0,0.0,179.67217206110993,6.015074683890031e-14,6.015074683890031e-14
0.39330000000000004,8577.685905036089,0.0,0.0,179.67130700881418,6.015045013830285e-14,6.015045013830285e-14
0.39335000000000003,8577.605928865547,0.0,0.0,179.6703244401968,6.015010513528904e-14,6.015010513528904e-14
0.3934,8577.520925220919,0.0,0.0,179.66921402786775,6.014972839297687e-14,6.014972839297687e-14
0.39345,8577.430680626854,0.0,0.0,179.66799114879333,6.014930157800426e-14,6.014930157800426e-14
0.3935,8577.335442182186,0.0,0.0,179.66664195907907,6.014884654237564e-14,6.014884654237564e-14
0.39355,8577.235472617698,0.0,0.0,179.66518527279305,6.014834093199395e-14,6.014834093199395e-14
0.3936,8577.130516870524,0.0,0.0,179.6636055376768,6.014780940472059e-14,6.014780940472059e-14
0.39365,8577.021402702196,0.0,0.0,179.66192261480126,6.01472288050914e-14,6.01472288050914e-14
0.3937,8576.90732376174,0.0,0.0,179.66012208473546,6.014662274492883e-14,6.014662274492883e-14
0.39375000000000004,8576.789673642526,0.0,0.0,179.65822163252344,6.014597158009033e-14,6.014597158009033e-14
0.39380000000000004,8576.66714240378,0.0,0.0,179.65621138627978,6.014529327309399e-14,6.014529327309399e-14
0.39385000000000003,8576.541588309881,0.0,0.0,179.65410335205277,6.014457635667694e-14,6.014457635667694e-14
0.39390000000000003,8576.41134799883,0.0,0.0,179.65189557077608,6.014382862173209e-14,6.014382862173209e-14
0.39395,8576.278544513023,0.0,0.0,179.64959125282786,6.014305090788679e-14,6.014305090788679e-14
0.394,8576.14140143829,0.0,0.0,179.64719898812461,6.014223729797062e-14,6.014223729797062e-14
0.39405,8576.00202910988,0.0,0.0,179.64471112347888,6.014140365251626e-14,6.014140365251626e-14
0.3941,8575.858839224897,0.0,0.0,179.64214809077274,6.014052861058257e-14,6.014052861058257e-14
0.39415,8575.713611078116,0.0,0.0,179.63949089056462,6.013964364147192e-14,6.013964364147192e-14
0.3942,8575.565263671442,0.0,0.0,179.63677131503914,6.013871257541752e-14,6.013871257541752e-14
0.39425000000000004,8575.414933302796,0.0,0.0,179.63396042487338,6.01377805532867e-14,6.01377805532867e-14
0.39430000000000004,8575.262333648903,0.0,0.0,179.63109895859594,6.013679980632295e-14,6.013679980632295e-14
0.39435000000000003,8575.107702965632,0.0,0.0,179.62815133204043,6.013582469156745e-14,6.013582469156745e-14
0.39440000000000003,8574.951756015786,0.0,0.0,179.62516304865358,6.013480140098328e-14,6.013480140098328e-14
0.39445,8574.793680578758,0.0,0.0,179.62209673536876,6.013378697627771e-14,6.013378697627771e-14
0.3945,8574.635277686624,0.0,0.0,179.61899719496486,6.013272883164628e-14,6.013272883164628e-14
0.39455,8574.474667882616,0.0,0.0,179.6158310587021,6.013167892057035e-14,6.013167892057035e-14
0.3946,8574.314678148425,0.0,0.0,179.6126364224336,6.013059384991098e-14,6.013059384991098e-14
0.39465,8574.15249496909,0.0,0.0,179.60938981598852,6.012951258631423e-14,6.012951258631423e-14
0.3947,8573.991762113948,0.0,0.0,179.6061169797964,6.012840841174522e-14,6.012840841174522e-14
0.39475000000000005,8573.829007107819,0.0,0.0,179.60280941198965,6.012730051402323e-14,6.012730051402323e-14
0.39480000000000004,8573.66835193232,0.0,0.0,179.59947612335708,6.01261846255662e-14,6.01261846255662e-14
0.39485000000000003,8573.50605178623,0.0,0.0,179.59612695578463,6.012505562613884e-14,6.012505562613884e-14
0.39490000000000003,8573.34627938629,0.0,0.0,179.59275187770928,6.012393472190432e-14,6.012393472190432e-14
0.39495,8573.18546644675,0.0,0.0,179.58938008576897,6.012279110695789e-14,6.012279110695789e-14
0.395,8573.027376560618,0.0,0.0,179.5859827783489,6.012167103955972e-14,6.012167103955972e-14
0.39505,8572.869067301552,0.0,0.0,179.58260680220906,6.01205202659127e-14,6.01205202659127e-14
0.3951,8572.713465602661,0.0,0.0,179.579207603567,6.011940602043558e-14,6.011940602043558e-14
0.39515,8572.558639441564,0.0,0.0,179.57584530152718,6.011825639432487e-14,6.011825639432487e-14
0.3952,8572.406347352946,0.0,0.0,179.5724651045876,6.011715220335193e-14,6.011715220335193e-14
0.39525000000000005,8572.255928279097,0.0,0.0,179.56913380563824,6.011601262701805e-14,6.011601262701805e-14
0.39530000000000004,8572.10778901314,0.0,0.0,179.5657937432944,6.01149222074075e-14,6.01149222074075e-14
0.39535000000000003,8571.962632162998,0.0,0.0,179.56251037999343,6.011380181992146e-14,6.011380181992146e-14
0.39540000000000003,8571.819511195363,0.0,0.0,179.55923144594786,6.011272869618136e-14,6.011272869618136e-14
0.39545,8571.68039586022,0.0,0.0,179.55601273548754,6.011163645274603e-14,6.011163645274603e-14
0.3955,8571.543174827815,0.0,0.0,179.5528153791726,6.011058431697441e-14,6.011058431697441e-14
0.39555,8571.410804484432,0.0,0.0,179.54967801184134,6.010952856170325e-14,6.010952856170325e-14
0.3956,8571.280368481264,0.0,0.0,179.54658175149794,6.010850161251164e-14,6.010850161251164e-14
0.39565,8571.155377421712,0.0,0.0,179.54354254317246,6.010748970316258e-14,6.010748970316258e-14
0.3957,8571.03259666816,0.0,0.0,179.54056564034116,6.010649290665668e-14,6.010649290665668e-14
0.39575000000000005,8570.915561845753,0.0,0.0,179.53764160973864,6.010553094398536e-14,6.010553094398536e-14
0.39580000000000004,8570.80126960134,0.0,0.0,179.53480084107318,6.010457017012495e-14,6.010457017012495e-14
0.39585000000000004,8570.692725514158,0.0,0.0,179.53200918280848,6.010366287083712e-14,6.010366287083712e-14
0.39590000000000003,8570.587694742859,0.0,0.0,179.5293197321849,6.010274487539858e-14,6.010274487539858e-14
0.39595,8570.488148712282,0.0,0.0,179.5266776717961,6.010189560798896e-14,6.010189560798896e-14
0.396,8570.393070281116,0.0,0.0,179.52415314901032,6.010102785308774e-14,6.010102785308774e-14
0.39605,8570.303015388421,0.0,0.0,179.52167768380914,6.010023883216102e-14,6.010023883216102e-14
0.3961,8570.218480466488,0.0,0.0,179.51933025815197,6.009942916216241e-14,6.009942916216241e-14
0.39615,8570.138403732893,0.0,0.0,179.51703780540927,6.009870177400377e-14,6.009870177400377e-14
0.3962,8570.064892528038,0.0,0.0,179.51487842577265,6.009795798565528e-14,6.009795798565528e-14
0.39625000000000005,8569.995276615666,0.0,0.0,179.51278441464947,6.009729319753351e-14,6.009729319753351e-14
0.39630000000000004,8569.933154757542,0.0,0.0,179.51082307509256,6.009662256010003e-14,6.009662256010003e-14
0.39635000000000004,8569.874472416876,0.0,0.0,179.50894152859715,6.009602135285558e-14,6.009602135285558e-14
0.39640000000000003,8569.823995248382,0.0,0.0,179.5071875314596,6.009543014232616e-14,6.009543014232616e-14
0.39645,8569.776696837109,0.0,0.0,179.5055306879667,6.009489390110445e-14,6.009489390110445e-14
0.3965,8569.73802078553,0.0,0.0,179.5039928568221,6.009438701243623e-14,6.009438701243623e-14
0.39655,8569.702516226627,0.0,0.0,179.5025708767452,6.009391781537149e-14,6.009391781537149e-14
0.3966,8569.675715449986,0.0,0.0,179.50125767879663,6.009349850634041e-14,6.009349850634041e-14
0.39665,8569.652352873256,0.0,0.0,179.5000784713572,6.009309926541018e-14,6.009309926541018e-14
0.3967,8569.637438641063,0.0,0.0,179.49899802232764,6.009276906806716e-14,6.009276906806716e-14
0.39675,8569.626482494408,0.0,0.0,179.49806721148144,6.009244349701854e-14,6.009244349701854e-14
0.39680000000000004,8569.62342241297,0.0,0.0,179.49722715369413,6.009220230937671e-14,6.009220230937671e-14
0.39685000000000004,8569.62503397406,0.0,0.0,179.49654818347338,6.009195471926291e-14,6.009195471926291e-14
0.39690000000000003,8569.63376821293,0.0,0.0,179.4959554470645,6.009180106432466e-14,6.009180106432466e-14
0.39695,8569.647991159301,0.0,0.0,179.49552980757966,6.009163601207708e-14,6.009163601207708e-14
0.397,8569.668443317032,0.0,0.0,179.4951902827993,6.009156742791867e-14,6.009156742791867e-14
0.39705,8569.695196337581,0.0,0.0,179.49501782173203,6.009148926538657e-14,6.009148926538657e-14
0.3971,8569.727277399492,0.0,0.0,179.49493598435757,6.009150277082238e-14,6.009150277082238e-14
0.39715,8569.766354891652,0.0,0.0,179.4950152573847,6.009151515657084e-14,6.009151515657084e-14
0.3972,8569.809959773867,0.0,0.0,179.4951937973228,6.009160772658904e-14,6.009160772658904e-14
0.39725,8569.861040558975,0.0,0.0,179.49552240623663,6.009171316837215e-14,6.009171316837215e-14
0.39730000000000004,8569.916037855819,0.0,0.0,179.49596191018804,6.009188215179288e-14,6.009188215179288e-14
0.39735000000000004,8569.97870076495,0.0,0.0,179.49653678025123,6.00920816439894e-14,6.00920816439894e-14
0.39740000000000003,8570.044917326573,0.0,0.0,179.497235512751,6.009232506448892e-14,6.009232506448892e-14
0.39745,8570.11866158897,0.0,0.0,179.49805307062908,6.009261787100454e-14,6.009261787100454e-14
0.3975,8570.195864345915,0.0,0.0,179.49900688480557,6.00929345697591e-14,6.00929345697591e-14
0.39755,8570.280132093772,0.0,0.0,179.50006311384578,6.009331818288175e-14,6.009331818288175e-14
0.3976,8570.36800995469,0.0,0.0,179.50126550576863,6.009370778402328e-14,6.009370778402328e-14
0.39765,8570.462207942826,0.0,0.0,179.5025558741322,6.009417806460016e-14,6.009417806460016e-14
0.3977,8570.560356602547,0.0,0.0,179.5039981752199,6.009464077096521e-14,6.009464077096521e-14
0.39775,8570.663874426695,0.0,0.0,179.50551745166854,6.009519225005255e-14,6.009519225005255e-14
0.39780000000000004,8570.771786513298,0.0,0.0,179.50718913510747,6.009572850084498e-14,6.009572850084498e-14
0.39785000000000004,8570.884009207723,0.0,0.0,179.50893112424004,6.009635480068877e-14,6.009635480068877e-14
0.39790000000000003,8571.001071437735,0.0,0.0,179.51082018644885,6.00969648429133e-14,6.00969648429133e-14
0.39795,8571.121385206496,0.0,0.0,179.51277742737915,6.009765915867273e-14,6.009765915867273e-14
0.398,8571.246883239697,0.0,0.0,179.51487079635217,6.009834259587027e-14,6.009834259587027e-14
0.39805,8571.374674128774,0.0,0.0,179.51703427448288,6.009909817230407e-14,6.009909817230407e-14
0.3981,8571.507804731762,0.0,0.0,179.51931819467418,6.009985355678157e-14,6.009985355678157e-14
0.39815,8571.64245110444,0.0,0.0,179.5216771145616,6.010066409557312e-14,6.010066409557312e-14
0.3982,8571.782340245843,0.0,0.0,179.52413746306692,6.010148862333684e-14,6.010148862333684e-14
0.39825,8571.923200824407,0.0,0.0,179.5266791217549,6.010234856834517e-14,6.010234856834517e-14
0.39830000000000004,8572.068925537187,0.0,0.0,179.5293016220698,6.010323792009018e-14,6.010323792009018e-14
0.39835000000000004,8572.215325408044,0.0,0.0,179.53201140803841,6.010414258626675e-14,6.010414258626675e-14
0.39840000000000003,8572.36593680702,0.0,0.0,179.53478172385755,6.010509093670438e-14,6.010509093670438e-14
0.39845,8572.517154032792,0.0,0.0,179.53764324907306,6.010603647187924e-14,6.010603647187924e-14
0.3985,8572.671698813461,0.0,0.0,179.54054695896428,6.01070366649985e-14,6.01070366649985e-14
0.39855,8572.82695416393,0.0,0.0,179.54354231307858,6.01080198584576e-14,6.01080198584576e-14
0.3986,8572.984492228328,0.0,0.0,179.54656478468397,6.010906372332038e-14,6.010906372332038e-14
0.39865,8573.142944026484,0.0,0.0,179.54967488391594,6.011008169676321e-14,6.011008169676321e-14
0.3987,8573.302560548575,0.0,0.0,179.5528010809497,6.011116045907863e-14,6.011116045907863e-14
0.39875,8573.463305839143,0.0,0.0,179.55600607199574,6.011221029215315e-14,6.011221029215315e-14
0.39880000000000004,8573.624116956731,0.0,0.0,179.55922033662245,6.01133150246408e-14,6.01133150246408e-14
0.39885000000000004,8573.78619925868,0.0,0.0,179.5625000097579,6.011439337488978e-14,6.011439337488978e-14
0.39890000000000003,8573.94735156047,0.0,0.0,179.56578586568094,6.011551542593462e-14,6.011551542593462e-14
0.39895,8574.109774500257,0.0,0.0,179.56912003183353,6.01166182022187e-14,6.01166182022187e-14
0.399,8574.270439384443,0.0,0.0,179.57246004933393,6.011774954720504e-14,6.011774954720504e-14
0.39905,8574.432184689123,0.0,0.0,179.57582884306265,6.011887168572529e-14,6.011887168572529e-14
0.3991,8574.59154938785,0.0,0.0,179.5792045971169,6.01200051590181e-14,6.01200051590181e-14
0.39915,8574.751597135302,0.0,0.0,179.58258867989883,6.012114053427619e-14,6.012114053427619e-14
0.3992,8574.908854619121,0.0,0.0,179.58598081802276,6.0122269918492e-14,6.0122269918492e-14
0.39925,8575.066203407252,0.0,0.0,179.58936147204022,6.012341140077744e-14,6.012341140077744e-14
0.39930000000000004,8575.220543440731,0.0,0.0,179.59274989197573,6.012453137214885e-14,6.012453137214885e-14
0.39935000000000004,8575.37422824834,0.0,0.0,179.5961090112257,6.012567102094781e-14,6.012567102094781e-14
0.39940000000000003,8575.524831586084,0.0,0.0,179.5994731325379,6.012677697086868e-14,6.012677697086868e-14
0.39945,8575.673937541771,0.0,0.0,179.60279313303815,6.012790633443733e-14,6.012790633443733e-14
0.3995,8575.819974662001,0.0,0.0,179.60611223352615,6.012899410479978e-14,6.012899410479978e-14
0.39955,8575.963645633907,0.0,0.0,179.60937591542043,6.013010458153137e-14,6.013010458153137e-14
0.3996,8576.104280632857,0.0,0.0,179.6126294948702,6.013117016285557e-14,6.013117016285557e-14
0.39965,8576.241722375384,0.0,0.0,179.6158198947897,6.013225337310992e-14,6.013225337310992e-14
0.3997,8576.376121797533,0.0,0.0,179.6189880261111,6.013329261740315e-14,6.013329261740315e-14
0.39975,8576.50660022848,0.0,0.0,179.62208829754653,6.013434073523513e-14,6.013434073523513e-14
0.39980000000000004,8576.633945829954,0.0,0.0,179.62515192894557,6.013534913084462e-14,6.013534913084462e-14
0.39985000000000004,8576.756781708395,0.0,0.0,179.62814528192382,6.013635513340811e-14,6.013635513340811e-14
0.39990000000000003,8576.87628556453,0.0,0.0,179.6310864626912,6.013732767679823e-14,6.013732767679823e-14
0.39995,8576.990847311587,0.0,0.0,179.63395618295692,6.013828548391434e-14,6.013828548391434e-14
0.4,8577.101767359507,0.0,0.0,179.63675819816703,6.013921666642139e-14,6.013921666642139e-14
0.40005,8577.20746392824,0.0,0.0,179.63948775222073,6.014012116075226e-14,6.014012116075226e-14
0.4001,8577.309118039211,0.0,0.0,179.64213516601902,6.014100506928821e-14,6.014100506928821e-14
0.40015,8577.405393586507,0.0,0.0,179.64470838406467,6.014185200674667e-14,6.014185200674667e-14
0.4002,8577.497170561071,0.0,0.0,179.64718700496346,6.01426825193254e-14,6.01426825193254e-14
0.40025,8577.583502241476,0.0,0.0,179.64958832131964,6.014346835583828e-14,6.014346835583828e-14
0.40030000000000004,8577.664868670943,0.0,0.0,179.65188511387476,6.01442393988136e-14,6.01442393988136e-14
0.40035000000000004,8577.74076823104,0.0,0.0,179.6540998356439,6.014496107143948e-14,6.014496107143948e-14
0.40040000000000003,8577.811270864659,0.0,0.0,179.6562028093782,6.014566689691848e-14,6.014566689691848e-14
0.40045000000000003,8577.876289992291,0.0,0.0,179.6582173804067,6.014632160243895e-14,6.014632160243895e-14
0.4005,8577.935553976215,0.0,0.0,179.66011548799315,6.014695704328304e-14,6.014695704328304e-14
0.40055,8577.989292661654,0.0,0.0,179.66191771682543,6.0147542055094e-14,6.0147542055094e-14
0.4006,8578.037016655286,0.0,0.0,179.66360078932078,6.014810272048343e-14,6.014810272048343e-14
0.40065,8578.079133277524,0.0,0.0,179.66518001651295,6.01486152757927e-14,6.01486152757927e-14
0.4007,8578.115082894123,0.0,0.0,179.66663875471446,6.014909766186613e-14,6.014909766186613e-14
0.40075,8578.14530443608,0.0,0.0,179.6679859452844,6.014953493706936e-14,6.014953493706936e-14
0.40080000000000005,8578.16930563599,0.0,0.0,179.66921197465277,6.014993644240646e-14,6.014993644240646e-14
0.40085000000000004,8578.187436405819,0.0,0.0,179.6703197337932,6.015029561812894e-14,6.015029561812894e-14
0.40090000000000003,8578.199370358865,0.0,0.0,179.67130571787192,6.015061447021857e-14,6.015061447021857e-14
0.40095000000000003,8578.205297851173,0.0,0.0,179.67216824024717,6.015089287128973e-14,6.015089287128973e-14
0.401,8578.20509840923,0.0,0.0,179.67290803624627,6.015112798511085e-14,6.015112798511085e-14
0.40105,8578.198795427843,0.0,0.0,179.6735210092015,6.015132326772683e-14,6.015132326772683e-14
0.4011,8578.186449774736,0.0,0.0,179.67400984127434,6.015147406837473e-14,6.015147406837473e-14
0.40115,8578.16797257508,0.0,0.0,179.67437032846937,6.015158441889846e-14,6.015158441889846e-14
0.4012,8578.143524951736,0.0,0.0,179.6746049505152,6.015165066534062e-14,6.015165066534062e-14
0.40125,8578.113007833052,0.0,0.0,179.67471128387047,6.015167497375548e-14,6.015167497375548e-14
0.40130000000000005,8578.076565588626,0.0,0.0,179.67469010498834,6.015165661921606e-14,6.015165661921606e-14
0.40135000000000004,8578.034212959994,0.0,0.0,179.67454180923616,6.015159459538111e-14,6.015159459538111e-14
0.40140000000000003,8577.985953668483,0.0,0.0,179.67426496094623,6.015149171199303e-14,6.015149171199303e-14
0.40145000000000003,8577.932031024673,0.0,0.0,179.67386272719233,6.015134392342228e-14,6.015134392342228e-14
0.4015,8577.872209119827,0.0,0.0,179.67333206114742,6.015115670597555e-14,6.015115670597555e-14
0.40155,8577.807034522739,0.0,0.0,179.6726777750738,6.015092453011261e-14,6.015092453011261e-14
0.4016,8577.735985894977,0.0,0.0,179.67189679153634,6.015065337827556e-14,6.015065337827556e-14
0.40165,8577.659923430961,0.0,0.0,179.67099361011378,6.015033887765286e-14,6.015033887765286e-14
0.4017,8577.578066701026,0.0,0.0,179.66996732897275,6.014998454065505e-14,6.014998454065505e-14
0.40175,8577.491522996606,0.0,0.0,179.66881978886548,6.014959028333825e-14,6.014959028333825e-14
0.40180000000000005,8577.399356687645,0.0,0.0,179.6675545844365,6.014915403859425e-14,6.014915403859425e-14
0.40185000000000004,8577.302780973037,0.0,0.0,179.66616871755227,6.014868289645894e-14,6.014868289645894e-14
0.40190000000000003,8577.200876464989,0.0,0.0,179.66467214419035,6.014816672611492e-14,6.014816672611492e-14
0.40195000000000003,8577.094763981391,0.0,0.0,179.66305557244286,6.014762168812587e-14,6.014762168812587e-14
0.402,8576.983754831226,0.0,0.0,179.66133620906555,6.01470284164681e-14,6.01470284164681e-14
0.40205,8576.868652698808,0.0,0.0,179.6594981920065,6.014641245212232e-14,6.014641245212232e-14
0.4021,8576.749221538335,0.0,0.0,179.65756552972184,6.014574581240328e-14,6.014574581240328e-14
0.40215,8576.6257356547,0.0,0.0,179.65551694507414,6.014506181231637e-14,6.014506181231637e-14
0.4022,8576.498600315037,0.0,0.0,179.65338133381832,6.014432642281262e-14,6.014432642281262e-14
0.40225,8576.367401542928,0.0,0.0,179.651134581073,6.014357723003565e-14,6.014357723003565e-14
0.40230000000000005,8576.233302231474,0.0,0.0,179.6488072398344,6.014277847443781e-14,6.014277847443781e-14
0.40235000000000004,8576.095130108879,0.0,0.0,179.64637606930455,6.014196700386094e-14,6.014196700386094e-14
0.40240000000000004,8575.954819338469,0.0,0.0,179.6438691520213,6.014111082747725e-14,6.014111082747725e-14
0.40245000000000003,8575.810481831833,0.0,0.0,179.64126843403486,6.014024025430289e-14,6.014024025430289e-14
0.4025,8575.664718382075,0.0,0.0,179.63859513173367,6.013933290276542e-14,6.013933290276542e-14
0.40255,8575.51508675061,0.0,0.0,179.6358405909085,6.013840688718245e-14,6.013840688718245e-14
0.4026,8575.364634297559,0.0,0.0,179.63301524210922,6.013745462538491e-14,6.013745462538491e-14
0.40265,8575.210632872067,0.0,0.0,179.630123188109,6.013647753215247e-14,6.013647753215247e-14
0.4027,8575.05626313747,0.0,0.0,179.62716136550355,6.013548638635884e-14,6.013548638635884e-14
0.40275,8574.898854620209,0.0,0.0,179.62414845311733,6.01344634560571e-14,6.01344634560571e-14
0.40280000000000005,8574.741354109354,0.0,0.0,179.62106699588088,6.013343902044193e-14,6.013343902044193e-14
0.40285000000000004,8574.581521738834,0.0,0.0,179.61795004330972,6.013237645485447e-14,6.013237645485447e-14
0.40290000000000004,8574.421700466735,0.0,0.0,179.61476701105744,6.013132379489953e-14,6.013132379489953e-14
0.40295000000000003,8574.260428954114,0.0,0.0,179.61156289639854,6.013022873106633e-14,6.013022873106633e-14
0.403,8574.09912913046,0.0,0.0,179.6082974318431,6.012915240199738e-14,6.012915240199738e-14
0.40305,8573.93738654597,0.0,0.0,179.6050230752283,6.012803276638909e-14,6.012803276638909e-14
0.4031,8573.775489074109,0.0,0.0,179.60169517633364,6.012693694651357e-14,6.012693694651357e-14
0.40315,8573.614211812872,0.0,0.0,179.5983676009407,6.012580119991521e-14,6.012580119991521e-14
0.4032,8573.452638680395,0.0,0.0,179.59499781765697,6.012468991993786e-14,6.012468991993786e-14
0.40325,8573.292721243353,0.0,0.0,179.59163426911778,6.012354672150316e-14,6.012354672150316e-14
0.4033,8573.132432434233,0.0,0.0,179.58824335231662,6.012242415406696e-14,6.012242415406696e-14
0.40335000000000004,8572.974723085994,0.0,0.0,179.5848614451634,6.012128198747525e-14,6.012128198747525e-14
0.40340000000000004,8572.816707425407,0.0,0.0,179.58146998409788,6.012015274942615e-14,6.012015274942615e-14
0.40345000000000003,8572.66200993082,0.0,0.0,179.57808783765708,6.011901956181617e-14,6.011901956181617e-14
0.4035,8572.507270193384,0.0,0.0,179.57471592564323,6.011788897729202e-14,6.011788897729202e-14
0.40355,8572.356350906726,0.0,0.0,179.57135225139237,6.011677188217331e-14,6.011677188217331e-14
0.4036,8572.205884414447,0.0,0.0,179.56801921672968,6.011564615796768e-14,6.011564615796768e-14
0.40365,8572.059483162811,0.0,0.0,179.56469332482507,6.011455124566281e-14,6.011455124566281e-14
0.4037,8571.914259843168,0.0,0.0,179.56141755548578,6.011343752208141e-14,6.011343752208141e-14
0.40375,8571.773102413072,0.0,0.0,179.55814925924957,6.011236980659423e-14,6.011236980659423e-14
0.4038,8571.634042761636,0.0,0.0,179.55494813669975,6.011127606449727e-14,6.011127606449727e-14
0.40385000000000004,8571.498852497509,0.0,0.0,179.55175754874614,6.011023957633517e-14,6.011023957633517e-14
0.40390000000000004,8571.366807999766,0.0,0.0,179.5486474903308,6.010917440261196e-14,6.010917440261196e-14
0.40395000000000003,8571.238314087857,0.0,0.0,179.54555472048241,6.010817241506703e-14,6.010817241506703e-14
0.404,8571.114052400986,0.0,0.0,179.54255131349024,6.010714465047692e-14,6.010714465047692e-14
0.40405,8570.992992853104,0.0,0.0,179.53957609418518,6.010618000657848e-14,6.010618000657848e-14
0.4041,8570.877189429615,0.0,0.0,179.53669429051246,6.010519831849229e-14,6.010519831849229e-14
0.40415,8570.764307542926,0.0,0.0,179.53385556758582,6.010427380926679e-14,6.010427380926679e-14
0.4042,8570.65754450915,0.0,0.0,179.53110989809844,6.010334624485112e-14,6.010334624485112e-14
0.40425,8570.553578534373,0.0,0.0,179.52842543170044,6.010246498036758e-14,6.010246498036758e-14
0.4043,8570.456350621538,0.0,0.0,179.52583019555703,6.01015985601804e-14,6.01015985601804e-14
0.40435000000000004,8570.362017408894,0.0,0.0,179.52331621636472,6.010076427416335e-14,6.010076427416335e-14
0.40440000000000004,8570.27474373017,0.0,0.0,179.5208856034699,6.009996468237838e-14,6.009996468237838e-14
0.40445000000000003,8570.190718052458,0.0,0.0,179.51855656305145,6.009918191932052e-14,6.009918191932052e-14
0.4045,8570.113757683714,0.0,0.0,179.516304677155,6.009845333403266e-14,6.009845333403266e-14
0.40455,8570.040649646851,0.0,0.0,179.514173119177,6.009772748428132e-14,6.009772748428132e-14
0.4046,8569.974318407896,0.0,0.0,179.51211388365041,6.009707257230699e-14,6.009707257230699e-14
0.40465,8569.912651721697,0.0,0.0,179.51019044626693,6.009640974211192e-14,6.009640974211192e-14
0.4047,8569.85723738803,0.0,0.0,179.50833739217117,6.009582981956845e-14,6.009582981956845e-14
0.40475,8569.807431230856,0.0,0.0,179.5066309337861,6.009523654768071e-14,6.009523654768071e-14
0.4048,8569.763204629917,0.0,0.0,179.50499688788517,6.009473188362967e-14,6.009473188362967e-14
0.40485000000000004,8569.725561412493,0.0,0.0,179.50351471119163,6.009421473875027e-14,6.009421473875027e-14
0.40490000000000004,8569.692781473714,0.0,0.0,179.5021114173726,6.009378495856974e-14,6.009378495856974e-14
0.40495000000000003,8569.66748202455,0.0,0.0,179.50085955273977,6.009335007025905e-14,6.009335007025905e-14
0.405,8569.646393754376,0.0,0.0,179.49969727145344,6.00929946000961e-14,6.00929946000961e-14
0.40505,8569.633500457176,0.0,0.0,179.49868077246035,6.00926471864987e-14,6.00926471864987e-14
0.4051,8569.624325868486,0.0,0.0,179.49776790759955,6.009236567390805e-14,6.009236567390805e-14
0.40515,8569.62379319085,0.0,0.0,179.49699111009502,6.009210963092667e-14,6.009210963092667e-14
0.4052,8569.626716289142,0.0,0.0,179.4963339103836,6.009190227944362e-14,6.009190227944362e-14
0.40525,8569.638407137889,0.0,0.0,179.49580061219228,6.00917398884511e-14,6.00917398884511e-14
0.4053,8569.653554967663,0.0,0.0,179.49540298495964,6.00916076559905e-14,6.00916076559905e-14
0.40535000000000004,8569.677260522292,0.0,0.0,179.4951165154459,6.009153945060634e-14,6.009153945060634e-14
0.40540000000000004,8569.70468290678,0.0,0.0,179.49497997591516,6.009148408126838e-14,6.009148408126838e-14
0.40545000000000003,8569.740143132381,0.0,0.0,179.4949431413392,6.00915088919356e-14,6.00915088919356e-14
0.4055,8569.779793971895,0.0,0.0,179.49506690238053,6.009153277474784e-14,6.009153277474784e-14
0.40555,8569.826715980125,0.0,0.0,179.49528181186062,6.009164794475596e-14,6.009164794475596e-14
0.4056,8569.87843880005,0.0,0.0,179.49566300021752,6.009175381850468e-14,6.009175381850468e-14
0.40565,8569.936510587453,0.0,0.0,179.4961307953689,6.009195556107758e-14,6.009195556107758e-14
0.4057,8570.000030462545,0.0,0.0,179.49676476339894,6.009214610651636e-14,6.009214610651636e-14
0.40575,8570.068928289635,0.0,0.0,179.49748528965367,6.009242995297959e-14,6.009242995297959e-14
0.4058,8570.143851395569,0.0,0.0,179.4983659791357,6.009270733043429e-14,6.009270733043429e-14
0.40585000000000004,8570.223240037552,0.0,0.0,179.4993374461398,6.009306860661039e-14,6.009306860661039e-14
0.40590000000000004,8570.30906104364,0.0,0.0,179.5004577544984,6.009343400475465e-14,6.009343400475465e-14
0.40595000000000003,8570.398587221613,0.0,0.0,179.50167643548238,6.009386826957529e-14,6.009386826957529e-14
0.406,8570.494703662227,0.0,0.0,179.50302853576787,6.009432152946373e-14,6.009432152946373e-14
0.40605,8570.593983985516,0.0,0.0,179.50448855102863,6.009482491547164e-14,6.009482491547164e-14
0.4061,8570.69971582219,0.0,0.0,179.5060641250096,6.009536428317252e-14,6.009536428317252e-14
0.40615,8570.808321379032,0.0,0.0,179.50775734338245,6.009593369362137e-14,6.009593369362137e-14
0.4062,8570.922933294842,0.0,0.0,179.50954770092738,6.009655573600182e-14,6.009655573600182e-14
0.40625,8571.040373525408,0.0,0.0,179.51146377704634,6.009718887441795e-14,6.009718887441795e-14
0.4063,8571.163097190882,0.0,0.0,179.51345985254636,6.009788856975631e-14,6.009788856975631e-14
0.40635000000000004,8571.288805764378,0.0,0.0,179.51558639917698,6.009858380239931e-14,6.009858380239931e-14
0.40640000000000004,8571.418859415695,0.0,0.0,179.51777863444693,6.009935479255691e-14,6.009935479255691e-14
0.40645000000000003,8571.552184536722,0.0,0.0,179.52010151096047,6.010011086869469e-14,6.010011086869469e-14
0.40650000000000003,8571.688787680672,0.0,0.0,179.52247965110232,6.010094583742237e-14,6.010094583742237e-14
0.40655,8571.828988594058,0.0,0.0,179.52498333387334,6.01017615123146e-14,6.01017615123146e-14
0.4066,8571.971370447542,0.0,0.0,179.52753617548424,6.010265263719136e-14,6.010265263719136e-14
0.40665,8572.117621013063,0.0,0.0,179.53020416585068,6.010352625637406e-14,6.010352625637406e-14
0.4067,8572.265022246174,0.0,0.0,179.53291930386268,6.010446567258868e-14,6.010446567258868e-14
0.40675,8572.416421451682,0.0,0.0,179.53573452567113,6.010539478027312e-14,6.010539478027312e-14
0.4068,8572.56808981539,0.0,0.0,179.53859814510247,6.010637499451451e-14,6.010637499451451e-14
0.40685000000000004,8572.723678125532,0.0,0.0,179.54154328722018,6.010735602433135e-14,6.010735602433135e-14
0.40690000000000004,8572.878859434388,0.0,0.0,179.5445400393085,6.010837022552267e-14,6.010837022552267e-14
0.40695000000000003,8573.03763909753,0.0,0.0,179.54759780819347,6.010939831864489e-14,6.010939831864489e-14
0.40700000000000003,8573.195565684951,0.0,0.0,179.5507107979249,6.011044054891777e-14,6.011044054891777e-14
0.40705,8573.356522625401,0.0,0.0,179.55386405985948,6.011150952511833e-14,6.011150952511833e-14
0.4071,8573.516401705425,0.0,0.0,179.55707495574407,6.011257469551763e-14,6.011257469551763e-14
0.40715,8573.678526503123,0.0,0.0,179.56030676542002,6.011367718038704e-14,6.011367718038704e-14
0.4072,8573.839530805153,0.0,0.0,179.56359602497503,6.01147609390678e-14,6.01147609390678e-14
0.40725,8574.001836502002,0.0,0.0,179.5668895541549,6.011588862795318e-14,6.011588862795318e-14
0.4073,8574.163099136857,0.0,0.0,179.57023674253605,6.011698710998547e-14,6.011698710998547e-14
0.40735000000000005,8574.324634169534,0.0,0.0,179.57357513698616,6.011813113060525e-14,6.011813113060525e-14
0.40740000000000004,8574.485248983472,0.0,0.0,179.5769593038841,6.011924063478136e-14,6.011924063478136e-14
0.40745000000000003,8574.645104338775,0.0,0.0,179.5803255065524,6.012039195747162e-14,6.012039195747162e-14
0.40750000000000003,8574.804132153573,0.0,0.0,179.58372557958992,6.012150860481946e-14,6.012150860481946e-14
0.40755,8574.961442732418,0.0,0.0,179.58710216175504,6.012265844454319e-14,6.012265844454319e-14
0.4076,8575.11792297556,0.0,0.0,179.59049731403977,6.012377787354596e-14,6.012377787354596e-14
0.40765,8575.271864017908,0.0,0.0,179.59386635348656,6.012491803124218e-14,6.012491803124218e-14
0.4077,8575.424830457983,0.0,0.0,179.59723630862385,6.012603517726803e-14,6.012603517726803e-14
0.40775,8575.574610569998,0.0,0.0,179.6005793453968,6.012715827904686e-14,6.012715827904686e-14
0.4078,8575.72310931171,0.0,0.0,179.60390459410394,6.012826727070923e-14,6.012826727070923e-14
0.40785000000000005,8575.867962065025,0.0,0.0,179.60720268153923,6.012936688048115e-14,6.012936688048115e-14
0.40790000000000004,8576.011069689332,0.0,0.0,179.6104645982449,6.013046106676214e-14,6.013046106676214e-14
0.40795000000000003,8576.150245862545,0.0,0.0,179.6136984518685,6.01315316676118e-14,6.01315316676118e-14
0.40800000000000003,8576.287085670161,0.0,0.0,179.6168793150538,6.013260376935978e-14,6.013260376935978e-14
0.40805,8576.419847971374,0.0,0.0,179.6200295469551,6.013364062911167e-14,6.013364062911167e-14
0.4081,8576.549602661169,0.0,0.0,179.62311248110217,6.013468298996386e-14,6.013468298996386e-14
0.40815,8576.675224262755,0.0,0.0,179.6261598948286,6.013568194304327e-14,6.013568194304327e-14
0.4082,8576.797143996244,0.0,0.0,179.6291287625582,6.013668684116396e-14,6.013668684116396e-14
0.40825,8576.914911506594,0.0,0.0,179.6320546752826,6.013764403001754e-14,6.013764403001754e-14
0.4083,8577.028317062846,0.0,0.0,179.6348939540192,6.013860400448503e-14,6.013860400448503e-14
0.40835000000000005,8577.13753778966,0.0,0.0,179.6376805098413,6.013951562773085e-14,6.013951562773085e-14
0.40840000000000004,8577.241819277915,0.0,0.0,179.64037518742182,6.01404237735985e-14,6.01404237735985e-14
0.40845000000000004,8577.34183191532,0.0,0.0,179.6430056284334,6.014128588415949e-14,6.014128588415949e-14
0.40850000000000003,8577.43644416934,0.0,0.0,179.6455411466534,6.014213607725605e-14,6.014213607725605e-14
0.40855,8577.526631491315,0.0,0.0,179.64800001620912,6.014294446334163e-14,6.014294446334163e-14
0.4086,8577.611087706908,0.0,0.0,179.65036228143788,6.014373148880674e-14,6.014373148880674e-14
0.40865,8577.690889550839,0.0,0.0,179.65263554551555,6.014448165509426e-14,6.014448165509426e-14
0.4087,8577.76475489292,0.0,0.0,179.6548110129517,6.014520123019106e-14,6.014520123019106e-14
0.40875,8577.833679708883,0.0,0.0,179.65688609863193,6.014588847920749e-14,6.014588847920749e-14
0.4088,8577.89656647782,0.0,0.0,179.6588619236261,6.014653717819915e-14,6.014653717819915e-14
0.40885000000000005,8577.954199999058,0.0,0.0,179.6607276864021,6.014715677517242e-14,6.014715677517242e-14
0.40890000000000004,8578.005765546004,0.0,0.0,179.66249192470465,6.014773187957625e-14,6.014773187957625e-14
0.40895000000000004,8578.051775642176,0.0,0.0,179.66413856651386,6.014827927085002e-14,6.014827927085002e-14
0.40900000000000003,8578.091723631404,0.0,0.0,179.66568039714062,6.014877857924624e-14,6.014877857924624e-14
0.40905,8578.1258610567,0.0,0.0,179.66709936310195,6.014924962672135e-14,6.014924962672135e-14
0.4091,8578.153945993692,0.0,0.0,179.6684093039855,6.014967126321251e-14,6.014967126321251e-14
0.40915,8578.176041418366,0.0,0.0,179.6695931869431,6.01500624560654e-14,6.01500624560654e-14
0.4092,8578.192075717023,0.0,0.0,179.67066327509303,6.015040471446144e-14,6.015040471446144e-14
0.40925,8578.202034022986,0.0,0.0,179.67160575315796,6.015071332484739e-14,6.015071332484739e-14
0.4093,8578.205896379213,0.0,0.0,179.67242966729393,6.015097457732594e-14,6.015097457732594e-14
0.40935000000000005,8578.203689607391,0.0,0.0,179.67312549142974,6.015119873750624e-14,6.015119873750624e-14
0.40940000000000004,8578.195333168564,0.0,0.0,179.6736986048236,6.015137742343342e-14,6.015137742343342e-14
0.40945000000000004,8578.180993659756,0.0,0.0,179.67414364262376,6.015151611612823e-14,6.015151611612823e-14
0.40950000000000003,8578.160452471959,0.0,0.0,179.6744630054712,6.015161081117586e-14,6.015161081117586e-14
0.40955,8578.134067620898,0.0,0.0,179.67465433554742,6.015166378030954e-14,6.015166378030954e-14
0.4096,8578.101460099022,0.0,0.0,179.6747185976038,6.01516733308828e-14,6.01516733308828e-14
0.40965,8578.063169764375,0.0,0.0,179.67465463848254,6.015164093374961e-14,6.015164093374961e-14
0.4097,8578.018698416123,0.0,0.0,179.67446393199617,6.015156462952549e-14,6.015156462952549e-14
0.40975,8577.96869546396,0.0,0.0,179.6741445819101,6.015144766141286e-14,6.015144766141286e-14
0.4098,8577.91264272463,0.0,0.0,179.6737003905053,6.015128541167879e-14,6.015128541167879e-14
0.40985,8577.851176527793,0.0,0.0,179.67312715123637,6.015108493841252e-14,6.015108493841252e-14
0.40990000000000004,8577.783897218858,0.0,0.0,179.67243219139223,6.015083741697765e-14,6.015083741697765e-14
0.40995000000000004,8577.711279304707,0.0,0.0,179.67160825091304,6.015055464893173e-14,6.015055464893173e-14
0.41000000000000003,8577.633190805569,0.0,0.0,179.6706663888935,6.015022337779296e-14,6.015022337779296e-14
0.41005,8577.549801349312,0.0,0.0,179.6695966436705,6.014985961092283e-14,6.014985961092283e-14
0.4101,8577.461372964694,0.0,0.0,179.66841286284108,6.014944696356878e-14,6.014944696356878e-14
0.41015,8577.367666557062,0.0,0.0,179.66710387025992,6.014900360030272e-14,6.014900360030272e-14
0.4102,8577.269409704242,0.0,0.0,179.66568429304414,6.014851271976495e-14,6.014851271976495e-14
0.41025,8577.16591882632,0.0,0.0,179.66414415584856,6.014799136731598e-14,6.014799136731598e-14
0.4103,8577.058379526787,0.0,0.0,179.66249611297715,6.014742600928475e-14,6.014742600928475e-14
0.41035,8576.94571445245,0.0,0.0,179.66073430892754,6.014682863784835e-14,6.014682863784835e-14
0.41040000000000004,8576.829469206477,0.0,0.0,179.65886643814738,6.014619296292711e-14,6.014619296292711e-14
0.41045000000000004,8576.708313574849,0.0,0.0,179.65689361734664,6.014552209386854e-14,6.014552209386854e-14
0.41050000000000003,8576.58396909361,0.0,0.0,179.65481596623582,6.014482044287185e-14,6.014482044287185e-14
0.41055,8576.455071070608,0.0,0.0,179.65264374412249,6.014407932983672e-14,6.014407932983672e-14
0.4106,8576.323267627522,0.0,0.0,179.6503678484782,6.014331602023657e-14,6.014331602023657e-14
0.41065,8576.187427296216,0.0,0.0,179.64800862331228,6.014250878522683e-14,6.014250878522683e-14
0.4107,8576.048844765519,0.0,0.0,179.64554753439228,6.014168796463932e-14,6.014168796463932e-14
0.41075,8575.906899024947,0.0,0.0,179.64301435391087,6.014081965703756e-14,6.014081965703756e-14
0.4108,8575.76226411101,0.0,0.0,179.64038259442376,6.013994524095893e-14,6.013994524095893e-14
0.41085,8575.615070822401,0.0,0.0,179.63768908778974,6.013902179916585e-14,6.013902179916585e-14
0.41090000000000004,8575.465163652752,0.0,0.0,179.63490252695138,6.01380975066082e-14,6.01380975066082e-14
0.41095000000000004,8575.31358695661,0.0,0.0,179.63206290648597,6.0137125617562e-14,6.0137125617562e-14
0.41100000000000003,8575.159245179513,0.0,0.0,179.62913855702112,6.013615510150425e-14,6.013615510150425e-14
0.41105,8575.004143790062,0.0,0.0,179.62616768137866,6.013514197048112e-14,6.013514197048112e-14
0.4111,8574.846262592517,0.0,0.0,179.62312343400984,6.013412902324471e-14,6.013412902324471e-14
0.41115,8574.688482456218,0.0,0.0,179.62003691254372,6.013308208184673e-14,6.013308208184673e-14
0.4112,8574.528009478003,0.0,0.0,179.61689123416244,6.013203088122992e-14,6.013203088122992e-14
0.41125,8574.36838152256,0.0,0.0,179.61370554328553,6.013095747325513e-14,6.013095747325513e-14
0.4113,8574.20630638905,0.0,0.0,179.61047717181992,6.012987282606708e-14,6.012987282606708e-14
0.41135,8574.045649289208,0.0,0.0,179.60720974977633,6.012877991646418e-14,6.012877991646418e-14
0.41140000000000004,8573.882988320165,0.0,0.0,179.6039174205128,6.012766745396593e-14,6.012766745396593e-14
0.41145000000000004,8573.722115380848,0.0,0.0,179.60058670804582,6.012656140468447e-14,6.012656140468447e-14
0.41150000000000003,8573.559892811942,0.0,0.0,179.59724894236734,6.012542768950997e-14,6.012542768950997e-14
0.41155,8573.39962136497,0.0,0.0,179.59387434330668,6.012431413748104e-14,6.012431413748104e-14
0.4116,8573.238849021418,0.0,0.0,179.59050932191175,6.012316665390722e-14,6.012316665390722e-14
0.41165,8573.080010248023,0.0,0.0,179.5871110688317,6.012205051170649e-14,6.012205051170649e-14
0.4117,8572.921667939467,0.0,0.0,179.5837365987375,6.012089752822136e-14,6.012089752822136e-14
0.41175,8572.765114868213,0.0,0.0,179.58033552292108,6.011978310960644e-14,6.011978310960644e-14
0.4118,8572.610133757851,0.0,0.0,179.57696909285337,6.011863342247191e-14,6.011863342247191e-14
0.41185,8572.456745371825,0.0,0.0,179.57358631265626,6.011752467511394e-14,6.011752467511394e-14
0.41190000000000004,8572.30599622178,0.0,0.0,179.57024521705807,6.011638726069233e-14,6.011638726069233e-14
0.41195000000000004,8572.156676124356,0.0,0.0,179.56690177208068,6.011528807088452e-14,6.011528807088452e-14
0.41200000000000003,8572.010963657245,0.0,0.0,179.56360327222467,6.011417168976293e-14,6.011417168976293e-14
0.41205,8571.866632528929,0.0,0.0,179.56031974030506,6.011308621083774e-14,6.011308621083774e-14
0.4121,8571.726696283195,0.0,0.0,179.55708122382558,6.011199901621847e-14,6.011199901621847e-14
0.41215,8571.588278282601,0.0,0.0,179.5538773621553,6.011093196662688e-14,6.011093196662688e-14
0.4122,8571.454799392555,0.0,0.0,179.55071646098983,6.010988117073315e-14,6.010988117073315e-14
0.41225,8571.323203594977,0.0,0.0,179.5476109108045,6.01088380502094e-14,6.01088380502094e-14
0.4123,8571.196816038535,0.0,0.0,179.54454554245524,6.01078296960317e-14,6.01078296960317e-14
0.41235,8571.07291480014,0.0,0.0,179.5415556288688,6.010681687867268e-14,6.010681687867268e-14
0.41240000000000004,8570.954218974892,0.0,0.0,179.53860393646747,6.010585575025474e-14,6.010585575025474e-14
0.41245000000000004,8570.838825652068,0.0,0.0,179.53574558215735,6.010488043085289e-14,6.010488043085289e-14
0.41250000000000003,8570.728401753902,0.0,0.0,179.5329257635634,6.010397011593544e-14,6.010397011593544e-14
0.41255000000000003,8570.622250399685,0.0,0.0,179.53021351899383,6.010304010712706e-14,6.010304010712706e-14
0.4126,8570.520669076426,0.0,0.0,179.52754355191163,6.010218320397572e-14,6.010218320397572e-14
0.41265,8570.424398541265,0.0,0.0,179.52499072797394,6.010130660440282e-14,6.010130660440282e-14
0.4127,8570.332226662775,0.0,0.0,179.52248801430665,6.010050504297493e-14,6.010050504297493e-14
0.41275,8570.246370980332,0.0,0.0,179.52010688818257,6.009968981646662e-14,6.009968981646662e-14
0.4128,8570.164171074226,0.0,0.0,179.51778785407797,6.009894524668917e-14,6.009894524668917e-14
0.41285,8570.089157168808,0.0,0.0,179.51558990812072,6.009819876685436e-14,6.009819876685436e-14
0.41290000000000004,8570.017480009921,0.0,0.0,179.51346960432025,6.009751295551056e-14,6.009751295551056e-14
0.41295000000000004,8569.95363276593,0.0,0.0,179.5114657525546,6.0096841576816e-14,6.0096841576816e-14
0.41300000000000003,8569.893003635152,0.0,0.0,179.5095575014232,6.009621675220486e-14,6.009621675220486e-14
0.41305000000000003,8569.840557343368,0.0,0.0,179.50775825978272,6.009562546608123e-14,6.009562546608123e-14
0.4131,8569.791457450297,0.0,0.0,179.50607339038547,6.00950645560245e-14,6.00950645560245e-14
0.41315,8569.750571757428,0.0,0.0,179.5044889549431,6.009455677985778e-14,6.009455677985778e-14
0.4132,8569.713417081717,0.0,0.0,179.5030366563887,6.00940635034029e-14,6.00940635034029e-14
0.41325,8569.684194946978,0.0,0.0,179.50167686746423,6.009364103191941e-14,6.009364103191941e-14
0.4133,8569.659315205221,0.0,0.0,179.50046417502236,6.009321982620087e-14,6.009321982620087e-14
0.41335,8569.64182009792,0.0,0.0,179.49933836221962,6.009288295230691e-14,6.009288295230691e-14
0.41340000000000005,8569.629440595707,0.0,0.0,179.49837027269513,6.00925387398465e-14,6.00925387398465e-14
0.41345000000000004,8569.623710312017,0.0,0.0,179.49748699409594,6.009228652793935e-14,6.009228652793935e-14
0.41350000000000003,8569.623939097317,0.0,0.0,179.49676668925304,6.009202435349406e-14,6.009202435349406e-14
0.41355000000000003,8569.629994089879,0.0,0.0,179.49613339447416,6.009185502642259e-14,6.009185502642259e-14
0.4136,8569.642816131638,0.0,0.0,179.49566253654342,6.00916796117187e-14,6.00916796117187e-14
0.41365,8569.660661083482,0.0,0.0,179.4952851956859,6.009159099633322e-14,6.009159099633322e-14
0.4137,8569.685940248022,0.0,0.0,179.4950642493704,6.009150627371489e-14,6.009150627371489e-14
0.41375,8569.715558639242,0.0,0.0,179.49494699618833,6.009149624113399e-14,6.009149624113399e-14
0.4138,8569.753047185603,0.0,0.0,179.49497552855806,6.009150493076477e-14,6.009150493076477e-14
0.41385,8569.794389658004,0.0,0.0,179.49512036550033,6.009157176842969e-14,6.009157176842969e-14
0.41390000000000005,8569.843743949683,0.0,0.0,179.49539727921263,6.009167505790856e-14,6.009167505790856e-14
0.41395000000000004,8569.896712216027,0.0,0.0,179.49580388440546,6.009181772011507e-14,6.009181772011507e-14
0.41400000000000003,8569.957512524385,0.0,0.0,179.49632755025232,6.009201509135808e-14,6.009201509135808e-14
0.41405000000000003,8570.021941243574,0.0,0.0,179.4969932131033,6.009223329280294e-14,6.009223329280294e-14
0.4141,8570.09371299825,0.0,0.0,179.49776148340908,6.009252252015803e-14,6.009252252015803e-14
0.41415,8570.169352368912,0.0,0.0,179.49868117827273,6.009281665992979e-14,6.009281665992979e-14
0.4142,8570.251586075949,0.0,0.0,179.49969128087375,6.009319397975325e-14,6.009319397975325e-14
0.41425,8570.338087817001,0.0,0.0,179.50085786964357,6.009356490783408e-14,6.009356490783408e-14
0.4143,8570.430255137042,0.0,0.0,179.50210620036717,6.009402533557817e-14,6.009402533557817e-14
0.41435,8570.527164063904,0.0,0.0,179.5035107376661,6.009447399700214e-14,6.009447399700214e-14
0.41440000000000005,8570.628728163954,0.0,0.0,179.50499258471794,6.009501174755862e-14,6.009501174755862e-14
0.41445000000000004,8570.735480788182,0.0,0.0,179.50662468603088,6.009553875669318e-14,6.009553875669318e-14
0.41450000000000004,8570.845899978192,0.0,0.0,179.5083339302201,6.009614770976139e-14,6.009614770976139e-14
0.41455000000000003,8570.96183057996,0.0,0.0,179.51018215578839,6.009675291719867e-14,6.009675291719867e-14
0.4146,8571.080555261076,0.0,0.0,179.5121109945525,6.009742706379891e-14,6.009742706379891e-14
0.41465,8571.204908859316,0.0,0.0,179.5141632011702,6.009810917870552e-14,6.009810917870552e-14
0.4147,8571.331372813074,0.0,0.0,179.51630194138232,6.009884298889906e-14,6.009884298889906e-14
0.41475,8571.463323521637,0.0,0.0,179.5185455604511,6.009959931120514e-14,6.009959931120514e-14
0.4148,8571.59693139782,0.0,0.0,179.5208825154955,6.010038797518967e-14,6.010038797518967e-14
0.41485,8571.735603964637,0.0,0.0,179.52330472782612,6.010121427574776e-14,6.010121427574776e-14
0.41490000000000005,8571.875717362513,0.0,0.0,179.52582623990435,6.010205378990396e-14,6.010205378990396e-14
0.41495000000000004,8572.020209316814,0.0,0.0,179.52841403393828,6.01029443551209e-14,6.01029443551209e-14
0.41500000000000004,8572.16613403378,0.0,0.0,179.5311046251985,6.01038314474644e-14,6.01038314474644e-14
0.41505000000000003,8572.315535881113,0.0,0.0,179.5338447431351,6.010477928167249e-14,6.010477928167249e-14
0.4151,8572.466512688843,0.0,0.0,179.53668738159053,6.010571119469854e-14,6.010571119469854e-14
0.41515,8572.619923974882,0.0,0.0,179.5395661746712,6.010670835126772e-14,6.010670835126772e-14
0.4152,8572.775124736892,0.0,0.0,179.54254262557316,6.010768252059644e-14,6.010768252059644e-14
0.41525,8572.931664485695,0.0,0.0,179.545545853042,6.010872051560291e-14,6.010872051560291e-14
0.4153,8573.090194620707,0.0,0.0,179.54863707558695,6.010973419693594e-14,6.010973419693594e-14
0.41535,8573.249005541733,0.0,0.0,179.5517496897008,6.011080444868932e-14,6.011080444868932e-14
0.41540000000000005,8573.409912906407,0.0,0.0,179.55493623418675,6.011185435195232e-14,6.011185435195232e-14
0.41545000000000004,8573.57015970412,0.0,0.0,179.55814219504194,6.011294858776746e-14,6.011294858776746e-14
0.41550000000000004,8573.732449050885,0.0,0.0,179.56140455740768,6.011403057438326e-14,6.011403057438326e-14
0.41555000000000003,8573.893312037952,0.0,0.0,179.5646867162181,6.01151411526574e-14,6.01151411526574e-14
0.4156,8574.055963433037,0.0,0.0,179.56800561490266,6.011625004119955e-14,6.011625004119955e-14
0.41565,8574.216629296565,0.0,0.0,179.57134569362617,6.011737015072611e-14,6.011737015072611e-14
0.4157,8574.378618380724,0.0,0.0,179.57470224653284,6.011849965888973e-14,6.011849965888973e-14
0.41575,8574.538270301284,0.0,0.0,179.5780809271505,6.011962337678733e-14,6.011962337678733e-14
0.4158,8574.698588092871,0.0,0.0,179.58145672216492,6.012076620687682e-14,6.012076620687682e-14
0.41585,8574.856397418844,0.0,0.0,179.58485384274238,6.012188841776055e-14,6.012188841776055e-14
0.41590000000000005,8575.014067530903,0.0,0.0,179.5882309113144,6.012303647188436e-14,6.012303647188436e-14
0.41595000000000004,8575.169188873539,0.0,0.0,179.5916257506898,6.012415267144187e-14,6.012415267144187e-14
0.41600000000000004,8575.323280491786,0.0,0.0,179.5949864680098,6.012529736414413e-14,6.012529736414413e-14
0.41605000000000003,8575.474851502024,0.0,0.0,179.5983580888093,6.012640338640471e-14,6.012640338640471e-14
0.4161,8575.624487176834,0.0,0.0,179.60168503403565,6.012753600976074e-14,6.012753600976074e-14
0.41615,8575.77163348161,0.0,0.0,179.60501264645217,6.012862772699263e-14,6.012862772699263e-14
0.4162,8575.91599160638,0.0,0.0,179.60828846087824,6.012973981727446e-14,6.012973981727446e-14
0.41625,8576.057836561757,0.0,0.0,179.6115517682015,6.013081286334876e-14,6.013081286334876e-14
0.4163,8576.196149207874,0.0,0.0,179.61475904769557,6.013189652052976e-14,6.013189652052976e-14
0.41635,8576.331827385022,0.0,0.0,179.61793853898794,6.013294608238736e-14,6.013294608238736e-14
0.4164,8576.463374826211,0.0,0.0,179.62105978992673,6.013399420297874e-14,6.013399420297874e-14
0.41645000000000004,8576.59204760397,0.0,0.0,179.62413695464474,6.013501491231249e-14,6.013501491231249e-14
0.41650000000000004,8576.716151278084,0.0,0.0,179.62715463118568,6.013602131090269e-14,6.013602131090269e-14
0.41655000000000003,8576.83702264862,0.0,0.0,179.63011208334007,6.013700725093697e-14,6.013700725093697e-14
0.4166,8576.953038427788,0.0,0.0,179.6330087101513,6.013796666398468e-14,6.013796666398468e-14
0.41665,8577.065369157961,0.0,0.0,179.63583022369733,6.013891148769799e-14,6.013891148769799e-14
0.4167,8577.17268260951,0.0,0.0,179.63858859441243,6.0139819471379e-14,6.0139819471379e-14
0.41675,8577.27580123184,0.0,0.0,179.64125906472077,6.014071661027792e-14,6.014071661027792e-14
0.4168,8577.373826098574,0.0,0.0,179.64386249458101,6.014156936009163e-14,6.014156936009163e-14
0.41685,8577.467135759838,0.0,0.0,179.64636785102326,6.014241228945877e-14,6.014241228945877e-14
0.4169,8577.555316251959,0.0,0.0,179.64880045419645,6.014320641990532e-14,6.014320641990532e-14
0.41695000000000004,8577.638297137337,0.0,0.0,179.65112755457443,6.014398893931359e-14,6.014398893931359e-14
0.41700000000000004,8577.716113915762,0.0,0.0,179.65337451362495,6.014472126610158e-14,6.014472126610158e-14
0.41705000000000003,8577.788321669806,0.0,0.0,179.65551105161694,6.014543775350599e-14,6.014543775350599e-14
0.4171,8577.855300738112,0.0,0.0,179.65755884885166,6.014610511771713e-14,6.014610511771713e-14
0.41715,8577.916361908063,0.0,0.0,179.6594933009537,6.014675072180685e-14,6.014675072180685e-14
0.4172,8577.972085118896,0.0,0.0,179.66132988834997,6.01473498860124e-14,6.01473498860124e-14
0.41725,8578.021691054326,0.0,0.0,179.66305151789058,6.014792063312122e-14,6.014792063312122e-14
0.4173,8578.065806662482,0.0,0.0,179.664666412748,6.014844826550742e-14,6.014844826550742e-14
0.41735,8578.103707451752,0.0,0.0,179.66616533705263,6.014894107251304e-14,6.014894107251304e-14
0.4174,8578.135939145675,0.0,0.0,179.66754964259772,6.01493938188818e-14,6.01493938188818e-14
0.41745000000000004,8578.16193903959,0.0,0.0,179.66881695726155,6.014980641947543e-14,6.014980641947543e-14
0.41750000000000004,8578.18209215094,0.0,0.0,179.6699633191453,6.015018104760904e-14,6.015018104760904e-14
0.41755000000000003,8578.196047541065,0.0,0.0,179.6709912626776,6.015051185347532e-14,6.015051185347532e-14
0.4176,8578.204011617901,0.0,0.0,179.67189378171224,6.015080544209411e-14,6.015080544209411e-14
0.41765,8578.205832074827,0.0,0.0,179.67267591629718,6.015105337067528e-14,6.015105337067528e-14
0.4177,8578.20157962021,0.0,0.0,179.673330043362,6.015126350821622e-14,6.015126350821622e-14
0.41775,8578.191231853372,0.0,0.0,179.67386142432528,6.015142781304155e-14,6.015142781304155e-14
0.4178,8578.174813673231,0.0,0.0,179.6742638642754,6.015155277066799e-14,6.015155277066799e-14
0.41785,8578.152327662772,0.0,0.0,179.67454117249517,6.015163290821388e-14,6.015163290821388e-14
0.4179,8578.123865822783,0.0,0.0,179.67468982006488,6.015167175681265e-14,6.015167175681265e-14
0.41795000000000004,8578.089341901288,0.0,0.0,179.67471143764593,6.015166731579431e-14,6.015166731579431e-14
0.41800000000000004,8578.049021668403,0.0,0.0,179.67460536048716,6.01516199672326e-14,6.01516199672326e-14
0.41805000000000003,8578.00263707876,0.0,0.0,179.67437137943162,6.015153067367212e-14,6.015153067367212e-14
0.4181,8577.950699352961,0.0,0.0,179.6740108529788,6.015139784034776e-14,6.015139784034776e-14
0.41815,8577.892712821123,0.0,0.0,179.67352301768585,6.015122363690977e-14,6.015122363690977e-14
0.4182,8577.82944842446,0.0,0.0,179.6729096053351,6.015100671833458e-14,6.015100671833458e-14
0.41825,8577.760201562607,0.0,0.0,179.67217120063256,6.015074790193725e-14,6.015074790193725e-14
0.4183,8577.685948365805,0.0,0.0,179.67130786273097,6.01504488202072e-14,6.01504488202072e-14
0.41835,8577.60586321499,0.0,0.0,179.6703235679116,6.015010621034877e-14,6.015010621034877e-14
0.4184,8577.521006513978,0.0,0.0,179.66921477602236,6.014972722566225e-14,6.014972722566225e-14
0.41845000000000004,8577.430579163229,0.0,0.0,179.6679905105127,6.014930232933038e-14,6.014930232933038e-14
0.41850000000000004,8577.335555061974,0.0,0.0,179.66664234059465,6.014884587055345e-14,6.014884587055345e-14
0.41855000000000003,8577.235345937832,0.0,0.0,179.66518512750798,6.014834100911006e-14,6.014834100911006e-14
0.4186,8577.130646866222,0.0,0.0,179.6636053075503,6.01478095520705e-14,6.01478095520705e-14
0.41865,8577.02126885775,0.0,0.0,179.66192317731748,6.014722792127873e-14,6.014722792127873e-14
0.4187,8576.907449861605,0.0,0.0,179.66012107131638,6.014662393917268e-14,6.014662393917268e-14
0.41875,8576.789555836376,0.0,0.0,179.6582230194907,6.01459695845587e-14,6.01459695845587e-14
0.4188,8576.667240010298,0.0,0.0,179.65620953941087,6.014529558202576e-14,6.014529558202576e-14
0.41885,8576.541511409958,0.0,0.0,179.65410554194358,6.014457328615629e-14,6.014457328615629e-14
0.4189,8576.411392856991,0.0,0.0,179.6518929908464,6.014383191318764e-14,6.014383191318764e-14
0.41895000000000004,8576.278530912656,0.0,0.0,179.649594068454,6.014304700690468e-14,6.014304700690468e-14
0.41900000000000004,8576.1413739082,0.0,0.0,179.64719592935518,6.014224123355569e-14,6.014224123355569e-14
0.41905000000000003,8576.002094598827,0.0,0.0,179.64471424205217,6.014139935694654e-14,6.014139935694654e-14
0.41910000000000003,8575.858728176046,0.0,0.0,179.64214493634998,6.014053267744751e-14,6.014053267744751e-14
0.41915,8575.71376142878,0.0,0.0,179.63949388166137,6.013963952625645e-14,6.013963952625645e-14
0.4192,8575.565069297218,0.0,0.0,179.63676852652287,6.013871615373875e-14,6.013871615373875e-14
0.41925,8575.415162198775,0.0,0.0,179.63396281170293,6.01377772510345e-14,6.01377772510345e-14
0.4193,8575.262068653437,0.0,0.0,179.6310970065735,6.013680226333643e-14,6.013680226333643e-14
0.41935,8575.107991716051,0.0,0.0,179.62815266702327,6.013582279386042e-14,6.013582279386042e-14
0.4194,8574.951444865465,0.0,0.0,179.62516233514944,6.01348021967642e-14,6.01348021967642e-14
0.41945000000000005,8574.7939998008,0.0,0.0,179.62209667799024,6.013378693260429e-14,6.013378693260429e-14
0.41950000000000004,8574.634953926465,0.0,0.0,179.61899798007886,6.013272761892366e-14,6.013272761892366e-14
0.41955000000000003,8574.474981017853,0.0,0.0,179.61582944252132,6.013168095107765e-14,6.013168095107765e-14
0.41960000000000003,8574.314380095382,0.0,0.0,179.61263876769635,6.01305905500716e-14,6.01305905500716e-14
0.41965,8574.152763199161,0.0,0.0,179.60938669280418,6.012951662347362e-14,6.012951662347362e-14
0.4197,8573.991527508973,0.0,0.0,179.6061207187402,6.01284032527688e-14,6.01284032527688e-14
0.41975,8573.829194976095,0.0,0.0,179.60280506435333,6.012730618472889e-14,6.012730618472889e-14
0.4198,8573.668212326966,0.0,0.0,179.59948086600662,6.012617813340217e-14,6.012617813340217e-14
0.41985,8573.506132683518,0.0,0.0,179.5961218738285,6.01250622804867e-14,6.01250622804867e-14
0.4199,8573.346255107503,0.0,0.0,179.5927570506206,6.012392766432444e-14,6.012392766432444e-14
0.41995000000000005,8573.18542709686,0.0,0.0,179.5893749098944,6.012279789267231e-14,6.012279789267231e-14
0.42000000000000004,8573.027473054262,0.0,0.0,179.58598769620565,6.012166432916815e-14,6.012166432916815e-14
0.42005000000000003,8572.868910497147,0.0,0.0,179.58260223869397,6.012052624016613e-14,6.012052624016613e-14
0.42010000000000003,8572.713671776093,0.0,0.0,179.57921156305719,6.011940058984114e-14,6.011940058984114e-14
0.42015,8572.558384530319,0.0,0.0,179.57584202266193,6.011826065774221e-14,6.011826065774221e-14
0.4202,8572.406636266407,0.0,0.0,179.57246748722943,6.011714887030551e-14,6.011714887030551e-14
0.42025,8572.255609222117,0.0,0.0,179.56913234888728,6.011601446001982e-14,6.011601446001982e-14
0.4203,8572.10812093129,0.0,0.0,179.56579411176824,6.011492154933678e-14,6.011492154933678e-14
0.42035,8571.962293362638,0.0,0.0,179.56251106143884,6.011380080006598e-14,6.011380080006598e-14
0.4204,8571.819838650532,0.0,0.0,179.55922961877988,6.011273095310371e-14,6.011273095310371e-14
0.42045000000000005,8571.680086292126,0.0,0.0,179.55601559127308,6.011163253352017e-14,6.011163253352017e-14
0.42050000000000004,8571.543449035935,0.0,0.0,179.55281147133437,6.011058933822494e-14,6.011058933822494e-14
0.42055000000000003,8571.410570940554,0.0,0.0,179.54968277769098,6.010952209899376e-14,6.010952209899376e-14
0.42060000000000003,8571.280546211125,0.0,0.0,179.54657617327268,6.010850885715957e-14,6.010850885715957e-14
0.42065,8571.155257824868,0.0,0.0,179.54354867675332,6.010748142320265e-14,6.010748142320265e-14
0.4207,8571.032646571279,0.0,0.0,179.54055905293976,6.010650150035448e-14,6.010650150035448e-14
0.42075,8570.915579603763,0.0,0.0,179.53764835442374,6.010552185589836e-14,6.010552185589836e-14
0.4208,8570.80117705063,0.0,0.0,179.53479407399217,6.010457901273284e-14,6.010457901273284e-14
0.42085,8570.692885762057,0.0,0.0,179.53201566514474,6.010365413526093e-14,6.010365413526093e-14
0.4209,8570.587464426062,0.0,0.0,179.52931367319025,6.010275278624328e-14,6.010275278624328e-14
0.42095000000000005,8570.48843702802,0.0,0.0,179.5266830196505,6.010188837994407e-14,6.010188837994407e-14
0.42100000000000004,8570.39272611384,0.0,0.0,179.52414862197008,6.010103373393573e-14,6.010103373393573e-14
0.42105000000000004,8570.303399233479,0.0,0.0,179.52168114861226,6.01002341003967e-14,6.01002341003967e-14
0.42110000000000003,8570.218062772403,0.0,0.0,179.51932790609106,6.009943215457924e-14,6.009943215457924e-14
0.42115,8570.138836476688,0.0,0.0,179.51703887074973,6.009870021938244e-14,6.009870021938244e-14
0.4212,8570.064452846125,0.0,0.0,179.51487861614197,6.009795759910222e-14,6.009795759910222e-14
0.42125,8569.995703628028,0.0,0.0,179.5127828749893,6.009729509094534e-14,6.009729509094534e-14
0.4213,8569.932748978359,0.0,0.0,179.51082584138268,6.009661875073553e-14,6.009661875073553e-14
0.42135,8569.874838405984,0.0,0.0,179.50893752589735,6.009602650756121e-14,6.009602650756121e-14
0.4214,8569.82367603975,0.0,0.0,179.50719256034157,6.009542332976529e-14,6.009542332976529e-14
0.42145000000000005,8569.776953404786,0.0,0.0,179.50552469998792,6.009490168746139e-14,6.009490168746139e-14
0.42150000000000004,8569.737830372256,0.0,0.0,179.50399952362753,6.009437803064292e-14,6.009437803064292e-14
0.42155000000000004,8569.70262857223,0.0,0.0,179.50256365780407,6.009392723736447e-14,6.009392723736447e-14
0.42160000000000003,8569.675679767608,0.0,0.0,179.50126512726686,6.009348849521301e-14,6.009348849521301e-14
0.42165,8569.652304674171,0.0,0.0,179.50007095329795,6.009310908968865e-14,6.009310908968865e-14
0.4217,8569.637563697259,0.0,0.0,179.49900527811135,6.009275932078688e-14,6.009275932078688e-14
0.42175,8569.626278253223,0.0,0.0,179.49806037850206,6.009245241770666e-14,6.009245241770666e-14
0.4218,8569.623693372716,0.0,0.0,179.49723325602716,6.009219409727291e-14,6.009219409727291e-14
0.42185,8569.624698481839,0.0,0.0,179.49654293832063,6.009196153572981e-14,6.009196153572981e-14
0.4219,8569.63415135164,0.0,0.0,179.49595958018529,6.009179546398249e-14,6.009179546398249e-14
0.42195000000000005,8569.647566141797,0.0,0.0,179.49552684795805,6.009163979469246e-14,6.009163979469246e-14
0.42200000000000004,8569.668890572319,0.0,0.0,179.49519188842646,6.009156517451403e-14,6.009156517451403e-14
0.42205000000000004,8569.694734765571,0.0,0.0,179.495017544366,6.00914894850248e-14,6.00914894850248e-14
0.42210000000000003,8569.727732892039,0.0,0.0,179.49493483909447,6.00915041580563e-14,6.00915041580563e-14
0.42215,8569.765913763065,0.0,0.0,179.49501770328,6.009151175875937e-14,6.009151175875937e-14
0.4222,8569.810367384393,0.0,0.0,179.49519004380386,6.009161256662094e-14,6.009161256662094e-14
0.42225,8569.860673184232,0.0,0.0,179.49552725487428,6.009170658102367e-14,6.009170658102367e-14
0.4223,8569.916348791281,0.0,0.0,179.4959560374482,6.009188980078975e-14,6.009188980078975e-14
0.42235,8569.97844963753,0.0,0.0,179.49654339354325,6.009207271742336e-14,6.009207271742336e-14
0.4224,8570.04509661649,0.0,0.0,179.49722828864782,6.009233451019726e-14,6.009233451019726e-14
0.42245000000000005,8570.118552832279,0.0,0.0,179.49806058045354,6.00926077594566e-14,6.00926077594566e-14
0.42250000000000004,8570.19589535591,0.0,0.0,179.49899925024437,6.009294456923813e-14,6.009294456923813e-14
0.42255000000000004,8570.280172236296,0.0,0.0,179.5000705408202,6.009330818487955e-14,6.009330818487955e-14
0.42260000000000003,8570.367896304902,0.0,0.0,179.50125844591525,6.009371703269859e-14,6.009371703269859e-14
0.42265,8570.462383431286,0.0,0.0,179.50256226088115,6.00941694456892e-14,6.00941694456892e-14
0.4227,8570.560121250423,0.0,0.0,179.5039925860256,6.009464807935952e-14,6.009464807935952e-14
0.42275,8570.664153903024,0.0,0.0,179.50552199181593,6.00951860730195e-14,6.00951860730195e-14
0.4228,8570.771468179333,0.0,0.0,179.5071857039067,6.009573295432542e-14,6.009573295432542e-14
0.42285,8570.884348178273,0.0,0.0,179.50893326904279,6.009635178675382e-14,6.009635178675382e-14
0.4229,8571.000718934181,0.0,0.0,179.51081930309795,6.009696592160061e-14,6.009696592160061e-14
0.42295,8571.12173241136,0.0,0.0,179.51277695524104,6.009765959812806e-14,6.009765959812806e-14
0.42300000000000004,8571.246548550524,0.0,0.0,179.5148725067822,6.009834023796406e-14,6.009834023796406e-14
0.42305000000000004,8571.374978683052,0.0,0.0,179.5170313140609,6.009910189547549e-14,6.009910189547549e-14
0.42310000000000003,8571.507535858815,0.0,0.0,179.519322202532,6.009984815673376e-14,6.009984815673376e-14
0.42315,8571.642669393566,0.0,0.0,179.52167211899936,6.010067050684122e-14,6.010067050684122e-14
0.4232,8571.78217483219,0.0,0.0,179.524143178241,6.010148096623606e-14,6.010148096623606e-14
0.42325,8571.923302189256,0.0,0.0,179.52667279868209,6.010235673700334e-14,6.010235673700334e-14
0.4233,8572.068886144156,0.0,0.0,179.52930824832242,6.010322906329623e-14,6.010322906329623e-14
0.42335,8572.215295844419,0.0,0.0,179.53200461629137,6.010415138077581e-14,6.010415138077581e-14
0.4234,8572.366028449298,0.0,0.0,179.53478837241715,6.010508205716013e-14,6.010508205716013e-14
0.42345,8572.51699744202,0.0,0.0,179.5376368776448,6.010604471814736e-14,6.010604471814736e-14
0.42350000000000004,8572.671909016328,0.0,0.0,179.54055277152585,6.010702889549412e-14,6.010702889549412e-14
0.42355000000000004,8572.826691052325,0.0,0.0,179.54353715994716,6.010802649968489e-14,6.010802649968489e-14
0.42360000000000003,8572.98479350383,0.0,0.0,179.54656904826805,6.010905800130375e-14,6.010905800130375e-14
0.42365,8573.142607936737,0.0,0.0,179.54967155187663,6.011008593246471e-14,6.011008593246471e-14
0.4237,8573.302914842123,0.0,0.0,179.55280331863145,6.011115740895821e-14,6.011115740895821e-14
0.42375,8573.462938117063,0.0,0.0,179.55600489559302,6.011221167687048e-14,6.011221167687048e-14
0.4238,8573.624481357494,0.0,0.0,179.55922036200792,6.011331488850226e-14,6.011331488850226e-14
0.42385,8573.785842984711,0.0,0.0,179.56250102244732,6.011439186355015e-14,6.011439186355015e-14
0.4239,8573.947684405635,0.0,0.0,179.56578379459867,6.011551804998038e-14,6.011551804998038e-14
0.42395,8574.1094685065,0.0,0.0,179.56912297638627,6.011661413695965e-14,6.011661413695965e-14
0.42400000000000004,8574.270705868197,0.0,0.0,179.57245626867103,6.011775442324805e-14,6.011775442324805e-14
0.42405000000000004,8574.431958523277,0.0,0.0,179.57583322191329,6.011886572826881e-14,6.011886572826881e-14
0.42410000000000003,8574.591725886552,0.0,0.0,179.5791996970415,6.012001151255815e-14,6.012001151255815e-14
0.42415,8574.751467656173,0.0,0.0,179.58259383653095,6.01211335560883e-14,6.01211335560883e-14
0.4242,8574.908931163916,0.0,0.0,179.58597549903678,6.012227682918794e-14,6.012227682918794e-14
0.42425,8575.066173411646,0.0,0.0,179.58936669038144,6.012340434930339e-14,6.012340434930339e-14
0.4243,8575.22052406983,0.0,0.0,179.59274486151912,6.012453790829721e-14,6.012453790829721e-14
0.42435,8575.374287210594,0.0,0.0,179.59611361793424,6.012566478323215e-14,6.012566478323215e-14
0.4244,8575.524732636544,0.0,0.0,179.59946900677434,6.012678231833354e-14,6.012678231833354e-14
0.42445,8575.67406422483,0.0,0.0,179.60279658773712,6.012790161842464e-14,6.012790161842464e-14
0.42450000000000004,8575.819821379713,0.0,0.0,179.6061094584127,6.012899767208977e-14,6.012899767208977e-14
0.42455000000000004,8575.963812064812,0.0,0.0,179.60937787632068,6.013010183160995e-14,6.013010183160995e-14
0.42460000000000003,8576.104102717383,0.0,0.0,179.61262829699575,6.013117164792563e-14,6.013117164792563e-14
0.42465,8576.241898503164,0.0,0.0,179.61582025132796,6.0132252729879e-14,6.0132252729879e-14
0.4247,8576.375948638553,0.0,0.0,179.61898839875235,6.013329202801301e-14,6.013329202801301e-14
0.42475,8576.506758511916,0.0,0.0,179.62208716700698,6.013434204224647e-14,6.013434204224647e-14
0.4248,8576.633802198163,0.0,0.0,179.6251536531743,6.013534675748064e-14,6.013534675748064e-14
0.42485,8576.756900936038,0.0,0.0,179.6281429726605,6.01363579864202e-14,6.01363579864202e-14
0.4249,8576.876188403163,0.0,0.0,179.6310891580816,6.013732402495364e-14,6.013732402495364e-14
0.42495,8576.990915106886,0.0,0.0,179.633953131889,6.013828931222338e-14,6.013828931222338e-14
0.42500000000000004,8577.101724108412,0.0,0.0,179.63676139346038,6.013921236120988e-14,6.013921236120988e-14
0.42505000000000004,8577.207477630249,0.0,0.0,179.63948444793982,6.014012532635201e-14,6.014012532635201e-14
0.42510000000000003,8577.309126644273,0.0,0.0,179.64213837759698,6.014100074949462e-14,6.014100074949462e-14
0.42515000000000003,8577.405359471719,0.0,0.0,179.64470528858357,6.014185590517808e-14,6.014185590517808e-14
0.4252,8577.49722103998,0.0,0.0,179.6471898104473,6.014267873887898e-14,6.014267873887898e-14
0.42525,8577.583433326137,0.0,0.0,179.6495858029972,6.014347150339193e-14,6.014347150339193e-14
0.4253,8577.664945854725,0.0,0.0,179.6518872096112,6.01442365512767e-14,6.01442365512767e-14
0.42535,8577.74068112264,0.0,0.0,179.6540981232817,6.014496316598048e-14,6.014496316598048e-14
0.4254,8577.81135776422,0.0,0.0,179.65620404371526,6.014566517373251e-14,6.014566517373251e-14
0.42545,8577.876201398867,0.0,0.0,179.6582165444439,6.01463225497312e-14,6.01463225497312e-14
0.42550000000000004,8577.935635149179,0.0,0.0,179.6601158665587,6.014695642982358e-14,6.014695642982358e-14
0.42555000000000004,8577.989216203876,0.0,0.0,179.66191767871155,6.0147541958248e-14,6.0147541958248e-14
0.42560000000000003,8578.037080980586,0.0,0.0,179.66360045330728,6.014810302735444e-14,6.014810302735444e-14
0.42565000000000003,8578.079077166112,0.0,0.0,179.66518058255875,6.014861439157397e-14,6.014861439157397e-14
0.4257,8578.115125291806,0.0,0.0,179.6666379376615,6.014909858301829e-14,6.014909858301829e-14
0.42575,8578.145270399715,0.0,0.0,179.66798685737837,6.014953360851795e-14,6.014953360851795e-14
0.4258,8578.169327469366,0.0,0.0,179.66921094667188,6.014993762786534e-14,6.014993762786534e-14
0.42585,8578.18742001131,0.0,0.0,179.67032072692038,6.015029419687369e-14,6.015029419687369e-14
0.4259,8578.19937849813,0.0,0.0,179.67130472809544,6.015061559968369e-14,6.015061559968369e-14
0.42595,8578.205290095215,0.0,0.0,179.67216909609283,6.01508916446382e-14,6.01508916446382e-14
0.42600000000000005,8578.205103175644,0.0,0.0,179.6729072641947,6.015112882940435e-14,6.015112882940435e-14
0.42605000000000004,8578.198785246888,0.0,0.0,179.67352159628746,6.015132240431637e-14,6.015132240431637e-14
0.42610000000000003,8578.18646218706,0.0,0.0,179.67400936585244,6.015147452847926e-14,6.015147452847926e-14
0.42615000000000003,8578.167949756002,0.0,0.0,179.67437062200264,6.01515839428042e-14,6.01515839428042e-14
0.4262,8578.143553825186,0.0,0.0,179.6746047418364,6.015165078284304e-14,6.015165078284304e-14
0.42625,8578.112965740762,0.0,0.0,179.67471136230077,6.015167477113845e-14,6.015167477113845e-14
0.4263,8578.07661506867,0.0,0.0,179.67469003984198,6.015165655698103e-14,6.015165655698103e-14
0.42635,8578.034150536962,0.0,0.0,179.67454182878336,6.015159445124884e-14,6.015159445124884e-14
0.4264,8577.98602170799,0.0,0.0,179.67426485826866,6.015149170901912e-14,6.015149170901912e-14
0.42645,8577.931953652025,0.0,0.0,179.6738628796234,6.015134358025268e-14,6.015134358025268e-14
0.42650000000000005,8577.872287239983,0.0,0.0,179.6733317301434,6.015115701504492e-14,6.015115701504492e-14
0.42655000000000004,8577.806953538064,0.0,0.0,179.67267823711205,6.015092375606007e-14,6.015092375606007e-14
0.42660000000000003,8577.73606033372,0.0,0.0,179.67189608277332,6.015065419839114e-14,6.015065419839114e-14
0.42665000000000003,8577.65985434084,0.0,0.0,179.67099449451192,6.015033753051919e-14,6.015033753051919e-14
0.4267,8577.57812079163,0.0,0.0,179.66996617822403,6.014998595775082e-14,6.014998595775082e-14
0.42675,8577.49148265905,0.0,0.0,179.6688211070529,6.014958835755379e-14,6.014958835755379e-14
0.4268,8577.399374070716,0.0,0.0,179.66755304033708,6.014915598704279e-14,6.014915598704279e-14
0.42685,8577.302784223566,0.0,0.0,179.6661703618428,6.014868054360405e-14,6.014868054360405e-14
0.4269,8577.200844563706,0.0,0.0,179.6646703736454,6.014816898020243e-14,6.014816898020243e-14
0.42695,8577.094820297125,0.0,0.0,179.66305732234787,6.014761920623618e-14,6.014761920623618e-14
0.42700000000000005,8576.98366794869,0.0,0.0,179.66133447830333,6.014703061556197e-14,6.014703061556197e-14
0.42705000000000004,8576.868763521394,0.0,0.0,179.65949974481532,6.014641024447312e-14,6.014641024447312e-14
0.42710000000000004,8576.749082974091,0.0,0.0,179.6575641632544,6.014574751707524e-14,6.014574751707524e-14
0.42715000000000003,8576.62589291314,0.0,0.0,179.65551796630268,6.01450603215266e-14,6.01450603215266e-14
0.4272,8576.498423049128,0.0,0.0,179.65338065764652,6.014432719295771e-14,6.014432719295771e-14
0.42725,8576.367587738438,0.0,0.0,179.6511347664757,6.014357685778599e-14,6.014357685778599e-14
0.4273,8576.233107952483,0.0,0.0,179.64880751833965,6.014277795564556e-14,6.014277795564556e-14
0.42735,8576.095320076325,0.0,0.0,179.64637520761823,6.014196802941731e-14,6.014196802941731e-14
0.4274,8575.954635867534,0.0,0.0,179.643870529603,6.014110882984372e-14,6.014110882984372e-14
0.42745,8575.810646004042,0.0,0.0,179.64126645896067,6.014024276612743e-14,6.014024276612743e-14
0.42750000000000005,8575.664575818586,0.0,0.0,179.63859759005612,6.013932945702047e-14,6.013932945702047e-14
0.42755000000000004,8575.515195484426,0.0,0.0,179.63583761219513,6.01384107408496e-14,6.01384107408496e-14
0.42760000000000004,8575.364560438404,0.0,0.0,179.63301858177354,6.013745000491993e-14,6.013745000491993e-14
0.42765000000000003,8575.210661182771,0.0,0.0,179.63011949475833,6.013648234430001e-14,6.013648234430001e-14
0.4277,8575.056278873153,0.0,0.0,179.6271652172998,6.013548108929761e-14,6.013548108929761e-14
0.42775,8574.89878656411,0.0,0.0,179.62414448618688,6.013446863887287e-14,6.013446863887287e-14
0.4278,8574.74146953737,0.0,0.0,179.62107086203113,6.013343371249185e-14,6.013343371249185e-14
0.42785,8574.58135370133,0.0,0.0,179.61794634079163,6.01323812887529e-14,6.01323812887529e-14
0.4279,8574.42191239366,0.0,0.0,179.61477033177897,6.013131922021686e-14,6.013131922021686e-14
0.42795,8574.260171239519,0.0,0.0,179.61156001741347,6.013023246645456e-14,6.013023246645456e-14
0.42800000000000005,8574.09942044873,0.0,0.0,179.60829966798488,6.012914927444173e-14,6.012914927444173e-14
0.42805000000000004,8573.937062917435,0.0,0.0,179.60502151451772,6.0128034739542e-14,6.0128034739542e-14
0.42810000000000004,8573.775830232102,0.0,0.0,179.6016958955935,6.012693583732456e-14,6.012693583732456e-14
0.42815000000000003,8573.61385693774,0.0,0.0,179.5983677067672,6.012580094447734e-14,6.012580094447734e-14
0.4282,8573.452991148859,0.0,0.0,179.59499677057607,6.012469115890464e-14,6.012469115890464e-14
0.42825,8573.292376332529,0.0,0.0,179.5916361778297,6.012354405690001e-14,6.012354405690001e-14
0.4283,8573.132753749125,0.0,0.0,179.5882405251874,6.012242776026006e-14,6.012242776026006e-14
0.42835,8572.97443030441,0.0,0.0,179.58486504374804,6.012127706832835e-14,6.012127706832835e-14
0.4284,8572.816957123641,0.0,0.0,179.5814656190187,6.012015840399775e-14,6.012015840399775e-14
0.42845,8572.661806366274,0.0,0.0,179.57809276182883,6.011901287853704e-14,6.011901287853704e-14
0.42850000000000005,8572.507415778093,0.0,0.0,179.57471050275257,6.011789604527402e-14,6.011789604527402e-14
0.42855000000000004,8572.356262982235,0.0,0.0,179.5713579216171,6.011676421032338e-14,6.011676421032338e-14
0.42860000000000004,8572.205906447129,0.0,0.0,179.5680133994038,6.011565375913033e-14,6.011565375913033e-14
0.42865000000000003,8572.059522338086,0.0,0.0,179.56469901691443,6.011454354987578e-14,6.011454354987578e-14
0.4287,8571.914155354369,0.0,0.0,179.5614121050721,6.011344464309685e-14,6.011344464309685e-14
0.42875,8571.773262865969,0.0,0.0,179.55815420063084,6.011236311191969e-14,6.011236311191969e-14
0.4288,8571.633826400028,0.0,0.0,179.55494380827972,6.011128169790572e-14,6.011128169790572e-14
0.42885,8571.499111201681,0.0,0.0,179.5517610271133,6.01102348249097e-14,6.01102348249097e-14
0.4289,8571.366510668577,0.0,0.0,179.5486449242873,6.010917769268701e-14,6.010917769268701e-14
0.42895,8571.238633369403,0.0,0.0,179.5455561890275,6.010817032866498e-14,6.010817032866498e-14
0.42900000000000005,8571.11371749746,0.0,0.0,179.54255093878874,6.010714502401061e-14,6.010714502401061e-14
0.42905000000000004,8570.993325143789,0.0,0.0,179.53957525746915,6.010618097492319e-14,6.010618097492319e-14
0.42910000000000004,8570.876867171724,0.0,0.0,179.53669625439352,6.010519557982177e-14,6.010519557982177e-14
0.42915000000000003,8570.764601712654,0.0,0.0,179.53385243446678,6.010427782111731e-14,6.010427782111731e-14
0.4292,8570.657285120704,0.0,0.0,179.53111403345616,6.010334061920998e-14,6.010334061920998e-14
0.42925,8570.553786935963,0.0,0.0,179.52842032627942,6.010247160866715e-14,6.010247160866715e-14
0.4293,8570.456197333531,0.0,0.0,179.52583603210383,6.010159067731631e-14,6.010159067731631e-14
0.42935,8570.36210262956,0.0,0.0,179.52330974397233,6.010077271946369e-14,6.010077271946369e-14
0.4294,8570.27472659751,0.0,0.0,179.52089242255158,6.009995550118938e-14,6.009995550118938e-14
0.42945,8570.190658389702,0.0,0.0,179.51854953495,6.009919110757031e-14,6.009919110757031e-14
0.4295,8570.113889113109,0.0,0.0,179.5163116036788,6.009844401825695e-14,6.009844401825695e-14
0.42955000000000004,8570.040442484857,0.0,0.0,179.51416644585242,6.009773620691758e-14,6.009773620691758e-14
0.42960000000000004,8569.974591066197,0.0,0.0,179.51212000294367,6.00970643344442e-14,6.00970643344442e-14
0.42965000000000003,8569.912314282647,0.0,0.0,179.5101850139948,6.009641681990149e-14,6.009641681990149e-14
0.4297,8569.857624823644,0.0,0.0,179.50834187558445,6.009582375499663e-14,6.009582375499663e-14
0.42975,8569.806998552727,0.0,0.0,179.5066274818323,6.009524099512374e-14,6.009524099512374e-14
0.4298,8569.763664566026,0.0,0.0,179.5049991092488,6.009472881830357e-14,6.009472881830357e-14
0.42985,8569.725081807172,0.0,0.0,179.50351372717347,6.009421590516974e-14,6.009421590516974e-14
0.4299,8569.69326134407,0.0,0.0,179.50211104334414,6.009378533161051e-14,6.009378533161051e-14
0.42995,8569.667010644596,0.0,0.0,179.5008612012964,6.009334773624239e-14,6.009334773624239e-14
0.43,8569.646837729773,0.0,0.0,179.4996943123001,6.009299839808042e-14,6.009299839808042e-14
0.43005000000000004,8569.633091868269,0.0,0.0,179.49868486780795,6.009264160071331e-14,6.009264160071331e-14
0.43010000000000004,8569.624682398118,0.0,0.0,179.49776272054228,6.009237242638106e-14,6.009237242638106e-14
0.43015000000000003,8569.62349399804,0.0,0.0,179.4969971369172,6.009210148121336e-14,6.009210148121336e-14
0.4302,8569.626945092274,0.0,0.0,179.4963271544758,6.009191111721466e-14,6.009191111721466e-14
0.43025,8569.638249698457,0.0,0.0,179.49580779248416,6.009173021078919e-14,6.009173021078919e-14
0.4303,8569.653632486661,0.0,0.0,179.49539553352113,6.009161742498432e-14,6.009161742498432e-14
0.43035,8569.677258623835,0.0,0.0,179.49512391236684,6.009152948912264e-14,6.009152948912264e-14
0.4304,8569.704605441353,0.0,0.0,179.4949727987213,6.009149349690596e-14,6.009149349690596e-14
0.43045,8569.740290234338,0.0,0.0,179.49494978575507,6.009149992992976e-14,6.009149992992976e-14
0.4305,8569.779578055672,0.0,0.0,179.4950609341808,6.009154059587476e-14,6.009154059587476e-14
0.43055000000000004,8569.826986249893,0.0,0.0,179.49528683388644,6.009164113091045e-14,6.009164113091045e-14
0.43060000000000004,8569.878118775576,0.0,0.0,179.49565901408675,6.009175901638158e-14,6.009175901638158e-14
0.43065000000000003,8569.936862575281,0.0,0.0,179.496133542376,6.009195175511367e-14,6.009195175511367e-14
0.4307,8569.999653618945,0.0,0.0,179.49676326666872,6.009214800490114e-14,6.009214800490114e-14
0.43075,8570.069310709017,0.0,0.0,179.49748541406072,6.009242961185499e-14,6.009242961185499e-14
0.4308,8570.143471383064,0.0,0.0,179.49836714635103,6.009270569634722e-14,6.009270569634722e-14
0.43085,8570.223598830877,0.0,0.0,179.49933495063388,6.009307172650477e-14,6.009307172650477e-14
0.4309,8570.30873051299,0.0,0.0,179.5004614065253,6.009342907690983e-14,6.009342907690983e-14
0.43095,8570.398872908972,0.0,0.0,179.5016716694737,6.009387439084385e-14,6.009387439084385e-14
0.431,8570.494467179073,0.0,0.0,179.5030341676119,6.009431398051857e-14,6.009431398051857e-14
0.43105000000000004,8570.594158262713,0.0,0.0,179.50448215922546,6.009483318946021e-14,6.009483318946021e-14
0.43110000000000004,8570.699604039197,0.0,0.0,179.5060709780318,6.009535512187689e-14,6.009535512187689e-14
0.43115000000000003,8570.80836204913,0.0,0.0,179.50775017427037,6.009594300159043e-14,6.009594300159043e-14
0.4312,8570.922959171065,0.0,0.0,179.5095548689321,6.00965461643603e-14,6.00965461643603e-14
0.43125,8571.040277093238,0.0,0.0,179.51145676473965,6.009719798197288e-14,6.009719798197288e-14
0.4313,8571.16325473626,0.0,0.0,179.51346640652383,6.009787981638852e-14,6.009787981638852e-14
0.43135,8571.288587377432,0.0,0.0,179.51558043571842,6.00985915278007e-14,6.00985915278007e-14
0.4314,8571.419125071965,0.0,0.0,179.51778374826202,6.00993479465935e-14,6.00993479465935e-14
0.43145,8571.551875339923,0.0,0.0,179.52009732718236,6.010011624136269e-14,6.010011624136269e-14
0.4315,8571.689124078624,0.0,0.0,179.52248271047785,6.01009417060845e-14,6.01009417060845e-14
0.43155000000000004,8571.828630946171,0.0,0.0,179.52498140531776,6.010176389934382e-14,6.010176389934382e-14
0.43160000000000004,8571.971731946956,0.0,0.0,179.52753685524937,6.010265164614774e-14,6.010265164614774e-14
0.43165000000000003,8572.117262309397,0.0,0.0,179.53020465628288,6.010352543927697e-14,6.010352543927697e-14
0.43170000000000003,8572.265361433552,0.0,0.0,179.53291760323447,6.010446782140565e-14,6.010446782140565e-14
0.43175,8572.416107478119,0.0,0.0,179.53573727507472,6.010539097190077e-14,6.010539097190077e-14
0.4318,8572.568364012663,0.0,0.0,179.538594377022,6.010637987140552e-14,6.010637987140552e-14
0.43185,8572.72344690845,0.0,0.0,179.54154784468076,6.010734982475575e-14,6.010734982475575e-14
0.4319,8572.879036298906,0.0,0.0,179.5445347766129,6.010837707756624e-14,6.010837707756624e-14
0.43195,8573.037516101007,0.0,0.0,179.54760350371723,6.010939061818337e-14,6.010939061818337e-14
0.432,8573.195627134526,0.0,0.0,179.5507047853434,6.011044839626777e-14,6.011044839626777e-14
0.43205000000000005,8573.356517923348,0.0,0.0,179.55387010382086,6.011150137043182e-14,6.011150137043182e-14
0.43210000000000004,8573.516345667553,0.0,0.0,179.5570690014302,6.011258247269547e-14,6.011258247269547e-14
0.43215000000000003,8573.678634236618,0.0,0.0,179.56031236071723,6.011366962450734e-14,6.011366962450734e-14
0.43220000000000003,8573.839370628226,0.0,0.0,179.56359088781255,6.011476764284094e-14,6.011476764284094e-14
0.43225,8574.002036592176,0.0,0.0,179.56689400476748,6.011588258676856e-14,6.011588258676856e-14
0.4323,8574.162860848919,0.0,0.0,179.57023303147642,6.011699193288203e-14,6.011699193288203e-14
0.43235,8574.324895930544,0.0,0.0,179.57357793762347,6.011812726598549e-14,6.011812726598549e-14
0.4324,8574.484966904143,0.0,0.0,179.57695740316652,6.011924306565822e-14,6.011924306565822e-14
0.43245,8574.645391374945,0.0,0.0,179.58032640130685,6.012039060237587e-14,6.012039060237587e-14
0.4325,8574.80384358689,0.0,0.0,179.58372560932978,6.012150848291834e-14,6.012150848291834e-14
0.43255000000000005,8574.961718347206,0.0,0.0,179.58710116461037,6.012265957827852e-14,6.012265957827852e-14
0.43260000000000004,8575.11766281988,0.0,0.0,179.59049913009895,6.012377538987707e-14,6.012377538987707e-14
0.43265000000000003,8575.272096316843,0.0,0.0,179.59386372942808,6.012492130546395e-14,6.012492130546395e-14
0.43270000000000003,8575.424626538865,0.0,0.0,179.597239539767,6.012603082515791e-14,6.012603082515791e-14
0.43275,8575.5747765254,0.0,0.0,179.6005755567985,6.012716308791783e-14,6.012716308791783e-14
0.4328,8575.722979088474,0.0,0.0,179.60390870909805,6.012826175540717e-14,6.012826175540717e-14
0.43285,8575.868049994422,0.0,0.0,179.60719830953306,6.01293724624903e-14,6.01293724624903e-14
0.4329,8576.011018741625,0.0,0.0,179.61046899151611,6.01304551899411e-14,6.01304551899411e-14
0.43295,8576.150256040726,0.0,0.0,179.61369410575685,6.013153722292218e-14,6.013153722292218e-14
0.433,8576.287108069726,0.0,0.0,179.6168833973175,6.013259830765083e-14,6.013259830765083e-14
0.43305000000000005,8576.419791397062,0.0,0.0,179.6200257759104,6.01336454346512e-14,6.01336454346512e-14
0.43310000000000004,8576.549683041027,0.0,0.0,179.62311576128317,6.013467858657595e-14,6.013467858657595e-14
0.43315000000000003,8576.675119888649,0.0,0.0,179.6261571150261,6.013568544871548e-14,6.013568544871548e-14
0.43320000000000003,8576.797260875534,0.0,0.0,179.62913090926727,6.013668392622974e-14,6.013668392622974e-14
0.43325,8576.91478247456,0.0,0.0,179.6320531224966,6.013764592263085e-14,6.013764592263085e-14
0.4333,8577.028446818138,0.0,0.0,179.63489482852125,6.013860275424038e-14,6.013860275424038e-14
0.43335,8577.137407343618,0.0,0.0,179.63768022299945,6.013951585456446e-14,6.013951585456446e-14
0.4334,8577.241940085993,0.0,0.0,179.64037484481628,6.014042411146517e-14,6.014042411146517e-14
0.43345,8577.341719684451,0.0,0.0,179.64300646446955,6.014128463466612e-14,6.014128463466612e-14
0.4335,8577.436539287413,0.0,0.0,179.64553980714112,6.014213771323729e-14,6.014213771323729e-14
0.43355000000000005,8577.526550734221,0.0,0.0,179.6480016916244,6.014294211420082e-14,6.014294211420082e-14
0.43360000000000004,8577.611147598527,0.0,0.0,179.65036027823416,6.014373398790683e-14,6.014373398790683e-14
0.43365000000000004,8577.690845756406,0.0,0.0,179.6526376961251,6.014447868987499e-14,6.014447868987499e-14
0.43370000000000003,8577.764777919032,0.0,0.0,179.6548087268694,6.014520409685428e-14,6.014520409685428e-14
0.43375,8577.83367069547,0.0,0.0,179.65688834658854,6.014588539769643e-14,6.014588539769643e-14
0.4338,8577.896558127002,0.0,0.0,179.65885971604047,6.014653994228554e-14,6.014653994228554e-14
0.43385,8577.954217386257,0.0,0.0,179.66072970304774,6.014715400866094e-14,6.014715400866094e-14
0.4339,8578.005736427445,0.0,0.0,179.66249008026819,6.014773416999134e-14,6.014773416999134e-14
0.43395,8578.051807338948,0.0,0.0,179.66414012091604,6.014827711775646e-14,6.014827711775646e-14
0.434,8578.091686662992,0.0,0.0,179.66567908535586,6.014878017407077e-14,6.014878017407077e-14
0.43405000000000005,8578.125894248305,0.0,0.0,179.66710034901405,6.014924821846877e-14,6.014924821846877e-14
0.43410000000000004,8578.15391334791,0.0,0.0,179.66840856500977,6.014967210928076e-14,6.014967210928076e-14
0.43415000000000004,8578.176065471307,0.0,0.0,179.66959362489527,6.015006175708137e-14,6.015006175708137e-14
0.43420000000000003,8578.192056116071,0.0,0.0,179.6706630306415,6.01504049145963e-14,6.01504049145963e-14
0.43425,8578.20204276378,0.0,0.0,179.67160576878774,6.015071316405673e-14,6.015071316405673e-14
0.4343,8578.205893254108,0.0,0.0,179.6724297530403,6.015097434892882e-14,6.015097434892882e-14
0.43435,8578.203682560206,0.0,0.0,179.67312527528247,6.01511988632093e-14,6.01511988632093e-14
0.4344,8578.195344025447,0.0,0.0,179.6736988170392,6.015137703713758e-14,6.015137703713758e-14
0.43445,8578.180976024629,0.0,0.0,179.67414339980652,6.015151626242678e-14,6.015151626242678e-14
0.4345,8578.160469576358,0.0,0.0,179.674463152393,6.0151610521909e-14,6.0151610521909e-14
0.43455000000000005,8578.13404900584,0.0,0.0,179.6746542352722,6.015166373192586e-14,6.015166373192586e-14
0.43460000000000004,8578.101472336248,0.0,0.0,179.67471854550095,6.015167331512267e-14,6.015167331512267e-14
0.43465000000000004,8578.063161913322,0.0,0.0,179.6746547733813,6.015164057704284e-14,6.015164057704284e-14
0.43470000000000003,8578.01869396148,0.0,0.0,179.67446363714353,6.015156494142788e-14,6.015156494142788e-14
0.43475,8577.968709411434,0.0,0.0,179.6741449450618,6.015144701231142e-14,6.015144701231142e-14
0.4348,8577.912612000246,0.0,0.0,179.67369991100477,6.015128596710019e-14,6.015128596710019e-14
0.43485,8577.85121972746,0.0,0.0,179.67312763544905,6.015108414222407e-14,6.015108414222407e-14
0.4349,8577.783835554268,0.0,0.0,179.67243167653064,6.015083800890662e-14,6.015083800890662e-14
0.43495,8577.71135330172,0.0,0.0,179.67160867056057,6.015055395191113e-14,6.015055395191113e-14
0.435,8577.633100263369,0.0,0.0,179.67066604785697,6.015022372040463e-14,6.015022372040463e-14
0.43505000000000005,8577.54990048793,0.0,0.0,179.66959677506978,6.014985930837603e-14,6.014985930837603e-14
0.43510000000000004,8577.46126293499,0.0,0.0,179.66841291844815,6.014944675637478e-14,6.014944675637478e-14
0.43515000000000004,8577.36777804326,0.0,0.0,179.66710350297888,6.014900397028195e-14,6.014900397028195e-14
0.43520000000000003,8577.269296083328,0.0,0.0,179.6656849290687,6.014851171925674e-14,6.014851171925674e-14
0.43525,8577.16602423026,0.0,0.0,179.6641431451141,6.014799260194477e-14,6.014799260194477e-14
0.4353,8577.058282543127,0.0,0.0,179.6624974251115,6.014742409395415e-14,6.014742409395415e-14
0.43535,8576.94579247154,0.0,0.0,179.66073261885302,6.014683078545882e-14,6.014683078545882e-14
0.4354,8576.829410199989,0.0,0.0,179.65886839839902,6.014619017863698e-14,6.014619017863698e-14
0.43545,8576.708343638522,0.0,0.0,179.6568913460948,6.01455250240967e-14,6.01455250240967e-14
0.4355,8576.583966750433,0.0,0.0,179.65481840854542,6.01448170190626e-14,6.01448170190626e-14
0.43555000000000005,8576.455037190914,0.0,0.0,179.65264112511142,6.014408273038885e-14,6.014408273038885e-14
0.43560000000000004,8576.323334295928,0.0,0.0,179.650370479856,6.014331235249865e-14,6.014331235249865e-14
0.43565000000000004,8576.187321492047,0.0,0.0,179.64800600064996,6.014251219380309e-14,6.014251219380309e-14
0.43570000000000003,8576.048983498964,0.0,0.0,179.64554997144793,6.014168456487367e-14,6.014168456487367e-14
0.43575,8575.906723688175,0.0,0.0,179.64301213472532,6.014082252543056e-14,6.014082252543056e-14
0.4358,8575.76246700338,0.0,0.0,179.6403844205559,6.013994266186634e-14,6.013994266186634e-14
0.43585,8575.614839542259,0.0,0.0,179.6376876782812,6.013902358031378e-14,6.013902358031378e-14
0.4359,8575.46541184851,0.0,0.0,179.63490336147896,6.013809625161009e-14,6.013809625161009e-14
0.43595,8575.31332355906,0.0,0.0,179.63206264168312,6.013712586141603e-14,6.013712586141603e-14
0.436,8575.15951068592,0.0,0.0,179.62913812492073,6.013615553418539e-14,6.013615553418539e-14
0.43605,8575.003879630967,0.0,0.0,179.62616876021121,6.013514041205768e-14,6.013514041205768e-14
0.43610000000000004,8574.846511731219,0.0,0.0,179.62312162417803,6.01341312912265e-14,6.01341312912265e-14
0.43615000000000004,8574.688252296764,0.0,0.0,179.62003934963573,6.013307870548697e-14,6.013307870548697e-14
0.43620000000000003,8574.528207528774,0.0,0.0,179.61688813543822,6.013203486817603e-14,6.013203486817603e-14
0.43625,8574.368218557354,0.0,0.0,179.61370914678582,6.013095254049605e-14,6.013095254049605e-14
0.4363,8574.206422759155,0.0,0.0,179.61047307920083,6.012987814204291e-14,6.012987814204291e-14
0.43635,8574.045580057818,0.0,0.0,179.6072141308196,6.012877395083066e-14,6.012877395083066e-14
0.4364,8573.883001445554,0.0,0.0,179.60391280857283,6.012767346891541e-14,6.012767346891541e-14
0.43645,8573.722155348729,0.0,0.0,179.60059132259084,6.012655513353988e-14,6.012655513353988e-14
0.4365,8573.55979400051,0.0,0.0,179.59724440810223,6.012543360803491e-14,6.012543360803491e-14
0.43655,8573.399771890172,0.0,0.0,179.5938785618584,6.01243083980446e-14,6.01243083980446e-14
0.43660000000000004,8573.238644578742,0.0,0.0,179.5905055042556,6.012317162238369e-14,6.012317162238369e-14
0.43665000000000004,8573.080257476107,0.0,0.0,179.5871142647625,6.012204613412604e-14,6.012204613412604e-14
0.43670000000000003,8572.921379159096,0.0,0.0,179.58373408602552,6.01209007593732e-14,6.01209007593732e-14
0.43675,8572.765430825353,0.0,0.0,179.58033716657906,6.011978079373966e-14,6.011978079373966e-14
0.4368,8572.60979467848,0.0,0.0,179.57696833189917,6.011863431846493e-14,6.011863431846493e-14
0.43685,8572.45709120626,0.0,0.0,179.57358605684374,6.011752487928531e-14,6.011752487928531e-14
0.4369,8572.30564939039,0.0,0.0,179.5702464378817,6.01163855149917e-14,6.01163855149917e-14
0.43695,8572.157007116126,0.0,0.0,179.5668995151426,6.011529092964913e-14,6.011529092964913e-14
0.437,8572.01065445384,0.0,0.0,179.5636064407026,6.0114167350536e-14,6.0114167350536e-14
0.43705,8571.866904199374,0.0,0.0,179.5603156559733,6.011309149549423e-14,6.011309149549423e-14
0.43710000000000004,8571.726466592123,0.0,0.0,179.5570860308322,6.011199249952362e-14,6.011199249952362e-14
0.43715000000000004,8571.588452742815,0.0,0.0,179.5538718900285,6.01109390965608e-14,6.01109390965608e-14
0.43720000000000003,8571.45468152772,0.0,0.0,179.55072235145417,6.010987321956904e-14,6.010987321956904e-14
0.43725,8571.323255196787,0.0,0.0,179.54760470718668,6.010884615617437e-14,6.010884615617437e-14
0.4373,8571.196827817577,0.0,0.0,179.54455178187044,6.01078212895124e-14,6.01078212895124e-14
0.43735,8571.072834230366,0.0,0.0,179.5415494837277,6.010682491149585e-14,6.010682491149585e-14
0.4374,8570.954360691423,0.0,0.0,179.53860970663538,6.010584797505608e-14,6.010584797505608e-14
0.43745,8570.838621814499,0.0,0.0,179.53574031324848,6.010488730167866e-14,6.010488730167866e-14
0.4375,8570.728655545297,0.0,0.0,179.53293027461368,6.010396401782589e-14,6.010396401782589e-14
0.43755,8570.621949745477,0.0,0.0,179.53020985792043,6.010304483990744e-14,6.010304483990744e-14
0.43760000000000004,8570.521000845181,0.0,0.0,179.52754615468723,6.010217964036954e-14,6.010217964036954e-14
0.43765000000000004,8570.424041881843,0.0,0.0,179.5249892145338,6.010130847824701e-14,6.010130847824701e-14
0.43770000000000003,8570.332590348475,0.0,0.0,179.52248829659564,6.01005045576092e-14,6.01005045576092e-14
0.43775000000000003,8570.246008187076,0.0,0.0,179.52010778855504,6.009968847622193e-14,6.009968847622193e-14
0.4378,8570.16451472291,0.0,0.0,179.51778570606868,6.009894798455802e-14,6.009894798455802e-14
0.43785,8570.088840485114,0.0,0.0,179.5155931693532,6.009819428432982e-14,6.009819428432982e-14
0.4379,8570.017752813832,0.0,0.0,179.5134652428536,6.00975186311387e-14,6.00975186311387e-14
0.43795,8569.953409662454,0.0,0.0,179.51147100084378,6.00968344522239e-14,6.00968344522239e-14
0.438,8569.89316295625,0.0,0.0,179.50955144849397,6.009622467703051e-14,6.009622467703051e-14
0.43805,8569.840463927643,0.0,0.0,179.50776484389027,6.009561656835138e-14,6.009561656835138e-14
0.43810000000000004,8569.791474819145,0.0,0.0,179.50606640802206,6.009507372276258e-14,6.009507372276258e-14
0.43815000000000004,8569.750627674799,0.0,0.0,179.5044960295908,6.009454723355092e-14,6.009454723355092e-14
0.43820000000000003,8569.71328230051,0.0,0.0,179.50302964648216,6.009407271706915e-14,6.009407271706915e-14
0.43825000000000003,8569.684400505423,0.0,0.0,179.50168350566415,6.009363206667951e-14,6.009363206667951e-14
0.4383,8569.659037943022,0.0,0.0,179.50045805789588,6.009322786443274e-14,6.009322786443274e-14
0.43835,8569.642156041044,0.0,0.0,179.49934368107463,6.009287573601655e-14,6.009287573601655e-14
0.4384,8569.629049228955,0.0,0.0,179.49836586142266,6.009254452042512e-14,6.009254452042512e-14
0.43845,8569.624140288839,0.0,0.0,179.49749027636304,6.009228200710822e-14,6.009228200710822e-14
0.4385,8569.623476945564,0.0,0.0,179.49676457747262,6.009202708499824e-14,6.009202708499824e-14
0.43855,8569.630469494614,0.0,0.0,179.49613418850876,6.00918537960672e-14,6.00918537960672e-14
0.43860000000000005,8569.64233561695,0.0,0.0,179.49566301569314,6.009167890532731e-14,6.009167890532731e-14
0.43865000000000004,8569.661127595196,0.0,0.0,179.49528337929513,6.009159321732311e-14,6.009159321732311e-14
0.43870000000000003,8569.685495807618,0.0,0.0,179.49506726716487,6.009150219932605e-14,6.009150219932605e-14
0.43875000000000003,8569.715963550581,0.0,0.0,179.4949427950267,6.009150161655218e-14,6.009150161655218e-14
0.4388,8569.752687937256,0.0,0.0,179.49498069473088,6.009149800890819e-14,6.009149800890819e-14
0.43885,8569.794688963257,0.0,0.0,179.49511432318204,6.00915795822604e-14,6.00915795822604e-14
0.4389,8569.84350714224,0.0,0.0,179.49540391788733,6.009166618849353e-14,6.009166618849353e-14
0.43895,8569.896876460356,0.0,0.0,179.49579678850216,6.009182693334676e-14,6.009182693334676e-14
0.439,8569.957418678445,0.0,0.0,179.49633479170737,6.009200542967553e-14,6.009200542967553e-14
0.43905,8570.02195931632,0.0,0.0,179.49698598756092,6.009224268392259e-14,6.009224268392259e-14
0.43910000000000005,8570.093763397075,0.0,0.0,179.49776838240786,6.0092513318405e-14,6.0092513318405e-14
0.43915000000000004,8570.169232718337,0.0,0.0,179.49867475756454,6.009282499059142e-14,6.009282499059142e-14
0.43920000000000003,8570.251762926195,0.0,0.0,179.49969694493552,6.009318641684074e-14,6.009318641684074e-14
0.43925000000000003,8570.337856945882,0.0,0.0,179.5008530724722,6.009357109064307e-14,6.009357109064307e-14
0.4393,8570.430524339357,0.0,0.0,179.50210990993858,6.009402035936997e-14,6.009402035936997e-14
0.43935,8570.526862555329,0.0,0.0,179.5035081579031,6.009447724165351e-14,6.009447724165351e-14
0.4394,8570.629044271134,0.0,0.0,179.50499388839305,6.009500995112086e-14,6.009500995112086e-14
0.43945,8570.735157467969,0.0,0.0,179.50662461592032,6.009553867377211e-14,6.009553867377211e-14
0.4395,8570.846212611767,0.0,0.0,179.50833270181195,6.009614925799471e-14,6.009614925799471e-14
0.43955,8570.961535678583,0.0,0.0,179.51018455166772,6.009674956485814e-14,6.009674956485814e-14
0.43960000000000005,8571.080816066305,0.0,0.0,179.51210744440965,6.009743167950694e-14,6.009743167950694e-14
0.43965000000000004,8571.204687159385,0.0,0.0,179.51416769582033,6.009810304617137e-14,6.009810304617137e-14
0.43970000000000004,8571.331541964526,0.0,0.0,179.5162965810249,6.009884999897696e-14,6.009884999897696e-14
0.43975000000000003,8571.46320845705,0.0,0.0,179.51855151955888,6.009959124240668e-14,6.009959124240668e-14
0.4398,8571.59698275009,0.0,0.0,179.5208760814062,6.010039640966233e-14,6.010039640966233e-14
0.43985,8571.735613469296,0.0,0.0,179.52331134187298,6.010120534536238e-14,6.010120534536238e-14
0.4399,8571.875641551023,0.0,0.0,179.5258195881001,6.01020625192673e-14,6.01020625192673e-14
0.43995,8572.020343952237,0.0,0.0,179.5284204319754,6.010293571613968e-14,6.010293571613968e-14
0.44,8572.165939139803,0.0,0.0,179.53109861217322,6.01038393388724e-14,6.01038393388724e-14
0.44005,8572.315779427878,0.0,0.0,179.53385011203736,6.010477200706735e-14,6.010477200706735e-14
0.44010000000000005,8572.46622245041,0.0,0.0,179.5366827487858,6.01057172648996e-14,6.01057172648996e-14
0.44015000000000004,8572.620246319517,0.0,0.0,179.5395698669856,6.010670329249429e-14,6.010670329249429e-14
0.44020000000000004,8572.774774642605,0.0,0.0,179.5425399035402,6.010768606414382e-14,6.010768606414382e-14
0.44025000000000003,8572.932026314344,0.0,0.0,179.54554746851232,6.010871819704449e-14,6.010871819704449e-14
0.4403,8573.089826528327,0.0,0.0,179.54863652068232,6.01097348719437e-14,6.01097348719437e-14
0.44035,8573.249364108611,0.0,0.0,179.5517491196753,6.011080501131744e-14,6.011080501131744e-14
0.4404,8573.409569019206,0.0,0.0,179.55493780556876,6.011185221196322e-14,6.011185221196322e-14
0.44045,8573.570474816619,0.0,0.0,179.55813962461988,6.011295178766862e-14,6.011295178766862e-14
0.4405,8573.732166147956,0.0,0.0,179.56140793608105,6.0114026043328e-14,6.0114026043328e-14
0.44055,8573.89355139313,0.0,0.0,179.56468258530407,6.011514641226403e-14,6.011514641226403e-14
0.44060000000000005,8574.055768173723,0.0,0.0,179.56801026049314,6.01162438369463e-14,6.01162438369463e-14
0.44065000000000004,8574.216772431353,0.0,0.0,179.5713406240539,6.011737665351538e-14,6.011737665351538e-14
0.44070000000000004,8574.378524304535,0.0,0.0,179.5747074822333,6.011849267873563e-14,6.011849267873563e-14
0.44075000000000003,8574.538310645705,0.0,0.0,179.57807562778697,6.011963019048218e-14,6.011963019048218e-14
0.4408,8574.698594659065,0.0,0.0,179.58146183459678,6.012075939358522e-14,6.012075939358522e-14
0.44085,8574.856342243675,0.0,0.0,179.58484900727726,6.012189462778484e-14,6.012189462778484e-14
0.4409,8575.014161220166,0.0,0.0,179.58823525037843,6.012303068099654e-14,6.012303068099654e-14
0.44095,8575.169057249643,0.0,0.0,179.59162196327057,6.012415750529222e-14,6.012415750529222e-14
0.441,8575.323437690073,0.0,0.0,179.59498953235627,6.012529325203335e-14,6.012529325203335e-14
0.44105,8575.474670683852,0.0,0.0,179.59835575082272,6.012640631149072e-14,6.012640631149072e-14
0.44110000000000005,8575.624678310385,0.0,0.0,179.6016865304384,6.012753395744331e-14,6.012753395744331e-14
0.44115000000000004,8575.771434353614,0.0,0.0,179.60501193395734,6.012862850871598e-14,6.012862850871598e-14
0.44120000000000004,8575.916185838896,0.0,0.0,179.60828833013116,6.012973989878685e-14,6.012973989878685e-14
0.44125000000000003,8576.057648896776,0.0,0.0,179.611552624471,6.013081157647206e-14,6.013081157647206e-14
0.4413,8576.196318962722,0.0,0.0,179.61475745497668,6.01318985173556e-14,6.01318985173556e-14
0.44135,8576.33167565558,0.0,0.0,179.61794070114345,6.01329430762031e-14,6.01329430762031e-14
0.4414,8576.463499458145,0.0,0.0,179.62105708306285,6.013399765928137e-14,6.013399765928137e-14
0.44145,8576.591947956402,0.0,0.0,179.62414000832902,6.013501073728924e-14,6.013501073728924e-14
0.4415,8576.716219385611,0.0,0.0,179.62715127502403,6.013602561873617e-14,6.013602561873617e-14
0.44155,8576.836981429266,0.0,0.0,179.63011553548367,6.013700256055265e-14,6.013700256055265e-14
0.44160000000000005,8576.953048532063,0.0,0.0,179.63300520855537,6.013797116400413e-14,6.013797116400413e-14
0.44165000000000004,8577.065383109662,0.0,0.0,179.63583358123782,6.01389069324899e-14,6.01389069324899e-14
0.44170000000000004,8577.172642200621,0.0,0.0,179.63858541274215,6.013982355321867e-14,6.013982355321867e-14
0.44175000000000003,8577.275859201558,0.0,0.0,179.64126190686986,6.014071274157593e-14,6.014071274157593e-14
0.4418,8577.373749314165,0.0,0.0,179.64385999473132,6.01415725473114e-14,6.01415725473114e-14
0.44185,8577.467221525907,0.0,0.0,179.6463698843236,6.014240948755017e-14,6.014240948755017e-14
0.4419,8577.55522066693,0.0,0.0,179.64879885156256,6.01432084274434e-14,6.01432084274434e-14
0.44195,8577.638392804587,0.0,0.0,179.6511286432356,6.014398737567108e-14,6.014398737567108e-14
0.442,8577.716017050006,0.0,0.0,179.65337386126353,6.014472202274352e-14,6.014472202274352e-14
0.44205,8577.78841102087,0.0,0.0,179.65551121993835,6.014543739037755e-14,6.014543739037755e-14
0.44210000000000005,8577.85521690776,0.0,0.0,179.65755904936225,6.014610475193383e-14,6.014610475193383e-14
0.44215000000000004,8577.916433139062,0.0,0.0,179.65949270933135,6.014675134594687e-14,6.014675134594687e-14
0.44220000000000004,8577.972023168531,0.0,0.0,179.66133072942208,6.014734867959313e-14,6.014734867959313e-14
0.44225000000000003,8578.021738454794,0.0,0.0,179.6630504182095,6.01479219151619e-14,6.01479219151619e-14
0.4423,8578.065768933717,0.0,0.0,179.66466761864743,6.014844658477227e-14,6.014844658477227e-14
0.44235,8578.103731788828,0.0,0.0,179.66616401648074,6.014894263990457e-14,6.014894263990457e-14
0.4424,8578.135921800264,0.0,0.0,179.6675509316498,6.014939203698638e-14,6.014939203698638e-14
0.44245,8578.16194664019,0.0,0.0,179.66881568105305,6.014980792963975e-14,6.014980792963975e-14
0.4425,8578.18208671552,0.0,0.0,179.66996445679834,6.015017947261356e-14,6.015017947261356e-14
0.44255,8578.196048298154,0.0,0.0,179.67099022630816,6.0150513054647e-14,6.0150513054647e-14
0.44260000000000005,8578.204007398745,0.0,0.0,179.67189462002943,6.015080426396462e-14,6.015080426396462e-14
0.44265000000000004,8578.205836793908,0.0,0.0,179.6726752151625,6.015105414055853e-14,6.015105414055853e-14
0.44270000000000004,8578.201566487664,0.0,0.0,179.6733305405319,6.01512627738414e-14,6.01512627738414e-14
0.44275000000000003,8578.191249472828,0.0,0.0,179.67386104573924,6.015142816948386e-14,6.015142816948386e-14
0.4428,8578.174784659608,0.0,0.0,179.6742640814706,6.015155239028672e-14,6.015155239028672e-14
0.44285,8578.15236290363,0.0,0.0,179.6745410104738,6.015163299091732e-14,6.015163299091732e-14
0.4429,8578.12381902146,0.0,0.0,179.6746898970962,6.015167153907143e-14,6.015167153907143e-14
0.44295,8578.089393823448,0.0,0.0,179.67471132673626,6.015166734313027e-14,6.015166734313027e-14
0.443,8578.048961054883,0.0,0.0,179.6746054755227,6.015161967470249e-14,6.015161967470249e-14
0.44305,8578.002698852748,0.0,0.0,179.6743711403951,6.015153088312379e-14,6.015153088312379e-14
0.4431,8577.950634346433,0.0,0.0,179.67401117448668,6.01513972537525e-14,6.01513972537525e-14
0.44315000000000004,8577.892772797124,0.0,0.0,179.67352250576562,6.01512242208602e-14,6.01512242208602e-14
0.44320000000000004,8577.829392237541,0.0,0.0,179.672910245861,6.0151005696507e-14,6.0151005696507e-14
0.44325000000000003,8577.76024547104,0.0,0.0,179.67217034675173,6.015074895174081e-14,6.015074895174081e-14
0.4433,8577.685915413706,0.0,0.0,179.6713088438618,6.015044734395049e-14,6.015044734395049e-14
0.44335,8577.605877112632,0.0,0.0,179.6703224044921,6.015010768050018e-14,6.015010768050018e-14
0.4434,8577.52100933462,0.0,0.0,179.6692160119183,6.014972541684128e-14,6.014972541684128e-14
0.44345,8577.430552585325,0.0,0.0,179.66798917640716,6.014930403004138e-14,6.014930403004138e-14
0.4435,8577.335601307675,0.0,0.0,179.6666436441074,6.014884398221609e-14,6.014884398221609e-14
0.44355,8577.235274658757,0.0,0.0,179.66518385030827,6.014834263031552e-14,6.014834263031552e-14
0.4436,8577.130736941841,0.0,0.0,179.66360641875855,6.01478079304127e-14,6.01478079304127e-14
0.44365000000000004,8577.02115671275,0.0,0.0,179.66192223541373,6.014722908492576e-14,6.014722908492576e-14
0.44370000000000004,8576.907575700283,0.0,0.0,179.6601217040505,6.01466229630607e-14,6.01466229630607e-14
0.44375000000000003,8576.789415202937,0.0,0.0,179.65822269002666,6.014596991629766e-14,6.014596991629766e-14
0.44380000000000003,8576.667385303006,0.0,0.0,179.6562094377803,6.014529558980743e-14,6.014529558980743e-14
0.44385,8576.541362169179,0.0,0.0,179.65410604362805,6.014457249342262e-14,6.014457249342262e-14
0.4439,8576.411534811732,0.0,0.0,179.65189198558994,6.014383312927146e-14,6.014383312927146e-14
0.44395,8576.278397965962,0.0,0.0,179.64959550955555,6.014304494867076e-14,6.014304494867076e-14
0.444,8576.141486349587,0.0,0.0,179.6471939834205,6.014224370807826e-14,6.014224370807826e-14
0.44405,8576.002004267018,0.0,0.0,179.64471658355114,6.01413960915716e-14,6.01413960915716e-14
0.4441,8575.858785546512,0.0,0.0,179.64214217056943,6.014053625111995e-14,6.014053625111995e-14
0.44415000000000004,8575.713737265143,0.0,0.0,179.6394969234401,6.013963532738402e-14,6.013963532738402e-14
0.44420000000000004,8575.565050939518,0.0,0.0,179.63676521935295,6.0138720456561e-14,6.0138720456561e-14
0.44425000000000003,8575.415220872988,0.0,0.0,179.63396620609225,6.013777258688893e-14,6.013777258688893e-14
0.44430000000000003,8575.261962667482,0.0,0.0,179.63109356608777,6.01368067505536e-14,6.01368067505536e-14
0.44435,8575.108139653032,0.0,0.0,179.6281559595188,6.01358182713297e-14,6.01358182713297e-14
0.4444,8574.951250866301,0.0,0.0,179.6251592461313,6.013480621914914e-14,6.013480621914914e-14
0.44445,8574.794231173366,0.0,0.0,179.62209937023206,6.013378321333453e-14,6.013378321333453e-14
0.4445,8574.634684178502,0.0,0.0,179.61899573338846,6.013273051800236e-14,6.013273051800236e-14
0.44455,8574.475277512136,0.0,0.0,179.61583106850335,6.0131678651545e-14,6.0131678651545e-14
0.4446,8574.314058737407,0.0,0.0,179.61263778239683,6.013059176384829e-14,6.013059176384829e-14
0.44465000000000005,8574.153095710322,0.0,0.0,179.6093868964856,6.012951621392107e-14,6.012951621392107e-14
0.44470000000000004,8573.991187882111,0.0,0.0,179.60612126921322,6.012840241464575e-14,6.012840241464575e-14
0.44475000000000003,8573.829527093929,0.0,0.0,179.60280366593182,6.012730790285778e-14,6.012730790285778e-14
0.44480000000000003,8573.667892716701,0.0,0.0,179.5994830261537,6.012617514719884e-14,6.012617514719884e-14
0.44485,8573.50642553491,0.0,0.0,179.59611891312252,6.012506607433822e-14,6.012506607433822e-14
0.4449,8573.345993474813,0.0,0.0,179.59276066518905,6.012392274161387e-14,6.012392274161387e-14
0.44495,8573.185644871231,0.0,0.0,179.5893706584405,6.012280340369087e-14,6.012280340369087e-14
0.445,8573.027301508035,0.0,0.0,179.5859923855293,6.012165798081959e-14,6.012165798081959e-14
0.44505,8572.869025841226,0.0,0.0,179.58259717680886,6.01205328319506e-14,6.01205328319506e-14
0.4451,8572.713611609111,0.0,0.0,179.57921676257558,6.011939357098251e-14,6.011939357098251e-14
0.44515000000000005,8572.558382976746,0.0,0.0,179.57583678312065,6.011826748926203e-14,6.011826748926203e-14
0.44520000000000004,8572.406694325435,0.0,0.0,179.57247251774695,6.011714208516162e-14,6.011714208516162e-14
0.44525000000000003,8572.255491933769,0.0,0.0,179.56912763416855,6.011602059502776e-14,6.011602059502776e-14
0.44530000000000003,8572.108287919988,0.0,0.0,179.56579827138282,6.011491592882884e-14,6.011491592882884e-14
0.44535,8571.962077705119,0.0,0.0,179.56250754585088,6.011380533798069e-14,6.011380533798069e-14
0.4454,8571.820089702576,0.0,0.0,179.5592322835675,6.011272732241373e-14,6.011272732241373e-14
0.44545,8571.679804063246,0.0,0.0,179.55601382201772,6.01116347428014e-14,6.01116347428014e-14
0.4455,8571.543746567315,0.0,0.0,179.55281218990137,6.01105882933781e-14,6.01105882933781e-14
0.44555,8571.410264437338,0.0,0.0,179.54968308960886,6.010952153241915e-14,6.010952153241915e-14
0.4456,8571.280844725032,0.0,0.0,179.54657474058897,6.010851066895949e-14,6.010851066895949e-14
0.44565000000000005,8571.154974255318,0.0,0.0,179.5435511339854,6.010747799646729e-14,6.010747799646729e-14
0.44570000000000004,8571.032898784255,0.0,0.0,179.5405555514715,6.010650606054887e-14,6.010650606054887e-14
0.44575000000000004,8570.915364612434,0.0,0.0,179.53765272869663,6.010551587603902e-14,6.010551587603902e-14
0.44580000000000003,8570.80134048961,0.0,0.0,179.53478887472275,6.010458583198329e-14,6.010458583198329e-14
0.44585,8570.692776981747,0.0,0.0,179.5320214553053,6.010364627287234e-14,6.010364627287234e-14
0.4459,8570.587507549508,0.0,0.0,179.52930739495918,6.010276104633434e-14,6.010276104633434e-14
0.44595,8570.48845858752,0.0,0.0,179.52668951113804,6.010187958783823e-14,6.010187958783823e-14
0.446,8570.392633049882,0.0,0.0,179.52414205377613,6.010104238903994e-14,6.010104238903994e-14
0.44605,8570.303558029422,0.0,0.0,179.52168750560784,6.010022548939299e-14,6.010022548939299e-14
0.4461,8570.217835953095,0.0,0.0,179.51932190263102,6.009944006894645e-14,6.009944006894645e-14
0.44615000000000005,8570.139120778475,0.0,0.0,179.51704424867825,6.009869290854905e-14,6.009869290854905e-14
0.44620000000000004,8570.064113109305,0.0,0.0,179.51487398102302,6.009796370248965e-14,6.009796370248965e-14
0.44625000000000004,8569.99608426324,0.0,0.0,179.51278653765976,6.009729005328115e-14,6.009729005328115e-14
0.44630000000000003,8569.932333077766,0.0,0.0,179.51082321453055,6.009662218951749e-14,6.009662218951749e-14
0.44635,8569.87527240498,0.0,0.0,179.50893895043927,6.009602443291515e-14,6.009602443291515e-14
0.4464,8569.823231882461,0.0,0.0,179.50719232580767,6.009542359128516e-14,6.009542359128516e-14
0.44645,8569.77738963296,0.0,0.0,179.50552365412068,6.009490288215927e-14,6.009490288215927e-14
0.4465,8569.737410636099,0.0,0.0,179.5040017513281,6.009437502188368e-14,6.009437502188368e-14
0.44655,8569.703014581022,0.0,0.0,179.50256023772093,6.009393157500762e-14,6.009393157500762e-14
0.4466,8569.67533479238,0.0,0.0,179.5012695575303,6.00934825632326e-14,6.00934825632326e-14
0.44665000000000005,8569.652593816903,0.0,0.0,179.5000655760315,6.009311602085663e-14,6.009311602085663e-14
0.44670000000000004,8569.63733464712,0.0,0.0,179.49901135192124,6.009275121108969e-14,6.009275121108969e-14
0.44675000000000004,8569.626436059474,0.0,0.0,179.4980537292207,6.00924610381525e-14,6.00924610381525e-14
0.44680000000000003,8569.623606633993,0.0,0.0,179.49724018736097,6.00921848556308e-14,6.00921848556308e-14
0.44685,8569.624707378835,0.0,0.0,179.49653587958338,6.009197070471372e-14,6.009197070471372e-14
0.4469,8569.63421495139,0.0,0.0,179.49596646077774,6.00917862955634e-14,6.00917862955634e-14
0.44695,8569.647427846574,0.0,0.0,179.49552030351867,6.00916482877449e-14,6.00916482877449e-14
0.447,8569.669093119146,0.0,0.0,179.49519781052032,6.009155728049963e-14,6.009155728049963e-14
0.44705,8569.694470002758,0.0,0.0,179.49501237383114,6.009149616018673e-14,6.009149616018673e-14
0.4471,8569.728045184636,0.0,0.0,179.4949390189904,6.009149857277481e-14,6.009149857277481e-14
0.44715000000000005,8569.765559354943,0.0,0.0,179.495014585254,6.009151571290816e-14,6.009151571290816e-14
0.44720000000000004,8569.810746456118,0.0,0.0,179.49519192874482,6.009161001797375e-14,6.009161001797375e-14
0.44725000000000004,8569.860276936539,0.0,0.0,179.49552659499352,6.009170727373404e-14,6.009170727373404e-14
0.44730000000000003,8569.916743819746,0.0,0.0,179.49595538065424,6.009189061304768e-14,6.009189061304768e-14
0.44735,8569.978063761078,0.0,0.0,179.49654527023569,6.009207004440148e-14,6.009207004440148e-14
0.4474,8570.045455860834,0.0,0.0,179.4972251818581,6.009233856219551e-14,6.009233856219551e-14
0.44745,8570.118226842591,0.0,0.0,179.49806473588146,6.009260206475777e-14,6.009260206475777e-14
0.4475,8570.196173145398,0.0,0.0,179.49899410926082,6.009295131336945e-14,6.009295131336945e-14
0.44755,8570.27994633262,0.0,0.0,179.50007641806704,6.009330021040643e-14,6.009330021040643e-14
0.4476,8570.368059096378,0.0,0.0,179.50125195144426,6.009372557171801e-14,6.009372557171801e-14
0.44765000000000005,8570.462283274603,0.0,0.0,179.5025690819221,6.009416022575504e-14,6.009416022575504e-14
0.44770000000000004,8570.560151913494,0.0,0.0,179.5039855885492,6.009465729032521e-14,6.009465729032521e-14
0.44775000000000004,8570.664187493441,0.0,0.0,179.5055288650889,6.009517678983134e-14,6.009517678983134e-14
0.44780000000000003,8570.771367931437,0.0,0.0,179.50717910639645,6.009574164234864e-14,6.009574164234864e-14
0.44785,8570.884505225617,0.0,0.0,179.5089393113194,6.009634360814192e-14,6.009634360814192e-14
0.4479,8571.000506692337,0.0,0.0,179.51081393837143,6.009697298198635e-14,6.009697298198635e-14
0.44795,8571.121986231325,0.0,0.0,179.51278141057398,6.009765352071758e-14,6.009765352071758e-14
0.448,8571.246257848165,0.0,0.0,179.5148690267862,6.009834480393913e-14,6.009834480393913e-14
0.44805,8571.375290296151,0.0,0.0,179.51703365315225,6.009909861513309e-14,6.009909861513309e-14
0.4481,8571.507209822626,0.0,0.0,179.51932099480348,6.009984971193477e-14,6.009984971193477e-14
0.44815000000000005,8571.642993201627,0.0,0.0,179.52167210531684,6.010067033348524e-14,6.010067033348524e-14
0.44820000000000004,8571.781859986806,0.0,0.0,179.5241443206241,6.010147940633753e-14,6.010147940633753e-14
0.44825000000000004,8571.923592392035,0.0,0.0,179.5266705126186,6.010235956424217e-14,6.010235956424217e-14
0.44830000000000003,8572.068625958666,0.0,0.0,179.52931150735512,6.010322469864096e-14,6.010322469864096e-14
0.44835,8572.215512675444,0.0,0.0,179.5320004348667,6.010415671293172e-14,6.010415671293172e-14
0.4484,8572.365857548264,0.0,0.0,179.5347932445096,6.010507555732738e-14,6.010507555732738e-14
0.44845,8572.517112346119,0.0,0.0,179.53763141373702,6.010605174933729e-14,6.010605174933729e-14
0.4485,8572.671848850905,0.0,0.0,179.5405585600257,6.010702118531707e-14,6.010702118531707e-14
0.44855,8572.826690104162,0.0,0.0,179.54353117082172,6.010803423278126e-14,6.010803423278126e-14
0.4486,8572.984850036037,0.0,0.0,179.54657496459978,6.010905012499398e-14,6.010905012499398e-14
0.44865000000000005,8573.14249307261,0.0,0.0,179.54966583096788,6.011009332043961e-14,6.011009332043961e-14
0.44870000000000004,8573.303078487419,0.0,0.0,179.55280859257172,6.011115038314583e-14,6.011115038314583e-14
0.44875000000000004,8573.46272608539,0.0,0.0,179.5560001634925,6.011221776636167e-14,6.011221776636167e-14
0.44880000000000003,8573.624729093637,0.0,0.0,179.55922434523947,6.011330956572387e-14,6.011330956572387e-14
0.44885,8573.785562262212,0.0,0.0,179.5624978326138,6.011439592032921e-14,6.011439592032921e-14
0.4489,8573.947983650627,0.0,0.0,179.5657860430824,6.011551501163348e-14,6.011551501163348e-14
0.44895,8574.109154717973,0.0,0.0,179.56912164837686,6.011661573593267e-14,6.011661573593267e-14
0.449,8574.27101949051,0.0,0.0,179.57245659285783,6.011775391560977e-14,6.011775391560977e-14
0.44905,8574.431649107537,0.0,0.0,179.57583381043995,6.011886479608352e-14,6.011886479608352e-14
0.4491,8574.592017572699,0.0,0.0,179.57919817398485,6.012001343266565e-14,6.012001343266565e-14
0.44915000000000005,8574.751196597881,0.0,0.0,179.58259613911326,6.012113036170975e-14,6.012113036170975e-14
0.44920000000000004,8574.909170349465,0.0,0.0,179.58597244627745,6.012228075985023e-14,6.012228075985023e-14
0.44925000000000004,8575.065966810846,0.0,0.0,179.58937029066274,6.012339944605919e-14,6.012339944605919e-14
0.44930000000000003,8575.220689734713,0.0,0.0,179.59274077829218,6.01245431947406e-14,6.01245431947406e-14
0.44935,8575.37416029423,0.0,0.0,179.59611795667988,6.012565891311819e-14,6.012565891311819e-14
0.4494,8575.524815466551,0.0,0.0,179.5994644927503,6.012678817355959e-14,6.012678817355959e-14
0.44945,8575.674020152923,0.0,0.0,179.60280104985662,6.012789559504444e-14,6.012789559504444e-14
0.4495,8575.819824062273,0.0,0.0,179.60610512311305,6.01290032945556e-14,6.01290032945556e-14
0.44955,8575.9638425932,0.0,0.0,179.60938188042172,6.013009642060662e-14,6.013009642060662e-14
0.4496,8576.104038437634,0.0,0.0,179.61262467380925,6.013117633414486e-14,6.013117633414486e-14
0.44965,8576.24198627719,0.0,0.0,179.61582332853567,6.013224854509364e-14,6.013224854509364e-14
0.44970000000000004,8576.375838118336,0.0,0.0,179.61898587606584,6.013329526390118e-14,6.013329526390118e-14
0.44975000000000004,8576.506880531728,0.0,0.0,179.62208901797771,6.013433947221117e-14,6.013433947221117e-14
0.44980000000000003,8576.633669833363,0.0,0.0,179.62515243184635,6.013534827598288e-14,6.013534827598288e-14
0.44985,8576.757032579408,0.0,0.0,179.62814349551456,6.013635716000275e-14,6.013635716000275e-14
0.4499,8576.876058171665,0.0,0.0,179.6310892399309,6.013732382288885e-14,6.013732382288885e-14
0.44995,8576.991034044871,0.0,0.0,179.63395241858123,6.013829010561931e-14,6.013829010561931e-14
0.45,8577.101615919975,0.0,0.0,179.63676260040074,6.013921067486229e-14,6.013921067486229e-14
0.45005,8577.207567024072,0.0,0.0,179.6394827516115,6.014012740706112e-14,6.014012740706112e-14
0.4501,8577.309053694584,0.0,0.0,179.6421403963393,6.014099799513068e-14,6.014099799513068e-14
0.45015,8577.40540998509,0.0,0.0,179.64470296889803,6.014185880341513e-14,6.014185880341513e-14
0.45020000000000004,8577.4971885305,0.0,0.0,179.6471922540142,6.014267542988199e-14,6.014267542988199e-14
0.45025000000000004,8577.58344370319,0.0,0.0,179.64958325963426,6.014347469790764e-14,6.014347469790764e-14
0.45030000000000003,8577.664951190478,0.0,0.0,179.6518896847895,6.014423320710343e-14,6.014423320710343e-14
0.45035000000000003,8577.740657328897,0.0,0.0,179.65409572915547,6.014496616999016e-14,6.014496616999016e-14
0.4504,8577.811392085314,0.0,0.0,179.65620621324948,6.014566223649898e-14,6.014566223649898e-14
0.45045,8577.876154566282,0.0,0.0,179.6582145896286,6.014632498348405e-14,6.014632498348405e-14
0.4505,8577.935685832745,0.0,0.0,179.6601174963452,6.014695420217977e-14,6.014695420217977e-14
0.45055,8577.989159816461,0.0,0.0,179.66191633365779,6.01475435974513e-14,6.01475435974513e-14
0.4506,8578.037134603857,0.0,0.0,179.66360143779613,6.014810164069657e-14,6.014810164069657e-14
0.45065,8578.079024040508,0.0,0.0,179.6651798854414,6.014861518516612e-14,6.014861518516612e-14
0.45070000000000005,8578.115170492207,0.0,0.0,179.66663830061637,6.01490979991393e-14,6.01490979991393e-14
0.45075000000000004,8578.145230032966,0.0,0.0,179.66798672601996,6.014953366442738e-14,6.014953366442738e-14
0.45080000000000003,8578.169357181174,0.0,0.0,179.66921081873213,6.014993767103467e-14,6.014993767103467e-14
0.45085000000000003,8578.187396783442,0.0,0.0,179.67032099146513,6.015029373987125e-14,6.015029373987125e-14
0.4509,8578.199391174125,0.0,0.0,179.67130430653106,6.015061601098164e-14,6.015061601098164e-14
0.45095,8578.205282643285,0.0,0.0,179.67216954518656,6.015089095519565e-14,6.015089095519565e-14
0.451,8578.205102794547,0.0,0.0,179.67290676318777,6.015112933184236e-14,6.015112933184236e-14
0.45105,8578.198787100271,0.0,0.0,179.67352202748438,6.015132175073026e-14,6.015132175073026e-14
0.4511,8578.186457070453,0.0,0.0,179.67400896708284,6.015147489028224e-14,6.015147489028224e-14
0.45115,8578.16795108314,0.0,0.0,179.67437088675808,6.015158352000171e-14,6.015158352000171e-14
0.45120000000000005,8578.14355450519,0.0,0.0,179.67460455483686,6.015165086731864e-14,6.015165086731864e-14
0.45125000000000004,8578.112955848437,0.0,0.0,179.67471139720837,6.01516746581826e-14,6.01516746581826e-14
0.45130000000000003,8578.076631623997,0.0,0.0,179.6746900795771,6.015165635020883e-14,6.015165635020883e-14
0.45135000000000003,8578.03412062238,0.0,0.0,179.67454166741658,6.015159459582364e-14,6.015159459582364e-14
0.4514,8577.986061091124,0.0,0.0,179.67426504404045,6.015149132066368e-14,6.015149132066368e-14
0.45145,8577.93189925918,0.0,0.0,179.673862642964,6.015134381299304e-14,6.015134381299304e-14
0.4515,8577.87235113205,0.0,0.0,179.67333190584569,6.015115665229507e-14,6.015115665229507e-14
0.45155,8577.80687622052,0.0,0.0,179.6726781044908,6.015092383163147e-14,6.015092383163147e-14
0.4516,8577.736143980812,0.0,0.0,179.67189605445253,6.015065411773235e-14,6.015065411773235e-14
0.45165,8577.659762171716,0.0,0.0,179.67099466060156,6.015033718705446e-14,6.015033718705446e-14
0.45170000000000005,8577.578213108285,0.0,0.0,179.6699657615968,6.014998640333013e-14,6.014998640333013e-14
0.45175000000000004,8577.491389432209,0.0,0.0,179.66882173313326,6.014958738249854e-14,6.014958738249854e-14
0.45180000000000003,8577.399459068922,0.0,0.0,179.66755210895718,6.014915712718049e-14,6.014915712718049e-14
0.45185000000000003,8577.302707422099,0.0,0.0,179.66617153083695,6.0148678832811e-14,6.0148678832811e-14
0.4519,8577.200903920584,0.0,0.0,179.66466889814131,6.014817085455515e-14,6.014817085455515e-14
0.45195,8577.094778129253,0.0,0.0,179.66305900674595,6.014761680444832e-14,6.014761680444832e-14
0.452,8576.983684304005,0.0,0.0,179.66133254855882,6.014703310420828e-14,6.014703310420828e-14
0.45205,8576.868771503601,0.0,0.0,179.6595017945663,6.014640735867998e-14,6.014640735867998e-14
0.4521,8576.749043394935,0.0,0.0,179.65756198831292,6.014575033938281e-14,6.014575033938281e-14
0.45215,8576.625960584432,0.0,0.0,179.65552012036153,6.014505730344851e-14,6.014505730344851e-14
0.45220000000000005,8576.498322039655,0.0,0.0,179.65337854198452,6.014432993887478e-14,6.014432993887478e-14
0.45225000000000004,8576.367716101944,0.0,0.0,179.65113668749444,6.014357415701072e-14,6.014357415701072e-14
0.45230000000000004,8576.232949436357,0.0,0.0,179.6488058173355,6.014278014603117e-14,6.014278014603117e-14
0.45235000000000003,8576.095500274569,0.0,0.0,179.64637653498363,6.014196612371299e-14,6.014196612371299e-14
0.4524,8575.95443372226,0.0,0.0,179.64386959083683,6.014110999662531e-14,6.014110999662531e-14
0.45245,8575.810859556546,0.0,0.0,179.6412668717829,6.014024207953142e-14,6.014024207953142e-14
0.4525,8575.66435276739,0.0,0.0,179.63859768989414,6.013932922970021e-14,6.013932922970021e-14
0.45255,8575.515416171042,0.0,0.0,179.63583689160285,6.013841156264742e-14,6.013841156264742e-14
0.4526,8575.36434537384,0.0,0.0,179.63301986803248,6.013744818803973e-14,6.013744818803973e-14
0.45265,8575.210858382989,0.0,0.0,179.63011757440282,6.013648476275687e-14,6.013648476275687e-14
0.45270000000000005,8575.056102947552,0.0,0.0,179.62716766839145,6.013547771639479e-14,6.013547771639479e-14
0.45275000000000004,8574.898929606688,0.0,0.0,179.62414148131933,6.013447250212104e-14,6.013447250212104e-14
0.45280000000000004,8574.741361573628,0.0,0.0,179.62107427083924,6.013342906570112e-14,6.013342906570112e-14
0.45285000000000003,8574.581416581319,0.0,0.0,179.61794254944508,6.013238620178783e-14,6.013238620178783e-14
0.4529,8574.42189430541,0.0,0.0,179.6147743188835,6.013131381014102e-14,6.013131381014102e-14
0.45295,8574.260136964027,0.0,0.0,179.6115558915827,6.013023782790368e-14,6.013023782790368e-14
0.453,8574.099503392166,0.0,0.0,179.60830372424354,6.012914378143487e-14,6.012914378143487e-14
0.45305,8573.936926760342,0.0,0.0,179.6050176040839,6.01280398154649e-14,6.01280398154649e-14
0.4531,8573.77601213533,0.0,0.0,179.6016994492222,6.012693102152294e-14,6.012693102152294e-14
0.45315,8573.613628025807,0.0,0.0,179.59836458347823,6.012580497002098e-14,6.012580497002098e-14
0.45320000000000005,8573.453256081853,0.0,0.0,179.59499926954337,6.012468775149891e-14,6.012468775149891e-14
0.45325000000000004,8573.292077224509,0.0,0.0,179.59163435019337,6.012354635114065e-14,6.012354635114065e-14
0.45330000000000004,8573.133073338764,0.0,0.0,179.58824152270458,6.012242635176949e-14,6.012242635176949e-14
0.45335000000000003,8572.974094526258,0.0,0.0,179.5848648756563,6.012127714450168e-14,6.012127714450168e-14
0.4534,8572.817293910686,0.0,0.0,179.58146484873947,6.012015934632274e-14,6.012015934632274e-14
0.45345,8572.661474183038,0.0,0.0,179.57809440776592,6.011901053151898e-14,6.011901053151898e-14
0.4535,8572.507728110264,0.0,0.0,179.57470793126996,6.011789938307342e-14,6.011789938307342e-14
0.45355,8572.355975965118,0.0,0.0,179.5713612893572,6.011675956615855e-14,6.011675956615855e-14
0.4536,8572.20615424589,0.0,0.0,179.56800924665524,6.011565920243487e-14,6.011565920243487e-14
0.45365,8572.059317488789,0.0,0.0,179.5647037649095,6.01145370677483e-14,6.01145370677483e-14
0.45370000000000005,8571.914305928329,0.0,0.0,179.5614068279012,6.011345158772813e-14,6.011345158772813e-14
0.45375000000000004,8571.773167148784,0.0,0.0,179.55815977231745,6.011235553623531e-14,6.011235553623531e-14
0.45380000000000004,8571.63385943796,0.0,0.0,179.55493804793605,6.011128929343678e-14,6.011128929343678e-14
0.45385000000000003,8571.499137301498,0.0,0.0,179.55176671883441,6.011022709300223e-14,6.011022709300223e-14
0.4539,8571.366421634903,0.0,0.0,179.54863942420442,6.010918495050736e-14,6.010918495050736e-14
0.45395,8571.238777338214,0.0,0.0,179.54556124298975,6.010816344642322e-14,6.010816344642322e-14
0.454,8571.113518872298,0.0,0.0,179.5425464437015,6.010715095146868e-14,6.010715095146868e-14
0.45405,8570.993566340983,0.0,0.0,179.53957896697918,6.010617587771721e-14,6.010617587771721e-14
0.4541,8570.876587283958,0.0,0.0,179.53669340499835,6.010519932151089e-14,6.010519932151089e-14
0.45415,8570.76490512375,0.0,0.0,179.53385424630775,6.01042752397278e-14,6.01042752397278e-14
0.45420000000000005,8570.656964677866,0.0,0.0,179.53111327190493,6.010334158446504e-14,6.010334158446504e-14
0.45425000000000004,8570.554107606726,0.0,0.0,179.5284199249583,6.010247195955832e-14,6.010247195955832e-14
0.45430000000000004,8570.4558840963,0.0,0.0,179.52583753245986,6.010158863409297e-14,6.010158863409297e-14
0.45435000000000003,8570.362391638662,0.0,0.0,179.52330710479123,6.010077603570839e-14,6.010077603570839e-14
0.4544,8570.274468926034,0.0,0.0,179.5208960570767,6.009995062113281e-14,6.009995062113281e-14
0.45445,8570.190869539465,0.0,0.0,179.51854493714728,6.009919702136276e-14,6.009919702136276e-14
0.4545,8570.113729290295,0.0,0.0,179.5163169508898,6.009843686484836e-14,6.009843686484836e-14
0.45455,8570.040538764564,0.0,0.0,179.51416044279785,6.009774398781354e-14,6.009774398781354e-14
0.4546,8569.974559344051,0.0,0.0,179.51212639745992,6.009705579471878e-14,6.009705579471878e-14
0.45465,8569.912273170767,0.0,0.0,179.51017836372463,6.009642546508562e-14,6.009642546508562e-14
0.45470000000000005,8569.857735048876,0.0,0.0,179.5083484937131,6.009581492390753e-14,6.009581492390753e-14
0.45475000000000004,8569.806815374926,0.0,0.0,179.50662104711142,6.009524936055792e-14,6.009524936055792e-14
0.45480000000000004,8569.763912022809,0.0,0.0,179.5050050789071,6.009472085180361e-14,6.009472085180361e-14
0.45485000000000003,8569.724770642357,0.0,0.0,179.50350835886317,6.00942228600783e-14,6.00942228600783e-14
0.4549,8569.693623144136,0.0,0.0,179.5021155631108,6.009377928920117e-14,6.009377928920117e-14
0.45495,8569.666602620937,0.0,0.0,179.50085762140094,6.009335231933422e-14,6.009335231933422e-14
0.455,8569.647275722531,0.0,0.0,179.4996967627351,6.009299509689631e-14,6.009299509689631e-14
0.45505,8569.632631073306,0.0,0.0,179.49868356879145,6.009264315561297e-14,6.009264315561297e-14
0.4551,8569.625148213565,0.0,0.0,179.4977627517308,6.009237232727459e-14,6.009237232727459e-14
0.45515,8569.623031572151,0.0,0.0,179.49699831170196,6.009209975095671e-14,6.009209975095671e-14
0.45520000000000005,8569.627386625625,0.0,0.0,179.49632473697335,6.009191425877408e-14,6.009191425877408e-14
0.45525000000000004,8569.637836943832,0.0,0.0,179.49581130528603,6.009172537710247e-14,6.009172537710247e-14
0.45530000000000004,8569.654000919114,0.0,0.0,179.49539096505933,6.009162341485842e-14,6.009162341485842e-14
0.45535000000000003,8569.676940100777,0.0,0.0,179.49512931479535,6.009152215021174e-14,6.009152215021174e-14
0.4554,8569.704861811198,0.0,0.0,179.49496666540662,6.009150156209563e-14,6.009150156209563e-14
0.45545,8569.740097811129,0.0,0.0,179.4949563762173,6.009149101980278e-14,6.009149101980278e-14
0.4555,8569.779698452272,0.0,0.0,179.49505403151306,6.009154968548806e-14,6.009154968548806e-14
0.45555,8569.826934933204,0.0,0.0,179.49529375217807,6.009163179191872e-14,6.009163179191872e-14
0.4556,8569.878097425682,0.0,0.0,179.49565223893427,6.009176794314538e-14,6.009176794314538e-14
0.45565,8569.93694868693,0.0,0.0,179.49613988630165,6.009194318215445e-14,6.009194318215445e-14
0.45570000000000005,8569.99950344143,0.0,0.0,179.49675749548553,6.009215560596166e-14,6.009215560596166e-14
0.45575000000000004,8570.06951264211,0.0,0.0,179.49749036173313,6.009242289057257e-14,6.009242289057257e-14
0.45580000000000004,8570.143221954071,0.0,0.0,179.49836311680795,6.009271099091222e-14,6.009271099091222e-14
0.45585000000000003,8570.223880252675,0.0,0.0,179.49933787124706,6.009306768812089e-14,6.009306768812089e-14
0.4559,8570.308423761477,0.0,0.0,179.50045961910786,6.009343139837048e-14,6.009343139837048e-14
0.45595,8570.399187935285,0.0,0.0,179.50167220699328,6.009387350352696e-14,6.009387350352696e-14
0.456,8570.494151453286,0.0,0.0,179.50303482074764,6.009431306413603e-14,6.009431306413603e-14
0.45605,8570.594457857233,0.0,0.0,179.50448027736488,6.009483550052752e-14,6.009483550052752e-14
0.4561,8570.699327410708,0.0,0.0,179.5060739454269,6.009535113565794e-14,6.009535113565794e-14
0.45615,8570.808600733428,0.0,0.0,179.50774615676465,6.00959481376617e-14,6.00959481376617e-14
0.4562,8570.92276293372,0.0,0.0,179.50955972174677,6.00965396791052e-14,6.00965396791052e-14
0.45625000000000004,8571.040419022538,0.0,0.0,179.51145117142843,6.009720520619442e-14,6.009720520619442e-14
0.45630000000000004,8571.163168006886,0.0,0.0,179.51347247667215,6.00978717201352e-14,6.00978717201352e-14
0.45635000000000003,8571.28861093797,0.0,0.0,179.51557402131897,6.009859984549633e-14,6.009859984549633e-14
0.45640000000000003,8571.419161221113,0.0,0.0,179.5177902233773,6.009933931678885e-14,6.009933931678885e-14
0.45645,8571.55177565134,0.0,0.0,179.52009093490142,6.010012453903728e-14,6.010012453903728e-14
0.4565,8571.689279437502,0.0,0.0,179.5224887467423,6.010093365881305e-14,6.010093365881305e-14
0.45655,8571.828419966254,0.0,0.0,179.52497585083043,6.010177109733639e-14,6.010177109733639e-14
0.4566,8571.97198690441,0.0,0.0,179.52754169195654,6.010264518450717e-14,6.010264518450717e-14
0.45665,8572.116966593037,0.0,0.0,179.53020061863288,6.010353063662424e-14,6.010353063662424e-14
0.4567,8572.26568369318,0.0,0.0,179.53292066295842,6.010446370437306e-14,6.010446370437306e-14
0.45675000000000004,8572.41576398508,0.0,0.0,179.53573520963192,6.010539356305713e-14,6.010539356305713e-14
0.45680000000000004,8572.56871348244,0.0,0.0,179.53859533761485,6.010637852082242e-14,6.010637852082242e-14
0.45685000000000003,8572.723097525828,0.0,0.0,179.54154792971707,6.010734957204212e-14,6.010734957204212e-14
0.45690000000000003,8572.87937086889,0.0,0.0,179.54453360558085,6.010837853463875e-14,6.010837853463875e-14
0.45695,8573.037201714455,0.0,0.0,179.5476056270284,6.010938767052404e-14,6.010938767052404e-14
0.457,8573.195908492748,0.0,0.0,179.55070173281732,6.011045233171464e-14,6.011045233171464e-14
0.45705,8573.356272903826,0.0,0.0,179.55387388992224,6.011149622705932e-14,6.011149622705932e-14
0.4571,8573.516544326107,0.0,0.0,179.55706455407017,6.011258824706338e-14,6.011258824706338e-14
0.45715,8573.678482113979,0.0,0.0,179.56031723335403,6.011366305075174e-14,6.011366305075174e-14
0.4572,8573.839469470078,0.0,0.0,179.56358569162794,6.011477440680381e-14,6.011477440680381e-14
0.45725000000000005,8574.0019874792,0.0,0.0,179.5668992746132,6.011587549601996e-14,6.011587549601996e-14
0.45730000000000004,8574.162856747664,0.0,0.0,179.57022779583497,6.011699875221002e-14,6.011699875221002e-14
0.45735000000000003,8574.324945978116,0.0,0.0,179.5735829017735,6.011812058661728e-14,6.011812058661728e-14
0.45740000000000003,8574.48487026847,0.0,0.0,179.5769528005756,6.011924905249578e-14,6.011924905249578e-14
0.45745,8574.645524230451,0.0,0.0,179.58033043992353,6.012038514977352e-14,6.012038514977352e-14
0.4575,8574.803675998512,0.0,0.0,179.58372218560527,6.012151291464553e-14,6.012151291464553e-14
0.45755,8574.961908294496,0.0,0.0,179.58710382099378,6.012265595029111e-14,6.012265595029111e-14
0.4576,8575.117453214592,0.0,0.0,179.5904972373658,6.012377779892029e-14,6.012377779892029e-14
0.45765,8575.272312546978,0.0,0.0,179.59386476269853,6.012491981504223e-14,6.012491981504223e-14
0.4577,8575.424406581138,0.0,0.0,179.59723930079525,6.012603104780708e-14,6.012603104780708e-14
0.45775000000000005,8575.574987846067,0.0,0.0,179.60057496082473,6.012716374029457e-14,6.012716374029457e-14
0.45780000000000004,8575.7227784833,0.0,0.0,179.60391001644152,6.012825993409007e-14,6.012825993409007e-14
0.45785000000000003,8575.868229254804,0.0,0.0,179.6071962970287,6.012937497737437e-14,6.012937497737437e-14
0.45790000000000003,8576.010861196111,0.0,0.0,179.61047153960752,6.013045173072104e-14,6.013045173072104e-14
0.45795,8576.150383626273,0.0,0.0,179.61369106176573,6.013154109559473e-14,6.013154109559473e-14
0.458,8576.287008477366,0.0,0.0,179.61688674088632,6.01325938017082e-14,6.01325938017082e-14
0.45805,8576.419857320261,0.0,0.0,179.6200221893742,6.013365002473243e-14,6.013365002473243e-14
0.4581,8576.549646235726,0.0,0.0,179.62311938988597,6.013467370977156e-14,6.013467370977156e-14
0.45815,8576.675124243031,0.0,0.0,179.6261535000799,6.01356900820341e-14,6.01356900820341e-14
0.4582,8576.797282035133,0.0,0.0,179.62913432583173,6.013667933377572e-14,6.013667933377572e-14
0.45825000000000005,8576.914734286791,0.0,0.0,179.63204994213132,6.013764999049025e-14,6.013764999049025e-14
0.45830000000000004,8577.028513332141,0.0,0.0,179.63489761981316,6.013859898728599e-14,6.013859898728599e-14
0.45835000000000004,8577.137322114795,0.0,0.0,179.6376778266704,6.013951889581016e-14,6.013951889581016e-14
0.45840000000000003,8577.242034480325,0.0,0.0,179.6403767335868,6.014042152943683e-14,6.014042152943683e-14
0.45845,8577.341616110842,0.0,0.0,179.64300504836703,6.014128638903994e-14,6.014128638903994e-14
0.4585,8577.436642655672,0.0,0.0,179.645540679065,6.014213646058152e-14,6.014213646058152e-14
0.45855,8577.526447209773,0.0,0.0,179.64800128620772,6.014294254032015e-14,6.014294254032015e-14
0.4586,8577.61124293862,0.0,0.0,179.65036018106534,6.014373399764102e-14,6.014373399764102e-14
0.45865,8577.690757265982,0.0,0.0,179.65263818088158,6.014447794694166e-14,6.014447794694166e-14
0.4587,8577.764852823428,0.0,0.0,179.6548078438253,6.014520512723204e-14,6.014520512723204e-14
0.45875000000000005,8577.833606608918,0.0,0.0,179.65688948759737,6.014588379604261e-14,6.014588379604261e-14
0.45880000000000004,8577.896606409764,0.0,0.0,179.6588583195372,6.014654163783775e-14,6.014654163783775e-14
0.45885000000000004,8577.954180481309,0.0,0.0,179.66073120549402,6.014715193934004e-14,6.014715193934004e-14
0.45890000000000003,8578.005758469753,0.0,0.0,179.662488475101,6.014773613504157e-14,6.014773613504157e-14
0.45895,8578.051794147377,0.0,0.0,179.66414168670977,6.01482749746831e-14,6.01482749746831e-14
0.459,8578.091688488264,0.0,0.0,179.66567755176567,6.01487820456667e-14,6.01487820456667e-14
0.45905,8578.125896580073,0.0,0.0,179.6671017293738,6.014924632745756e-14,6.014924632745756e-14
0.4591,8578.153904660012,0.0,0.0,179.66840731159544,6.014967361742153e-14,6.014967361742153e-14
0.45915,8578.176072766164,0.0,0.0,179.669594659124,6.01500603242529e-14,6.01500603242529e-14
0.4592,8578.192047714097,0.0,0.0,179.67066216488556,6.015040592030107e-14,6.015040592030107e-14
0.45925000000000005,8578.202044784068,0.0,0.0,179.67160640322888,6.015071225195452e-14,6.015071225195452e-14
0.45930000000000004,8578.205894342696,0.0,0.0,179.67242927373547,6.015097485467767e-14,6.015097485467767e-14
0.45935000000000004,8578.203671892748,0.0,0.0,179.6731255601205,6.015119839736759e-14,6.015119839736759e-14
0.45940000000000003,8578.195359952602,0.0,0.0,179.6736986287827,6.015137716900073e-14,6.015137716900073e-14
0.45945,8578.180949907872,0.0,0.0,179.67414346536106,6.015151606528659e-14,6.015151606528659e-14
0.4595,8578.160500446911,0.0,0.0,179.67446309829867,6.01516104875676e-14,6.01516104875676e-14
0.45955,8578.134010129786,0.0,0.0,179.6746542530751,6.015166357602338e-14,6.015166357602338e-14
0.4596,8578.101512782632,0.0,0.0,179.6747184510746,6.015167334630453e-14,6.015167334630453e-14
0.45965,8578.063118030475,0.0,0.0,179.6746549100124,6.015164024619368e-14,6.015164024619368e-14
0.4597,8578.018734133555,0.0,0.0,179.67446335640304,6.015156523223273e-14,6.015156523223273e-14
0.45975000000000005,8577.968671814891,0.0,0.0,179.6741453179878,6.01514463585377e-14,6.01514463585377e-14
0.45980000000000004,8577.912639602931,0.0,0.0,179.67369936569233,6.015128662067619e-14,6.015128662067619e-14
0.45985000000000004,8577.85120086177,0.0,0.0,179.67312827971824,6.015108312738953e-14,6.015108312738953e-14
0.45990000000000003,8577.783838557927,0.0,0.0,179.67243088064805,6.015083900359759e-14,6.015083900359759e-14
0.45995,8577.711363939232,0.0,0.0,179.67160952320003,6.015055266605522e-14,6.015055266605522e-14
0.46,8577.633069775751,0.0,0.0,179.670665112491,6.015022490293198e-14,6.015022490293198e-14
0.46005,8577.549946998708,0.0,0.0,179.66959768074094,6.014985796095941e-14,6.014985796095941e-14
0.4601,8577.461195678952,0.0,0.0,179.66841203545766,6.014944786441806e-14,6.014944786441806e-14
0.46015,8577.367860293603,0.0,0.0,179.66710424045166,6.014900285528442e-14,6.014900285528442e-14
0.4602,8577.269195979778,0.0,0.0,179.6656843360821,6.014851242998804e-14,6.014851242998804e-14
0.46025000000000005,8577.16613455616,0.0,0.0,179.66414347013682,6.014799204231896e-14,6.014799204231896e-14
0.46030000000000004,8577.058161044231,0.0,0.0,179.66249735778672,6.014742408980454e-14,6.014742408980454e-14
0.46035000000000004,8576.945916002609,0.0,0.0,179.66073231575467,6.014683106625491e-14,6.014683106625491e-14
0.46040000000000003,8576.829285226882,0.0,0.0,179.6588690384525,6.014618921796108e-14,6.014618921796108e-14
0.46045,8576.708460018419,0.0,0.0,179.6568902785556,6.01455263260266e-14,6.01455263260266e-14
0.4605,8576.583860329978,0.0,0.0,179.65481983720804,6.01448149981111e-14,6.01448149981111e-14
0.46055,8576.455123491194,0.0,0.0,179.65263927632887,6.01440850763195e-14,6.01440850763195e-14
0.4606,8576.3232692204,0.0,0.0,179.65037264592604,6.014330934639736e-14,6.014330934639736e-14
0.46065,8576.187355891447,0.0,0.0,179.64800349466196,6.014251541927395e-14,6.014251541927395e-14
0.4607,8576.04897951664,0.0,0.0,179.6455526809955,6.014168083886348e-14,6.014168083886348e-14
0.46075000000000005,8575.906689327845,0.0,0.0,179.64300923367014,6.01408262808614e-14,6.01408262808614e-14
0.46080000000000004,8575.762537154988,0.0,0.0,179.64038735187538,6.01399386490504e-14,6.01399386490504e-14
0.46085000000000004,8575.614727904021,0.0,0.0,179.6376847543728,6.01390273674381e-14,6.01390273674381e-14
0.46090000000000003,8575.46555957557,0.0,0.0,179.63490610461986,6.013809249910236e-14,6.013809249910236e-14
0.46095,8575.313136758537,0.0,0.0,179.63206012700124,6.013712910040953e-14,6.013712910040953e-14
0.461,8575.159728248353,0.0,0.0,179.62914024075576,6.013615262481112e-14,6.013615262481112e-14
0.46105,8575.003631169327,0.0,0.0,179.62616708134414,6.013514253000275e-14,6.013514253000275e-14
0.4611,8574.846780288775,0.0,0.0,179.6231227142509,6.013412975215234e-14,6.013412975215234e-14
0.46115,8574.687966047655,0.0,0.0,179.6200388571339,6.013307923224437e-14,6.013307923224437e-14
0.4612,8574.528498993152,0.0,0.0,179.61688791145394,6.013203508044499e-14,6.013203508044499e-14
0.46125000000000005,8574.367926042161,0.0,0.0,179.61371005079687,6.013095119590533e-14,6.013095119590533e-14
0.46130000000000004,8574.206703241834,0.0,0.0,179.61047142044367,6.012988026557939e-14,6.012988026557939e-14
0.46135000000000004,8574.04531634037,0.0,0.0,179.6072164539126,6.012877070777715e-14,6.012877070777715e-14
0.46140000000000003,8573.883235859157,0.0,0.0,179.603909796924,6.012767739611887e-14,6.012767739611887e-14
0.46145,8573.721954111617,0.0,0.0,179.6005948786258,6.012655024488304e-14,6.012655024488304e-14
0.4615,8573.559951161158,0.0,0.0,179.59724033349863,6.012543895546123e-14,6.012543895546123e-14
0.46155,8573.399660408204,0.0,0.0,179.59388296607727,6.01243023810257e-14,6.01243023810257e-14
0.4616,8573.238702041308,0.0,0.0,179.59050083789344,6.012317776476305e-14,6.012317776476305e-14
0.46165,8573.080252247928,0.0,0.0,179.58711897557401,6.012203971257493e-14,6.012203971257493e-14
0.4617,8572.921327023088,0.0,0.0,179.58372942366046,6.012090690375152e-14,6.012090690375152e-14
0.46175000000000005,8572.765534557302,0.0,0.0,179.58034155448183,6.011977480517642e-14,6.011977480517642e-14
0.46180000000000004,8572.609637727928,0.0,0.0,179.57696431442176,6.011863960964505e-14,6.011863960964505e-14
0.46185000000000004,8572.457291668183,0.0,0.0,179.57358949137245,6.011752015954739e-14,6.011752015954739e-14
0.46190000000000003,8572.305407166428,0.0,0.0,179.5702436601965,6.01163891577812e-14,6.01163891577812e-14
0.46195,8572.157278128036,0.0,0.0,179.56690145739765,6.011528819144202e-14,6.011528819144202e-14
0.462,8572.010359161352,0.0,0.0,179.56360536219546,6.011416873059024e-14,6.011416873059024e-14
0.46205,8571.86720870042,0.0,0.0,179.56031574280482,6.011309121858087e-14,6.011309121858087e-14
0.4621,8571.726159069382,0.0,0.0,179.55708690100943,6.01119912838448e-14,6.01119912838448e-14
0.46215,8571.588747577249,0.0,0.0,179.55386999661442,6.011094144618609e-14,6.011094144618609e-14
0.4622,8571.454405807115,0.0,0.0,179.55072516258963,6.01098694200294e-14,6.01098694200294e-14
0.46225000000000005,8571.323496981096,0.0,0.0,179.54760097754266,6.010885094290632e-14,6.010885094290632e-14
0.46230000000000004,8571.196625028442,0.0,0.0,179.54455625691156,6.010781527810365e-14,6.010781527810365e-14
0.46235000000000004,8571.072985478044,0.0,0.0,179.5415443232198,6.010683160020042e-14,6.010683160020042e-14
0.46240000000000003,8570.954263173624,0.0,0.0,179.53861532567063,6.010584044681261e-14,6.010584044681261e-14
0.46245,8570.838656427832,0.0,0.0,179.53573434276896,6.010489507067407e-14,6.010489507067407e-14
0.4625,8570.72868202958,0.0,0.0,179.53293633757792,6.010395590538514e-14,6.010395590538514e-14
0.46255,8570.621857051121,0.0,0.0,179.53020383515644,6.01030526839704e-14,6.01030526839704e-14
0.4626,8570.521153422507,0.0,0.0,179.52755187249815,6.010217199158484e-14,6.010217199158484e-14
0.46265,8570.423828580158,0.0,0.0,179.52498393282323,6.010131534238048e-14,6.010131534238048e-14
0.4627,8570.332853706908,0.0,0.0,179.52249289840344,6.010049839317196e-14,6.010049839317196e-14
0.46275,8570.245697882903,0.0,0.0,179.52010396739365,6.009969340180062e-14,6.009969340180062e-14
0.46280000000000004,8570.164857814409,0.0,0.0,179.51778854749546,6.009894415571953e-14,6.009894415571953e-14
0.46285000000000004,8570.088470816878,0.0,0.0,179.5155913521577,6.009819654650592e-14,6.009819654650592e-14
0.46290000000000003,8570.018132767957,0.0,0.0,179.51346589948986,6.009751769768134e-14,6.009751769768134e-14
0.46295000000000003,8569.953027401705,0.0,0.0,179.5114714748431,6.009683366802053e-14,6.009683366802053e-14
0.463,8569.893530728436,0.0,0.0,179.50954978068143,6.009622682304153e-14,6.009622682304153e-14
0.46305,8569.840118720811,0.0,0.0,179.50776759410894,6.009561275860478e-14,6.009561275860478e-14
0.4631,8569.791781802875,0.0,0.0,179.50606258687392,6.009507872271784e-14,6.009507872271784e-14
0.46315,8569.750365301341,0.0,0.0,179.50450073420564,6.009454082859933e-14,6.009454082859933e-14
0.4632,8569.713486976925,0.0,0.0,179.5030241366106,6.009407995796175e-14,6.009407995796175e-14
0.46325,8569.684256602653,0.0,0.0,179.50168957420237,6.009362385400825e-14,6.009362385400825e-14
0.46330000000000005,8569.659111622765,0.0,0.0,179.50045155860428,6.009323642209766e-14,6.009323642209766e-14
0.46335000000000004,8569.642151181442,0.0,0.0,179.4993503307977,6.009286675684647e-14,6.009286675684647e-14
0.46340000000000003,8569.628980059642,0.0,0.0,179.4983592142054,6.009255328049535e-14,6.009255328049535e-14
0.46345000000000003,8569.62427710857,0.0,0.0,179.4974966366171,6.009227341650281e-14,6.009227341650281e-14
0.4635,8569.62327160185,0.0,0.0,179.4967586526293,6.009203489243935e-14,6.009203489243935e-14
0.46355,8569.630732281492,0.0,0.0,179.49613941863848,6.00918467063645e-14,6.00918467063645e-14
0.4636,8569.64201842476,0.0,0.0,179.495658593953,6.009168472186352e-14,6.009168472186352e-14
0.46365,8569.661484399558,0.0,0.0,179.49528678356378,6.009158854699164e-14,6.009158854699164e-14
0.4637,8569.68510542376,0.0,0.0,179.49506493299228,6.009150524641863e-14,6.009150524641863e-14
0.46375,8569.716370526437,0.0,0.0,179.49494391822063,6.009149996547016e-14,6.009149996547016e-14
0.46380000000000005,8569.752272061487,0.0,0.0,179.49498075634747,6.009149787557154e-14,6.009149787557154e-14
0.46385000000000004,8569.79509633111,0.0,0.0,179.49511301322661,6.009158115060668e-14,6.009158115060668e-14
0.46390000000000003,8569.8431160177,0.0,0.0,179.49540636526206,6.009166288806544e-14,6.009166288806544e-14
0.46395000000000003,8569.897235254619,0.0,0.0,179.49579321710806,6.009183149507965e-14,6.009183149507965e-14
0.464,8569.957098304702,0.0,0.0,179.49633929839217,6.009199939720318e-14,6.009199939720318e-14
0.46405,8570.022227966925,0.0,0.0,179.4969806259719,6.009224961835799e-14,6.009224961835799e-14
0.4641,8570.093549409865,0.0,0.0,179.4977743508986,6.009250534907519e-14,6.009250534907519e-14
0.46415,8570.169382544165,0.0,0.0,179.4986683109695,6.009283336769353e-14,6.009283336769353e-14
0.4642,8570.251675989031,0.0,0.0,179.49970358909596,6.009317755475212e-14,6.009317755475212e-14
0.46425,8570.337875795989,0.0,0.0,179.50084638258542,6.009357979823451e-14,6.009357979823451e-14
0.46430000000000005,8570.430567666775,0.0,0.0,179.50211636280238,6.009401175310306e-14,6.009401175310306e-14
0.46435000000000004,8570.526756107405,0.0,0.0,179.50350208771366,6.009448513697328e-14,6.009448513697328e-14
0.46440000000000003,8570.629203590532,0.0,0.0,179.5049993200995,6.00950026971127e-14,6.00950026971127e-14
0.46445000000000003,8570.734948037132,0.0,0.0,179.5066199330009,6.009554473816902e-14,6.009554473816902e-14
0.4645,8570.84645852459,0.0,0.0,179.50833643106176,6.009614425397281e-14,6.009614425397281e-14
0.46455,8570.961258751006,0.0,0.0,179.51018182640604,6.009675303987794e-14,6.009675303987794e-14
0.4646,8571.081108431097,0.0,0.0,179.51210902785613,6.009742950810694e-14,6.009742950810694e-14
0.46465,8571.204386192438,0.0,0.0,179.51416722854628,6.009810353181305e-14,6.009810353181305e-14
0.4647,8571.331835647048,0.0,0.0,179.51629586831524,6.009885085691391e-14,6.009885085691391e-14
0.46475,8571.462928724228,0.0,0.0,179.51855330619532,6.009958874385869e-14,6.009958874385869e-14
0.46480000000000005,8571.597233904706,0.0,0.0,179.52087322866964,6.010040009099147e-14,6.010040009099147e-14
0.46485000000000004,8571.735395847643,0.0,0.0,179.52331508211103,6.010120026225928e-14,6.010120026225928e-14
0.46490000000000004,8571.875813536875,0.0,0.0,179.52581502878138,6.010206845371938e-14,6.010206845371938e-14
0.46495000000000003,8572.02021953047,0.0,0.0,179.52842557789364,6.010292877697182e-14,6.010292877697182e-14
0.465,8572.16600724759,0.0,0.0,179.53109299029626,6.01038466787014e-14,6.01038466787014e-14
0.46505,8572.315765667514,0.0,0.0,179.53385594942122,6.010476415962099e-14,6.010476415962099e-14
0.4651,8572.466176803326,0.0,0.0,179.5366768250585,6.010572500721723e-14,6.010572500721723e-14
0.46515,8572.620345253978,0.0,0.0,179.53957561714202,6.010669556739936e-14,6.010669556739936e-14
0.4652,8572.774620917557,0.0,0.0,179.54253444837508,6.010769319109281e-14,6.010769319109281e-14
0.46525,8572.932224960787,0.0,0.0,179.5455523957364,6.010871156497374e-14,6.010871156497374e-14
0.46530000000000005,8573.089584470852,0.0,0.0,179.5486322096906,6.010974048874344e-14,6.010974048874344e-14
0.46535000000000004,8573.249636946313,0.0,0.0,179.55175262906192,6.011080025443173e-14,6.011080025443173e-14
0.46540000000000004,8573.409269051273,0.0,0.0,179.55493513222734,6.011185566346216e-14,6.011185566346216e-14
0.46545000000000003,8573.5707878938,0.0,0.0,179.55814133667639,6.011294940285986e-14,6.011294940285986e-14
0.4655,8573.731844639758,0.0,0.0,179.56140715328323,6.011402699294801e-14,6.011402699294801e-14
0.46555,8573.893867408491,0.0,0.0,179.5646823775338,6.011514655833505e-14,6.011514655833505e-14
0.4656,8574.055462125385,0.0,0.0,179.56801135809962,6.011624229771714e-14,6.011624229771714e-14
0.46565,8574.21705601981,0.0,0.0,179.57133863477742,6.011737914752219e-14,6.011737914752219e-14
0.4657,8574.37826624087,0.0,0.0,179.57471020228564,6.011848899346385e-14,6.011848899346385e-14
0.46575,8574.538533097551,0.0,0.0,179.57807222315802,6.011963455138424e-14,6.011963455138424e-14
0.46580000000000005,8574.698408469556,0.0,0.0,179.58146572036446,6.012075416899829e-14,6.012075416899829e-14
0.46585000000000004,8574.856484999873,0.0,0.0,179.5848447178522,6.012190015900726e-14,6.012190015900726e-14
0.46590000000000004,8575.014059499708,0.0,0.0,179.58823972068598,6.012302468766396e-14,6.012302468766396e-14
0.46595000000000003,8575.169113722477,0.0,0.0,179.5916174007663,6.012416340282454e-14,6.012416340282454e-14
0.466,8575.323420881687,0.0,0.0,179.59499396932344,6.01252873066337e-14,6.01252873066337e-14
0.46605,8575.47464622376,0.0,0.0,179.59835151820326,6.012641178110403e-14,6.012641178110403e-14
0.4661,8575.624735664729,0.0,0.0,179.60169036730213,6.012752880594654e-14,6.012752880594654e-14
0.46615,8575.77134447165,0.0,0.0,179.60500854238555,6.012863287514623e-14,6.012863287514623e-14
0.4662,8575.916297932485,0.0,0.0,179.60829112636117,6.012973611788678e-14,6.012973611788678e-14
0.46625,8576.057516117122,0.0,0.0,179.6115504289619,6.013081436913817e-14,6.013081436913817e-14
0.46630000000000005,8576.196461295172,0.0,0.0,179.61475894832506,6.013189644761648e-14,6.013189644761648e-14
0.46635000000000004,8576.33152556776,0.0,0.0,179.61793986331716,6.01329440798705e-14,6.01329440798705e-14
0.46640000000000004,8576.463646512959,0.0,0.0,179.62105721209943,6.013399737769159e-14,6.013399737769159e-14
0.46645000000000003,8576.591805133696,0.0,0.0,179.62414049010377,6.01350100017711e-14,6.01350100017711e-14
0.4665,8576.716348500693,0.0,0.0,179.62715017048546,6.013602695183277e-14,6.013602695183277e-14
0.46655,8576.836865865198,0.0,0.0,179.63011712263722,6.013700037004307e-14,6.013700037004307e-14
0.4666,8576.953142991099,0.0,0.0,179.63300315671984,6.013797373660958e-14,6.013797373660958e-14
0.46665,8577.065307702564,0.0,0.0,179.63583593127294,6.013890374156381e-14,6.013890374156381e-14
0.4667,8577.172693109134,0.0,0.0,179.63858279825385,6.013982686285606e-14,6.013982686285606e-14
0.46675,8577.275828615855,0.0,0.0,179.6412646122111,6.014070909005323e-14,6.014070909005323e-14
0.46680000000000005,8577.373756039837,0.0,0.0,179.64385723317412,6.014157605128178e-14,6.014157605128178e-14
0.46685000000000004,8577.46723251204,0.0,0.0,179.64637254001164,6.014240590936507e-14,6.014240590936507e-14
0.46690000000000004,8577.55518986891,0.0,0.0,179.6487963231773,6.014321162844615e-14,6.014321162844615e-14
0.46695000000000003,8577.638435813535,0.0,0.0,179.65113090818744,6.014398431713821e-14,6.014398431713821e-14
0.467,8577.715960554839,0.0,0.0,179.65337185638697,6.014472453992034e-14,6.014472453992034e-14
0.46705,8577.788472743034,0.0,0.0,179.65551286244957,6.014543515069872e-14,6.014543515069872e-14
0.4671,8577.855148874636,0.0,0.0,179.65755773363736,6.014610636705206e-14,6.014610636705206e-14
0.46715,8577.916499462903,0.0,0.0,179.65949363051462,6.014675004817699e-14,6.014675004817699e-14
0.4672,8577.97195709048,0.0,0.0,179.66133013308087,6.014734935236194e-14,6.014734935236194e-14
0.46725,8578.021797296953,0.0,0.0,179.66305065098416,6.014792151001544e-14,6.014792151001544e-14
0.46730000000000005,8578.065715028517,0.0,0.0,179.664667649882,6.014844643650077e-14,6.014844643650077e-14
0.46735000000000004,8578.103775295582,0.0,0.0,179.66616370191656,6.014894293897856e-14,6.014894293897856e-14
0.46740000000000004,8578.135885253743,0.0,0.0,179.66755141000968,6.014939130710336e-14,6.014939130710336e-14
0.46745000000000003,8578.161972390833,0.0,0.0,179.66881502764372,6.014980865985785e-14,6.014980865985785e-14
0.4675,8578.182067068055,0.0,0.0,179.66996515935526,6.015017845720989e-14,6.015017845720989e-14
0.46755,8578.196059329048,0.0,0.0,179.6709894604838,6.015051392270494e-14,6.015051392270494e-14
0.4676,8578.20399914573,0.0,0.0,179.6718953312241,6.015080324855334e-14,6.015080324855334e-14
0.46765,8578.205840477556,0.0,0.0,179.67267453258856,6.015105489523254e-14,6.015105489523254e-14
0.4677,8578.201560736466,0.0,0.0,179.67333109640097,6.01512619733683e-14,6.01512619733683e-14
0.46775,8578.19125549384,0.0,0.0,179.67386057248282,6.015142865072376e-14,6.015142865072376e-14
0.46780000000000005,8578.174771491022,0.0,0.0,179.67426440031832,6.015155190779337e-14,6.015155190779337e-14
0.46785000000000004,8578.152380738458,0.0,0.0,179.67454078104086,6.015163315740874e-14,6.015163315740874e-14
0.46790000000000004,8578.12379007669,0.0,0.0,179.67468999134962,6.01516713505737e-14,6.01516713505737e-14
0.46795000000000003,8578.08943022514,0.0,0.0,179.67471128267647,6.015166727393202e-14,6.015166727393202e-14
0.468,8578.048911830543,0.0,0.0,179.67460544302705,6.015161964257327e-14,6.015161964257327e-14
0.46805,8578.002755847861,0.0,0.0,179.67437114924357,6.015153075352426e-14,6.015153075352426e-14
0.4681,8577.950565734563,0.0,0.0,179.67401117127102,6.0151397165248e-14,6.0151397165248e-14
0.46815,8577.892846615494,0.0,0.0,179.6735223962572,6.015122425712187e-14,6.015122425712187e-14
0.4682,8577.829310983998,0.0,0.0,179.6729104458147,6.015100531921834e-14,6.015100531921834e-14
0.46825,8577.760326663527,0.0,0.0,179.672169953197,6.015074937327983e-14,6.015074937327983e-14
0.46830000000000005,8577.685833361813,0.0,0.0,179.6713093932324,6.015044648681905e-14,6.015044648681905e-14
0.46835000000000004,8577.605951894611,0.0,0.0,179.67032161147867,6.01501086406303e-14,6.01501086406303e-14
0.46840000000000004,8577.520941539822,0.0,0.0,179.66921698764168,6.014972398447903e-14,6.014972398447903e-14
0.46845000000000003,8577.430605212572,0.0,0.0,179.6679879548694,6.014930556717464e-14,6.014930556717464e-14
0.4685,8577.335563316372,0.0,0.0,179.66664502448293,6.014884201163424e-14,6.014884201163424e-14
0.46855,8577.235290440594,0.0,0.0,179.66518227749694,6.014834464012288e-14,6.014834464012288e-14
0.4686,8577.130741690646,0.0,0.0,179.66360807292955,6.014780560251913e-14,6.014780560251913e-14
0.46865,8577.0211251308,0.0,0.0,179.66192049411526,6.014723132049153e-14,6.014723132049153e-14
0.4687,8576.907630582757,0.0,0.0,179.66012340345495,6.01466205857278e-14,6.01466205857278e-14
0.46875,8576.78933256058,0.0,0.0,179.65822104605007,6.014597201825331e-14,6.014597201825331e-14
0.46880000000000005,8576.667489951731,0.0,0.0,179.6562108887511,6.01452935542255e-14,6.01452935542255e-14
0.46885000000000004,8576.541233253964,0.0,0.0,179.6541048044795,6.014457404629166e-14,6.014457404629166e-14
0.46890000000000004,8576.411680051706,0.0,0.0,179.65189287830577,6.014383184590881e-14,6.014383184590881e-14
0.46895000000000003,8576.278236357273,0.0,0.0,179.64959497071965,6.014304555438407e-14,6.014304555438407e-14
0.46900000000000003,8576.14165460265,0.0,0.0,179.64719404915562,6.014224353227457e-14,6.014224353227457e-14
0.46905,8576.001831138841,0.0,0.0,179.64471697131376,6.014139544733882e-14,6.014139544733882e-14
0.4691,8575.858952733744,0.0,0.0,179.64214123727373,6.014053741063812e-14,6.014053741063812e-14
0.46915,8575.713578782237,0.0,0.0,179.6394983442839,6.013963329371323e-14,6.013963329371323e-14
0.4692,8575.5651896731,0.0,0.0,179.63676325538083,6.01387229938928e-14,6.01387229938928e-14
0.46925,8575.415104519736,0.0,0.0,179.63396861214528,6.013776923275173e-14,6.013776923275173e-14
0.4693,8575.262046290309,0.0,0.0,179.63109070346292,6.013681049128994e-14,6.013681049128994e-14
0.46935000000000004,8575.10809002625,0.0,0.0,179.6281591373535,6.013581388705908e-14,6.013581388705908e-14
0.46940000000000004,8574.951257727394,0.0,0.0,179.62515577783918,6.01348107741939e-14,6.01348107741939e-14
0.46945000000000003,8574.794265885985,0.0,0.0,179.62210295678085,6.013377828711958e-14,6.013377828711958e-14
0.46950000000000003,8574.634601456579,0.0,0.0,179.61899208332923,6.013273532230188e-14,6.013273532230188e-14
0.46955,8574.475403870862,0.0,0.0,179.61583459349305,6.013167381131473e-14,6.013167381131473e-14
0.4696,8574.313885163208,0.0,0.0,179.612634451133,6.013059614823278e-14,6.013059614823278e-14
0.46965,8574.153308743686,0.0,0.0,179.60938984628748,6.01295121421163e-14,6.01295121421163e-14
0.4697,8573.990934855783,0.0,0.0,179.60611876278557,6.012840570138606e-14,6.012840570138606e-14
0.46975,8573.829809326293,0.0,0.0,179.60280555983442,6.012730523607597e-14,6.012730523607597e-14
0.4698,8573.6675835521,0.0,0.0,179.5994817783506,6.012617675512691e-14,6.012617675512691e-14
0.46985000000000005,8573.50674864881,0.0,0.0,179.59611938044856,6.012506530264983e-14,6.012506530264983e-14
0.46990000000000004,8573.345660787563,0.0,0.0,179.5927609652295,6.012392228404534e-14,6.012392228404534e-14
0.46995000000000003,8573.185973114081,0.0,0.0,179.58936950414858,6.012280478511032e-14,6.012280478511032e-14
0.47000000000000003,8573.0269830551,0.0,0.0,179.58599432287815,6.012165533983137e-14,6.012165533983137e-14
0.47005,8572.869320751503,0.0,0.0,179.58259442444572,6.012053633603471e-14,6.012053633603471e-14
0.4701,8572.713345138869,0.0,0.0,179.5792201985249,6.011938893471867e-14,6.011938893471867e-14
0.47015,8572.558608779227,0.0,0.0,179.57583268708183,6.011827278025941e-14,6.011827278025941e-14
0.4702,8572.406512167216,0.0,0.0,179.5724770897235,6.011713594041534e-14,6.011713594041534e-14
0.47025,8572.255620818421,0.0,0.0,179.56912265772536,6.011602705962596e-14,6.011602705962596e-14
0.4703,8572.10821210849,0.0,0.0,179.56580343117196,6.011490900807811e-14,6.011490900807811e-14
0.47035000000000005,8571.962094187742,0.0,0.0,179.56250230660703,6.01138121562856e-14,6.01138121562856e-14
0.47040000000000004,8571.820128378928,0.0,0.0,179.5592373654636,6.011272051159253e-14,6.011272051159253e-14
0.47045000000000003,8571.679707736204,0.0,0.0,179.55600901155228,6.011164099438909e-14,6.011164099438909e-14
0.47050000000000003,8571.543892235975,0.0,0.0,179.55281649999574,6.011058251284412e-14,6.011058251284412e-14
0.47055,8571.41007063863,0.0,0.0,179.54967937824452,6.010952632335857e-14,6.010952632335857e-14
0.4706,8571.281074691089,0.0,0.0,179.54657765475937,6.010850674430378e-14,6.010850674430378e-14
0.47065,8571.154712486532,0.0,0.0,179.54354907424053,6.010748058909298e-14,6.010748058909298e-14
0.4707,8571.033177785479,0.0,0.0,179.54055660777385,6.010650460175459e-14,6.010650460175459e-14
0.47075,8570.915074868273,0.0,0.0,179.5376526716224,6.010551580183987e-14,6.010551580183987e-14
0.4708,8570.801625216138,0.0,0.0,179.53478784617758,6.010458713859002e-14,6.010458713859002e-14
0.47085000000000005,8570.692504469393,0.0,0.0,179.5320234924521,6.01036434106921e-14,6.01036434106921e-14
0.47090000000000004,8570.587752454934,0.0,0.0,179.5293043312033,6.010276505304449e-14,6.010276505304449e-14
0.47095000000000004,8570.488247561027,0.0,0.0,179.52669345151645,6.010187419431514e-14,6.010187419431514e-14
0.47100000000000003,8570.392796650807,0.0,0.0,179.52413728438333,6.010104866092533e-14,6.010104866092533e-14
0.47105,8570.303445605994,0.0,0.0,179.5216928921593,6.01002181756895e-14,6.01002181756895e-14
0.4711,8570.217886718327,0.0,0.0,179.51931600045208,6.009944784867488e-14,6.009944784867488e-14
0.47115,8570.139131621248,0.0,0.0,179.51705041312036,6.009868456550563e-14,6.009868456550563e-14
0.4712,8570.064034078803,0.0,0.0,179.51486768980632,6.009797200472012e-14,6.009797200472012e-14
0.47125,8569.996226901847,0.0,0.0,179.51279268692312,6.009728173496722e-14,6.009728173496722e-14
0.4713,8569.932124520092,0.0,0.0,179.5108173504448,6.009662993054336e-14,6.009662993054336e-14
0.47135000000000005,8569.875537743308,0.0,0.0,179.50894427310345,6.009601721479691e-14,6.009601721479691e-14
0.47140000000000004,8569.822911575042,0.0,0.0,179.50718766648254,6.009542973643193e-14,6.009542973643193e-14
0.47145000000000004,8569.777751887501,0.0,0.0,179.5055274320299,6.009489771379635e-14,6.009489771379635e-14
0.47150000000000003,8569.73701169689,0.0,0.0,179.50399892805086,6.0094378729822e-14,6.0094378729822e-14
0.47155,8569.70343455097,0.0,0.0,179.50256194685366,6.009392914804145e-14,6.009392914804145e-14
0.4716,8569.674901346567,0.0,0.0,179.50126896599116,6.009348330612834e-14,6.009348330612834e-14
0.47165,8569.653024053552,0.0,0.0,179.50006496194433,6.009311667084895e-14,6.009311667084895e-14
0.4717,8569.636915930107,0.0,0.0,179.49901309442484,6.009274885256841e-14,6.009274885256841e-14
0.47175,8569.62682722526,0.0,0.0,179.4980508458531,6.009246469425057e-14,6.009246469425057e-14
0.4718,8569.623250357969,0.0,0.0,179.49724405506848,6.009217967447411e-14,6.009217967447411e-14
0.47185000000000005,8569.62501490968,0.0,0.0,179.4965310854092,6.009197689458731e-14,6.009197689458731e-14
0.47190000000000004,8569.633960868467,0.0,0.0,179.49597195893156,6.009177895114034e-14,6.009177895114034e-14
0.47195000000000004,8569.647617977816,0.0,0.0,179.49551421518356,6.009165619773546e-14,6.009165619773546e-14
0.47200000000000003,8569.66896768404,0.0,0.0,179.49520422351472,6.009154872458372e-14,6.009154872458372e-14
0.47205,8569.694524305822,0.0,0.0,179.4950057835894,6.009150474301879e-14,6.009150474301879e-14
0.4721,8569.728058059085,0.0,0.0,179.49494550645184,6.009148992041044e-14,6.009148992041044e-14
0.47215,8569.765477142568,0.0,0.0,179.49500835376702,6.009152382850365e-14,6.009152382850365e-14
0.4722,8569.810889334978,0.0,0.0,179.49519763929345,6.009160239592076e-14,6.009160239592076e-14
0.47225,8569.860075202725,0.0,0.0,179.49552153459516,6.009171384379189e-14,6.009171384379189e-14
0.4723,8569.916991727408,0.0,0.0,179.49595956740228,6.00918850073179e-14,6.00918850073179e-14
0.47235000000000005,8569.977774679937,0.0,0.0,179.4965420350889,6.009207419900225e-14,6.009207419900225e-14
0.47240000000000004,8570.04577071993,0.0,0.0,179.4972273033739,6.009233568598387e-14,6.009233568598387e-14
0.47245000000000004,8570.117893201768,0.0,0.0,179.49806373438778,6.009260326010614e-14,6.009260326010614e-14
0.47250000000000003,8570.19650910034,0.0,0.0,179.49899390177444,6.009295151337446e-14,6.009295151337446e-14
0.47255,8570.279615571992,0.0,0.0,179.50007775963383,6.009329830078477e-14,6.009329830078477e-14
0.4726,8570.36836883074,0.0,0.0,179.5012494622145,6.00937287852905e-14,6.00937287852905e-14
0.47265,8570.462000989946,0.0,0.0,179.50257256524446,6.009415547943381e-14,6.009415547943381e-14
0.4727,8570.560393065962,0.0,0.0,179.50398116594621,6.00946630586808e-14,6.00946630586808e-14
0.47275,8570.663991327108,0.0,0.0,179.5055340091892,6.009516984707184e-14,6.009516984707184e-14
0.4728,8570.77150870825,0.0,0.0,179.50717334852675,6.009574917744378e-14,6.009574917744378e-14
0.47285000000000005,8570.884419991371,0.0,0.0,179.50894542455296,6.009633538801171e-14,6.009633538801171e-14
0.47290000000000004,8571.000529900643,0.0,0.0,179.51080760802859,6.00969812773611e-14,6.00969812773611e-14
0.47295000000000004,8571.122020925826,0.0,0.0,179.5127876875045,6.009764509099564e-14,6.009764509099564e-14
0.47300000000000003,8571.246162810903,0.0,0.0,179.5148629452441,6.009835277383775e-14,6.009835277383775e-14
0.47305,8571.37543736745,0.0,0.0,179.51703928537003,6.009909104462711e-14,6.009909104462711e-14
0.4731,8571.50701195204,0.0,0.0,179.51931592978858,6.009985633916202e-14,6.009985633916202e-14
0.47315,8571.643230115531,0.0,0.0,179.52167639046016,6.010066454811157e-14,6.010066454811157e-14
0.4732,8571.781588137183,0.0,0.0,179.524140884318,6.01014838780277e-14,6.01014838780277e-14
0.47325,8571.92388521324,0.0,0.0,179.52667294632403,6.010235622692879e-14,6.010235622692879e-14
0.4733,8572.068317999066,0.0,0.0,179.5293100784821,6.010322651093547e-14,6.010322651093547e-14
0.47335000000000005,8572.21582110126,0.0,0.0,179.53200077305405,6.010415614325147e-14,6.010415614325147e-14
0.47340000000000004,8572.365554843649,0.0,0.0,179.53479392477897,6.010507457450612e-14,6.010507457450612e-14
0.47345000000000004,8572.517395440367,0.0,0.0,179.5376296971288,6.010605389265124e-14,6.010605389265124e-14
0.47350000000000003,8572.671590476013,0.0,0.0,179.54056117004507,6.010701764581359e-14,6.010701764581359e-14
0.47355,8572.826911898623,0.0,0.0,179.54352770922569,6.010803868140595e-14,6.010803868140595e-14
0.4736,8572.984667557357,0.0,0.0,179.54657907863168,6.010904459476986e-14,6.010904459476986e-14
0.47365,8573.142627245252,0.0,0.0,179.54966115075413,6.011009938219422e-14,6.011009938219422e-14
0.4737,8573.302992032353,0.0,0.0,179.552813606011,6.011114366478996e-14,6.011114366478996e-14
0.47375,8573.462759082122,0.0,0.0,179.55599492696,6.011222456947707e-14,6.011222456947707e-14
0.4738,8573.624745209978,0.0,0.0,179.55922956421517,6.011330257812263e-14,6.011330257812263e-14
0.47385000000000005,8573.785494474872,0.0,0.0,179.56249274177196,6.011440253903489e-14,6.011440253903489e-14
0.47390000000000004,8573.948095177635,0.0,0.0,179.5657907827458,6.01155086588824e-14,6.01155086588824e-14
0.47395000000000004,8574.108999632226,0.0,0.0,179.56911734750676,6.011662131853591e-14,6.011662131853591e-14
0.47400000000000003,8574.27120736076,0.0,0.0,179.57246027008432,6.011774896465872e-14,6.011774896465872e-14
0.47405,8574.431430638515,0.0,0.0,179.57583080142714,6.011886867734734e-14,6.011886867734734e-14
0.4741,8574.592254187839,0.0,0.0,179.57920038147859,6.012001041684672e-14,6.012001041684672e-14
0.47415,8574.750945095062,0.0,0.0,179.58259472109887,6.01211321439854e-14,6.01211321439854e-14
0.4742,8574.90942395894,0.0,0.0,179.5859729982116,6.0122279920674e-14,6.0122279920674e-14
0.47425,8575.065714393395,0.0,0.0,179.58937053149606,6.012339903848377e-14,6.012339903848377e-14
0.4743,8575.220929126672,0.0,0.0,179.59273972215215,6.012454446805146e-14,6.012454446805146e-14
0.47435000000000005,8575.37393624774,0.0,0.0,179.5961196986609,6.01256565247765e-14,6.01256565247765e-14
0.47440000000000004,8575.52501426469,0.0,0.0,179.5994620872651,6.012679121937285e-14,6.012679121937285e-14
0.47445000000000004,8575.673847072154,0.0,0.0,179.6028039471153,6.0127891685132e-14,6.0127891685132e-14
0.47450000000000003,8575.819964013843,0.0,0.0,179.60610178724534,6.012900756376351e-14,6.012900756376351e-14
0.47455,8575.963733802506,0.0,0.0,179.60938546076017,6.013009161523798e-14,6.013009161523798e-14
0.4746,8576.10411125853,0.0,0.0,179.61262091592954,6.013118116040016e-14,6.013118116040016e-14
0.47465,8576.241944833655,0.0,0.0,179.61582706929772,6.013224353527715e-14,6.013224353527715e-14
0.4747,8576.375845702352,0.0,0.0,179.61898221502562,6.013329996605481e-14,6.013329996605481e-14
0.47475,8576.506899852477,0.0,0.0,179.62209242393163,6.013433490977099e-14,6.013433490977099e-14
0.4748,8576.633622897541,0.0,0.0,179.62514932231662,6.013535225559305e-14,6.013535225559305e-14
0.47485000000000005,8576.757098479862,0.0,0.0,179.62814616701772,6.01363535676368e-14,6.01363535676368e-14
0.47490000000000004,8576.875973653337,0.0,0.0,179.6310870130498,6.013732664266823e-14,6.013732664266823e-14
0.47495000000000004,8576.991127767247,0.0,0.0,179.63395410033772,6.013828781394566e-14,6.013828781394566e-14
0.47500000000000003,8577.101513627094,0.0,0.0,179.63676142777305,6.013921210728893e-14,6.013921210728893e-14
0.47505000000000003,8577.207668704257,0.0,0.0,179.6394833557869,6.014012652632362e-14,6.014012652632362e-14
0.4751,8577.308952806907,0.0,0.0,179.64214028130675,6.014099803534927e-14,6.014099803534927e-14
0.47515,8577.4055019689,0.0,0.0,179.6447025706608,6.014185923143293e-14,6.014185923143293e-14
0.4752,8577.497104542323,0.0,0.0,179.64719304959183,6.01426742728755e-14,6.01426742728755e-14
0.47525,8577.583513179226,0.0,0.0,179.64958206765988,6.014347616002641e-14,6.014347616002641e-14
0.4753,8577.664893779225,0.0,0.0,179.6518911334763,6.014423119490313e-14,6.014423119490313e-14
0.47535000000000005,8577.740697885087,0.0,0.0,179.6540940375408,6.014496828213083e-14,6.014496828213083e-14
0.47540000000000004,8577.811364205387,0.0,0.0,179.65620800071926,6.014565978603548e-14,6.014565978603548e-14
0.47545000000000004,8577.876166474764,0.0,0.0,179.65821272038554,6.014632732643714e-14,6.014632732643714e-14
0.47550000000000003,8577.935684106496,0.0,0.0,179.66011930925896,6.014695172727933e-14,6.014695172727933e-14
0.47555000000000003,8577.989149075833,0.0,0.0,179.66191458005852,6.014754578965487e-14,6.014754578965487e-14
0.4756,8578.03715085119,0.0,0.0,179.66360301585678,6.01480994821622e-14,6.01480994821622e-14
0.47565,8578.079000418677,0.0,0.0,179.66517846581368,6.014861694219715e-14,6.014861694219715e-14
0.4757,8578.115194048101,0.0,0.0,179.66663947446378,6.014909637474195e-14,6.014909637474195e-14
0.47575,8578.145204522512,0.0,0.0,179.66798575530143,6.014953483615063e-14,6.014953483615063e-14
0.4758,8578.169377526661,0.0,0.0,179.66921152806333,6.014993665299391e-14,6.014993665299391e-14
0.47585,8578.187378976301,0.0,0.0,179.67032047436408,6.015029432015994e-14,6.015029432015994e-14
0.47590000000000005,8578.19940036928,0.0,0.0,179.67130459645347,6.015061553308626e-14,6.015061553308626e-14
0.47595000000000004,8578.205278535053,0.0,0.0,179.6721693907969,6.015089106385094e-14,6.015089106385094e-14
0.47600000000000003,8578.205097254442,0.0,0.0,179.6729067606763,6.015112922280107e-14,6.015112922280107e-14
0.47605000000000003,8578.198797746123,0.0,0.0,179.67352208138647,6.015132159202809e-14,6.015132159202809e-14
0.4761,8578.18643835505,0.0,0.0,179.67400884287827,6.015147492531194e-14,6.015147492531194e-14
0.47615,8578.167972361909,0.0,0.0,179.6743709736535,6.015158332641882e-14,6.015158332641882e-14
0.4762,8578.14352897856,0.0,0.0,179.67460447861765,6.015165082711276e-14,6.015165082711276e-14
0.47625,8578.112979379326,0.0,0.0,179.67471136547564,6.015167463058764e-14,6.015167463058764e-14
0.4763,8578.076609046197,0.0,0.0,179.6746901773264,6.015165607565538e-14,6.015165607565538e-14
0.47635,8578.03413565835,0.0,0.0,179.6745414268687,6.015159485214478e-14,6.015159485214478e-14
0.47640000000000005,8577.98605240348,0.0,0.0,179.6742653660161,6.015149075294289e-14,6.015149075294289e-14
0.47645000000000004,8577.931895193373,0.0,0.0,179.67386218851152,6.015134435584338e-14,6.015134435584338e-14
0.47650000000000003,8577.872365850948,0.0,0.0,179.67333241151897,6.015115585089887e-14,6.015115585089887e-14
0.47655000000000003,8577.80684522061,0.0,0.0,179.67267752108748,6.015092454175333e-14,6.015092454175333e-14
0.4766,8577.73618769989,0.0,0.0,179.67189661756566,6.015065325295495e-14,6.015065325295495e-14
0.47665,8577.659701423914,0.0,0.0,179.67099410830704,6.015033784438952e-14,6.015033784438952e-14
0.4767,8577.578285607222,0.0,0.0,179.66996619467108,6.014998572425491e-14,6.014998572425491e-14
0.47675,8577.491302536606,0.0,0.0,179.66882141479337,6.014958771118949e-14,6.014958771118949e-14
0.4768,8577.399553436739,0.0,0.0,179.6675522028585,6.014915691050879e-14,6.014915691050879e-14
0.47685,8577.302604623133,0.0,0.0,179.6661716481491,6.014867856163292e-14,6.014867856163292e-14
0.47690000000000005,8577.201006933185,0.0,0.0,179.66466846935515,6.014817134318853e-14,6.014817134318853e-14
0.47695000000000004,8577.094675264963,0.0,0.0,179.66305971279792,6.01476157310022e-14,6.01476157310022e-14
0.47700000000000004,8576.983778077434,0.0,0.0,179.6613314851814,6.014703444677397e-14,6.014703444677397e-14
0.47705000000000003,8576.868687780698,0.0,0.0,179.65950315190034,6.014640540477879e-14,6.014640540477879e-14
0.4771,8576.749108103231,0.0,0.0,179.65756028572824,6.014575254240099e-14,6.014575254240099e-14
0.47715,8576.625915498007,0.0,0.0,179.65552207301354,6.014505455057167e-14,6.014505455057167e-14
0.4772,8576.498339281063,0.0,0.0,179.653376320776,6.014433284179133e-14,6.014433284179133e-14
0.47725,8576.367725982818,0.0,0.0,179.65113905333413,6.014357085412799e-14,6.014357085412799e-14
0.4773,8576.232905692272,0.0,0.0,179.6488033189064,6.014278342587004e-14,6.014278342587004e-14
0.47735,8576.095575038222,0.0,0.0,179.6463790213362,6.0141962664514e-14,6.0141962664514e-14
0.47740000000000005,8575.954323305508,0.0,0.0,179.64386714999299,6.01411132040342e-14,6.01411132040342e-14
0.47745000000000004,8575.81100022725,0.0,0.0,179.64126911327932,6.014023895124943e-14,6.014023895124943e-14
0.47750000000000004,8575.664179713205,0.0,0.0,179.63859568765068,6.01393318524486e-14,6.01393318524486e-14
0.47755000000000003,8575.515613659794,0.0,0.0,179.63583850516324,6.013840927350206e-14,6.013840927350206e-14
0.4776,8575.364123878255,0.0,0.0,179.63301867149127,6.013744973264652e-14,6.013744973264652e-14
0.47765,8575.211093819515,0.0,0.0,179.63011822292185,6.013648375880237e-14,6.013648375880237e-14
0.4777,8575.055856182098,0.0,0.0,179.6271675671091,6.013547779463868e-14,6.013547779463868e-14
0.47775,8574.899176286586,0.0,0.0,179.62414093560918,6.013447308654498e-14,6.013447308654498e-14
0.4778,8574.741118964217,0.0,0.0,179.6210754202299,6.013342747108027e-14,6.013342747108027e-14
0.47785,8574.581643328094,0.0,0.0,179.61794073770125,6.013238847009157e-14,6.013238847009157e-14
0.47790000000000005,8574.42168761596,0.0,0.0,179.61477670064937,6.013131057039265e-14,6.013131057039265e-14
0.47795000000000004,8574.260312461085,0.0,0.0,179.61155292717237,6.0130241630759e-14,6.0130241630759e-14
0.47800000000000004,8574.099362160612,0.0,0.0,179.60830713161627,6.012913917673967e-14,6.012913917673967e-14
0.47805000000000003,8573.937024224908,0.0,0.0,179.60501378560016,6.01280447575041e-14,6.01280447575041e-14
0.4781,8573.775959136077,0.0,0.0,179.6017035012066,6.01269255634299e-14,6.01269255634299e-14
0.47815,8573.613629506997,0.0,0.0,179.59836036526332,6.012581044762337e-14,6.012581044762337e-14
0.4782,8573.453303516895,0.0,0.0,179.5950034538883,6.01246821238904e-14,6.01246821238904e-14
0.47825,8573.291976831184,0.0,0.0,179.59163028623,6.012355162620059e-14,6.012355162620059e-14
0.4783,8573.13322037937,0.0,0.0,179.5882452626628,6.012242132125554e-14,6.012242132125554e-14
0.47835,8572.973900028275,0.0,0.0,179.584861544108,6.012128144501181e-14,6.012128144501181e-14
0.47840000000000005,8572.81752603456,0.0,0.0,179.58146758457204,6.012015565443622e-14,6.012015565443622e-14
0.47845000000000004,8572.661206660137,0.0,0.0,179.57809232682166,6.011901316474858e-14,6.011901316474858e-14
0.47850000000000004,8572.508018426253,0.0,0.0,179.5747092046035,6.011789763572491e-14,6.011789763572491e-14
0.47855000000000003,8572.355667468897,0.0,0.0,179.57136083685975,6.01167600272286e-14,6.01167600272286e-14
0.4786,8572.206466704924,0.0,0.0,179.56800877474254,6.011565977304051e-14,6.011565977304051e-14
0.47865,8572.059006985799,0.0,0.0,179.5647051142132,6.011453512617144e-14,6.011453512617144e-14
0.4787,8571.914600029508,0.0,0.0,179.5614045558141,6.011345454901742e-14,6.011345454901742e-14
0.47875,8571.77289528207,0.0,0.0,179.55816285488763,6.011235128578624e-14,6.011235128578624e-14
0.4788,8571.634095794494,0.0,0.0,179.55493416964572,6.011129438942099e-14,6.011129438942099e-14
0.47885,8571.498940700967,0.0,0.0,179.55177122049957,6.011022095556962e-14,6.011022095556962e-14
0.47890000000000005,8571.366567609928,0.0,0.0,179.54863436796094,6.010919161479344e-14,6.010919161479344e-14
0.47895000000000004,8571.238683296722,0.0,0.0,179.54556663597268,6.010815612752318e-14,6.010815612752318e-14
0.47900000000000004,8571.113553454003,0.0,0.0,179.54254082242636,6.010715837157978e-14,6.010715837157978e-14
0.47905000000000003,8570.99358864216,0.0,0.0,179.5395845745354,6.010616827876683e-14,6.010616827876683e-14
0.4791,8570.876504456546,0.0,0.0,179.53668793773147,6.010520654206512e-14,6.010520654206512e-14
0.47915,8570.765041658602,0.0,0.0,179.5338593317742,6.01042683388333e-14,6.01042683388333e-14
0.4792,8570.656774749054,0.0,0.0,179.53110868686844,6.010334763579301e-14,6.010334763579301e-14
0.47925,8570.554340173498,0.0,0.0,179.52842379303982,6.010246667742512e-14,6.010246667742512e-14
0.4793,8570.455612732634,0.0,0.0,179.52583446532034,6.010159266835886e-14,6.010159266835886e-14
0.47935,8570.362688013212,0.0,0.0,179.52330920064531,6.01007731056033e-14,6.01007731056033e-14
0.47940000000000005,8570.274153983402,0.0,0.0,179.5208949590395,6.00999520360153e-14,6.00999520360153e-14
0.47945000000000004,8570.191187577007,0.0,0.0,179.51854492868546,6.009919688175721e-14,6.009919688175721e-14
0.47950000000000004,8570.113415852094,0.0,0.0,179.51631802017204,6.009843539594325e-14,6.009843539594325e-14
0.47955000000000003,8570.040831993823,0.0,0.0,179.51415827370008,6.009774671336543e-14,6.009774671336543e-14
0.4796,8569.974293648467,0.0,0.0,179.51212954460257,6.009705156204259e-14,6.009705156204259e-14
0.47965,8569.912497111998,0.0,0.0,179.5101742686983,6.00964307465831e-14,6.00964307465831e-14
0.4797,8569.857558154836,0.0,0.0,179.50835334652783,6.009580842451421e-14,6.009580842451421e-14
0.47975,8569.806933693233,0.0,0.0,179.5066155263302,6.009525653784454e-14,6.009525653784454e-14
0.4798,8569.763854109615,0.0,0.0,179.50501102725292,6.00947128986407e-14,6.00947128986407e-14
0.47985,8569.724760254172,0.0,0.0,179.50350211447554,6.00942310046629e-14,6.00942310046629e-14
0.47990000000000005,8569.693699256137,0.0,0.0,179.50212183795395,6.009377090437055e-14,6.009377090437055e-14
0.47995000000000004,8569.666457011785,0.0,0.0,179.50085146459003,6.009336035630298e-14,6.009336035630298e-14
0.48000000000000004,8569.64748356877,0.0,0.0,179.49970253888546,6.009298737429578e-14,6.009298737429578e-14
0.48005000000000003,8569.632361336258,0.0,0.0,179.49867831024594,6.009265000847393e-14,6.009265000847393e-14
0.4801,8569.625468345768,0.0,0.0,179.49776726003373,6.009236628400918e-14,6.009236628400918e-14
0.48015,8569.622665004368,0.0,0.0,179.49699465086408,6.009210448927781e-14,6.009210448927781e-14
0.4802,8569.627784981876,0.0,0.0,179.49632737013425,6.009191069620791e-14,6.009191069620791e-14
0.48025,8569.637413392971,0.0,0.0,179.49580973401766,6.009172734578662e-14,6.009172734578662e-14
0.4803,8569.654433386844,0.0,0.0,179.4953913619804,6.0091622808704e-14,6.0091622808704e-14
0.48035,8569.676506577624,0.0,0.0,179.49513004911975,6.00915210615088e-14,6.00915210615088e-14
0.48040000000000005,8569.70528017516,0.0,0.0,179.4949647618647,6.009150399673247e-14,6.009150399673247e-14
0.48045000000000004,8569.739702133975,0.0,0.0,179.49495932585197,6.009148699438166e-14,6.009148699438166e-14
0.48050000000000004,8569.780056894077,0.0,0.0,179.49505006979302,6.009155484161466e-14,6.009155484161466e-14
0.48055000000000003,8569.826619302048,0.0,0.0,179.4952985322457,6.009162534278457e-14,6.009162534278457e-14
0.4806,8569.878358661901,0.0,0.0,179.4956467349464,6.00917751405321e-14,6.00917751405321e-14
0.48065,8569.936744088074,0.0,0.0,179.49614586964788,6.0091935143754e-14,6.0091935143754e-14
0.4807,8569.999643637811,0.0,0.0,179.49675116804025,6.009216389556861e-14,6.009216389556861e-14
0.48075,8570.069434855604,0.0,0.0,179.49749676453206,6.0092414303512e-14,6.0092414303512e-14
0.4808,8570.143233732662,0.0,0.0,179.49835678916244,6.009271928380077e-14,6.009271928380077e-14
0.48085,8570.223927998533,0.0,0.0,179.49934385985668,6.009305965637729e-14,6.009305965637729e-14
0.48090000000000005,8570.308316894885,0.0,0.0,179.50045410681815,6.009343861357538e-14,6.009343861357538e-14
0.48095000000000004,8570.399343386833,0.0,0.0,179.5016770110111,6.009386704468852e-14,6.009386704468852e-14
0.48100000000000004,8570.493951178702,0.0,0.0,179.50303082169012,6.009431827484195e-14,6.009431827484195e-14
0.48105000000000003,8570.594689412694,0.0,0.0,179.50448329298328,6.009483141014805e-14,6.009483141014805e-14
0.4811,8570.699070640941,0.0,0.0,179.506071947359,6.009535369302097e-14,6.009535369302097e-14
0.48115,8570.80886762213,0.0,0.0,179.50774702597764,6.009594688628614e-14,6.009594688628614e-14
0.4812,8570.9224929413,0.0,0.0,179.50955994007833,6.00965392962178e-14,6.00965392962178e-14
0.48125,8571.040677068819,0.0,0.0,179.51144982620175,6.009720688254705e-14,6.009720688254705e-14
0.4813,8571.162928366608,0.0,0.0,179.51347483065362,6.00978685044269e-14,6.00978685044269e-14
0.48135,8571.288818653193,0.0,0.0,179.51557068698028,6.00986041526747e-14,6.00986041526747e-14
0.48140000000000005,8571.418989883174,0.0,0.0,179.51779435335666,6.009933374686728e-14,6.009933374686728e-14
0.48145000000000004,8571.551899791397,0.0,0.0,179.52008609295976,6.010013084312158e-14,6.010013084312158e-14
0.48150000000000004,8571.689203762106,0.0,0.0,179.5224940693072,6.01009265100835e-14,6.01009265100835e-14
0.48155000000000003,8571.828439783543,0.0,0.0,179.52497016728677,6.010177852074937e-14,6.010177852074937e-14
0.48160000000000003,8571.972020325726,0.0,0.0,179.52754748448797,6.010263741543584e-14,6.010263741543584e-14
0.48165,8572.116876216314,0.0,0.0,179.53019484870362,6.010353818255768e-14,6.010353818255768e-14
0.4817,8572.26582442738,0.0,0.0,179.53292616512093,6.010445632083296e-14,6.010445632083296e-14
0.48175,8572.415572643758,0.0,0.0,179.5357300929532,6.01054002531709e-14,6.01054002531709e-14
0.4818,8572.568945389834,0.0,0.0,179.53859985514393,6.010637243856266e-14,6.010637243856266e-14
0.48185,8572.722827658055,0.0,0.0,179.54154409109256,6.010735457796836e-14,6.010735457796836e-14
0.48190000000000005,8572.879666269258,0.0,0.0,179.54453660170162,6.010837445943727e-14,6.010837445943727e-14
0.48195000000000005,8573.03688530641,0.0,0.0,179.54760349653753,6.010939042072983e-14,6.010939042072983e-14
0.48200000000000004,8573.196232462262,0.0,0.0,179.55070289472886,6.011045067334079e-14,6.011045067334079e-14
0.48205000000000003,8573.355946656571,0.0,0.0,179.55387365298435,6.011149647441598e-14,6.011149647441598e-14
0.48210000000000003,8573.516859807578,0.0,0.0,179.55706382583645,6.011258907761884e-14,6.011258907761884e-14
0.48215,8573.678182184973,0.0,0.0,179.56031881668653,6.011366089210367e-14,6.011366089210367e-14
0.4822,8573.839742435359,0.0,0.0,179.56358326993177,6.011477746729275e-14,6.011477746729275e-14
0.48225,8574.001744577077,0.0,0.0,179.56690236867175,6.011587134242174e-14,6.011587134242174e-14
0.4823,8574.163060669682,0.0,0.0,179.57022409058607,6.011700350427671e-14,6.011700350427671e-14
0.48235,8574.324781503028,0.0,0.0,179.57358701500905,6.011811509039532e-14,6.011811509039532e-14
0.4824,8574.484989288338,0.0,0.0,179.57694836746418,6.011925476619173e-14,6.011925476619173e-14
0.48245000000000005,8574.64544796366,0.0,0.0,179.58033497579626,6.012037910096175e-14,6.012037910096175e-14
0.48250000000000004,8574.803706389177,0.0,0.0,179.58371764157087,6.01215187784242e-14,6.01215187784242e-14
0.48255000000000003,8574.961917886929,0.0,0.0,179.58710816574356,6.012265015919836e-14,6.012265015919836e-14
0.48260000000000003,8575.117403012246,0.0,0.0,179.59049317203895,6.012378303546237e-14,6.012378303546237e-14
0.48265,8575.27239477641,0.0,0.0,179.59386837077045,6.012491499900166e-14,6.012491499900166e-14
0.4827,8575.424293538668,0.0,0.0,179.5972361969909,6.012603501894207e-14,6.012603501894207e-14
0.48275,8575.575121351514,0.0,0.0,179.60057742570422,6.01271604310433e-14,6.01271604310433e-14
0.4828,8575.722626748953,0.0,0.0,179.60390819081758,6.012826222011003e-14,6.012826222011003e-14
0.48285,8575.868388252042,0.0,0.0,179.60719739788462,6.012937346134509e-14,6.012937346134509e-14
0.4829,8576.010697298694,0.0,0.0,179.61047111103392,6.013045217356658e-14,6.013045217356658e-14
0.48295000000000005,8576.150541986948,0.0,0.0,179.61369078030717,6.013154139367019e-14,6.013154139367019e-14
0.48300000000000004,8576.286857277373,0.0,0.0,179.6168876295303,6.013259250722975e-14,6.013259250722975e-14
0.48305000000000003,8576.419992374844,0.0,0.0,179.6200206960665,6.013365191169214e-14,6.013365191169214e-14
0.48310000000000003,8576.549527471137,0.0,0.0,179.62312134524618,6.013467101078141e-14,6.013467101078141e-14
0.48315,8576.675219742596,0.0,0.0,179.6261511135832,6.013569314005696e-14,6.013569314005696e-14
0.4832,8576.797207960297,0.0,0.0,179.62913697768852,6.013667572173076e-14,6.013667572173076e-14
0.48325,8576.914782118232,0.0,0.0,179.63204706978124,6.013765368648892e-14,6.013765368648892e-14
0.4833,8577.028487742999,0.0,0.0,179.63490054292018,6.013859502519843e-14,6.013859502519843e-14
0.48335,8577.137322581066,0.0,0.0,179.63767489638954,6.013952266950972e-14,6.013952266950972e-14
0.4834,8577.242053178326,0.0,0.0,179.64037951533297,6.014041776108197e-14,6.014041776108197e-14
0.48345000000000005,8577.341576827848,0.0,0.0,179.6430024431985,6.014128973790401e-14,6.014128973790401e-14
0.48350000000000004,8577.436695165512,0.0,0.0,179.64554297945836,6.014213333084887e-14,6.014213333084887e-14
0.48355000000000004,8577.526380896363,0.0,0.0,179.6479992916193,6.014294508857473e-14,6.014294508857473e-14
0.48360000000000003,8577.611315101352,0.0,0.0,179.6503617761563,6.014373179611044e-14,6.014373179611044e-14
0.48365,8577.690678875271,0.0,0.0,179.6526369523417,6.014447948892698e-14,6.014447948892698e-14
0.4837,8577.764929764367,0.0,0.0,179.6548086467718,6.014520396232282e-14,6.014520396232282e-14
0.48375,8577.833530341066,0.0,0.0,179.65688904217734,6.014588430849592e-14,6.014588430849592e-14
0.4838,8577.896675346059,0.0,0.0,179.65885837741504,6.014654144323869e-14,6.014654144323869e-14
0.48385,8577.954117213503,0.0,0.0,179.66073143707501,6.014715156239015e-14,6.014715156239015e-14
0.4839,8578.005810877276,0.0,0.0,179.6624879436413,6.014773670459373e-14,6.014773670459373e-14
0.48395000000000005,8578.05174971955,0.0,0.0,179.66414240048314,6.014827396657456e-14,6.014827396657456e-14
0.48400000000000004,8578.091721278857,0.0,0.0,179.66567665379898,6.014878308843665e-14,6.014878308843665e-14
0.48405000000000004,8578.125871202872,0.0,0.0,179.66710268833845,6.0149245002397e-14,6.0149245002397e-14
0.48410000000000003,8578.153920205945,0.0,0.0,179.66840628750492,6.014967482197139e-14,6.014967482197139e-14
0.48415,8578.176061603446,0.0,0.0,179.66959563365702,6.015005898552146e-14,6.015005898552146e-14
0.4842,8578.192052765366,0.0,0.0,179.67066122440653,6.015040701639017e-14,6.015040701639017e-14
0.48425,8578.202039545127,0.0,0.0,179.67160721473127,6.015071113293641e-14,6.015071113293641e-14
0.4843,8578.205898081014,0.0,0.0,179.67242855782035,6.015097566176673e-14,6.015097566176673e-14
0.48435,8578.203663088085,0.0,0.0,179.67312611117313,6.015119762128655e-14,6.015119762128655e-14
0.4844,8578.195371580547,0.0,0.0,179.6736981881099,6.015137762362731e-14,6.015137762362731e-14
0.48445000000000005,8578.180929307837,0.0,0.0,179.67414375148584,6.01515156305457e-14,6.01515156305457e-14
0.48450000000000004,8578.160526794816,0.0,0.0,179.67446289174023,6.015161064549767e-14,6.015161064549767e-14
0.48455000000000004,8578.133972935708,0.0,0.0,179.67465435462123,6.015166336889987e-14,6.015166336889987e-14
0.48460000000000003,8578.101556414094,0.0,0.0,179.6747183636529,6.015167335976794e-14,6.015167335976794e-14
0.48465,8578.063064325697,0.0,0.0,179.67465496631218,6.015164007731027e-14,6.015164007731027e-14
0.4847,8578.018792340916,0.0,0.0,179.6744632326487,6.01515653069311e-14,6.01515653069311e-14
0.48475,8577.968606996596,0.0,0.0,179.67414548914783,6.015144601506628e-14,6.015144601506628e-14
0.4848,8577.912704521115,0.0,0.0,179.67369905150474,6.015128696095173e-14,6.015128696095173e-14
0.48485,8577.851134939809,0.0,0.0,179.67312870369145,6.0151082430173e-14,6.0151082430173e-14
0.4849,8577.783898416681,0.0,0.0,179.6724302652393,6.01508397565404e-14,6.01508397565404e-14
0.48495000000000005,8577.71130979426,0.0,0.0,179.67161027671676,6.015055152017232e-14,6.015055152017232e-14
0.48500000000000004,8577.633111093706,0.0,0.0,179.67066416200385,6.015022611275839e-14,6.015022611275839e-14
0.48505000000000004,8577.549917885206,0.0,0.0,179.66959875207752,6.014985638968199e-14,6.014985638968199e-14
0.48510000000000003,8577.461206017759,0.0,0.0,179.66841081135925,6.014944944692258e-14,6.014944944692258e-14
0.48515,8577.367867021652,0.0,0.0,179.66710551995052,6.014900101048862e-14,6.014900101048862e-14
0.4852,8577.269166757515,0.0,0.0,179.66568299416716,6.014851417337064e-14,6.014851417337064e-14
0.48525,8577.166182864297,0.0,0.0,179.6641447611957,6.0147990188605e-14,6.0147990188605e-14
0.4853,8577.058089875934,0.0,0.0,179.66249612710624,6.014742568326526e-14,6.014742568326526e-14
0.48535,8576.946004626845,0.0,0.0,179.66073336522052,6.014682954059031e-14,6.014682954059031e-14
0.4854,8576.829177323765,0.0,0.0,179.65886818313723,6.014619030404583e-14,6.014619030404583e-14
0.48545000000000005,8576.708579867152,0.0,0.0,179.65689082176434,6.01455254790183e-14,6.01455254790183e-14
0.48550000000000004,8576.583728636275,0.0,0.0,179.65481960737492,6.014481523995699e-14,6.014481523995699e-14
0.48555000000000004,8576.455258164573,0.0,0.0,179.65263908909625,6.014408520462573e-14,6.014408520462573e-14
0.48560000000000003,8576.32313317353,0.0,0.0,179.65037322610667,6.014330849778566e-14,6.014330849778566e-14
0.48565,8576.187483561025,0.0,0.0,179.64800244290092,6.014251670071928e-14,6.014251670071928e-14
0.4857,8576.048862548474,0.0,0.0,179.6455541454096,6.014167880396943e-14,6.014167880396943e-14
0.48575,8575.906785755586,0.0,0.0,179.6430073112993,6.014082872413917e-14,6.014082872413917e-14
0.4858,8575.762463271012,0.0,0.0,179.64038963519334,6.01399355202186e-14,6.01399355202186e-14
0.48585,8575.614770167766,0.0,0.0,179.637682101818,6.013903078665774e-14,6.013903078665774e-14
0.4859,8575.46554952064,0.0,0.0,179.63490899466464,6.013808856451406e-14,6.013808856451406e-14
0.48595000000000005,8575.31310710366,0.0,0.0,179.63205702561478,6.013713312127062e-14,6.013713312127062e-14
0.48600000000000004,8575.159795862915,0.0,0.0,179.6291433961773,6.013614834288022e-14,6.013614834288022e-14
0.48605000000000004,8575.003520351305,0.0,0.0,179.62616392298153,6.01351466293795e-14,6.01351466293795e-14
0.48610000000000003,8574.846929662739,0.0,0.0,179.6231257060862,6.013412569498891e-14,6.013412569498891e-14
0.48615,8574.687775580182,0.0,0.0,179.62003609229487,6.013308280724784e-14,6.013308280724784e-14
0.4862,8574.528722930334,0.0,0.0,179.61689028332714,6.01320318538367e-14,6.01320318538367e-14
0.48625,8574.367668916355,0.0,0.0,179.61370812248495,6.013095365298829e-14,6.013095365298829e-14
0.4863,8574.206983367967,0.0,0.0,179.6104727586777,6.01298784169732e-14,6.01298784169732e-14
0.48635,8574.045016007343,0.0,0.0,179.60721572708698,6.012877155826245e-14,6.012877155826245e-14
0.4864,8573.883544464175,0.0,0.0,179.60390979965482,6.012767732442285e-14,6.012767732442285e-14
0.48645000000000005,8573.721641789689,0.0,0.0,179.60059557636035,6.012654919132333e-14,6.012654919132333e-14
0.48650000000000004,8573.560254596308,0.0,0.0,179.5972388674352,6.012544083690582e-14,6.012544083690582e-14
0.48655000000000004,8573.399371042371,0.0,0.0,179.5938851230669,6.012429937948947e-14,6.012429937948947e-14
0.48660000000000003,8573.238965236938,0.0,0.0,179.59049797279033,6.01231815073948e-14,6.01231815073948e-14
0.48665,8573.080019672076,0.0,0.0,179.58712241745002,6.012203499933319e-14,6.012203499933319e-14
0.4867,8572.921518493224,0.0,0.0,179.58372543768328,6.01209121395297e-14,6.01209121395297e-14
0.48675,8572.765386554083,0.0,0.0,179.58034590778476,6.011976888165789e-14,6.011976888165789e-14
0.4868,8572.609734321004,0.0,0.0,179.57695966791877,6.011864572793485e-14,6.011864572793485e-14
0.48685,8572.457245663267,0.0,0.0,179.57359422447897,6.011751373597327e-14,6.011751373597327e-14
0.4869,8572.305397827033,0.0,0.0,179.57023894025932,6.011639537784624e-14,6.011639537784624e-14
0.48695000000000005,8572.157338189008,0.0,0.0,179.56690594787557,6.011528209604493e-14,6.011528209604493e-14
0.48700000000000004,8572.010247090551,0.0,0.0,179.5636012050337,6.011417420444507e-14,6.011417420444507e-14
0.48705000000000004,8571.86736434028,0.0,0.0,179.56031936232802,6.011308628474368e-14,6.011308628474368e-14
0.48710000000000003,8571.725961894648,0.0,0.0,179.5570839028455,6.011199521544724e-14,6.011199521544724e-14
0.48715,8571.588974613409,0.0,0.0,179.55387220142183,6.011093839343979e-14,6.011093839343979e-14
0.4872,8571.454153662466,0.0,0.0,179.55072379192364,6.010987118338437e-14,6.010987118338437e-14
0.48725,8571.323760404712,0.0,0.0,179.54760139103047,6.010885026897707e-14,6.010885026897707e-14
0.4873,8571.196356758468,0.0,0.0,179.54455678126433,6.010781451609971e-14,6.010781451609971e-14
0.48735,8571.073243988685,0.0,0.0,179.5415427979117,6.010683350019178e-14,6.010683350019178e-14
0.4874,8570.95402116002,0.0,0.0,179.53861776421303,6.010583713484494e-14,6.010583713484494e-14
0.48745000000000005,8570.838868029983,0.0,0.0,179.53573099157975,6.010489939605609e-14,6.010489939605609e-14
0.48750000000000004,8570.728506354582,0.0,0.0,179.532940447608,6.010395036880771e-14,6.010395036880771e-14
0.48755000000000004,8570.621984930945,0.0,0.0,179.53019902618541,6.010305894883395e-14,6.010305894883395e-14
0.48760000000000003,8570.521076195324,0.0,0.0,179.52755717299252,6.010216487288697e-14,6.010216487288697e-14
0.48765000000000003,8570.423846416692,0.0,0.0,179.52497824723216,6.010132277793877e-14,6.010132277793877e-14
0.4877,8570.33289437116,0.0,0.0,179.5224987285083,6.010049057244434e-14,6.010049057244434e-14
0.48775,8570.245593807993,0.0,0.0,179.52009812542804,6.009970105318043e-14,6.009970105318043e-14
0.4878,8570.165020128197,0.0,0.0,179.5177941526069,6.009893663504352e-14,6.009893663504352e-14
0.48785,8570.088249420374,0.0,0.0,179.51558611720378,6.009820339946188e-14,6.009820339946188e-14
0.4879,8570.01840391893,0.0,0.0,179.51347053328658,6.009751146552528e-14,6.009751146552528e-14
0.48795000000000005,8569.9527094548,0.0,0.0,179.5114675488425,6.009683878821595e-14,6.009683878821595e-14
0.48800000000000004,8569.893882749126,0.0,0.0,179.50955280879495,6.009622271773857e-14,6.009622271773857e-14
0.48805000000000004,8569.839738620458,0.0,0.0,179.50776551915314,6.00956154235669e-14,6.00956154235669e-14
0.48810000000000003,8569.792175124208,0.0,0.0,179.50606357727168,6.009507731429486e-14,6.009507731429486e-14
0.48815000000000003,8569.749966572472,0.0,0.0,179.50450081448238,6.009454063283188e-14,6.009454063283188e-14
0.4882,8569.713875649653,0.0,0.0,179.50302292338378,6.009408146513923e-14,6.009408146513923e-14
0.48825,8569.683886078958,0.0,0.0,179.50169182975202,6.009362077125541e-14,6.009362077125541e-14
0.4883,8569.659449490195,0.0,0.0,179.50044826949983,6.009324067648437e-14,6.009324067648437e-14
0.48835,8569.641852680279,0.0,0.0,179.49935449014126,6.00928611496486e-14,6.00928611496486e-14
0.4884,8569.629227018304,0.0,0.0,179.49835425740164,6.009255974365158e-14,6.009255974365158e-14
0.48845000000000005,8569.624085489182,0.0,0.0,179.49750216985532,6.009226599097858e-14,6.009226599097858e-14
0.48850000000000005,8569.623399064856,0.0,0.0,179.49675266414977,6.009204272423521e-14,6.009204272423521e-14
0.48855000000000004,8569.630668721786,0.0,0.0,179.4961456068622,6.009183841837692e-14,6.009183841837692e-14
0.48860000000000003,8569.64201320913,0.0,0.0,179.4956523528452,6.009169289140801e-14,6.009169289140801e-14
0.48865000000000003,8569.661553552896,0.0,0.0,179.49529281517533,6.009158047301255e-14,6.009158047301255e-14
0.4887,8569.684971507406,0.0,0.0,179.4950592560976,6.009151267067945e-14,6.009151267067945e-14
0.48875,8569.71655995253,0.0,0.0,179.49494899881697,6.009149315655777e-14,6.009149315655777e-14
0.4888,8569.752029962008,0.0,0.0,179.49497638745046,6.009150356651531e-14,6.009150356651531e-14
0.48885,8569.795378274344,0.0,0.0,179.49511647362502,6.009157649010824e-14,6.009157649010824e-14
0.4889,8569.842799889915,0.0,0.0,179.49540387420814,6.009166608755848e-14,6.009166608755848e-14
0.48895,8569.897570511475,0.0,0.0,179.49579460425326,6.009182957986184e-14,6.009182957986184e-14
0.48900000000000005,8569.956751182792,0.0,0.0,179.496339004308,6.009199968029591e-14,6.009199968029591e-14
0.48905000000000004,8570.022571291376,0.0,0.0,179.4969797638575,6.009225067980576e-14,6.009225067980576e-14
0.48910000000000003,8570.093217282725,0.0,0.0,179.4977762801806,6.00925026807406e-14,6.00925026807406e-14
0.48915000000000003,8570.16968882432,0.0,0.0,179.49866532300754,6.009283724299181e-14,6.009283724299181e-14
0.4892,8570.251401556934,0.0,0.0,179.4997074738669,6.009317229193917e-14,6.009317229193917e-14
0.48925,8570.338106130077,0.0,0.0,179.50084167243318,6.009358595549716e-14,6.009358595549716e-14
0.4893,8570.430384658886,0.0,0.0,179.50212167979365,6.0094004592109e-14,6.0094004592109e-14
0.48935,8570.526882927772,0.0,0.0,179.50349628157159,6.00944927503838e-14,6.00944927503838e-14
0.4894,8570.62913242801,0.0,0.0,179.50500536421848,6.009499457441791e-14,6.009499457441791e-14
0.48945,8570.734958574341,0.0,0.0,179.50661379191803,6.009555280250701e-14,6.009555280250701e-14
0.48950000000000005,8570.846503907202,0.0,0.0,179.5083424130443,6.009613621540416e-14,6.009613621540416e-14
0.48955000000000004,8570.961156378076,0.0,0.0,179.51017614133534,6.009676050836813e-14,6.009676050836813e-14
0.48960000000000004,8571.08125914145,0.0,0.0,179.51211418208223,6.009742256554121e-14,6.009742256554121e-14
0.48965000000000003,8571.204189501339,0.0,0.0,179.51416271316813,6.009810945795152e-14,6.009810945795152e-14
0.4897,8571.332066547533,0.0,0.0,179.51629955555063,6.009884585297056e-14,6.009884585297056e-14
0.48975,8571.462668518629,0.0,0.0,179.51855050257538,6.009959240728964e-14,6.009959240728964e-14
0.4898,8571.597509792977,0.0,0.0,179.52087501938652,6.010039759039716e-14,6.010039759039716e-14
0.48985,8571.735110533651,0.0,0.0,179.52331429212137,6.010120126103368e-14,6.010120126103368e-14
0.4899,8571.876094271482,0.0,0.0,179.52581475568346,6.010206867562435e-14,6.010206867562435e-14
0.48995,8572.019949607044,0.0,0.0,179.52842682938055,6.010292707351881e-14,6.010292707351881e-14
0.49000000000000005,8572.16625338815,0.0,0.0,179.5310907632824,6.010384947803729e-14,6.010384947803729e-14
0.49005000000000004,8572.315548128212,0.0,0.0,179.53385900096438,6.010476007467907e-14,6.010476007467907e-14
0.49010000000000004,8572.466354955117,0.0,0.0,179.53667300741122,6.010572990619283e-14,6.010572990619283e-14
0.49015000000000003,8572.620208696964,0.0,0.0,179.53957999969174,6.010668972402087e-14,6.010668972402087e-14
0.4902,8572.774708032759,0.0,0.0,179.5425295986033,6.010769945500382e-14,6.010769945500382e-14
0.49025,8572.932186073449,0.0,0.0,179.54555748423414,6.010870479214654e-14,6.010870479214654e-14
0.4903,8573.089570529693,0.0,0.0,179.54862699832657,6.010974723439869e-14,6.010974723439869e-14
0.49035,8573.249698805972,0.0,0.0,179.55175773307343,6.01107934656288e-14,6.01107934656288e-14
0.4904,8573.40915779956,0.0,0.0,179.55493024624485,6.011186198427685e-14,6.011186198427685e-14
0.49045,8573.570940246778,0.0,0.0,179.55814579665284,6.011294346803036e-14,6.011294346803036e-14
0.49050000000000005,8573.731652354616,0.0,0.0,179.56140320218702,6.01140320827589e-14,6.01140320827589e-14
0.49055000000000004,8573.894088797553,0.0,0.0,179.5646856528837,6.011514218798562e-14,6.011514218798562e-14
0.49060000000000004,8574.055214674623,0.0,0.0,179.5680087949879,6.011624555586227e-14,6.011624555586227e-14
0.49065000000000003,8574.217317368388,0.0,0.0,179.5713403715183,6.011737680486468e-14,6.011737680486468e-14
0.4907,8574.377994944723,0.0,0.0,179.57470927049468,6.011849009666214e-14,6.011849009666214e-14
0.49075,8574.538802165158,0.0,0.0,179.5780722922646,6.011963440356704e-14,6.011963440356704e-14
0.4908,8574.698145431867,0.0,0.0,179.58146643215332,6.012075310074578e-14,6.012075310074578e-14
0.49085,8574.856731020473,0.0,0.0,179.58484322000706,6.012190207223075e-14,6.012190207223075e-14
0.4909,8575.013833124336,0.0,0.0,179.58824186948542,6.012302172242351e-14,6.012302172242351e-14
0.49095,8575.16931154077,0.0,0.0,179.59161463833573,6.012416697963593e-14,6.012416697963593e-14
0.49100000000000005,8575.323252226079,0.0,0.0,179.5949971721235,6.012528295309591e-14,6.012528295309591e-14
0.49105000000000004,8575.474779347887,0.0,0.0,179.59834794011016,6.012641643229942e-14,6.012641643229942e-14
0.49110000000000004,8575.624636121322,0.0,0.0,179.60169412950964,6.012752371980612e-14,6.012752371980612e-14
0.49115000000000003,8575.771406649366,0.0,0.0,179.60500467137462,6.012863791424342e-14,6.012863791424342e-14
0.4912,8575.91626849874,0.0,0.0,179.60829491851385,6.012973099891243e-14,6.012973099891243e-14
0.49125,8576.057511284884,0.0,0.0,179.61154678297748,6.013081911472854e-14,6.013081911472854e-14
0.4913,8576.196493436168,0.0,0.0,179.61476228278593,6.013189193752798e-14,6.013189193752798e-14
0.49135,8576.331466280364,0.0,0.0,179.61793688303248,6.013294795066074e-14,6.013294795066074e-14
0.4914,8576.463724375692,0.0,0.0,179.62105970840503,6.013399397427521e-14,6.013399397427521e-14
0.49145,8576.591709815473,0.0,0.0,179.62413848307187,6.013501259073319e-14,6.013501259073319e-14
0.49150000000000005,8576.716452045477,0.0,0.0,179.62715160025496,6.013602495120539e-14,6.013602495120539e-14
0.49155000000000004,8576.836755393677,0.0,0.0,179.63011623140872,6.013700148766259e-14,6.013700148766259e-14
0.49160000000000004,8576.953251488336,0.0,0.0,179.63300346257296,6.013797321029569e-14,6.013797321029569e-14
0.49165000000000003,8577.065201916736,0.0,0.0,179.6358361287093,6.013890342322413e-14,6.013890342322413e-14
0.4917,8577.172788423652,0.0,0.0,179.63858208546762,6.013982767046564e-14,6.013982767046564e-14
0.49175,8577.59486332868,0.0,0.0,179.64944601060853,6.014343055067542e-14,6.014343055067542e-14
0.4918,8578.645607446688,0.0,0.0,179.6765745760303,6.015244957342873e-14,6.015244957342873e-14
0.49185,8580.327578871102,0.0,0.0,179.71993764562717,6.016684855577505e-14,6.016684855577505e-14
0.4919,8582.633889749593,0.0,0.0,179.77944471416458,6.01866259821416e-14,6.01866259821416e-14
0.49195,8585.564557760288,0.0,0.0,179.8550148200421,6.021172245002733e-14,6.021172245002733e-14
0.49200000000000005,8589.111479619596,0.0,0.0,179.94649757955403,6.024212603127406e-14,6.024212603127406e-14
0.49205000000000004,8593.271517276415,0.0,0.0,180.0537655407217,6.027775002324231e-14,6.027775002324231e-14
0.49210000000000004,8598.035973537664,0.0,0.0,180.17660737704838,6.031857564382534e-14,6.031857564382534e-14
0.49215000000000003,8603.39812514528,0.0,0.0,180.31485183117334,6.036448788528644e-14,6.036448788528644e-14
0.4922,8609.349114523326,0.0,0.0,180.46822869829109,6.041546136405629e-14,6.041546136405629e-14
0.49225,8615.878457623887,0.0,0.0,180.63652319351016,6.047135579157097e-14,6.047135579157097e-14
0.4923,8622.97732873524,0.0,0.0,180.8194118135952,6.053213555431429e-14,6.053213555431429e-14
0.49235,8630.631593530565,0.0,0.0,181.0166339835667,6.059764224541247e-14,6.059764224541247e-14
0.4924,8638.832394190262,0.0,0.0,181.22782169958043,6.066782283223109e-14,6.066782283223109e-14
0.49245,8647.562334510438,0.0,0.0,181.45266433783806,6.07425112860104e-14,6.07425112860104e-14
0.49250000000000005,8656.812229360723,0.0,0.0,181.69076044390448,6.082162760244543e-14,6.082162760244543e-14
0.49255000000000004,8666.562039949105,0.0,0.0,181.94174423353246,6.090501035072e-14,6.090501035072e-14
0.49260000000000004,8676.80178780625,0.0,0.0,182.20519261520187,6.099254252328562e-14,6.099254252328562e-14
0.49265000000000003,8687.509563350855,0.0,0.0,182.4806802232362,6.108407908114481e-14,6.108407908114481e-14
0.4927,8698.674043919495,0.0,0.0,182.76777314564154,6.117945774361566e-14,6.117945774361566e-14
0.49275,8710.272275733418,0.0,0.0,183.06598436361608,6.127855892539575e-14,6.127855892539575e-14
0.4928,8722.291054301244,0.0,0.0,183.3748772465173,6.13811707471866e-14,6.13811707471866e-14
0.49285,8734.707160703012,0.0,0.0,183.6939048521294,6.148720337501866e-14,6.148720337501866e-14
0.4929,8747.505079186447,0.0,0.0,184.02263186472126,6.159639664971118e-14,6.159639664971118e-14
0.49295,8760.661965393812,0.0,0.0,184.36045789482782,6.170868866596248e-14,6.170868866596248e-14
0.49300000000000005,8774.159748648219,0.0,0.0,184.70694818997498,6.182377880544769e-14,6.182377880544769e-14
0.49305000000000004,8787.97639140265,0.0,0.0,185.06146034936538,6.194162476986027e-14,6.194162476986027e-14
0.49310000000000004,8802.091258931892,0.0,0.0,185.42355473880073,6.206189959329048e-14,6.206189959329048e-14
0.49315000000000003,8816.483310218784,0.0,0.0,185.79256271733445,6.218456650558292e-14,6.218456650558292e-14
0.4932,8831.129585130346,0.0,0.0,186.1680305702148,6.230929126549355e-14,6.230929126549355e-14
0.49325,8846.009988416045,0.0,0.0,186.54928209621562,6.243602461170561e-14,6.243602461170561e-14
0.4933,8861.099697429083,0.0,0.0,186.935838228126,6.256444675385565e-14,6.256444675385565e-14
0.49335,8876.379308991569,0.0,0.0,187.32703474105426,6.269447663762584e-14,6.269447663762584e-14
0.4934,8891.822769262099,0.0,0.0,187.7223560539727,6.282583033788176e-14,6.282583033788176e-14
0.49345,8907.41097663628,0.0,0.0,188.12116792749606,6.295837753325904e-14,6.295837753325904e-14
0.49350000000000005,8923.117366880759,0.0,0.0,188.52290956733663,6.309188808706027e-14,6.309188808706027e-14
0.49355000000000004,8938.92269632275,0.0,0.0,188.92699084964576,6.322616984271571e-14,6.322616984271571e-14
0.49360000000000004,8954.80061102064,0.0,0.0,189.33280166904763,6.336105799555728e-14,6.336105799555728e-14
0.49365000000000003,8970.731316305619,0.0,0.0,189.73980432752646,6.349629343387461e-14,6.349629343387461e-14
0.4937,8986.689302538833,0.0,0.0,190.14734147760063,6.36317797333557e-14,6.36317797333557e-14
0.49375,9002.653928355385,0.0,0.0,190.55492913930505,6.376719472114496e-14,6.376719472114496e-14
0.4938,9018.601005083341,0.0,0.0,190.96187166280112,6.390250394427973e-14,6.390250394427973e-14
0.49385,9034.508919701271,0.0,0.0,191.36773283277745,6.403733536095048e-14,6.403733536095048e-14
0.4939,9050.355079043691,0.0,0.0,191.77179418821,6.417170102961144e-14,6.417170102961144e-14
0.49395,9066.116972673313,0.0,0.0,192.1736549088006,6.430520041705754e-14,6.430520041705754e-14
0.49400000000000005,9081.773662215872,0.0,0.0,192.5725944146224,6.443786936680328e-14,6.443786936680328e-14
0.49405000000000004,9097.302009353934,0.0,0.0,192.96823030626874,6.456930600500054e-14,6.456930600500054e-14
0.49410000000000004,9112.682593787253,0.0,0.0,193.3598635496891,6.469954292639027e-14,6.469954292639027e-14
0.49415000000000003,9127.892079649631,0.0,0.0,193.74711115350075,6.482820643129926e-14,6.482820643129926e-14
0.49420000000000003,9142.912279391383,0.0,0.0,194.12931945384216,6.495529826621791e-14,6.495529826621791e-14
0.49425,9157.720192067223,0.0,0.0,194.5060867839307,6.508050084453771e-14,6.508050084453771e-14
0.4943,9172.298496077266,0.0,0.0,194.8768258305575,6.520376089953567e-14,6.520376089953567e-14
0.49435,9186.625087144415,0.0,0.0,195.24110204396686,6.532483941274284e-14,6.532483941274284e-14
0.4944,9200.683137049906,0.0,0.0,195.59840984085315,6.544361105105698e-14,6.544361105105698e-14
0.49445,9214.451953973392,0.0,0.0,195.9482739468642,6.55599290364398e-14,6.55599290364398e-14
0.49450000000000005,9227.914896938766,0.0,0.0,196.29027818927935,6.567358883108386e-14,6.567358883108386e-14
0.49455000000000005,9241.053090609183,0.0,0.0,196.62390674752706,6.578453860102992e-14,6.578453860102992e-14
0.49460000000000004,9253.849899103434,0.0,0.0,196.9488317331172,6.589249887080014e-14,6.589249887080014e-14
0.49465000000000003,9266.288509417891,0.0,0.0,197.26450552857,6.599750376736206e-14,6.599750376736206e-14
0.49470000000000003,9278.352267066724,0.0,0.0,197.57067866955362,6.609921447056165e-14,6.609921447056165e-14
0.49475,9290.02648862982,0.0,0.0,197.86678839727344,6.619773129702936e-14,6.619773129702936e-14
0.4948,9301.294642558592,0.0,0.0,198.1526463584251,6.629268131671357e-14,6.629268131671357e-14
0.49485,9312.144071552244,0.0,0.0,198.42769739624003,6.638420290979479e-14,6.638420290979479e-14
0.4949,9322.558652855445,0.0,0.0,198.69179184146685,6.647192082101765e-14,6.647192082101765e-14
0.49495,9332.527515081154,0.0,0.0,198.94440822801343,6.65559786749513e-14,6.65559786749513e-14
0.49500000000000005,9342.03533012399,0.0,0.0,199.1854111231005,6.663603313052792e-14,6.663603313052792e-14
0.49505000000000005,9351.072689335582,0.0,0.0,199.41433888652196,6.67121999458745e-14,6.67121999458745e-14
0.49510000000000004,9359.625485349246,0.0,0.0,199.6310472823961,6.678419984581606e-14,6.678419984581606e-14
0.49515000000000003,9367.685430414309,0.0,0.0,199.8351572771851,6.685209185649208e-14,6.685209185649208e-14
0.49520000000000003,9375.240039183627,0.0,0.0,200.026497490302,6.691568647312142e-14,6.691568647312142e-14
0.49525,9382.281848422232,0.0,0.0,200.2047878943325,6.697496540849789e-14,6.697496540849789e-14
0.4953,9388.800311739247,0.0,0.0,200.36981900964852,6.702984462302987e-14,6.702984462302987e-14
0.49535,9394.788593012358,0.0,0.0,200.5214176107709,6.708021918716936e-14,6.708021918716936e-14
0.4954,9400.23827300431,0.0,0.0,200.65933425683062,6.712611395634539e-14,6.712611395634539e-14
0.49545,9405.143078710924,0.0,0.0,200.78350062132347,6.716734075021145e-14,6.716734075021145e-14
0.4955,9409.496755236994,0.0,0.0,200.89363500259685,6.720402386839833e-14,6.720402386839833e-14
0.49555000000000005,9413.29367222119,0.0,0.0,200.9897625711223,6.723590773686454e-14,6.723590773686454e-14
0.49560000000000004,9416.529628404229,0.0,0.0,201.07158578443827,6.726319489734765e-14,6.726319489734765e-14
0.49565000000000003,9419.199843722126,0.0,0.0,201.13920389110748,6.728558874297494e-14,6.728558874297494e-14
0.49570000000000003,9421.301939509292,0.0,0.0,201.1923265944761,6.730333984054195e-14,6.730333984054195e-14
0.49575,9422.8322838925,0.0,0.0,201.23110235784208,6.731614400175522e-14,6.731614400175522e-14
0.4958,9423.790016490197,0.0,0.0,201.25527489473365,6.732426456575615e-14,6.732426456575615e-14
0.49585,9424.172988012275,0.0,0.0,201.26501489214542,6.732742590003597e-14,6.732742590003597e-14
0.4959,9423.981537264484,0.0,0.0,201.26012699690196,6.732586851030612e-14,6.732586851030612e-14
0.49595,9423.215308043653,0.0,0.0,201.2407786104837,6.731937934707814e-14,6.731937934707814e-14
0.496,9421.87556442203,0.0,0.0,201.20685882717356,6.730814486945876e-14,6.730814486945876e-14
0.49605000000000005,9419.96397310968,0.0,0.0,201.15851114349573,6.729204199877235e-14,6.729204199877235e-14
0.49610000000000004,9417.48254599924,0.0,0.0,201.09572607964586,6.727118048460819e-14,6.727118048460819e-14
0.49615000000000004,9414.435078302344,0.0,0.0,201.0186102362729,6.724554432603078e-14,6.724554432603078e-14
0.49620000000000003,9410.824282677284,0.0,0.0,200.92726374545668,6.721515544960916e-14,6.721515544960916e-14
0.49625,9406.656041303222,0.0,0.0,200.82175264385288,6.718010950387933e-14,6.718010950387933e-14
0.4963,9401.933861604108,0.0,0.0,200.70228499037566,6.714034245902513e-14,6.714034245902513e-14
0.49635,9396.66552591566,0.0,0.0,200.56889233183585,6.709605308857262e-14,6.709605308857262e-14
0.4964,9390.855556829889,0.0,0.0,200.42187934193095,6.704710592359384e-14,6.704710592359384e-14
0.49645,9384.513331307546,0.0,0.0,200.26125798544086,6.699378244495521e-14,6.699378244495521e-14
0.4965,9377.64469605569,0.0,0.0,200.08741013881277,6.693590087547748e-14,6.693590087547748e-14
0.49655000000000005,9370.26024555667,0.0,0.0,199.9003498204907,6.687379588557197e-14,6.687379588557197e-14
0.49660000000000004,9362.36749303391,0.0,0.0,199.70051119032087,6.680727167883594e-14,6.680727167883594e-14
0.49665000000000004,9353.977861967192,0.0,0.0,199.48793567704575,6.673668148656961e-14,6.673668148656961e-14
0.49670000000000003,9345.100844543107,0.0,0.0,199.26308259161917,6.666185055062235e-14,6.666185055062235e-14
0.49675,9335.74835657345,0.0,0.0,199.026046361438,6.658311555225632e-14,6.658311555225632e-14
0.4968,9325.932090418546,0.0,0.0,198.7772856407525,6.650035588348398e-14,6.650035588348398e-14
0.49685,9315.664225237753,0.0,0.0,198.5169701864045,6.641386070906502e-14,6.641386070906502e-14
0.4969,9304.958734693295,0.0,0.0,198.24553680473122,6.632359034867551e-14,6.632359034867551e-14
0.49695,9293.827978757688,0.0,0.0,197.96324664321295,6.622976361893222e-14,6.622976361893222e-14
0.497,9282.288125530034,0.0,0.0,197.6705006833857,6.613243874374746e-14,6.613243874374746e-14
0.49705000000000005,9270.351794398963,0.0,0.0,197.3676591255026,6.603175231009938e-14,6.603175231009938e-14
0.49710000000000004,9258.037091343389,0.0,0.0,197.05508192011806,6.592786553892482e-14,6.592786553892482e-14
0.49715000000000004,9245.357122242787,0.0,0.0,196.73322661331113,6.582083312872498e-14,6.582083312872498e-14
0.49720000000000003,9232.331530353418,0.0,0.0,196.4024160074057,6.571091206893847e-14,6.571091206893847e-14
0.49725,9218.974244676414,0.0,0.0,196.06319421843762,6.559808731640056e-14,6.559808731640056e-14
0.4973,9205.305950795373,0.0,0.0,195.71585893163686,6.54826933144476e-14,6.54826933144476e-14
0.49735,9191.341787264024,0.0,0.0,195.36102248954873,6.536466721648251e-14,6.536466721648251e-14
0.4974,9177.102959144313,0.0,0.0,194.99897559679007,6.52443942193606e-14,6.52443942193606e-14
0.49745,9162.606179136188,0.0,0.0,194.63037537749076,6.512179210630502e-14,6.512179210630502e-14
0.4975,9147.872693989137,0.0,0.0,194.25552696033597,6.499726549709871e-14,6.499726549709871e-14
0.49755000000000005,9132.921060959616,0.0,0.0,193.87510676792456,6.487074364384296e-14,6.487074364384296e-14
0.49760000000000004,9117.772203594819,0.0,0.0,193.48945580873598,6.474261888915157e-14,6.474261888915157e-14
0.49765000000000004,9102.446638540147,0.0,0.0,193.09924549912137,6.461286090767011e-14,6.461286090767011e-14
0.49770000000000003,9086.964765698103,0.0,0.0,192.70487109556248,6.448182185195247e-14,6.448182185195247e-14
0.49775,9071.348980218563,0.0,0.0,192.30697879679335,6.434953499976517e-14,6.434953499976517e-14
0.4978,9055.619148669794,0.0,0.0,191.906030764265,6.421629166151844e-14,6.421629166151844e-14
0.49785,9039.79925648665,0.0,0.0,191.50263407438524,6.408220317372249e-14,6.408220317372249e-14
0.4979,9023.908813821368,0.0,0.0,191.09732298161285,6.394748893799105e-14,6.394748893799105e-14
0.49795,9007.97292072186,0.0,0.0,190.69065906564592,6.381234244769076e-14,6.381234244769076e-14
0.498,8992.011059322633,0.0,0.0,190.28324571828375,6.367691060297227e-14,6.367691060297227e-14
0.49805000000000005,8976.04883063516,0.0,0.0,189.87560027611437,6.354146266320958e-14,6.354146266320958e-14
0.49810000000000004,8960.106106925443,0.0,0.0,189.46838463095222,6.340608229058482e-14,6.340608229058482e-14
0.49815000000000004,8944.208310959628,0.0,0.0,189.06207976134465,6.327109895861943e-14,6.327109895861943e-14
0.49820000000000003,8928.376133461436,0.0,0.0,188.6573892260434,6.313655023850673e-14,6.313655023850673e-14
0.49825,8912.634159062201,0.0,0.0,188.2547702625881,6.300280363892335e-14,6.300280363892335e-14
0.4983,8897.004249917636,0.0,0.0,187.85494731891637,6.286987268825303e-14,6.286987268825303e-14
0.49835,8881.509596508757,0.0,0.0,187.4583687559104,6.273813744225666e-14,6.273813744225666e-14
0.4984,8866.173431811934,0.0,0.0,187.06575784288194,6.260761082586795e-14,6.260761082586795e-14
0.49845,8851.017171105235,0.0,0.0,186.6775684991994,6.247866022514214e-14,6.247866022514214e-14
0.4985,8836.06540561797,0.0,0.0,186.29450210884067,6.23513192962973e-14,6.23513192962973e-14
0.49855000000000005,8821.337615515404,0.0,0.0,185.9170296940693,6.222592111288594e-14,6.222592111288594e-14
0.49860000000000004,8806.85949714153,0.0,0.0,185.54581366671817,6.21025363285203e-14,6.21025363285203e-14
0.49865000000000004,8792.648670155731,0.0,0.0,185.18134891691494,6.1981448185786e-14,6.1981448185786e-14
0.49870000000000003,8778.731449036171,0.0,0.0,184.8242469722735,6.186277351539668e-14,6.186277351539668e-14
0.49875,8765.123879622046,0.0,0.0,184.47502751548637,6.174673779450297e-14,6.174673779450297e-14
0.4988,8751.852216052132,0.0,0.0,184.13424511515686,6.163350530292308e-14,6.163350530292308e-14
0.49885,8738.931373353005,0.0,0.0,183.802439213864,6.152324361740025e-14,6.152324361740025e-14
0.4989,8726.386748103325,0.0,0.0,183.48010691424585,6.14161582585782e-14,6.14161582585782e-14
0.49895,8714.232642527631,0.0,0.0,183.16779721837077,6.131236558783975e-14,6.131236558783975e-14
0.499,8702.492772755473,0.0,0.0,182.86595373240993,6.121210020714264e-14,6.121210020714264e-14
0.49905000000000005,8691.181326287657,0.0,0.0,182.57512116771096,6.111543882996639e-14,6.111543882996639e-14
0.49910000000000004,8680.31959019979,0.0,0.0,182.29569640330402,6.10226293437038e-14,6.10226293437038e-14
0.49915000000000004,8669.922021239188,0.0,0.0,182.0282043197007,6.093372274751665e-14,6.093372274751665e-14
0.49920000000000003,8660.006895085953,0.0,0.0,181.77300269617706,6.084896345569018e-14,6.084896345569018e-14
0.49925,8650.589128799687,0.0,0.0,181.53058141103375,6.076839041239073e-14,6.076839041239073e-14
0.4993,8641.683640637311,0.0,0.0,181.30126576981618,6.06922294064348e-14,6.06922294064348e-14
0.49935,8633.305755302616,0.0,0.0,181.0854976620339,6.062051839897767e-14,6.062051839897767e-14
0.4994,8625.466961159125,0.0,0.0,180.88357408260748,6.055345304958823e-14,6.055345304958823e-14
0.49945,8618.182679839958,0.0,0.0,180.69587942179348,6.049107720748602e-14,6.049107720748602e-14
0.4995,8611.461169287895,0.0,0.0,180.52268323133458,6.043354975431689e-14,6.043354975431689e-14
0.49955000000000005,8605.317404603507,0.0,0.0,180.36430695746463,6.038092241554711e-14,6.038092241554711e-14
0.49960000000000004,8599.75684405159,0.0,0.0,180.22099018588537,6.033331572390727e-14,6.033331572390727e-14
0.49965000000000004,8594.793301964824,0.0,0.0,180.0929898825525,6.029078669241792e-14,6.029078669241792e-14
0.49970000000000003,8590.430024986055,0.0,0.0,179.98051036968428,6.02534202840669e-14,6.02534202840669e-14
0.49975,8586.678871697535,0.0,0.0,179.88374569175232,6.02212728041907e-14,6.02212728041907e-14
0.4998,8583.541526184299,0.0,0.0,179.80285800575544,6.019439930178002e-14,6.019439930178002e-14
0.49985,8581.02712057833,0.0,0.0,179.73798182434098,6.017284773089428e-14,6.017284773089428e-14
0.4999,8579.136382286346,0.0,0.0,179.689230105455,6.0156649871964e-14,6.0156649871964e-14
0.49995,8577.875075093123,0.0,0.0,179.65668161582755,6.014583800644596e-14,6.014583800644596e-14
0.5,8577.243436121254,0.0,0.0,179.6403944211236,6.014042637905574e-14,6.014042637905574e-14
