tempo_s,V_RMS_A,V_RMS_B,V_RMS_C,I_RMS_A,I_RMS_B,I_RMS_C
0.0,6802.981075480228,0.0,0.0,10.595414574172196,6.049705903458813e-14,6.049705903458813e-14
5e-05,6802.349459739051,0.0,0.0,10.594205843552713,6.049116082102864e-14,6.049116082102864e-14
0.0001,6801.051651040067,0.0,0.0,10.592526056310628,6.047982359174394e-14,6.047982359174394e-14
0.00015000000000000001,6799.151658334963,0.0,0.0,10.588970174306493,6.046287612516767e-14,6.046287612516767e-14
0.0002,6796.57757429895,0.0,0.0,10.585486078499757,6.043996445033317e-14,6.043996445033317e-14
0.00025,6793.413234944216,0.0,0.0,10.579792516359014,6.041171944699144e-14,6.041171944699144e-14
0.00030000000000000003,6789.570953341949,0.0,0.0,10.574285502973597,6.037753556255942e-14,6.037753556255942e-14
0.00035,6785.139640108909,0.0,0.0,10.566734129326932,6.033806812385589e-14,6.033806812385589e-14
0.0004,6780.059781652532,0.0,0.0,10.558990862455305,6.0292966279701e-14,6.0292966279701e-14
0.00045000000000000004,6774.387856771565,0.0,0.0,10.549803363006214,6.024233234345704e-14,6.024233234345704e-14
0.0005,6768.096589596972,0.0,0.0,10.539735734617809,6.018636000063445e-14,6.018636000063445e-14
0.00055,6761.197731522237,0.0,0.0,10.529009147627761,6.012493012320022e-14,6.012493012320022e-14
0.0006000000000000001,6753.726727867461,0.0,0.0,10.516682957520958,6.00584197686025e-14,6.00584197686025e-14
0.0006500000000000001,6745.637311452227,0.0,0.0,10.504374203562064,5.998660080518133e-14,5.998660080518133e-14
0.0007,6737.019901590224,0.0,0.0,10.489996750635468,5.990959918651428e-14,5.990959918651428e-14
0.00075,6727.786130385773,0.0,0.0,10.475961416273304,5.982755376808926e-14,5.982755376808926e-14
0.0008,6718.047977486919,0.0,0.0,10.459839947657283,5.9740747051673e-14,5.9740747051673e-14
0.0008500000000000001,6707.726904201142,0.0,0.0,10.443891367721351,5.964900925106961e-14,5.964900925106961e-14
0.0009000000000000001,6696.90305508059,0.0,0.0,10.426341164150486,5.955249958354132e-14,5.955249958354132e-14
0.00095,6685.548306366825,0.0,0.0,10.408359360193282,5.945147064097175e-14,5.945147064097175e-14
0.001,6673.69703152287,0.0,0.0,10.38958695279884,5.934590008707064e-14,5.934590008707064e-14
0.0010500000000000002,6661.36187522725,0.0,0.0,10.369615610540349,5.923621068360657e-14,5.923621068360657e-14
0.0011,6648.523341377924,0.0,0.0,10.349671953919248,5.912163216451135e-14,5.912163216451135e-14
0.00115,6635.251438364681,0.0,0.0,10.327920619239626,5.900379152903571e-14,5.900379152903571e-14
0.0012000000000000001,6621.500147422197,0.0,0.0,10.306712186825115,5.888132726399579e-14,5.888132726399579e-14
0.00125,6607.384355931966,0.0,0.0,10.283514971974338,5.875527651023256e-14,5.875527651023256e-14
0.0013000000000000002,6592.7925675559245,0.0,0.0,10.26090726133808,5.862586649420851e-14,5.862586649420851e-14
0.00135,6577.859280562026,0.0,0.0,10.236632955672327,5.849274178090643e-14,5.849274178090643e-14
0.0014,6562.526210062509,0.0,0.0,10.21248960136404,5.835608822086259e-14,5.835608822086259e-14
0.0014500000000000001,6546.85079781768,0.0,0.0,10.187461825392843,5.821680076225692e-14,5.821680076225692e-14
0.0015,6530.846166297978,0.0,0.0,10.161779127146028,5.80742104634737e-14,5.80742104634737e-14
0.0015500000000000002,6514.512733103368,0.0,0.0,10.136152499925597,5.792849789800973e-14,5.792849789800973e-14
0.0016,6497.911841848223,0.0,0.0,10.10912056606811,5.778116180332245e-14,5.778116180332245e-14
0.00165,6481.010280343543,0.0,0.0,10.082877066751628,5.7630216877093e-14,5.7630216877093e-14
0.0017000000000000001,6463.899252746178,0.0,0.0,10.0548522991643,5.747813834164626e-14,5.747813834164626e-14
0.00175,6446.508359263814,0.0,0.0,10.027871496169853,5.732338016294915e-14,5.732338016294915e-14
0.0018000000000000002,6428.982693743747,0.0,0.0,9.999274295960106,5.716699303516023e-14,5.716699303516023e-14
0.00185,6411.206381422085,0.0,0.0,9.971438724537316,5.700900627875068e-14,5.700900627875068e-14
0.0019,6393.305627975507,0.0,0.0,9.942667136440017,5.684980116882363e-14,5.684980116882363e-14
0.0019500000000000001,6375.260063127561,0.0,0.0,9.913919415085473,5.6688617598904195e-14,5.6688617598904195e-14
0.002,6357.107291208878,0.0,0.0,9.88524318383335,5.6527538821205365e-14,5.6527538821205365e-14
0.00205,6338.90731909968,0.0,0.0,9.855723639954475,5.6365280263881314e-14,5.6365280263881314e-14
0.0021000000000000003,6320.60992436721,0.0,0.0,9.827219709071805,5.6202227965133225e-14,5.6202227965133225e-14
0.00215,6302.314226213407,0.0,0.0,9.797268555231117,5.60396747154819e-14,5.60396747154819e-14
0.0022,6283.973288635563,0.0,0.0,9.76883760623369,5.5876193318300505e-14,5.5876193318300505e-14
0.0022500000000000003,6265.70684930616,0.0,0.0,9.73892214401975,5.571338650276476e-14,5.571338650276476e-14
0.0023,6247.420282204608,0.0,0.0,9.710431777745548,5.5550845831276334e-14,5.5550845831276334e-14
0.00235,6229.268043424922,0.0,0.0,9.681011909596172,5.538901359928971e-14,5.538901359928971e-14
0.0024000000000000002,6211.169209290417,0.0,0.0,9.65237540238844,5.522779517230944e-14,5.522779517230944e-14
0.00245,6193.2191659084,0.0,0.0,9.62380827915668,5.506813654794271e-14,5.506813654794271e-14
0.0025,6175.423020510662,0.0,0.0,9.59509635497772,5.4909590669194336e-14,5.4909590669194336e-14
0.00255,6157.779319612426,0.0,0.0,9.567541367400313,5.475301611638298e-14,5.475301611638298e-14
0.0026000000000000003,6140.394881553424,0.0,0.0,9.539031860680948,5.4597395362373485e-14,5.4597395362373485e-14
0.00265,6123.166569058691,0.0,0.0,9.512458099020757,5.4444545722876005e-14,5.4444545722876005e-14
0.0027,6106.248001031927,0.0,0.0,9.484607644634657,5.4293976858455166e-14,5.4293976858455166e-14
0.0027500000000000003,6089.581709271039,0.0,0.0,9.458832222817493,5.4145475518019986e-14,5.4145475518019986e-14
0.0028,6073.290846017578,0.0,0.0,9.43216928338482,5.400016269771115e-14,5.400016269771115e-14
0.00285,6057.283921053136,0.0,0.0,9.407067564538258,5.3858077107218784e-14,5.3858077107218784e-14
0.0029000000000000002,6041.67939391336,0.0,0.0,9.3820010508829,5.371854876008862e-14,5.371854876008862e-14
0.00295,6026.42645096624,0.0,0.0,9.357556810101803,5.358348315336252e-14,5.358348315336252e-14
0.003,6011.592354020672,0.0,0.0,9.334313201517471,5.3450968243223315e-14,5.3450968243223315e-14
0.00305,5997.218339955717,0.0,0.0,9.310722015057681,5.3322644665027115e-14,5.3322644665027115e-14
0.0031000000000000003,5983.237270931284,0.0,0.0,9.289308225623454,5.3198909173535563e-14,5.3198909173535563e-14
0.00315,5969.826990050095,0.0,0.0,9.266952334941262,5.307880656517367e-14,5.307880656517367e-14
0.0032,5956.844485620337,0.0,0.0,9.247203408468716,5.296360305622603e-14,5.296360305622603e-14
0.0032500000000000003,5944.4445611416395,0.0,0.0,9.226609584644713,5.2853442395642814e-14,5.2853442395642814e-14
0.0033,5932.555515389568,0.0,0.0,9.208290543710328,5.274725500293668e-14,5.274725500293668e-14
0.00335,5921.275077643189,0.0,0.0,9.189922417116762,5.2646716895270277e-14,5.2646716895270277e-14
0.0034000000000000002,5910.538796279994,0.0,0.0,9.17293157855886,5.255202245341512e-14,5.255202245341512e-14
0.0034500000000000004,5900.426096180413,0.0,0.0,9.15704577386866,5.246064257754261e-14,5.246064257754261e-14
0.0035,5890.928638070069,0.0,0.0,9.141451082215065,5.237702193275381e-14,5.237702193275381e-14
0.00355,5882.072635574297,0.0,0.0,9.128070472953375,5.2297995715861784e-14,5.2297995715861784e-14
0.0036000000000000003,5873.9458263891165,0.0,0.0,9.114167637415212,5.222517228503314e-14,5.222517228503314e-14
0.00365,5866.381649105048,0.0,0.0,9.103136346289709,5.215827334303303e-14,5.215827334303303e-14
0.0037,5859.57800061115,0.0,0.0,9.091356014349945,5.209781513602526e-14,5.209781513602526e-14
0.0037500000000000003,5853.398523394766,0.0,0.0,9.082367460507212,5.204234420818868e-14,5.204234420818868e-14
0.0038,5847.972131291748,0.0,0.0,9.073173962396748,5.1994481737993225e-14,5.1994481737993225e-14
0.00385,5843.219629086753,0.0,0.0,9.065996491650662,5.195199484829114e-14,5.195199484829114e-14
0.0039000000000000003,5839.21497403917,0.0,0.0,9.059666944758064,5.191627220475529e-14,5.191627220475529e-14
0.00395,5835.944891092704,0.0,0.0,9.0542228794128,5.188750563176865e-14,5.188750563176865e-14
0.004,5833.410975001269,0.0,0.0,9.050799579165538,5.1864476139237725e-14,5.1864476139237725e-14
0.00405,5831.630902390304,0.0,0.0,9.047255533768212,5.1849292955463004e-14,5.1849292955463004e-14
0.0041,5830.554128690794,0.0,0.0,9.04652791207658,5.1839544389349024e-14,5.1839544389349024e-14
0.00415,5830.304008955594,0.0,0.0,9.04520093089682,5.183695949505452e-14,5.183695949505452e-14
0.004200000000000001,5830.691755682422,0.0,0.0,9.046854899260685,5.184061749809696e-14,5.184061749809696e-14
0.00425,5831.900128861224,0.0,0.0,9.048117916938072,5.1851540501405086e-14,5.1851540501405086e-14
0.0043,5833.804562070666,0.0,0.0,9.051787408266215,5.186822522801164e-14,5.186822522801164e-14
0.004350000000000001,5836.5087185833045,0.0,0.0,9.05592077204056,5.189266488748721e-14,5.189266488748721e-14
0.0044,5839.931176040519,0.0,0.0,9.061408587367598,5.1922599873988463e-14,5.1922599873988463e-14
0.00445,5844.047579588645,0.0,0.0,9.068457492064027,5.196002487182908e-14,5.196002487182908e-14
0.0045000000000000005,5848.899708490904,0.0,0.0,9.075735443810643,5.200299936699551e-14,5.200299936699551e-14
0.00455,5854.44195460487,0.0,0.0,9.085476131552465,5.2052200467566963e-14,5.2052200467566963e-14
0.0046,5860.718828997368,0.0,0.0,9.094753609282202,5.210838618754433e-14,5.210838618754433e-14
0.0046500000000000005,5867.634873149198,0.0,0.0,9.106814888635292,5.216998426547817e-14,5.216998426547817e-14
0.0047,5875.314822651671,0.0,0.0,9.1183523273225,5.223786569825989e-14,5.223786569825989e-14
0.00475,5883.586680730632,0.0,0.0,9.132341093770615,5.231247029340961e-14,5.231247029340961e-14
0.0048000000000000004,5892.579646360602,0.0,0.0,9.146362015161904,5.239196007482923e-14,5.239196007482923e-14
0.00485,5902.1562601453825,0.0,0.0,9.161950419140407,5.247728137510061e-14,5.247728137510061e-14
0.0049,5912.359093298568,0.0,0.0,9.178492454149701,5.256878401386464e-14,5.256878401386464e-14
0.00495,5923.182212101501,0.0,0.0,9.195522046008902,5.266420169957549e-14,5.266420169957549e-14
0.005,5934.531509388281,0.0,0.0,9.214385976171714,5.276576038186891e-14,5.276576038186891e-14
0.005050000000000001,5946.479689777882,0.0,0.0,9.232899648605631,5.2872415529603946e-14,5.2872415529603946e-14
0.0051,5958.961836247161,0.0,0.0,9.253695526842494,5.298327112270895e-14,5.298327112270895e-14
0.00515,5972.0132168394475,0.0,0.0,9.273875169160608,5.3099377969264635e-14,5.3099377969264635e-14
0.005200000000000001,5985.490957205831,0.0,0.0,9.296199649617884,5.32201249785976e-14,5.32201249785976e-14
0.00525,5999.491319975279,0.0,0.0,9.318180916778982,5.3344044213155783e-14,5.3344044213155783e-14
0.0053,6013.886713597012,0.0,0.0,9.341649031200982,5.3473157050251517e-14,5.3473157050251517e-14
0.005350000000000001,6028.76040344141,0.0,0.0,9.365449804916116,5.36048691438426e-14,5.36048691438426e-14
0.0054,6044.021863164976,0.0,0.0,9.389832599611825,5.3740886763289157e-14,5.3740886763289157e-14
0.00545,6059.653231347756,0.0,0.0,9.415270473838378,5.388045996954061e-14,5.388045996954061e-14
0.0055000000000000005,6075.692650540005,0.0,0.0,9.440480835531602,5.402308573633877e-14,5.402308573633877e-14
0.00555,6092.019023778447,0.0,0.0,9.467227596110616,5.416830987408489e-14,5.416830987408489e-14
0.0056,6108.672167987883,0.0,0.0,9.493338046657371,5.431707619535834e-14,5.431707619535834e-14
0.0056500000000000005,6125.5676446096495,0.0,0.0,9.520982589436912,5.446734046078601e-14,5.446734046078601e-14
0.0057,6142.748810772521,0.0,0.0,9.54806491286339,5.462017991275527e-14,5.462017991275527e-14
0.00575,6160.109276680233,0.0,0.0,9.576262419556267,5.477505644885579e-14,5.477505644885579e-14
0.0058000000000000005,6177.696065779347,0.0,0.0,9.604302002275396,5.493131736010997e-14,5.493131736010997e-14
0.00585,6195.439312142325,0.0,0.0,9.632781068092736,5.508983030991204e-14,5.508983030991204e-14
0.0059,6213.361729580535,0.0,0.0,9.66161262880541,5.524905184561992e-14,5.524905184561992e-14
0.00595,6231.4030452729385,0.0,0.0,9.690256820697666,5.5410000357257807e-14,5.5410000357257807e-14
0.006,6249.496212605753,0.0,0.0,9.71959802445023,5.5571075128395536e-14,5.5571075128395536e-14
0.006050000000000001,6267.685159028705,0.0,0.0,9.748354582746387,5.573309418355994e-14,5.573309418355994e-14
0.0061,6285.883522112436,0.0,0.0,9.77786990144653,5.5895068337269066e-14,5.5895068337269066e-14
0.00615,6304.129528472011,0.0,0.0,9.806757634993017,5.6057707100236295e-14,5.6057707100236295e-14
0.006200000000000001,6322.341708305784,0.0,0.0,9.836157299461243,5.621952311920069e-14,5.621952311920069e-14
0.00625,6340.537794459554,0.0,0.0,9.865120949621193,5.638197783323497e-14,5.638197783323497e-14
0.0063,6358.6646833441655,0.0,0.0,9.894192690323672,5.654317507018635e-14,5.654317507018635e-14
0.006350000000000001,6376.710497925564,0.0,0.0,9.923073467896574,5.670384622072788e-14,5.670384622072788e-14
0.0064,6394.620265015729,0.0,0.0,9.951685795801735,5.686363788949434e-14,5.686363788949434e-14
0.00645,6412.4032060237205,0.0,0.0,9.980230984069024,5.702174860507341e-14,5.702174860507341e-14
0.006500000000000001,6430.029091101431,0.0,0.0,10.008298405434697,5.717863797233732e-14,5.717863797233732e-14
0.00655,6447.454478580825,0.0,0.0,10.036260205051361,5.733400607990653e-14,5.733400607990653e-14
0.0066,6464.69162196968,0.0,0.0,10.063722638031956,5.74873611627433e-14,5.74873611627433e-14
0.0066500000000000005,6481.69546505846,0.0,0.0,10.09090567561095,5.763883449949311e-14,5.763883449949311e-14
0.0067,6498.459294375752,0.0,0.0,10.117665134514425,5.778826817125978e-14,5.778826817125978e-14
0.00675,6514.945925639912,0.0,0.0,10.1439623723263,5.793471829115656e-14,5.793471829115656e-14
0.0068000000000000005,6531.130695305611,0.0,0.0,10.169830176114125,5.807918882904528e-14,5.807918882904528e-14
0.00685,6547.003652947536,0.0,0.0,10.195167663894246,5.822035689806564e-14,5.822035689806564e-14
0.006900000000000001,6562.551878311082,0.0,0.0,10.21991153508512,5.835878371761691e-14,5.835878371761691e-14
0.0069500000000000004,6577.7372945871575,0.0,0.0,10.244216379361756,5.849400773440749e-14,5.849400773440749e-14
0.007,6592.566804546062,0.0,0.0,10.267648820252855,5.862605552793153e-14,5.862605552793153e-14
0.007050000000000001,6606.994434097366,0.0,0.0,10.290814128385621,5.875435482466402e-14,5.875435482466402e-14
0.0071,6621.02660213761,0.0,0.0,10.312847441600393,5.88795496043807e-14,5.88795496043807e-14
0.00715,6634.6253201220525,0.0,0.0,10.334715999013145,5.900039897210316e-14,5.900039897210316e-14
0.007200000000000001,6647.801428525457,0.0,0.0,10.355373053161355,5.911771264839226e-14,5.911771264839226e-14
0.00725,6660.510255401264,0.0,0.0,10.375711553188049,5.92309280129819e-14,5.92309280129819e-14
0.0073,6672.762289922895,0.0,0.0,10.395050008127642,5.933998904623823e-14,5.933998904623823e-14
0.007350000000000001,6684.530631381462,0.0,0.0,10.41360024533375,5.944469699749283e-14,5.944469699749283e-14
0.0074,6695.791783091905,0.0,0.0,10.43161808709608,5.954489467780938e-14,5.954489467780938e-14
0.00745,6706.553872885961,0.0,0.0,10.448219016713592,5.964070887616596e-14,5.964070887616596e-14
0.007500000000000001,6716.776234759652,0.0,0.0,10.464795029813901,5.973162731994558e-14,5.973162731994558e-14
0.00755,6726.515009851921,0.0,0.0,10.479448849090442,5.981831294293639e-14,5.981831294293639e-14
0.0076,6735.681979886747,0.0,0.0,10.494371854238368,5.989983751738229e-14,5.989983751738229e-14
0.0076500000000000005,6744.333533512173,0.0,0.0,10.507258567260521,5.997677330589939e-14,5.997677330589939e-14
0.0077,6752.386923518733,0.0,0.0,10.520224544737586,6.004852895133143e-14,6.004852895133143e-14
0.00775,6759.901098107996,0.0,0.0,10.531554881026917,6.011536238244848e-14,6.011536238244848e-14
0.0078000000000000005,6766.8264242381865,0.0,0.0,10.542248047417083,6.017662884443418e-14,6.017662884443418e-14
0.007850000000000001,6773.149146521974,0.0,0.0,10.552166235658074,6.023300144309082e-14,6.023300144309082e-14
0.0079,6778.927478423613,0.0,0.0,10.560367332818615,6.02841300993115e-14,6.02841300993115e-14
0.00795,6784.0909344763995,0.0,0.0,10.568817033004285,6.033004340317545e-14,6.033004340317545e-14
0.008,6788.7233023602475,0.0,0.0,10.574601265291781,6.037116854610333e-14,6.037116854610333e-14
0.00805,6792.6745766106515,0.0,0.0,10.581335974234532,6.040634323012246e-14,6.040634323012246e-14
0.0081,6796.10664836153,0.0,0.0,10.5850030767557,6.043667193146389e-14,6.043667193146389e-14
0.008150000000000001,6798.847757046353,0.0,0.0,10.589635251177613,6.046108337967234e-14,6.046108337967234e-14
0.0082,6801.049809502573,0.0,0.0,10.591615746108303,6.047982099419396e-14,6.047982099419396e-14
0.00825,6802.556085393813,0.0,0.0,10.593743207556212,6.049366183156894e-14,6.049366183156894e-14
0.0083,6802.857072613209,0.0,0.0,10.601605746825147,6.050020831140506e-14,6.050020831140506e-14
0.00835,6802.838435837679,0.0,0.0,10.608933077079584,6.050378986589796e-14,6.050378986589796e-14
0.008400000000000001,6803.377902729435,0.0,0.0,10.609535913103574,6.050909490395707e-14,6.050909490395707e-14
0.008450000000000001,6804.046834550272,0.0,0.0,10.607248941799776,6.051375848919201e-14,6.051375848919201e-14
0.0085,6804.611520128468,0.0,0.0,10.60665979916824,6.051829517851236e-14,6.051829517851236e-14
0.00855,6805.201706445936,0.0,0.0,10.604657010009383,6.052297727316362e-14,6.052297727316362e-14
0.0086,6805.675556339833,0.0,0.0,10.604709943473067,6.052697808768175e-14,6.052697808768175e-14
0.00865,6806.168361256861,0.0,0.0,10.603454581043916,6.053114531202981e-14,6.053114531202981e-14
0.008700000000000001,6806.569258770703,0.0,0.0,10.603804388230841,6.053452166512075e-14,6.053452166512075e-14
0.00875,6806.939242207218,0.0,0.0,10.60348329897506,6.053758400837559e-14,6.053758400837559e-14
0.0088,6807.236309289202,0.0,0.0,10.603921770268174,6.054030647233668e-14,6.054030647233668e-14
0.00885,6807.510423559258,0.0,0.0,10.604517940108243,6.054259005277443e-14,6.054259005277443e-14
0.0089,6807.7668783320405,0.0,0.0,10.605000749612012,6.054486743003832e-14,6.054486743003832e-14
0.00895,6807.968256120614,0.0,0.0,10.606256706673062,6.054700911777423e-14,6.054700911777423e-14
0.009000000000000001,6808.174570282439,0.0,0.0,10.606894795703614,6.05489624374382e-14,6.05489624374382e-14
0.00905,6808.330243410743,0.0,0.0,10.608510016627754,6.055063491129879e-14,6.055063491129879e-14
0.0091,6808.479551074024,0.0,0.0,10.60944871278054,6.055216998158099e-14,6.055216998158099e-14
0.00915,6808.5740907215795,0.0,0.0,10.61117528714425,6.055325866229047e-14,6.055325866229047e-14
0.0092,6808.655953314085,0.0,0.0,10.612507554297663,6.055431150184934e-14,6.055431150184934e-14
0.009250000000000001,6808.722781181853,0.0,0.0,10.614211974411488,6.055511733353887e-14,6.055511733353887e-14
0.009300000000000001,6808.779790287213,0.0,0.0,10.615869437747621,6.055585160311816e-14,6.055585160311816e-14
0.00935,6808.825546822187,0.0,0.0,10.617492849676756,6.05565350373433e-14,6.05565350373433e-14
0.0094,6808.8540439794015,0.0,0.0,10.619286287968098,6.055702086794421e-14,6.055702086794421e-14
0.00945,6808.878989635675,0.0,0.0,10.620843591009114,6.055741476802216e-14,6.055741476802216e-14
0.0095,6808.888090908792,0.0,0.0,10.622561207909767,6.055763187382645e-14,6.055763187382645e-14
0.009550000000000001,6808.893443199386,0.0,0.0,10.624076907243998,6.055775892913959e-14,6.055775892913959e-14
0.009600000000000001,6808.893502128136,0.0,0.0,10.625583913223247,6.055778110444108e-14,6.055778110444108e-14
0.00965,6808.888765952244,0.0,0.0,10.627029229851681,6.055771656640323e-14,6.055771656640323e-14
0.0097,6808.8846089495,0.0,0.0,10.62828315875756,6.055758557913574e-14,6.055758557913574e-14
0.00975,6808.878949506937,0.0,0.0,10.629532181551584,6.055727034954964e-14,6.055727034954964e-14
0.0098,6808.87227878166,0.0,0.0,10.630535975164781,6.055691925240924e-14,6.055691925240924e-14
0.009850000000000001,6808.869144685388,0.0,0.0,10.631399823185417,6.055656564409545e-14,6.055656564409545e-14
0.0099,6808.869209204885,0.0,0.0,10.632156643470262,6.055606062287361e-14,6.055606062287361e-14
0.00995,6808.891653248112,0.0,0.0,10.63246873376024,6.055567253042352e-14,6.055567253042352e-14
0.01,6808.901935331164,0.0,0.0,10.632923956357592,6.055505133530755e-14,6.055505133530755e-14
0.01005,6808.932541003863,0.0,0.0,10.632633147168454,6.05544512769404e-14,6.05544512769404e-14
0.010100000000000001,6808.944620860518,0.0,0.0,10.632664156214172,6.055373259620136e-14,6.055373259620136e-14
0.010150000000000001,6808.990781211515,0.0,0.0,10.631834953217252,6.05529492813159e-14,6.05529492813159e-14
0.0102,6809.03128459645,0.0,0.0,10.631240856452708,6.055196768490235e-14,6.055196768490235e-14
0.01025,6809.088340934897,0.0,0.0,10.629964734725839,6.055125023831094e-14,6.055125023831094e-14
0.0103,6809.173164498567,0.0,0.0,10.628532964674479,6.055032939055909e-14,6.055032939055909e-14
0.01035,6809.26254504115,0.0,0.0,10.626851025501125,6.05495344299674e-14,6.05495344299674e-14
0.010400000000000001,6809.38277130317,0.0,0.0,10.624417475778577,6.05487913523235e-14,6.05487913523235e-14
0.010450000000000001,6809.483747654365,0.0,0.0,10.62227595478111,6.054755134124277e-14,6.054755134124277e-14
0.0105,6809.6351388694275,0.0,0.0,10.61883767619958,6.054664515336448e-14,6.054664515336448e-14
0.01055,6809.761088553997,0.0,0.0,10.616056428613803,6.054545443899266e-14,6.054545443899266e-14
0.0106,6809.939975108121,0.0,0.0,10.611758087871754,6.054432765289045e-14,6.054432765289045e-14
0.01065,6810.09872209364,0.0,0.0,10.608072393388158,6.054313906772528e-14,6.054313906772528e-14
0.010700000000000001,6810.3196810662885,0.0,0.0,10.603126280721058,6.054218769744873e-14,6.054218769744873e-14
0.010750000000000001,6810.555356750923,0.0,0.0,10.598257846220552,6.05410360441191e-14,6.05410360441191e-14
0.0108,6810.784681661893,0.0,0.0,10.592777933161347,6.05399794725241e-14,6.05399794725241e-14
0.01085,6811.043154071071,0.0,0.0,10.586558983626205,6.053861504767665e-14,6.053861504767665e-14
0.0109,6811.285873985681,0.0,0.0,10.580543634009056,6.053721038534202e-14,6.053721038534202e-14
0.01095,6811.603701983703,0.0,0.0,10.57297417918161,6.053590557568633e-14,6.053590557568633e-14
0.011000000000000001,6811.892422107183,0.0,0.0,10.5662339076274,6.053436384188587e-14,6.053436384188587e-14
0.01105,6812.252838089932,0.0,0.0,10.557504428323925,6.053342271757623e-14,6.053342271757623e-14
0.0111,6812.598798811604,0.0,0.0,10.549746345384518,6.053194676845175e-14,6.053194676845175e-14
0.01115,6813.010462298084,0.0,0.0,10.54015046072489,6.053063722666333e-14,6.053063722666333e-14
0.0112,6813.394220775336,0.0,0.0,10.531029131985786,6.052945879212433e-14,6.052945879212433e-14
0.011250000000000001,6813.806171291491,0.0,0.0,10.520828125729576,6.052790434062544e-14,6.052790434062544e-14
0.011300000000000001,6814.252699860358,0.0,0.0,10.510127384638292,6.052622615449655e-14,6.052622615449655e-14
0.01135,6814.677529105624,0.0,0.0,10.499375661808255,6.052467467441386e-14,6.052467467441386e-14
0.0114,6815.173379885228,0.0,0.0,10.487080155535644,6.052311837516783e-14,6.052311837516783e-14
0.01145,6815.635070969074,0.0,0.0,10.475643232152017,6.052165602560667e-14,6.052165602560667e-14
0.0115,6816.20052366317,0.0,0.0,10.461961467544095,6.052039712885881e-14,6.052039712885881e-14
0.011550000000000001,6816.721822787611,0.0,0.0,10.44952709260978,6.051845427270505e-14,6.051845427270505e-14
0.011600000000000001,6817.289717953277,0.0,0.0,10.434802335985657,6.051722706742721e-14,6.051722706742721e-14
0.01165,6817.830564766431,0.0,0.0,10.421024038460592,6.051535624499119e-14,6.051535624499119e-14
0.0117,6818.434137981055,0.0,0.0,10.40563091351812,6.051334314606096e-14,6.051334314606096e-14
0.01175,6819.047585369514,0.0,0.0,10.390200958818072,6.051195616107587e-14,6.051195616107587e-14
0.0118,6819.67091612584,0.0,0.0,10.374325175947458,6.05100779532995e-14,6.05100779532995e-14
0.011850000000000001,6820.357653795504,0.0,0.0,10.357178871440912,6.050844819361436e-14,6.050844819361436e-14
0.0119,6820.998103434967,0.0,0.0,10.340749562409075,6.050689481721783e-14,6.050689481721783e-14
0.01195,6821.726364019169,0.0,0.0,10.322084079871708,6.050517604112734e-14,6.050517604112734e-14
0.012,6822.380893365736,0.0,0.0,10.304826844541354,6.050297745797799e-14,6.050297745797799e-14
0.01205,6823.1174973651,0.0,0.0,10.285033613578221,6.050150668624685e-14,6.050150668624685e-14
0.012100000000000001,6823.820650227103,0.0,0.0,10.266587089476086,6.049904470181798e-14,6.049904470181798e-14
0.012150000000000001,6824.56946256801,0.0,0.0,10.246088566777741,6.049724123208649e-14,6.049724123208649e-14
0.0122,6825.31401420712,0.0,0.0,10.226118804995895,6.049539838959894e-14,6.049539838959894e-14
0.01225,6826.097066312323,0.0,0.0,10.205242511167079,6.049348317978386e-14,6.049348317978386e-14
0.0123,6826.919854850607,0.0,0.0,10.183590649370753,6.04917730977278e-14,6.04917730977278e-14
0.01235,6827.697416042404,0.0,0.0,10.162377160651658,6.048946819704913e-14,6.048946819704913e-14
0.012400000000000001,6828.532607737071,0.0,0.0,10.139190306915369,6.048759456057057e-14,6.048759456057057e-14
0.012450000000000001,6829.304535737274,0.0,0.0,10.11744920266211,6.04854141887337e-14,6.04854141887337e-14
0.0125,6830.190494656913,0.0,0.0,10.093126477222073,6.048331952214086e-14,6.048331952214086e-14
0.01255,6831.006994001739,0.0,0.0,10.070476270074314,6.048089574765399e-14,6.048089574765399e-14
0.0126,6831.884840321827,0.0,0.0,10.045499878497786,6.04792996370132e-14,6.04792996370132e-14
0.01265,6832.744744979979,0.0,0.0,10.021602006632977,6.04769043830285e-14,6.04769043830285e-14
0.012700000000000001,6833.620756748319,0.0,0.0,9.996370061185111,6.047498929844908e-14,6.047498929844908e-14
0.012750000000000001,6834.499477563905,0.0,0.0,9.971008093335303,6.047259738736464e-14,6.047259738736464e-14
0.0128,6835.353395065887,0.0,0.0,9.945715163880836,6.047018031731229e-14,6.047018031731229e-14
0.01285,6836.264094772644,0.0,0.0,9.918951933216599,6.046813662225454e-14,6.046813662225454e-14
0.0129,6837.12358522104,0.0,0.0,9.893496413478289,6.04654935347688e-14,6.04654935347688e-14
0.012950000000000001,6838.057447644824,0.0,0.0,9.86566813731019,6.046342954182583e-14,6.046342954182583e-14
0.013000000000000001,6838.920668274175,0.0,0.0,9.839737325801458,6.046116292203471e-14,6.046116292203471e-14
0.01305,6839.885476604734,0.0,0.0,9.811373385772875,6.045886326759185e-14,6.045886326759185e-14
0.0131,6840.784942351004,0.0,0.0,9.784574343251114,6.045664364620907e-14,6.045664364620907e-14
0.01315,6841.697288294053,0.0,0.0,9.756144958253897,6.04545406754838e-14,6.04545406754838e-14
0.0132,6842.601527373488,0.0,0.0,9.72824963559955,6.045147855794455e-14,6.045147855794455e-14
0.013250000000000001,6843.492263779117,0.0,0.0,9.700046552403524,6.044933478544214e-14,6.044933478544214e-14
0.013300000000000001,6844.4292684624415,0.0,0.0,9.67103086678655,6.044713274403251e-14,6.044713274403251e-14
0.01335,6845.314349885691,0.0,0.0,9.643067746199375,6.04443672073988e-14,6.04443672073988e-14
0.0134,6846.247172523334,0.0,0.0,9.613184823792809,6.044232057297923e-14,6.044232057297923e-14
0.01345,6847.112425127128,0.0,0.0,9.585244771709482,6.043970345634536e-14,6.043970345634536e-14
0.0135,6848.047420926638,0.0,0.0,9.55498502314062,6.04372654957076e-14,6.04372654957076e-14
0.013550000000000001,6848.898432772882,0.0,0.0,9.526694589734483,6.043497180729787e-14,6.043497180729787e-14
0.013600000000000001,6849.805744297051,0.0,0.0,9.496603576323187,6.043230032384362e-14,6.043230032384362e-14
0.01365,6850.6810361515045,0.0,0.0,9.467669364319615,6.042965453200961e-14,6.042965453200961e-14
0.0137,6851.551851961626,0.0,0.0,9.438111208929769,6.042739628095986e-14,6.042739628095986e-14
0.01375,6852.441980581132,0.0,0.0,9.408451203873732,6.042493639388311e-14,6.042493639388311e-14
0.013800000000000002,6853.285258221499,0.0,0.0,9.379546962119305,6.042256278500032e-14,6.042256278500032e-14
0.013850000000000001,6854.181141843443,0.0,0.0,9.34933862744396,6.042030973251782e-14,6.042030973251782e-14
0.013900000000000001,6854.997401169001,0.0,0.0,9.320948966440044,6.04173341287123e-14,6.04173341287123e-14
0.01395,6855.845346220417,0.0,0.0,9.29059751434475,6.041529491459624e-14,6.041529491459624e-14
0.014,6856.624111937218,0.0,0.0,9.262438131962249,6.041265651755996e-14,6.041265651755996e-14
0.01405,6857.463649506793,0.0,0.0,9.232480242530157,6.041003541185305e-14,6.041003541185305e-14
0.014100000000000001,6858.244771596477,0.0,0.0,9.204210916274503,6.040760421919483e-14,6.040760421919483e-14
0.014150000000000001,6859.03853884053,0.0,0.0,9.17508719722968,6.040528810542358e-14,6.040528810542358e-14
0.0142,6859.816702238901,0.0,0.0,9.146554986890395,6.040298815818229e-14,6.040298815818229e-14
0.01425,6860.560283737957,0.0,0.0,9.118474662522347,6.040041889099521e-14,6.040041889099521e-14
0.0143,6861.333053198072,0.0,0.0,9.089770641662831,6.039802222201437e-14,6.039802222201437e-14
0.01435,6862.032735226258,0.0,0.0,9.062679762844938,6.0395555146401e-14,6.0395555146401e-14
0.014400000000000001,6862.786286953535,0.0,0.0,9.034138352427114,6.039337095984205e-14,6.039337095984205e-14
0.014450000000000001,6863.466150706618,0.0,0.0,9.007796620247934,6.039064106213491e-14,6.039064106213491e-14
0.0145,6864.1749823681785,0.0,0.0,8.97987387913591,6.038877879214078e-14,6.038877879214078e-14
0.01455,6864.830489939302,0.0,0.0,8.953990838805964,6.03861146174113e-14,6.03861146174113e-14
0.0146,6865.508004764781,0.0,0.0,8.927142194472935,6.038401936374435e-14,6.038401936374435e-14
0.014650000000000002,6866.1414038050825,0.0,0.0,8.901484759948795,6.038189349483463e-14,6.038189349483463e-14
0.014700000000000001,6866.751430803267,0.0,0.0,8.875994220726852,6.037934103566116e-14,6.037934103566116e-14
0.014750000000000001,6867.35693174964,0.0,0.0,8.85055899173331,6.037709922361025e-14,6.037709922361025e-14
0.0148,6867.914024694284,0.0,0.0,8.826457649423064,6.037496541221378e-14,6.037496541221378e-14
0.01485,6868.518789860326,0.0,0.0,8.801479161578166,6.037273938224897e-14,6.037273938224897e-14
0.0149,6869.043147601457,0.0,0.0,8.778566181036208,6.037055727968462e-14,6.037055727968462e-14
0.014950000000000001,6869.601704335163,0.0,0.0,8.754429456657167,6.036868536833357e-14,6.036868536833357e-14
0.015000000000000001,6870.101358576812,0.0,0.0,8.732444417089827,6.03662539524743e-14,6.03662539524743e-14
0.015050000000000001,6870.61291469562,0.0,0.0,8.709548922515138,6.036461465707322e-14,6.036461465707322e-14
0.0151,6871.084497474821,0.0,0.0,8.688250764484385,6.036230658132875e-14,6.036230658132875e-14
0.01515,6871.547795310619,0.0,0.0,8.66689810547944,6.03602901335441e-14,6.03602901335441e-14
0.0152,6871.993819917527,0.0,0.0,8.646186206466346,6.035854316167348e-14,6.035854316167348e-14
0.015250000000000001,6872.4070038103455,0.0,0.0,8.62646854338307,6.03564742172659e-14,6.03564742172659e-14
0.015300000000000001,6872.827620523977,0.0,0.0,8.606451136746605,6.035457302853196e-14,6.035457302853196e-14
0.01535,6873.185310452705,0.0,0.0,8.588239898238252,6.03529397125867e-14,6.03529397125867e-14
0.0154,6873.582534042904,0.0,0.0,8.569212783638607,6.035102775694318e-14,6.035102775694318e-14
0.01545,6873.908271399769,0.0,0.0,8.552247083800216,6.034914174081842e-14,6.034914174081842e-14
0.0155,6874.245105089344,0.0,0.0,8.534539402826734,6.034759402998618e-14,6.034759402998618e-14
0.015550000000000001,6874.542943223942,0.0,0.0,8.518587496504642,6.034568438985016e-14,6.034568438985016e-14
0.015600000000000001,6874.844421799991,0.0,0.0,8.502464430426176,6.034413878171367e-14,6.034413878171367e-14
0.01565,6875.129577652244,0.0,0.0,8.487365601339565,6.034259186015951e-14,6.034259186015951e-14
0.015700000000000002,6875.386623533689,0.0,0.0,8.47293061225226,6.034101027953682e-14,6.034101027953682e-14
0.01575,6875.638898930014,0.0,0.0,8.458690030129306,6.033957992159711e-14,6.033957992159711e-14
0.0158,6875.850845146642,0.0,0.0,8.445871944624951,6.033800125074071e-14,6.033800125074071e-14
0.01585,6876.077531971448,0.0,0.0,8.432649925637104,6.033668935366792e-14,6.033668935366792e-14
0.0159,6876.249063485271,0.0,0.0,8.421228729033153,6.033528278177562e-14,6.033528278177562e-14
0.015950000000000002,6876.442974333887,0.0,0.0,8.409272869254481,6.033384180163504e-14,6.033384180163504e-14
0.016,6876.587583624582,0.0,0.0,8.398995396347997,6.033258039721512e-14,6.033258039721512e-14
0.016050000000000002,6876.737281250337,0.0,0.0,8.388513171611958,6.033140203772711e-14,6.033140203772711e-14
0.0161,6876.86523897886,0.0,0.0,8.379197252899637,6.033014418070425e-14,6.033014418070425e-14
0.01615,6876.977404578448,0.0,0.0,8.370273022811972,6.032900128100345e-14,6.032900128100345e-14
0.0162,6877.08740355055,0.0,0.0,8.361847832926593,6.032788316916018e-14,6.032788316916018e-14
0.01625,6877.165199847884,0.0,0.0,8.354422417875405,6.032671722595642e-14,6.032671722595642e-14
0.016300000000000002,6877.247894306106,0.0,0.0,8.346936582208821,6.032588111503769e-14,6.032588111503769e-14
0.01635,6877.299727379986,0.0,0.0,8.340838142315224,6.032468707127604e-14,6.032468707127604e-14
0.0164,6877.367271186582,0.0,0.0,8.334422741667415,6.032388584041799e-14,6.032388584041799e-14
0.01645,6877.39718812489,0.0,0.0,8.329412191703868,6.032298294658405e-14,6.032298294658405e-14
0.0165,6877.436796347879,0.0,0.0,8.324203767125793,6.032212145214029e-14,6.032212145214029e-14
0.016550000000000002,6877.447250276476,0.0,0.0,8.320076728056682,6.032136980263295e-14,6.032136980263295e-14
0.0166,6877.455379628798,0.0,0.0,8.31613041642801,6.032058439169613e-14,6.032058439169613e-14
0.01665,6877.458099106173,0.0,0.0,8.312769676353069,6.031973034736057e-14,6.031973034736057e-14
0.0167,6877.440471266881,0.0,0.0,8.310018471561074,6.031915622027149e-14,6.031915622027149e-14
0.01675,6877.430561619309,0.0,0.0,8.307398792970705,6.031856431064566e-14,6.031856431064566e-14
0.016800000000000002,6877.398721672676,0.0,0.0,8.305689740822508,6.031776315894697e-14,6.031776315894697e-14
0.01685,6877.373849289023,0.0,0.0,8.303841920411047,6.031736673877808e-14,6.031736673877808e-14
0.016900000000000002,6877.330380372109,0.0,0.0,8.302977139045549,6.031675982479417e-14,6.031675982479417e-14
0.01695,6877.298209328513,0.0,0.0,8.301952756985656,6.031632630604108e-14,6.031632630604108e-14
0.017,6877.246897226474,0.0,0.0,8.301733349724993,6.031584864192283e-14,6.031584864192283e-14
0.01705,6877.1997648314,0.0,0.0,8.301540274849055,6.031541815278346e-14,6.031541815278346e-14
0.0171,6877.145672523309,0.0,0.0,8.301827946663778,6.031501220834174e-14,6.031501220834174e-14
0.017150000000000002,6877.089440785974,0.0,0.0,8.302393546503488,6.031472898830967e-14,6.031472898830967e-14
0.0172,6877.038156562377,0.0,0.0,8.303113032418054,6.031436985754052e-14,6.031436985754052e-14
0.01725,6876.974970237749,0.0,0.0,8.304292945094844,6.031408557129548e-14,6.031408557129548e-14
0.0173,6876.920493468876,0.0,0.0,8.305416096108669,6.031383824270193e-14,6.031383824270193e-14
0.01735,6876.857863923335,0.0,0.0,8.307041116695022,6.031356501637144e-14,6.031356501637144e-14
0.017400000000000002,6876.803868119175,0.0,0.0,8.30854649814116,6.0313414051607e-14,6.0313414051607e-14
0.01745,6876.745969411434,0.0,0.0,8.31045364134577,6.031319070677373e-14,6.031319070677373e-14
0.0175,6876.6958195597845,0.0,0.0,8.312296303007047,6.031303825004907e-14,6.031303825004907e-14
0.01755,6876.645617405028,0.0,0.0,8.314355531279876,6.031291157699914e-14,6.031291157699914e-14
0.0176,6876.600986457727,0.0,0.0,8.316444224219392,6.031281378209559e-14,6.031281378209559e-14
0.017650000000000002,6876.561404143571,0.0,0.0,8.318566087353837,6.03127193570901e-14,6.03127193570901e-14
0.0177,6876.52552566433,0.0,0.0,8.320768420145177,6.031264691132346e-14,6.031264691132346e-14
0.017750000000000002,6876.498364573394,0.0,0.0,8.322889038435743,6.031259085492649e-14,6.031259085492649e-14
0.0178,6876.474913159341,0.0,0.0,8.325060225533932,6.031255956535384e-14,6.031255956535384e-14
0.01785,6876.460689809604,0.0,0.0,8.327115648002108,6.031253101633084e-14,6.031253101633084e-14
0.0179,6876.45344921656,0.0,0.0,8.329129494975318,6.031251768526079e-14,6.031251768526079e-14
0.01795,6876.455297912814,0.0,0.0,8.331033878110905,6.031251722624926e-14,6.031251722624926e-14
0.018000000000000002,6876.466440381557,0.0,0.0,8.33279383019013,6.031252796137475e-14,6.031252796137475e-14
0.01805,6876.487441155566,0.0,0.0,8.334432833393238,6.031254251184487e-14,6.031254251184487e-14
0.0181,6876.519288856223,0.0,0.0,8.3358665915787,6.031255675045311e-14,6.031255675045311e-14
0.01815,6876.562243178928,0.0,0.0,8.33710842960016,6.031260664801465e-14,6.031260664801465e-14
0.0182,6876.615392837606,0.0,0.0,8.33815021566599,6.031261898475148e-14,6.031261898475148e-14
0.018250000000000002,6876.683577789848,0.0,0.0,8.33887327011929,6.031264565171655e-14,6.031264565171655e-14
0.0183,6876.759807185416,0.0,0.0,8.339439043987545,6.031268960029811e-14,6.031268960029811e-14
0.01835,6876.854895375456,0.0,0.0,8.339555174237548,6.031271139061832e-14,6.031271139061832e-14
0.0184,6876.9582863628975,0.0,0.0,8.33953526882669,6.031272226848005e-14,6.031272226848005e-14
0.01845,6877.0800300230685,0.0,0.0,8.338988821682962,6.031276557322312e-14,6.031276557322312e-14
0.018500000000000003,6877.213837408842,0.0,0.0,8.33825313158329,6.031274492675788e-14,6.031274492675788e-14
0.01855,6877.364098310699,0.0,0.0,8.33700810323785,6.031277337269862e-14,6.031277337269862e-14
0.018600000000000002,6877.531275690715,0.0,0.0,8.335421542633636,6.031279693951596e-14,6.031279693951596e-14
0.01865,6877.712800188937,0.0,0.0,8.33343711747713,6.031270598764662e-14,6.031270598764662e-14
0.0187,6877.9133877630375,0.0,0.0,8.330888095697226,6.03127605784261e-14,6.03127605784261e-14
0.01875,6878.123622111208,0.0,0.0,8.328092097613162,6.031266779468496e-14,6.031266779468496e-14
0.0188,6878.36111651571,0.0,0.0,8.324523369644428,6.031261007236698e-14,6.031261007236698e-14
0.018850000000000002,6878.604219460636,0.0,0.0,8.320798274092937,6.031252685064203e-14,6.031252685064203e-14
0.0189,6878.8764198332,0.0,0.0,8.31620074651467,6.031247285983319e-14,6.031247285983319e-14
0.01895,6879.156814601532,0.0,0.0,8.311405460071585,6.03122803743926e-14,6.03122803743926e-14
0.019,6879.45909954397,0.0,0.0,8.305788798293058,6.031221124820279e-14,6.031221124820279e-14
0.01905,6879.778661597089,0.0,0.0,8.299787675074526,6.031199391823405e-14,6.031199391823405e-14
0.019100000000000002,6880.114794311261,0.0,0.0,8.293151378976859,6.031180657270517e-14,6.031180657270517e-14
0.01915,6880.475539977807,0.0,0.0,8.285839479113665,6.03116217890108e-14,6.03116217890108e-14
0.019200000000000002,6880.847359174063,0.0,0.0,8.278142671566693,6.031133500077262e-14,6.031133500077262e-14
0.01925,6881.247478215759,0.0,0.0,8.269477734968854,6.031112173370538e-14,6.031112173370538e-14
0.0193,6881.654155872441,0.0,0.0,8.260623966686664,6.031073072784124e-14,6.031073072784124e-14
0.019350000000000003,6882.0951514577355,0.0,0.0,8.250632535112423,6.031050449880198e-14,6.031050449880198e-14
0.0194,6882.541076242809,0.0,0.0,8.240480744270014,6.031011404476277e-14,6.031011404476277e-14
0.019450000000000002,6883.017934489349,0.0,0.0,8.229225654190259,6.030970523035063e-14,6.030970523035063e-14
0.0195,6883.502189283316,0.0,0.0,8.217631668290302,6.030922270818373e-14,6.030922270818373e-14
0.01955,6884.0064886360005,0.0,0.0,8.2051664617118,6.03088649316274e-14,6.03088649316274e-14
0.0196,6884.53679261645,0.0,0.0,8.19203354380603,6.030825623564937e-14,6.030825623564937e-14
0.01965,6885.075290688734,0.0,0.0,8.178355529349322,6.030778549181885e-14,6.030778549181885e-14
0.019700000000000002,6885.643279428202,0.0,0.0,8.163651940089215,6.030717132680784e-14,6.030717132680784e-14
0.01975,6886.215575222788,0.0,0.0,8.148703332114769,6.030651092939046e-14,6.030651092939046e-14
0.0198,6886.820260218208,0.0,0.0,8.13247429536008,6.030597422321564e-14,6.030597422321564e-14
0.01985,6887.428945264326,0.0,0.0,8.11613704089506,6.030518913695023e-14,6.030518913695023e-14
0.0199,6888.071024711876,0.0,0.0,8.0984874328966,6.030443270636079e-14,6.030443270636079e-14
0.019950000000000002,6888.716353140329,0.0,0.0,8.08061807178088,6.030373370618996e-14,6.030373370618996e-14
0.02,6889.389450907513,0.0,0.0,8.061660974637466,6.030285942701345e-14,6.030285942701345e-14
0.020050000000000002,6890.074333097266,0.0,0.0,8.04215199247807,6.030202145105965e-14,6.030202145105965e-14
0.0201,6890.769093431406,0.0,0.0,8.021944852879578,6.030120474682852e-14,6.030120474682852e-14
0.02015,6891.495272191333,0.0,0.0,8.000776353058267,6.030010009502533e-14,6.030010009502533e-14
0.020200000000000003,6892.21811170271,0.0,0.0,7.979296346271927,6.02991968189175e-14,6.02991968189175e-14
0.02025,6892.9711596706775,0.0,0.0,7.956527823867504,6.029826934245952e-14,6.029826934245952e-14
0.020300000000000002,6893.721840714508,0.0,0.0,7.933696670499908,6.029702181338527e-14,6.029702181338527e-14
0.02035,6894.501522477992,0.0,0.0,7.9094573004085005,6.029593848304561e-14,6.029593848304561e-14
0.0204,6895.282775313625,0.0,0.0,7.8851524957286605,6.029484699956665e-14,6.029484699956665e-14
0.02045,6896.091557095967,0.0,0.0,7.859603595658119,6.02935603398667e-14,6.02935603398667e-14
0.0205,6896.901691567822,0.0,0.0,7.833710635116428,6.02924222161538e-14,6.02924222161538e-14
0.020550000000000002,6897.726048914219,0.0,0.0,7.806978108466041,6.029102613076839e-14,6.029102613076839e-14
0.0206,6898.569058261264,0.0,0.0,7.77946822330417,6.02897311274703e-14,6.02897311274703e-14
0.02065,6899.410463011497,0.0,0.0,7.751587793240559,6.028836935610648e-14,6.028836935610648e-14
0.0207,6900.281719524975,0.0,0.0,7.722529957095635,6.028701760492537e-14,6.028701760492537e-14
0.02075,6901.139675594221,0.0,0.0,7.693456490208963,6.028546280079497e-14,6.028546280079497e-14
0.020800000000000003,6902.025909748013,0.0,0.0,7.663003639960771,6.028404998885491e-14,6.028404998885491e-14
0.02085,6902.903561432106,0.0,0.0,7.632644837609388,6.028241873486255e-14,6.028241873486255e-14
0.020900000000000002,6903.801330679937,0.0,0.0,7.600989007317612,6.028097488087956e-14,6.028097488087956e-14
0.02095,6904.698057211029,0.0,0.0,7.5692487554559795,6.027930373941417e-14,6.027930373941417e-14
0.021,6905.606388727466,0.0,0.0,7.536569585115197,6.027756652681649e-14,6.027756652681649e-14
0.021050000000000003,6906.517211654471,0.0,0.0,7.5034021078990305,6.027596698060833e-14,6.027596698060833e-14
0.0211,6907.428903773301,0.0,0.0,7.469811183684036,6.027415557095339e-14,6.027415557095339e-14
0.021150000000000002,6908.359596414416,0.0,0.0,7.435278261910108,6.02725130328381e-14,6.02725130328381e-14
0.0212,6909.276852083415,0.0,0.0,7.400781188741915,6.027057923448111e-14,6.027057923448111e-14
0.02125,6910.219773365892,0.0,0.0,7.3650476609113005,6.026882016452395e-14,6.026882016452395e-14
0.0213,6911.140683066429,0.0,0.0,7.329579537497367,6.026694318862784e-14,6.026694318862784e-14
0.02135,6912.082550716624,0.0,0.0,7.292871288592725,6.026515523710467e-14,6.026515523710467e-14
0.021400000000000002,6913.012831823657,0.0,0.0,7.256354830513008,6.026301237512425e-14,6.026301237512425e-14
0.02145,6913.949048241022,0.0,0.0,7.218889809810268,6.02612967488111e-14,6.02612967488111e-14
0.021500000000000002,6914.884926052575,0.0,0.0,7.1812883288635785,6.025916256910308e-14,6.025916256910308e-14
0.02155,6915.815379723002,0.0,0.0,7.143233186431622,6.025715830816687e-14,6.025715830816687e-14
0.0216,6916.746460259695,0.0,0.0,7.104587950234496,6.025524216209921e-14,6.025524216209921e-14
0.021650000000000003,6917.667036299477,0.0,0.0,7.066026532733735,6.025303332753779e-14,6.025303332753779e-14
0.0217,6918.602496111359,0.0,0.0,7.026493702609836,6.025096881741187e-14,6.025096881741187e-14
0.021750000000000002,6919.511793775936,0.0,0.0,6.987399510207071,6.024895469217081e-14,6.024895469217081e-14
0.0218,6920.439243561575,0.0,0.0,6.947226801339102,6.024676048058353e-14,6.024676048058353e-14
0.02185,6921.340867701103,0.0,0.0,6.907538466942237,6.024454665356541e-14,6.024454665356541e-14
0.0219,6922.2507150983265,0.0,0.0,6.866984187070059,6.024256066869569e-14,6.024256066869569e-14
0.02195,6923.151907852682,0.0,0.0,6.826672570455868,6.024020975232214e-14,6.024020975232214e-14
0.022000000000000002,6924.043548464984,0.0,0.0,6.785944913009177,6.023817118111729e-14,6.023817118111729e-14
0.02205,6924.9308699766625,0.0,0.0,6.745047461339421,6.023591226361723e-14,6.023591226361723e-14
0.0221,6925.800819672076,0.0,0.0,6.704285838054256,6.023367137807453e-14,6.023367137807453e-14
0.02215,6926.672146163327,0.0,0.0,6.662939350906689,6.023151121697373e-14,6.023151121697373e-14
0.0222,6927.520531443926,0.0,0.0,6.62218299351908,6.022927128902366e-14,6.022927128902366e-14
0.022250000000000002,6928.375415692482,0.0,0.0,6.580623955987483,6.022694119770327e-14,6.022694119770327e-14
0.0223,6929.198816937004,0.0,0.0,6.539838403122247,6.02248152199937e-14,6.02248152199937e-14
0.022350000000000002,6930.029521442148,0.0,0.0,6.498354840025976,6.02225010105023e-14,6.02225010105023e-14
0.0224,6930.8351247928495,0.0,0.0,6.457506390046942,6.022025148361834e-14,6.022025148361834e-14
0.02245,6931.633788363939,0.0,0.0,6.416350337704286,6.021802680375983e-14,6.021802680375983e-14
0.022500000000000003,6932.42358206324,0.0,0.0,6.375473747246888,6.021578021696882e-14,6.021578021696882e-14
0.02255,6933.19284646599,0.0,0.0,6.334819140386537,6.021353312420049e-14,6.021353312420049e-14
0.022600000000000002,6933.957381029952,0.0,0.0,6.294032956083331,6.021133948362496e-14,6.021133948362496e-14
0.02265,6934.694276646401,0.0,0.0,6.253968692923917,6.02090690701349e-14,6.02090690701349e-14
0.0227,6935.431311943829,0.0,0.0,6.21348844466918,6.020689439433635e-14,6.020689439433635e-14
0.02275,6936.140204984744,0.0,0.0,6.17402153998715,6.020464830825273e-14,6.020464830825273e-14
0.0228,6936.8459105580105,0.0,0.0,6.134119710739338,6.020251082460666e-14,6.020251082460666e-14
0.022850000000000002,6937.520254945855,0.0,0.0,6.095225254205168,6.020033253009428e-14,6.020033253009428e-14
0.0229,6938.1894286201095,0.0,0.0,6.056182680272883,6.019802239298367e-14,6.019802239298367e-14
0.02295,6938.835372916143,0.0,0.0,6.017868052278148,6.019602481227557e-14,6.019602481227557e-14
0.023,6939.465357164114,0.0,0.0,5.979894205603092,6.019382922700426e-14,6.019382922700426e-14
0.02305,6940.086287636701,0.0,0.0,5.942254605918376,6.019170128224316e-14,6.019170128224316e-14
0.023100000000000002,6940.675497910563,0.0,0.0,5.905456381605382,6.018958346570051e-14,6.018958346570051e-14
0.02315,6941.26166024078,0.0,0.0,5.8686778522999585,6.018759345757983e-14,6.018759345757983e-14
0.023200000000000002,6941.818350410051,0.0,0.0,5.833090563498967,6.018541543654996e-14,6.018541543654996e-14
0.02325,6942.368869910546,0.0,0.0,5.797408961124003,6.018359513587392e-14,6.018359513587392e-14
0.0233,6942.891237757979,0.0,0.0,5.7630190756082,6.018141608346413e-14,6.018141608346413e-14
0.023350000000000003,6943.403805302035,0.0,0.0,5.728692530271167,6.01795044006593e-14,6.01795044006593e-14
0.0234,6943.888593367547,0.0,0.0,5.695484318069755,6.017762230911391e-14,6.017762230911391e-14
0.023450000000000002,6944.361019964388,0.0,0.0,5.662732570206701,6.01756510127427e-14,6.01756510127427e-14
0.0235,6944.814407826624,0.0,0.0,5.630748789948082,6.017378804135018e-14,6.017378804135018e-14
0.02355,6945.24338347293,0.0,0.0,5.599692153510758,6.017194245959835e-14,6.017194245959835e-14
0.0236,6945.664502023892,0.0,0.0,5.569064104296906,6.017008902865181e-14,6.017008902865181e-14
0.02365,6946.052166802758,0.0,0.0,5.539729254624917,6.01683276309408e-14,6.01683276309408e-14
0.023700000000000002,6946.434990444809,0.0,0.0,5.5106463142232895,6.01666694291184e-14,6.01666694291184e-14
0.02375,6946.790712193076,0.0,0.0,5.483011511777631,6.016475337695106e-14,6.016475337695106e-14
0.0238,6947.135839515883,0.0,0.0,5.455670510879114,6.016325526276023e-14,6.016325526276023e-14
0.02385,6947.456958891993,0.0,0.0,5.4296956796673665,6.01615639058501e-14,6.01615639058501e-14
0.0239,6947.76530624736,0.0,0.0,5.404274470198127,6.015998918901168e-14,6.015998918901168e-14
0.023950000000000003,6948.052077324781,0.0,0.0,5.379941487570982,6.015839099093225e-14,6.015839099093225e-14
0.024,6948.32182169315,0.0,0.0,5.356544854944604,6.015692075488555e-14,6.015692075488555e-14
0.024050000000000002,6948.579171452585,0.0,0.0,5.333901740325022,6.015540185093821e-14,6.015540185093821e-14
0.0241,6948.8108408894195,0.0,0.0,5.312535226425637,6.015402295795181e-14,6.015402295795181e-14
0.02415,6949.0345705633235,0.0,0.0,5.291687287525107,6.01525798111606e-14,6.01525798111606e-14
0.024200000000000003,6949.230698102709,0.0,0.0,5.27229263612272,6.015122427498277e-14,6.015122427498277e-14
0.02425,6949.421407912756,0.0,0.0,5.253365763173553,6.014991723902343e-14,6.014991723902343e-14
0.024300000000000002,6949.589528822515,0.0,0.0,5.235855440889272,6.014864782160845e-14,6.014864782160845e-14
0.02435,6949.7457995446475,0.0,0.0,5.218946897237868,6.0147453307151e-14,6.0147453307151e-14
0.0244,6949.885267254482,0.0,0.0,5.20324729264757,6.014620015099486e-14,6.014620015099486e-14
0.02445,6950.010569010605,0.0,0.0,5.188401084143752,6.014508983079426e-14,6.014508983079426e-14
0.0245,6950.123456818535,0.0,0.0,5.174470282012136,6.014401057242671e-14,6.014401057242671e-14
0.024550000000000002,6950.220547040456,0.0,0.0,5.161655985449345,6.01429414360445e-14,6.01429414360445e-14
0.0246,6950.309062340913,0.0,0.0,5.149495432852303,6.014191990338999e-14,6.014191990338999e-14
0.024650000000000002,6950.377692496621,0.0,0.0,5.138610809053206,6.014096948105867e-14,6.014096948105867e-14
0.0247,6950.441925015155,0.0,0.0,5.128251079873836,6.014000235781107e-14,6.014000235781107e-14
0.02475,6950.486519970974,0.0,0.0,5.119156014243945,6.013918414440631e-14,6.013918414440631e-14
0.024800000000000003,6950.526163855744,0.0,0.0,5.1106125851749935,6.013827996234705e-14,6.013827996234705e-14
0.02485,6950.551866669103,0.0,0.0,5.103170344901479,6.01374848613757e-14,6.01374848613757e-14
0.024900000000000002,6950.567641485519,0.0,0.0,5.096410079463592,6.013674114488217e-14,6.013674114488217e-14
0.02495,6950.5754040917345,0.0,0.0,5.090509428740048,6.013601231274013e-14,6.013601231274013e-14
0.025,6950.572015062937,0.0,0.0,5.08544475046567,6.013529384720577e-14,6.013529384720577e-14
0.025050000000000003,6950.563364736804,0.0,0.0,5.0809997367619495,6.013472114824977e-14,6.013472114824977e-14
0.0251,6950.471860196261,0.0,0.0,5.081056590937276,6.01338014952167e-14,6.01338014952167e-14
0.025150000000000002,6950.380123553646,0.0,0.0,5.081408737476216,6.013310621519975e-14,6.013310621519975e-14
0.0252,6950.301994488813,0.0,0.0,5.081594837102259,6.013252143160653e-14,6.013252143160653e-14
0.02525,6950.226788800572,0.0,0.0,5.082035885273087,6.013186458647062e-14,6.013186458647062e-14
0.0253,6950.168860595471,0.0,0.0,5.082127565013232,6.013138907644188e-14,6.013138907644188e-14
0.02535,6950.111000320678,0.0,0.0,5.082560333202319,6.013093684013434e-14,6.013093684013434e-14
0.025400000000000002,6950.0691645159495,0.0,0.0,5.082623815051207,6.013056143514798e-14,6.013056143514798e-14
0.02545,6950.028883065551,0.0,0.0,5.082981551334447,6.013026072513044e-14,6.013026072513044e-14
0.025500000000000002,6950.002693426296,0.0,0.0,5.083081256553166,6.013007387911917e-14,6.013007387911917e-14
0.02555,6949.979677435814,0.0,0.0,5.083317394257906,6.012987168600395e-14,6.012987168600395e-14
0.0256,6949.961039264369,0.0,0.0,5.083479500463521,6.012977668920377e-14,6.012977668920377e-14
0.025650000000000003,6949.947803897591,0.0,0.0,5.083592148182169,6.012963543438794e-14,6.012963543438794e-14
0.0257,6949.936319745687,0.0,0.0,5.0838076794045834,6.012955787188973e-14,6.012955787188973e-14
0.025750000000000002,6949.929739937708,0.0,0.0,5.083824589912353,6.012950538339902e-14,6.012950538339902e-14
0.0258,6949.924545325706,0.0,0.0,5.084056477836295,6.012947205836383e-14,6.012947205836383e-14
0.02585,6949.924829118423,0.0,0.0,5.084030846662482,6.012947462269528e-14,6.012947462269528e-14
0.025900000000000003,6949.925789974246,0.0,0.0,5.084226418611493,6.012949882815346e-14,6.012949882815346e-14
0.02595,6949.928873540009,0.0,0.0,5.084209781421984,6.01295240911508e-14,6.01295240911508e-14
0.026000000000000002,6949.930780420607,0.0,0.0,5.084327599230162,6.012955626300653e-14,6.012955626300653e-14
0.02605,6949.93322626351,0.0,0.0,5.084356813345203,6.012957908417354e-14,6.012957908417354e-14
0.0261,6949.935864614421,0.0,0.0,5.08438518934039,6.012960198957094e-14,6.012960198957094e-14
0.02615,6949.937609844661,0.0,0.0,5.084459578615697,6.012962482013207e-14,6.012962482013207e-14
0.0262,6949.939054672449,0.0,0.0,5.0844149966629875,6.012964159281688e-14,6.012964159281688e-14
0.026250000000000002,6949.93921555463,0.0,0.0,5.084511845103837,6.012965039853271e-14,6.012965039853271e-14
0.0263,6949.93769099308,0.0,0.0,5.084429129065265,6.012964675079828e-14,6.012964675079828e-14
0.026350000000000002,6949.9347677186925,0.0,0.0,5.084513779904568,6.012962808142498e-14,6.012962808142498e-14
0.0264,6949.929413083259,0.0,0.0,5.0844312957899325,6.012958697770719e-14,6.012958697770719e-14
0.02645,6949.922402691571,0.0,0.0,5.084476145158031,6.0129538141399e-14,6.0129538141399e-14
0.026500000000000003,6949.912239853022,0.0,0.0,5.084422387518328,6.01294834392437e-14,6.01294834392437e-14
0.02655,6949.900421088924,0.0,0.0,5.084411846609239,6.012936785980712e-14,6.012936785980712e-14
0.026600000000000002,6949.884963670865,0.0,0.0,5.08439652245994,6.012926136902115e-14,6.012926136902115e-14
0.02665,6949.864571918597,0.0,0.0,5.084338356050887,6.012910437347737e-14,6.012910437347737e-14
0.0267,6949.843173213794,0.0,0.0,5.084346549300344,6.012892984440945e-14,6.012892984440945e-14
0.026750000000000003,6949.816715966593,0.0,0.0,5.084263240415761,6.01287340577478e-14,6.01287340577478e-14
0.0268,6949.790712331723,0.0,0.0,5.084275536160038,6.012852543871844e-14,6.012852543871844e-14
0.026850000000000002,6949.758299617949,0.0,0.0,5.0841932671056975,6.012824768448431e-14,6.012824768448431e-14
0.0269,6949.724061904606,0.0,0.0,5.084191986486637,6.012802093103557e-14,6.012802093103557e-14
0.02695,6949.6848906286905,0.0,0.0,5.084128258848846,6.012769980556999e-14,6.012769980556999e-14
0.027,6949.642367047714,0.0,0.0,5.0841055957762435,6.012734809045827e-14,6.012734809045827e-14
0.02705,6949.594081480739,0.0,0.0,5.084067514817978,6.012699063100324e-14,6.012699063100324e-14
0.027100000000000003,6949.542109075462,0.0,0.0,5.084026381000705,6.012654209990226e-14,6.012654209990226e-14
0.02715,6949.48896135997,0.0,0.0,5.084008413864095,6.012615023358487e-14,6.012615023358487e-14
0.027200000000000002,6949.428376514681,0.0,0.0,5.0839622144561485,6.012569572875968e-14,6.012569572875968e-14
0.02725,6949.370161437635,0.0,0.0,5.0839534744318735,6.012521105653167e-14,6.012521105653167e-14
0.0273,6949.302415527784,0.0,0.0,5.083916190519101,6.012467212867815e-14,6.012467212867815e-14
0.027350000000000003,6949.236710796833,0.0,0.0,5.083909348974301,6.012420897099995e-14,6.012420897099995e-14
0.0274,6949.1619856212565,0.0,0.0,5.083889038634376,6.012355568203133e-14,6.012355568203133e-14
0.027450000000000002,6949.084838409715,0.0,0.0,5.083884098023734,6.012298801472435e-14,6.012298801472435e-14
0.0275,6949.004389147586,0.0,0.0,5.08388071000849,6.012232008842655e-14,6.012232008842655e-14
0.02755,6948.923473713855,0.0,0.0,5.083883999921436,6.01217118792412e-14,6.01217118792412e-14
0.027600000000000003,6948.840747426372,0.0,0.0,5.083892168027042,6.01210357186038e-14,6.01210357186038e-14
0.02765,6948.750433759048,0.0,0.0,5.083912249692059,6.012036332938513e-14,6.012036332938513e-14
0.027700000000000002,6948.660673947167,0.0,0.0,5.0839267538839685,6.011965354586372e-14,6.011965354586372e-14
0.02775,6948.562415171855,0.0,0.0,5.08396896919732,6.011887952852678e-14,6.011887952852678e-14
0.027800000000000002,6948.467818855437,0.0,0.0,5.083990497055185,6.01181151639256e-14,6.01181151639256e-14
0.02785,6948.361351057533,0.0,0.0,5.084052813819494,6.011734324905107e-14,6.011734324905107e-14
0.0279,6948.260290958631,0.0,0.0,5.084089927378071,6.01165152072327e-14,6.01165152072327e-14
0.027950000000000003,6948.155091872463,0.0,0.0,5.084164221888798,6.011565109895871e-14,6.011565109895871e-14
0.028,6948.048243173798,0.0,0.0,5.084227945607036,6.011493352415776e-14,6.011493352415776e-14
0.028050000000000002,6947.9420086326945,0.0,0.0,5.084304840606544,6.011403632294524e-14,6.011403632294524e-14
0.0281,6947.831108649952,0.0,0.0,5.084404487225989,6.011321551700755e-14,6.011321551700755e-14
0.02815,6947.721816583258,0.0,0.0,5.0844786196578475,6.011232657121107e-14,6.011232657121107e-14
0.028200000000000003,6947.60436083082,0.0,0.0,5.084615735430018,6.011142903683706e-14,6.011142903683706e-14
0.02825,6947.491390177074,0.0,0.0,5.0846921202544655,6.011055048149921e-14,6.011055048149921e-14
0.028300000000000002,6947.372136144928,0.0,0.0,5.084857858566088,6.010968855173409e-14,6.010968855173409e-14
0.02835,6947.262377023984,0.0,0.0,5.084951590989107,6.010870693114939e-14,6.010870693114939e-14
0.0284,6947.142175575481,0.0,0.0,5.085127441309232,6.010793362448434e-14,6.010793362448434e-14
0.028450000000000003,6947.025383622238,0.0,0.0,5.085257803528007,6.010698370017658e-14,6.010698370017658e-14
0.0285,6946.907195934205,0.0,0.0,5.0854280222898165,6.010605349177906e-14,6.010605349177906e-14
0.028550000000000002,6946.784882199088,0.0,0.0,5.085607200041828,6.010518999766492e-14,6.010518999766492e-14
0.0286,6946.668944741503,0.0,0.0,5.085764230894608,6.010426069852276e-14,6.010426069852276e-14
0.028650000000000002,6946.547747134864,0.0,0.0,5.085993630232327,6.010329323987855e-14,6.010329323987855e-14
0.0287,6946.433524353149,0.0,0.0,5.086141498810165,6.010252976095137e-14,6.010252976095137e-14
0.02875,6946.315357286174,0.0,0.0,5.086409514860279,6.01015905924327e-14,6.01015905924327e-14
0.028800000000000003,6946.205796192107,0.0,0.0,5.086566294365444,6.010071563711926e-14,6.010071563711926e-14
0.02885,6946.08889676443,0.0,0.0,5.086848495222747,6.00999597113542e-14,6.00999597113542e-14
0.028900000000000002,6945.980862631236,0.0,0.0,5.087040633792372,6.009904638757594e-14,6.009904638757594e-14
0.02895,6945.867084442291,0.0,0.0,5.08731112489269,6.009821796227147e-14,6.009821796227147e-14
0.029,6945.754264300005,0.0,0.0,5.087558432245616,6.009736039164237e-14,6.009736039164237e-14
0.029050000000000003,6945.647772775119,0.0,0.0,5.08780427410554,6.009662401335196e-14,6.009662401335196e-14
0.0291,6945.539568555906,0.0,0.0,5.088111028882684,6.009578008944907e-14,6.009578008944907e-14
0.029150000000000002,6945.441644398576,0.0,0.0,5.0883334070591335,6.009508907960703e-14,6.009508907960703e-14
0.0292,6945.335104939669,0.0,0.0,5.088686209176885,6.009426605550351e-14,6.009426605550351e-14
0.02925,6945.238501500278,0.0,0.0,5.088904657944003,6.009368431883027e-14,6.009368431883027e-14
0.029300000000000003,6945.139345885671,0.0,0.0,5.089278641652569,6.009286059926237e-14,6.009286059926237e-14
0.02935,6945.049236365216,0.0,0.0,5.089520623168727,6.009225716985782e-14,6.009225716985782e-14
0.029400000000000003,6944.955890478408,0.0,0.0,5.089883501858456,6.009156172689429e-14,6.009156172689429e-14
0.02945,6944.871827742903,0.0,0.0,5.090177872641325,6.009098858721442e-14,6.009098858721442e-14
0.029500000000000002,6944.790494589057,0.0,0.0,5.090505884843032,6.009042115403085e-14,6.009042115403085e-14
0.02955,6944.710418450733,0.0,0.0,5.090863804400093,6.00898588411704e-14,6.00898588411704e-14
0.0296,6944.638644855353,0.0,0.0,5.091153523096919,6.008936076817431e-14,6.008936076817431e-14
0.029650000000000003,6944.562025204747,0.0,0.0,5.091565551857033,6.008886215127881e-14,6.008886215127881e-14
0.0297,6944.498945715362,0.0,0.0,5.09183455057495,6.008840944531405e-14,6.008840944531405e-14
0.029750000000000002,6944.427580986001,0.0,0.0,5.092272377438245,6.008794102180057e-14,6.008794102180057e-14
0.0298,6944.367501380997,0.0,0.0,5.092551168433963,6.008762891057368e-14,6.008762891057368e-14
0.02985,6944.309842344753,0.0,0.0,5.092982832090715,6.00870991628058e-14,6.00870991628058e-14
0.029900000000000003,6944.260720362187,0.0,0.0,5.093300746276357,6.008698620398999e-14,6.008698620398999e-14
0.02995,6944.212920384953,0.0,0.0,5.093694950012429,6.00866563605175e-14,6.00866563605175e-14
0.030000000000000002,6944.1703258908265,0.0,0.0,5.09407390090529,6.008636813756415e-14,6.008636813756415e-14
0.03005,6944.1322417941965,0.0,0.0,5.0944174259768475,6.008617144429897e-14,6.008617144429897e-14
0.030100000000000002,6944.096079194349,0.0,0.0,5.094856538876458,6.00860986252443e-14,6.00860986252443e-14
0.03015,6944.073803062488,0.0,0.0,5.095161471670556,6.008584185131318e-14,6.008584185131318e-14
0.0302,6944.04443529774,0.0,0.0,5.095633346674837,6.008586366129185e-14,6.008586366129185e-14
0.030250000000000003,6944.030227142605,0.0,0.0,5.095931133564453,6.008577031866343e-14,6.008577031866343e-14
0.0303,6944.014048658465,0.0,0.0,5.096401149906225,6.008575548074193e-14,6.008575548074193e-14
0.030350000000000002,6944.006202054198,0.0,0.0,5.096723789863975,6.00858741834035e-14,6.00858741834035e-14
0.0304,6944.000708247595,0.0,0.0,5.09715941629182,6.008591285417858e-14,6.008591285417858e-14
0.03045,6944.000232471706,0.0,0.0,5.097533119597455,6.008600078428927e-14,6.008600078428927e-14
0.030500000000000003,6944.004338225085,0.0,0.0,5.097913643667118,6.008617218075434e-14,6.008617218075434e-14
0.03055,6944.011626163436,0.0,0.0,5.098346505128992,6.00863545010468e-14,6.00863545010468e-14
0.030600000000000002,6944.02818727891,0.0,0.0,5.098674362180021,6.008660892127338e-14,6.008660892127338e-14
0.03065,6944.045534206881,0.0,0.0,5.099149513114237,6.00869358898719e-14,6.00869358898719e-14
0.0307,6944.0775359640775,0.0,0.0,5.09945044681591,6.008715187620914e-14,6.008715187620914e-14
0.030750000000000003,6944.103226877868,0.0,0.0,5.0999307509797305,6.008762705200463e-14,6.008762705200463e-14
0.0308,6944.140618862047,0.0,0.0,5.100242059484618,6.008801024116568e-14,6.008801024116568e-14
0.030850000000000002,6944.178920966074,0.0,0.0,5.100693170656576,6.0088448219655e-14,6.0088448219655e-14
0.0309,6944.223765084921,0.0,0.0,5.10104347885568,6.008885264856604e-14,6.008885264856604e-14
0.030950000000000002,6944.2733269837745,0.0,0.0,5.101440422053358,6.008947179284204e-14,6.008947179284204e-14
0.031,6944.325157466103,0.0,0.0,5.101843905361774,6.008996707113939e-14,6.008996707113939e-14
0.03105,6944.384781113626,0.0,0.0,5.102181769143611,6.00906124247636e-14,6.00906124247636e-14
0.031100000000000003,6944.443920221854,0.0,0.0,5.102630298593715,6.009116788257691e-14,6.009116788257691e-14
0.03115,6944.512577568943,0.0,0.0,5.102926445598669,6.009192820050002e-14,6.009192820050002e-14
0.031200000000000002,6944.580182985949,0.0,0.0,5.103392416070733,6.009253851205383e-14,6.009253851205383e-14
0.03125,6944.658311775876,0.0,0.0,5.103679692815712,6.009331478265058e-14,6.009331478265058e-14
0.0313,6944.732620677235,0.0,0.0,5.104124814035779,6.009409196529288e-14,6.009409196529288e-14
0.03135,6944.817780347578,0.0,0.0,5.1044396586277925,6.009482288198421e-14,6.009482288198421e-14
0.031400000000000004,6944.905401701994,0.0,0.0,5.104834337638877,6.009569645874917e-14,6.009569645874917e-14
0.03145,6944.99629708282,0.0,0.0,5.105194404864484,6.009659793648587e-14,6.009659793648587e-14
0.0315,6945.093922101103,0.0,0.0,5.105528945527276,6.009746448383307e-14,6.009746448383307e-14
0.03155,6945.18859300102,0.0,0.0,5.105932280743328,6.00983286579184e-14,6.00983286579184e-14
0.0316,6945.290906849115,0.0,0.0,5.106217313155143,6.009938304790772e-14,6.009938304790772e-14
0.031650000000000005,6945.3928902319685,0.0,0.0,5.106645554626495,6.010022161639748e-14,6.010022161639748e-14
0.0317,6945.501765230035,0.0,0.0,5.106905796443982,6.010133160163075e-14,6.010133160163075e-14
0.03175,6945.608099857797,0.0,0.0,5.107325703791341,6.010224410719126e-14,6.010224410719126e-14
0.0318,6945.722817723371,0.0,0.0,5.10759660136275,6.010333445289147e-14,6.010333445289147e-14
0.03185,6945.835250526183,0.0,0.0,5.107974614631478,6.010438144185609e-14,6.010438144185609e-14
0.031900000000000005,6945.95324045786,0.0,0.0,5.108281936467003,6.01054825991818e-14,6.01054825991818e-14
0.03195,6946.073461730345,0.0,0.0,5.108601190807339,6.010649303346671e-14,6.010649303346671e-14
0.032,6946.192791426106,0.0,0.0,5.108949405028606,6.010770732846005e-14,6.010770732846005e-14
0.03205,6946.319439264384,0.0,0.0,5.109215257630317,6.010875558178878e-14,6.010875558178878e-14
0.032100000000000004,6946.442164928963,0.0,0.0,5.109589463411225,6.010988484378207e-14,6.010988484378207e-14
0.032150000000000005,6946.570179315824,0.0,0.0,5.109821413196349,6.011109945999304e-14,6.011109945999304e-14
0.0322,6946.697631174818,0.0,0.0,5.110197641191518,6.011219957437188e-14,6.011219957437188e-14
0.03225,6946.829502026397,0.0,0.0,5.110423368281648,6.011338688917148e-14,6.011338688917148e-14
0.0323,6946.957050067478,0.0,0.0,5.110769058711779,6.011456741007123e-14,6.011456741007123e-14
0.032350000000000004,6947.087938396338,0.0,0.0,5.111017874762313,6.011575033229542e-14,6.011575033229542e-14
0.0324,6947.217897101469,0.0,0.0,5.1113118529647386,6.011687108308924e-14,6.011687108308924e-14
0.03245,6947.348783087181,0.0,0.0,5.111595555997447,6.011811734761227e-14,6.011811734761227e-14
0.0325,6947.481701762457,0.0,0.0,5.111833949847645,6.011925048149503e-14,6.011925048149503e-14
0.03255,6947.61116366233,0.0,0.0,5.1121450056505084,6.012046697766439e-14,6.012046697766439e-14
0.032600000000000004,6947.744707430887,0.0,0.0,5.112342923411363,6.012158920163979e-14,6.012158920163979e-14
0.03265,6947.874010846302,0.0,0.0,5.112660052913965,6.012282843522189e-14,6.012282843522189e-14
0.0327,6948.006513431567,0.0,0.0,5.1128415970284475,6.012395820230717e-14,6.012395820230717e-14
0.03275,6948.135874996397,0.0,0.0,5.1131387010311355,6.012513044558163e-14,6.012513044558163e-14
0.0328,6948.26549897833,0.0,0.0,5.113327830389167,6.012626034789703e-14,6.012626034789703e-14
0.032850000000000004,6948.392747307383,0.0,0.0,5.11358325641687,6.012743019448009e-14,6.012743019448009e-14
0.0329,6948.51954949261,0.0,0.0,5.113796850202439,6.012852837592257e-14,6.012852837592257e-14
0.03295,6948.644720684245,0.0,0.0,5.114000168983748,6.012967271148456e-14,6.012967271148456e-14
0.033,6948.767451469777,0.0,0.0,5.114239106292685,6.013073801206793e-14,6.013073801206793e-14
0.03305,6948.890089872091,0.0,0.0,5.114397410791136,6.013183339655087e-14,6.013183339655087e-14
0.033100000000000004,6949.007243152959,0.0,0.0,5.114646059056289,6.013290468551477e-14,6.013290468551477e-14
0.03315,6949.1256129220965,0.0,0.0,5.1147800690210445,6.013391573887676e-14,6.013391573887676e-14
0.0332,6949.23883927322,0.0,0.0,5.115015818413549,6.013496091082999e-14,6.013496091082999e-14
0.03325,6949.352014417815,0.0,0.0,5.115147314455528,6.01359388598888e-14,6.01359388598888e-14
0.0333,6949.461752296014,0.0,0.0,5.1153503713271675,6.013691549203157e-14,6.013691549203157e-14
0.033350000000000005,6949.568397557761,0.0,0.0,5.1154944059928695,6.013787310546728e-14,6.013787310546728e-14
0.0334,6949.672445022504,0.0,0.0,5.115654149207816,6.013881770891296e-14,6.013881770891296e-14
0.03345,6949.773271830853,0.0,0.0,5.115816987731259,6.013964418075977e-14,6.013964418075977e-14
0.0335,6949.8709208671535,0.0,0.0,5.115932819972788,6.014058260229464e-14,6.014058260229464e-14
0.03355,6949.964188176265,0.0,0.0,5.116107668180287,6.014138217821506e-14,6.014138217821506e-14
0.033600000000000005,6950.055620395756,0.0,0.0,5.116193570991446,6.014219002637043e-14,6.014219002637043e-14
0.03365,6950.140626786482,0.0,0.0,5.116361741181878,6.014294798143224e-14,6.014294798143224e-14
0.0337,6950.22399318995,0.0,0.0,5.116438026693685,6.01437068384634e-14,6.01437068384634e-14
0.03375,6950.302361248257,0.0,0.0,5.116582326991199,6.014438344985902e-14,6.014438344985902e-14
0.033800000000000004,6950.377091739098,0.0,0.0,5.116663033420211,6.01450749021909e-14,6.01450749021909e-14
0.033850000000000005,6950.447415090881,0.0,0.0,5.116772695023076,6.014568447351043e-14,6.014568447351043e-14
0.0339,6950.513147951525,0.0,0.0,5.1168655249486354,6.01462782982884e-14,6.01462782982884e-14
0.03395,6950.57505048514,0.0,0.0,5.116938776326063,6.014684173717938e-14,6.014684173717938e-14
0.034,6950.632188883055,0.0,0.0,5.117041656307401,6.01473473483638e-14,6.01473473483638e-14
0.034050000000000004,6950.685236355896,0.0,0.0,5.117085469089409,6.014783326397059e-14,6.014783326397059e-14
0.0341,6950.732886245185,0.0,0.0,5.1171878309483425,6.014825742392031e-14,6.014825742392031e-14
0.03415,6950.776604307176,0.0,0.0,5.1172170299470565,6.01486611910953e-14,6.01486611910953e-14
0.0342,6950.814669815786,0.0,0.0,5.117304505106252,6.014900861012773e-14,6.014900861012773e-14
0.03425,6950.848445391586,0.0,0.0,5.117333510813989,6.014932940450475e-14,6.014932940450475e-14
0.034300000000000004,6950.876978225071,0.0,0.0,5.117395968727717,6.014958449513347e-14,6.014958449513347e-14
0.03435,6950.900569903187,0.0,0.0,5.1174325023878025,6.01498199538372e-14,6.01498199538372e-14
0.0344,6950.919223527142,0.0,0.0,5.117467424675775,6.014999834710777e-14,6.014999834710777e-14
0.03445,6950.932712381419,0.0,0.0,5.117511932298259,6.015014283037335e-14,6.015014283037335e-14
0.0345,6950.941263183556,0.0,0.0,5.1175238047737,6.01502354229852e-14,6.01502354229852e-14
0.034550000000000004,6950.944674275603,0.0,0.0,5.117570630926761,6.015029095236739e-14,6.015029095236739e-14
0.0346,6950.942978225132,0.0,0.0,5.117568650735405,6.015029998432024e-14,6.015029998432024e-14
0.03465,6950.936238900246,0.0,0.0,5.1176089588840155,6.015026774649518e-14,6.015026774649518e-14
0.0347,6950.924289254257,0.0,0.0,5.117603919884716,6.015018972768344e-14,6.015018972768344e-14
0.03475,6950.907405916938,0.0,0.0,5.117629954643748,6.015006882400026e-14,6.015006882400026e-14
0.034800000000000005,6950.885124396677,0.0,0.0,5.117629914153474,6.014990790894751e-14,6.014990790894751e-14
0.03485,6950.85800746765,0.0,0.0,5.117637900898173,6.014970077006344e-14,6.014970077006344e-14
0.0349,6950.826085471474,0.0,0.0,5.117644735170799,6.014944504046438e-14,6.014944504046438e-14
0.03495,6950.788711815412,0.0,0.0,5.117638108768818,6.014916934155085e-14,6.014916934155085e-14
0.035,6950.74704647419,0.0,0.0,5.117648528431572,6.014882405000724e-14,6.014882405000724e-14
0.035050000000000005,6950.699938578531,0.0,0.0,5.1176332534649065,6.01484559227797e-14,6.01484559227797e-14
0.0351,6950.648494208317,0.0,0.0,5.117642676403024,6.014803973634767e-14,6.014803973634767e-14
0.03515,6950.591931919803,0.0,0.0,5.117625398953991,6.014759353714342e-14,6.014759353714342e-14
0.0352,6950.531185001321,0.0,0.0,5.117629383098703,6.014708601681944e-14,6.014708601681944e-14
0.035250000000000004,6950.4650839935575,0.0,0.0,5.117615699630899,6.014657464667048e-14,6.014657464667048e-14
0.035300000000000005,6950.39505241657,0.0,0.0,5.117612016061219,6.014597438863275e-14,6.014597438863275e-14
0.03535,6950.320152830788,0.0,0.0,5.117604007923271,6.014539711670175e-14,6.014539711670175e-14
0.0354,6950.240869226855,0.0,0.0,5.117594215310526,6.014473691752604e-14,6.014473691752604e-14
0.03545,6950.15837299019,0.0,0.0,5.117590476237434,6.014406038792358e-14,6.014406038792358e-14
0.035500000000000004,6950.070284400583,0.0,0.0,5.117578639242329,6.014334660749705e-14,6.014334660749705e-14
0.03555,6949.979761779242,0.0,0.0,5.117576581691292,6.014261633224772e-14,6.014261633224772e-14
0.0356,6949.88428057263,0.0,0.0,5.11756647334298,6.01418128782501e-14,6.01418128782501e-14
0.03565,6949.78591527042,0.0,0.0,5.117564514937867,6.014102356048067e-14,6.014102356048067e-14
0.0357,6949.683538708682,0.0,0.0,5.117558450216112,6.014018684390388e-14,6.014018684390388e-14
0.035750000000000004,6949.578612202477,0.0,0.0,5.117556626177367,6.013930091823424e-14,6.013930091823424e-14
0.0358,6949.469480097596,0.0,0.0,5.117554976288385,6.013843383978233e-14,6.013843383978233e-14
0.03585,6949.3573935662835,0.0,0.0,5.117555102337702,6.013749195186495e-14,6.013749195186495e-14
0.0359,6949.242721556115,0.0,0.0,5.117556609743095,6.013656786586904e-14,6.013656786586904e-14
0.03595,6949.1242691292255,0.0,0.0,5.117561166352506,6.013556630695441e-14,6.013556630695441e-14
0.036000000000000004,6949.004671545988,0.0,0.0,5.1175646380585,6.013462599458302e-14,6.013462599458302e-14
0.03605,6948.880437934401,0.0,0.0,5.117575096831357,6.013356545857148e-14,6.013356545857148e-14
0.0361,6948.755925872346,0.0,0.0,5.117580809886336,6.013256862449752e-14,6.013256862449752e-14
0.03615,6948.627525078912,0.0,0.0,5.117596766178364,6.01314879262176e-14,6.01314879262176e-14
0.0362,6948.498856434307,0.0,0.0,5.117606737066684,6.013048031746073e-14,6.013048031746073e-14
0.036250000000000004,6948.368190529695,0.0,0.0,5.117626163904054,6.012934097432165e-14,6.012934097432165e-14
0.0363,6948.235581596954,0.0,0.0,5.11764318534982,6.012829704045264e-14,6.012829704045264e-14
0.03635,6948.101664506196,0.0,0.0,5.117663613578474,6.012717067046459e-14,6.012717067046459e-14
0.0364,6947.966741280123,0.0,0.0,5.117690308613683,6.012607189145792e-14,6.012607189145792e-14
0.03645,6947.831519871455,0.0,0.0,5.117710193404889,6.012495769536142e-14,6.012495769536142e-14
0.036500000000000005,6947.693885028786,0.0,0.0,5.117746732867713,6.012381806042326e-14,6.012381806042326e-14
0.03655,6947.557730227783,0.0,0.0,5.117767499574801,6.012269079939276e-14,6.012269079939276e-14
0.0366,6947.418311762721,0.0,0.0,5.1178110473017755,6.012156634699771e-14,6.012156634699771e-14
0.03665,6947.281272246919,0.0,0.0,5.117836581355184,6.012043635009065e-14,6.012043635009065e-14
0.0367,6947.142325039594,0.0,0.0,5.117882539384428,6.011926150779306e-14,6.011926150779306e-14
0.036750000000000005,6947.004162502818,0.0,0.0,5.117917102574627,6.011819329010479e-14,6.011819329010479e-14
0.0368,6946.867173548045,0.0,0.0,5.1179614078697275,6.011697951714896e-14,6.011697951714896e-14
0.03685,6946.729611201019,0.0,0.0,5.118007810526148,6.011592722337703e-14,6.011592722337703e-14
0.0369,6946.593517372841,0.0,0.0,5.118047949329913,6.011477446201605e-14,6.011477446201605e-14
0.036950000000000004,6946.4584629735045,0.0,0.0,5.118106965269088,6.011366876189704e-14,6.011366876189704e-14
0.037000000000000005,6946.325651458518,0.0,0.0,5.118143496365759,6.011253506788985e-14,6.011253506788985e-14
0.03705,6946.1920908888,0.0,0.0,5.118211206789127,6.011153494903963e-14,6.011153494903963e-14
0.0371,6946.062892012954,0.0,0.0,5.1182493556817175,6.011036498230118e-14,6.011036498230118e-14
0.03715,6945.932156029086,0.0,0.0,5.118318627766182,6.010935548274211e-14,6.010935548274211e-14
0.037200000000000004,6945.805259936426,0.0,0.0,5.118364732427862,6.010828627495306e-14,6.010828627495306e-14
0.03725,6945.680351103034,0.0,0.0,5.118429379577731,6.010727231896122e-14,6.010727231896122e-14
0.0373,6945.556824794794,0.0,0.0,5.118487281088046,6.010625400774595e-14,6.010625400774595e-14
0.03735,6945.436431477118,0.0,0.0,5.11854344422563,6.010527289891044e-14,6.010527289891044e-14
0.0374,6945.317447375852,0.0,0.0,5.118614447312867,6.010428465530812e-14,6.010428465530812e-14
0.037450000000000004,6945.202980410153,0.0,0.0,5.118662118367456,6.010334896912977e-14,6.010334896912977e-14
0.0375,6945.090139034108,0.0,0.0,5.118742682886954,6.010244838262763e-14,6.010244838262763e-14
0.03755,6944.982104440497,0.0,0.0,5.118786246045352,6.010152002302326e-14,6.010152002302326e-14
0.0376,6944.875396817878,0.0,0.0,5.118868908861266,6.010068840017812e-14,6.010068840017812e-14
0.03765,6944.774404639154,0.0,0.0,5.118916011306958,6.009979685716695e-14,6.009979685716695e-14
0.037700000000000004,6944.675076050276,0.0,0.0,5.118991834446148,6.009906302511165e-14,6.009906302511165e-14
0.03775,6944.580720114992,0.0,0.0,5.119049227903456,6.009821833905181e-14,6.009821833905181e-14
0.0378,6944.490363674995,0.0,0.0,5.119112296536144,6.009753578340671e-14,6.009753578340671e-14
0.03785,6944.4023337564795,0.0,0.0,5.119182032042148,6.00967445948946e-14,6.00967445948946e-14
0.0379,6944.320134106134,0.0,0.0,5.1192316560720785,6.009614714560226e-14,6.009614714560226e-14
0.037950000000000005,6944.239809831667,0.0,0.0,5.119311052895784,6.009544453717992e-14,6.009544453717992e-14
0.038,6944.166220726935,0.0,0.0,5.119351230429924,6.009488200938663e-14,6.009488200938663e-14
0.03805,6944.095200985441,0.0,0.0,5.119433192887022,6.009423593934069e-14,6.009423593934069e-14
0.0381,6944.030088418529,0.0,0.0,5.119471171617561,6.00937912550688e-14,6.00937912550688e-14
0.03815,6943.9684612059,0.0,0.0,5.119546679779185,6.009323405858232e-14,6.009323405858232e-14
0.038200000000000005,6943.912875970145,0.0,0.0,5.119590775000691,6.009278560886347e-14,6.009278560886347e-14
0.03825,6943.860746554375,0.0,0.0,5.1196513503876835,6.009239781914765e-14,6.009239781914765e-14
0.0383,6943.814866592178,0.0,0.0,5.119707305484867,6.009198357486744e-14,6.009198357486744e-14
0.03835,6943.774487932165,0.0,0.0,5.1197496773181586,6.009166880933721e-14,6.009166880933721e-14
0.038400000000000004,6943.736112642213,0.0,0.0,5.119815586361027,6.009137876193388e-14,6.009137876193388e-14
0.038450000000000005,6943.706105884,0.0,0.0,5.119844369371396,6.009113542413286e-14,6.009113542413286e-14
0.0385,6943.678620563898,0.0,0.0,5.119913736426042,6.009086071250144e-14,6.009086071250144e-14
0.03855,6943.657822786163,0.0,0.0,5.119935606248245,6.009080599955376e-14,6.009080599955376e-14
0.0386,6943.64099069155,0.0,0.0,5.120000176118757,6.009056542452938e-14,6.009056542452938e-14
0.038650000000000004,6943.629830063132,0.0,0.0,5.120023769488107,6.009056585397067e-14,6.009056585397067e-14
0.038700000000000005,6943.622603989673,0.0,0.0,5.120074560258582,6.009045990682413e-14,6.009045990682413e-14
0.03875,6943.622149695325,0.0,0.0,5.120107929736899,6.009051720033322e-14,6.009051720033322e-14
0.0388,6943.626327355824,0.0,0.0,5.1201392341268726,6.009050761985898e-14,6.009050761985898e-14
0.03885,6943.635150993851,0.0,0.0,5.120184012094666,6.009066259571805e-14,6.009066259571805e-14
0.038900000000000004,6943.650753016892,0.0,0.0,5.120197947635788,6.00907123236911e-14,6.00907123236911e-14
0.03895,6943.668984736852,0.0,0.0,5.120249053686397,6.00909627348911e-14,6.00909627348911e-14
0.039,6943.695215101162,0.0,0.0,5.120253296233078,6.009114234344648e-14,6.009114234344648e-14
0.03905,6943.724314236581,0.0,0.0,5.120302157999165,6.009140018780439e-14,6.009140018780439e-14
0.0391,6943.759384093968,0.0,0.0,5.120305606582952,6.009171608162638e-14,6.009171608162638e-14
0.039150000000000004,6943.7988422232365,0.0,0.0,5.12034414356848,6.009204970183297e-14,6.009204970183297e-14
0.0392,6943.84344603836,0.0,0.0,5.120355036813631,6.009243667841185e-14,6.009243667841185e-14
0.03925,6943.89205060371,0.0,0.0,5.120376654299694,6.00928398100042e-14,6.00928398100042e-14
0.0393,6943.945643209104,0.0,0.0,5.120400030155076,6.009334036766548e-14,6.009334036766548e-14
0.03935,6944.0046135545,0.0,0.0,5.120404087492959,6.009378320390323e-14,6.009378320390323e-14
0.039400000000000004,6944.0667567083165,0.0,0.0,5.120437621480737,6.009438242499029e-14,6.009438242499029e-14
0.03945,6944.134675827507,0.0,0.0,5.120429963473842,6.009490388049912e-14,6.009490388049912e-14
0.0395,6944.205275258178,0.0,0.0,5.120466829662347,6.009557211240954e-14,6.009557211240954e-14
0.03955,6944.282501315195,0.0,0.0,5.120457231456154,6.009614323846597e-14,6.009614323846597e-14
0.0396,6944.362090111353,0.0,0.0,5.12048804543351,6.009692581632535e-14,6.009692581632535e-14
0.039650000000000005,6944.446653929666,0.0,0.0,5.120485847195105,6.009756620951542e-14,6.009756620951542e-14
0.0397,6944.534957976664,0.0,0.0,5.1205043858851225,6.009835907499816e-14,6.009835907499816e-14
0.03975,6944.626063350834,0.0,0.0,5.120514844733286,6.009911114347305e-14,6.009911114347305e-14
0.0398,6944.721882942943,0.0,0.0,5.1205195224373075,6.009997337007457e-14,6.009997337007457e-14
0.039850000000000003,6944.82059304539,0.0,0.0,5.1205435403668895,6.01007568545626e-14,6.01007568545626e-14
0.039900000000000005,6944.9227221001465,0.0,0.0,5.120536736404125,6.010168062324016e-14,6.010168062324016e-14
0.03995,6945.026935516213,0.0,0.0,5.120570162260151,6.010254019819191e-14,6.010254019819191e-14
0.04,6945.13584579889,0.0,0.0,5.120560630808662,6.010347144172276e-14,6.010347144172276e-14
0.04005,6945.245706092521,0.0,0.0,5.120594481293008,6.010445041646817e-14,6.010445041646817e-14
0.040100000000000004,6945.36015883953,0.0,0.0,5.120592359323959,6.010537751928141e-14,6.010537751928141e-14
0.040150000000000005,6945.476003442643,0.0,0.0,5.120619029980289,6.010640174201942e-14,6.010640174201942e-14
0.0402,6945.594239150034,0.0,0.0,5.120630860317257,6.010739871203398e-14,6.010739871203398e-14
0.04025,6945.715657283743,0.0,0.0,5.12064778206896,6.010846044132929e-14,6.010846044132929e-14
0.0403,6945.837835967396,0.0,0.0,5.120675039535273,6.01094668328984e-14,6.01094668328984e-14
0.040350000000000004,6945.9629679903255,0.0,0.0,5.120683674669864,6.011060519227744e-14,6.011060519227744e-14
0.040400000000000005,6946.089179804199,0.0,0.0,5.120724258574364,6.011159399328452e-14,6.011159399328452e-14
0.04045,6946.2171610023215,0.0,0.0,5.120729622230147,6.011278257477053e-14,6.011278257477053e-14
0.0405,6946.345266753389,0.0,0.0,5.120777105616637,6.011383254652465e-14,6.011383254652465e-14
0.04055,6946.476114596574,0.0,0.0,5.120788565708557,6.01149781015981e-14,6.01149781015981e-14
0.040600000000000004,6946.606166636774,0.0,0.0,5.120834240334089,6.01160641157721e-14,6.01160641157721e-14
0.04065,6946.737961681943,0.0,0.0,5.120859503099048,6.011725572554589e-14,6.011725572554589e-14
0.0407,6946.8701994437315,0.0,0.0,5.120898871963022,6.01183399317665e-14,6.01183399317665e-14
0.04075,6947.002103907152,0.0,0.0,5.1209403443713395,6.011951370540819e-14,6.011951370540819e-14
0.0408,6947.135018171089,0.0,0.0,5.12097347548011,6.012064262291077e-14,6.012064262291077e-14
0.040850000000000004,6947.267352443964,0.0,0.0,5.121029892568961,6.012178864990795e-14,6.012178864990795e-14
0.0409,6947.400422928975,0.0,0.0,5.121060131585757,6.012294444308959e-14,6.012294444308959e-14
0.04095,6947.532067696393,0.0,0.0,5.121126073141908,6.012407175725055e-14,6.012407175725055e-14
0.041,6947.663838436771,0.0,0.0,5.121160016634726,6.012522665866626e-14,6.012522665866626e-14
0.04105,6947.7942548253695,0.0,0.0,5.1212286869329615,6.0126324901644e-14,6.0126324901644e-14
0.041100000000000005,6947.924449365378,0.0,0.0,5.121272952651438,6.012749417931929e-14,6.012749417931929e-14
0.04115,6948.052738978198,0.0,0.0,5.121337936463958,6.012856914544363e-14,6.012856914544363e-14
0.0412,6948.1800653940745,0.0,0.0,5.12139683898644,6.012970690971009e-14,6.012970690971009e-14
0.04125,6948.305788786931,0.0,0.0,5.121455727960096,6.013075837267387e-14,6.013075837267387e-14
0.0413,6948.429411302603,0.0,0.0,5.121528673284627,6.013188461998806e-14,6.013188461998806e-14
0.041350000000000005,6948.552024834699,0.0,0.0,5.121583658580577,6.013290221277565e-14,6.013290221277565e-14
0.0414,6948.671762733019,0.0,0.0,5.121665996719784,6.013399350996532e-14,6.013399350996532e-14
0.04145,6948.79012213204,0.0,0.0,5.1217217309320695,6.01349798292333e-14,6.01349798292333e-14
0.0415,6948.90563536255,0.0,0.0,5.121807503000693,6.013602061623168e-14,6.013602061623168e-14
0.041550000000000004,6949.018924429482,0.0,0.0,5.121868923985237,6.013699703826155e-14,6.013699703826155e-14
0.041600000000000005,6949.129501931548,0.0,0.0,5.121952557860012,6.013797133136297e-14,6.013797133136297e-14
0.04165,6949.23743173487,0.0,0.0,5.122023501281226,6.013889988334433e-14,6.013889988334433e-14
0.0417,6949.342129300907,0.0,0.0,5.122100924511747,6.013983860357535e-14,6.013983860357535e-14
0.04175,6949.443909386439,0.0,0.0,5.122182681302895,6.014071745022735e-14,6.014071745022735e-14
0.041800000000000004,6949.542415670991,0.0,0.0,5.122253518155322,6.014158023965178e-14,6.014158023965178e-14
0.041850000000000005,6949.6370353848,0.0,0.0,5.122339623692012,6.01424345877322e-14,6.01424345877322e-14
0.0419,6949.729091273013,0.0,0.0,5.122401321784436,6.014321505617412e-14,6.014321505617412e-14
0.04195,6949.816772471795,0.0,0.0,5.122487319056477,6.014401147723798e-14,6.014401147723798e-14
0.042,6949.900854025779,0.0,0.0,5.122552828920704,6.014474405371861e-14,6.014474405371861e-14
0.042050000000000004,6949.981005714063,0.0,0.0,5.122639253791713,6.014546419544589e-14,6.014546419544589e-14
0.042100000000000005,6950.057158897912,0.0,0.0,5.1227118462068715,6.014612087242598e-14,6.014612087242598e-14
0.04215,6950.129185447619,0.0,0.0,5.12279473854997,6.014678991361012e-14,6.014678991361012e-14
0.0422,6950.197064291337,0.0,0.0,5.122875965136888,6.014736807417495e-14,6.014736807417495e-14
0.04225,6950.2605712240065,0.0,0.0,5.122953605121506,6.014795835360285e-14,6.014795835360285e-14
0.042300000000000004,6950.319536406255,0.0,0.0,5.123041920579482,6.014847212221789e-14,6.014847212221789e-14
0.04235,6950.37428163132,0.0,0.0,5.123115993593216,6.014897821985742e-14,6.014897821985742e-14
0.0424,6950.424150577732,0.0,0.0,5.123207223425976,6.014942149290748e-14,6.014942149290748e-14
0.04245,6950.469664180467,0.0,0.0,5.123280822855843,6.014984426321807e-14,6.014984426321807e-14
0.0425,6950.510232732604,0.0,0.0,5.123370528865591,6.01502098374933e-14,6.01502098374933e-14
0.042550000000000004,6950.546149459076,0.0,0.0,5.123446272418584,6.015054880620344e-14,6.015054880620344e-14
0.0426,6950.577261716137,0.0,0.0,5.123531298183563,6.015083814022841e-14,6.015083814022841e-14
0.04265,6950.603520054286,0.0,0.0,5.123610182925287,6.015108792818913e-14,6.015108792818913e-14
0.0427,6950.6249241684345,0.0,0.0,5.12368877947692,6.015129758324458e-14,6.015129758324458e-14
0.04275,6950.641413713606,0.0,0.0,5.123770299716621,6.015146210377309e-14,6.015146210377309e-14
0.042800000000000005,6950.65301149531,0.0,0.0,5.123842739618033,6.015158738155288e-14,6.015158738155288e-14
0.04285,6950.659643892003,0.0,0.0,5.123924450718347,6.015166707083383e-14,6.015166707083383e-14
0.0429,6950.661343647865,0.0,0.0,5.123992586574483,6.015170603663491e-14,6.015170603663491e-14
0.04295,6950.658100104551,0.0,0.0,5.124071241583161,6.015170237378814e-14,6.015170237378814e-14
0.043000000000000003,6950.649881304207,0.0,0.0,5.124137096451392,6.015165322370953e-14,6.015165322370953e-14
0.043050000000000005,6950.636797667238,0.0,0.0,5.124209699253376,6.015156593174846e-14,6.015156593174846e-14
0.0431,6950.618761789994,0.0,0.0,5.124274516983283,6.015143033375989e-14,6.015143033375989e-14
0.04315,6950.5958412760365,0.0,0.0,5.124339681305062,6.015126186795478e-14,6.015126186795478e-14
0.0432,6950.568154267207,0.0,0.0,5.124402948747225,6.015103582948185e-14,6.015103582948185e-14
0.043250000000000004,6950.535542439151,0.0,0.0,5.124460765331464,6.015078568280014e-14,6.015078568280014e-14
0.043300000000000005,6950.498280574197,0.0,0.0,5.124521062960801,6.015048203081793e-14,6.015048203081793e-14
0.04335,6950.456298698097,0.0,0.0,5.124572223299237,6.015014180838358e-14,6.015014180838358e-14
0.0434,6950.409686907329,0.0,0.0,5.124627759414882,6.014976007733433e-14,6.014976007733433e-14
0.04345,6950.358295802674,0.0,0.0,5.124673461888476,6.014933990009137e-14,6.014933990009137e-14
0.043500000000000004,6950.302696147581,0.0,0.0,5.124722101248395,6.014887725126208e-14,6.014887725126208e-14
0.043550000000000005,6950.242381638026,0.0,0.0,5.124763317048265,6.014837803231005e-14,6.014837803231005e-14
0.0436,6950.177908441299,0.0,0.0,5.124804006878015,6.014784737500726e-14,6.014784737500726e-14
0.04365,6950.109163744607,0.0,0.0,5.124840548739232,6.014725579234527e-14,6.014725579234527e-14
0.0437,6950.036072207322,0.0,0.0,5.124873291209106,6.014666611605115e-14,6.014666611605115e-14
0.043750000000000004,6949.9592771346715,0.0,0.0,5.124904218049331,6.014599836428558e-14,6.014599836428558e-14
0.0438,6949.8783103073765,0.0,0.0,5.1249295104863,6.014533732641758e-14,6.014533732641758e-14
0.04385,6949.79366421028,0.0,0.0,5.124953804014445,6.014460289985658e-14,6.014460289985658e-14
0.0439,6949.705291576119,0.0,0.0,5.124972156875385,6.014387524174478e-14,6.014387524174478e-14
0.04395,6949.613463174176,0.0,0.0,5.124988963740354,6.014307038913401e-14,6.014307038913401e-14
0.044000000000000004,6949.51784553134,0.0,0.0,5.125000706315554,6.014229728437887e-14,6.014229728437887e-14
0.04405,6949.419336856929,0.0,0.0,5.125009639103312,6.014142173057375e-14,6.014142173057375e-14
0.0441,6949.317399084442,0.0,0.0,5.12501456383673,6.014057852038644e-14,6.014057852038644e-14
0.04415,6949.212369668667,0.0,0.0,5.125015864661053,6.013967102570007e-14,6.013967102570007e-14
0.0442,6949.104738049086,0.0,0.0,5.125013408364554,6.0138766611291e-14,6.0138766611291e-14
0.044250000000000005,6948.993941193812,0.0,0.0,5.125007519344608,6.013780416266624e-14,6.013780416266624e-14
0.0443,6948.8809609042055,0.0,0.0,5.124997227596117,6.013684899036097e-14,6.013684899036097e-14
0.04435,6948.765274657252,0.0,0.0,5.124984425028507,6.013585848546945e-14,6.013585848546945e-14
0.0444,6948.6477916509475,0.0,0.0,5.124966243626022,6.013484169318095e-14,6.013484169318095e-14
0.04445,6948.527852088061,0.0,0.0,5.124946379680558,6.013382994172256e-14,6.013382994172256e-14
0.044500000000000005,6948.4061674081095,0.0,0.0,5.124920787876292,6.013276581956523e-14,6.013276581956523e-14
0.04455,6948.282784056256,0.0,0.0,5.12489339120288,6.01317257097331e-14,6.01317257097331e-14
0.0446,6948.15798897121,0.0,0.0,5.124861199073773,6.013062059324565e-14,6.013062059324565e-14
0.04465,6948.0316603242345,0.0,0.0,5.124825647765342,6.012958159270283e-14,6.012958159270283e-14
0.044700000000000004,6947.904039734744,0.0,0.0,5.124787650531025,6.012842557606033e-14,6.012842557606033e-14
0.044750000000000005,6947.775722353895,0.0,0.0,5.124743784197217,6.012736640210344e-14,6.012736640210344e-14
0.0448,6947.645870587406,0.0,0.0,5.124700144604482,6.012620607892588e-14,6.012620607892588e-14
0.04485,6947.516246068061,0.0,0.0,5.1246486130426945,6.01251270450824e-14,6.01251270450824e-14
0.0449,6947.385357533272,0.0,0.0,5.124598846321718,6.012395171651156e-14,6.012395171651156e-14
0.044950000000000004,6947.254625643324,0.0,0.0,5.124540811788724,6.012286540355878e-14,6.012286540355878e-14
0.045000000000000005,6947.123667703415,0.0,0.0,5.124484237436146,6.012168209946334e-14,6.012168209946334e-14
0.04505,6946.992768896917,0.0,0.0,5.124421063879316,6.012059650527126e-14,6.012059650527126e-14
0.0451,6946.862251514282,0.0,0.0,5.124356941060652,6.011943398092479e-14,6.011943398092479e-14
0.04515,6946.732345590266,0.0,0.0,5.124289952562717,6.011830785956748e-14,6.011830785956748e-14
0.045200000000000004,6946.602914470088,0.0,0.0,5.124217884924325,6.011719654052677e-14,6.011719654052677e-14
0.045250000000000005,6946.474266036868,0.0,0.0,5.124147724650775,6.011606702729591e-14,6.011606702729591e-14
0.0453,6946.347221658247,0.0,0.0,5.124068578731515,6.011496216287981e-14,6.011496216287981e-14
0.04535,6946.22021450978,0.0,0.0,5.123994499361784,6.011385323485793e-14,6.011385323485793e-14
0.0454,6946.09575458687,0.0,0.0,5.123910302638655,6.011279066403933e-14,6.011279066403933e-14
0.045450000000000004,6945.972238598216,0.0,0.0,5.12383118649666,6.011165667833078e-14,6.011165667833078e-14
0.0455,6945.850334209564,0.0,0.0,5.1237436863015215,6.01106681467218e-14,6.01106681467218e-14
0.04555,6945.730417505074,0.0,0.0,5.123658788064003,6.010955002322364e-14,6.010955002322364e-14
0.0456,6945.612673221874,0.0,0.0,5.123569799000646,6.010857209513193e-14,6.010857209513193e-14
0.04565,6945.497047467792,0.0,0.0,5.123478437065811,6.010751040915566e-14,6.010751040915566e-14
0.045700000000000005,6945.383941344684,0.0,0.0,5.123389093495806,6.010657999804275e-14,6.010657999804275e-14
0.04575,6945.2735277841975,0.0,0.0,5.123291888666469,6.010553910968143e-14,6.010553910968143e-14
0.0458,6945.165346673614,0.0,0.0,5.123201851389252,6.010465576183089e-14,6.010465576183089e-14
0.04585,6945.060828923482,0.0,0.0,5.123100922296715,6.01036796024981e-14,6.01036796024981e-14
0.0459,6944.958716723019,0.0,0.0,5.123008799026893,6.010282602864489e-14,6.010282602864489e-14
0.045950000000000005,6944.860320514091,0.0,0.0,5.122906665574348,6.010192034114724e-14,6.010192034114724e-14
0.046,6944.764744565445,0.0,0.0,5.122811046922027,6.010109796122508e-14,6.010109796122508e-14
0.04605,6944.672678655693,0.0,0.0,5.122710033890012,6.010027379697254e-14,6.010027379697254e-14
0.0461,6944.584415951577,0.0,0.0,5.122610264900549,6.009949105907504e-14,6.009949105907504e-14
0.046150000000000004,6944.499524671223,0.0,0.0,5.122511637842466,6.009874910130956e-14,6.009874910130956e-14
0.046200000000000005,6944.418652841836,0.0,0.0,5.122408039549376,6.009800041558467e-14,6.009800041558467e-14
0.04625,6944.341428278828,0.0,0.0,5.122312027791243,6.009735462783555e-14,6.009735462783555e-14
0.0463,6944.268596281764,0.0,0.0,5.12220624363997,6.009665621416436e-14,6.009665621416436e-14
0.04635,6944.19959719367,0.0,0.0,5.122111714389594,6.009608873176962e-14,6.009608873176962e-14
0.046400000000000004,6944.135215191279,0.0,0.0,5.12200643031881,6.009545173792114e-14,6.009545173792114e-14
0.046450000000000005,6944.074828962503,0.0,0.0,5.121911624132529,6.009497869708638e-14,6.009497869708638e-14
0.0465,6944.019445918006,0.0,0.0,5.121809795778055,6.009438840829983e-14,6.009438840829983e-14
0.04655,6943.968130577051,0.0,0.0,5.121713163358028,6.009401364006815e-14,6.009401364006815e-14
0.0466,6943.921258705379,0.0,0.0,5.121616709029771,6.009351116861432e-14,6.009351116861432e-14
0.046650000000000004,6943.879780743258,0.0,0.0,5.12151852589205,6.009317270600006e-14,6.009317270600006e-14
0.046700000000000005,6943.8420469089615,0.0,0.0,5.121427440280311,6.009278382324679e-14,6.009278382324679e-14
0.04675,6943.809723596331,0.0,0.0,5.121329140154425,6.009253755434123e-14,6.009253755434123e-14
0.0468,6943.781907824107,0.0,0.0,5.1212428517689945,6.009220340174324e-14,6.009220340174324e-14
0.04685,6943.758830055509,0.0,0.0,5.121146429345364,6.009203013620265e-14,6.009203013620265e-14
0.046900000000000004,6943.74047146743,0.0,0.0,5.121063428662223,6.009183175448915e-14,6.009183175448915e-14
0.046950000000000006,6943.727755984567,0.0,0.0,5.1209721069516165,6.009168640270954e-14,6.009168640270954e-14
0.047,6943.7191662048235,0.0,0.0,5.120890000469347,6.009161217752358e-14,6.009161217752358e-14
0.04705,6943.715842631066,0.0,0.0,5.120806367227588,6.009153105331821e-14,6.009153105331821e-14
0.0471,6943.717723880183,0.0,0.0,5.120724709680404,6.009154760181242e-14,6.009154760181242e-14
0.047150000000000004,6943.7239927391165,0.0,0.0,5.120649232712976,6.009154906494277e-14,6.009154906494277e-14
0.0472,6943.736061427051,0.0,0.0,5.120569127687631,6.009167514406557e-14,6.009167514406557e-14
0.04725,6943.752248904665,0.0,0.0,5.120501050040693,6.009172072401946e-14,6.009172072401946e-14
0.0473,6943.773756915297,0.0,0.0,5.120424429959941,6.00919637346053e-14,6.00919637346053e-14
0.04735,6943.799859834541,0.0,0.0,5.120362423352261,6.0092081330624e-14,6.0092081330624e-14
0.047400000000000005,6943.83101389481,0.0,0.0,5.120291808903734,6.00924075782956e-14,6.00924075782956e-14
0.04745,6943.866479398271,0.0,0.0,5.120233756714683,6.009262366966311e-14,6.009262366966311e-14
0.0475,6943.907219748891,0.0,0.0,5.1201719702238595,6.009300930974167e-14,6.009300930974167e-14
0.04755,6943.952167673566,0.0,0.0,5.120116243741761,6.009331369583639e-14,6.009331369583639e-14
0.0476,6944.001755502442,0.0,0.0,5.120064642976437,6.009379254711158e-14,6.009379254711158e-14
0.047650000000000005,6944.056246109791,0.0,0.0,5.120011608788814,6.009418306257619e-14,6.009418306257619e-14
0.0477,6944.114742090784,0.0,0.0,5.1199696293934425,6.009469851106485e-14,6.009469851106485e-14
0.04775,6944.178144102729,0.0,0.0,5.119920903061217,6.009521055336311e-14,6.009521055336311e-14
0.0478,6944.245400791835,0.0,0.0,5.119887031100558,6.009578492132935e-14,6.009578492132935e-14
0.047850000000000004,6944.317313916161,0.0,0.0,5.119844969352564,6.009637886957776e-14,6.009637886957776e-14
0.047900000000000005,6944.392831031114,0.0,0.0,5.1198170591513845,6.00970019195308e-14,6.00970019195308e-14
0.04795,6944.472611762359,0.0,0.0,5.119784138657539,6.009770480748629e-14,6.009770480748629e-14
0.048,6944.556299550742,0.0,0.0,5.119760592847487,6.00983599062132e-14,6.00983599062132e-14
0.04805,6944.643605253451,0.0,0.0,5.119738160083432,6.009915378354276e-14,6.009915378354276e-14
0.048100000000000004,6944.734292072909,0.0,0.0,5.119718223588819,6.00998704223747e-14,6.00998704223747e-14
0.048150000000000005,6944.828708978252,0.0,0.0,5.1197068707600675,6.010071846532643e-14,6.010071846532643e-14
0.0482,6944.926541057316,0.0,0.0,5.119691138160556,6.010148910064462e-14,6.010148910064462e-14
0.04825,6945.027203793282,0.0,0.0,5.119689282780393,6.010242355762663e-14,6.010242355762663e-14
0.0483,6945.131561439576,0.0,0.0,5.119680117957193,6.010322871610225e-14,6.010322871610225e-14
0.048350000000000004,6945.238273021104,0.0,0.0,5.11968533048391,6.010421039646026e-14,6.010421039646026e-14
0.048400000000000006,6945.348066324471,0.0,0.0,5.119684952889463,6.010508891011505e-14,6.010508891011505e-14
0.04845,6945.460642758829,0.0,0.0,5.119695564089792,6.010609583411487e-14,6.010609583411487e-14
0.0485,6945.575412192881,0.0,0.0,5.11970514707514,6.010704321787373e-14,6.010704321787373e-14
0.04855,6945.69266794364,0.0,0.0,5.119720084111837,6.010807561833337e-14,6.010807561833337e-14
0.048600000000000004,6945.812006545387,0.0,0.0,5.119740316418913,6.010906524723329e-14,6.010906524723329e-14
0.048650000000000006,6945.933202471523,0.0,0.0,5.119759260518963,6.011013521672443e-14,6.011013521672443e-14
0.0487,6946.056205784297,0.0,0.0,5.119789487379782,6.011118072567114e-14,6.011118072567114e-14
0.04875,6946.181031281339,0.0,0.0,5.119813736182103,6.01122360466516e-14,6.01122360466516e-14
0.0488,6946.306739231944,0.0,0.0,5.119851591803362,6.011335295541266e-14,6.011335295541266e-14
0.048850000000000005,6946.434308623099,0.0,0.0,5.119883477063533,6.01144129849551e-14,6.01144129849551e-14
0.0489,6946.562634588613,0.0,0.0,5.119926616783122,6.011555136575769e-14,6.011555136575769e-14
0.04895,6946.69171658351,0.0,0.0,5.119967329976413,6.011663340540454e-14,6.011663340540454e-14
0.049,6946.82190719102,0.0,0.0,5.120014719450496,6.011779795666279e-14,6.011779795666279e-14
0.04905,6946.952432271699,0.0,0.0,5.120064642380566,6.01188674520963e-14,6.01188674520963e-14
0.049100000000000005,6947.083358625068,0.0,0.0,5.120115437939267,6.01200643433222e-14,6.01200643433222e-14
0.04915,6947.214339941117,0.0,0.0,5.120174335163756,6.012113812384961e-14,6.012113812384961e-14
0.0492,6947.345517663557,0.0,0.0,5.120229057791935,6.012232178636272e-14,6.012232178636272e-14
0.04925,6947.47617638593,0.0,0.0,5.1202951206698994,6.012340985555623e-14,6.012340985555623e-14
0.049300000000000004,6947.606777653196,0.0,0.0,5.120355243246232,6.012458644022923e-14,6.012458644022923e-14
0.049350000000000005,6947.7364459353375,0.0,0.0,5.120426209084859,6.012567091421032e-14,6.012567091421032e-14
0.0494,6947.865525825261,0.0,0.0,5.12049309287628,6.0126823261638e-14,6.0126823261638e-14
0.04945,6947.993483460399,0.0,0.0,5.1205671664027985,6.012791475427409e-14,6.012791475427409e-14
0.0495,6948.120409497377,0.0,0.0,5.1206414947794645,6.012903229477371e-14,6.012903229477371e-14
0.049550000000000004,6948.246100819609,0.0,0.0,5.120717693135164,6.013012046143006e-14,6.013012046143006e-14
0.049600000000000005,6948.370038782378,0.0,0.0,5.120798902100205,6.013119928600657e-14,6.013119928600657e-14
0.04965,6948.492565809418,0.0,0.0,5.120877419826013,6.013227541432331e-14,6.013227541432331e-14
0.0497,6948.613084402838,0.0,0.0,5.120964220767946,6.013331349144731e-14,6.013331349144731e-14
0.04975,6948.731752338285,0.0,0.0,5.121045648941431,6.013437390048344e-14,6.013437390048344e-14
0.049800000000000004,6948.848096141834,0.0,0.0,5.121136217084583,6.013535859984193e-14,6.013535859984193e-14
0.049850000000000005,6948.9622218351915,0.0,0.0,5.121221558469765,6.013639352244214e-14,6.013639352244214e-14
0.0499,6949.073664189313,0.0,0.0,5.121313942902634,6.013733708369323e-14,6.013733708369323e-14
0.04995,6949.182638367284,0.0,0.0,5.121404018450079,6.013832311354662e-14,6.013832311354662e-14
0.05,6949.288574732004,0.0,0.0,5.121496715040683,6.01392243955949e-14,6.01392243955949e-14
0.050050000000000004,6949.391596495773,0.0,0.0,5.12159141245792,6.014016304174658e-14,6.014016304174658e-14
0.050100000000000006,6949.491615380552,0.0,0.0,5.121684198265915,6.014100696411533e-14,6.014100696411533e-14
0.05015,6949.588120137209,0.0,0.0,5.1217821114871676,6.014189397009636e-14,6.014189397009636e-14
0.0502,6949.681401740513,0.0,0.0,5.121875486921583,6.01426922600785e-14,6.01426922600785e-14
0.05025,6949.771116225192,0.0,0.0,5.121975165554493,6.014349919936681e-14,6.014349919936681e-14
0.050300000000000004,6949.8571196821285,0.0,0.0,5.122069416393893,6.014425322180003e-14,6.014425322180003e-14
0.050350000000000006,6949.939381486271,0.0,0.0,5.122169342670493,6.014499289378374e-14,6.014499289378374e-14
0.0504,6950.017825582622,0.0,0.0,5.122265093770433,6.014568144123355e-14,6.014568144123355e-14
0.05045,6950.092092975745,0.0,0.0,5.12236350851798,6.014634820294684e-14,6.014634820294684e-14
0.0505,6950.162352184212,0.0,0.0,5.1224610217606745,6.014697819856427e-14,6.014697819856427e-14
0.050550000000000005,6950.228417995475,0.0,0.0,5.122557274741821,6.014756237046868e-14,6.014756237046868e-14
0.0506,6950.290081104481,0.0,0.0,5.122655497932252,6.014812893570832e-14,6.014812893570832e-14
0.05065,6950.347417014769,0.0,0.0,5.122749729711053,6.014863332057052e-14,6.014863332057052e-14
0.0507,6950.400206464067,0.0,0.0,5.122847386388014,6.014912355067368e-14,6.014912355067368e-14
0.05075,6950.448472110533,0.0,0.0,5.122939848878808,6.014955224325386e-14,6.014955224325386e-14
0.050800000000000005,6950.4921142352705,0.0,0.0,5.123035572812218,6.014996407561514e-14,6.014996407561514e-14
0.05085,6950.531057694413,0.0,0.0,5.123126501713715,6.015031159142991e-14,6.015031159142991e-14
0.0509,6950.565261941335,0.0,0.0,5.123219015440222,6.015064169139008e-14,6.015064169139008e-14
0.05095,6950.594684936915,0.0,0.0,5.123308525546908,6.015090967167993e-14,6.015090967167993e-14
0.051000000000000004,6950.619276042455,0.0,0.0,5.123396912885067,6.015115360800292e-14,6.015115360800292e-14
0.051050000000000005,6950.638995745305,0.0,0.0,5.123484550495459,6.015134220079694e-14,6.015134220079694e-14
0.0511,6950.653838085314,0.0,0.0,5.123568571932918,6.015149804256172e-14,6.015149804256172e-14
0.05115,6950.663747923065,0.0,0.0,5.123653324572927,6.015160450055049e-14,6.015160450055049e-14
0.0512,6950.6687380908725,0.0,0.0,5.123733125138756,6.015167336783617e-14,6.015167336783617e-14
0.051250000000000004,6950.668787600303,0.0,0.0,5.123813863014266,6.01516963563794e-14,6.01516963563794e-14
0.051300000000000005,6950.663898940443,0.0,0.0,5.1238896191154115,6.015167880017729e-14,6.015167880017729e-14
0.05135,6950.654086455935,0.0,0.0,5.123965300006442,6.01516160499895e-14,6.01516160499895e-14
0.0514,6950.639358482941,0.0,0.0,5.124037014679426,6.015151389947425e-14,6.015151389947425e-14
0.05145,6950.619722077975,0.0,0.0,5.12410697308608,6.0151364891481e-14,6.0151364891481e-14
0.051500000000000004,6950.595254377915,0.0,0.0,5.124174263952398,6.015118038620516e-14,6.015118038620516e-14
0.051550000000000006,6950.565932246386,0.0,0.0,5.12423818253664,6.015094298764388e-14,6.015094298764388e-14
0.0516,6950.531811451672,0.0,0.0,5.124300538334624,6.015068036128052e-14,6.015068036128052e-14
0.05165,6950.492944034799,0.0,0.0,5.124358270150161,6.015035469149745e-14,6.015035469149745e-14
0.0517,6950.449452040499,0.0,0.0,5.124414910772391,6.015001218062669e-14,6.015001218062669e-14
0.051750000000000004,6950.401216730951,0.0,0.0,5.124466670100829,6.014960591607598e-14,6.014960591607598e-14
0.051800000000000006,6950.348540381513,0.0,0.0,5.124516791712851,6.014918392604665e-14,6.014918392604665e-14
0.05185,6950.291305678941,0.0,0.0,5.124562576184708,6.014869461620351e-14,6.014869461620351e-14
0.0519,6950.229670305365,0.0,0.0,5.124605768177159,6.014819934233666e-14,6.014819934233666e-14
0.05195,6950.163788940513,0.0,0.0,5.124645308206301,6.014763317455295e-14,6.014763317455295e-14
0.052000000000000005,6950.093641723988,0.0,0.0,5.124681384256581,6.014705927266751e-14,6.014705927266751e-14
0.05205,6950.0193817189265,0.0,0.0,5.124714366916137,6.014642804743093e-14,6.014642804743093e-14
0.0521,6949.941129056608,0.0,0.0,5.124743244286169,6.014577224857491e-14,6.014577224857491e-14
0.05215,6949.858979394765,0.0,0.0,5.124769285466575,6.014507972252386e-14,6.014507972252386e-14
0.0522,6949.772984282437,0.0,0.0,5.124791027725633,6.014435295654876e-14,6.014435295654876e-14
0.052250000000000005,6949.683469385557,0.0,0.0,5.12480975755169,6.014359752311636e-14,6.014359752311636e-14
0.0523,6949.590202860352,0.0,0.0,5.124824400918223,6.014279778545207e-14,6.014279778545207e-14
0.05235,6949.49368690893,0.0,0.0,5.124835640057451,6.01419968960606e-14,6.01419968960606e-14
0.0524,6949.39386640736,0.0,0.0,5.124843073507176,6.014112199478948e-14,6.014112199478948e-14
0.052450000000000004,6949.2908354474,0.0,0.0,5.1248468456305725,6.014027485007732e-14,6.014027485007732e-14
0.052500000000000005,6949.184884959749,0.0,0.0,5.124846913066605,6.013934148927589e-14,6.013934148927589e-14
0.05255,6949.076143728074,0.0,0.0,5.1248433154458315,6.013844381856583e-14,6.013844381856583e-14
0.0526,6948.964672458513,0.0,0.0,5.1248358988456655,6.013745807001334e-14,6.013745807001334e-14
0.05265,6948.850668675982,0.0,0.0,5.124825044108558,6.013652160857444e-14,6.013652160857444e-14
0.052700000000000004,6948.734401270268,0.0,0.0,5.1248101518335165,6.01354854514095e-14,6.01354854514095e-14
0.052750000000000005,6948.61588388823,0.0,0.0,5.124792072888778,6.013450586553557e-14,6.013450586553557e-14
0.0528,6948.495395461787,0.0,0.0,5.124769877727746,6.013344269904885e-14,6.013344269904885e-14
0.05285,6948.373017979763,0.0,0.0,5.124744546766953,6.013241715785847e-14,6.013241715785847e-14
0.0529,6948.248989133396,0.0,0.0,5.124715345697507,6.013132712645587e-14,6.013132712645587e-14
0.052950000000000004,6948.123400344962,0.0,0.0,5.124682730638129,6.013026650313533e-14,6.013026650313533e-14
0.053000000000000005,6947.996491237229,0.0,0.0,5.1246468527186755,6.012916381059588e-14,6.012916381059588e-14
0.05305,6947.86856731578,0.0,0.0,5.124607056489234,6.012805960851579e-14,6.012805960851579e-14
0.0531,6947.739446765825,0.0,0.0,5.1245646930633715,6.012695883614135e-14,6.012695883614135e-14
0.05315,6947.609673300141,0.0,0.0,5.1245180311226255,6.012581869198506e-14,6.012581869198506e-14
0.053200000000000004,6947.4793260644265,0.0,0.0,5.1244693261094945,6.012471737722858e-14,6.012471737722858e-14
0.053250000000000006,6947.348524544272,0.0,0.0,5.124416218067214,6.012355903078132e-14,6.012355903078132e-14
0.0533,6947.217554786141,0.0,0.0,5.124361219709684,6.01224610346887e-14,6.01224610346887e-14
0.05335,6947.08653738345,0.0,0.0,5.124302273566235,6.012127882871286e-14,6.012127882871286e-14
0.0534,6946.955639768004,0.0,0.0,5.124240984672981,6.01202028945346e-14,6.01202028945346e-14
0.053450000000000004,6946.82515275595,0.0,0.0,5.124176832774679,6.011901021886343e-14,6.011901021886343e-14
0.053500000000000006,6946.695215509491,0.0,0.0,5.124109422598832,6.01179392111595e-14,6.01179392111595e-14
0.05355,6946.565739830247,0.0,0.0,5.124040438595518,6.011676427230446e-14,6.011676427230446e-14
0.0536,6946.437552790302,0.0,0.0,5.123967487653242,6.011569454334666e-14,6.011569454334666e-14
0.05365,6946.310041594568,0.0,0.0,5.123893782393402,6.011454102701751e-14,6.011454102701751e-14
0.053700000000000005,6946.183924883793,0.0,0.0,5.123815984049388,6.011349179758357e-14,6.011349179758357e-14
0.05375,6946.05930721743,0.0,0.0,5.123737765182199,6.011235854776592e-14,6.011235854776592e-14
0.0538,6945.936194065805,0.0,0.0,5.123655824483766,6.011131690704782e-14,6.011131690704782e-14
0.05385,6945.814823281491,0.0,0.0,5.123573157184353,6.011024720498974e-14,6.011024720498974e-14
0.0539,6945.69562327028,0.0,0.0,5.123488027318121,6.010920153331327e-14,6.010920153331327e-14
0.053950000000000005,6945.5783801756415,0.0,0.0,5.123400984299763,6.010818533186595e-14,6.010818533186595e-14
0.054,6945.463361806349,0.0,0.0,5.123313298976239,6.010716535317767e-14,6.010716535317767e-14
0.05405,6945.351150653582,0.0,0.0,5.123222550980653,6.010620240746287e-14,6.010620240746287e-14
0.0541,6945.241206756454,0.0,0.0,5.1231324797665385,6.010520402473624e-14,6.010520402473624e-14
0.054150000000000004,6945.1342693039005,0.0,0.0,5.123038877120632,6.010431453806691e-14,6.010431453806691e-14
0.054200000000000005,6945.030049603471,0.0,0.0,5.122946604833609,6.01033354573826e-14,6.01033354573826e-14
0.05425,6944.929087171276,0.0,0.0,5.122851108925021,6.010251163411517e-14,6.010251163411517e-14
0.0543,6944.831199282686,0.0,0.0,5.1227566897284555,6.010158588587866e-14,6.010158588587866e-14
0.05435,6944.7367491404775,0.0,0.0,5.122660281627056,6.010081667800646e-14,6.010081667800646e-14
0.054400000000000004,6944.645671502628,0.0,0.0,5.122563884452913,6.009994216723035e-14,6.009994216723035e-14
0.054450000000000005,6944.558303567267,0.0,0.0,5.122467394350266,6.009923689226419e-14,6.009923689226419e-14
0.0545,6944.474645018348,0.0,0.0,5.122369460403408,6.009843262307225e-14,6.009843262307225e-14
0.05455,6944.394843807881,0.0,0.0,5.122273342801374,6.009777777676077e-14,6.009777777676077e-14
0.0546,6944.319110743528,0.0,0.0,5.122174711485553,6.009705784890384e-14,6.009705784890384e-14
0.054650000000000004,6944.247336039409,0.0,0.0,5.122079072123876,6.00964493716904e-14,6.00964493716904e-14
0.054700000000000006,6944.179917823841,0.0,0.0,5.12198085329879,6.009582248365669e-14,6.009582248365669e-14
0.05475,6944.116607351378,0.0,0.0,5.1218856496720475,6.009527025746222e-14,6.009527025746222e-14
0.0548,6944.057853009938,0.0,0.0,5.121788972702704,6.009473575212597e-14,6.009473575212597e-14
0.05485,6944.003446997838,0.0,0.0,5.121694266123198,6.00942277721316e-14,6.00942277721316e-14
0.054900000000000004,6943.953516695224,0.0,0.0,5.121599964501352,6.009380878430141e-14,6.009380878430141e-14
0.054950000000000006,6943.908334128347,0.0,0.0,5.12150621799684,6.009334897262318e-14,6.009334897262318e-14
0.055,6943.867725340463,0.0,0.0,5.1214147830046075,6.009302577427113e-14,6.009302577427113e-14
0.05505,6943.831694990603,0.0,0.0,5.121322576718671,6.009263930508472e-14,6.009263930508472e-14
0.0551,6943.800707745152,0.0,0.0,5.121234424716922,6.00924046351469e-14,6.00924046351469e-14
0.055150000000000005,6943.774472008514,0.0,0.0,5.12114464253172,6.009208498058859e-14,6.009208498058859e-14
0.055200000000000006,6943.752877212368,0.0,0.0,5.121059520714531,6.009195931101515e-14,6.009195931101515e-14
0.05525,6943.736459039113,0.0,0.0,5.120973564829334,6.009170622879991e-14,6.009170622879991e-14
0.0553,6943.724892157356,0.0,0.0,5.120891294378641,6.009165678761241e-14,6.009165678761241e-14
0.05535,6943.71811099137,0.0,0.0,5.120809944608346,6.009151602213731e-14,6.009151602213731e-14
0.055400000000000005,6943.716569147342,0.0,0.0,5.120730910855767,6.009153057263184e-14,6.009153057263184e-14
0.05545,6943.71969245686,0.0,0.0,5.120654630745728,6.009148233576083e-14,6.009148233576083e-14
0.0555,6943.72785681595,0.0,0.0,5.1205792708920566,6.009157770323994e-14,6.009157770323994e-14
0.05555,6943.740982307932,0.0,0.0,5.1205084634614115,6.009162978399047e-14,6.009162978399047e-14
0.055600000000000004,6943.758983353274,0.0,0.0,5.120437415453629,6.009178357189214e-14,6.009178357189214e-14
0.055650000000000005,6943.781789983393,0.0,0.0,5.12037196361715,6.009195550507233e-14,6.009195550507233e-14
0.0557,6943.809570459671,0.0,0.0,5.1203063357432335,6.00921575261148e-14,6.00921575261148e-14
0.05575,6943.8419921740915,0.0,0.0,5.120245873035691,6.009244168726661e-14,6.009244168726661e-14
0.0558,6943.879301884113,0.0,0.0,5.12018666196106,6.009270886666448e-14,6.009270886666448e-14
0.055850000000000004,6943.921389177444,0.0,0.0,5.120131124955372,6.009309075019048e-14,6.009309075019048e-14
0.055900000000000005,6943.96788086993,0.0,0.0,5.120078764688946,6.009342043954804e-14,6.009342043954804e-14
0.05595,6944.019260097532,0.0,0.0,5.120028550880384,6.009390532817143e-14,6.009390532817143e-14
0.056,6944.074978288327,0.0,0.0,5.119983223023423,6.009429442484524e-14,6.009429442484524e-14
0.05605,6944.135236533036,0.0,0.0,5.119938749134846,6.009486993648508e-14,6.009486993648508e-14
0.056100000000000004,6944.199683239023,0.0,0.0,5.119900386983631,6.009533536902513e-14,6.009533536902513e-14
0.056150000000000005,6944.26863787056,0.0,0.0,5.119862478533467,6.009597730750883e-14,6.009597730750883e-14
0.0562,6944.341528432127,0.0,0.0,5.1198306173439665,6.009652461702491e-14,6.009652461702491e-14
0.05625,6944.418559792147,0.0,0.0,5.119800048561693,6.009723690889295e-14,6.009723690889295e-14
0.0563,6944.499478041418,0.0,0.0,5.119774451883706,6.009785889074156e-14,6.009785889074156e-14
0.056350000000000004,6944.584302936731,0.0,0.0,5.119751756575049,6.009861857026327e-14,6.009861857026327e-14
0.056400000000000006,6944.672735953677,0.0,0.0,5.119732265269251,6.009934061653189e-14,6.009934061653189e-14
0.05645,6944.764792996907,0.0,0.0,5.119717674813954,6.010013600341094e-14,6.010013600341094e-14
0.0565,6944.8604121188355,0.0,0.0,5.11970459082582,6.010093542266023e-14,6.010093542266023e-14
0.05655,6944.9590752490685,0.0,0.0,5.119697699477436,6.01017781762443e-14,6.01017781762443e-14
0.056600000000000004,6945.061211494971,0.0,0.0,5.119691715934909,6.010265772056078e-14,6.010265772056078e-14
0.056650000000000006,6945.166271446704,0.0,0.0,5.119692055201773,6.010352358184423e-14,6.010352358184423e-14
0.0567,6945.274202053133,0.0,0.0,5.119693534890022,6.010448774719131e-14,6.010448774719131e-14
0.05675,6945.38483752293,0.0,0.0,5.11970075660352,6.010538104973176e-14,6.010538104973176e-14
0.0568,6945.498154383556,0.0,0.0,5.119710166370608,6.010640187611534e-14,6.010640187611534e-14
0.056850000000000005,6945.613712158196,0.0,0.0,5.119723760071242,6.01073382836697e-14,6.01073382836697e-14
0.056900000000000006,6945.731697572418,0.0,0.0,5.119741342754557,6.010840486969281e-14,6.010840486969281e-14
0.05695,6945.851608156462,0.0,0.0,5.119761178297486,6.010937047071708e-14,6.010937047071708e-14
0.057,6945.973414523225,0.0,0.0,5.119786587819984,6.011048143728577e-14,6.011048143728577e-14
0.057050000000000003,6946.0970986883185,0.0,0.0,5.11981308361195,6.011147962019026e-14,6.011147962019026e-14
0.057100000000000005,6946.222176143729,0.0,0.0,5.119845548044237,6.01126130376802e-14,6.01126130376802e-14
0.05715,6946.348675933352,0.0,0.0,5.119879052628357,6.011365461779819e-14,6.011365461779819e-14
0.0572,6946.476487474042,0.0,0.0,5.119918084677401,6.011478864464868e-14,6.011478864464868e-14
0.05725,6946.605178764051,0.0,0.0,5.119958638055137,6.011587248711207e-14,6.011587248711207e-14
0.057300000000000004,6946.734748573969,0.0,0.0,5.120003699429614,6.011701379733302e-14,6.011701379733302e-14
0.057350000000000005,6946.865069190664,0.0,0.0,5.120051488734538,6.01181193154717e-14,6.01181193154717e-14
0.0574,6946.995729415405,0.0,0.0,5.120102001451332,6.011925388963522e-14,6.011925388963522e-14
0.05745,6947.126704873929,0.0,0.0,5.120156767155462,6.012039729775454e-14,6.012039729775454e-14
0.0575,6947.25785560255,0.0,0.0,5.120212783683265,6.012150927386893e-14,6.012150927386893e-14
0.057550000000000004,6947.3887970039,0.0,0.0,5.1202737035374115,6.012267080535311e-14,6.012267080535311e-14
0.057600000000000005,6947.519474114748,0.0,0.0,5.1203353627192,6.01237729196943e-14,6.01237729196943e-14
0.05765,6947.64973611535,0.0,0.0,5.120401759870009,6.012493725617676e-14,6.012493725617676e-14
0.0577,6947.779304748526,0.0,0.0,5.120469040549108,6.012602047709795e-14,6.012602047709795e-14
0.05775,6947.908060770336,0.0,0.0,5.120540149577859,6.01271868708232e-14,6.01271868708232e-14
0.057800000000000004,6948.03573766631,0.0,0.0,5.120612994948278,6.012824811060716e-14,6.012824811060716e-14
0.057850000000000006,6948.162318325724,0.0,0.0,5.120688268234248,6.012939415015883e-14,6.012939415015883e-14
0.0579,6948.287434312796,0.0,0.0,5.120766272532821,6.013044309981624e-14,6.013044309981624e-14
0.05795,6948.411075628082,0.0,0.0,5.120845354407706,6.013156046962547e-14,6.013156046962547e-14
0.058,6948.532922132026,0.0,0.0,5.1209279087399056,6.013258579858519e-14,6.013258579858519e-14
0.058050000000000004,6948.652916445679,0.0,0.0,5.121010619476837,6.01336653124007e-14,6.01336653124007e-14
0.058100000000000006,6948.7707828539205,0.0,0.0,5.121096910461943,6.013467104616785e-14,6.013467104616785e-14
0.05815,6948.886473034814,0.0,0.0,5.121183186151517,6.013570065566573e-14,6.013570065566573e-14
0.0582,6948.999682212841,0.0,0.0,5.121272308136329,6.013668231643473e-14,6.013668231643473e-14
0.05825,6949.1103647191585,0.0,0.0,5.121361997236776,6.013765461787422e-14,6.013765461787422e-14
0.058300000000000005,6949.218320032601,0.0,0.0,5.1214532525028105,6.013860540110677e-14,6.013860540110677e-14
0.058350000000000006,6949.323332844167,0.0,0.0,5.121545875304085,6.013952207035743e-14,6.013952207035743e-14
0.0584,6949.425424545701,0.0,0.0,5.121638857420231,6.014043058214264e-14,6.014043058214264e-14
0.05845,6949.524247401109,0.0,0.0,5.121733717105715,6.014128436742717e-14,6.014128436742717e-14
0.0585,6949.619800166076,0.0,0.0,5.1218280402835035,6.01421507694889e-14,6.01421507694889e-14
0.058550000000000005,6949.711914715932,0.0,0.0,5.121924486468112,6.014293766139468e-14,6.014293766139468e-14
0.058600000000000006,6949.80046577033,0.0,0.0,5.122019813591394,6.014374760762503e-14,6.014374760762503e-14
0.05865,6949.885226646968,0.0,0.0,5.12211694006777,6.014447584550962e-14,6.014447584550962e-14
0.0587,6949.966289923568,0.0,0.0,5.122213205680554,6.014521711228215e-14,6.014521711228215e-14
0.058750000000000004,6950.043329321007,0.0,0.0,5.122310109625297,6.014588047147367e-14,6.014588047147367e-14
0.058800000000000005,6950.116327961278,0.0,0.0,5.122406817211745,6.014655529778454e-14,6.014655529778454e-14
0.05885,6950.185197769728,0.0,0.0,5.122503062411508,6.014715011775266e-14,6.014715011775266e-14
0.0589,6950.249791247433,0.0,0.0,5.1225995292027555,6.014774555995462e-14,6.014774555995462e-14
0.05895,6950.310044690079,0.0,0.0,5.122694658995449,6.014827697443475e-14,6.014827697443475e-14
0.059000000000000004,6950.365883592231,0.0,0.0,5.122790255720523,6.014878959396259e-14,6.014878959396259e-14
0.059050000000000005,6950.417201791364,0.0,0.0,5.12288386598641,6.014924953777948e-14,6.014924953777948e-14
0.0591,6950.463933066999,0.0,0.0,5.1229778225074005,6.014967958123108e-14,6.014967958123108e-14
0.05915,6950.506040623616,0.0,0.0,5.123069678854563,6.015006527810337e-14,6.015006527810337e-14
0.0592,6950.5434219018725,0.0,0.0,5.123161196678878,6.015041033003334e-14,6.015041033003334e-14
0.059250000000000004,6950.5760608508535,0.0,0.0,5.123250946156341,6.015071850812454e-14,6.015071850812454e-14
0.059300000000000005,6950.603883816473,0.0,0.0,5.1233394344896475,6.015097833154644e-14,6.015097833154644e-14
0.05935,6950.62686399356,0.0,0.0,5.123426555676528,6.01512048993982e-14,6.01512048993982e-14
0.0594,6950.644967865941,0.0,0.0,5.1235116022655705,6.015138089017926e-14,6.015138089017926e-14
0.05945,6950.658168480701,0.0,0.0,5.12359548152228,6.015152204758238e-14,6.015152204758238e-14
0.059500000000000004,6950.666443348638,0.0,0.0,5.123676719915251,6.015161474931064e-14,6.015161474931064e-14
0.059550000000000006,6950.66978599165,0.0,0.0,5.123756751079243,6.015166887080117e-14,6.015166887080117e-14
0.0596,6950.668188959945,0.0,0.0,5.123833893283061,6.015167846493103e-14,6.015167846493103e-14
0.05965,6950.661656128304,0.0,0.0,5.123909443721838,6.015164465100362e-14,6.015164465100362e-14
0.0597,6950.650198983022,0.0,0.0,5.123982177033461,6.015157094452923e-14,6.015157094452923e-14
0.059750000000000004,6950.633824624655,0.0,0.0,5.12405276323652,6.015145048772959e-14,6.015145048772959e-14
0.059800000000000006,6950.61256559916,0.0,0.0,5.124120702381831,6.015129286839256e-14,6.015129286839256e-14
0.05985,6950.586453023833,0.0,0.0,5.12418590144655,6.015108658302086e-14,6.015108658302086e-14
0.0599,6950.555513069324,0.0,0.0,5.124248652242895,6.015084513624569e-14,6.015084513624569e-14
0.05995,6950.5197912750245,0.0,0.0,5.124308175435487,6.015055779134483e-14,6.015055779134483e-14
0.060000000000000005,6950.479363865394,0.0,0.0,5.124365240383333,6.015022888999541e-14,6.015022888999541e-14
0.060050000000000006,6950.434240153236,0.0,0.0,5.124418902618696,6.014986423493794e-14,6.014986423493794e-14
0.0601,6950.38451777656,0.0,0.0,5.124469852628258,6.01494513624401e-14,6.01494513624401e-14
0.06015,6950.330295688608,0.0,0.0,5.124517389634875,6.014901024222942e-14,6.014901024222942e-14
0.060200000000000004,6950.271568404415,0.0,0.0,5.12456193068188,6.014851343870531e-14,6.014851343870531e-14
0.060250000000000005,6950.2084974782765,0.0,0.0,5.124603093464202,6.014800254650939e-14,6.014800254650939e-14
0.0603,6950.141136491225,0.0,0.0,5.124640939608311,6.014742208907332e-14,6.014742208907332e-14
0.06035,6950.06959410341,0.0,0.0,5.124675502648936,6.014684353715845e-14,6.014684353715845e-14
0.0604,6949.993943333854,0.0,0.0,5.124706477502409,6.014618654760208e-14,6.014618654760208e-14
0.060450000000000004,6949.914360502835,0.0,0.0,5.124734177515944,6.014553882355589e-14,6.014553882355589e-14
0.060500000000000005,6949.830825016214,0.0,0.0,5.1247581820762615,6.014481218981807e-14,6.014481218981807e-14
0.06055,6949.74363385885,0.0,0.0,5.124778797622369,6.014409787254804e-14,6.014409787254804e-14
0.0606,6949.652758820814,0.0,0.0,5.124795732050074,6.014330622371544e-14,6.014330622371544e-14
0.06065,6949.558389476164,0.0,0.0,5.124809141596659,6.014252840806415e-14,6.014252840806415e-14
0.060700000000000004,6949.460685904852,0.0,0.0,5.124818899452438,6.014167918486405e-14,6.014167918486405e-14
0.060750000000000005,6949.359746344082,0.0,0.0,5.124825041992516,6.014083436555543e-14,6.014083436555543e-14
0.0608,6949.255706942937,0.0,0.0,5.124827549315311,6.013994319916972e-14,6.013994319916972e-14
0.06085,6949.148770238408,0.0,0.0,5.124826418084415,6.01390320525824e-14,6.01390320525824e-14
0.0609,6949.039063373651,0.0,0.0,5.124821627783939,6.013809759085637e-14,6.013809759085637e-14
0.060950000000000004,6948.9266630866405,0.0,0.0,5.12481325576564,6.013713122403454e-14,6.013713122403454e-14
0.061000000000000006,6948.8119036567405,0.0,0.0,5.124801186201311,6.013616455798957e-14,6.013616455798957e-14
0.06105,6948.694757843845,0.0,0.0,5.124785613920181,6.01351371433985e-14,6.01351371433985e-14
0.0611,6948.5755217711685,0.0,0.0,5.124766350082712,6.013414612778059e-14,6.013414612778059e-14
0.06115,6948.454269152453,0.0,0.0,5.124743641150144,6.013307223516755e-14,6.013307223516755e-14
0.061200000000000004,6948.3313073382815,0.0,0.0,5.124717332621145,6.013205269058302e-14,6.013205269058302e-14
0.061250000000000006,6948.20663466871,0.0,0.0,5.124687564610858,6.013094141505387e-14,6.013094141505387e-14
0.0613,6948.080555990989,0.0,0.0,5.124654402068032,6.01299018592226e-14,6.01299018592226e-14
0.06135,6947.9532126448985,0.0,0.0,5.124617726844938,6.012875824243321e-14,6.012875824243321e-14
0.0614,6947.824804169362,0.0,0.0,5.124577900602786,6.012769728787037e-14,6.012769728787037e-14
0.061450000000000005,6947.695454754169,0.0,0.0,5.124534527749751,6.012654208258442e-14,6.012654208258442e-14
0.061500000000000006,6947.565443089895,0.0,0.0,5.12448825081806,6.012545566571859e-14,6.012545566571859e-14
0.06155,6947.434866843637,0.0,0.0,5.124438463937358,6.012429608094999e-14,6.012429608094999e-14
0.0616,6947.30393840218,0.0,0.0,5.124385931760757,6.012319111841082e-14,6.012319111841082e-14
0.06165,6947.172913763314,0.0,0.0,5.124330105676108,6.012203861326269e-14,6.012203861326269e-14
0.061700000000000005,6947.041845032878,0.0,0.0,5.124271520391861,6.012091527168629e-14,6.012091527168629e-14
0.061750000000000006,6946.911017066748,0.0,0.0,5.1242100372414585,6.011978024990334e-14,6.011978024990334e-14
0.0618,6946.780608386492,0.0,0.0,5.124145713109017,6.011863821354956e-14,6.011863821354956e-14
0.06185,6946.650731974518,0.0,0.0,5.12407890362173,6.011753533996307e-14,6.011753533996307e-14
0.061900000000000004,6946.521648558289,0.0,0.0,5.1240092373452955,6.011638297340008e-14,6.011638297340008e-14
0.061950000000000005,6946.393566283882,0.0,0.0,5.123937455115029,6.011530417865707e-14,6.011530417865707e-14
0.062,6946.26648041224,0.0,0.0,5.123862856604083,6.011415944863589e-14,6.011415944863589e-14
0.06205,6946.140856290041,0.0,0.0,5.123786475633476,6.011311481286227e-14,6.011311481286227e-14
0.0621,6946.016672565618,0.0,0.0,5.123707465760454,6.011197290071536e-14,6.011197290071536e-14
0.062150000000000004,6945.89411519787,0.0,0.0,5.123626754005335,6.011096974909227e-14,6.011096974909227e-14
0.062200000000000005,6945.773439615531,0.0,0.0,5.123543942128391,6.010985327827663e-14,6.010985327827663e-14
0.06225,6945.654875185268,0.0,0.0,5.1234592930830045,6.010887318305752e-14,6.010887318305752e-14
0.0623,6945.538304686022,0.0,0.0,5.123373104439179,6.010780280455669e-14,6.010780280455669e-14
0.06235,6945.424257074785,0.0,0.0,5.123285072965219,6.010685505257689e-14,6.010685505257689e-14
0.062400000000000004,6945.312638078819,0.0,0.0,5.123195963479797,6.010582769418068e-14,6.010582769418068e-14
0.062450000000000006,6945.203700574865,0.0,0.0,5.123105057408032,6.010491264068361e-14,6.010491264068361e-14
0.0625,6945.097597417576,0.0,0.0,5.123013492475618,6.010395353101501e-14,6.010395353101501e-14
0.06255000000000001,6944.994479545138,0.0,0.0,5.12292033045759,6.010306095973592e-14,6.010306095973592e-14
0.0626,6944.894438387548,0.0,0.0,5.122826677080501,6.010217669662722e-14,6.010217669662722e-14
0.06265,6944.7976861423085,0.0,0.0,5.12273194343866,6.010131603568291e-14,6.010131603568291e-14
0.0627,6944.704378410546,0.0,0.0,5.122636632490676,6.01005111957894e-14,6.01005111957894e-14
0.06275,6944.614528646051,0.0,0.0,5.1225409021255475,6.009968680957739e-14,6.009968680957739e-14
0.06280000000000001,6944.528437739697,0.0,0.0,5.122444470476961,6.009896387537668e-14,6.009896387537668e-14
0.06285,6944.446016841477,0.0,0.0,5.122348264268541,6.009818172886453e-14,6.009818172886453e-14
0.0629,6944.367650331608,0.0,0.0,5.122251329922034,6.00975453906656e-14,6.00975453906656e-14
0.06295,6944.293163605161,0.0,0.0,5.122155088249086,6.009681469838999e-14,6.009681469838999e-14
0.063,6944.222927732029,0.0,0.0,5.122058319576077,6.009625466555966e-14,6.009625466555966e-14
0.06305000000000001,6944.156769247468,0.0,0.0,5.121962455331397,6.009559448379488e-14,6.009559448379488e-14
0.0631,6944.095059903474,0.0,0.0,5.121866550459473,6.009510799005965e-14,6.009510799005965e-14
0.06315,6944.037675741455,0.0,0.0,5.121771491353181,6.009452035866059e-14,6.009452035866059e-14
0.0632,6943.9847876243675,0.0,0.0,5.12167705024983,6.009410789907452e-14,6.009410789907452e-14
0.06325,6943.936433693865,0.0,0.0,5.121583310477834,6.009361118472467e-14,6.009361118472467e-14
0.06330000000000001,6943.892788513233,0.0,0.0,5.1214909133600885,6.009325266978091e-14,6.009325266978091e-14
0.06335,6943.853738885382,0.0,0.0,5.121398987883292,6.009286281497477e-14,6.009286281497477e-14
0.0634,6943.819451227602,0.0,0.0,5.121309110220901,6.009256657468987e-14,6.009256657468987e-14
0.06345,6943.790071959156,0.0,0.0,5.121219703044908,6.009227238212102e-14,6.009227238212102e-14
0.0635,6943.765356568207,0.0,0.0,5.121132603033907,6.009203841710922e-14,6.009203841710922e-14
0.06355000000000001,6943.745653498914,0.0,0.0,5.12104642994325,6.009186081483419e-14,6.009186081483419e-14
0.0636,6943.730831129215,0.0,0.0,5.12096251572421,6.0091675738363e-14,6.0091675738363e-14
0.06365,6943.720884071561,0.0,0.0,5.120880063807022,6.00916093121098e-14,6.00916093121098e-14
0.0637,6943.715855787791,0.0,0.0,5.12079979531218,6.009149233931439e-14,6.009149233931439e-14
0.06375,6943.715912061357,0.0,0.0,5.120721643399103,6.009152494986333e-14,6.009152494986333e-14
0.06380000000000001,6943.720718405396,0.0,0.0,5.120645345290196,6.00914804492717e-14,6.00914804492717e-14
0.06385,6943.730590228819,0.0,0.0,5.120571954719063,6.00916108777364e-14,6.00916108777364e-14
0.0639,6943.7453212377195,0.0,0.0,5.12050019748001,6.009164060416962e-14,6.009164060416962e-14
0.06395,6943.764962910242,0.0,0.0,5.120431772535006,6.009186354549218e-14,6.009186354549218e-14
0.064,6943.789486921481,0.0,0.0,5.120365177037906,6.009197952000821e-14,6.009197952000821e-14
0.06405000000000001,6943.818873204106,0.0,0.0,5.120301939159667,6.009227557943979e-14,6.009227557943979e-14
0.0641,6943.852967124733,0.0,0.0,5.120240976008671,6.009249238906683e-14,6.009249238906683e-14
0.06415,6943.891935011221,0.0,0.0,5.120183254742044,6.009285367656222e-14,6.009285367656222e-14
0.06420000000000001,6943.935518138938,0.0,0.0,5.120128305453713,6.009316855187882e-14,6.009316855187882e-14
0.06425,6943.983740410245,0.0,0.0,5.120076356562931,6.009359592932206e-14,6.009359592932206e-14
0.06430000000000001,6944.036566453551,0.0,0.0,5.120027800960923,6.009401164241945e-14,6.009401164241945e-14
0.06435,6944.093843593933,0.0,0.0,5.119981929859322,6.0094487613203e-14,6.0094487613203e-14
0.0644,6944.155518270843,0.0,0.0,5.1199399262760235,6.009501472568124e-14,6.009501472568124e-14
0.06445000000000001,6944.221529125846,0.0,0.0,5.119900583819299,6.00955415278618e-14,6.00955415278618e-14
0.0645,6944.29178091769,0.0,0.0,5.11986519286008,6.009615959197587e-14,6.009615959197587e-14
0.06455,6944.366066265405,0.0,0.0,5.119832715051087,6.009674256966265e-14,6.009674256966265e-14
0.0646,6944.444478848243,0.0,0.0,5.119804068120375,6.009745494439134e-14,6.009745494439134e-14
0.06465,6944.5267208519435,0.0,0.0,5.119778728691373,6.009808560973193e-14,6.009808560973193e-14
0.06470000000000001,6944.612805011237,0.0,0.0,5.11975688044138,6.009887878196943e-14,6.009887878196943e-14
0.06475,6944.702459526202,0.0,0.0,5.1197388693922,6.009957116849404e-14,6.009957116849404e-14
0.0648,6944.795827596898,0.0,0.0,5.1197240246252305,6.010042689282187e-14,6.010042689282187e-14
0.06485,6944.892434934786,0.0,0.0,5.119713294200714,6.01011832306321e-14,6.01011832306321e-14
0.0649,6944.992405161683,0.0,0.0,5.119705643322276,6.010209527958426e-14,6.010209527958426e-14
0.06495000000000001,6945.0954752371945,0.0,0.0,5.119702213245861,6.010291360540443e-14,6.010291360540443e-14
0.065,6945.201546325624,0.0,0.0,5.119701860328096,6.010386784519115e-14,6.010386784519115e-14
0.06505,6945.310394929237,0.0,0.0,5.119705614318594,6.010475739238588e-14,6.010475739238588e-14
0.0651,6945.4219946017965,0.0,0.0,5.119712742395372,6.010573782729071e-14,6.010573782729071e-14
0.06515,6945.536034635915,0.0,0.0,5.1197235051789365,6.010669664154213e-14,6.010669664154213e-14
0.06520000000000001,6945.6524351965045,0.0,0.0,5.119738131126357,6.01076989969787e-14,6.01076989969787e-14
0.06525,6945.77109889854,0.0,0.0,5.119755908794748,6.010871808601064e-14,6.010871808601064e-14
0.0653,6945.891659883986,0.0,0.0,5.119777807059955,6.010974097891431e-14,6.010974097891431e-14
0.06535,6946.014184234301,0.0,0.0,5.1198026293573005,6.011081505954684e-14,6.011081505954684e-14
0.0654,6946.138306799384,0.0,0.0,5.1198315963087895,6.011184541577542e-14,6.011184541577542e-14
0.06545000000000001,6946.263965571366,0.0,0.0,5.119863366949779,6.011297190010684e-14,6.011297190010684e-14
0.0655,6946.390916903933,0.0,0.0,5.1198991839085775,6.011401484034708e-14,6.011401484034708e-14
0.06555,6946.519083116319,0.0,0.0,5.11993783265533,6.01151682153158e-14,6.01151682153158e-14
0.0656,6946.648062025826,0.0,0.0,5.119980115866713,6.011622928383405e-14,6.011622928383405e-14
0.06565,6946.7779694562505,0.0,0.0,5.1200255994968735,6.011740380426232e-14,6.011740380426232e-14
0.06570000000000001,6946.908376724962,0.0,0.0,5.120074052884866,6.011847369892868e-14,6.011847369892868e-14
0.06575,6947.039185522223,0.0,0.0,5.120126009905605,6.011965829385066e-14,6.011965829385066e-14
0.0658,6947.1702289062405,0.0,0.0,5.120180522358222,6.012074356897347e-14,6.012074356897347e-14
0.06585,6947.301324132137,0.0,0.0,5.1202385551448515,6.012191759074093e-14,6.012191759074093e-14
0.0659,6947.432206665307,0.0,0.0,5.120298842927033,6.012301938665832e-14,6.012301938665832e-14
0.06595000000000001,6947.562788370413,0.0,0.0,5.120362581666411,6.012417707810433e-14,6.012417707810433e-14
0.066,6947.692841483954,0.0,0.0,5.120428414041605,6.012528619948699e-14,6.012528619948699e-14
0.06605,6947.822155033882,0.0,0.0,5.120497343366048,6.012641945217064e-14,6.012641945217064e-14
0.0661,6947.950610172994,0.0,0.0,5.120568470737666,6.012753453648558e-14,6.012753453648558e-14
0.06615,6948.077965695286,0.0,0.0,5.120642142815105,6.012863418689561e-14,6.012863418689561e-14
0.06620000000000001,6948.204077972237,0.0,0.0,5.12071815176319,6.012974740348268e-14,6.012974740348268e-14
0.06625,6948.328718591762,0.0,0.0,5.1207961789615934,6.013081110149206e-14,6.013081110149206e-14
0.0663,6948.451797568555,0.0,0.0,5.1208766114628865,6.013191090420777e-14,6.013191090420777e-14
0.06635,6948.573037518246,0.0,0.0,5.120958597117286,6.013293847578764e-14,6.013293847578764e-14
0.0664,6948.692347173267,0.0,0.0,5.121042896785073,6.013401463409359e-14,6.013401463409359e-14
0.06645000000000001,6948.809490252174,0.0,0.0,5.1211284974739195,6.013500138520849e-14,6.013500138520849e-14
0.0665,6948.924374180569,0.0,0.0,5.121216084754822,6.013604537447561e-14,6.013604537447561e-14
0.06655,6949.036753258142,0.0,0.0,5.12130488302775,6.013699332678461e-14,6.013699332678461e-14
0.0666,6949.146563306589,0.0,0.0,5.121395217280025,6.013798926853765e-14,6.013798926853765e-14
0.06665,6949.253534513706,0.0,0.0,5.121486715776695,6.013889885471652e-14,6.013889885471652e-14
0.06670000000000001,6949.357629077935,0.0,0.0,5.121579296595674,6.013984113613137e-14,6.013984113613137e-14
0.06675,6949.458629272678,0.0,0.0,5.121672977572934,6.014070584092163e-14,6.014070584092163e-14
0.0668,6949.556403528991,0.0,0.0,5.121767261152705,6.014158717631373e-14,6.014158717631373e-14
0.06685,6949.650821894961,0.0,0.0,5.121862571139612,6.014240742507313e-14,6.014240742507313e-14
0.0669,6949.741769186376,0.0,0.0,5.121958121725295,6.01432177952701e-14,6.01432177952701e-14
0.06695000000000001,6949.829061393587,0.0,0.0,5.122054370738629,6.014398951465338e-14,6.014398951465338e-14
0.067,6949.91262268842,0.0,0.0,5.122150760271655,6.01447286532319e-14,6.01447286532319e-14
0.06705,6949.992340207328,0.0,0.0,5.122247375859859,6.014544212684497e-14,6.014544212684497e-14
0.0671,6950.068031816323,0.0,0.0,5.122344011377493,6.014610797185071e-14,6.014610797185071e-14
0.06715,6950.139683577632,0.0,0.0,5.122440488288374,6.014675974417672e-14,6.014675974417672e-14
0.06720000000000001,6950.2071260608245,0.0,0.0,5.122536832614918,6.01473488711639e-14,6.01473488711639e-14
0.06725,6950.270292956678,0.0,0.0,5.1226325744692565,6.014793220692403e-14,6.014793220692403e-14
0.0673,6950.3290734733355,0.0,0.0,5.1227280895874765,6.014844579450273e-14,6.014844579450273e-14
0.06735000000000001,6950.3834289185825,0.0,0.0,5.122822624919514,6.014895292799015e-14,6.014895292799015e-14
0.0674,6950.4332179588355,0.0,0.0,5.12291665322355,6.014939162491605e-14,6.014939162491605e-14
0.06745000000000001,6950.478431765756,0.0,0.0,5.123009535456647,6.014981795054128e-14,6.014981795054128e-14
0.0675,6950.518959259067,0.0,0.0,5.12310149878396,6.015017937566646e-14,6.015017937566646e-14
0.06755,6950.554772793506,0.0,0.0,5.123192213157625,6.01505221520388e-14,6.01505221520388e-14
0.06760000000000001,6950.585806296172,0.0,0.0,5.1232815944132755,6.015080582799927e-14,6.015080582799927e-14
0.06765,6950.612022513746,0.0,0.0,5.123369614281708,6.015106149832252e-14,6.015106149832252e-14
0.06770000000000001,6950.633378025726,0.0,0.0,5.123455911103736,6.015126587450826e-14,6.015126587450826e-14
0.06775,6950.649849342536,0.0,0.0,5.123540731616601,6.015143435799742e-14,6.015143435799742e-14
0.0678,6950.661408839208,0.0,0.0,5.12362347958436,6.015155645524258e-14,6.015155645524258e-14
0.06785000000000001,6950.6680411479765,0.0,0.0,5.123704566638913,6.015163842775461e-14,6.015163842775461e-14
0.0679,6950.66973683427,0.0,0.0,5.123783358597475,6.01516760943916e-14,6.01516760943916e-14
0.06795,6950.66649521019,0.0,0.0,5.123860200958165,6.01516726999874e-14,6.01516726999874e-14
0.068,6950.658317082206,0.0,0.0,5.123934617524233,6.015162384568337e-14,6.015162384568337e-14
0.06805,6950.645219876846,0.0,0.0,5.124006767319028,6.015153680887398e-14,6.015153680887398e-14
0.06810000000000001,6950.627211365797,0.0,0.0,5.124076397396179,6.015140055718398e-14,6.015140055718398e-14
0.06815,6950.604335890908,0.0,0.0,5.124143430768551,6.015123131515478e-14,6.015123131515478e-14
0.0682,6950.576602558753,0.0,0.0,5.124207878466603,6.015100747141296e-14,6.015100747141296e-14
0.06825,6950.544067898485,0.0,0.0,5.124269447104129,6.01507575752401e-14,6.01507575752401e-14
0.0683,6950.50677128454,0.0,0.0,5.124328295193572,6.015044770627397e-14,6.015044770627397e-14
0.06835000000000001,6950.464775627273,0.0,0.0,5.12438408778804,6.015011729505882e-14,6.015011729505882e-14
0.0684,6950.4181115739275,0.0,0.0,5.124436992726449,6.014972535613056e-14,6.014972535613056e-14
0.06845,6950.366888647296,0.0,0.0,5.124486692902283,6.014931387863179e-14,6.014931387863179e-14
0.0685,6950.311146466768,0.0,0.0,5.124533338759863,6.014884356564744e-14,6.014884356564744e-14
0.06855,6950.250969909289,0.0,0.0,5.12457669370823,6.014835270351928e-14,6.014835270351928e-14
0.06860000000000001,6950.186461220611,0.0,0.0,5.1246167941088006,6.014780843823795e-14,6.014780843823795e-14
0.06865,6950.117690621347,0.0,0.0,5.124653557902974,6.014723693598391e-14,6.014723693598391e-14
0.0687,6950.044761397123,0.0,0.0,5.1246869047755155,6.014662653271044e-14,6.014662653271044e-14
0.06875,6949.967789311827,0.0,0.0,5.124716841832175,6.014597463476992e-14,6.014597463476992e-14
0.0688,6949.886874910249,0.0,0.0,5.124743266655224,6.014530189148076e-14,6.014530189148076e-14
0.06885000000000001,6949.802109049387,0.0,0.0,5.124766198534735,6.01445746509594e-14,6.01445746509594e-14
0.0689,6949.713677910365,0.0,0.0,5.124785552965758,6.014384261365913e-14,6.014384261365913e-14
0.06895,6949.621614389711,0.0,0.0,5.124801347456089,6.01430425232878e-14,6.01430425232878e-14
0.069,6949.526144160122,0.0,0.0,5.1248135259862035,6.014225817535888e-14,6.014225817535888e-14
0.06905,6949.427331566134,0.0,0.0,5.124822089753669,6.014138976107305e-14,6.014138976107305e-14
0.06910000000000001,6949.325361518023,0.0,0.0,5.124827022507195,6.014055299402112e-14,6.014055299402112e-14
0.06915,6949.220327971832,0.0,0.0,5.124828313500196,6.013962742861526e-14,6.013962742861526e-14
0.0692,6949.112477859272,0.0,0.0,5.124825963596628,6.013873868860722e-14,6.013873868860722e-14
0.06925,6949.0018243822715,0.0,0.0,5.124819979925838,6.013776342837741e-14,6.013776342837741e-14
0.0693,6948.888648927185,0.0,0.0,5.124810359477761,6.01368257396033e-14,6.01368257396033e-14
0.06935000000000001,6948.773047239954,0.0,0.0,5.124797135314368,6.013580952251973e-14,6.013580952251973e-14
0.0694,6948.655203367616,0.0,0.0,5.124780299024801,6.013482293511113e-14,6.013482293511113e-14
0.06945,6948.535263141652,0.0,0.0,5.124759904121255,6.013377869665529e-14,6.013377869665529e-14
0.0695,6948.4134328427745,0.0,0.0,5.124735959465352,6.013274243472445e-14,6.013274243472445e-14
0.06955,6948.289865933926,0.0,0.0,5.124708496088358,6.013167844274645e-14,6.013167844274645e-14
0.06960000000000001,6948.16471029071,0.0,0.0,5.124677586682536,6.013059935567041e-14,6.013059935567041e-14
0.06965,6948.03822257813,0.0,0.0,5.124643209308153,6.01295216955804e-14,6.01295216955804e-14
0.0697,6947.910481286872,0.0,0.0,5.124605509380079,6.012840260066117e-14,6.012840260066117e-14
0.06975,6947.781760930343,0.0,0.0,5.1245644123567455,6.012732132814064e-14,6.012732132814064e-14
0.0698,6947.652156874177,0.0,0.0,5.124520134923549,6.012616833830616e-14,6.012616833830616e-14
0.06985000000000001,6947.521974958623,0.0,0.0,5.124472563220412,6.012508462860665e-14,6.012508462860665e-14
0.0699,6947.391223823015,0.0,0.0,5.12442193323871,6.012391192126242e-14,6.012391192126242e-14
0.06995,6947.260282889013,0.0,0.0,5.124368185505235,6.012282638537746e-14,6.012282638537746e-14
0.07,6947.129171316847,0.0,0.0,5.124311472313923,6.012164177466282e-14,6.012164177466282e-14
0.07005,6946.9982005056845,0.0,0.0,5.124251859811653,6.01205602492737e-14,6.01205602492737e-14
0.07010000000000001,6946.867467184945,0.0,0.0,5.124189384367023,6.011937615503334e-14,6.011937615503334e-14
0.07015,6946.7372252933465,0.0,0.0,5.124124244498681,6.01182930283656e-14,6.01182930283656e-14
0.0702,6946.607579036098,0.0,0.0,5.124056358335713,6.011712768087721e-14,6.011712768087721e-14
0.07025,6946.478831761224,0.0,0.0,5.123986069781263,6.01160432162127e-14,6.01160432162127e-14
0.0703,6946.351049584882,0.0,0.0,5.123913156951157,6.011490486356898e-14,6.011490486356898e-14
0.07035000000000001,6946.224452709293,0.0,0.0,5.1238380906642345,6.011382361032731e-14,6.011382361032731e-14
0.0704,6946.099295269107,0.0,0.0,5.123760621339833,6.01127222953437e-14,6.01127222953437e-14
0.07045,6945.975622027809,0.0,0.0,5.123681148340352,6.01116446258157e-14,6.01116446258157e-14
0.07050000000000001,6945.853711088769,0.0,0.0,5.123599584501945,6.011059368284731e-14,6.011059368284731e-14
0.07055,6945.733703189103,0.0,0.0,5.123516168924491,6.010952129008841e-14,6.010952129008841e-14
0.07060000000000001,6945.615777427307,0.0,0.0,5.123430953928338,6.01085239346048e-14,6.01085239346048e-14
0.07065,6945.500024219305,0.0,0.0,5.123344064288239,6.010747139000151e-14,6.010747139000151e-14
0.0707,6945.386796743122,0.0,0.0,5.123255713255403,6.010652626213668e-14,6.010652626213668e-14
0.07075000000000001,6945.276008986201,0.0,0.0,5.123165819360413,6.010550090076313e-14,6.010550090076313e-14
0.0708,6945.168023792718,0.0,0.0,5.123074813674406,6.010461452194023e-14,6.010461452194023e-14
0.07085000000000001,6945.062870638627,0.0,0.0,5.122982486797657,6.010362485343928e-14,6.010362485343928e-14
0.0709,6944.960798022521,0.0,0.0,5.122889283707872,6.010279227654341e-14,6.010279227654341e-14
0.07095,6944.861817350377,0.0,0.0,5.122795074881848,6.010185884672913e-14,6.010185884672913e-14
0.07100000000000001,6944.7662384533905,0.0,0.0,5.122700200870443,6.010107257930844e-14,6.010107257930844e-14
0.07105,6944.674030527729,0.0,0.0,5.122604647972091,6.010020467539652e-14,6.010020467539652e-14
0.0711,6944.585464687993,0.0,0.0,5.122508633666462,6.009946917130648e-14,6.009946917130648e-14
0.07115,6944.500569778812,0.0,0.0,5.12241228756221,6.009867724521408e-14,6.009867724521408e-14
0.0712,6944.419512406428,0.0,0.0,5.122315675602463,6.009798451914927e-14,6.009798451914927e-14
0.07125000000000001,6944.342392800189,0.0,0.0,5.122219072655893,6.009728332478464e-14,6.009728332478464e-14
0.0713,6944.269325595352,0.0,0.0,5.122122443794189,6.009663443618894e-14,6.009663443618894e-14
0.07135,6944.20042927007,0.0,0.0,5.1220260922753145,6.009602665478391e-14,6.009602665478391e-14
0.0714,6944.135735649393,0.0,0.0,5.121930024884315,6.009542649799935e-14,6.009542649799935e-14
0.07145,6944.075466113534,0.0,0.0,5.12183445950994,6.009491489677426e-14,6.009491489677426e-14
0.07150000000000001,6944.019536711577,0.0,0.0,5.121739508294479,6.009436717638709e-14,6.009436717638709e-14
0.07155,6943.968199977324,0.0,0.0,5.121645255443717,6.009395447174935e-14,6.009395447174935e-14
0.0716,6943.921377772132,0.0,0.0,5.121551983173159,6.009346552441178e-14,6.009346552441178e-14
0.07165,6943.879291791643,0.0,0.0,5.121459570530155,6.009314518367178e-14,6.009314518367178e-14
0.0717,6943.841788319607,0.0,0.0,5.121368474711188,6.00927299031895e-14,6.00927299031895e-14
0.07175000000000001,6943.80920896789,0.0,0.0,5.121278497615049,6.009249358231172e-14,6.009249358231172e-14
0.0718,6943.781308502986,0.0,0.0,5.121190033736454,6.009216025707148e-14,6.009216025707148e-14
0.07185,6943.7583201847,0.0,0.0,5.121103015977963,6.009200613163477e-14,6.009200613163477e-14
0.0719,6943.7401964921355,0.0,0.0,5.121017712142507,6.00917615703743e-14,6.00917615703743e-14
0.07195,6943.727015270506,0.0,0.0,5.12093414531875,6.009167896744298e-14,6.009167896744298e-14
0.07200000000000001,6943.718686631705,0.0,0.0,5.120852435891146,6.00915410254342e-14,6.00915410254342e-14
0.07205,6943.71537225805,0.0,0.0,5.12077286345328,6.009151908571576e-14,6.009151908571576e-14
0.0721,6943.716969151974,0.0,0.0,5.120695189052004,6.009148784641403e-14,6.009148784641403e-14
0.07215,6943.723475435558,0.0,0.0,5.120620021929619,6.009153241605057e-14,6.009153241605057e-14
0.0722,6943.734995118454,0.0,0.0,5.120546904479662,6.009160918386079e-14,6.009160918386079e-14
0.07225000000000001,6943.751338905698,0.0,0.0,5.120476496258581,6.00917113152294e-14,6.00917113152294e-14
0.0723,6943.772643309708,0.0,0.0,5.120408386800654,6.009190214584907e-14,6.009190214584907e-14
0.07235,6943.798765263045,0.0,0.0,5.1203431388712985,6.009206358489702e-14,6.009206358489702e-14
0.0724,6943.829769480824,0.0,0.0,5.120280425062244,6.009235862881831e-14,6.009235862881831e-14
0.07245,6943.865465645148,0.0,0.0,5.120220676377884,6.009258814109734e-14,6.009258814109734e-14
0.07250000000000001,6943.906011619478,0.0,0.0,5.120163771377592,6.009297857298726e-14,6.009297857298726e-14
0.07255,6943.951098466905,0.0,0.0,5.120109812889074,6.009327928982603e-14,6.009327928982603e-14
0.0726,6944.000907749934,0.0,0.0,5.120059054714261,6.009375858149793e-14,6.009375858149793e-14
0.07265,6944.055179590409,0.0,0.0,5.120011226730034,6.009413588775833e-14,6.009413588775833e-14
0.0727,6944.113955085619,0.0,0.0,5.1199668372792715,6.00946910636879e-14,6.00946910636879e-14
0.07275000000000001,6944.177053728079,0.0,0.0,5.119925470050156,6.009515432657534e-14,6.009515432657534e-14
0.0728,6944.244515408747,0.0,0.0,5.119887682740897,6.009577146526219e-14,6.009577146526219e-14
0.07285,6944.316096916245,0.0,0.0,5.119853013053485,6.009632574432384e-14,6.009632574432384e-14
0.0729,6944.391796377597,0.0,0.0,5.119822014048136,6.009699841705477e-14,6.009699841705477e-14
0.07295,6944.471487436571,0.0,0.0,5.11979430075658,6.0097641368513e-14,6.0097641368513e-14
0.07300000000000001,6944.555030377201,0.0,0.0,5.11977021518984,6.009836114274004e-14,6.009836114274004e-14
0.07305,6944.64232897552,0.0,0.0,5.1197496210557105,6.009909813616012e-14,6.009909813616012e-14
0.0731,6944.733243554048,0.0,0.0,5.1197326147505695,6.009985535173557e-14,6.009985535173557e-14
0.07315,6944.827690906943,0.0,0.0,5.119719232721212,6.010067788975031e-14,6.010067788975031e-14
0.0732,6944.925424075939,0.0,0.0,5.119709402884884,6.010147775494324e-14,6.010147775494324e-14
0.07325000000000001,6945.026476643356,0.0,0.0,5.119703316842643,6.010237612827273e-14,6.010237612827273e-14
0.0733,6945.130520377875,0.0,0.0,5.119700736628675,6.010321275405532e-14,6.010321275405532e-14
0.07335,6945.23755282458,0.0,0.0,5.119701923207435,6.010418208452654e-14,6.010418208452654e-14
0.0734,6945.34730812176,0.0,0.0,5.119706677582417,6.010505800284837e-14,6.010505800284837e-14
0.07345,6945.459767119624,0.0,0.0,5.119715098127729,6.010607978611375e-14,6.010607978611375e-14
0.07350000000000001,6945.574579042755,0.0,0.0,5.1197271386057785,6.010700208538813e-14,6.010700208538813e-14
0.07355,6945.691799648826,0.0,0.0,5.119742784078761,6.010806368877467e-14,6.010806368877467e-14
0.0736,6945.811063767193,0.0,0.0,5.119762023382318,6.01090301847564e-14,6.01090301847564e-14
0.07365000000000001,6945.932347068037,0.0,0.0,5.119784797716062,6.011012165761535e-14,6.011012165761535e-14
0.0737,6946.055398484454,0.0,0.0,5.119811144727521,6.01111341419364e-14,6.01111341419364e-14
0.07375000000000001,6946.180075250571,0.0,0.0,5.119840911730426,6.011224058449885e-14,6.011224058449885e-14
0.0738,6946.306165654951,0.0,0.0,5.119874185125138,6.011330015664874e-14,6.011330015664874e-14
0.07385,6946.433553868838,0.0,0.0,5.119910844454905,6.011441110743346e-14,6.011441110743346e-14
0.07390000000000001,6946.561997045334,0.0,0.0,5.11995079193879,6.01155132599985e-14,6.01155132599985e-14
0.07395,6946.691312028203,0.0,0.0,5.119994144283584,6.011662421311772e-14,6.011662421311772e-14
0.07400000000000001,6946.821403110976,0.0,0.0,5.1200405833170315,6.011775872224835e-14,6.011775872224835e-14
0.07405,6946.95193952486,0.0,0.0,5.120090327216674,6.011886512993576e-14,6.011886512993576e-14
0.0741,6947.082882288125,0.0,0.0,5.120143015276601,6.012002757256844e-14,6.012002757256844e-14
0.07415000000000001,6947.213934345745,0.0,0.0,5.1201988835103105,6.012112265336536e-14,6.012112265336536e-14
0.0742,6947.344999085487,0.0,0.0,5.120257502935188,6.012229977059818e-14,6.012229977059818e-14
0.07425000000000001,6947.4757781468825,0.0,0.0,5.120319156288956,6.012338876233372e-14,6.012338876233372e-14
0.0743,6947.606245650892,0.0,0.0,5.120383437954227,6.012456515112612e-14,6.012456515112612e-14
0.07435,6947.736036195419,0.0,0.0,5.120450460369906,6.012564487340398e-14,6.012564487340398e-14
0.07440000000000001,6947.865116148367,0.0,0.0,5.120520060608142,6.012681250936466e-14,6.012681250936466e-14
0.07445,6947.993197926,0.0,0.0,5.120592090258529,6.012788157314785e-14,6.012788157314785e-14
0.0745,6948.1201791955655,0.0,0.0,5.120666590888895,6.012902517253562e-14,6.012902517253562e-14
0.07455,6948.245801911105,0.0,0.0,5.120743220832439,6.013008601089676e-14,6.013008601089676e-14
0.0746,6948.369958711391,0.0,0.0,5.120822200037516,6.013119487563013e-14,6.013119487563013e-14
0.07465000000000001,6948.49242311338,0.0,0.0,5.120903009404688,6.013224153340467e-14,6.013224153340467e-14
0.0747,6948.613040787151,0.0,0.0,5.120985983611782,6.013330930640403e-14,6.013330930640403e-14
0.07475,6948.731651785913,0.0,0.0,5.121070556044805,6.01343382124583e-14,6.01343382124583e-14
0.0748,6948.848056189408,0.0,0.0,5.121157015861842,6.013535639121355e-14,6.013535639121355e-14
0.07485,6948.962124838287,0.0,0.0,5.121244889838664,6.013636146925946e-14,6.013636146925946e-14
0.07490000000000001,6949.073659754672,0.0,0.0,5.1213343399107085,6.013732653658192e-14,6.013732653658192e-14
0.07495,6949.182551656986,0.0,0.0,5.1214250218707855,6.013829933367051e-14,6.013829933367051e-14
0.075,6949.288572505853,0.0,0.0,5.1215169348333225,6.013920942290605e-14,6.013920942290605e-14
0.07505,6949.391665542819,0.0,0.0,5.1216099292843875,6.014013978108442e-14,6.014013978108442e-14
0.0751,6949.4915868619955,0.0,0.0,5.121703780971816,6.014099359525732e-14,6.014099359525732e-14
0.07515000000000001,6949.588277255965,0.0,0.0,5.121798533053289,6.014187407790095e-14,6.014187407790095e-14
0.0752,6949.681538729861,0.0,0.0,5.121893835961024,6.01426692590522e-14,6.01426692590522e-14
0.07525,6949.771288436608,0.0,0.0,5.121989765921196,6.014349000448896e-14,6.014349000448896e-14
0.0753,6949.85733914049,0.0,0.0,5.122085989987676,6.014422819258719e-14,6.014422819258719e-14
0.07535,6949.939645498832,0.0,0.0,5.122182569066439,6.01449800850895e-14,6.01449800850895e-14
0.07540000000000001,6950.0180159858055,0.0,0.0,5.1222791552277585,6.014565839553252e-14,6.014565839553252e-14
0.07545,6950.09238627538,0.0,0.0,5.122375814030499,6.014633761489217e-14,6.014633761489217e-14
0.0755,6950.162637189422,0.0,0.0,5.1224722560914975,6.014695261901888e-14,6.014695261901888e-14
0.07555,6950.228667889033,0.0,0.0,5.122568419896505,6.01475530139895e-14,6.01475530139895e-14
0.0756,6950.290381874677,0.0,0.0,5.122664155180305,6.0148103433407e-14,6.0148103433407e-14
0.07565000000000001,6950.34770119444,0.0,0.0,5.122759317541238,6.014862195501467e-14,6.014862195501467e-14
0.0757,6950.400538092684,0.0,0.0,5.122853769329296,6.014910185275064e-14,6.014910185275064e-14
0.07575,6950.448810148611,0.0,0.0,5.122947396813729,6.014953844581368e-14,6.014953844581368e-14
0.0758,6950.49247189955,0.0,0.0,5.123040041907446,6.014994346231377e-14,6.014994346231377e-14
0.07585,6950.53143046152,0.0,0.0,5.123131589608515,6.015029689812429e-14,6.015029689812429e-14
0.07590000000000001,6950.565658694858,0.0,0.0,5.123221897389061,6.015062283315911e-14,6.015062283315911e-14
0.07595,6950.595086397378,0.0,0.0,5.123310863678049,6.015089351738053e-14,6.015089351738053e-14
0.076,6950.619689774651,0.0,0.0,5.1233983084588335,6.015113622245458e-14,6.015113622245458e-14
0.07605,6950.639416947657,0.0,0.0,5.123484183670123,6.015132462268186e-14,6.015132462268186e-14
0.0761,6950.654255723517,0.0,0.0,5.123568285405517,6.015148113460844e-14,6.015148113460844e-14
0.07615000000000001,6950.664172054924,0.0,0.0,5.1236505637881224,6.0151587181465e-14,6.0151587181465e-14
0.0762,6950.669160971643,0.0,0.0,5.123730857271698,6.015165621656884e-14,6.015165621656884e-14
0.07625,6950.669210219936,0.0,0.0,5.12380906896187,6.015167931117842e-14,6.015167931117842e-14
0.0763,6950.664322158954,0.0,0.0,5.1238850945963454,6.015166079467581e-14,6.015166079467581e-14
0.07635,6950.654502980537,0.0,0.0,5.123958795862972,6.015159998027742e-14,6.015159998027742e-14
0.07640000000000001,6950.639765807256,0.0,0.0,5.124030129052951,6.015149538291052e-14,6.015149538291052e-14
0.07645,6950.6201322136585,0.0,0.0,5.1240988965544325,6.015134939855302e-14,6.015134939855302e-14
0.0765,6950.5956336297995,0.0,0.0,5.124165124866091,6.015116076488398e-14,6.015116076488398e-14
0.07655,6950.566294154221,0.0,0.0,5.124228585460623,6.015092893332436e-14,6.015092893332436e-14
0.0766,6950.532171683508,0.0,0.0,5.124289318577519,6.015065941304184e-14,6.015065941304184e-14
0.07665000000000001,6950.493297130303,0.0,0.0,5.124347116300677,6.015034056110867e-14,6.015034056110867e-14
0.0767,6950.449743275863,0.0,0.0,5.124402011135986,6.01499934329624e-14,6.01499934329624e-14
0.07675,6950.401548869539,0.0,0.0,5.124453820050346,6.014958908021517e-14,6.014958908021517e-14
0.07680000000000001,6950.3488192328305,0.0,0.0,5.124502554824036,6.014916598477968e-14,6.014916598477968e-14
0.07685,6950.29157626073,0.0,0.0,5.124548093662023,6.014867819734794e-14,6.014867819734794e-14
0.07690000000000001,6950.229958869351,0.0,0.0,5.124590387354998,6.014818216700607e-14,6.014818216700607e-14
0.07695,6950.164007083796,0.0,0.0,5.124629389293496,6.014761398561662e-14,6.014761398561662e-14
0.077,6950.093849185854,0.0,0.0,5.1246650157489215,6.014704601601363e-14,6.014704601601363e-14
0.07705000000000001,6950.019550463187,0.0,0.0,5.124697250850876,6.014640352641572e-14,6.014640352641572e-14
0.0771,6949.941261157398,0.0,0.0,5.124726009136919,6.014576369208388e-14,6.014576369208388e-14
0.07715000000000001,6949.8590396031295,0.0,0.0,5.124751294988192,6.014505359601476e-14,6.014505359601476e-14
0.0772,6949.773051532657,0.0,0.0,5.124773024476863,6.014434274605155e-14,6.014434274605155e-14
0.07725,6949.68338850725,0.0,0.0,5.124791212030992,6.014357153122314e-14,6.014357153122314e-14
0.07730000000000001,6949.590180468257,0.0,0.0,5.1248057952476085,6.014279119400477e-14,6.014279119400477e-14
0.07735,6949.49358025634,0.0,0.0,5.1248167783781104,6.014196636149641e-14,6.014196636149641e-14
0.07740000000000001,6949.393698437857,0.0,0.0,5.124824131306924,6.014111702390758e-14,6.014111702390758e-14
0.07745,6949.290697268708,0.0,0.0,5.124827851350129,6.014024703362408e-14,6.014024703362408e-14
0.0775,6949.1847013464985,0.0,0.0,5.124827929124535,6.013933180181281e-14,6.013933180181281e-14
0.07755000000000001,6949.075902673385,0.0,0.0,5.124824366798266,6.01384203763057e-14,6.01384203763057e-14
0.0776,6948.964380732212,0.0,0.0,5.12481716719158,6.013744653953087e-14,6.013744653953087e-14
0.07765,6948.85039759286,0.0,0.0,5.124806345291807,6.013649889039755e-14,6.013649889039755e-14
0.0777,6948.734004038992,0.0,0.0,5.124791907016173,6.013547030734108e-14,6.013547030734108e-14
0.07775,6948.615462963986,0.0,0.0,5.124773886507287,6.013449107081415e-14,6.013449107081415e-14
0.07780000000000001,6948.494858207059,0.0,0.0,5.124752294461967,6.013341890619188e-14,6.013341890619188e-14
0.07785,6948.372454511779,0.0,0.0,5.124727175311677,6.013240666128675e-14,6.013240666128675e-14
0.0779,6948.248309999925,0.0,0.0,5.124698550816539,6.013130179731631e-14,6.013130179731631e-14
0.07795,6948.122722062627,0.0,0.0,5.124666478185486,6.013025970376396e-14,6.013025970376396e-14
0.078,6947.995773756891,0.0,0.0,5.124630984181297,6.01291316932312e-14,6.01291316932312e-14
0.07805000000000001,6947.86770605377,0.0,0.0,5.124592136158524,6.012806001522329e-14,6.012806001522329e-14
0.0781,6947.738656654063,0.0,0.0,5.124549975916678,6.01269222991375e-14,6.01269222991375e-14
0.07815,6947.608852044359,0.0,0.0,5.12450457704483,6.012582085855417e-14,6.012582085855417e-14
0.0782,6947.478441193922,0.0,0.0,5.1244559825455145,6.012468393440941e-14,6.012468393440941e-14
0.07825,6947.34761575669,0.0,0.0,5.124404294901823,6.012355675787848e-14,6.012355675787848e-14
0.07830000000000001,6947.216600324633,0.0,0.0,5.124349543273039,6.012242885654141e-14,6.012242885654141e-14
0.07835,6947.085499239659,0.0,0.0,5.124291855298645,6.012128056460994e-14,6.012128056460994e-14
0.0784,6946.954602500167,0.0,0.0,5.124231259968667,6.012016931145766e-14,6.012016931145766e-14
0.07845,6946.823993574309,0.0,0.0,5.1241679023296065,6.01190058493905e-14,6.01190058493905e-14
0.0785,6946.693959047364,0.0,0.0,5.124101801471569,6.011791736625927e-14,6.011791736625927e-14
0.07855000000000001,6946.564565503598,0.0,0.0,5.124033133626171,6.011674821417252e-14,6.011674821417252e-14
0.0786,6946.436148881994,0.0,0.0,5.123961912794893,6.011568188235824e-14,6.011568188235824e-14
0.07865,6946.308708385862,0.0,0.0,5.123888307650511,6.011452155295491e-14,6.011452155295491e-14
0.0787,6946.182618892195,0.0,0.0,5.123812386417998,6.011347895496949e-14,6.011347895496949e-14
0.07875,6946.057888308877,0.0,0.0,5.123734255975429,6.011233581735847e-14,6.011233581735847e-14
0.07880000000000001,6945.934817264464,0.0,0.0,5.1236540591493,6.01113183238621e-14,6.01113183238621e-14
0.07885,6945.813496218754,0.0,0.0,5.123571857099697,6.011020892044536e-14,6.011020892044536e-14
0.0789,6945.69418231983,0.0,0.0,5.123487840502736,6.010921054741249e-14,6.010921054741249e-14
0.07895,6945.57693578396,0.0,0.0,5.123402018240289,6.010814916908295e-14,6.010814916908295e-14
0.079,6945.462030559567,0.0,0.0,5.123314673532212,6.010717258693807e-14,6.010717258693807e-14
0.07905000000000001,6945.349579342148,0.0,0.0,5.12322572457576,6.01061667070576e-14,6.01061667070576e-14
0.0791,6945.2397127035965,0.0,0.0,5.123135519823427,6.010521365674038e-14,6.010521365674038e-14
0.07915,6945.132668925584,0.0,0.0,5.123043978787387,6.010427536333815e-14,6.010427536333815e-14
0.0792,6945.028511202354,0.0,0.0,5.122951414208633,6.010334610892973e-14,6.010334610892973e-14
0.07925,6944.927465577844,0.0,0.0,5.1228577962807575,6.010248131763423e-14,6.010248131763423e-14
0.07930000000000001,6944.829590238651,0.0,0.0,5.122763402886267,6.010158433840163e-14,6.010158433840163e-14
0.07935,6944.735150803419,0.0,0.0,5.122668248248268,6.010079399617674e-14,6.010079399617674e-14
0.0794,6944.644103710824,0.0,0.0,5.122572541830988,6.009993817531819e-14,6.009993817531819e-14
0.07945,6944.556780814441,0.0,0.0,5.122476407102532,6.009922238902069e-14,6.009922238902069e-14
0.0795,6944.473114751453,0.0,0.0,5.122379933083816,6.009841752524573e-14,6.009841752524573e-14
0.07955000000000001,6944.3933963272075,0.0,0.0,5.122283349543795,6.009777509174938e-14,6.009777509174938e-14
0.0796,6944.31757279152,0.0,0.0,5.122186669432788,6.009703312085291e-14,6.009703312085291e-14
0.07965,6944.245919234402,0.0,0.0,5.122090179795582,6.009645704061188e-14,6.009645704061188e-14
0.07970000000000001,6944.178375859836,0.0,0.0,5.121993846608714,6.009579337340969e-14,6.009579337340969e-14
0.07975,6944.11518584568,0.0,0.0,5.121897993608757,6.009527945274827e-14,6.009527945274827e-14
0.07980000000000001,6944.056321176856,0.0,0.0,5.121802564127408,6.009470170024772e-14,6.009470170024772e-14
0.07985,6944.00193858472,0.0,0.0,5.121707877667132,6.009424817637286e-14,6.009424817637286e-14
0.0799,6943.952086674811,0.0,0.0,5.1216139098480715,6.009376795316701e-14,6.009376795316701e-14
0.07995000000000001,6943.906845019453,0.0,0.0,5.121520924311012,6.009336808640961e-14,6.009336808640961e-14
0.08,6943.866274319384,0.0,0.0,5.121428940091437,6.009299328519306e-14,6.009299328519306e-14
0.08005000000000001,6943.830412100441,0.0,0.0,5.121338197838656,6.009265020894953e-14,6.009265020894953e-14
0.0801,6943.799387679984,0.0,0.0,5.121248722553293,6.009237937169938e-14,6.009237937169938e-14
0.08015,6943.773098439389,0.0,0.0,5.121160721858355,6.00920965883269e-14,6.00920965883269e-14
0.08020000000000001,6943.7517658876395,0.0,0.0,5.121074276766416,6.009193243644894e-14,6.009193243644894e-14
0.08025,6943.73524453279,0.0,0.0,5.120989528486511,6.009171188503114e-14,6.009171188503114e-14
0.08030000000000001,6943.723706017989,0.0,0.0,5.120906576158886,6.009164966931759e-14,6.009164966931759e-14
0.08035,6943.717019096677,0.0,0.0,5.120825583192779,6.009150245555451e-14,6.009150245555451e-14
0.0804,6943.715385243776,0.0,0.0,5.120746605760555,6.009153272917192e-14,6.009153272917192e-14
0.08045000000000001,6943.718565523158,0.0,0.0,5.120669793582305,6.009146754072305e-14,6.009146754072305e-14
0.0805,6943.726796514203,0.0,0.0,5.120595266409356,6.009158323304736e-14,6.009158323304736e-14
0.08055000000000001,6943.739881588825,0.0,0.0,5.12052307786171,6.009160737753466e-14,6.009160737753466e-14
0.0806,6943.75792446369,0.0,0.0,5.120453400345206,6.009180057182173e-14,6.009180057182173e-14
0.08065,6943.7808068555805,0.0,0.0,5.120386257851689,6.009192245552299e-14,6.009192245552299e-14
0.08070000000000001,6943.808584942515,0.0,0.0,5.120321838832172,6.00921819119068e-14,6.00921819119068e-14
0.08075,6943.841134960758,0.0,0.0,5.120260101068859,6.009240980403738e-14,6.009240980403738e-14
0.08080000000000001,6943.878471260131,0.0,0.0,5.120201322476766,6.009272976939975e-14,6.009272976939975e-14
0.08085,6943.920527351702,0.0,0.0,5.120145343643919,6.009306229083752e-14,6.009306229083752e-14
0.0809,6943.9671926238425,0.0,0.0,5.120092517781554,6.009344125317372e-14,6.009344125317372e-14
0.08095000000000001,6944.018507059319,0.0,0.0,5.120042645795905,6.009387874295046e-14,6.009387874295046e-14
0.081,6944.074265074459,0.0,0.0,5.119996054168866,6.009431148951828e-14,6.009431148951828e-14
0.08105,6944.134521900497,0.0,0.0,5.1199525745721735,6.009485116959092e-14,6.009485116959092e-14
0.0811,6944.199056508733,0.0,0.0,5.119912486839811,6.009534108456112e-14,6.009534108456112e-14
0.08115,6944.2679314613015,0.0,0.0,5.119875652760108,6.009597077971696e-14,6.009597077971696e-14
0.08120000000000001,6944.340859848997,0.0,0.0,5.119842274477678,6.00965227857895e-14,6.00965227857895e-14
0.08125,6944.417953954653,0.0,0.0,5.11981232392082,6.00972344239767e-14,6.00972344239767e-14
0.0813,6944.498894696222,0.0,0.0,5.1197858319174125,6.00978498907143e-14,6.00978498907143e-14
0.08135,6944.583738720066,0.0,0.0,5.119762922642772,6.009863127519133e-14,6.009863127519133e-14
0.0814,6944.672225748981,0.0,0.0,5.119743490554563,6.009931754678909e-14,6.009931754678909e-14
0.08145000000000001,6944.764367552855,0.0,0.0,5.119727745597688,6.010015442371467e-14,6.010015442371467e-14
0.0815,6944.859886377573,0.0,0.0,5.1197154732128425,6.010091479665314e-14,6.010091479665314e-14
0.08155,6944.95877111745,0.0,0.0,5.1197069850917565,6.010179683075937e-14,6.010179683075937e-14
0.0816,6945.060814369072,0.0,0.0,5.119701967476494,6.010263164047678e-14,6.010263164047678e-14
0.08165,6945.16588047554,0.0,0.0,5.119700744634188,6.010354980431573e-14,6.010354980431573e-14
0.08170000000000001,6945.273836475789,0.0,0.0,5.119703034552749,6.010445838735545e-14,6.010445838735545e-14
0.08175,6945.384509814396,0.0,0.0,5.119709086004413,6.01054033583973e-14,6.01054033583973e-14
0.0818,6945.497771313907,0.0,0.0,5.119718659003494,6.010638254734651e-14,6.010638254734651e-14
0.08185,6945.613399972798,0.0,0.0,5.119731949545115,6.010735086799579e-14,6.010735086799579e-14
0.0819,6945.731339133594,0.0,0.0,5.119748769398177,6.010839027779674e-14,6.010839027779674e-14
0.08195000000000001,6945.851271904946,0.0,0.0,5.119769200502074,6.010938132828881e-14,6.010938132828881e-14
0.082,6945.973192209779,0.0,0.0,5.119793180020607,6.011047183483973e-14,6.011047183483973e-14
0.08205,6946.096771519017,0.0,0.0,5.119820649461123,6.011148251576451e-14,6.011148251576451e-14
0.0821,6946.221973653282,0.0,0.0,5.1198516259302504,6.011261325624758e-14,6.011261325624758e-14
0.08215,6946.348486223536,0.0,0.0,5.119885997708983,6.011364637841566e-14,6.011364637841566e-14
0.08220000000000001,6946.476271335042,0.0,0.0,5.119923791092913,6.011480051476382e-14,6.011480051476382e-14
0.08225,6946.604992063822,0.0,0.0,5.11996485842419,6.011585828668672e-14,6.011585828668672e-14
0.0823,6946.73462384784,0.0,0.0,5.120009268185872,6.01170249272341e-14,6.01170249272341e-14
0.08235,6946.86484887843,0.0,0.0,5.120056797006949,6.011810479406931e-14,6.011810479406931e-14
0.0824,6946.995565968889,0.0,0.0,5.120107548462127,6.011927183845711e-14,6.011927183845711e-14
0.08245000000000001,6947.126550721933,0.0,0.0,5.120161296744655,6.012037437397555e-14,6.012037437397555e-14
0.0825,6947.257641194582,0.0,0.0,5.120218094570326,6.012152981480631e-14,6.012152981480631e-14
0.08255,6947.388621405555,0.0,0.0,5.120277734146535,6.012265156162087e-14,6.012265156162087e-14
0.0826,6947.519326465636,0.0,0.0,5.120340281397163,6.012378821603343e-14,6.012378821603343e-14
0.08265,6947.649586750233,0.0,0.0,5.12040547132937,6.012492188311738e-14,6.012492188311738e-14
0.08270000000000001,6947.779153858425,0.0,0.0,5.12047338977085,6.012603490204099e-14,6.012603490204099e-14
0.08275,6947.9079362276825,0.0,0.0,5.120543781016392,6.012717256907154e-14,6.012717256907154e-14
0.0828,6948.035653400839,0.0,0.0,5.120616681945832,6.012825711706674e-14,6.012825711706674e-14
0.08285000000000001,6948.162216951823,0.0,0.0,5.120691862107092,6.012938963191899e-14,6.012938963191899e-14
0.0829,6948.287350131406,0.0,0.0,5.120769338038326,6.013044433702222e-14,6.013044433702222e-14
0.08295000000000001,6948.4109873071975,0.0,0.0,5.120848889313363,6.013155894359277e-14,6.013155894359277e-14
0.083,6948.532828419182,0.0,0.0,5.1209304797046995,6.013258404509251e-14,6.013258404509251e-14
0.08305,6948.652821307427,0.0,0.0,5.12101396254552,6.01336697121283e-14,6.01336697121283e-14
0.08310000000000001,6948.770691337137,0.0,0.0,5.121099205055909,6.013466278354293e-14,6.013466278354293e-14
0.08315,6948.886359078924,0.0,0.0,5.121186137504883,6.013570954896508e-14,6.013570954896508e-14
0.08320000000000001,6948.999583266916,0.0,0.0,5.121274549511144,6.01366702869196e-14,6.01366702869196e-14
0.08325,6949.110270304009,0.0,0.0,5.12136444020301,6.01376666045755e-14,6.01376666045755e-14
0.0833,6949.218207444809,0.0,0.0,5.121455516728372,6.013859303315045e-14,6.013859303315045e-14
0.08335000000000001,6949.323282457414,0.0,0.0,5.121547852637558,6.01395323882384e-14,6.01395323882384e-14
0.0834,6949.425325491395,0.0,0.0,5.121641085802306,6.014041924280389e-14,6.014041924280389e-14
0.08345000000000001,6949.524187079528,0.0,0.0,5.121735322445563,6.014129561582342e-14,6.014129561582342e-14
0.0835,6949.619751265062,0.0,0.0,5.121830203376566,6.014213874124808e-14,6.014213874124808e-14
0.08355,6949.711851561347,0.0,0.0,5.121925796221556,6.014294739689176e-14,6.014294739689176e-14
0.08360000000000001,6949.800386841922,0.0,0.0,5.122021780257622,6.014374016616738e-14,6.014374016616738e-14
0.08365,6949.885197765997,0.0,0.0,5.122118191042671,6.014447944099516e-14,6.014447944099516e-14
0.08370000000000001,6949.966211797625,0.0,0.0,5.122214742487083,6.014521404820488e-14,6.014521404820488e-14
0.08375,6950.043250331351,0.0,0.0,5.122311401442258,6.014588294826432e-14,6.014588294826432e-14
0.0838,6950.116273116889,0.0,0.0,5.122407987787477,6.014655241319997e-14,6.014655241319997e-14
0.08385000000000001,6950.185115897631,0.0,0.0,5.122504350050076,6.01471497069237e-14,6.01471497069237e-14
0.0839,6950.249727634033,0.0,0.0,5.122600401211976,6.014774754665696e-14,6.014774754665696e-14
0.08395000000000001,6950.309977684396,0.0,0.0,5.122695938342134,6.014827287453438e-14,6.014827287453438e-14
0.084,6950.365820521386,0.0,0.0,5.122790906826881,6.014879264942726e-14,6.014879264942726e-14
0.08405,6950.417135238635,0.0,0.0,5.122885065894798,6.01492454164222e-14,6.01492454164222e-14
0.08410000000000001,6950.46388496031,0.0,0.0,5.122978416246666,6.014968296239695e-14,6.014968296239695e-14
0.08415,6950.505979027605,0.0,0.0,5.123070673715246,6.015006080086334e-14,6.015006080086334e-14
0.08420000000000001,6950.543371129229,0.0,0.0,5.12316185740934,6.015041369899793e-14,6.015041369899793e-14
0.08425,6950.576001497917,0.0,0.0,5.123251701742383,6.015071454461985e-14,6.015071454461985e-14
0.0843,6950.603827013735,0.0,0.0,5.123340198228141,6.015098093588018e-14,6.015098093588018e-14
0.08435000000000001,6950.626807170772,0.0,0.0,5.123427115814543,6.015120207583221e-14,6.015120207583221e-14
0.0844,6950.644908675504,0.0,0.0,5.1235124269172925,6.015138223894221e-14,6.015138223894221e-14
0.08445,6950.65810820087,0.0,0.0,5.12359592317904,6.015152044671697e-14,6.015152044671697e-14
0.0845,6950.6663836458865,0.0,0.0,5.12367756038965,6.015161513003673e-14,6.015161513003673e-14
0.08455,6950.669726012094,0.0,0.0,5.123757166883236,6.015166798068396e-14,6.015166798068396e-14
0.08460000000000001,6950.668129990617,0.0,0.0,5.123834665531301,6.015167827675807e-14,6.015167827675807e-14
0.08465,6950.6615956428295,0.0,0.0,5.123909925332133,6.015164398717535e-14,6.015164398717535e-14
0.0847,6950.650137290643,0.0,0.0,5.123982852023278,6.015157100361904e-14,6.015157100361904e-14
0.08475,6950.633762697118,0.0,0.0,5.124053335616008,6.015144905822127e-14,6.015144905822127e-14
0.0848,6950.612507914606,0.0,0.0,5.12412127289302,6.015129347331998e-14,6.015129347331998e-14
0.08485000000000001,6950.5863866761,0.0,0.0,5.124186584754801,6.015108473599119e-14,6.015108473599119e-14
0.0849,6950.555452876969,0.0,0.0,5.124249147630697,6.015084685580998e-14,6.015084685580998e-14
0.08495,6950.519736452975,0.0,0.0,5.124308910669121,6.015055351337223e-14,6.015055351337223e-14
0.085,6950.479299658614,0.0,0.0,5.124365749602892,6.0150233185373e-14,6.0150233185373e-14
0.08505,6950.434187437199,0.0,0.0,5.124419625647345,6.014985893754024e-14,6.014985893754024e-14
0.08510000000000001,6950.384476962933,0.0,0.0,5.12447041310634,6.014945557593566e-14,6.014945557593566e-14
0.08515,6950.330231231756,0.0,0.0,5.124518097718447,6.014900476198364e-14,6.014900476198364e-14
0.0852,6950.271521866573,0.0,0.0,5.124562550738592,6.014851896184054e-14,6.014851896184054e-14
0.08525,6950.2084513956315,0.0,0.0,5.124603766061286,6.014799570968054e-14,6.014799570968054e-14
0.0853,6950.141081396633,0.0,0.0,5.124641635979691,6.014742806661698e-14,6.014742806661698e-14
0.08535000000000001,6950.069539166177,0.0,0.0,5.124676149015222,6.014683780789801e-14,6.014683780789801e-14
0.0854,6949.993890949068,0.0,0.0,5.124707218807139,6.014619006646854e-14,6.014619006646854e-14
0.08545,6949.914287789622,0.0,0.0,5.124734834107176,6.014553593557384e-14,6.014553593557384e-14
0.0855,6949.830785260719,0.0,0.0,5.124758929260293,6.014481292884393e-14,6.014481292884393e-14
0.08555,6949.74357369567,0.0,0.0,5.12477948800586,6.014409773154925e-14,6.014409773154925e-14
0.08560000000000001,6949.652697278497,0.0,0.0,5.124796472122943,6.014330416643341e-14,6.014330416643341e-14
0.08565,6949.5583626937105,0.0,0.0,5.1248098597177325,6.014253072318844e-14,6.014253072318844e-14
0.0857,6949.460634442802,0.0,0.0,5.124819633263858,6.01416737925478e-14,6.01416737925478e-14
0.08575,6949.359712230128,0.0,0.0,5.124825776475044,6.014084257063148e-14,6.014084257063148e-14
0.0858,6949.255681503152,0.0,0.0,5.124828282280544,6.013993137602636e-14,6.013993137602636e-14
0.08585000000000001,6949.148749789164,0.0,0.0,5.124827147488276,6.013904321370477e-14,6.013904321370477e-14
0.0859,6949.039010407662,0.0,0.0,5.124822369880919,6.01380865225154e-14,6.01380865225154e-14
0.08595,6948.926661811728,0.0,0.0,5.124813964950336,6.013714285398832e-14,6.013714285398832e-14
0.08600000000000001,6948.811850630238,0.0,0.0,5.124801930815079,6.01361495758219e-14,6.01361495758219e-14
0.08605,6948.694725185798,0.0,0.0,5.124786302081107,6.013515247524982e-14,6.013515247524982e-14
0.08610000000000001,6948.575479296527,0.0,0.0,5.1247670812143955,6.013413162372052e-14,6.013413162372052e-14
0.08615,6948.4542510173505,0.0,0.0,5.124744317042675,6.01330835066641e-14,6.01330835066641e-14
0.0862,6948.331255626856,0.0,0.0,5.124718018485754,6.013204259707409e-14,6.013204259707409e-14
0.08625000000000001,6948.206599047375,0.0,0.0,5.124688246256433,6.013095013886445e-14,6.013095013886445e-14
0.0863,6948.080555597974,0.0,0.0,5.124655023146476,6.012989319249148e-14,6.012989319249148e-14
0.08635000000000001,6947.95318981427,0.0,0.0,5.124618407988685,6.01287636441476e-14,6.01287636441476e-14
0.0864,6947.824799631471,0.0,0.0,5.124578450146448,6.012769629239154e-14,6.012769629239154e-14
0.08645,6947.695453351351,0.0,0.0,5.1245352009179435,6.012653820975501e-14,6.012653820975501e-14
0.08650000000000001,6947.565451497767,0.0,0.0,5.124488734149834,6.012546120876753e-14,6.012546120876753e-14
0.08655,6947.434852391843,0.0,0.0,5.12443909481486,6.012428810239076e-14,6.012428810239076e-14
0.08660000000000001,6947.3039732531215,0.0,0.0,5.124386385785074,6.012320172127942e-14,6.012320172127942e-14
0.08665,6947.172878495624,0.0,0.0,5.1243306368561194,6.012202435945917e-14,6.012202435945917e-14
0.0867,6947.041853117379,0.0,0.0,5.124271982288344,6.012093056721908e-14,6.012093056721908e-14
0.08675000000000001,6946.911009862849,0.0,0.0,5.124210444353812,6.01197617510746e-14,6.01197617510746e-14
0.0868,6946.780587328609,0.0,0.0,5.124146174200045,6.011865933955109e-14,6.011865933955109e-14
0.08685000000000001,6946.650734329803,0.0,0.0,5.124079196646481,6.011751205145434e-14,6.011751205145434e-14
0.0869,6946.521658036274,0.0,0.0,5.124009678085298,6.011640331081325e-14,6.011640331081325e-14
0.08695,6946.393539385841,0.0,0.0,5.123937638611466,6.011528655813896e-14,6.011528655813896e-14
0.08700000000000001,6946.26652723426,0.0,0.0,5.123863264579985,6.011417556550034e-14,6.011417556550034e-14
0.08705,6946.140881342524,0.0,0.0,5.123786579675713,6.011309737332744e-14,6.011309737332744e-14
0.08710000000000001,6946.016665735046,0.0,0.0,5.123707763860332,6.011199003052287e-14,6.011199003052287e-14
0.08715,6945.894182343585,0.0,0.0,5.123626870835057,6.011095598829086e-14,6.011095598829086e-14
0.0872,6945.773483148559,0.0,0.0,5.123544066239369,6.01098597972838e-14,6.01098597972838e-14
0.08725000000000001,6945.65486770369,0.0,0.0,5.123459419061184,6.010887271032542e-14,6.010887271032542e-14
0.0873,6945.538352454208,0.0,0.0,5.123373092560563,6.010780002959324e-14,6.010780002959324e-14
0.08735000000000001,6945.424285194898,0.0,0.0,5.1232851837328655,6.010685783493577e-14,6.010685783493577e-14
0.0874,6945.312634812557,0.0,0.0,5.1231958138338625,6.010582105281513e-14,6.010582105281513e-14
0.08745,6945.2037347627165,0.0,0.0,5.123105144718206,6.010492472009961e-14,6.010492472009961e-14
0.08750000000000001,6945.097600459333,0.0,0.0,5.12301324670363,6.010393508061214e-14,6.010393508061214e-14
0.08755,6944.994496217947,0.0,0.0,5.1229203240578025,6.010308104668769e-14,6.010308104668769e-14
0.0876,6944.894462925873,0.0,0.0,5.122826419312251,6.01021546108498e-14,6.01021546108498e-14
0.08765,6944.797742978453,0.0,0.0,5.1227317785679185,6.010133941417223e-14,6.010133941417223e-14
0.0877,6944.704397042723,0.0,0.0,5.122636395817535,6.010048581704316e-14,6.010048581704316e-14
0.08775000000000001,6944.614593168668,0.0,0.0,5.12254056973364,6.009971149728542e-14,6.009971149728542e-14
0.0878,6944.528469650017,0.0,0.0,5.122444262426554,6.009893957883271e-14,6.009893957883271e-14
0.08785,6944.446099842581,0.0,0.0,5.122347783819245,6.009820515074043e-14,6.009820515074043e-14
0.0879,6944.367677972167,0.0,0.0,5.122251106404644,6.009752283721287e-14,6.009752283721287e-14
0.08795,6944.293219495274,0.0,0.0,5.122154520840887,6.009683296278385e-14,6.009683296278385e-14
0.08800000000000001,6944.222945581309,0.0,0.0,5.122058023867498,6.009624110015786e-14,6.009624110015786e-14
0.08805,6944.1568136474725,0.0,0.0,5.121961874945666,6.009560289582507e-14,6.009560289582507e-14
0.0881,6944.095092219424,0.0,0.0,5.121866117771835,6.009510144939566e-14,6.009510144939566e-14
0.08815,6944.0376739369185,0.0,0.0,5.121770940869354,6.009452360134419e-14,6.009452360134419e-14
0.0882,6943.984835994735,0.0,0.0,5.121676471040479,6.009410893452517e-14,6.009410893452517e-14
0.08825000000000001,6943.936471324833,0.0,0.0,5.121582812527133,6.00936014940334e-14,6.00936014940334e-14
0.0883,6943.892818993668,0.0,0.0,5.121490159742868,6.009326861430838e-14,6.009326861430838e-14
0.08835,6943.853772814194,0.0,0.0,5.12139855339484,6.009284361098272e-14,6.009284361098272e-14
0.0884,6943.81955750206,0.0,0.0,5.121308249546853,6.009258430662418e-14,6.009258430662418e-14
0.08845,6943.790067098439,0.0,0.0,5.121219212664431,6.009225254980828e-14,6.009225254980828e-14
0.08850000000000001,6943.7654578355005,0.0,0.0,5.121131763089118,6.00920627358821e-14,6.00920627358821e-14
0.08855,6943.745703056092,0.0,0.0,5.121045820837657,6.009183085727464e-14,6.009183085727464e-14
0.0886,6943.730854235857,0.0,0.0,5.120961706118225,6.009170509093905e-14,6.009170509093905e-14
0.08865,6943.720924967473,0.0,0.0,5.120879349686012,6.009158211548971e-14,6.009158211548971e-14
0.0887,6943.715924688405,0.0,0.0,5.120799055987394,6.009151593358251e-14,6.009151593358251e-14
0.08875000000000001,6943.71589659241,0.0,0.0,5.120720750520277,6.009150254637209e-14,6.009150254637209e-14
0.0888,6943.720754493371,0.0,0.0,5.120644724070438,6.009149954283041e-14,6.009149954283041e-14
0.08885,6943.73062680593,0.0,0.0,5.12057093282302,6.009159373013004e-14,6.009159373013004e-14
0.0889,6943.7453342162335,0.0,0.0,5.120499593672606,6.009165395472835e-14,6.009165395472835e-14
0.08895,6943.765028481033,0.0,0.0,5.120430735641809,6.009185359113008e-14,6.009185359113008e-14
0.08900000000000001,6943.789512525417,0.0,0.0,5.12036450002839,6.009198281844801e-14,6.009198281844801e-14
0.08905,6943.818921936025,0.0,0.0,5.120300957458431,6.00922777682477e-14,6.00922777682477e-14
0.0891,6943.853030732034,0.0,0.0,5.1202402011246635,6.0092483753381e-14,6.0092483753381e-14
0.08915000000000001,6943.891990006315,0.0,0.0,5.120182346292367,6.009286513672121e-14,6.009286513672121e-14
0.0892,6943.9355449177465,0.0,0.0,5.1201274048298835,6.009315414416688e-14,6.009315414416688e-14
0.08925000000000001,6943.983810273863,0.0,0.0,5.120075566354407,6.009361157703654e-14,6.009361157703654e-14
0.0893,6944.036577289187,0.0,0.0,5.120026763382482,6.009398998683775e-14,6.009398998683775e-14
0.08935,6944.09387487842,0.0,0.0,5.119981223047856,6.009451351979229e-14,6.009451351979229e-14
0.08940000000000001,6944.15554290069,0.0,0.0,5.119938842181513,6.009498637900209e-14,6.009498637900209e-14
0.08945,6944.221556255962,0.0,0.0,5.119899863254767,6.009556602483477e-14,6.009556602483477e-14
0.08950000000000001,6944.291779269234,0.0,0.0,5.119864138511869,6.009613587575483e-14,6.009613587575483e-14
0.08955,6944.36611486673,0.0,0.0,5.119831940834147,6.009676628108113e-14,6.009676628108113e-14
0.0896,6944.444504998219,0.0,0.0,5.119803090394682,6.009742961887363e-14,6.009742961887363e-14
0.08965000000000001,6944.52674912081,0.0,0.0,5.119777839599525,6.00981071943077e-14,6.00981071943077e-14
0.0897,6944.612839659636,0.0,0.0,5.1197560350172555,6.009886132268807e-14,6.009886132268807e-14
0.08975000000000001,6944.702534894383,0.0,0.0,5.119737877845473,6.009958269379142e-14,6.009958269379142e-14
0.0898,6944.795841997963,0.0,0.0,5.119723241263318,6.010041842662306e-14,6.010041842662306e-14
0.08985,6944.892468732676,0.0,0.0,5.119712272913133,6.010118764206169e-14,6.010118764206169e-14
0.08990000000000001,6944.992459836647,0.0,0.0,5.119704902726986,6.010209295924695e-14,6.010209295924695e-14
0.08995,6945.095483928721,0.0,0.0,5.119701174410855,6.010291037384912e-14,6.010291037384912e-14
0.09000000000000001,6945.2015715278685,0.0,0.0,5.119701112013931,6.010387526668701e-14,6.010387526668701e-14
0.09005,6945.310415792812,0.0,0.0,5.119704654664183,6.010474410274066e-14,6.010474410274066e-14
0.0901,6945.422002693199,0.0,0.0,5.119711892369056,6.010575321930647e-14,6.010575321930647e-14
0.09015000000000001,6945.536038753837,0.0,0.0,5.119722684294993,6.010667712230279e-14,6.010667712230279e-14
0.0902,6945.65248771039,0.0,0.0,5.119737187704621,6.010771879497488e-14,6.010771879497488e-14
0.09025000000000001,6945.771082281031,0.0,0.0,5.119755167377508,6.010869712837978e-14,6.010869712837978e-14
0.0903,6945.891717260811,0.0,0.0,5.119776841450341,6.010976067978452e-14,6.010976067978452e-14
0.09035,6946.014198003228,0.0,0.0,5.119801926095441,6.011079238313584e-14,6.011079238313584e-14
0.09040000000000001,6946.138341362428,0.0,0.0,5.119830631184054,6.011186860308975e-14,6.011186860308975e-14
0.09045,6946.264000173298,0.0,0.0,5.119862684730154,6.011294939121944e-14,6.011294939121944e-14
0.09050000000000001,6946.390952997675,0.0,0.0,5.1198982593371865,6.011403166971346e-14,6.011403166971346e-14
0.09055,6946.519079837539,0.0,0.0,5.119937097422953,6.01151546249883e-14,6.01151546249883e-14
0.0906,6946.64810940798,0.0,0.0,5.119979331730283,6.011623964752437e-14,6.011623964752437e-14
0.09065000000000001,6946.777979733793,0.0,0.0,5.120024750299938,6.011739369943747e-14,6.011739369943747e-14
0.0907,6946.908364649197,0.0,0.0,5.120073388891577,6.011848010194149e-14,6.011848010194149e-14
0.09075000000000001,6947.039221716252,0.0,0.0,5.120125131438886,6.011965498980388e-14,6.011965498980388e-14
0.0908,6947.170231955439,0.0,0.0,5.120179908324479,6.012074054019899e-14,6.012074054019899e-14
0.09085,6947.301334177606,0.0,0.0,5.120237668144205,6.012192325280102e-14,6.012192325280102e-14
0.09090000000000001,6947.4322169849065,0.0,0.0,5.120298275119908,6.012301014236959e-14,6.012301014236959e-14
0.09095,6947.562822542037,0.0,0.0,5.120361729823971,6.01241865812286e-14,6.01241865812286e-14
0.091,6947.692842735488,0.0,0.0,5.120427815587964,6.012527319713412e-14,6.012527319713412e-14
0.09105,6947.822194202916,0.0,0.0,5.120496600353428,6.012643344270426e-14,6.012643344270426e-14
0.0911,6947.9506219552395,0.0,0.0,5.1205678040129525,6.01275178830603e-14,6.01275178830603e-14
0.09115000000000001,6948.077989026722,0.0,0.0,5.120641512030237,6.012865007258859e-14,6.012865007258859e-14
0.0912,6948.20408467548,0.0,0.0,5.120717434195817,6.012973026138278e-14,6.012973026138278e-14
0.09125,6948.328747243657,0.0,0.0,5.120795649360043,6.01308264186075e-14,6.01308264186075e-14
0.0913,6948.451800147365,0.0,0.0,5.12087585633494,6.013189595844092e-14,6.013189595844092e-14
0.09135,6948.573044173781,0.0,0.0,5.120958127874332,6.013295046798344e-14,6.013295046798344e-14
0.09140000000000001,6948.692355291278,0.0,0.0,5.121042174688026,6.013400262169182e-14,6.013400262169182e-14
0.09145,6948.809498754362,0.0,0.0,5.121128025596316,6.013501097167037e-14,6.013501097167037e-14
0.0915,6948.924382223649,0.0,0.0,5.121215436723455,6.013603702275335e-14,6.013603702275335e-14
0.09155,6949.036764956325,0.0,0.0,5.121304381962102,6.013699701142373e-14,6.013699701142373e-14
0.0916,6949.146568951673,0.0,0.0,5.121394657859086,6.013798740120352e-14,6.013798740120352e-14
0.09165000000000001,6949.253550252891,0.0,0.0,5.121486188438256,6.013889770783486e-14,6.013889770783486e-14
0.0917,6949.357649676606,0.0,0.0,5.1215788234517605,6.013984212531885e-14,6.013984212531885e-14
0.09175,6949.4586291408905,0.0,0.0,5.121672414145691,6.014070213867215e-14,6.014070213867215e-14
0.0918,6949.556425539642,0.0,0.0,5.121766879076398,6.014159169518156e-14,6.014159169518156e-14
0.09185,6949.650833149803,0.0,0.0,5.1218620059007955,6.014239935423342e-14,6.014239935423342e-14
0.09190000000000001,6949.741773000075,0.0,0.0,5.121957756554707,6.014322582681397e-14,6.014322582681397e-14
0.09195,6949.8290693032595,0.0,0.0,5.122053880617617,6.014398009462437e-14,6.014398009462437e-14
0.092,6949.912638032359,0.0,0.0,5.122150375888505,6.014473615463965e-14,6.014473615463965e-14
0.09205,6949.992330601248,0.0,0.0,5.1222469491615925,6.014543354421582e-14,6.014543354421582e-14
0.0921,6950.068048734154,0.0,0.0,5.122343634495837,6.01461152935516e-14,6.01461152935516e-14
0.09215000000000001,6950.139686734561,0.0,0.0,5.122440121870728,6.014675145921595e-14,6.014675145921595e-14
0.0922,6950.207129266685,0.0,0.0,5.122536435185302,6.01473551252969e-14,6.01473551252969e-14
0.09225,6950.270299360976,0.0,0.0,5.122632292535378,6.014792584071775e-14,6.014792584071775e-14
0.09230000000000001,6950.329086633632,0.0,0.0,5.122727689774239,6.014844978038716e-14,6.014844978038716e-14
0.09235,6950.383431653391,0.0,0.0,5.122822370411278,6.014894917023434e-14,6.014894917023434e-14
0.09240000000000001,6950.433228073647,0.0,0.0,5.122916304846842,6.014939306191693e-14,6.014939306191693e-14
0.09245,6950.478438838602,0.0,0.0,5.12300928058673,6.01498160613043e-14,6.01498160613043e-14
0.0925,6950.518965537188,0.0,0.0,5.123101211282882,6.015017946167741e-14,6.015017946167741e-14
0.09255000000000001,6950.554781512254,0.0,0.0,5.1231919538291,6.015052151753297e-14,6.015052151753297e-14
0.0926,6950.585810351223,0.0,0.0,5.1232813652898335,6.015080443415195e-14,6.015080443415195e-14
0.09265000000000001,6950.6120290492145,0.0,0.0,5.1233693523899815,6.015106195655208e-14,6.015106195655208e-14
0.0927,6950.633382683551,0.0,0.0,5.123455739146824,6.015126397030736e-14,6.015126397030736e-14
0.09275,6950.649855552694,0.0,0.0,5.123540472359913,6.01514347233201e-14,6.01514347233201e-14
0.09280000000000001,6950.661413335671,0.0,0.0,5.1236233440337084,6.015155497246362e-14,6.015155497246362e-14
0.09285,6950.668046894104,0.0,0.0,5.123704337832937,6.015163825750289e-14,6.015163825750289e-14
0.09290000000000001,6950.669742342412,0.0,0.0,5.123783231213681,6.015167532584581e-14,6.015167532584581e-14
0.09295,6950.666500286664,0.0,0.0,5.123860018753762,6.015167169892704e-14,6.015167169892704e-14
0.093,6950.6583225743625,0.0,0.0,5.123934490135231,6.015162403579168e-14,6.015162403579168e-14
0.09305000000000001,6950.645224227215,0.0,0.0,5.124006634481865,6.015153513134298e-14,6.015153513134298e-14
0.0931,6950.627218686842,0.0,0.0,5.124076261048598,6.015140129297577e-14,6.015140129297577e-14
0.09315000000000001,6950.604340022283,0.0,0.0,5.124143350912718,6.015122919867319e-14,6.015122919867319e-14
0.0932,6950.576607206952,0.0,0.0,5.124207741407038,6.015100848827221e-14,6.015100848827221e-14
0.09325,6950.544078329077,0.0,0.0,5.124269392654472,6.015075562915186e-14,6.015075562915186e-14
0.09330000000000001,6950.506776693868,0.0,0.0,5.124328181526722,6.015044801033327e-14,6.015044801033327e-14
0.09335,6950.46478114241,0.0,0.0,5.124384047232271,6.015011654886048e-14,6.015011654886048e-14
0.09340000000000001,6950.41812183745,0.0,0.0,5.124436897931416,6.014972385100831e-14,6.014972385100831e-14
0.09345,6950.366899398436,0.0,0.0,5.124486661649017,6.014931506950489e-14,6.014931506950489e-14
0.0935,6950.31114696667,0.0,0.0,5.124533275282463,6.014884028921973e-14,6.014884028921973e-14
0.09355000000000001,6950.250985279846,0.0,0.0,5.124576654517841,6.014835548894746e-14,6.014835548894746e-14
0.0936,6950.186461293235,0.0,0.0,5.124616763962459,6.014780299489667e-14,6.014780299489667e-14
0.09365000000000001,6950.11769845424,0.0,0.0,5.124653516806973,6.0147242549188e-14,6.0147242549188e-14
0.0937,6950.04476807598,0.0,0.0,5.124686891281316,6.014661815596933e-14,6.014661815596933e-14
0.09375,6949.967796823376,0.0,0.0,5.124716809963349,6.014598251384878e-14,6.014598251384878e-14
0.09380000000000001,6949.886874965281,0.0,0.0,5.124743260440497,6.014529259921899e-14,6.014529259921899e-14
0.09385,6949.80212681734,0.0,0.0,5.124766175688878,6.01445824797599e-14,6.01445824797599e-14
0.09390000000000001,6949.713678208356,0.0,0.0,5.124785550374636,6.0143833446467e-14,6.0143833446467e-14
0.09395,6949.621632248757,0.0,0.0,5.124801333999904,6.014305099859211e-14,6.014305099859211e-14
0.094,6949.526156812508,0.0,0.0,5.124813522092728,6.014224872156415e-14,6.014224872156415e-14
0.09405000000000001,6949.4273395543805,0.0,0.0,5.124822084280034,6.014139668065285e-14,6.014139668065285e-14
0.0941,6949.325376389105,0.0,0.0,5.124827017489162,6.014054700905868e-14,6.014054700905868e-14
0.09415,6949.220347815895,0.0,0.0,5.124828308795212,6.013963031462209e-14,6.013963031462209e-14
0.0942,6949.1124794008,0.0,0.0,5.12482595990993,6.013873634933773e-14,6.013873634933773e-14
0.09425,6949.001834402096,0.0,0.0,5.124819971920763,6.013776260684619e-14,6.013776260684619e-14
0.09430000000000001,6948.888668872062,0.0,0.0,5.124810355887406,6.013682740512943e-14,6.013682740512943e-14
0.09435,6948.773044044639,0.0,0.0,5.124797120811434,6.013580410247214e-14,6.013580410247214e-14
0.0944,6948.6552165305675,0.0,0.0,5.124780293471274,6.013482975850212e-14,6.013482975850212e-14
0.09445,6948.535270533502,0.0,0.0,5.124759885723046,6.013376770472079e-14,6.013376770472079e-14
0.0945,6948.413453208953,0.0,0.0,5.124735943260772,6.013275418279908e-14,6.013275418279908e-14
0.09455000000000001,6948.289864748797,0.0,0.0,5.124708477245802,6.013166406298343e-14,6.013166406298343e-14
0.0946,6948.164744338932,0.0,0.0,5.1246775570975265,6.013061332396485e-14,6.013061332396485e-14
0.09465,6948.03822638436,0.0,0.0,5.124643188385915,6.012950535302796e-14,6.012950535302796e-14
0.0947,6947.910506326342,0.0,0.0,5.124605464180036,6.012841879075449e-14,6.012841879075449e-14
0.09475,6947.781774327176,0.0,0.0,5.124564390438001,6.012730341976602e-14,6.012730341976602e-14
0.09480000000000001,6947.652187874342,0.0,0.0,5.124520074695333,6.012618421986201e-14,6.012618421986201e-14
0.09485,6947.5219711279615,0.0,0.0,5.124472529284768,6.012506974302274e-14,6.012506974302274e-14
0.0949,6947.391248852641,0.0,0.0,5.124421872566998,6.012392306261293e-14,6.012392306261293e-14
0.09495,6947.260292911627,0.0,0.0,5.124368128364046,6.012281589865413e-14,6.012281589865413e-14
0.095,6947.129178836526,0.0,0.0,5.12431141359284,6.012164961533843e-14,6.012164961533843e-14
0.09505000000000001,6946.9982194556405,0.0,0.0,5.124251779454977,6.012055371749052e-14,6.012055371749052e-14
0.0951,6946.867468278431,0.0,0.0,5.124189326950442,6.011937709805082e-14,6.011937709805082e-14
0.09515,6946.737244805369,0.0,0.0,5.1241241410376555,6.011829555738647e-14,6.011829555738647e-14
0.0952,6946.607598274967,0.0,0.0,5.1240563053436,6.01171200178288e-14,6.01171200178288e-14
0.09525,6946.478852807582,0.0,0.0,5.123985939353551,6.011605229149573e-14,6.011605229149573e-14
0.09530000000000001,6946.351051075934,0.0,0.0,5.123913102670996,6.011489181154805e-14,6.011489181154805e-14
0.09535,6946.224506083703,0.0,0.0,5.123837957706682,6.011383790946075e-14,6.011383790946075e-14
0.0954,6946.099286328179,0.0,0.0,5.123760534805328,6.01127039167793e-14,6.01127039167793e-14
0.09545000000000001,6945.975653789715,0.0,0.0,5.123681033237004,6.011166432131239e-14,6.011166432131239e-14
0.0955,6945.85372840156,0.0,0.0,5.123599468738127,6.011057040047505e-14,6.011057040047505e-14
0.09555000000000001,6945.733717160365,0.0,0.0,5.123516058933207,6.010954392212306e-14,6.010954392212306e-14
0.0956,6945.615774171318,0.0,0.0,5.123430815497818,6.010850098541064e-14,6.010850098541064e-14
0.09565,6945.500062014401,0.0,0.0,5.123343972266798,6.01074912673369e-14,6.01074912673369e-14
0.09570000000000001,6945.386784787027,0.0,0.0,5.123255536710086,6.010650667592372e-14,6.010650667592372e-14
0.09575,6945.27602248648,0.0,0.0,5.123165745055525,6.01055178555738e-14,6.01055178555738e-14
0.09580000000000001,6945.168047131942,0.0,0.0,5.123074628427493,6.010459804642663e-14,6.010459804642663e-14
0.09585,6945.062880979073,0.0,0.0,5.122982394584514,6.01036368592478e-14,6.01036368592478e-14
0.0959,6944.960811883503,0.0,0.0,5.122889112466104,6.010278401898611e-14,6.010278401898611e-14
0.09595000000000001,6944.861836802009,0.0,0.0,5.1227949624651705,6.010186022420884e-14,6.010186022420884e-14
0.096,6944.766261927068,0.0,0.0,5.122700047322357,6.010107394599028e-14,6.010107394599028e-14
0.09605000000000001,6944.674041466546,0.0,0.0,5.1226045090535495,6.010019919659099e-14,6.010019919659099e-14
0.0961,6944.585491938914,0.0,0.0,5.122508505915868,6.009947675764295e-14,6.009947675764295e-14
0.09615,6944.500566965651,0.0,0.0,5.122412121902267,6.009866315529012e-14,6.009866315529012e-14
0.09620000000000001,6944.419537920811,0.0,0.0,5.122315571515184,6.009800191036483e-14,6.009800191036483e-14
0.09625,6944.342389941009,0.0,0.0,5.1222188940189906,6.009726137945427e-14,6.009726137945427e-14
0.09630000000000001,6944.269345920782,0.0,0.0,5.1221223437984,6.00966565752035e-14,6.00966565752035e-14
0.09635,6944.200416595152,0.0,0.0,5.122025921262081,6.00960017670548e-14,6.00960017670548e-14
0.0964,6944.1357653403375,0.0,0.0,5.121929919013024,6.0095450702543e-14,6.0095450702543e-14
0.09645000000000001,6944.075454042991,0.0,0.0,5.1218343039654295,6.009488882808808e-14,6.009488882808808e-14
0.0965,6944.019559855014,0.0,0.0,5.1217393876878905,6.00943917270872e-14,6.00943917270872e-14
0.09655000000000001,6943.968208311208,0.0,0.0,5.12164513198516,6.00939297367425e-14,6.00939297367425e-14
0.0966,6943.921395987264,0.0,0.0,5.121551834735436,6.00934862345054e-14,6.00934862345054e-14
0.09665,6943.879288560922,0.0,0.0,5.121459476905523,6.009312692916172e-14,6.009312692916172e-14
0.09670000000000001,6943.841825499359,0.0,0.0,5.121368327683853,6.009274267105503e-14,6.009274267105503e-14
0.09675,6943.80920742497,0.0,0.0,5.121278397459941,6.009248370657328e-14,6.009248370657328e-14
0.09680000000000001,6943.781305001853,0.0,0.0,5.12118990498855,6.009216500716709e-14,6.009216500716709e-14
0.09685,6943.758351621136,0.0,0.0,5.121102922864588,6.009200344109171e-14,6.009200344109171e-14
0.0969,6943.740186073486,0.0,0.0,5.121017587743906,6.009175821915754e-14,6.009175821915754e-14
0.09695000000000001,6943.727016503851,0.0,0.0,5.120934043618318,6.009168704875574e-14,6.009168704875574e-14
0.097,6943.7186901998775,0.0,0.0,5.1208523566801025,6.009152531293737e-14,6.009152531293737e-14
0.09705000000000001,6943.715386528096,0.0,0.0,5.120772725623425,6.009153657420418e-14,6.009153657420418e-14
0.0971,6943.716947147057,0.0,0.0,5.120695146280271,6.009146740750833e-14,6.009146740750833e-14
0.09715,6943.723514379574,0.0,0.0,5.120619883788036,6.009155301410842e-14,6.009155301410842e-14
0.09720000000000001,6943.734970716049,0.0,0.0,5.120546859822844,6.009158399871677e-14,6.009158399871677e-14
0.09725,6943.751365092322,0.0,0.0,5.120476380264179,6.009173764254501e-14,6.009173764254501e-14
0.09730000000000001,6943.772643873258,0.0,0.0,5.120408338938602,6.009187363804472e-14,6.009187363804472e-14
0.09735,6943.79878208189,0.0,0.0,5.120343038792576,6.009208938043041e-14,6.009208938043041e-14
0.0974,6943.829761530424,0.0,0.0,5.1202803670738835,6.009233384137112e-14,6.009233384137112e-14
0.09745000000000001,6943.865488106949,0.0,0.0,5.120220615492896,6.009260899919302e-14,6.009260899919302e-14
0.0975,6943.905997386246,0.0,0.0,5.120163677666508,6.009295879519038e-14,6.009295879519038e-14
0.09755,6943.951109877868,0.0,0.0,5.120109803533587,6.009329474516656e-14,6.009329474516656e-14
0.0976,6944.000911363459,0.0,0.0,5.1200589334475985,6.009374555259212e-14,6.009374555259212e-14
0.09765,6944.055164535892,0.0,0.0,5.120011238268383,6.009414292991046e-14,6.009414292991046e-14
0.09770000000000001,6944.113964412888,0.0,0.0,5.119966724408677,6.009468725676114e-14,6.009468725676114e-14
0.09775,6944.177053359581,0.0,0.0,5.119925483115911,6.009515159049918e-14,6.009515159049918e-14
0.0978,6944.2445192286605,0.0,0.0,5.119887577901977,6.009577763622345e-14,6.009577763622345e-14
0.09785,6944.316084322551,0.0,0.0,5.119853021311812,6.009631399532102e-14,6.009631399532102e-14
0.0979,6944.391824985023,0.0,0.0,5.119821945093941,6.009701141502416e-14,6.009701141502416e-14
0.09795000000000001,6944.471472646864,0.0,0.0,5.119794270443073,6.009762392573669e-14,6.009762392573669e-14
0.098,6944.555045659839,0.0,0.0,5.119770192040103,6.009838076129436e-14,6.009838076129436e-14
0.09805,6944.642324415243,0.0,0.0,5.119749567673926,6.009907365467015e-14,6.009907365467015e-14
0.0981,6944.733261177355,0.0,0.0,5.119732617632328,6.009987928638258e-14,6.009987928638258e-14
0.09815,6944.827670213418,0.0,0.0,5.119719160952262,6.010065351272924e-14,6.010065351272924e-14
0.09820000000000001,6944.925447249127,0.0,0.0,5.119709435917261,6.010149940153947e-14,6.010149940153947e-14
0.09825,6945.026460639544,0.0,0.0,5.119703230492932,6.010235328148139e-14,6.010235328148139e-14
0.0983,6945.130519263415,0.0,0.0,5.119700772409124,6.010323369106689e-14,6.010323369106689e-14
0.09835,6945.237552981238,0.0,0.0,5.119701865022378,6.010416182705088e-14,6.010416182705088e-14
0.0984,6945.347312965735,0.0,0.0,5.119706684118994,6.010507282749072e-14,6.010507282749072e-14
0.09845000000000001,6945.459754540882,0.0,0.0,5.1197150676286665,6.010606817137206e-14,6.010606817137206e-14
0.0985,6945.574588697263,0.0,0.0,5.11972713499698,6.010700833901915e-14,6.010700833901915e-14
0.09855,6945.691800235799,0.0,0.0,5.1197427684959935,6.010805913761075e-14,6.010805913761075e-14
0.09860000000000001,6945.81106046938,0.0,0.0,5.119762006703623,6.010903002214037e-14,6.010903002214037e-14
0.09865,6945.932365319698,0.0,0.0,5.119784806488638,6.011012430789853e-14,6.011012430789853e-14
0.09870000000000001,6946.0553840890125,0.0,0.0,5.119811107123729,6.011112575542449e-14,6.011112575542449e-14
0.09875,6946.180086441197,0.0,0.0,5.119840937742346,6.011225101515647e-14,6.011225101515647e-14
0.0988,6946.306164997292,0.0,0.0,5.119874156949009,6.01132850755233e-14,6.01132850755233e-14
0.09885000000000001,6946.433557620647,0.0,0.0,5.119910846281259,6.01144271505016e-14,6.01144271505016e-14
0.0989,6946.561980012189,0.0,0.0,5.119950794452626,6.011549396351983e-14,6.011549396351983e-14
0.09895000000000001,6946.691333740424,0.0,0.0,5.119994133310791,6.011664224032447e-14,6.011664224032447e-14
0.099,6946.821377661032,0.0,0.0,5.120040588773572,6.011773918062244e-14,6.011773918062244e-14
0.09905,6946.9519518950665,0.0,0.0,5.120090318889493,6.011888361079136e-14,6.011888361079136e-14
0.09910000000000001,6947.082876486128,0.0,0.0,5.120143030785509,6.012000729879128e-14,6.012000729879128e-14
0.09915,6947.213937519485,0.0,0.0,5.120198860629749,6.012114022338892e-14,6.012114022338892e-14
0.09920000000000001,6947.344991526036,0.0,0.0,5.1202575304192095,6.012228373138228e-14,6.012228373138228e-14
0.09925,6947.475793846344,0.0,0.0,5.120319142863525,6.012340022465835e-14,6.012340022465835e-14
0.0993,6947.606238253167,0.0,0.0,5.12038344188958,6.012455474642295e-14,6.012455474642295e-14
0.09935000000000001,6947.736037848826,0.0,0.0,5.120450475211419,6.01256519004404e-14,6.01256519004404e-14
0.0994,6947.865123529532,0.0,0.0,5.1205200477557895,6.012680654332727e-14,6.012680654332727e-14
0.09945000000000001,6947.99319402936,0.0,0.0,5.120592118345859,6.012788261389608e-14,6.012788261389608e-14
0.0995,6948.1201816420735,0.0,0.0,5.120666564279473,6.012902639599663e-14,6.012902639599663e-14
0.09955,6948.24579539504,0.0,0.0,5.120743266899267,6.013008027710518e-14,6.013008027710518e-14
0.09960000000000001,6948.369965199421,0.0,0.0,5.120822162220864,6.01312008538096e-14,6.01312008538096e-14
0.09965,6948.49241070989,0.0,0.0,5.120903058532652,6.013223238831425e-14,6.013223238831425e-14
0.09970000000000001,6948.613051625337,0.0,0.0,5.120985954506524,6.013331875504831e-14,6.013331875504831e-14
0.09975,6948.731639498422,0.0,0.0,5.121070589679432,6.013432543984383e-14,6.013432543984383e-14
0.0998,6948.848064055224,0.0,0.0,5.121157006115053,6.013536841578916e-14,6.013536841578916e-14
0.09985000000000001,6948.962119438998,0.0,0.0,5.121244907109788,6.01363477593413e-14,6.01363477593413e-14
0.0999,6949.073668792087,0.0,0.0,5.121334347477488,6.013733861182664e-14,6.013733861182664e-14
0.09995000000000001,6949.182543240293,0.0,0.0,5.121425017535524,6.013828633759724e-14,6.013828633759724e-14
0.1,6949.28858353824,0.0,0.0,5.121516969953179,6.013921979944932e-14,6.013921979944932e-14
0.10005,6949.391659691061,0.0,0.0,5.121609899098709,6.014012941204653e-14,6.014012941204653e-14
0.10010000000000001,6949.491589250469,0.0,0.0,5.121703833231006,6.014100133240067e-14,6.014100133240067e-14
0.10015,6949.588279060486,0.0,0.0,5.121798500651688,6.014186620380252e-14,6.014186620380252e-14
0.10020000000000001,6949.681535890312,0.0,0.0,5.12189387868363,6.014267400193898e-14,6.014267400193898e-14
0.10025,6949.7712859695375,0.0,0.0,5.121989745494719,6.01434860376982e-14,6.01434860376982e-14
0.1003,6949.8573417669495,0.0,0.0,5.122086027457971,6.01442285459416e-14,6.01442285459416e-14
0.10035000000000001,6949.9396437566675,0.0,0.0,5.1221825498849745,6.01449798426521e-14,6.01449798426521e-14
0.1004,6950.018010822939,0.0,0.0,5.122279184220432,6.014565612889506e-14,6.014565612889506e-14
0.10045000000000001,6950.092393609868,0.0,0.0,5.122375816847501,6.014633919730122e-14,6.014633919730122e-14
0.1005,6950.162631905612,0.0,0.0,5.122472256802341,6.014694828779284e-14,6.014694828779284e-14
0.10055,6950.228671153378,0.0,0.0,5.122568443656612,6.014755695438491e-14,6.014755695438491e-14
0.10060000000000001,6950.290381073446,0.0,0.0,5.122664147992018,6.014809728413456e-14,6.014809728413456e-14
0.10065,6950.347704065988,0.0,0.0,5.122759339796846,6.014862644782832e-14,6.014862644782832e-14
0.10070000000000001,6950.400534830824,0.0,0.0,5.122853764638586,6.01490961185551e-14,6.01490961185551e-14
0.10075,6950.4488151019905,0.0,0.0,5.122947419554628,6.014954242696185e-14,6.014954242696185e-14
0.1008,6950.49246800622,0.0,0.0,5.1230400337460695,6.014993828145971e-14,6.014993828145971e-14
0.10085000000000001,6950.531432375364,0.0,0.0,5.123131611929524,6.015030011444872e-14,6.015030011444872e-14
0.1009,6950.565657420725,0.0,0.0,5.123221896091145,6.015061887189804e-14,6.015061887189804e-14
0.10095,6950.595087117595,0.0,0.0,5.12331087417657,6.015089539898902e-14,6.015089539898902e-14
0.101,6950.6196886324815,0.0,0.0,5.123398316410888,6.015113361298604e-14,6.015113361298604e-14
0.10105,6950.639417545703,0.0,0.0,5.12348418841429,6.015132524599126e-14,6.015132524599126e-14
0.10110000000000001,6950.654255180441,0.0,0.0,5.123568294122141,6.015147959715532e-14,6.015147959715532e-14
0.10115,6950.664172283228,0.0,0.0,5.1236505693587855,6.01515869702539e-14,6.01515869702539e-14
0.1012,6950.6691608420715,0.0,0.0,5.123730863667869,6.015165513581533e-14,6.015165513581533e-14
0.10125,6950.669210609934,0.0,0.0,5.123809074659458,6.015167886558566e-14,6.015167886558566e-14
0.1013,6950.664321628566,0.0,0.0,5.123885099203677,6.015165956625023e-14,6.015165956625023e-14
0.10135000000000001,6950.654503535015,0.0,0.0,5.12395880551938,6.015159998782207e-14,6.015159998782207e-14
0.1014,6950.639765036918,0.0,0.0,5.124030126290194,6.015149332246586e-14,6.015149332246586e-14
0.10145,6950.620134378618,0.0,0.0,5.1240989104092085,6.015135034067377e-14,6.015135034067377e-14
0.1015,6950.595631005464,0.0,0.0,5.124165121507082,6.015115778791113e-14,6.015115778791113e-14
0.10155,6950.566297398802,0.0,0.0,5.124228595899971,6.015093094655172e-14,6.015093094655172e-14
0.10160000000000001,6950.532170019794,0.0,0.0,5.124289316933744,6.015065511808046e-14,6.015065511808046e-14
0.10165,6950.493298875057,0.0,0.0,5.124347125691164,6.015034397848665e-14,6.015034397848665e-14
0.1017,6950.449741320153,0.0,0.0,5.124402009585358,6.014998836787085e-14,6.014998836787085e-14
0.10175000000000001,6950.40155265542,0.0,0.0,5.124453825372538,6.014959261798072e-14,6.014959261798072e-14
0.1018,6950.34881391445,0.0,0.0,5.124502559893813,6.014916115110747e-14,6.014916115110747e-14
0.10185000000000001,6950.291578869911,0.0,0.0,5.124548090513881,6.014868158477604e-14,6.014868158477604e-14
0.1019,6950.229959081391,0.0,0.0,5.124590396866262,6.014817774679383e-14,6.014817774679383e-14
0.10195,6950.164003653581,0.0,0.0,5.124629385048612,6.014761619147083e-14,6.014761619147083e-14
0.10200000000000001,6950.093850512937,0.0,0.0,5.124665023742849,6.014704358493546e-14,6.014704358493546e-14
0.10205,6950.019550143403,0.0,0.0,5.124697246731842,6.014640315943014e-14,6.014640315943014e-14
0.10210000000000001,6949.941261749424,0.0,0.0,5.124726016983751,6.014576404099736e-14,6.014576404099736e-14
0.10215,6949.85903791739,0.0,0.0,5.124751290974334,6.014505017904412e-14,6.014505017904412e-14
0.1022,6949.773057568961,0.0,0.0,5.124773030335911,6.014434621221717e-14,6.014434621221717e-14
0.10225000000000001,6949.683380080432,0.0,0.0,5.124791210765186,6.014356499079029e-14,6.014356499079029e-14
0.1023,6949.59019113693,0.0,0.0,5.124805797613169,6.014279761625674e-14,6.014279761625674e-14
0.10235000000000001,6949.493572864616,0.0,0.0,5.124816779387847,6.014195683070578e-14,6.014195683070578e-14
0.1024,6949.393702992799,0.0,0.0,5.124824132552231,6.014112663038848e-14,6.014112663038848e-14
0.10245,6949.290691858118,0.0,0.0,5.124827852356163,6.014023462878517e-14,6.014023462878517e-14
0.10250000000000001,6949.184707765978,0.0,0.0,5.124827930741983,6.013934305571643e-14,6.013934305571643e-14
0.10255,6949.075891387245,0.0,0.0,5.124824366991141,6.013840801777263e-14,6.013840801777263e-14
0.10260000000000001,6948.964390183383,0.0,0.0,5.124817170401424,6.013745719791779e-14,6.013745719791779e-14
0.10265,6948.850389600416,0.0,0.0,5.124806343591938,6.013648676027539e-14,6.013648676027539e-14
0.1027,6948.734005300354,0.0,0.0,5.124791911996706,6.013548057375882e-14,6.013548057375882e-14
0.10275000000000001,6948.615463449959,0.0,0.0,5.124773884640023,6.013448118769991e-14,6.013448118769991e-14
0.1028,6948.4948603965295,0.0,0.0,5.124752298993769,6.013342483831674e-14,6.013342483831674e-14
0.10285000000000001,6948.372450778807,0.0,0.0,5.124727174300725,6.013240178479907e-14,6.013240178479907e-14
0.1029,6948.248311757529,0.0,0.0,5.124698555614352,6.013130318603763e-14,6.013130318603763e-14
0.10295,6948.12272867857,0.0,0.0,5.1246664782895595,6.013025913554625e-14,6.013025913554625e-14
0.10300000000000001,6947.99576414435,0.0,0.0,5.124630986725947,6.0129127913153e-14,6.0129127913153e-14
0.10305,6947.8677137863215,0.0,0.0,5.124592140283313,6.012806556433156e-14,6.012806556433156e-14
0.10310000000000001,6947.738650020545,0.0,0.0,5.124549976644796,6.012691206664482e-14,6.012691206664482e-14
0.10315,6947.608857882947,0.0,0.0,5.124504581714875,6.012583206010962e-14,6.012583206010962e-14
0.1032,6947.478428455259,0.0,0.0,5.124455984779568,6.012466909230273e-14,6.012466909230273e-14
0.10325000000000001,6947.347629989033,0.0,0.0,5.124404299800075,6.012357189102191e-14,6.012357189102191e-14
0.1033,6947.216581062889,0.0,0.0,5.124349544928374,6.012241060503128e-14,6.012241060503128e-14
0.10335000000000001,6947.085512880549,0.0,0.0,5.12429186224025,6.01212982033788e-14,6.01212982033788e-14
0.1034,6946.95459294453,0.0,0.0,5.124231262659848,6.012014983427257e-14,6.012014983427257e-14
0.10345,6946.82400050991,0.0,0.0,5.12416790665279,6.011902403139882e-14,6.011902403139882e-14
0.10350000000000001,6946.693950398313,0.0,0.0,5.1241018086112,6.011789831852894e-14,6.011789831852894e-14
0.10355,6946.564577632924,0.0,0.0,5.124033137385271,6.01167639793142e-14,6.01167639793142e-14
0.10360000000000001,6946.436137692376,0.0,0.0,5.123961917746829,6.0115667759705e-14,6.0115667759705e-14
0.10365,6946.308717249292,0.0,0.0,5.1238883180100645,6.011453153819487e-14,6.011453153819487e-14
0.1037,6946.18261757478,0.0,0.0,5.123812385620145,6.011346980568097e-14,6.011346980568097e-14
0.10375000000000001,6946.0578793650475,0.0,0.0,5.123734270627006,6.011234091297258e-14,6.011234091297258e-14
0.1038,6945.934827411682,0.0,0.0,5.123654059092371,6.011131579583495e-14,6.011131579583495e-14
0.10385000000000001,6945.81348766834,0.0,0.0,5.123571872150377,6.011020508623837e-14,6.011020508623837e-14
0.1039,6945.694181678926,0.0,0.0,5.123487836496857,6.010921731897071e-14,6.010921731897071e-14
0.10395,6945.576929251568,0.0,0.0,5.123402043115535,6.010813754980683e-14,6.010813754980683e-14
0.10400000000000001,6945.462044876212,0.0,0.0,5.12331466296078,6.01071852115203e-14,6.01071852115203e-14
0.10405,6945.349554613547,0.0,0.0,5.123225748733362,6.010614976496269e-14,6.010614976496269e-14
0.1041,6945.239735174396,0.0,0.0,5.123135518911741,6.010523220396687e-14,6.010523220396687e-14
0.10415,6945.132653265215,0.0,0.0,5.123043992983607,6.010425262822923e-14,6.010425262822923e-14
0.1042,6945.028522579012,0.0,0.0,5.122951420936391,6.010336863849714e-14,6.010336863849714e-14
0.10425000000000001,6944.927455073539,0.0,0.0,5.122857806603613,6.010245720770534e-14,6.010245720770534e-14
0.1043,6944.829606684544,0.0,0.0,5.1227634165183895,6.010160664103827e-14,6.010160664103827e-14
0.10435,6944.735131905893,0.0,0.0,5.122668247254844,6.010077117813846e-14,6.010077117813846e-14
0.1044,6944.6441168533565,0.0,0.0,5.1225725710803385,6.009995781138502e-14,6.009995781138502e-14
0.10445,6944.556773916661,0.0,0.0,5.122476394283856,6.00992039045743e-14,6.00992039045743e-14
0.10450000000000001,6944.473114611673,0.0,0.0,5.1223799686705425,6.009843188497888e-14,6.009843188497888e-14
0.10455,6944.39339225144,0.0,0.0,5.122283335217808,6.009776257578548e-14,6.009776257578548e-14
0.1046,6944.31757126084,0.0,0.0,5.122186706342441,6.009703995686709e-14,6.009703995686709e-14
0.10465,6944.245920482061,0.0,0.0,5.12209016610938,6.009645386686011e-14,6.009645386686011e-14
0.1047,6944.178369153483,0.0,0.0,5.121993880820713,6.009579037063052e-14,6.009579037063052e-14
0.10475000000000001,6944.115195320709,0.0,0.0,5.121897986399512,6.009528479567947e-14,6.009528479567947e-14
0.1048,6944.056305917497,0.0,0.0,5.121802588419631,6.009469131823046e-14,6.009469131823046e-14
0.10485,6944.001957278187,0.0,0.0,5.12170788492555,6.00942611587627e-14,6.00942611587627e-14
0.10490000000000001,6943.952072904861,0.0,0.0,5.121613919894742,6.00937489138958e-14,6.00937489138958e-14
0.10495,6943.906856780993,0.0,0.0,5.121520941316294,6.009338928316697e-14,6.009338928316697e-14
0.10500000000000001,6943.866260649793,0.0,0.0,5.1214289459274935,6.009296860299276e-14,6.009296860299276e-14
0.10505,6943.8304323538305,0.0,0.0,5.121338219671019,6.009267394538608e-14,6.009267394538608e-14
0.1051,6943.799361325129,0.0,0.0,5.121248719105108,6.009235376664109e-14,6.009235376664109e-14
0.10515000000000001,6943.773118169037,0.0,0.0,5.1211607556285115,6.009212138160368e-14,6.009212138160368e-14
0.1052,6943.751752038454,0.0,0.0,5.121074266830064,6.009190622743512e-14,6.009190622743512e-14
0.10525000000000001,6943.735246168677,0.0,0.0,5.12098955802531,6.009173504903736e-14,6.009173504903736e-14
0.1053,6943.7237001165595,0.0,0.0,5.120906578437398,6.009162826579172e-14,6.009162826579172e-14
0.10535,6943.717030203715,0.0,0.0,5.120825603135345,6.009151894943663e-14,6.009151894943663e-14
0.10540000000000001,6943.715369766993,0.0,0.0,5.12074660728688,6.00915185289367e-14,6.00915185289367e-14
0.10545,6943.7185721945325,0.0,0.0,5.120669820787236,6.00914764019207e-14,6.00914764019207e-14
0.10550000000000001,6943.726804506636,0.0,0.0,5.120595265364661,6.009157736048963e-14,6.009157736048963e-14
0.10555,6943.739869442075,0.0,0.0,5.1205230980014065,6.009160746792205e-14,6.009160746792205e-14
0.1056,6943.757936381173,0.0,0.0,5.120453409219112,6.009180342600719e-14,6.009180342600719e-14
0.10565000000000001,6943.780798138502,0.0,0.0,5.12038627361107,6.00919133490041e-14,6.00919133490041e-14
0.1057,6943.808593945911,0.0,0.0,5.120321844465349,6.009219435960113e-14,6.009219435960113e-14
0.10575000000000001,6943.841121921068,0.0,0.0,5.120260123787843,6.00923918074457e-14,6.00923918074457e-14
0.1058,6943.8784865386115,0.0,0.0,5.120201321868559,6.009274885946729e-14,6.009274885946729e-14
0.10585,6943.920503372316,0.0,0.0,5.120145367224649,6.009303990309149e-14,6.009303990309149e-14
0.10590000000000001,6943.967214116998,0.0,0.0,5.120092522394008,6.009346379930449e-14,6.009346379930449e-14
0.10595,6944.018486228031,0.0,0.0,5.120042661151708,6.009385302637824e-14,6.009385302637824e-14
0.10600000000000001,6944.07427878173,0.0,0.0,5.119996064610574,6.009433664123123e-14,6.009433664123123e-14
0.10605,6944.134510042301,0.0,0.0,5.119952586927977,6.009482540351317e-14,6.009482540351317e-14
0.1061,6944.199069041378,0.0,0.0,5.119912500040142,6.009536313070963e-14,6.009536313070963e-14
0.10615000000000001,6944.267918106906,0.0,0.0,5.11987565722138,6.009595013604684e-14,6.009595013604684e-14
0.1062,6944.340874095015,0.0,0.0,5.1198423016408405,6.00965396979274e-14,6.00965396979274e-14
0.10625000000000001,6944.41794845065,0.0,0.0,5.119812311990629,6.009721881953399e-14,6.009721881953399e-14
0.1063,6944.498891982988,0.0,0.0,5.1197858693166145,6.009786036881736e-14,6.009786036881736e-14
0.10635,6944.58374448978,0.0,0.0,5.119762908323978,6.009862414349136e-14,6.009862414349136e-14
0.10640000000000001,6944.672222527024,0.0,0.0,5.119743528052825,6.009931862596226e-14,6.009931862596226e-14
0.10645,6944.764366902981,0.0,0.0,5.119727725821368,6.01001561038121e-14,6.01001561038121e-14
0.10650000000000001,6944.8598775395385,0.0,0.0,5.119715517585302,6.010090767196876e-14,6.010090767196876e-14
0.10655,6944.958786623295,0.0,0.0,5.1197069662097325,6.010180625121402e-14,6.010180625121402e-14
0.1066,6945.060793263476,0.0,0.0,5.119701998196025,6.010261731659051e-14,6.010261731659051e-14
0.10665000000000001,6945.165895759346,0.0,0.0,5.119700743956036,6.010356554258104e-14,6.010356554258104e-14
0.1067,6945.273824965779,0.0,0.0,5.119703050906226,6.010443849645696e-14,6.010443849645696e-14
0.10675000000000001,6945.384521451023,0.0,0.0,5.1197090931070015,6.0105423800326e-14,6.0105423800326e-14
0.1068,6945.497757321462,0.0,0.0,5.1197186675730615,6.010635955692977e-14,6.010635955692977e-14
0.10685,6945.6134190962475,0.0,0.0,5.119731968888823,6.010737231684563e-14,6.010737231684563e-14
0.10690000000000001,6945.731321275663,0.0,0.0,5.119748759818889,6.010836836203913e-14,6.010836836203913e-14
0.10695,6945.851285790048,0.0,0.0,5.119769237297523,6.01094006359641e-14,6.01094006359641e-14
0.10700000000000001,6945.973184411589,0.0,0.0,5.119793159484779,6.011045244099512e-14,6.011045244099512e-14
0.10705,6946.096774830599,0.0,0.0,5.119820687354302,6.011149884084058e-14,6.011149884084058e-14
0.1071,6946.221969946415,0.0,0.0,5.119851609761867,6.011259852700877e-14,6.011259852700877e-14
0.10715000000000001,6946.3484878984955,0.0,0.0,5.119886029499705,6.01136558279762e-14,6.01136558279762e-14
0.1072,6946.476266749998,0.0,0.0,5.119923778136396,6.011479362774881e-14,6.011479362774881e-14
0.10725000000000001,6946.604993752766,0.0,0.0,5.119964889725785,6.011586059884939e-14,6.011586059884939e-14
0.1073,6946.734626659935,0.0,0.0,5.120009255228944,6.011702411398599e-14,6.011702411398599e-14
0.10735,6946.864837749139,0.0,0.0,5.120056821030882,6.011810086169522e-14,6.011810086169522e-14
0.10740000000000001,6946.995580250451,0.0,0.0,5.120107550666404,6.01192778437098e-14,6.01192778437098e-14
0.10745,6947.126540885356,0.0,0.0,5.120161303970648,6.012036368503077e-14,6.012036368503077e-14
0.1075,6947.257647823802,0.0,0.0,5.120218104177659,6.012154146596303e-14,6.012154146596303e-14
0.10755,6947.388614222901,0.0,0.0,5.120277742772978,6.012263657203946e-14,6.012263657203946e-14
0.1076,6947.519339645524,0.0,0.0,5.120340288341887,6.01238029620871e-14,6.01238029620871e-14
0.10765000000000001,6947.64957049942,0.0,0.0,5.120405475348016,6.012490492055447e-14,6.012490492055447e-14
0.1077,6947.7791676077595,0.0,0.0,5.1204734053853675,6.012605066990498e-14,6.012605066990498e-14
0.10775,6947.90792587585,0.0,0.0,5.120543778441746,6.012715554993066e-14,6.012715554993066e-14
0.1078,6948.035659445138,0.0,0.0,5.120616696972917,6.01282721123586e-14,6.01282721123586e-14
0.10785,6948.162209379375,0.0,0.0,5.120691862941179,6.012937447925721e-14,6.012937447925721e-14
0.10790000000000001,6948.287357777778,0.0,0.0,5.120769351690869,6.013045631565124e-14,6.013045631565124e-14
0.10795,6948.410979785836,0.0,0.0,5.120848885548176,6.013154795851534e-14,6.013154795851534e-14
0.108,6948.532831455236,0.0,0.0,5.120930499107607,6.013259133729722e-14,6.013259133729722e-14
0.10805000000000001,6948.652821984158,0.0,0.0,5.121013955436085,6.01336632327472e-14,6.01336632327472e-14
0.1081,6948.770689822023,0.0,0.0,5.121099223896486,6.013466578038087e-14,6.013466578038087e-14
0.10815000000000001,6948.886361492555,0.0,0.0,5.121186130008115,6.013570765863366e-14,6.013570765863366e-14
0.1082,6948.999580212044,0.0,0.0,5.12127457004076,6.013666803853222e-14,6.013666803853222e-14
0.10825,6949.110274775176,0.0,0.0,5.121364429677182,6.013766976047624e-14,6.013766976047624e-14
0.10830000000000001,6949.218202232137,0.0,0.0,5.121455539148544,6.013858674138695e-14,6.013858674138695e-14
0.10835,6949.323289199196,0.0,0.0,5.121547841434818,6.013953838606992e-14,6.013953838606992e-14
0.10840000000000001,6949.425316073222,0.0,0.0,5.121641103994306,6.014041059363804e-14,6.014041059363804e-14
0.10845,6949.524195795332,0.0,0.0,5.1217353196836815,6.014130379694131e-14,6.014130379694131e-14
0.1085,6949.619744077879,0.0,0.0,5.121830211636971,6.014212841868031e-14,6.014212841868031e-14
0.10855000000000001,6949.711855791762,0.0,0.0,5.121925798905476,6.014295634413278e-14,6.014295634413278e-14
0.1086,6949.800381992533,0.0,0.0,5.1220217858360515,6.014373015712113e-14,6.014373015712113e-14
0.10865000000000001,6949.885203770971,0.0,0.0,5.122118197611998,6.014448739736827e-14,6.014448739736827e-14
0.1087,6949.966204919352,0.0,0.0,5.1222147377361775,6.014520557554528e-14,6.014520557554528e-14
0.10875,6950.043255617932,0.0,0.0,5.1223114214054375,6.014588911341128e-14,6.014588911341128e-14
0.10880000000000001,6950.116271164763,0.0,0.0,5.122407972037462,6.014654602106239e-14,6.014654602106239e-14
0.10885,6950.185115670988,0.0,0.0,5.122504372520907,6.014715362982954e-14,6.014715362982954e-14
0.10890000000000001,6950.249728030749,0.0,0.0,5.12260038844594,6.014774353110806e-14,6.014774353110806e-14
0.10895,6950.309978416749,0.0,0.0,5.122695957641962,6.014827428777749e-14,6.014827428777749e-14
0.109,6950.365819657183,0.0,0.0,5.1227908925853605,6.014879108918306e-14,6.014879108918306e-14
0.10905000000000001,6950.417134412992,0.0,0.0,5.122885087200946,6.014924456447345e-14,6.014924456447345e-14
0.1091,6950.463886807851,0.0,0.0,5.122978403604209,6.014968308465529e-14,6.014968308465529e-14
0.10915000000000001,6950.505976520489,0.0,0.0,5.123070687650416,6.01500587125912e-14,6.01500587125912e-14
0.1092,6950.54337298191,0.0,0.0,5.123161853566306,6.015041471019507e-14,6.015041471019507e-14
0.10925,6950.575999593216,0.0,0.0,5.123251707356873,6.01507117197569e-14,6.01507117197569e-14
0.10930000000000001,6950.603828344388,0.0,0.0,5.123340200309109,6.015098232629936e-14,6.015098232629936e-14
0.10935,6950.626805885023,0.0,0.0,5.123427116679202,6.015119938573561e-14,6.015119938573561e-14
0.10940000000000001,6950.644909634562,0.0,0.0,5.123512432243563,6.015138313092064e-14,6.015138313092064e-14
0.10945,6950.658107293291,0.0,0.0,5.123595920091863,6.015151850048934e-14,6.015151850048934e-14
0.1095,6950.666384056161,0.0,0.0,5.123677569833451,6.015161527010038e-14,6.015161527010038e-14
0.10955000000000001,6950.669725800606,0.0,0.0,5.123757159864784,6.015166691109067e-14,6.015166691109067e-14
0.1096,6950.668129911149,0.0,0.0,5.123834676184156,6.015167761024159e-14,6.015167761024159e-14
0.10965000000000001,6950.6615956192345,0.0,0.0,5.1239099191666995,6.015164365969212e-14,6.015164365969212e-14
0.1097,6950.650137107532,0.0,0.0,5.123982860453058,6.015156984016758e-14,6.015156984016758e-14
0.10975,6950.6337630165635,0.0,0.0,5.124053330301854,6.015144897142164e-14,6.015144897142164e-14
0.10980000000000001,6950.612507629417,0.0,0.0,5.1241212814627435,6.015129234207164e-14,6.015129234207164e-14
0.10985,6950.586386085801,0.0,0.0,5.124186579264773,6.015108424414452e-14,6.015108424414452e-14
0.10990000000000001,6950.555454518914,0.0,0.0,5.124249153880039,6.015084642152808e-14,6.015084642152808e-14
0.10995,6950.519734322151,0.0,0.0,5.124308908621267,6.015055192822262e-14,6.015055192822262e-14
0.11,6950.479301044734,0.0,0.0,5.124365753244471,6.015023408724025e-14,6.015023408724025e-14
0.11005000000000001,6950.434185768769,0.0,0.0,5.12441962345677,6.014985562624001e-14,6.014985562624001e-14
0.1101,6950.384479654512,0.0,0.0,5.124470417459275,6.014945838449064e-14,6.014945838449064e-14
0.11015000000000001,6950.330226088008,0.0,0.0,5.124518096024462,6.014899958288304e-14,6.014899958288304e-14
0.1102,6950.271527368439,0.0,0.0,5.124562552613869,6.014852339481943e-14,6.014852339481943e-14
0.11025,6950.208446096762,0.0,0.0,5.12460376676028,6.014798902425483e-14,6.014798902425483e-14
0.11030000000000001,6950.141085469886,0.0,0.0,5.124641636442549,6.014743415814155e-14,6.014743415814155e-14
0.11035,6950.069535391232,0.0,0.0,5.124676149844436,6.014682967608017e-14,6.014682967608017e-14
0.11040000000000001,6949.993895196845,0.0,0.0,5.124707219191973,6.014619697162644e-14,6.014619697162644e-14
0.11045,6949.9142829212005,0.0,0.0,5.124734835343015,6.014552800279204e-14,6.014552800279204e-14
0.1105,6949.830790542621,0.0,0.0,5.124758928600751,6.014481905039594e-14,6.014481905039594e-14
0.11055000000000001,6949.743569804141,0.0,0.0,5.124779490151475,6.014409087953461e-14,6.014409087953461e-14
0.1106,6949.652698955186,0.0,0.0,5.124796471035299,6.014330892485021e-14,6.014330892485021e-14
0.11065000000000001,6949.558363141028,0.0,0.0,5.124809861529154,6.014252591404147e-14,6.014252591404147e-14
0.1107,6949.46063177879,0.0,0.0,5.124819632867898,6.014167552303651e-14,6.014167552303651e-14
0.11075,6949.359714707452,0.0,0.0,5.124825777483281,6.014084146214677e-14,6.014084146214677e-14
0.11080000000000001,6949.255678806046,0.0,0.0,5.1248282825904585,6.01399290988082e-14,6.01399290988082e-14
0.11085,6949.148752099032,0.0,0.0,5.124827147742138,6.013904606922047e-14,6.013904606922047e-14
0.1109,6949.039004183621,0.0,0.0,5.124822371071211,6.013808009754511e-14,6.013808009754511e-14
0.11095000000000001,6948.92667181478,0.0,0.0,5.124813964566788,6.013714988674218e-14,6.013714988674218e-14
0.111,6948.811839144464,0.0,0.0,5.124801931960459,6.013613918206761e-14,6.013613918206761e-14
0.11105000000000001,6948.694734740243,0.0,0.0,5.1247863024275855,6.013516308893494e-14,6.013516308893494e-14
0.1111,6948.575472079206,0.0,0.0,5.124767081656951,6.013411792697653e-14,6.013411792697653e-14
0.11115,6948.454259732555,0.0,0.0,5.124744317968812,6.013309702540206e-14,6.013309702540206e-14
0.11120000000000001,6948.331244705846,0.0,0.0,5.12471801799741,6.013202715052705e-14,6.013202715052705e-14
0.11125,6948.206610856493,0.0,0.0,5.124688249244667,6.013096401641861e-14,6.013096401641861e-14
0.11130000000000001,6948.080545774725,0.0,0.0,5.124655019936878,6.012987843270782e-14,6.012987843270782e-14
0.11135,6947.953195537555,0.0,0.0,5.1246184135153205,6.012877655843415e-14,6.012877655843415e-14
0.1114,6947.824795468422,0.0,0.0,5.12457844549589,6.01276830763308e-14,6.01276830763308e-14
0.11145000000000001,6947.695456113696,0.0,0.0,5.124535207235503,6.012654821529743e-14,6.012654821529743e-14
0.1115,6947.5654473759305,0.0,0.0,5.124488728687901,6.012545265245613e-14,6.012545265245613e-14
0.11155000000000001,6947.434853893171,0.0,0.0,5.124439102533359,6.01242923989017e-14,6.01242923989017e-14
0.1116,6947.303975350813,0.0,0.0,5.124386379303386,6.012319880667339e-14,6.012319880667339e-14
0.11165,6947.172872338826,0.0,0.0,5.124330644278465,6.012202320302596e-14,6.012202320302596e-14
0.11170000000000001,6947.04186178898,0.0,0.0,5.12427197778317,6.012093346900207e-14,6.012093346900207e-14
0.11175,6946.911000421045,0.0,0.0,5.124210449042251,6.01197538073283e-14,6.01197538073283e-14
0.11180000000000001,6946.780598014353,0.0,0.0,5.124146172511769,6.011866926763234e-14,6.011866926763234e-14
0.11185,6946.65072445748,0.0,0.0,5.124079199249629,6.011749785808999e-14,6.011749785808999e-14
0.1119,6946.521668864866,0.0,0.0,5.124009677626991,6.011641825347399e-14,6.011641825347399e-14
0.11195000000000001,6946.393524763782,0.0,0.0,5.123937640008221,6.011526816689778e-14,6.011526816689778e-14
0.112,6946.266545037811,0.0,0.0,5.1238632672054525,6.011419412296361e-14,6.011419412296361e-14
0.11205000000000001,6946.14086308739,0.0,0.0,5.123786575964115,6.011307648361788e-14,6.011307648361788e-14
0.1121,6946.016677958522,0.0,0.0,5.123707771282662,6.011200974688156e-14,6.011200974688156e-14
0.11215,6945.894173599484,0.0,0.0,5.1236268653191965,6.011093517901474e-14,6.011093517901474e-14
0.11220000000000001,6945.773490349269,0.0,0.0,5.123544072746407,6.010987842950567e-14,6.010987842950567e-14
0.11225,6945.654857690117,0.0,0.0,5.12345941415767,6.010885465489386e-14,6.010885465489386e-14
0.11230000000000001,6945.538363531246,0.0,0.0,5.123373101380748,6.010781394493992e-14,6.010781394493992e-14
0.11235,6945.424278026939,0.0,0.0,5.123285173996052,6.010684582156266e-14,6.010684582156266e-14
0.1124,6945.312635338641,0.0,0.0,5.123195826655742,6.010582873377158e-14,6.010582873377158e-14
0.11245000000000001,6945.203741172096,0.0,0.0,5.123105134537698,6.010491890086424e-14,6.010491890086424e-14
0.1125,6945.097593252702,0.0,0.0,5.123013256977828,6.01039356153582e-14,6.01039356153582e-14
0.11255000000000001,6944.994502366497,0.0,0.0,5.122920315879635,6.010308378977589e-14,6.010308378977589e-14
0.1126,6944.894455827611,0.0,0.0,5.122826430119749,6.010214587973319e-14,6.010214587973319e-14
0.11265,6944.797753716653,0.0,0.0,5.122731768678815,6.010135039222728e-14,6.010135039222728e-14
0.11270000000000001,6944.70438109463,0.0,0.0,5.122636406399474,6.010047045436092e-14,6.010047045436092e-14
0.11275,6944.6146102984,0.0,0.0,5.1225405629147645,6.009972824165718e-14,6.009972824165718e-14
0.11280000000000001,6944.528450864502,0.0,0.0,5.122444267836272,6.009891835279457e-14,6.009891835279457e-14
0.11285,6944.446117232229,0.0,0.0,5.1223477827014925,6.009822736542592e-14,6.009822736542592e-14
0.1129,6944.36766204944,0.0,0.0,5.122251106382439,6.009749805706916e-14,6.009749805706916e-14
0.11295000000000001,6944.293234140198,0.0,0.0,5.1221545241493684,6.009685637212976e-14,6.009685637212976e-14
0.113,6944.22293072566,0.0,0.0,5.1220580191434015,6.009621681468888e-14,6.009621681468888e-14
0.11305000000000001,6944.156829734723,0.0,0.0,5.121961884694825,6.009562493731518e-14,6.009562493731518e-14
0.1131,6944.0950793464945,0.0,0.0,5.12186610457127,6.009507991850896e-14,6.009507991850896e-14
0.11315,6944.037682221386,0.0,0.0,5.121770958319734,6.009454113894397e-14,6.009454113894397e-14
0.11320000000000001,6943.9848332770325,0.0,0.0,5.121676453247291,6.009409333888999e-14,6.009409333888999e-14
0.11325,6943.936471292979,0.0,0.0,5.1215828311047895,6.009361226956244e-14,6.009361226956244e-14
0.11330000000000001,6943.892818789354,0.0,0.0,5.121490141608471,6.009326065787547e-14,6.009326065787547e-14
0.11335,6943.853772018853,0.0,0.0,5.1213985736705965,6.009284550436714e-14,6.009284550436714e-14
0.1134,6943.8195614691995,0.0,0.0,5.121308228628675,6.009258583315085e-14,6.009258583315085e-14
0.11345000000000001,6943.79005494008,0.0,0.0,5.1212192327252275,6.009224536938232e-14,6.009224536938232e-14
0.1135,6943.765474951563,0.0,0.0,5.1211317482860945,6.009207221410106e-14,6.009207221410106e-14
0.11355000000000001,6943.745685758916,0.0,0.0,5.121045830270908,6.009181615564821e-14,6.009181615564821e-14
0.1136,6943.730868196561,0.0,0.0,5.120961700779603,6.009172233114672e-14,6.009172233114672e-14
0.11365,6943.720912242845,0.0,0.0,5.120879353701906,6.009155987031044e-14,6.009155987031044e-14
0.11370000000000001,6943.715941318615,0.0,0.0,5.120799054068038,6.009153884572585e-14,6.009153884572585e-14
0.11375,6943.715876783338,0.0,0.0,5.1207207483675115,6.009147752462452e-14,6.009147752462452e-14
0.11380000000000001,6943.720775716062,0.0,0.0,5.120644732239769,6.0091523391329e-14,6.0091523391329e-14
0.11385,6943.730608688424,0.0,0.0,5.120570919150914,6.00915682519809e-14,6.00915682519809e-14
0.1139,6943.745347811093,0.0,0.0,5.120499610670111,6.00916777822064e-14,6.00916777822064e-14
0.11395000000000001,6943.765019098606,0.0,0.0,5.120430717838735,6.009183022503303e-14,6.009183022503303e-14
0.114,6943.789519392595,0.0,0.0,5.120364517092651,6.009200190109723e-14,6.009200190109723e-14
0.11405,6943.81891427148,0.0,0.0,5.120300940234012,6.00922608427749e-14,6.00922608427749e-14
0.11410000000000001,6943.853037192067,0.0,0.0,5.120240219657129,6.009249589764379e-14,6.009249589764379e-14
0.11415,6943.8919865505995,0.0,0.0,5.120182325729279,6.009285555958343e-14,6.009285555958343e-14
0.11420000000000001,6943.935542408449,0.0,0.0,5.120127425264285,6.009315804359726e-14,6.009315804359726e-14
0.11425,6943.983818199364,0.0,0.0,5.12007554781667,6.009361086715553e-14,6.009361086715553e-14
0.1143,6944.036566200961,0.0,0.0,5.120026777783003,6.009398497405623e-14,6.009398497405623e-14
0.11435000000000001,6944.093886944649,0.0,0.0,5.119981211709276,6.009452127417438e-14,6.009452127417438e-14
0.1144,6944.155532295593,0.0,0.0,5.119938851479729,6.009497310731743e-14,6.009497310731743e-14
0.11445000000000001,6944.221568598103,0.0,0.0,5.119899853799121,6.009558162674168e-14,6.009558162674168e-14
0.1145,6944.291763091348,0.0,0.0,5.119864146080775,6.009611590772107e-14,6.009611590772107e-14
0.11455,6944.36613499078,0.0,0.0,5.119831936810422,6.009678662934433e-14,6.009678662934433e-14
0.11460000000000001,6944.444485403493,0.0,0.0,5.119803088790244,6.009740661772911e-14,6.009740661772911e-14
0.11465,6944.526764746437,0.0,0.0,5.119777844212629,6.009812988890362e-14,6.009812988890362e-14
0.11470000000000001,6944.6128262960265,0.0,0.0,5.119756028441701,6.009883664730046e-14,6.009883664730046e-14
0.11475,6944.702547649915,0.0,0.0,5.119737885064136,6.009960532110191e-14,6.009960532110191e-14
0.1148,6944.795828128673,0.0,0.0,5.1197232306371605,6.010039660788997e-14,6.010039660788997e-14
0.11485000000000001,6944.892481104607,0.0,0.0,5.11971228722342,6.010120555235873e-14,6.010120555235873e-14
0.1149,6944.99245111692,0.0,0.0,5.119704883793155,6.010207624365015e-14,6.010207624365015e-14
0.11495000000000001,6945.095487482137,0.0,0.0,5.119701194695628,6.010292319529961e-14,6.010292319529961e-14
0.115,6945.201572603046,0.0,0.0,5.119701091365485,6.010386467209297e-14,6.010386467209297e-14
0.11505,6945.310413656844,0.0,0.0,5.119704673770908,6.010474910371399e-14,6.010474910371399e-14
0.11510000000000001,6945.422005371677,0.0,0.0,5.1197118722934905,6.010575122688538e-14,6.010575122688538e-14
0.11515,6945.536034935809,0.0,0.0,5.119722705081947,6.010667394256327e-14,6.010667394256327e-14
0.11520000000000001,6945.652495690724,0.0,0.0,5.11973716590415,6.010772402392175e-14,6.010772402392175e-14
0.11525,6945.771070191728,0.0,0.0,5.1197551863007,6.010868708663516e-14,6.010868708663516e-14
0.1153,6945.891731828229,0.0,0.0,5.119776826413917,6.010977252207229e-14,6.010977252207229e-14
0.11535000000000001,6946.0141825295,0.0,0.0,5.119801935041454,6.011077639154886e-14,6.011077639154886e-14
0.1154,6946.138355019576,0.0,0.0,5.119830626207591,6.011188511731418e-14,6.011188511731418e-14
0.11545000000000001,6946.263988017214,0.0,0.0,5.1198626861192,6.011293003020957e-14,6.011293003020957e-14
0.1155,6946.390964700063,0.0,0.0,5.119898259391704,6.0114050555828e-14,6.0114050555828e-14
0.11555,6946.519066029318,0.0,0.0,5.11993709315519,6.011513419358334e-14,6.011513419358334e-14
0.11560000000000001,6946.648124308861,0.0,0.0,5.119979341149106,6.011625796202454e-14,6.011625796202454e-14
0.11565,6946.777967211964,0.0,0.0,5.120024733974785,6.011737549920267e-14,6.011737549920267e-14
0.11570000000000001,6946.908373214837,0.0,0.0,5.120073408540457,6.011849548658112e-14,6.011849548658112e-14
0.11575,6947.039217409886,0.0,0.0,5.120125110164096,6.011964005469259e-14,6.011964005469259e-14
0.1158,6947.170234789551,0.0,0.0,5.120179928272171,6.012075183022145e-14,6.012075183022145e-14
0.11585000000000001,6947.301331914971,0.0,0.0,5.120237647843748,6.01219139173665e-14,6.01219139173665e-14
0.1159,6947.432218916677,0.0,0.0,5.1202982956861876,6.012301478313006e-14,6.012301478313006e-14
0.11595000000000001,6947.562822791315,0.0,0.0,5.12036170756847,6.01241836035743e-14,6.01241836035743e-14
0.116,6947.692838281873,0.0,0.0,5.120427836343496,6.012527224416905e-14,6.012527224416905e-14
0.11605,6947.822201702594,0.0,0.0,5.120496582512616,6.012643572066515e-14,6.012643572066515e-14
0.11610000000000001,6947.950613100728,0.0,0.0,5.120567816525243,6.012751129448592e-14,6.012751129448592e-14
0.11615,6948.077997007028,0.0,0.0,5.120641502616953,6.012865788182917e-14,6.012865788182917e-14
0.11620000000000001,6948.204076587034,0.0,0.0,5.120717440703779,6.012971906865261e-14,6.012971906865261e-14
0.11625,6948.328756446104,0.0,0.0,5.120795644390059,6.013083744130449e-14,6.013083744130449e-14
0.1163,6948.451789825382,0.0,0.0,5.120875857557011,6.013188258913067e-14,6.013188258913067e-14
0.11635000000000001,6948.573055173228,0.0,0.0,5.120958130128522,6.013296310207473e-14,6.013296310207473e-14
0.1164,6948.692345400437,0.0,0.0,5.1210421678528,6.013398838467515e-14,6.013398838467515e-14
0.11645000000000001,6948.8095071668695,0.0,0.0,5.121128034675023,6.013502346981234e-14,6.013502346981234e-14
0.1165,6948.924375830052,0.0,0.0,5.121215425820915,6.013602407893368e-14,6.013602407893368e-14
0.11655,6949.03677059829,0.0,0.0,5.12130439288892,6.01370075634672e-14,6.01370075634672e-14
0.11660000000000001,6949.146563432167,0.0,0.0,5.121394645140785,6.013797695325085e-14,6.013797695325085e-14
0.11665,6949.253554782245,0.0,0.0,5.121486202711181,6.013890516521509e-14,6.013890516521509e-14
0.11670000000000001,6949.35764691139,0.0,0.0,5.12157880694478,6.013983539484305e-14,6.013983539484305e-14
0.11675,6949.458629288557,0.0,0.0,5.121672430299456,6.014070571485877e-14,6.014070571485877e-14
0.1168,6949.556427009853,0.0,0.0,5.121766863776789,6.014158854130011e-14,6.014158854130011e-14
0.11685000000000001,6949.650830683813,0.0,0.0,5.121862018826857,6.014239945239844e-14,6.014239945239844e-14
0.1169,6949.741775594328,0.0,0.0,5.121957744405947,6.014322622819625e-14,6.014322622819625e-14
0.11695000000000001,6949.8290666809935,0.0,0.0,5.122053892032848,6.014397660444018e-14,6.014397660444018e-14
0.117,6949.912641655439,0.0,0.0,5.122150364150536,6.014473948860224e-14,6.014473948860224e-14
0.11705,6949.992325743612,0.0,0.0,5.122246958914919,6.0145427976188e-14,6.0145427976188e-14
0.11710000000000001,6950.068054641613,0.0,0.0,5.1223436276530965,6.01461200263784e-14,6.01461200263784e-14
0.11715,6950.139681301634,0.0,0.0,5.122440124369445,6.014674478208046e-14,6.014674478208046e-14
0.11720000000000001,6950.207133656787,0.0,0.0,5.122536435055334,6.014736070237936e-14,6.014736070237936e-14
0.11725000000000001,6950.2702957840165,0.0,0.0,5.122632290902539,6.014791895504292e-14,6.014791895504292e-14
0.1173,6950.329089935873,0.0,0.0,5.122727692030825,6.014845488213436e-14,6.014845488213436e-14
0.11735000000000001,6950.383428211621,0.0,0.0,5.1228223658680845,6.014894335266482e-14,6.014894335266482e-14
0.1174,6950.4332311590915,0.0,0.0,5.1229163119208865,6.014939697067381e-14,6.014939697067381e-14
0.11745,6950.478436421724,0.0,0.0,5.123009270194283,6.014981157281374e-14,6.014981157281374e-14
0.11750000000000001,6950.518966888583,0.0,0.0,5.123101223084707,6.015018193436677e-14,6.015018193436677e-14
0.11755,6950.554780931548,0.0,0.0,5.123191941489706,6.015051859874333e-14,6.015051859874333e-14
0.11760000000000001,6950.585810636952,0.0,0.0,5.123281376693002,6.015080539457443e-14,6.015080539457443e-14
0.11765,6950.612028869696,0.0,0.0,5.123369340969183,6.015106031882241e-14,6.015106031882241e-14
0.1177,6950.6333827652015,0.0,0.0,5.123455750363975,6.015126382511671e-14,6.015126382511671e-14
0.11775000000000001,6950.649855687295,0.0,0.0,5.123540461017111,6.015143388102869e-14,6.015143388102869e-14
0.1178,6950.661413181364,0.0,0.0,5.123623353999505,6.015155428734571e-14,6.015155428734571e-14
0.11785000000000001,6950.66804694292,0.0,0.0,5.123704329490808,6.015163753879581e-14,6.015163753879581e-14
0.1179,6950.669742557227,0.0,0.0,5.123783237008328,6.015167477380795e-14,6.015167477380795e-14
0.11795,6950.666499815999,0.0,0.0,5.123860014792613,6.01516705485056e-14,6.01516705485056e-14
0.11800000000000001,6950.658323307472,0.0,0.0,5.123934492245237,6.015162415993977e-14,6.015162415993977e-14
0.11805,6950.645223241479,0.0,0.0,5.124006633406371,6.015153312701688e-14,6.015153312701688e-14
0.11810000000000001,6950.627220098433,0.0,0.0,5.124076260420627,6.015140236126003e-14,6.015140236126003e-14
0.11815,6950.604338184031,0.0,0.0,5.124143353120729,6.015122636334039e-14,6.015122636334039e-14
0.1182,6950.576609163305,0.0,0.0,5.1242077372896295,6.015101039289628e-14,6.015101039289628e-14
0.11825000000000001,6950.544076559064,0.0,0.0,5.124269397551257,6.015075208275194e-14,6.015075208275194e-14
0.1183,6950.506778034656,0.0,0.0,5.124328176187945,6.01504504764386e-14,6.01504504764386e-14
0.11835000000000001,6950.464779922703,0.0,0.0,5.12438405225799,6.015011293390607e-14,6.015011293390607e-14
0.1184,6950.418123020106,0.0,0.0,5.124436892704526,6.014972590007913e-14,6.014972590007913e-14
0.11845,6950.3668982847985,0.0,0.0,5.124486666902532,6.014931223922041e-14,6.014931223922041e-14
0.11850000000000001,6950.311147323811,0.0,0.0,5.124533269779111,6.014884127428503e-14,6.014884127428503e-14
0.11855,6950.250986468353,0.0,0.0,5.124576659374104,6.014835406040901e-14,6.014835406040901e-14
0.11860000000000001,6950.186458739251,0.0,0.0,5.124616759923438,6.014780199801372e-14,6.014780199801372e-14
0.11865,6950.117701710184,0.0,0.0,5.124653519683518,6.014724346695523e-14,6.014724346695523e-14
0.1187,6950.0447649477865,0.0,0.0,5.1246868888833985,6.01466145595704e-14,6.01466145595704e-14
0.11875000000000001,6949.967800470161,0.0,0.0,5.124716811856867,6.014598606429147e-14,6.014598606429147e-14
0.1188,6949.886870056916,0.0,0.0,5.124743258780595,6.014528621668894e-14,6.014528621668894e-14
0.11885000000000001,6949.802133235727,0.0,0.0,5.124766176672822,6.014458879035699e-14,6.014458879035699e-14
0.1189,6949.71367070158,0.0,0.0,5.124785549794788,6.014382461527722e-14,6.014382461527722e-14
0.11895,6949.621639781327,0.0,0.0,5.124801334043846,6.014305931279209e-14,6.014305931279209e-14
0.11900000000000001,6949.526149779797,0.0,0.0,5.1248135220692905,6.01422382940323e-14,6.01422382940323e-14
0.11905,6949.427345592495,0.0,0.0,5.12482208418608,6.014140637146415e-14,6.014140637146415e-14
0.11910000000000001,6949.325370629605,0.0,0.0,5.124827017339628,6.01405358402862e-14,6.01405358402862e-14
0.11915,6949.220353748291,0.0,0.0,5.124828308957749,6.013963978342127e-14,6.013963978342127e-14
0.1192,6949.112473663235,0.0,0.0,5.124825959352028,6.013872656404793e-14,6.013872656404793e-14
0.11925000000000001,6949.001839090653,0.0,0.0,5.124819972732131,6.013777005996641e-14,6.013777005996641e-14
0.1193,6948.888666516791,0.0,0.0,5.124810354478054,6.013681993199151e-14,6.013681993199151e-14
0.11935000000000001,6948.773044010407,0.0,0.0,5.124797122466568,6.013580872907958e-14,6.013580872907958e-14
0.1194,6948.655218737378,0.0,0.0,5.124780291432364,6.013482609339508e-14,6.013482609339508e-14
0.11945,6948.535267493616,0.0,0.0,5.124759887788922,6.013376747537489e-14,6.013376747537489e-14
0.11950000000000001,6948.413456679913,0.0,0.0,5.1247359407885416,6.01327556218213e-14,6.01327556218213e-14
0.11955,6948.289859662144,0.0,0.0,5.124708479895464,6.013165891576193e-14,6.013165891576193e-14
0.11960000000000001,6948.164752321059,0.0,0.0,5.124677554216709,6.01306194799955e-14,6.01306194799955e-14
0.11965,6948.038215462099,0.0,0.0,5.124643190666509,6.012949526383583e-14,6.012949526383583e-14
0.1197,6947.910517807807,0.0,0.0,5.124605462562909,6.012842984142166e-14,6.012842984142166e-14
0.11975000000000001,6947.781763552156,0.0,0.0,5.124564391107898,6.012728903448811e-14,6.012728903448811e-14
0.1198,6947.652198234734,0.0,0.0,5.124520074445581,6.012619867593416e-14,6.012619867593416e-14
0.11985000000000001,6947.521959903001,0.0,0.0,5.124472528657617,6.012505280831616e-14,6.012505280831616e-14
0.1199,6947.391261329184,0.0,0.0,5.124421874188085,6.012393932744975e-14,6.012393932744975e-14
0.11995,6947.2602807227895,0.0,0.0,5.124368124931588,6.012279832846676e-14,6.012279832846676e-14
0.12000000000000001,6947.129189344736,0.0,0.0,5.124311418497453,6.012166523838277e-14,6.012166523838277e-14
0.12005,6946.9982120188815,0.0,0.0,5.12425177311794,6.012053799533178e-14,6.012053799533178e-14
0.12010000000000001,6946.867473376424,0.0,0.0,5.124189333807925,6.011939011800004e-14,6.011939011800004e-14
0.12015,6946.737241037526,0.0,0.0,5.124124133448768,6.011828332449903e-14,6.011828332449903e-14
0.1202,6946.607601045015,0.0,0.0,5.124056313440087,6.01171282273369e-14,6.01171282273369e-14
0.12025000000000001,6946.478851818827,0.0,0.0,5.1239859302077795,6.011604622174854e-14,6.011604622174854e-14
0.1203,6946.351048837129,0.0,0.0,5.123913112150112,6.011489319299106e-14,6.011489319299106e-14
0.12035000000000001,6946.224511684021,0.0,0.0,5.12383794815235,6.011383837961153e-14,6.011383837961153e-14
0.12040000000000001,6946.099277179465,0.0,0.0,5.123760543150355,6.011269886951016e-14,6.011269886951016e-14
0.12045,6945.9756652137485,0.0,0.0,5.123681026303436,6.011167164947792e-14,6.011167164947792e-14
0.12050000000000001,6945.853716390764,0.0,0.0,5.12359947370972,6.011055792944642e-14,6.011055792944642e-14
0.12055,6945.73372890293,0.0,0.0,5.123516054958419,6.010955815694723e-14,6.010955815694723e-14
0.1206,6945.615761722584,0.0,0.0,5.12343081833678,6.010848301345885e-14,6.010848301345885e-14
0.12065000000000001,6945.500077461045,0.0,0.0,5.123343970653214,6.010750966308059e-14,6.010750966308059e-14
0.1207,6945.386767142498,0.0,0.0,5.123255535415071,6.010648535257232e-14,6.010648535257232e-14
0.12075000000000001,6945.276039770801,0.0,0.0,5.123165749348287,6.010553891418493e-14,6.010553891418493e-14
0.1208,6945.168033141366,0.0,0.0,5.123074621327378,6.010457545355706e-14,6.010457545355706e-14
0.12085,6945.062891771945,0.0,0.0,5.122982402715334,6.010365748375456e-14,6.010365748375456e-14
0.12090000000000001,6944.960802238285,0.0,0.0,5.122889103399824,6.010276351568526e-14,6.010276351568526e-14
0.12095,6944.861846278031,0.0,0.0,5.12279497241503,6.010187757875914e-14,6.010187757875914e-14
0.12100000000000001,6944.766253203154,0.0,0.0,5.122700035210736,6.010105795522387e-14,6.010105795522387e-14
0.12105,6944.674046550473,0.0,0.0,5.122604522746913,6.010021067654886e-14,6.010021067654886e-14
0.1211,6944.585491700065,0.0,0.0,5.122508491234798,6.009946774900834e-14,6.009946774900834e-14
0.12115000000000001,6944.5005630611495,0.0,0.0,5.122412135712345,6.009866713188631e-14,6.009866713188631e-14
0.1212,6944.41954392872,0.0,0.0,5.1223155585333355,6.009800054622381e-14,6.009800054622381e-14
0.12125000000000001,6944.342382774746,0.0,0.0,5.122218905936784,6.009725713582912e-14,6.009725713582912e-14
0.1213,6944.2693555786,0.0,0.0,5.1221223322283915,6.009666399157053e-14,6.009666399157053e-14
0.12135,6944.200404234563,0.0,0.0,5.122025931487006,6.009598887696828e-14,6.009598887696828e-14
0.12140000000000001,6944.135780511547,0.0,0.0,5.121929910387551,6.009546545783733e-14,6.009546545783733e-14
0.12145,6944.075437048862,0.0,0.0,5.1218343097302785,6.009486996682748e-14,6.009486996682748e-14
0.12150000000000001,6944.019577955212,0.0,0.0,5.121739384763519,6.009441178446062e-14,6.009441178446062e-14
0.12155,6943.968190550402,0.0,0.0,5.121645131510691,6.009390602391679e-14,6.009390602391679e-14
0.1216,6943.921411936073,0.0,0.0,5.121551837510246,6.009350991364371e-14,6.009350991364371e-14
0.12165000000000001,6943.879273424743,0.0,0.0,5.121459471799692,6.009310188333192e-14,6.009310188333192e-14
0.1217,6943.8418406186665,0.0,0.0,5.121368334965514,6.009276558947714e-14,6.009276558947714e-14
0.12175000000000001,6943.809192254502,0.0,0.0,5.121278386514255,6.009246081379176e-14,6.009246081379176e-14
0.1218,6943.781317613789,0.0,0.0,5.121189919355678,6.009218494733482e-14,6.009218494733482e-14
0.12185,6943.758343800856,0.0,0.0,5.121102905674565,6.009198481940235e-14,6.009198481940235e-14
0.12190000000000001,6943.740189275626,0.0,0.0,5.121017605416201,6.009177220784786e-14,6.009177220784786e-14
0.12195,6943.727016249217,0.0,0.0,5.120934026003863,6.009167580097636e-14,6.009167580097636e-14
0.12200000000000001,6943.718689985481,0.0,0.0,5.120852374123362,6.009153119256494e-14,6.009153119256494e-14
0.12205,6943.715388221113,0.0,0.0,5.1207727069225,6.009153369964033e-14,6.009153369964033e-14
0.1221,6943.71694164338,0.0,0.0,5.120695165450163,6.009146448679301e-14,6.009146448679301e-14
0.12215000000000001,6943.723525506033,0.0,0.0,5.120619865650447,6.009155907273245e-14,6.009155907273245e-14
0.1222,6943.734955597588,0.0,0.0,5.120546874235735,6.009157252639954e-14,6.009157252639954e-14
0.12225000000000001,6943.751380623976,0.0,0.0,5.120476369690001,6.00917512946199e-14,6.00917512946199e-14
0.1223,6943.77262877734,0.0,0.0,5.120408346080659,6.009185526993254e-14,6.009185526993254e-14
0.12235,6943.7987973248655,0.0,0.0,5.120343033845177,6.009210939889142e-14,6.009210939889142e-14
0.12240000000000001,6943.829744671206,0.0,0.0,5.120280369028526,6.009231020824723e-14,6.009231020824723e-14
0.12245,6943.865505982011,0.0,0.0,5.120220616986262,6.009263231375085e-14,6.009263231375085e-14
0.12250000000000001,6943.905979554345,0.0,0.0,5.120163671563014,6.009293406328492e-14,6.009293406328492e-14
0.12255,6943.9511266046875,0.0,0.0,5.1201098138557155,6.00933178697112e-14,6.00933178697112e-14
0.1226,6944.000897517809,0.0,0.0,5.120058919159584,6.009372186399904e-14,6.009372186399904e-14
0.12265000000000001,6944.055175259062,0.0,0.0,5.120011254755287,6.00941638387799e-14,6.00941638387799e-14
0.1227,6944.113956721631,0.0,0.0,5.1199667064466645,6.009466781661386e-14,6.009466781661386e-14
0.12275000000000001,6944.177059395006,0.0,0.0,5.119925501766176,6.009516637151879e-14,6.009516637151879e-14
0.1228,6944.244514781607,0.0,0.0,5.119887557807597,6.009576528933716e-14,6.009576528933716e-14
0.12285,6944.316086031538,0.0,0.0,5.119853042477804,6.009632146315415e-14,6.009632146315415e-14
0.12290000000000001,6944.391827215717,0.0,0.0,5.119821923413945,6.009700660971947e-14,6.009700660971947e-14
0.12295,6944.471465601937,0.0,0.0,5.119794290381022,6.009762315703709e-14,6.009762315703709e-14
0.12300000000000001,6944.555055517649,0.0,0.0,5.119770174922713,6.00983845634043e-14,6.00983845634043e-14
0.12305,6944.642313704411,0.0,0.0,5.119749581577301,6.009906455030199e-14,6.009906455030199e-14
0.1231,6944.733271997028,0.0,0.0,5.11973260551024,6.009989050480038e-14,6.009989050480038e-14
0.12315000000000001,6944.827657525986,0.0,0.0,5.119719171169274,6.010063776968146e-14,6.010063776968146e-14
0.1232,6944.925463294028,0.0,0.0,5.119709428585309,6.01015164836699e-14,6.01015164836699e-14
0.12325000000000001,6945.02644304142,0.0,0.0,5.119703232897635,6.010233284554795e-14,6.010233284554795e-14
0.1233,6945.13053596366,0.0,0.0,5.119700774655042,6.010325391376952e-14,6.010325391376952e-14
0.12335,6945.237538815357,0.0,0.0,5.119701859151519,6.010413972772267e-14,6.010413972772267e-14
0.12340000000000001,6945.3473257634505,0.0,0.0,5.11970669199855,6.010509372122394e-14,6.010509372122394e-14
0.12345,6945.459742081229,0.0,0.0,5.119715057358886,6.010604665769694e-14,6.010604665769694e-14
0.12350000000000001,6945.574600517098,0.0,0.0,5.119727148062473,6.010702699593903e-14,6.010702699593903e-14
0.12355000000000001,6945.691790056506,0.0,0.0,5.119742751936146,6.010804165608278e-14,6.010804165608278e-14
0.1236,6945.811067402453,0.0,0.0,5.119762025766252,6.010904365686183e-14,6.010904365686183e-14
0.12365000000000001,6945.9323617915425,0.0,0.0,5.11978478597658,6.011011219543257e-14,6.011011219543257e-14
0.1237,6946.055384373527,0.0,0.0,5.119811127384956,6.011113360737695e-14,6.011113360737695e-14
0.12375000000000001,6946.180088345371,0.0,0.0,5.119840918130719,6.011224551320625e-14,6.011224551320625e-14
0.12380000000000001,6946.306161520082,0.0,0.0,5.119874175564514,6.011328545360301e-14,6.011328545360301e-14
0.12385,6946.433562754035,0.0,0.0,5.119910828156744,6.011442908628001e-14,6.011442908628001e-14
0.12390000000000001,6946.561973106497,0.0,0.0,5.119950811602639,6.011548759487727e-14,6.011548759487727e-14
0.12395,6946.691343275039,0.0,0.0,5.119994117741448,6.011665004916532e-14,6.011665004916532e-14
0.124,6946.821365699719,0.0,0.0,5.12004060092751,6.011772732279826e-14,6.011772732279826e-14
0.12405000000000001,6946.951965191884,0.0,0.0,5.120090311070723,6.011889647112823e-14,6.011889647112823e-14
0.1241,6947.082863882993,0.0,0.0,5.120143034150941,6.011999133095154e-14,6.011999133095154e-14
0.12415000000000001,6947.213948592369,0.0,0.0,5.12019886013079,6.012115584890352e-14,6.012115584890352e-14
0.1242,6947.344980717301,0.0,0.0,5.120257528599225,6.012226628257187e-14,6.012226628257187e-14
0.12425,6947.475805299179,0.0,0.0,5.120319147450446,6.012341640837605e-14,6.012341640837605e-14
0.12430000000000001,6947.606226572867,0.0,0.0,5.1203834329941404,6.012453784749706e-14,6.012453784749706e-14
0.12435,6947.7360476795275,0.0,0.0,5.120450488271589,6.012566638274888e-14,6.012566638274888e-14
0.12440000000000001,6947.865116574301,0.0,0.0,5.120520031707039,6.012679244072643e-14,6.012679244072643e-14
0.12445,6947.993198544283,0.0,0.0,5.120592135422605,6.012789370978383e-14,6.012789370978383e-14
0.1245,6948.120178586514,0.0,0.0,5.120666546675485,6.012901618702661e-14,6.012901618702661e-14
0.12455000000000001,6948.245797572141,0.0,0.0,5.120743284982889,6.013008682797422e-14,6.013008682797422e-14
0.1246,6948.369964561269,0.0,0.0,5.120822143261103,6.013119580018152e-14,6.013119580018152e-14
0.12465000000000001,6948.492409240865,0.0,0.0,5.120903077484503,6.013223357239975e-14,6.013223357239975e-14
0.1247,6948.613055410978,0.0,0.0,5.120985936651187,6.01333186335148e-14,6.01333186335148e-14
0.12475,6948.731634111355,0.0,0.0,5.121070605088871,6.013432211467907e-14,6.013432211467907e-14
0.12480000000000001,6948.848070222488,0.0,0.0,5.121156993353449,6.01353725171172e-14,6.01353725171172e-14
0.12485,6948.962112723539,0.0,0.0,5.121244917130538,6.013634031503453e-14,6.013634031503453e-14
0.12490000000000001,6949.073675878179,0.0,0.0,5.121334339901776,6.013734624716689e-14,6.013734624716689e-14
0.12495,6949.182535738479,0.0,0.0,5.121425022389807,6.013827635537119e-14,6.013827635537119e-14
0.125,6949.288591261022,0.0,0.0,5.121516967912382,6.013922897262277e-14,6.013922897262277e-14
0.12505,6949.39165178896,0.0,0.0,5.121609897719387,6.014011858776813e-14,6.014011858776813e-14
0.12510000000000002,6949.491596782766,0.0,0.0,5.121703838069334,6.014101090686057e-14,6.014101090686057e-14
0.12515,6949.5882727141525,0.0,0.0,5.121798492720484,6.014185570928106e-14,6.014185570928106e-14
0.1252,6949.681540838216,0.0,0.0,5.121893888355738,6.014268248475203e-14,6.014268248475203e-14
0.12525,6949.771281989638,0.0,0.0,5.121989734760058,6.014347736332082e-14,6.014347736332082e-14
0.1253,6949.857345384884,0.0,0.0,5.122086039221061,6.01442348823448e-14,6.01442348823448e-14
0.12535000000000002,6949.939640734334,0.0,0.0,5.12218253642951,6.014497358595543e-14,6.014497358595543e-14
0.1254,6950.018012644064,0.0,0.0,5.12227919902708,6.014565981232203e-14,6.014565981232203e-14
0.12545,6950.092393318769,0.0,0.0,5.1223758017234315,6.014633571417595e-14,6.014633571417595e-14
0.1255,6950.16263095879,0.0,0.0,5.122472270750658,6.014694924682626e-14,6.014694924682626e-14
0.12555,6950.228672616045,0.0,0.0,5.1225684313421125,6.014755590863463e-14,6.014755590863463e-14
0.12560000000000002,6950.290379454728,0.0,0.0,5.122664158883376,6.014809596826298e-14,6.014809596826298e-14
0.12565,6950.347705859398,0.0,0.0,5.122759329717463,6.01486273946968e-14,6.01486273946968e-14
0.1257,6950.400532552556,0.0,0.0,5.122853773602632,6.014909310793472e-14,6.014909310793472e-14
0.12575,6950.448817800654,0.0,0.0,5.122947412422363,6.014954451294809e-14,6.014954451294809e-14
0.1258,6950.492465247761,0.0,0.0,5.123040038235284,6.014993463266866e-14,6.014993463266866e-14
0.12585000000000002,6950.531434850078,0.0,0.0,5.123131609988069,6.015030246410098e-14,6.015030246410098e-14
0.1259,6950.56565534385,0.0,0.0,5.1232218958420965,6.01506152571732e-14,6.01506152571732e-14
0.12595,6950.595088842922,0.0,0.0,5.123310876073225,6.01508974608139e-14,6.01508974608139e-14
0.126,6950.619687245665,0.0,0.0,5.123398312994471,6.015113067218859e-14,6.015113067218859e-14
0.12605,6950.63941862353,0.0,0.0,5.1234841932173225,6.015132646537121e-14,6.015132646537121e-14
0.12610000000000002,6950.654254401189,0.0,0.0,5.123568287792274,6.015147763122994e-14,6.015147763122994e-14
0.12615,6950.664172764872,0.0,0.0,5.123650577067714,6.015158730346344e-14,6.015158730346344e-14
0.1262,6950.66916059048,0.0,0.0,5.1237308549343155,6.015165401158762e-14,6.015165401158762e-14
0.12625,6950.669210769147,0.0,0.0,5.123809083621475,6.015167851248885e-14,6.015167851248885e-14
0.1263,6950.664321427626,0.0,0.0,5.12388509050123,6.01516588954568e-14,6.01516588954568e-14
0.12635000000000002,6950.654503813691,0.0,0.0,5.1239588137637035,6.015159942961752e-14,6.015159942961752e-14
0.1264,6950.639764618323,0.0,0.0,5.124030118328636,6.015149251600241e-14,6.015149251600241e-14
0.12645,6950.620135079731,0.0,0.0,5.1240989179441625,6.015135016972298e-14,6.015135016972298e-14
0.1265,6950.59562976609,0.0,0.0,5.124165114756691,6.015115620641607e-14,6.015115620641607e-14
0.12655,6950.566299251693,0.0,0.0,5.1242286012973866,6.015093177369889e-14,6.015093177369889e-14
0.12660000000000002,6950.532167662364,0.0,0.0,5.124289313022111,6.015065229688791e-14,6.015065229688791e-14
0.12665,6950.493301454332,0.0,0.0,5.124347128301576,6.015034615529717e-14,6.015034615529717e-14
0.1267,6950.449738502921,0.0,0.0,5.124402007881855,6.014998406696704e-14,6.014998406696704e-14
0.12675,6950.401555955621,0.0,0.0,5.124453826194295,6.014959633520578e-14,6.014959633520578e-14
0.1268,6950.348810010645,0.0,0.0,5.1245025600636,6.014915549601994e-14,6.014915549601994e-14
0.12685000000000002,6950.2915830869,0.0,0.0,5.124548089251702,6.014868638511402e-14,6.014868638511402e-14
0.1269,6950.229955120736,0.0,0.0,5.124590398933613,6.014817139915679e-14,6.014817139915679e-14
0.12695,6950.1640071005595,0.0,0.0,5.124629382516529,6.014762149985821e-14,6.014762149985821e-14
0.127,6950.093847623756,0.0,0.0,5.124665026388726,6.014703711897815e-14,6.014703711897815e-14
0.12705,6950.019552570678,0.0,0.0,5.124697244077651,6.014640802892792e-14,6.014640802892792e-14
0.12710000000000002,6949.941259795675,0.0,0.0,5.12472601954357,6.014575878663269e-14,6.014575878663269e-14
0.12715,6949.8590391641355,0.0,0.0,5.124751288521906,6.014505325568068e-14,6.014505325568068e-14
0.1272,6949.773057370922,0.0,0.0,5.124773032533814,6.01443430646999e-14,6.01443430646999e-14
0.12725,6949.683378684645,0.0,0.0,5.124791208920774,6.014356558708364e-14,6.014356558708364e-14
0.1273,6949.590194146339,0.0,0.0,5.124805798973619,6.014279740468826e-14,6.014279740468826e-14
0.12735000000000002,6949.493568535963,0.0,0.0,5.124816778457289,6.014195391663382e-14,6.014195391663382e-14
0.1274,6949.393708102149,0.0,0.0,5.124824133109092,6.014113009479997e-14,6.014113009479997e-14
0.12745,6949.290686150651,0.0,0.0,5.124827852038782,6.014022806209612e-14,6.014022806209612e-14
0.1275,6949.184714423046,0.0,0.0,5.1248279308558615,6.013934998993985e-14,6.013934998993985e-14
0.12755,6949.075883430153,0.0,0.0,5.12482436694964,6.013839808837501e-14,6.013839808837501e-14
0.12760000000000002,6948.964399470977,0.0,0.0,5.124817170496153,6.013746722220227e-14,6.013746722220227e-14
0.12765,6948.850379975417,0.0,0.0,5.124806343210119,6.013647435986038e-14,6.013647435986038e-14
0.1277,6948.734014216261,0.0,0.0,5.124791912745767,6.013549237087526e-14,6.013549237087526e-14
0.12775,6948.615455532839,0.0,0.0,5.124773883475137,6.013446772839887e-14,6.013446772839887e-14
0.1278,6948.4948678133305,0.0,0.0,5.124752300545228,6.01334371161365e-14,6.01334371161365e-14
0.12785000000000002,6948.372443426341,0.0,0.0,5.124727172199112,6.013238883438231e-14,6.013238883438231e-14
0.1279,6948.248318286142,0.0,0.0,5.124698558390494,6.013131380037838e-14,6.013131380037838e-14
0.12795,6948.122723888019,0.0,0.0,5.124666474758463,6.01302489133722e-14,6.01302489133722e-14
0.128,6947.995766507757,0.0,0.0,5.124630990822071,6.012913521911839e-14,6.012913521911839e-14
0.12805,6947.867713680032,0.0,0.0,5.124592135810095,6.012805910650134e-14,6.012805910650134e-14
0.12810000000000002,6947.738648320236,0.0,0.0,5.124549981280196,6.012691478343636e-14,6.012691478343636e-14
0.12815000000000001,6947.60886116458,0.0,0.0,5.124504576944008,6.012583109529334e-14,6.012583109529334e-14
0.1282,6947.478423618365,0.0,0.0,5.124455989607297,6.012466574400104e-14,6.012466574400104e-14
0.12825,6947.347636985524,0.0,0.0,5.124404295024913,6.012357677208363e-14,6.012357677208363e-14
0.1283,6947.216571739594,0.0,0.0,5.1243495492658635,6.012240172911999e-14,6.012240172911999e-14
0.12835000000000002,6947.085524216778,0.0,0.0,5.124291858731867,6.012130844139691e-14,6.012130844139691e-14
0.12840000000000001,6946.954580512372,0.0,0.0,5.124231264990864,6.012013562784881e-14,6.012013562784881e-14
0.12845,6946.824013116129,0.0,0.0,5.124167905532877,6.011903909115797e-14,6.011903909115797e-14
0.1285,6946.693937832551,0.0,0.0,5.1241018085441175,6.011788040059225e-14,6.011788040059225e-14
0.12855,6946.5645901441785,0.0,0.0,5.12403313860609,6.011678156762106e-14,6.011678156762106e-14
0.12860000000000002,6946.436124772877,0.0,0.0,5.123961915094298,6.011564836069869e-14,6.011564836069869e-14
0.12865000000000001,6946.308730109447,0.0,0.0,5.123888322435004,6.011454971474109e-14,6.011454971474109e-14
0.1287,6946.182606067826,0.0,0.0,5.123812379217844,6.011345115805949e-14,6.011345115805949e-14
0.12875,6946.057888114926,0.0,0.0,5.123734278623325,6.0112356923204e-14,6.0112356923204e-14
0.1288,6945.934821698691,0.0,0.0,5.123654050100612,6.011130055951143e-14,6.011130055951143e-14
0.12885,6945.813491463143,0.0,0.0,5.123571881696047,6.011021683051553e-14,6.011021683051553e-14
0.12890000000000001,6945.694179330032,0.0,0.0,5.123487826307311,6.010920729858245e-14,6.010920729858245e-14
0.12895,6945.576929726754,0.0,0.0,5.123402054047441,6.010814287739953e-14,6.010814287739953e-14
0.129,6945.462047465811,0.0,0.0,5.123314651505032,6.010718245972866e-14,6.010718245972866e-14
0.12905,6945.3495483659435,0.0,0.0,5.123225759955563,6.010614761285233e-14,6.010614761285233e-14
0.1291,6945.239744571624,0.0,0.0,5.123135508746119,6.01052365935532e-14,6.01052365935532e-14
0.12915000000000001,6945.132641693523,0.0,0.0,5.123044001503893,6.010424332179153e-14,6.010424332179153e-14
0.1292,6945.0285350932745,0.0,0.0,5.122951414127295,6.01033803310466e-14,6.01033803310466e-14
0.12925,6944.927441674468,0.0,0.0,5.122857811806602,6.01024408313414e-14,6.01024408313414e-14
0.1293,6944.829621315339,0.0,0.0,5.122763412982156,6.010162424014619e-14,6.010162424014619e-14
0.12935,6944.735115776658,0.0,0.0,5.122668248620029,6.010075046233125e-14,6.010075046233125e-14
0.12940000000000002,6944.644133812159,0.0,0.0,5.122572572437332,6.009997857515928e-14,6.009997857515928e-14
0.12945,6944.556757526152,0.0,0.0,5.122476389941688,6.009918091539778e-14,6.009918091539778e-14
0.1295,6944.473129427098,0.0,0.0,5.122379975705012,6.00984538491852e-14,6.00984538491852e-14
0.12955,6944.393379698863,0.0,0.0,5.122283326037477,6.00977402056077e-14,6.00977402056077e-14
0.1296,6944.317581862,0.0,0.0,5.122186717158267,6.009705947646723e-14,6.009705947646723e-14
0.12965000000000002,6944.245911417495,0.0,0.0,5.122090153740654,6.009643536820602e-14,6.009643536820602e-14
0.1297,6944.178376485049,0.0,0.0,5.121993894872685,6.009580508397419e-14,6.009580508397419e-14
0.12975,6944.115190831296,0.0,0.0,5.121897970794385,6.009527217551241e-14,6.009527217551241e-14
0.1298,6944.056306278685,0.0,0.0,5.121802604758884,6.009469890232764e-14,6.009469890232764e-14
0.12985,6944.001960713415,0.0,0.0,5.1217078689435045,6.009425649784295e-14,6.009425649784295e-14
0.12990000000000002,6943.952066715822,0.0,0.0,5.121613934810601,6.009374824810466e-14,6.009374824810466e-14
0.12995,6943.906864762529,0.0,0.0,5.1215209275508675,6.009339282714697e-14,6.009339282714697e-14
0.13,6943.866250681944,0.0,0.0,5.1214289585746435,6.009295951038845e-14,6.009295951038845e-14
0.13005,6943.830444920091,0.0,0.0,5.121338208485572,6.009268582641437e-14,6.009268582641437e-14
0.1301,6943.799346089956,0.0,0.0,5.121248728009367,6.009233707607565e-14,6.009233707607565e-14
0.13015000000000002,6943.773135436721,0.0,0.0,5.121160749854555,6.009213948590633e-14,6.009213948590633e-14
0.1302,6943.751734300027,0.0,0.0,5.121074269079647,6.009188453811902e-14,6.009188453811902e-14
0.13025,6943.735263229152,0.0,0.0,5.120989559028904,6.009175734567677e-14,6.009175734567677e-14
0.1303,6943.723684071541,0.0,0.0,5.120906574696334,6.009160344701045e-14,6.009160344701045e-14
0.13035,6943.717045641435,0.0,0.0,5.120825609413716,6.009154267772526e-14,6.009154267772526e-14
0.13040000000000002,6943.715354759073,0.0,0.0,5.120746598182332,6.009149449781309e-14,6.009149449781309e-14
0.13045,6943.718585906141,0.0,0.0,5.120669833050869,6.009149769661165e-14,6.009149769661165e-14
0.1305,6943.726793221527,0.0,0.0,5.120595250097939,6.009155681729842e-14,6.009155681729842e-14
0.13055,6943.7398771492935,0.0,0.0,5.120523115449704,6.009162438024417e-14,6.009162438024417e-14
0.1306,6943.757932375103,0.0,0.0,5.120453390739557,6.009178867935626e-14,6.009178867935626e-14
0.13065000000000002,6943.780799086088,0.0,0.0,5.120386292227978,6.009192294629973e-14,6.009192294629973e-14
0.1307,6943.808595136885,0.0,0.0,5.120321825947781,6.009218776241799e-14,6.009218776241799e-14
0.13075,6943.841118708639,0.0,0.0,5.12026014232897,6.009239308094144e-14,6.009239308094144e-14
0.1308,6943.878492810705,0.0,0.0,5.120201303585898,6.009275051472526e-14,6.009275051472526e-14
0.13085,6943.920493382934,0.0,0.0,5.120145384160995,6.009303272236668e-14,6.009303272236668e-14
0.13090000000000002,6943.967227297043,0.0,0.0,5.120092508148493,6.009347373725557e-14,6.009347373725557e-14
0.13095,6944.018471446106,0.0,0.0,5.1200426719668455,6.009383826553313e-14,6.009383826553313e-14
0.131,6944.074294010581,0.0,0.0,5.119996057152644,6.009435303026706e-14,6.009435303026706e-14
0.13105,6944.134494530698,0.0,0.0,5.119952591373065,6.009480517050273e-14,6.009480517050273e-14
0.1311,6944.199085051644,0.0,0.0,5.119912498613109,6.009538405318993e-14,6.009538405318993e-14
0.13115000000000002,6944.267901477514,0.0,0.0,5.119875655174828,6.009592679068257e-14,6.009592679068257e-14
0.1312,6944.340890549239,0.0,0.0,5.119842307672859,6.009656194446046e-14,6.009656194446046e-14
0.13125,6944.417933322969,0.0,0.0,5.119812301949297,6.009719593155292e-14,6.009719593155292e-14
0.1313,6944.498904680212,0.0,0.0,5.119785882711211,6.009788103305046e-14,6.009788103305046e-14
0.13135,6944.58373443183,0.0,0.0,5.119762892528411,6.009860387595577e-14,6.009860387595577e-14
0.13140000000000002,6944.672230323714,0.0,0.0,5.119743545545472,6.009933535856633e-14,6.009933535856633e-14
0.13145,6944.764361177486,0.0,0.0,5.119727706902564,6.010014142773781e-14,6.010014142773781e-14
0.1315,6944.859881014584,0.0,0.0,5.119715537771025,6.010091761870003e-14,6.010091761870003e-14
0.13155,6944.958786036229,0.0,0.0,5.119706945216169,6.010179870169977e-14,6.010179870169977e-14
0.1316,6945.060790519195,0.0,0.0,5.119702019046483,6.010262009134571e-14,6.010262009134571e-14
0.13165000000000002,6945.165901802959,0.0,0.0,5.119700724475299,6.010356537902696e-14,6.010356537902696e-14
0.1317,6945.273816469573,0.0,0.0,5.119703068077681,6.010443342555805e-14,6.010443342555805e-14
0.13175,6945.384531254271,0.0,0.0,5.119709078472111,6.010543129936989e-14,6.010543129936989e-14
0.1318,6945.49774648797,0.0,0.0,5.1197186798932455,6.010634761719864e-14,6.010634761719864e-14
0.13185,6945.613431387665,0.0,0.0,5.119731959006255,6.010738558549419e-14,6.010738558549419e-14
0.13190000000000002,6945.73130714417,0.0,0.0,5.119748766451672,6.010835149799762e-14,6.010835149799762e-14
0.13195,6945.85130089059,0.0,0.0,5.119769234819467,6.010941799387435e-14,6.010941799387435e-14
0.132,6945.973169721327,0.0,0.0,5.119793157628086,6.01104327226666e-14,6.01104327226666e-14
0.13205,6946.096788157371,0.0,0.0,5.1198206928942565,6.011151761909329e-14,6.011151761909329e-14
0.1321,6946.221958068731,0.0,0.0,5.11985160136499,6.011257878694864e-14,6.011257878694864e-14
0.13215000000000002,6946.348498743644,0.0,0.0,5.1198860403676445,6.01136736157986e-14,6.01136736157986e-14
0.1322,6946.476256912711,0.0,0.0,5.119923764681913,6.011477603721392e-14,6.011477603721392e-14
0.13225,6946.605002098566,0.0,0.0,5.119964905868226,6.011587499883937e-14,6.011587499883937e-14
0.1323,6946.734620702204,0.0,0.0,5.12000923683823,6.011701109116724e-14,6.011701109116724e-14
0.13235,6946.864840842801,0.0,0.0,5.120056840629058,6.011811006697833e-14,6.011811006697833e-14
0.13240000000000002,6946.995579773971,0.0,0.0,5.120107530997598,6.011927024578147e-14,6.011927024578147e-14
0.13245,6947.126539237699,0.0,0.0,5.120161322951713,6.012036712061661e-14,6.012036712061661e-14
0.1325,6947.257651117533,0.0,0.0,5.120218086193805,6.012154005963927e-14,6.012154005963927e-14
0.13255,6947.388609343714,0.0,0.0,5.120277759611536,6.012263357517193e-14,6.012263357517193e-14
0.1326,6947.519346097057,0.0,0.0,5.120340272930194,6.012380746995678e-14,6.012380746995678e-14
0.13265000000000002,6947.649562297387,0.0,0.0,5.120405488695865,6.012489678002779e-14,6.012489678002779e-14
0.1327,6947.77917738279,0.0,0.0,5.120473394993289,6.012605960912226e-14,6.012605960912226e-14
0.13275,6947.907915297974,0.0,0.0,5.120543785201813,6.012714341903995e-14,6.012714341903995e-14
0.1328,6948.035669883656,0.0,0.0,5.120616693811473,6.012828437464208e-14,6.012828437464208e-14
0.13285,6948.162199568932,0.0,0.0,5.120691863059257,6.012936013434808e-14,6.012936013434808e-14
0.13290000000000002,6948.287367247084,0.0,0.0,5.120769354229916,6.01304696183325e-14,6.01304696183325e-14
0.13295,6948.410970463409,0.0,0.0,5.120848880148431,6.013153359453622e-14,6.013153359453622e-14
0.133,6948.532840251672,0.0,0.0,5.120930507727394,6.013260397849567e-14,6.013260397849567e-14
0.13305,6948.652814478198,0.0,0.0,5.121013943734925,6.013365037460955e-14,6.013365037460955e-14
0.1331,6948.770695464353,0.0,0.0,5.121099237844836,6.013467609786517e-14,6.013467609786517e-14
0.13315000000000002,6948.886357581601,0.0,0.0,5.121186114815972,6.013569788020627e-14,6.013569788020627e-14
0.1332,6948.999582752452,0.0,0.0,5.121274585847576,6.013667488190282e-14,6.013667488190282e-14
0.13325,6949.110273297704,0.0,0.0,5.121364413393952,6.013766369233059e-14,6.013766369233059e-14
0.1333,6949.218202440911,0.0,0.0,5.12145555576881,6.013858960932211e-14,6.013858960932211e-14
0.13335,6949.323290533682,0.0,0.0,5.1215478250252975,6.01395364040981e-14,6.01395364040981e-14
0.13340000000000002,6949.425313243916,0.0,0.0,5.1216411192857745,6.014040946081035e-14,6.014040946081035e-14
0.13345,6949.524199730054,0.0,0.0,5.121735306272922,6.014130533618597e-14,6.014130533618597e-14
0.1335,6949.619739504986,0.0,0.0,5.121830222798939,6.014212415085415e-14,6.014212415085415e-14
0.13355,6949.7118607694565,0.0,0.0,5.121925790046209,6.014296063530474e-14,6.014296063530474e-14
0.1336,6949.800376778963,0.0,0.0,5.1220217923872955,6.014372350498671e-14,6.014372350498671e-14
0.13365000000000002,6949.885209106875,0.0,0.0,5.122118193412436,6.014449342190712e-14,6.014449342190712e-14
0.1337,6949.966199517631,0.0,0.0,5.12221473939953,6.014519797930497e-14,6.014519797930497e-14
0.13375,6950.043260911471,0.0,0.0,5.122311422518236,6.014589547304254e-14,6.014589547304254e-14
0.1338,6950.1162662560955,0.0,0.0,5.122407968070395,6.014653857177757e-14,6.014653857177757e-14
0.13385,6950.185119809203,0.0,0.0,5.122504378945487,6.014715951028138e-14,6.014715951028138e-14
0.13390000000000002,6950.249724731244,0.0,0.0,5.1226003802683575,6.014773709033188e-14,6.014773709033188e-14
0.13395,6950.309981020655,0.0,0.0,5.122695966974572,6.014827877023485e-14,6.014827877023485e-14
0.134,6950.365817549997,0.0,0.0,5.1227908822433506,6.014878635025859e-14,6.014878635025859e-14
0.13405,6950.417136010739,0.0,0.0,5.122885098578523,6.014924730338811e-14,6.014924730338811e-14
0.1341,6950.463885861943,0.0,0.0,5.122978391411409,6.014968007743122e-14,6.014968007743122e-14
0.13415000000000002,6950.505976776407,0.0,0.0,5.123070699954581,6.015005974010492e-14,6.015005974010492e-14
0.1342,6950.543373250414,0.0,0.0,5.123161841954233,6.015041326354884e-14,6.015041326354884e-14
0.13425,6950.575999069573,0.0,0.0,5.1232517177939165,6.015071136738419e-14,6.015071136738419e-14
0.1343,6950.6038289365915,0.0,0.0,5.1233401910447025,6.015098189412541e-14,6.015098189412541e-14
0.13435,6950.626805259733,0.0,0.0,5.123427124849258,6.015119827028498e-14,6.015119827028498e-14
0.13440000000000002,6950.644910243457,0.0,0.0,5.123512425327274,6.015138310342727e-14,6.015138310342727e-14
0.13445000000000001,6950.6581067871675,0.0,0.0,5.123595925355506,6.015151726673162e-14,6.015151726673162e-14
0.1345,6950.666384328219,0.0,0.0,5.123677566472385,6.015161503148086e-14,6.015161503148086e-14
0.13455,6950.669725799113,0.0,0.0,5.123757161345179,6.015166614490965e-14,6.015166614490965e-14
0.1346,6950.668129625099,0.0,0.0,5.1238346763519695,6.0151676748975e-14,6.0151676748975e-14
0.13465000000000002,6950.661596158758,0.0,0.0,5.123909917565717,6.015164368448989e-14,6.015164368448989e-14
0.13470000000000001,6950.650136335461,0.0,0.0,5.123982863278255,6.015156819514913e-14,6.015156819514913e-14
0.13475,6950.633763951237,0.0,0.0,5.124053326389463,6.015144978243946e-14,6.015144978243946e-14
0.1348,6950.612506581101,0.0,0.0,5.124121286315018,6.015129012244503e-14,6.015129012244503e-14
0.13485,6950.586387112531,0.0,0.0,5.124186573627284,6.015108548829305e-14,6.015108548829305e-14
0.13490000000000002,6950.555453693161,0.0,0.0,5.1242491599832185,6.01508440262551e-14,6.01508440262551e-14
0.13495000000000001,6950.519734750692,0.0,0.0,5.124308902426878,6.015055304946402e-14,6.015055304946402e-14
0.135,6950.479301086669,0.0,0.0,5.124365759187345,6.015023221202719e-14,6.015023221202719e-14
0.13505,6950.434185282415,0.0,0.0,5.12441961789075,6.014985578577738e-14,6.014985578577738e-14
0.1351,6950.384480616087,0.0,0.0,5.124470422610919,6.014945775573738e-14,6.014945775573738e-14
0.13515000000000002,6950.330224451569,0.0,0.0,5.124518091337808,6.014899816607485e-14,6.014899816607485e-14
0.13520000000000001,6950.27152994742,0.0,0.0,5.124562556628835,6.014852457023538e-14,6.014852457023538e-14
0.13525,6950.208442516932,0.0,0.0,5.1246037636015185,6.014798547042976e-14,6.014798547042976e-14
0.1353,6950.141089736508,0.0,0.0,5.124641638692105,6.01474375769121e-14,6.01474375769121e-14
0.13535,6950.06953075849,0.0,0.0,5.12467614833984,6.014682387768657e-14,6.014682387768657e-14
0.13540000000000002,6949.99390013577,0.0,0.0,5.124707220113068,6.01462025185192e-14,6.01462025185192e-14
0.13545000000000001,6949.914277422093,0.0,0.0,5.124734834902106,6.014552023130943e-14,6.014552023130943e-14
0.1355,6949.830796578668,0.0,0.0,5.1247589285782835,6.014482635231766e-14,6.014482635231766e-14
0.13555,6949.743563625591,0.0,0.0,5.124779490525412,6.014408187335318e-14,6.014408187335318e-14
0.1356,6949.652704734304,0.0,0.0,5.124796470461306,6.014331692031246e-14,6.014331692031246e-14
0.13565,6949.5583580621,0.0,0.0,5.124809862104075,6.014251682950848e-14,6.014251682950848e-14
0.13570000000000002,6949.460636089084,0.0,0.0,5.124819632408224,6.014168314553958e-14,6.014168314553958e-14
0.13575,6949.359711243502,0.0,0.0,5.124825777716512,6.01408334195161e-14,6.01408334195161e-14
0.1358,6949.255681306191,0.0,0.0,5.124828282629425,6.013993487720344e-14,6.013993487720344e-14
0.13585,6949.148750757541,0.0,0.0,5.124827147364739,6.013904067418497e-14,6.013904067418497e-14
0.1359,6949.039004113419,0.0,0.0,5.124822371792226,6.013808266288022e-14,6.013808266288022e-14
0.13595000000000002,6948.926673548011,0.0,0.0,5.1248139635013725,6.013714799123367e-14,6.013714799123367e-14
0.136,6948.811835563558,0.0,0.0,5.124801933275986,6.013613783116939e-14,6.013613783116939e-14
0.13605,6948.69474000167,0.0,0.0,5.124786300972924,6.013516551456216e-14,6.013516551456216e-14
0.1361,6948.575465506786,0.0,0.0,5.124767083100264,6.013411188910039e-14,6.013411188910039e-14
0.13615,6948.454267200204,0.0,0.0,5.124744316616186,6.013310400275725e-14,6.013310400275725e-14
0.13620000000000002,6948.331236285676,0.0,0.0,5.124718019159562,6.013201690723737e-14,6.013201690723737e-14
0.13625,6948.206620525921,0.0,0.0,5.124688248413319,6.013097479755629e-14,6.013097479755629e-14
0.1363,6948.08053494508,0.0,0.0,5.12465502016353,6.012986475873474e-14,6.012986475873474e-14
0.13635,6947.953206690362,0.0,0.0,5.124618414107549,6.012879022364513e-14,6.012879022364513e-14
0.1364,6947.824784999569,0.0,0.0,5.124578444005226,6.012766747012657e-14,6.012766747012657e-14
0.13645000000000002,6947.69546563425,0.0,0.0,5.124535209532726,6.012656284770136e-14,6.012656284770136e-14
0.1365,6947.565438476338,0.0,0.0,5.1244887255834275,6.01254370609271e-14,6.01254370609271e-14
0.13655,6947.434862237053,0.0,0.0,5.124439106546866,6.01243061659729e-14,6.01243061659729e-14
0.1366,6947.303968221133,0.0,0.0,5.124386374249931,6.012318521666113e-14,6.012318521666113e-14
0.13665,6947.172877338807,0.0,0.0,5.124330650268728,6.01220338172686e-14,6.01220338172686e-14
0.13670000000000002,6947.041859273405,0.0,0.0,5.124271971117581,6.012092398939406e-14,6.012092398939406e-14
0.13675,6946.911000605073,0.0,0.0,5.124210456059778,6.011975966647591e-14,6.011975966647591e-14
0.1368,6946.780599814739,0.0,0.0,5.124146165329286,6.011866508176447e-14,6.011866508176447e-14
0.13685,6946.650720672884,0.0,0.0,5.124079206444809,6.011749767679326e-14,6.011749767679326e-14
0.1369,6946.521674793481,0.0,0.0,5.124009670584456,6.011642063005654e-14,6.011642063005654e-14
0.13695000000000002,6946.393516592494,0.0,0.0,5.12393764659362,6.011526128555952e-14,6.011526128555952e-14
0.137,6946.266555302816,0.0,0.0,5.123863261419098,6.011420274067215e-14,6.011420274067215e-14
0.13705,6946.140851047032,0.0,0.0,5.123786580568586,6.011306380246258e-14,6.011306380246258e-14
0.1371,6946.016691350812,0.0,0.0,5.1237077681685825,6.011202381326437e-14,6.011202381326437e-14
0.13715,6945.894159560316,0.0,0.0,5.12362686672445,6.011091751834767e-14,6.011091751834767e-14
0.13720000000000002,6945.77350431232,0.0,0.0,5.123544073048831,6.010989650890028e-14,6.010989650890028e-14
0.13725,6945.654844066842,0.0,0.0,5.123459412203537,6.010883441792066e-14,6.010883441792066e-14
0.1373,6945.538377008318,0.0,0.0,5.1233731050463645,6.010783331734447e-14,6.010783331734447e-14
0.13735,6945.424264796399,0.0,0.0,5.123285168327971,6.010682544226894e-14,6.010682544226894e-14
0.1374,6945.312647239708,0.0,0.0,5.123195834461645,6.01058471723146e-14,6.01058471723146e-14
0.13745000000000002,6945.203731842005,0.0,0.0,5.123105124875029,6.010490091581583e-14,6.010490091581583e-14
0.1375,6945.097599584443,0.0,0.0,5.123013267848692,6.010395023969693e-14,6.010395023969693e-14
0.13755,6944.994498396858,0.0,0.0,5.1229203042706795,6.010307077532677e-14,6.010307077532677e-14
0.1376,6944.894457935559,0.0,0.0,5.122826442340913,6.010215468573077e-14,6.010215468573077e-14
0.13765,6944.797753850463,0.0,0.0,5.122731755837401,6.010134398892683e-14,6.010134398892683e-14
0.13770000000000002,6944.704377853772,0.0,0.0,5.122636419499087,6.010047180168132e-14,6.010047180168132e-14
0.13775,6944.614617020682,0.0,0.0,5.122540550276777,6.009972969714777e-14,6.009972969714777e-14
0.1378,6944.528441273434,0.0,0.0,5.122444279237039,6.009891185948626e-14,6.009891185948626e-14
0.13785,6944.446128768005,0.0,0.0,5.122347772955714,6.009823626533182e-14,6.009823626533182e-14
0.1379,6944.367649088772,0.0,0.0,5.122251114317973,6.009748435372945e-14,6.009748435372945e-14
0.13795000000000002,6944.293248508848,0.0,0.0,5.122154518156157,6.009687210200046e-14,6.009687210200046e-14
0.138,6944.222915010557,0.0,0.0,5.122058022861356,6.009619712661548e-14,6.009619712661548e-14
0.13805,6944.156846222606,0.0,0.0,5.1219618835965965,6.009564524658156e-14,6.009564524658156e-14
0.1381,6944.095062733932,0.0,0.0,5.121866102806072,6.009505719331861e-14,6.009505719331861e-14
0.13815,6944.037698312995,0.0,0.0,5.1217709629958295,6.009456333253314e-14,6.009456333253314e-14
0.13820000000000002,6943.98481830439,0.0,0.0,5.121676445732023,6.009406989748169e-14,6.009406989748169e-14
0.13825,6943.936484383113,0.0,0.0,5.12158284113632,6.009363376012189e-14,6.009363376012189e-14
0.1383,6943.892807973505,0.0,0.0,5.121490129503912,6.009323978796998e-14,6.009323978796998e-14
0.13835,6943.853780728806,0.0,0.0,5.12139858747269,6.009286285345126e-14,6.009286285345126e-14
0.1384,6943.819554814992,0.0,0.0,5.121308213233789,6.009257022152411e-14,6.009257022152411e-14
0.13845000000000002,6943.790058938823,0.0,0.0,5.1212192495059465,6.009225661732437e-14,6.009225661732437e-14
0.1385,6943.765474564981,0.0,0.0,5.121131730749813,6.0092063630982e-14,6.0092063630982e-14
0.13855,6943.7456823669545,0.0,0.0,5.121045847528299,6.009181942397485e-14,6.009181942397485e-14
0.1386,6943.730874528716,0.0,0.0,5.12096168461691,6.009172215134453e-14,6.009172215134453e-14
0.13865,6943.720903901721,0.0,0.0,5.1208793684658085,6.009155471961472e-14,6.009155471961472e-14
0.13870000000000002,6943.715951472893,0.0,0.0,5.120799040702525,6.009154678021597e-14,6.009154678021597e-14
0.13875,6943.715864224638,0.0,0.0,5.120720759997329,6.009146448725748e-14,6.009146448725748e-14
0.1388,6943.7207908006085,0.0,0.0,5.120644723127737,6.009153863378648e-14,6.009153863378648e-14
0.13885,6943.7305918991715,0.0,0.0,5.120570924915993,6.009154894182979e-14,6.009154894182979e-14
0.1389,6943.745364873027,0.0,0.0,5.120499608500943,6.009169794582901e-14,6.009169794582901e-14
0.13895000000000002,6943.765002618807,0.0,0.0,5.120430716678638,6.009180727646769e-14,6.009180727646769e-14
0.139,6943.789535281137,0.0,0.0,5.1203645212365805,6.009202461335002e-14,6.009202461335002e-14
0.13905,6943.818898951974,0.0,0.0,5.120300933111328,6.009223678925015e-14,6.009223678925015e-14
0.1391,6943.853051482337,0.0,0.0,5.120240229842728,6.009251798096322e-14,6.009251798096322e-14
0.13915,6943.891974104341,0.0,0.0,5.1201823125767705,6.009283397592936e-14,6.009283397592936e-14
0.13920000000000002,6943.935552461129,0.0,0.0,5.120127440953919,6.009317640280844e-14,6.009317640280844e-14
0.13925,6943.983810880658,0.0,0.0,5.120075530158162,6.009359396118097e-14,6.009359396118097e-14
0.1393,6944.036570450543,0.0,0.0,5.120026796678339,6.009399765167236e-14,6.009399765167236e-14
0.13935,6944.093885784128,0.0,0.0,5.119981192333614,6.009451124317416e-14,6.009451124317416e-14
0.1394,6944.155530654764,0.0,0.0,5.119938870684178,6.009497794648963e-14,6.009497794648963e-14
0.13945000000000002,6944.221572602148,0.0,0.0,5.119899835112942,6.009557967964042e-14,6.009557967964042e-14
0.1395,6944.291756615788,0.0,0.0,5.119864163911204,6.009611275889437e-14,6.009611275889437e-14
0.13955,6944.366144261637,0.0,0.0,5.119831920454423,6.009679243841782e-14,6.009679243841782e-14
0.1396,6944.444473411822,0.0,0.0,5.1198031027076,6.009739582986634e-14,6.009739582986634e-14
0.13965,6944.526778613032,0.0,0.0,5.119777833511961,6.009814278273384e-14,6.009814278273384e-14
0.13970000000000002,6944.612811735545,0.0,0.0,5.11975603569313,6.009881975404765e-14,6.009881975404765e-14
0.13975,6944.702562341552,0.0,0.0,5.119737881009454,6.009962310263368e-14,6.009962310263368e-14
0.1398,6944.795813171617,0.0,0.0,5.1197232315858825,6.010037598149934e-14,6.010037598149934e-14
0.13985,6944.892496467674,0.0,0.0,5.119712289702908,6.010122594768105e-14,6.010122594768105e-14
0.1399,6944.992436017834,0.0,0.0,5.11970487744002,6.010205447279467e-14,6.010205447279467e-14
0.13995000000000002,6945.095501061177,0.0,0.0,5.119701204791712,6.010294319735837e-14,6.010294319735837e-14
0.14,6945.201561268409,0.0,0.0,5.119701078236926,6.010384475407361e-14,6.010384475407361e-14
0.14005,6945.3104227810545,0.0,0.0,5.119704689103128,6.010476623691546e-14,6.010476623691546e-14
0.1401,6945.42199811612,0.0,0.0,5.119711855181154,6.01057352215328e-14,6.01057352215328e-14
0.14015,6945.536040136779,0.0,0.0,5.119722723730826,6.010668601879753e-14,6.010668601879753e-14
0.14020000000000002,6945.652492992057,0.0,0.0,5.119737146112362,6.010771414250037e-14,6.010771414250037e-14
0.14025,6945.771070121205,0.0,0.0,5.119755206489729,6.010869245238649e-14,6.010869245238649e-14
0.1403,6945.891734602003,0.0,0.0,5.119776806659864,6.010976937948904e-14,6.010976937948904e-14
0.14035,6946.014177319394,0.0,0.0,5.11980195355375,6.011077498961757e-14,6.011077498961757e-14
0.1404,6946.1383623552965,0.0,0.0,5.1198306095676065,6.011188876627315e-14,6.011188876627315e-14
0.14045000000000002,6946.263979009752,0.0,0.0,5.119862700409911,6.011292187792096e-14,6.011292187792096e-14
0.1405,6946.390974938717,0.0,0.0,5.119898247686288,6.011406030808147e-14,6.011406030808147e-14
0.14055,6946.519054794051,0.0,0.0,5.119937102075026,6.011512090134615e-14,6.011512090134615e-14
0.1406,6946.6481364244155,0.0,0.0,5.1199793353117125,6.011627184663108e-14,6.011627184663108e-14
0.14065,6946.777954426829,0.0,0.0,5.120024736251054,6.011735894228891e-14,6.011735894228891e-14
0.14070000000000002,6946.90838596649,0.0,0.0,5.120073410112274,6.011851172432759e-14,6.011851172432759e-14
0.14075000000000001,6947.039205529603,0.0,0.0,5.120125104918117,6.011962239417665e-14,6.011962239417665e-14
0.1408,6947.170245264579,0.0,0.0,5.120179936537834,6.012076793603955e-14,6.012076793603955e-14
0.14085,6947.301322726249,0.0,0.0,5.120237637125295,6.012189754461006e-14,6.012189754461006e-14
0.1409,6947.43222705819,0.0,0.0,5.120298308668114,6.012302877104553e-14,6.012302877104553e-14
0.14095000000000002,6947.56281595781,0.0,0.0,5.120361692288733,6.012417026726736e-14,6.012417026726736e-14
0.14100000000000001,6947.69284314519,0.0,0.0,5.120427853531388,6.012528233038406e-14,6.012528233038406e-14
0.14105,6947.822199223776,0.0,0.0,5.12049656429946,6.012642696823171e-14,6.012642696823171e-14
0.1411,6947.950613426706,0.0,0.0,5.120567834748316,6.012751647332281e-14,6.012751647332281e-14
0.14115,6948.077998338733,0.0,0.0,5.120641484982619,6.012865410805608e-14,6.012865410805608e-14
0.14120000000000002,6948.20407382627,0.0,0.0,5.1207174574546785,6.012971910598556e-14,6.012971910598556e-14
0.14125000000000001,6948.328760653455,0.0,0.0,5.120795628797507,6.013083879908207e-14,6.013083879908207e-14
0.1413,6948.451784147042,0.0,0.0,5.120875871465017,6.013187771040083e-14,6.013187771040083e-14
0.14135,6948.573062059289,0.0,0.0,5.120958118485747,6.013296870283031e-14,6.013296870283031e-14
0.1414,6948.69233767495,0.0,0.0,5.121042176742921,6.013397993307993e-14,6.013397993307993e-14
0.14145000000000002,6948.809515310186,0.0,0.0,5.121128028761183,6.01350320317206e-14,6.01350320317206e-14
0.14150000000000001,6948.924367600424,0.0,0.0,5.121215428700142,6.013601324892886e-14,6.013601324892886e-14
0.14155,6949.036778622161,0.0,0.0,5.121304392926628,6.013701774669162e-14,6.013701774669162e-14
0.1416,6949.146555820013,0.0,0.0,5.1213946423249075,6.0137965487921e-14,6.0137965487921e-14
0.14165,6949.253561855328,0.0,0.0,5.1214862081485855,6.013891516822789e-14,6.013891516822789e-14
0.14170000000000002,6949.357640500443,0.0,0.0,5.121578798953726,6.013982481366328e-14,6.013982481366328e-14
0.14175000000000001,6949.458634800837,0.0,0.0,5.121672440652033,6.014071436003142e-14,6.014071436003142e-14
0.1418,6949.55642269285,0.0,0.0,5.121766851485997,6.014157992353698e-14,6.014157992353698e-14
0.14185,6949.650833659225,0.0,0.0,5.121862032325634,6.014240563733757e-14,6.014240563733757e-14
0.1419,6949.741773782839,0.0,0.0,5.121957730347639,6.0143220422878e-14,6.0143220422878e-14
0.14195000000000002,6949.829067573905,0.0,0.0,5.122053906274472,6.014397985845219e-14,6.014397985845219e-14
0.14200000000000002,6949.9126415988785,0.0,0.0,5.122150349869065,6.014473659477853e-14,6.014473659477853e-14
0.14205,6949.992324830452,0.0,0.0,5.122246972872418,6.014542830268085e-14,6.014542830268085e-14
0.1421,6950.068056517622,0.0,0.0,5.12234361465145,6.01461198730481e-14,6.01461198730481e-14
0.14215,6950.139678698297,0.0,0.0,5.122440135727519,6.01467426220092e-14,6.01467426220092e-14
0.1422,6950.207136624509,0.0,0.0,5.122536425668772,6.014736256398969e-14,6.014736256398969e-14
0.14225000000000002,6950.270292673948,0.0,0.0,5.12263229827755,6.01479151426568e-14,6.01479151426568e-14
0.1423,6950.329093101925,0.0,0.0,5.122727686607126,6.01484579903886e-14,6.01484579903886e-14
0.14235,6950.38342502897,0.0,0.0,5.122822369228459,6.014893871739234e-14,6.014893871739234e-14
0.1424,6950.433234235902,0.0,0.0,5.122916310775367,6.014940042579889e-14,6.014940042579889e-14
0.14245,6950.478433604618,0.0,0.0,5.123009269042224,6.014980707859513e-14,6.014980707859513e-14
0.14250000000000002,6950.518969307002,0.0,0.0,5.12310122636367,6.015018496406102e-14,6.015018496406102e-14
0.14255,6950.554778953432,0.0,0.0,5.1231919363746385,6.015051481976308e-14,6.015051481976308e-14
0.1426,6950.585812171226,0.0,0.0,5.123281383262709,6.015080757204574e-14,6.015080757204574e-14
0.14265,6950.61202773021,0.0,0.0,5.123369333262484,6.015105759981035e-14,6.015105759981035e-14
0.1427,6950.633383555524,0.0,0.0,5.123455758892001,6.015126492660484e-14,6.015126492660484e-14
0.14275000000000002,6950.649855165624,0.0,0.0,5.123540451895457,6.015143219489362e-14,6.015143219489362e-14
0.1428,6950.661413495468,0.0,0.0,5.123623363435841,6.015155450441277e-14,6.015155450441277e-14
0.14285,6950.668046734099,0.0,0.0,5.12370432007015,6.01516365267268e-14,6.01516365267268e-14
0.1429,6950.669742769194,0.0,0.0,5.123783245952627,6.015167451547846e-14,6.015167451547846e-14
0.14295,6950.666499473033,0.0,0.0,5.123860006679984,6.015166968158963e-14,6.015166968158963e-14
0.14300000000000002,6950.658323842704,0.0,0.0,5.123934499336377,6.015162399397045e-14,6.015162399397045e-14
0.14305,6950.645222447757,0.0,0.0,5.124006627336728,6.015153183158071e-14,6.015153183158071e-14
0.1431,6950.627221220624,0.0,0.0,5.124076265400275,6.015140283735812e-14,6.015140283735812e-14
0.14315,6950.604336634157,0.0,0.0,5.124143349364598,6.015122415955096e-14,6.015122415955096e-14
0.1432,6950.576611141657,0.0,0.0,5.1242077396639845,6.01510119250533e-14,6.01510119250533e-14
0.14325000000000002,6950.544074233006,0.0,0.0,5.124269396519385,6.015074876414846e-14,6.015074876414846e-14
0.1433,6950.506780577801,0.0,0.0,5.124328176039095,6.015045313880436e-14,6.015045313880436e-14
0.14335,6950.464777224819,0.0,0.0,5.124384053346183,6.015010858491949e-14,6.015010858491949e-14
0.1434,6950.418125834305,0.0,0.0,5.124436890813657,6.014972950892846e-14,6.014972950892846e-14
0.14345,6950.366895431688,0.0,0.0,5.124486669465946,6.014930727597646e-14,6.014930727597646e-14
0.14350000000000002,6950.311150010143,0.0,0.0,5.124533266661079,6.014884516409396e-14,6.014884516409396e-14
0.14355,6950.250984182518,0.0,0.0,5.124576662816998,6.014834926719316e-14,6.014834926719316e-14
0.1436,6950.186460419811,0.0,0.0,5.124616756367621,6.014780537184737e-14,6.014780537184737e-14
0.14365,6950.117700738006,0.0,0.0,5.124653523130888,6.014723961092881e-14,6.014723961092881e-14
0.1437,6950.044765104687,0.0,0.0,5.124686885666994,6.014661647285118e-14,6.014661647285118e-14
0.14375000000000002,6949.96780119006,0.0,0.0,5.1247168147261375,6.014598417720533e-14,6.014598417720533e-14
0.1438,6949.886868388238,0.0,0.0,5.124743256297232,6.014528570487363e-14,6.014528570487363e-14
0.14385,6949.802135919946,0.0,0.0,5.124766178714808,6.014458952228109e-14,6.014458952228109e-14
0.1439,6949.7136668748335,0.0,0.0,5.124785548196276,6.014382123054424e-14,6.014382123054424e-14
0.14395,6949.621644782226,0.0,0.0,5.124801335185052,6.014306307684854e-14,6.014306307684854e-14
0.14400000000000002,6949.526143788267,0.0,0.0,5.124813521310465,6.014223172408302e-14,6.014223172408302e-14
0.14405,6949.427352230722,0.0,0.0,5.124822084647071,6.014141317859532e-14,6.014141317859532e-14
0.1441,6949.325363579493,0.0,0.0,5.12482701703798,6.01405265453661e-14,6.01405265453661e-14
0.14415,6949.220361174188,0.0,0.0,5.124828309192528,6.013964895713695e-14,6.013964895713695e-14
0.1442,6949.112465865104,0.0,0.0,5.124825959046854,6.013871534557717e-14,6.013871534557717e-14
0.14425000000000002,6949.0018469743845,0.0,0.0,5.124819973220127,6.0137780648378e-14,6.0137780648378e-14
0.1443,6948.888659054267,0.0,0.0,5.124810353657826,6.01368081204475e-14,6.01368081204475e-14
0.14435,6948.773050531602,0.0,0.0,5.124797123682242,6.01358191371973e-14,6.01358191371973e-14
0.1444,6948.655213353042,0.0,0.0,5.1247802897656864,6.013481525496314e-14,6.013481525496314e-14
0.14445,6948.535271729147,0.0,0.0,5.124759889898166,6.013377624187649e-14,6.013377624187649e-14
0.14450000000000002,6948.41345365249,0.0,0.0,5.124735938199225,6.01327472564248e-14,6.01327472564248e-14
0.14455,6948.289861176155,0.0,0.0,5.1247084829382175,6.013166431437895e-14,6.013166431437895e-14
0.1446,6948.164752667354,0.0,0.0,5.124677550769868,6.013061518804353e-14,6.013061518804353e-14
0.14465,6948.038213114489,0.0,0.0,5.124643194354614,6.012949612647862e-14,6.012949612647862e-14
0.1447,6947.910522078628,0.0,0.0,5.124605458793917,6.012843029962136e-14,6.012843029962136e-14
0.14475000000000002,6947.781757517674,0.0,0.0,5.124564394753747,6.012728477867787e-14,6.012728477867787e-14
0.1448,6947.652205842629,0.0,0.0,5.124520071081008,6.012620447129131e-14,6.012620447129131e-14
0.14485,6947.521950924563,0.0,0.0,5.12447253155441,6.012504322467374e-14,6.012504322467374e-14
0.1449,6947.39127146936,0.0,0.0,5.1244218719061685,6.012394995802942e-14,6.012394995802942e-14
0.14495,6947.260269524676,0.0,0.0,5.12436812638678,6.012278452794258e-14,6.012278452794258e-14
0.14500000000000002,6947.129201339988,0.0,0.0,5.124311418076013,6.012167952056202e-14,6.012167952056202e-14
0.14505,6946.99819972654,0.0,0.0,5.124251772286353,6.012052120927868e-14,6.012052120927868e-14
0.1451,6946.867485256626,0.0,0.0,5.124189335953702,6.011940649580287e-14,6.011940649580287e-14
0.14515,6946.737230052285,0.0,0.0,5.1241241300124845,6.01182657050226e-14,6.01182657050226e-14
0.1452,6946.607610991617,0.0,0.0,5.1240563180735945,6.011714429981336e-14,6.011714429981336e-14
0.14525000000000002,6946.478842962792,0.0,0.0,5.123985924362493,6.011602999752136e-14,6.011602999752136e-14
0.1453,6946.351056276771,0.0,0.0,5.123913119202049,6.011490688923128e-14,6.011490688923128e-14
0.14535,6946.224506305024,0.0,0.0,5.123837939974832,6.011382570778439e-14,6.011382570778439e-14
0.1454,6946.099279952949,0.0,0.0,5.123760552128881,6.011270789231948e-14,6.011270789231948e-14
0.14545,6945.975665104536,0.0,0.0,5.123681016912883,6.011166446770527e-14,6.011166446770527e-14
0.14550000000000002,6945.853714141507,0.0,0.0,5.123599483149959,6.011056089962249e-14,6.011056089962249e-14
0.14555,6945.733733254644,0.0,0.0,5.123516045665795,6.01095574406054e-14,6.01095574406054e-14
0.1456,6945.615755142073,0.0,0.0,5.123430827249493,6.010847900439062e-14,6.010847900439062e-14
0.14565,6945.500086398961,0.0,0.0,5.123343962439336,6.0107516058219e-14,6.0107516058219e-14
0.1457,6945.386755983032,0.0,0.0,5.1232555424725446,6.010647449716082e-14,6.010647449716082e-14
0.14575000000000002,6945.2760526517195,0.0,0.0,5.123165743835202,6.01055514710884e-14,6.01055514710884e-14
0.1458,6945.1680190874185,0.0,0.0,5.123074624988697,6.010455905610021e-14,6.010455905610021e-14
0.14585,6945.062906477329,0.0,0.0,5.122982401054906,6.010367497531669e-14,6.010367497531669e-14
0.1459,6944.960787369289,0.0,0.0,5.122889102960981,6.010274311392625e-14,6.010274311392625e-14
0.14595,6944.861860920356,0.0,0.0,5.122794974961034,6.010189774762615e-14,6.010189774762615e-14
0.14600000000000002,6944.766239081439,0.0,0.0,5.1227000304992325,6.010103645792032e-14,6.010103645792032e-14
0.14605,6944.674059792625,0.0,0.0,5.122604529657016,6.010023067465548e-14,6.010023067465548e-14
0.1461,6944.585479940239,0.0,0.0,5.122508482135688,6.009944762257614e-14,6.009944762257614e-14
0.14615,6944.500572592987,0.0,0.0,5.122412146727437,6.009868453411511e-14,6.009868453411511e-14
0.1462,6944.419537070609,0.0,0.0,5.122315546044801,6.009798450423411e-14,6.009798450423411e-14
0.14625000000000002,6944.342386930524,0.0,0.0,5.122218919381265,6.009726914714895e-14,6.009726914714895e-14
0.1463,6944.269353884879,0.0,0.0,5.122122318160263,6.009665424493698e-14,6.009665424493698e-14
0.14635,6944.200403425195,0.0,0.0,5.122025945910838,6.009599394364145e-14,6.009599394364145e-14
0.1464,6944.13578417456,0.0,0.0,5.1219298959491,6.009546319766516e-14,6.009546319766516e-14
0.14645,6944.075430233622,0.0,0.0,5.121834323552749,6.00948670042624e-14,6.00948670042624e-14
0.14650000000000002,6944.01958764819,0.0,0.0,5.121739372248196,6.009441759426985e-14,6.009441759426985e-14
0.14655,6943.968178720431,0.0,0.0,5.121645142175939,6.009389532024263e-14,6.009389532024263e-14
0.1466,6943.9214252757965,0.0,0.0,5.12155182892236,6.009352283749516e-14,6.009352283749516e-14
0.14665,6943.879258792775,0.0,0.0,5.121459478127321,6.009308462587693e-14,6.009308462587693e-14
0.1467,6943.84185642218,0.0,0.0,5.121368331155949,6.00927842979736e-14,6.00927842979736e-14
0.14675000000000002,6943.809175704625,0.0,0.0,5.121278387439365,6.009243900160166e-14,6.009243900160166e-14
0.1468,6943.781334163784,0.0,0.0,5.121189921516401,6.009220669535865e-14,6.009220669535865e-14
0.14685,6943.758327955047,0.0,0.0,5.121102900413842,6.009196148916502e-14,6.009196148916502e-14
0.1469,6943.740203827362,0.0,0.0,5.121017613562152,6.009179428404588e-14,6.009179428404588e-14
0.14695,6943.727003410848,0.0,0.0,5.120934015253225,6.00916534965166e-14,6.00916534965166e-14
0.14700000000000002,6943.718700764207,0.0,0.0,5.120852387107259,6.009155071248849e-14,6.009155071248849e-14
0.14705000000000001,6943.7153796988305,0.0,0.0,5.120772692029698,6.009151562346166e-14,6.009151562346166e-14
0.1471,6943.716947700864,0.0,0.0,5.120695181894816,6.009147854129541e-14,6.009147854129541e-14
0.14715,6943.723522228123,0.0,0.0,5.120619848042687,6.009154727524254e-14,6.009154727524254e-14
0.1472,6943.734955725674,0.0,0.0,5.120546892383456,6.009157959690943e-14,6.009157959690943e-14
0.14725000000000002,6943.751383774137,0.0,0.0,5.120476351761329,6.009174718488442e-14,6.009174718488442e-14
0.14730000000000001,6943.772622671459,0.0,0.0,5.120408363016128,6.009185405213322e-14,6.009185405213322e-14
0.14735,6943.7988057902185,0.0,0.0,5.120343018389581,6.009211356487063e-14,6.009211356487063e-14
0.1474,6943.829734226791,0.0,0.0,5.120280382706725,6.009230106405492e-14,6.009230106405492e-14
0.14745,6943.865518393201,0.0,0.0,5.120220605385401,6.009264382781603e-14,6.009264382781603e-14
0.14750000000000002,6943.905965163536,0.0,0.0,5.120163680516921,6.009291810538941e-14,6.009291810538941e-14
0.14755000000000001,6943.951142428747,0.0,0.0,5.120109808143456,6.009333534533867e-14,6.009333534533867e-14
0.1476,6944.000881216807,0.0,0.0,5.120058921293137,6.009370120082519e-14,6.009370120082519e-14
0.14765,6944.055191194104,0.0,0.0,5.120011256086384,6.009418461604783e-14,6.009418461604783e-14
0.1477,6944.113941466069,0.0,0.0,5.119966701884098,6.009464520963182e-14,6.009464520963182e-14
0.14775000000000002,6944.177073838131,0.0,0.0,5.119925509401032,6.009518789075942e-14,6.009518789075942e-14
0.14780000000000001,6944.244501498621,0.0,0.0,5.119887547123531,6.009574344314334e-14,6.009574344314334e-14
0.14785,6944.316097542062,0.0,0.0,5.119853056011703,6.009634066029866e-14,6.009634066029866e-14
0.1479,6944.391818028858,0.0,0.0,5.119821907443667,6.009698855818811e-14,6.009698855818811e-14
0.14795,6944.471472153759,0.0,0.0,5.119794308144854,6.00976375686223e-14,6.00976375686223e-14
0.14800000000000002,6944.555051704193,0.0,0.0,5.1197701560160125,6.009837210426041e-14,6.009837210426041e-14
0.14805000000000001,6944.642314770784,0.0,0.0,5.119749600959059,6.009907250674625e-14,6.009907250674625e-14
0.1481,6944.733273585722,0.0,0.0,5.11973258622737,6.00998852823778e-14,6.00998852823778e-14
0.14815,6944.827653411634,0.0,0.0,5.119719189796648,6.01006380343471e-14,6.01006380343471e-14
0.1482,6944.925469792585,0.0,0.0,5.119709411112028,6.010151878346402e-14,6.010151878346402e-14
0.14825000000000002,6945.026434226472,0.0,0.0,5.119703248616706,6.01023259040927e-14,6.01023259040927e-14
0.14830000000000002,6945.130546883033,0.0,0.0,5.119700761332064,6.010326301398589e-14,6.010326301398589e-14
0.14835,6945.237526277398,0.0,0.0,5.119701869466816,6.010412639510394e-14,6.010412639510394e-14
0.1484,6945.347339170139,0.0,0.0,5.119706684978375,6.010510837817345e-14,6.010510837817345e-14
0.14845,6945.459728382576,0.0,0.0,5.119715061064412,6.010602895048635e-14,6.010602895048635e-14
0.14850000000000002,6945.574614291239,0.0,0.0,5.119727147596651,6.01070447968556e-14,6.01070447968556e-14
0.14855000000000002,6945.691776303926,0.0,0.0,5.11974274902368,6.010802197009624e-14,6.010802197009624e-14
0.1486,6945.811080681606,0.0,0.0,5.119762032206592,6.010906234451717e-14,6.010906234451717e-14
0.14865,6945.9323497575215,0.0,0.0,5.119784776107323,6.01100929941489e-14,6.01100929941489e-14
0.1487,6946.055394539171,0.0,0.0,5.119811140129618,6.011115050799227e-14,6.011115050799227e-14
0.14875,6946.180080183546,0.0,0.0,5.119840903171908,6.011222927807023e-14,6.011222927807023e-14
0.14880000000000002,6946.306167777742,0.0,0.0,5.119874192193146,6.011329855552717e-14,6.011329855552717e-14
0.14885,6946.433558425428,0.0,0.0,5.119910810194446,6.011441746202853e-14,6.011441746202853e-14
0.1489,6946.5619752401935,0.0,0.0,5.119950830448926,6.011549528686148e-14,6.011549528686148e-14
0.14895,6946.691343523791,0.0,0.0,5.119994098636768,6.011664439584215e-14,6.011664439584215e-14
0.149,6946.821363107846,0.0,0.0,5.120040619499326,6.011772882826237e-14,6.011772882826237e-14
0.14905000000000002,6946.951969841044,0.0,0.0,5.120090293717615,6.011889682416406e-14,6.011889682416406e-14
0.1491,6947.082857482451,0.0,0.0,5.120143049716232,6.01199869570478e-14,6.01199869570478e-14
0.14915,6947.21395644034,0.0,0.0,5.120198846754516,6.012116182556162e-14,6.012116182556162e-14
0.1492,6947.34497171682,0.0,0.0,5.120257539432939,6.012225668412932e-14,6.012225668412932e-14
0.14925,6947.475815128263,0.0,0.0,5.120319139404818,6.012342677825781e-14,6.012342677825781e-14
0.14930000000000002,6947.6062161900745,0.0,0.0,5.120383438006138,6.012452482757293e-14,6.012452482757293e-14
0.14935,6947.736058338257,0.0,0.0,5.120450486492627,6.012567928323612e-14,6.012567928323612e-14
0.1494,6947.865106027518,0.0,0.0,5.120520030093986,6.012677773701708e-14,6.012677773701708e-14
0.14945,6947.993208445963,0.0,0.0,5.120592140302054,6.012790742087193e-14,6.012790742087193e-14
0.1495,6948.120169734502,0.0,0.0,5.120666538900044,6.012900179063844e-14,6.012900179063844e-14
0.14955000000000002,6948.245805244893,0.0,0.0,5.120743295158979,6.013009927354787e-14,6.013009927354787e-14
0.1496,6948.369958013295,0.0,0.0,5.120822130985486,6.013118351013837e-14,6.013118351013837e-14
0.14965,6948.492414534348,0.0,0.0,5.120903091622264,6.013224333494177e-14,6.013224333494177e-14
0.1497,6948.613051666963,0.0,0.0,5.120985921008674,6.013330963330504e-14,6.013330963330504e-14
0.14975,6948.7316360737095,0.0,0.0,5.121070621542614,6.013432806539241e-14,6.013432806539241e-14
0.14980000000000002,6948.848069941739,0.0,0.0,5.121156976838573,6.013536762720898e-14,6.013536762720898e-14
0.14985,6948.962111605112,0.0,0.0,5.121244933099618,6.013634207180727e-14,6.013634207180727e-14
0.1499,6949.073678165319,0.0,0.0,5.121334324813172,6.013734541340891e-14,6.013734541340891e-14
0.14995,6949.182532342561,0.0,0.0,5.121425036263823,6.013827413367308e-14,6.013827413367308e-14
0.15,6949.288595703628,0.0,0.0,5.121516955665763,6.013923182812676e-14,6.013923182812676e-14
0.15005000000000002,6949.391646493896,0.0,0.0,5.121609907834626,6.01401130746684e-14,6.01401130746684e-14
0.1501,6949.491602591724,0.0,0.0,5.121703830422777,6.014101641037853e-14,6.014101641037853e-14
0.15015,6949.588266687736,0.0,0.0,5.1217984977321915,6.014184814611116e-14,6.014184814611116e-14
0.1502,6949.681546850022,0.0,0.0,5.121893885967279,6.014268949336522e-14,6.014268949336522e-14
0.15025,6949.771276155271,0.0,0.0,5.121989734553072,6.014346888199331e-14,6.014346888199331e-14
0.15030000000000002,6949.857350847484,0.0,0.0,5.122086041904409,6.014424219700236e-14,6.014424219700236e-14
0.15035,6949.939635780631,0.0,0.0,5.122182531412965,6.014496550876824e-14,6.014496550876824e-14
0.1504,6950.018016980853,0.0,0.0,5.122279206152023,6.014566625110946e-14,6.014566625110946e-14
0.15045,6950.092389679856,0.0,0.0,5.122375792713548,6.014632893542531e-14,6.014632893542531e-14
0.1505,6950.162633784705,0.0,0.0,5.122472281265792,6.014695413403569e-14,6.014695413403569e-14
0.15055000000000002,6950.228670646218,0.0,0.0,5.122568419802846,6.014755098471515e-14,6.014755098471515e-14
0.1506,6950.290380634989,0.0,0.0,5.122664170896451,6.014809882803246e-14,6.014809882803246e-14
0.15065,6950.347705315769,0.0,0.0,5.122759317604621,6.01486245150948e-14,6.01486245150948e-14
0.1507,6950.400532554298,0.0,0.0,5.122853785533266,6.014909400622614e-14,6.014909400622614e-14
0.15075,6950.448818288555,0.0,0.0,5.122947400944968,6.014954338374703e-14,6.014954338374703e-14
0.15080000000000002,6950.492464322505,0.0,0.0,5.123040048815629,6.014993393340985e-14,6.014993393340985e-14
0.15085,6950.531436054343,0.0,0.0,5.123131600738502,6.015030260852849e-14,6.015030260852849e-14
0.1509,6950.565654033944,0.0,0.0,5.123221903453492,6.015061357257637e-14,6.015061357257637e-14
0.15095,6950.595090103875,0.0,0.0,5.123310870151363,6.015089819372603e-14,6.015089819372603e-14
0.151,6950.619686097438,0.0,0.0,5.123398317225791,6.01511287050388e-14,6.01511287050388e-14
0.15105000000000002,6950.639419595454,0.0,0.0,5.123484190690245,6.015132717912181e-14,6.015132717912181e-14
0.1511,6950.6542536540765,0.0,0.0,5.123568288528336,6.015147597148272e-14,6.015147597148272e-14
0.15115,6950.664173230409,0.0,0.0,5.12365057808159,6.015158751696386e-14,6.015158751696386e-14
0.1512,6950.669160400026,0.0,0.0,5.123730852319396,6.015165304735353e-14,6.015165304735353e-14
0.15125,6950.669210709063,0.0,0.0,5.1238090875608995,6.01516780196645e-14,6.01516780196645e-14
0.15130000000000002,6950.664321673861,0.0,0.0,5.123885085475011,6.015165868674105e-14,6.015165868674105e-14
0.15135,6950.654503446266,0.0,0.0,5.1239588196073775,6.015159831114116e-14,6.015159831114116e-14
0.1514,6950.639765001854,0.0,0.0,5.124030111902992,6.015149280395238e-14,6.015149280395238e-14
0.15145,6950.620134774056,0.0,0.0,5.124098924672563,6.015134880618404e-14,6.015134880618404e-14
0.1515,6950.59562987926,0.0,0.0,5.124165107946388,6.01511564750212e-14,6.01511564750212e-14
0.15155000000000002,6950.5662994439535,0.0,0.0,5.124228607930406,6.015093069531241e-14,6.015093069531241e-14
0.1516,6950.53216702427,0.0,0.0,5.124289306795777,6.015065192173284e-14,6.015065192173284e-14
0.15165,6950.493302616392,0.0,0.0,5.124347133879535,6.015034601505779e-14,6.015034601505779e-14
0.1517,6950.449736787846,0.0,0.0,5.124402003067368,6.014998239446734e-14,6.014998239446734e-14
0.15175,6950.401558206279,0.0,0.0,5.124453830185086,6.014959766397432e-14,6.014959766397432e-14
0.15180000000000002,6950.348807174952,0.0,0.0,5.12450255688757,6.014915214829728e-14,6.014915214829728e-14
0.15185,6950.2915865495415,0.0,0.0,5.12454809156839,6.014868948318479e-14,6.014868948318479e-14
0.1519,6950.229951054211,0.0,0.0,5.124590397472432,6.014816621584217e-14,6.014816621584217e-14
0.15195,6950.16401157929,0.0,0.0,5.124629383159667,6.014762636048647e-14,6.014762636048647e-14
0.152,6950.093842954009,0.0,0.0,5.124665026404061,6.01470304156455e-14,6.01470304156455e-14
0.15205000000000002,6950.019557275808,0.0,0.0,5.1246972435515685,6.014641416354383e-14,6.014641416354383e-14
0.1521,6949.941255108758,0.0,0.0,5.124726020418285,6.014575118938964e-14,6.014575118938964e-14
0.15215,6949.859043700736,0.0,0.0,5.124751287395214,6.014505991751462e-14,6.014505991751462e-14
0.1522,6949.773053250576,0.0,0.0,5.124773033764474,6.014433554881153e-14,6.014433554881153e-14
0.15225,6949.6833820624115,0.0,0.0,5.124791207706877,6.014357158797608e-14,6.014357158797608e-14
0.15230000000000002,6949.5901917104775,0.0,0.0,5.124805800021324,6.01427911486254e-14,6.01427911486254e-14
0.15235,6949.493569923805,0.0,0.0,5.124816777645174,6.01419581517895e-14,6.01419581517895e-14
0.1524,6949.393707843715,0.0,0.0,5.124824133612629,6.014112613411139e-14,6.014112613411139e-14
0.15245,6949.290685143214,0.0,0.0,5.124827851845379,6.014022938554951e-14,6.014022938554951e-14
0.1525,6949.18471676598,0.0,0.0,5.124827930728491,6.013934939814113e-14,6.013934939814113e-14
0.15255000000000002,6949.07587972958,0.0,0.0,5.124824367338301,6.013839570308958e-14,6.013839570308958e-14
0.1526,6948.964404502907,0.0,0.0,5.124817169897302,6.013747039903456e-14,6.013747039903456e-14
0.15265,6948.850373631373,0.0,0.0,5.12480634389978,6.013646809288339e-14,6.013646809288339e-14
0.1527,6948.7340217232495,0.0,0.0,5.124791912076211,6.013549941614016e-14,6.013549941614016e-14
0.15275,6948.615447153405,0.0,0.0,5.1247738839655055,6.01344577385702e-14,6.01344577385702e-14
0.15280000000000002,6948.494876710966,0.0,0.0,5.124752300341557,6.013344744660031e-14,6.013344744660031e-14
0.15285,6948.372434227655,0.0,0.0,5.1247271719864385,6.013237618797444e-14,6.013237618797444e-14
0.1529,6948.248327658773,0.0,0.0,5.124698559117105,6.013132618996531e-14,6.013132618996531e-14
0.15295,6948.122714562153,0.0,0.0,5.124666473364453,6.013023492721948e-14,6.013023492721948e-14
0.153,6947.995775295909,0.0,0.0,5.124630992971131,6.012914817337873e-14,6.012914817337873e-14
0.15305000000000002,6947.867705972868,0.0,0.0,5.124592132856793,6.012804560167758e-14,6.012804560167758e-14
0.1531,6947.738654618308,0.0,0.0,5.124549984965439,6.012692631337551e-14,6.012692631337551e-14
0.15315,6947.608856304834,0.0,0.0,5.124504572574666,6.012581991020327e-14,6.012581991020327e-14
0.1532,6947.47842696711,0.0,0.0,5.124455994591852,6.012467416229404e-14,6.012467416229404e-14
0.15325,6947.34763542733,0.0,0.0,5.124404289474692,6.012356954578264e-14,6.012356954578264e-14
0.15330000000000002,6947.216571143721,0.0,0.0,5.124349555201114,6.012240535387276e-14,6.012240535387276e-14
0.15335000000000001,6947.085527067688,0.0,0.0,5.124291852640038,6.012130653361277e-14,6.012130653361277e-14
0.1534,6946.954575561724,0.0,0.0,5.124231270954561,6.012013361291374e-14,6.012013361291374e-14
0.15345,6946.824019938569,0.0,0.0,5.124167899911701,6.011904290807585e-14,6.011904290807585e-14
0.1535,6946.693929268851,0.0,0.0,5.124101813586826,6.011787250011764e-14,6.011787250011764e-14
0.15355000000000002,6946.564600291805,0.0,0.0,5.124033134355748,6.011679116303216e-14,6.011679116303216e-14
0.15360000000000001,6946.436113300995,0.0,0.0,5.123961918293069,6.011563509107966e-14,6.011563509107966e-14
0.15365,6946.308742538908,0.0,0.0,5.123888320490093,6.011456391476841e-14,6.011456391476841e-14
0.1537,6946.1825930346085,0.0,0.0,5.123812379698627,6.011343412943556e-14,6.011343412943556e-14
0.15375,6946.057901335777,0.0,0.0,5.1237342797441086,6.01123741020514e-14,6.01123741020514e-14
0.15380000000000002,6945.934808797532,0.0,0.0,5.1236540472689365,6.011128153974388e-14,6.011128153974388e-14
0.15385000000000001,6945.813503470758,0.0,0.0,5.12357188619853,6.011023483266382e-14,6.011023483266382e-14
0.1539,6945.694168602601,0.0,0.0,5.123487820223457,6.010918887590777e-14,6.010918887590777e-14
0.15395,6945.576938982898,0.0,0.0,5.123402061571481,6.010815908492615e-14,6.010815908492615e-14
0.154,6945.462039867714,0.0,0.0,5.123314642611696,6.010716693911556e-14,6.010716693911556e-14
0.15405000000000002,6945.349553854487,0.0,0.0,5.123225770049682,6.010615988829485e-14,6.010615988829485e-14
0.15410000000000001,6945.239741709006,0.0,0.0,5.123135497747467,6.010522611215739e-14,6.010522611215739e-14
0.15415,6945.132641721387,0.0,0.0,5.123044012924487,6.010424957680025e-14,6.010424957680025e-14
0.1542,6945.028537663837,0.0,0.0,5.122951402708224,6.010337646158832e-14,6.010337646158832e-14
0.15425,6944.927436795563,0.0,0.0,5.1228578228886565,6.010244009073404e-14,6.010244009073404e-14
0.15430000000000002,6944.829628463693,0.0,0.0,5.1227634024873065,6.010162755008765e-14,6.010162755008765e-14
0.15435000000000001,6944.7351062453945,0.0,0.0,5.122668258140826,6.01007423684324e-14,6.01007423684324e-14
0.1544,6944.644145561801,0.0,0.0,5.122572564345927,6.009998898238708e-14,6.009998898238708e-14
0.15445,6944.556744070595,0.0,0.0,5.122476396151719,6.009916632389974e-14,6.009916632389974e-14
0.1545,6944.473143943138,0.0,0.0,5.122379971632618,6.009846988700256e-14,6.009846988700256e-14
0.15455000000000002,6944.3933645854295,0.0,0.0,5.122283327811557,6.009772084788898e-14,6.009772084788898e-14
0.15460000000000002,6944.317597202213,0.0,0.0,5.122186717763826,6.009707936087362e-14,6.009707936087362e-14
0.15465,6944.245896260865,0.0,0.0,5.12209015065007,6.009641344631291e-14,6.009641344631291e-14
0.1547,6944.1783909180585,0.0,0.0,5.121993900448349,6.009582605569257e-14,6.009582605569257e-14
0.15475,6944.115177626314,0.0,0.0,5.121897962795327,6.009525073363245e-14,6.009525073363245e-14
0.15480000000000002,6944.056317815606,0.0,0.0,5.121802614985797,6.009471815463742e-14,6.009471815463742e-14
0.15485000000000002,6944.00195126303,0.0,0.0,5.12170785673302,6.009423800883073e-14,6.009423800883073e-14
0.1549,6943.952073645929,0.0,0.0,5.121613948598615,6.009376328334971e-14,6.009376328334971e-14
0.15495,6943.906860610331,0.0,0.0,5.12152091265469,6.009337987793232e-14,6.009337987793232e-14
0.155,6943.866252061275,0.0,0.0,5.121428974066292,6.009296796745267e-14,6.009296796745267e-14
0.15505000000000002,6943.83044619507,0.0,0.0,5.121338192793282,6.009268004568041e-14,6.009268004568041e-14
0.15510000000000002,6943.799342083125,0.0,0.0,5.121248743475698,6.009233793708681e-14,6.009233793708681e-14
0.15515,6943.773142326355,0.0,0.0,5.12116073513434,6.00921415700635e-14,6.00921415700635e-14
0.1552,6943.751724627688,0.0,0.0,5.1210742823750275,6.00918773499014e-14,6.00918773499014e-14
0.15525,6943.735275115875,0.0,0.0,5.1209895477188505,6.009176714745748e-14,6.009176714745748e-14
0.1553,6943.723670627257,0.0,0.0,5.12090658366395,6.00915891755604e-14,6.00915891755604e-14
0.15535000000000002,6943.717060231439,0.0,0.0,5.1208256029482015,6.009155871929234e-14,6.009155871929234e-14
0.1554,6943.715339191125,0.0,0.0,5.1207466019108,6.009147485125788e-14,6.009147485125788e-14
0.15545,6943.7186021114285,0.0,0.0,5.120669832341011,6.009151805456445e-14,6.009151805456445e-14
0.1555,6943.726777047404,0.0,0.0,5.120595247552279,6.009153428738833e-14,6.009153428738833e-14
0.15555,6943.739892503864,0.0,0.0,5.120523121197253,6.009164611808374e-14,6.009164611808374e-14
0.15560000000000002,6943.75791839213,0.0,0.0,5.120453382029449,6.00917662483771e-14,6.00917662483771e-14
0.15565,6943.780811394526,0.0,0.0,5.120386303551525,6.009194335878781e-14,6.009194335878781e-14
0.1557,6943.808584747586,0.0,0.0,5.120321812299502,6.009216804217734e-14,6.009216804217734e-14
0.15575,6943.841126815562,0.0,0.0,5.120260157936846,6.009240937127898e-14,6.009240937127898e-14
0.1558,6943.878487311256,0.0,0.0,5.120201286451828,6.009273623441012e-14,6.009273623441012e-14
0.15585000000000002,6943.920496075828,0.0,0.0,5.12014540224806,6.009304267047623e-14,6.009304267047623e-14
0.1559,6943.967227459585,0.0,0.0,5.1200924896885995,6.009346635276969e-14,6.009346635276969e-14
0.15595,6944.018468394731,0.0,0.0,5.120042690143142,6.009384079292933e-14,6.009384079292933e-14
0.156,6944.07429984301,0.0,0.0,5.11999603990362,6.009435344430424e-14,6.009435344430424e-14
0.15605,6944.134486232388,0.0,0.0,5.119952607073643,6.00947997337342e-14,6.00947997337342e-14
0.15610000000000002,6944.199095369633,0.0,0.0,5.119912484895823,6.009539202580324e-14,6.009539202580324e-14
0.15615,6944.267889446978,0.0,0.0,5.119875666539977,6.009591441130148e-14,6.009591441130148e-14
0.1562,6944.340904099691,0.0,0.0,5.1198422990291945,6.009657610814487e-14,6.009657610814487e-14
0.15625,6944.417918585905,0.0,0.0,5.11981230741,6.009717815041555e-14,6.009717815041555e-14
0.1563,6944.498919932874,0.0,0.0,5.119785880733487,6.009789954062039e-14,6.009789954062039e-14
0.15635000000000002,6944.583719410163,0.0,0.0,5.119762890978957,6.009858312731229e-14,6.009858312731229e-14
0.1564,6944.672244594683,0.0,0.0,5.119743550392615,6.009935547010864e-14,6.009935547010864e-14
0.15645,6944.764347864144,0.0,0.0,5.119727698965751,6.010012040852901e-14,6.010012040852901e-14
0.1565,6944.859893128283,0.0,0.0,5.119715548630868,6.010093681624246e-14,6.010093681624246e-14
0.15655,6944.958775563234,0.0,0.0,5.1197069316080395,6.01017799759984e-14,6.01017799759984e-14
0.15660000000000002,6945.060798799776,0.0,0.0,5.119702034958324,6.010263570801876e-14,6.010263570801876e-14
0.15665,6945.165896024498,0.0,0.0,5.119700706883419,6.010355133901156e-14,6.010355133901156e-14
0.1567,6945.27381972862,0.0,0.0,5.119703086646782,6.010444360735035e-14,6.010444360735035e-14
0.15675,6945.384530410816,0.0,0.0,5.119709059491748,6.010542327761634e-14,6.010542327761634e-14
0.1568,6945.497744929359,0.0,0.0,5.1197186987357535,6.010635119465927e-14,6.010635119465927e-14
0.15685000000000002,6945.613435336542,0.0,0.0,5.11973194085353,6.010738449920572e-14,6.010738449920572e-14
0.1569,6945.731300939161,0.0,0.0,5.119748783282762,6.010834810760545e-14,6.010834810760545e-14
0.15695,6945.851309060687,0.0,0.0,5.1197692198690365,6.010942344070284e-14,6.010942344070284e-14
0.157,6945.973159890228,0.0,0.0,5.119793170177502,6.011042326597405e-14,6.011042326597405e-14
0.15705,6946.096799289465,0.0,0.0,5.1198206831552735,6.011152856467971e-14,6.011152856467971e-14
0.15710000000000002,6946.221946068884,0.0,0.0,5.119851607961141,6.011256450925731e-14,6.011256450925731e-14
0.15715,6946.348511096424,0.0,0.0,5.119886037036703,6.011368838715538e-14,6.011368838715538e-14
0.1572,6946.476244595053,0.0,0.0,5.119923764731856,6.011475913947493e-14,6.011475913947493e-14
0.15725,6946.605014103957,0.0,0.0,5.119964909045803,6.011589128562904e-14,6.011589128562904e-14
0.1573,6946.734609291538,0.0,0.0,5.120009230438501,6.011699375720476e-14,6.011699375720476e-14
0.15735000000000002,6946.864851207651,0.0,0.0,5.1200568500968995,6.011812579396748e-14,6.011812579396748e-14
0.1574,6946.995570925482,0.0,0.0,5.120107518816774,6.011925464922303e-14,6.011925464922303e-14
0.15745,6947.126546286382,0.0,0.0,5.120161337249372,6.012038010021349e-14,6.012038010021349e-14
0.1575,6947.257645877931,0.0,0.0,5.120218070337611,6.012152805855504e-14,6.012152805855504e-14
0.15755,6947.388612816787,0.0,0.0,5.120277776548092,6.012264237109069e-14,6.012264237109069e-14
0.15760000000000002,6947.519344453858,0.0,0.0,5.120340255313509,6.012380016060611e-14,6.012380016060611e-14
0.15765,6947.649561957369,0.0,0.0,5.120405506425899,6.012490043245913e-14,6.012490043245913e-14
0.1577,6947.7791796875235,0.0,0.0,5.120473377817815,6.012605760246979e-14,6.012605760246979e-14
0.15775,6947.907911258604,0.0,0.0,5.120543801141688,6.012714182395601e-14,6.012714182395601e-14
0.1578,6948.035675311369,0.0,0.0,5.120616679581056,6.012828727007386e-14,6.012828727007386e-14
0.15785000000000002,6948.162193001782,0.0,0.0,5.120691875216763,6.012935393045119e-14,6.012935393045119e-14
0.1579,6948.28737474146,0.0,0.0,5.120769344431958,6.013047666141446e-14,6.013047666141446e-14
0.15795,6948.4109622826,0.0,0.0,5.120848887276526,6.013152384084808e-14,6.013152384084808e-14
0.158,6948.532848787698,0.0,0.0,5.120930503468285,6.013261374451046e-14,6.013261374451046e-14
0.15805,6948.652805897715,0.0,0.0,5.121013945007592,6.013363876405637e-14,6.013363876405637e-14
0.15810000000000002,6948.770703795918,0.0,0.0,5.121099239527784,6.013468698489359e-14,6.013468698489359e-14
0.15815,6948.886349768185,0.0,0.0,5.121186110277139,6.013568591975454e-14,6.013568591975454e-14
0.1582,6948.999589773269,0.0,0.0,5.121274592974611,6.013668538644283e-14,6.013668538644283e-14
0.15825,6949.110267245643,0.0,0.0,5.12136440401192,6.013765296714768e-14,6.013765296714768e-14
0.1583,6949.218207433945,0.0,0.0,5.121455567006853,6.013859825734266e-14,6.013859825734266e-14
0.15835000000000002,6949.32328663349,0.0,0.0,5.121547812264322,6.01395280477404e-14,6.01395280477404e-14
0.1584,6949.425315960572,0.0,0.0,5.121641133166366,6.014041540834616e-14,6.014041540834616e-14
0.15845,6949.524198268217,0.0,0.0,5.121735291749664,6.014129998207824e-14,6.014129998207824e-14
0.1585,6949.619739724116,0.0,0.0,5.121830237354106,6.014212687869698e-14,6.014212687869698e-14
0.15855,6949.711861622287,0.0,0.0,5.121925775987014,6.01429584873486e-14,6.01429584873486e-14
0.15860000000000002,6949.80037504885,0.0,0.0,5.122021805533943,6.014372313698922e-14,6.014372313698922e-14
0.15865,6949.885211561883,0.0,0.0,5.1221181814531125,6.014449407797372e-14,6.014449407797372e-14
0.1587,6949.9661964179895,0.0,0.0,5.122214749840473,6.014519503699851e-14,6.014519503699851e-14
0.15875,6950.043264509524,0.0,0.0,5.122311413936861,6.014589830187496e-14,6.014589830187496e-14
0.1588,6950.116262369981,0.0,0.0,5.122407974478837,6.014653389030798e-14,6.014653389030798e-14
0.15885000000000002,6950.185123738194,0.0,0.0,5.1225043748158585,6.014716355152255e-14,6.014716355152255e-14
0.1589,6950.249720917831,0.0,0.0,5.122600382127182,6.014773167996287e-14,6.014773167996287e-14
0.15895,6950.309984602843,0.0,0.0,5.122695967286459,6.014828313585677e-14,6.014828313585677e-14
0.159,6950.3658142795875,0.0,0.0,5.122790879833726,6.014878106852317e-14,6.014878106852317e-14
0.15905,6950.417138868827,0.0,0.0,5.122885102927949,6.014925118654558e-14,6.014925118654558e-14
0.15910000000000002,6950.463883471059,0.0,0.0,5.122978385320217,6.014967566358662e-14,6.014967566358662e-14
0.15915,6950.505978667522,0.0,0.0,5.123070707480379,6.01500625903152e-14,6.01500625903152e-14
0.1592,6950.543371838955,0.0,0.0,5.123161833303107,6.01504100372141e-14,6.01504100372141e-14
0.15925,6950.576000029003,0.0,0.0,5.12325172718649,6.01507130067999e-14,6.01507130067999e-14
0.1593,6950.603828352162,0.0,0.0,5.123340181270351,6.015097987560171e-14,6.015097987560171e-14
0.15935000000000002,6950.626805552945,0.0,0.0,5.123427134631045,6.015119879035406e-14,6.015119879035406e-14
0.15940000000000001,6950.644910130554,0.0,0.0,5.12351241581516,6.015138199220805e-14,6.015138199220805e-14
0.15945,6950.658106806039,0.0,0.0,5.123595934320241,6.015151707515233e-14,6.015151707515233e-14
0.1595,6950.666384296034,0.0,0.0,5.123677558302004,6.015161432140257e-14,6.015161432140257e-14
0.15955,6950.669725934781,0.0,0.0,5.123757168433234,6.01516657754763e-14,6.01516657754763e-14
0.15960000000000002,6950.668129288029,0.0,0.0,5.123834670534175,6.015167588909873e-14,6.015167588909873e-14
0.15965000000000001,6950.6615967418675,0.0,0.0,5.123909922010243,6.015164368799026e-14,6.015164368799026e-14
0.1597,6950.650135465832,0.0,0.0,5.123982860178768,6.015156672475136e-14,6.015156672475136e-14
0.15975,6950.633765118504,0.0,0.0,5.12405332815549,6.015145056162551e-14,6.015145056162551e-14
0.1598,6950.612505102838,0.0,0.0,5.124121285842324,6.015128778283685e-14,6.015128778283685e-14
0.15985000000000002,6950.586388846264,0.0,0.0,5.1241865728464004,6.015108719856124e-14,6.015108719856124e-14
0.15990000000000001,6950.555451790893,0.0,0.0,5.124249161854511,6.015084086667984e-14,6.015084086667984e-14
0.15995,6950.519736699952,0.0,0.0,5.124308899655456,6.015055549064011e-14,6.015055549064011e-14
0.16,6950.479299182192,0.0,0.0,5.124365762618816,6.015022856941293e-14,6.015022856941293e-14
0.16005,6950.434187025524,0.0,0.0,5.124419613977186,6.014985849648766e-14,6.014985849648766e-14
0.16010000000000002,6950.38447916117,0.0,0.0,5.124470426798454,6.014945422119619e-14,6.014945422119619e-14
0.16015000000000001,6950.330225454161,0.0,0.0,5.124518087047016,6.014900038057181e-14,6.014900038057181e-14
0.1602,6950.271529527218,0.0,0.0,5.124562560816958,6.014852193369999e-14,6.014852193369999e-14
0.16025,6950.20844223097,0.0,0.0,5.124603759659183,6.014798639925993e-14,6.014798639925993e-14
0.1603,6950.141090815088,0.0,0.0,5.124641642239299,6.014743654759524e-14,6.014743654759524e-14
0.16035000000000002,6950.069528805781,0.0,0.0,5.124676145263764,6.014682278731435e-14,6.014682278731435e-14
0.16040000000000001,6949.993902971224,0.0,0.0,5.124707222646633,6.014620377882206e-14,6.014620377882206e-14
0.16045,6949.914273730304,0.0,0.0,5.124734832900934,6.014551660543287e-14,6.014551660543287e-14
0.1605,6949.830801066948,0.0,0.0,5.124758930057565,6.014483016618168e-14,6.014483016618168e-14
0.16055,6949.743558369489,0.0,0.0,5.124779489499107,6.01440756882947e-14,6.01440756882947e-14
0.16060000000000002,6949.652710666594,0.0,0.0,5.124796471087354,6.014332320530752e-14,6.014332320530752e-14
0.16065000000000002,6949.558351639915,0.0,0.0,5.124809861762076,6.014250837785729e-14,6.014250837785729e-14
0.1607,6949.460642704477,0.0,0.0,5.124819632568778,6.0141691352385e-14,6.0141691352385e-14
0.16075,6949.359704678868,0.0,0.0,5.124825777591248,6.014082359244603e-14,6.014082359244603e-14
0.1608,6949.255687646781,0.0,0.0,5.124828282816093,6.013994395934201e-14,6.013994395934201e-14
0.16085000000000002,6949.148744789729,0.0,0.0,5.124827146991126,6.013903060108464e-14,6.013903060108464e-14
0.16090000000000002,6949.0390094318245,0.0,0.0,5.1248223724277455,6.013809137350732e-14,6.013809137350732e-14
0.16095,6948.926669212312,0.0,0.0,5.124813962510726,6.01371390913575e-14,6.01371390913575e-14
0.161,6948.811838633827,0.0,0.0,5.124801934636395,6.013614463227127e-14,6.013614463227127e-14
0.16105,6948.6947383198385,0.0,0.0,5.124786299226118,6.013515918380972e-14,6.013515918380972e-14
0.16110000000000002,6948.575465729977,0.0,0.0,5.124767085183052,6.013411553594617e-14,6.013411553594617e-14
0.16115000000000002,6948.45426851335,0.0,0.0,5.1247443142332125,6.013310135773468e-14,6.013310135773468e-14
0.1612,6948.331233329367,0.0,0.0,5.124718021736008,6.013201630399088e-14,6.013201630399088e-14
0.16125,6948.206625136419,0.0,0.0,5.124688245749949,6.013097669491117e-14,6.013097669491117e-14
0.1613,6948.080528758411,0.0,0.0,5.124655022743789,6.012985947009603e-14,6.012985947009603e-14
0.16135000000000002,6947.9532142893495,0.0,0.0,5.124618411758581,6.01287966873387e-14,6.01287966873387e-14
0.16140000000000002,6947.824776161879,0.0,0.0,5.124578445931124,6.012765772117647e-14,6.012765772117647e-14
0.16145,6947.695475444433,0.0,0.0,5.124535208185795,6.012657350509188e-14,6.012657350509188e-14
0.1615,6947.5654280213785,0.0,0.0,5.124488726177419,6.012542361372205e-14,6.012542361372205e-14
0.16155,6947.434872977927,0.0,0.0,5.124439106811907,6.012431979206054e-14,6.012431979206054e-14
0.16160000000000002,6947.303957468886,0.0,0.0,5.124386373003237,6.012316969488056e-14,6.012316969488056e-14
0.16165000000000002,6947.172887812018,0.0,0.0,5.1243306525733585,6.012204871357447e-14,6.012204871357447e-14
0.1617,6947.041849472479,0.0,0.0,5.124271967667916,6.012090814971757e-14,6.012090814971757e-14
0.16175,6946.9110092307355,0.0,0.0,5.1242104606256325,6.011977388566414e-14,6.011977388566414e-14
0.1618,6946.780592751656,0.0,0.0,5.124146159726529,6.011865109553818e-14,6.011865109553818e-14
0.16185000000000002,6946.650725986186,0.0,0.0,5.124079212918986,6.011750902897374e-14,6.011750902897374e-14
0.16190000000000002,6946.521671307319,0.0,0.0,5.124009663360097,6.011641039927193e-14,6.011641039927193e-14
0.16195,6946.393518055622,0.0,0.0,5.123937654396492,6.011526808224971e-14,6.011526808224971e-14
0.162,6946.2665561193535,0.0,0.0,5.123863253240988,6.011419781193563e-14,6.011419781193563e-14
0.16205,6946.140847800665,0.0,0.0,5.123786588790769,6.01130646260162e-14,6.01130646260162e-14
0.1621,6946.016696896454,0.0,0.0,5.123707760228657,6.011202514899295e-14,6.011202514899295e-14
0.16215000000000002,6945.8941519702585,0.0,0.0,5.123626874056677,6.011091196821832e-14,6.011091196821832e-14
0.1622,6945.773513705573,0.0,0.0,5.123544066569344,6.010990408918324e-14,6.010990408918324e-14
0.16225,6945.654833034555,0.0,0.0,5.1234594175515955,6.010882276896657e-14,6.010882276896657e-14
0.1623,6945.538389417216,0.0,0.0,5.123373101088476,6.010784654702817e-14,6.010784654702817e-14
0.16235,6945.424251410127,0.0,0.0,5.123285170623155,6.010680890734171e-14,6.010680890734171e-14
0.16240000000000002,6945.312661114794,0.0,0.0,5.123195833998567,6.010586430427414e-14,6.010586430427414e-14
0.16245,6945.20371792158,0.0,0.0,5.123105123371943,6.010488153470415e-14,6.010488153470415e-14
0.1625,6945.097613096166,0.0,0.0,5.123013271351434,6.010396922525841e-14,6.010396922525841e-14
0.16255,6944.9944857745995,0.0,0.0,5.1229202987719455,6.010305077929365e-14,6.010305077929365e-14
0.1626,6944.894469187666,0.0,0.0,5.12282644969983,6.010217295681231e-14,6.010217295681231e-14
0.16265000000000002,6944.797744295514,0.0,0.0,5.122731746780642,6.010132614143053e-14,6.010132614143053e-14
0.1627,6944.704385460736,0.0,0.0,5.122636430028262,6.010048676443266e-14,6.010048676443266e-14
0.16275,6944.614611644465,0.0,0.0,5.122540538495573,6.009971619884694e-14,6.009971619884694e-14
0.1628,6944.528444047555,0.0,0.0,5.122444291908737,6.009892148494053e-14,6.009892148494053e-14
0.16285,6944.446128811552,0.0,0.0,5.122347759835825,6.009822903305096e-14,6.009822903305096e-14
0.16290000000000002,6944.367646288225,0.0,0.0,5.122251127372599,6.009748697343605e-14,6.009748697343605e-14
0.16295,6944.293253811714,0.0,0.0,5.122154505571864,6.009687217502031e-14,6.009687217502031e-14
0.163,6944.222907369102,0.0,0.0,5.122058034601089,6.009619231255629e-14,6.009619231255629e-14
0.16305,6944.156856138011,0.0,0.0,5.121961873066952,6.009565265420577e-14,6.009565265420577e-14
0.1631,6944.09505069312,0.0,0.0,5.121866111654313,6.009504522955011e-14,6.009504522955011e-14
0.16315000000000002,6944.037712028647,0.0,0.0,5.121770956249418,6.0094577298636e-14,6.0094577298636e-14
0.1632,6943.984803520861,0.0,0.0,5.121676450056953,6.009405226491326e-14,6.009405226491326e-14
0.16325,6943.936499681134,0.0,0.0,5.121582839362636,6.009365234552653e-14,6.009365234552653e-14
0.1633,6943.892792537187,0.0,0.0,5.121490128629887,6.009321863881957e-14,6.009321863881957e-14
0.16335,6943.853795902257,0.0,0.0,5.121398591039574,6.00928838052457e-14,6.00928838052457e-14
0.16340000000000002,6943.819540416302,0.0,0.0,5.121308206949572,6.009254816822038e-14,6.009254816822038e-14
0.16345,6943.7900719855525,0.0,0.0,5.121219258362996,6.009227698403387e-14,6.009227698403387e-14
0.1635,6943.765463313341,0.0,0.0,5.121131719553909,6.009204363803698e-14,6.009204363803698e-14
0.16355,6943.745691484013,0.0,0.0,5.121045860710574,6.009183654990746e-14,6.009183654990746e-14
0.1636,6943.7308678434065,0.0,0.0,5.120961669822684,6.009170656881553e-14,6.009170656881553e-14
0.16365000000000002,6943.720907880137,0.0,0.0,5.120879384378854,6.00915662825305e-14,6.00915662825305e-14
0.1637,6943.715950304549,0.0,0.0,5.120799024180205,6.009153778092588e-14,6.009153778092588e-14
0.16375,6943.715862626769,0.0,0.0,5.120720776590651,6.009146875965315e-14,6.009146875965315e-14
0.1638,6943.720795080878,0.0,0.0,5.120644706936758,6.009153720126447e-14,6.009153720126447e-14
0.16385,6943.730584951161,0.0,0.0,5.120570940163112,6.00915454691787e-14,6.00915454691787e-14
0.16390000000000002,6943.745374356682,0.0,0.0,5.120499594765861,6.009170422442642e-14,6.009170422442642e-14
0.16395,6943.764990970704,0.0,0.0,5.120430728322918,6.009179628229278e-14,6.009179628229278e-14
0.164,6943.789548513768,0.0,0.0,5.120364512072699,6.009203775865314e-14,6.009203775865314e-14
0.16405,6943.818884624652,0.0,0.0,5.120300939539936,6.009221982353588e-14,6.009221982353588e-14
0.1641,6943.853066568052,0.0,0.0,5.120240226313238,6.009253608346992e-14,6.009253608346992e-14
0.16415000000000002,6943.8919585777285,0.0,0.0,5.120182312979957,6.009281313833381e-14,6.009281313833381e-14
0.1642,6943.935567880012,0.0,0.0,5.120127443820017,6.009319716663333e-14,6.009319716663333e-14
0.16425,6943.983796249119,0.0,0.0,5.120075524034542,6.009357195671605e-14,6.009357195671605e-14
0.1643,6944.036583716764,0.0,0.0,5.120026805787118,6.009401815220909e-14,6.009401815220909e-14
0.16435,6944.0938741945665,0.0,0.0,5.119981180574978,6.009449088705909e-14,6.009449088705909e-14
0.16440000000000002,6944.155540339629,0.0,0.0,5.119938884724209,6.00949956327511e-14,6.00949956327511e-14
0.16445,6944.221565109806,0.0,0.0,5.119899819141043,6.009556337930312e-14,6.009556337930312e-14
0.1645,6944.291761579809,0.0,0.0,5.119864181316192,6.009612523171246e-14,6.009612523171246e-14
0.16455,6944.3661419967275,0.0,0.0,5.119831902191151,6.009678228171165e-14,6.009678228171165e-14
0.1646,6944.444472974248,0.0,0.0,5.119803121182651,6.009740156374564e-14,6.009740156374564e-14
0.16465000000000002,6944.526781660255,0.0,0.0,5.119777815412233,6.009813965642107e-14,6.009813965642107e-14
0.1647,6944.612806173198,0.0,0.0,5.119756052804665,6.009881819080657e-14,6.009881819080657e-14
0.16475,6944.7025702027995,0.0,0.0,5.119737865450399,6.009962728409653e-14,6.009962728409653e-14
0.1648,6944.795803350236,0.0,0.0,5.119723245063084,6.010036733639611e-14,6.010036733639611e-14
0.16485,6944.892507846452,0.0,0.0,5.1197122786921,6.010123653765468e-14,6.010123653765468e-14
0.16490000000000002,6944.992423403817,0.0,0.0,5.119704885634255,6.010204021326653e-14,6.010204021326653e-14
0.16495,6945.0955145669805,0.0,0.0,5.119701199710241,6.010295853012183e-14,6.010295853012183e-14
0.165,6945.201547334203,0.0,0.0,5.119701079940688,6.010382672260806e-14,6.010382672260806e-14
0.16505,6945.310436536095,0.0,0.0,5.11970469082347,6.01047841967927e-14,6.01047841967927e-14
0.1651,6945.42198505697,0.0,0.0,5.119711850166951,6.01057159285352e-14,6.01057159285352e-14
0.16515000000000002,6945.536052172529,0.0,0.0,5.119722731767902,6.010670400022687e-14,6.010670400022687e-14
0.1652,6945.652482188101,0.0,0.0,5.11973713526999,6.010769603436e-14,6.010769603436e-14
0.16525,6945.771079370068,0.0,0.0,5.119755219863957,6.010870819832774e-14,6.010870819832774e-14
0.1653,6945.891727308675,0.0,0.0,5.1197767911376975,6.01097546432901e-14,6.01097546432901e-14
0.16535,6946.014182354216,0.0,0.0,5.119801970609458,6.011078638605914e-14,6.011078638605914e-14
0.16540000000000002,6946.138359607447,0.0,0.0,5.119830591620557,6.011187912537507e-14,6.011187912537507e-14
0.16545,6946.263979567695,0.0,0.0,5.11986271864095,6.01129276874363e-14,6.01129276874363e-14
0.1655,6946.390976492904,0.0,0.0,5.119898229668643,6.011405655441856e-14,6.011405655441856e-14
0.16555,6946.519051140102,0.0,0.0,5.119937119321779,6.011512055914554e-14,6.011512055914554e-14
0.1656,6946.648142048613,0.0,0.0,5.119979319407295,6.011627419535545e-14,6.011627419535545e-14
0.16565000000000002,6946.777947102087,0.0,0.0,5.120024750239636,6.011735276090795e-14,6.011735276090795e-14
0.16570000000000001,6946.908394633347,0.0,0.0,5.120073398465704,6.011851932557824e-14,6.011851932557824e-14
0.16575,6947.039195836334,0.0,0.0,5.1201251138697685,6.011961155103252e-14,6.011961155103252e-14
0.1658,6947.170255647975,0.0,0.0,5.120179930522765,6.01207795088272e-14,6.01207795088272e-14
0.16585,6947.301312023452,0.0,0.0,5.120237640021822,6.012188355820946e-14,6.012188355820946e-14
0.16590000000000002,6947.432237673935,0.0,0.0,5.1202983089046334,6.012304250275534e-14,6.012304250275534e-14
0.16595000000000001,6947.562805745962,0.0,0.0,5.120361688980058,6.012415521488511e-14,6.012415521488511e-14
0.166,6947.692852686538,0.0,0.0,5.120427859758987,6.012529620769668e-14,6.012529620769668e-14
0.16605,6947.822190616094,0.0,0.0,5.120496555322323,6.012641269790747e-14,6.012641269790747e-14
0.1661,6947.950620775916,0.0,0.0,5.1205678461406485,6.012752875077367e-14,6.012752875077367e-14
0.16615000000000002,6948.07799249033,0.0,0.0,5.120641471629551,6.012864233152859e-14,6.012864233152859e-14
0.16620000000000001,6948.204078082267,0.0,0.0,5.120717472201728,6.012972820163236e-14,6.012972820163236e-14
0.16625,6948.328757940942,0.0,0.0,5.120795613135228,6.013083071431491e-14,6.013083071431491e-14
0.1663,6948.451785326808,0.0,0.0,5.120875887583916,6.013188278200571e-14,6.013188278200571e-14
0.16635,6948.573062441644,0.0,0.0,5.120958102373376,6.013296484803028e-14,6.013296484803028e-14
0.16640000000000002,6948.69233574128,0.0,0.0,5.121042192253922,6.013398062457627e-14,6.013398062457627e-14
0.16645000000000001,6948.8095186063765,0.0,0.0,5.121128014414064,6.013503242467358e-14,6.013503242467358e-14
0.1665,6948.92436321169,0.0,0.0,5.1212154414123185,6.013600993242516e-14,6.013600993242516e-14
0.16655,6949.036783845037,0.0,0.0,5.121304382140884,6.01370216990898e-14,6.01370216990898e-14
0.1666,6949.146549934276,0.0,0.0,5.121394650916661,6.013795902237457e-14,6.013795902237457e-14
0.16665000000000002,6949.253568200019,0.0,0.0,5.121486201976542,6.013892172837553e-14,6.013892172837553e-14
0.16670000000000001,6949.357633944832,0.0,0.0,5.121578802503658,6.013981636971524e-14,6.013981636971524e-14
0.16675,6949.458641278712,0.0,0.0,5.12167243976164,6.0140722208034e-14,6.0140722208034e-14
0.1668,6949.556416509436,0.0,0.0,5.121766849772087,6.014157089203301e-14,6.014157089203301e-14
0.16685,6949.650839369434,0.0,0.0,5.121862036473809,6.014241352075092e-14,6.014241352075092e-14
0.16690000000000002,6949.741768686715,0.0,0.0,5.12195772395406,6.01432119602898e-14,6.01432119602898e-14
0.16695000000000002,6949.829071911238,0.0,0.0,5.122053914610971,6.014398668082294e-14,6.014398668082294e-14
0.167,6949.912638095835,0.0,0.0,5.122150339925402,6.014472971438713e-14,6.014472971438713e-14
0.16705,6949.992327471792,0.0,0.0,5.122246984021404,6.014543323684932e-14,6.014543323684932e-14
0.1671,6950.0680547180555,0.0,0.0,5.12234360265756,6.014611509583424e-14,6.014611509583424e-14
0.16715000000000002,6950.13967965951,0.0,0.0,5.122440148143661,6.01467453462119e-14,6.01467453462119e-14
0.16720000000000002,6950.207136451876,0.0,0.0,5.122536413264603,6.014736001888588e-14,6.014736001888588e-14
0.16725,6950.270292154245,0.0,0.0,5.1226323101943745,6.014791565973257e-14,6.014791565973257e-14
0.1673,6950.329094150037,0.0,0.0,5.122727675535729,6.014845742982125e-14,6.014845742982125e-14
0.16735,6950.383423585395,0.0,0.0,5.122822379164189,6.014893746886382e-14,6.014893746886382e-14
0.16740000000000002,6950.433235955347,0.0,0.0,5.122916302189935,6.014940127829963e-14,6.014940127829963e-14
0.16745000000000002,6950.478431706283,0.0,0.0,5.123009276018835,6.014980469924628e-14,6.014980469924628e-14
0.1675,6950.518971240702,0.0,0.0,5.123101221188121,6.015018657018662e-14,6.015018657018662e-14
0.16755,6950.554777111223,0.0,0.0,5.12319193963641,6.015051204184547e-14,6.015051204184547e-14
0.1676,6950.585813812253,0.0,0.0,5.123281381862268,6.015080924023615e-14,6.015080924023615e-14
0.16765000000000002,6950.612026334522,0.0,0.0,5.123369332884739,6.015105507212728e-14,6.015105507212728e-14
0.16770000000000002,6950.633384667659,0.0,0.0,5.123455760918301,6.015126615247465e-14,6.015126615247465e-14
0.16775,6950.649854342723,0.0,0.0,5.1235404483358025,6.015143033246665e-14,6.015143033246665e-14
0.1678,6950.661414029209,0.0,0.0,5.123623368309975,6.015155500770368e-14,6.015155500770368e-14
0.16785,6950.6680464387455,0.0,0.0,5.123704314129061,6.015163546027861e-14,6.015163546027861e-14
0.16790000000000002,6950.669742883762,0.0,0.0,5.123783252649714,6.015167431574403e-14,6.015167431574403e-14
0.16795000000000002,6950.666499448878,0.0,0.0,5.123859999490206,6.01516692213693e-14,6.01516692213693e-14
0.168,6950.658323861907,0.0,0.0,5.123934506724039,6.015162337631911e-14,6.015162337631911e-14
0.16805,6950.645222320488,0.0,0.0,5.12400662000556,6.015153154276886e-14,6.015153154276886e-14
0.1681,6950.627221545508,0.0,0.0,5.124076272405109,6.015140229265438e-14,6.015140229265438e-14
0.16815000000000002,6950.604336015177,0.0,0.0,5.124143342875411,6.015122347800456e-14,6.015122347800456e-14
0.16820000000000002,6950.576612125559,0.0,0.0,5.124207745451896,6.01510119991311e-14,6.01510119991311e-14
0.16825,6950.544072799958,0.0,0.0,5.124269391559895,6.015074714963901e-14,6.015074714963901e-14
0.1683,6950.5067824916705,0.0,0.0,5.124328180041806,6.015045433929726e-14,6.015045433929726e-14
0.16835,6950.464774830844,0.0,0.0,5.124384050331122,6.015010563715042e-14,6.015010563715042e-14
0.16840000000000002,6950.4181286525,0.0,0.0,5.12443689284666,6.014973211122135e-14,6.014973211122135e-14
0.16845000000000002,6950.3668922246325,0.0,0.0,5.124486668333975,6.014930291468002e-14,6.014930291468002e-14
0.1685,6950.311153546149,0.0,0.0,5.124533266948638,6.014884914338644e-14,6.014884914338644e-14
0.16855,6950.2509804100155,0.0,0.0,5.124576663265804,6.014834369871457e-14,6.014834369871457e-14
0.1686,6950.186464246337,0.0,0.0,5.124616755291097,6.014781035305742e-14,6.014781035305742e-14
0.16865,6950.117697045604,0.0,0.0,5.12465352465237,6.014723343814799e-14,6.014723343814799e-14
0.16870000000000002,6950.044768492559,0.0,0.0,5.124686883851806,6.014662170814117e-14,6.014662170814117e-14
0.16875,6949.9677982283565,0.0,0.0,5.124716816664712,6.014597822040422e-14,6.014597822040422e-14
0.1688,6949.886870759753,0.0,0.0,5.124743254345848,6.014529027754362e-14,6.014529027754362e-14
0.16885,6949.802134325371,0.0,0.0,5.124766180541494,6.014458477528373e-14,6.014458477528373e-14
0.1689,6949.7136675021,0.0,0.0,5.124785546578869,6.01438240548596e-14,6.01438240548596e-14
0.16895000000000002,6949.621645221244,0.0,0.0,5.124801336500029,6.014306052347527e-14,6.014306052347527e-14
0.169,6949.526142224029,0.0,0.0,5.12481352031728,6.014223193411509e-14,6.014223193411509e-14
0.16905,6949.427354946816,0.0,0.0,5.124822085297842,6.014141353702363e-14,6.014141353702363e-14
0.1691,6949.325359681523,0.0,0.0,5.12482701668455,6.01405234983862e-14,6.01405234983862e-14
0.16915,6949.2203661983895,0.0,0.0,5.124828309288838,6.013965270209054e-14,6.013965270209054e-14
0.16920000000000002,6949.112459826284,0.0,0.0,5.124825959107532,6.013870888097824e-14,6.013870888097824e-14
0.16925,6949.001853870394,0.0,0.0,5.124819973087049,6.013778762627028e-14,6.013778762627028e-14
0.1693,6948.888651441044,0.0,0.0,5.124810353730648,6.013679866184276e-14,6.013679866184276e-14
0.16935,6948.773058648687,0.0,0.0,5.12479712377784,6.013582878625004e-14,6.013582878625004e-14
0.1694,6948.6552050227565,0.0,0.0,5.1247802893588155,6.013480363870783e-14,6.013480363870783e-14
0.16945000000000002,6948.535279923239,0.0,0.0,5.124759890705017,6.013378742742305e-14,6.013378742742305e-14
0.1695,6948.413445864148,0.0,0.0,5.124735936891413,6.013273490707707e-14,6.013273490707707e-14
0.16955,6948.28986833695,0.0,0.0,5.1247084847924045,6.013167551925437e-14,6.013167551925437e-14
0.1696,6948.164746369348,0.0,0.0,5.124677548300881,6.013060364107009e-14,6.013060364107009e-14
0.16965,6948.038218211146,0.0,0.0,5.12464319743466,6.012950572472138e-14,6.012950572472138e-14
0.16970000000000002,6947.9105184983555,0.0,0.0,5.124605455123916,6.012842125226914e-14,6.012842125226914e-14
0.16975,6947.781759385602,0.0,0.0,5.124564398901434,6.01272910871459e-14,6.01272910871459e-14
0.1698,6947.652205724475,0.0,0.0,5.124520066556543,6.012619934261296e-14,6.012619934261296e-14
0.16985,6947.521949257118,0.0,0.0,5.124472536307195,6.012504505134489e-14,6.012504505134489e-14
0.1699,6947.3912749867095,0.0,0.0,5.124421867063131,6.012394973718751e-14,6.012394973718751e-14
0.16995000000000002,6947.2602641104995,0.0,0.0,5.124368131102829,6.012278105636047e-14,6.012278105636047e-14
0.17,6947.129208528174,0.0,0.0,5.124311413700874,6.012168465411171e-14,6.012168465411171e-14
0.17005,6946.998191000613,0.0,0.0,5.124251776076607,6.012051248947795e-14,6.012051248947795e-14
0.1701,6946.867495239768,0.0,0.0,5.1241893329360595,6.011941654513317e-14,6.011941654513317e-14
0.17015,6946.737219057782,0.0,0.0,5.124124132050314,6.011825245393866e-14,6.011825245393866e-14
0.17020000000000002,6946.6076226783025,0.0,0.0,5.124056317176735,6.011715831974165e-14,6.011715831974165e-14
0.17025,6946.478830972915,0.0,0.0,5.1239859239545735,6.011601360697802e-14,6.011601360697802e-14
0.1703,6946.351068141652,0.0,0.0,5.12391312099052,6.011492308413468e-14,6.011492308413468e-14
0.17035,6946.224494924456,0.0,0.0,5.1238379367404825,6.01138082299974e-14,6.01138082299974e-14
0.1704,6946.099290483935,0.0,0.0,5.123760556799594,6.011272420044403e-14,6.011272420044403e-14
0.17045000000000002,6945.975655825566,0.0,0.0,5.123681010832253,6.011164799988617e-14,6.011164799988617e-14
0.1705,6945.853721738873,0.0,0.0,5.123599490491676,6.011057507185686e-14,6.011057507185686e-14
0.17055,6945.733727629591,0.0,0.0,5.123516037250881,6.010954428550963e-14,6.010954428550963e-14
0.1706,6945.615758646013,0.0,0.0,5.123430836479838,6.01084888910505e-14,6.01084888910505e-14
0.17065,6945.500085103151,0.0,0.0,5.123343952617761,6.0107507975049e-14,6.0107507975049e-14
0.17070000000000002,6945.386754906772,0.0,0.0,5.123255552591234,6.010647860163949e-14,6.010647860163949e-14
0.17075,6945.276056227001,0.0,0.0,5.123165733751558,6.010554972247053e-14,6.010554972247053e-14
0.1708,6945.168013055345,0.0,0.0,5.123074634615361,6.010455640708445e-14,6.010455640708445e-14
0.17085,6945.062914686595,0.0,0.0,5.122982392251657,6.010367998993531e-14,6.010367998993531e-14
0.1709,6944.9607772992185,0.0,0.0,5.122889110608853,6.01027338585492e-14,6.01027338585492e-14
0.17095000000000002,6944.861872590741,0.0,0.0,5.122794968727226,6.010190898477918e-14,6.010190898477918e-14
0.171,6944.766226043075,0.0,0.0,5.1227000350189,6.010102146011875e-14,6.010102146011875e-14
0.17105,6944.674073801906,0.0,0.0,5.1226045271095035,6.010024689015987e-14,6.010024689015987e-14
0.1711,6944.5854654859395,0.0,0.0,5.122508482494395,6.009942869769033e-14,6.009942869769033e-14
0.17115,6944.500586947105,0.0,0.0,5.1224121486259655,6.009870353040394e-14,6.009870353040394e-14
0.17120000000000002,6944.41952324898,0.0,0.0,5.122315541871118,6.009796401897177e-14,6.009796401897177e-14
0.17125,6944.342399803902,0.0,0.0,5.1222189257572355,6.009728854437096e-14,6.009728854437096e-14
0.1713,6944.269342396732,0.0,0.0,5.1221223096830215,6.009663473252734e-14,6.009663473252734e-14
0.17135,6944.20041308504,0.0,0.0,5.122025956258,6.009601101326525e-14,6.009601101326525e-14
0.1714,6944.1357766601295,0.0,0.0,5.121929884007008,6.009544733238077e-14,6.009544733238077e-14
0.17145000000000002,6944.075435372391,0.0,0.0,5.121834336729496,6.009487937739661e-14,6.009487937739661e-14
0.1715,6944.019585075343,0.0,0.0,5.1217393582024915,6.009440732984507e-14,6.009440732984507e-14
0.17155,6943.968178540704,0.0,0.0,5.121645156619798,6.009390124498516e-14,6.009390124498516e-14
0.1716,6943.921428238976,0.0,0.0,5.121551814574679,6.00935196718091e-14,6.00935196718091e-14
0.17165,6943.879253196118,0.0,0.0,5.121459491855751,6.009308303136327e-14,6.009308303136327e-14
0.17170000000000002,6943.841864384791,0.0,0.0,5.12136831847223,6.009278863540547e-14,6.009278863540547e-14
0.17175,6943.809165579989,0.0,0.0,5.121278398661281,6.009243005474944e-14,6.009243005474944e-14
0.1718,6943.781346242631,0.0,0.0,5.121189912154672,6.009221800466713e-14,6.009221800466713e-14
0.17185,6943.758314257604,0.0,0.0,5.121102907479293,6.009194609938817e-14,6.009194609938817e-14
0.1719,6943.7402185834935,0.0,0.0,5.121017609106317,6.009181116229381e-14,6.009181116229381e-14
0.17195000000000002,6943.726988184169,0.0,0.0,5.120934016911107,6.00916336608488e-14,6.00916336608488e-14
0.17200000000000001,6943.7187159822215,0.0,0.0,5.120852388278264,6.009157085722092e-14,6.009157085722092e-14
0.17205,6943.715364853028,0.0,0.0,5.120772688004567,6.009149378365184e-14,6.009149378365184e-14
0.1721,6943.716961729122,0.0,0.0,5.120695188729731,6.009149941867503e-14,6.009149941867503e-14
0.17215,6943.723509548427,0.0,0.0,5.12061983851218,6.009152619904932e-14,6.009152619904932e-14
0.17220000000000002,6943.734966547391,0.0,0.0,5.120546904302944,6.009159831367629e-14,6.009159831367629e-14
0.17225000000000001,6943.751375133633,0.0,0.0,5.120476337833993,6.009172957846755e-14,6.009172957846755e-14
0.1723,6943.772628918138,0.0,0.0,5.120408378491155,6.009186823900797e-14,6.009186823900797e-14
0.17235,6943.798802107053,0.0,0.0,5.120343001815451,6.009210148791893e-14,6.009210148791893e-14
0.1724,6943.8297351844885,0.0,0.0,5.120280399841171,6.009230880127505e-14,6.009230880127505e-14
0.17245000000000002,6943.865520185852,0.0,0.0,5.120220588242015,6.009263885144477e-14,6.009263885144477e-14
0.17250000000000001,6943.905960722007,0.0,0.0,5.120163697082451,6.009291837662551e-14,6.009291837662551e-14
0.17255,6943.951149332314,0.0,0.0,5.120109792676621,6.009333781885303e-14,6.009333781885303e-14
0.1726,6944.000872037238,0.0,0.0,5.120058935124148,6.00936941070054e-14,6.00936941070054e-14
0.17265,6944.055202360652,0.0,0.0,5.1200112443798025,6.009419412120395e-14,6.009419412120395e-14
0.17270000000000002,6944.11392873463,0.0,0.0,5.119966711016279,6.009463161673812e-14,6.009463161673812e-14
0.17275000000000001,6944.177087610681,0.0,0.0,5.119925503123769,6.009520299800576e-14,6.009520299800576e-14
0.1728,6944.244487128076,0.0,0.0,5.119887550355837,6.009572531693951e-14,6.009572531693951e-14
0.17285,6944.316112129121,0.0,0.0,5.11985305592601,6.009635920087426e-14,6.009635920087426e-14
0.1729,6944.391803634187,0.0,0.0,5.1198219042829916,6.009696819837781e-14,6.009696819837781e-14
0.17295000000000002,6944.47148580499,0.0,0.0,5.119794314501565,6.009765708986169e-14,6.009765708986169e-14
0.17300000000000001,6944.555039334928,0.0,0.0,5.119770146663646,6.009835220245066e-14,6.009835220245066e-14
0.17305,6944.642325464996,0.0,0.0,5.11974961292133,6.009909028969432e-14,6.009909028969432e-14
0.1731,6944.733264773832,0.0,0.0,5.119732572045333,6.009986832050163e-14,6.009986832050163e-14
0.17315,6944.827660140852,0.0,0.0,5.11971920577102,6.010065186828338e-14,6.010065186828338e-14
0.17320000000000002,6944.925465378917,0.0,0.0,5.119709393792497,6.010150675816667e-14,6.010150675816667e-14
0.17325000000000002,6945.0264361235695,0.0,0.0,5.119703266687429,6.010233395569718e-14,6.010233395569718e-14
0.1733,6945.130547513305,0.0,0.0,5.119700743135388,6.01032573188823e-14,6.01032573188823e-14
0.17335,6945.237523247526,0.0,0.0,5.119701887153222,6.010412781426161e-14,6.010412781426161e-14
0.1734,6945.347344407818,0.0,0.0,5.119706668340213,6.010510933958768e-14,6.010510933958768e-14
0.17345000000000002,6945.459721111258,0.0,0.0,5.119715076119394,6.010602372992615e-14,6.010602372992615e-14
0.17350000000000002,6945.574623337955,0.0,0.0,5.1197271346036155,6.010705208683512e-14,6.010705208683512e-14
0.17355,6945.691765825645,0.0,0.0,5.119742759506237,6.010801094257208e-14,6.010801094257208e-14
0.1736,6945.811092177984,0.0,0.0,5.11976202454436,6.010907461823042e-14,6.010907461823042e-14
0.17365,6945.932337613778,0.0,0.0,5.119784780704628,6.011007787618345e-14,6.011007787618345e-14
0.17370000000000002,6946.055406944256,0.0,0.0,5.11981113873246,6.011116595139418e-14,6.011116595139418e-14
0.17375000000000002,6946.180067937784,0.0,0.0,5.119840901298811,6.011221204040167e-14,6.011221204040167e-14
0.1738,6946.306179400271,0.0,0.0,5.119874197223679,6.011331500620552e-14,6.011331500620552e-14
0.17385,6946.433547790816,0.0,0.0,5.11991080222316,6.011440045255574e-14,6.011440045255574e-14
0.1739,6946.561984626792,0.0,0.0,5.11995084104026,6.011551047209e-14,6.011551047209e-14
0.17395000000000002,6946.691335589552,0.0,0.0,5.119994085732122,6.011662964776444e-14,6.011662964776444e-14
0.17400000000000002,6946.821369330918,0.0,0.0,5.120040634307179,6.011774090674043e-14,6.011774090674043e-14
0.17405,6946.95196555001,0.0,0.0,5.120090277503814,6.01188860181401e-14,6.01188860181401e-14
0.1741,6947.082859744219,0.0,0.0,5.120143066708559,6.01199944388699e-14,6.01199944388699e-14
0.17415,6947.213956127345,0.0,0.0,5.120198829563111,6.012115601503432e-14,6.012115601503432e-14
0.17420000000000002,6947.344970195294,0.0,0.0,5.1202575562813415,6.012225893983775e-14,6.012225893983775e-14
0.17425000000000002,6947.475818380771,0.0,0.0,5.120319123371661,6.012342621917486e-14,6.012342621917486e-14
0.1743,6947.606211304696,0.0,0.0,5.120383452697286,6.012452185099134e-14,6.012452185099134e-14
0.17435,6947.736064635153,0.0,0.0,5.120450473634276,6.012568363986233e-14,6.012568363986233e-14
0.1744,6947.865098625176,0.0,0.0,5.120520040682267,6.012677029471603e-14,6.012677029471603e-14
0.17445000000000002,6947.993216612137,0.0,0.0,5.1205921322568555,6.012791558981271e-14,6.012791558981271e-14
0.17450000000000002,6948.1201610845865,0.0,0.0,5.120666544199201,6.01289911924911e-14,6.01289911924911e-14
0.17455,6948.245814092668,0.0,0.0,5.12074329271009,6.013010988317223e-14,6.013010988317223e-14
0.1746,6948.369949262831,0.0,0.0,5.120822130524992,6.013117130676968e-14,6.013117130676968e-14
0.17465,6948.492422870863,0.0,0.0,5.120903094903933,6.013225470087271e-14,6.013225470087271e-14
0.17470000000000002,6948.613043989288,0.0,0.0,5.120985915065331,6.0133297567193e-14,6.0133297567193e-14
0.17475000000000002,6948.73164288826,0.0,0.0,5.121070629881812,6.013433859767884e-14,6.013433859767884e-14
0.1748,6948.848064157173,0.0,0.0,5.12115696639348,6.013535710421232e-14,6.013535710421232e-14
0.17485,6948.962116191829,0.0,0.0,5.12124494524017,6.013635047975877e-14,6.013635047975877e-14
0.1749,6949.073674859313,0.0,0.0,5.121334311428474,6.013733758105999e-14,6.013733758105999e-14
0.17495000000000002,6949.182534362861,0.0,0.0,5.121425050385403,6.013827947505783e-14,6.013827947505783e-14
0.17500000000000002,6949.288594904222,0.0,0.0,5.121516941245916,6.013922726210044e-14,6.013922726210044e-14
0.17505,6949.391646116406,0.0,0.0,5.12160992209712,6.014011504606056e-14,6.014011504606056e-14
0.1751,6949.491604075401,0.0,0.0,5.1217038167620075,6.014101516796848e-14,6.014101516796848e-14
0.17515,6949.588264213547,0.0,0.0,5.1217985103020425,6.014184686993905e-14,6.014184686993905e-14
0.1752,6949.681550104791,0.0,0.0,5.121893874880776,6.014269118720486e-14,6.014269118720486e-14
0.17525000000000002,6949.771272328708,0.0,0.0,5.121989743847844,6.014346500820382e-14,6.014346500820382e-14
0.1753,6949.857355053572,0.0,0.0,5.122086034584751,6.014424602070315e-14,6.014424602070315e-14
0.17535,6949.939631340735,0.0,0.0,5.122182536579937,6.014495994010834e-14,6.014495994010834e-14
0.1754,6950.0180214743195,0.0,0.0,5.122279203246775,6.014567127977517e-14,6.014567127977517e-14
0.17545,6950.092385313345,0.0,0.0,5.122375793301846,6.014632269747152e-14,6.014632269747152e-14
0.17550000000000002,6950.162637847027,0.0,0.0,5.122472282896157,6.014695935109077e-14,6.014695935109077e-14
0.17555,6950.228666992809,0.0,0.0,5.12256841610784,6.014754504591708e-14,6.014754504591708e-14
0.1756,6950.290383799633,0.0,0.0,5.122664176423372,6.014810342117702e-14,6.014810342117702e-14
0.17565,6950.347702683564,0.0,0.0,5.122759310475121,6.014861956280664e-14,6.014861956280664e-14
0.1757,6950.400534613372,0.0,0.0,5.122853793948637,6.014909739817125e-14,6.014909739817125e-14
0.17575000000000002,6950.448816788076,0.0,0.0,5.122947391570711,6.014953982940412e-14,6.014953982940412e-14
0.1758,6950.492465300277,0.0,0.0,5.123040058770755,6.014993588536186e-14,6.014993588536186e-14
0.17585,6950.531435524742,0.0,0.0,5.123131590535547,6.0150300457668e-14,6.0150300457668e-14
0.1759,6950.565654183762,0.0,0.0,5.123221913539625,6.015061420231651e-14,6.015061420231651e-14
0.17595,6950.595090230706,0.0,0.0,5.123310860507718,6.015089717615631e-14,6.015089717615631e-14
0.17600000000000002,6950.619685794055,0.0,0.0,5.123398326101277,6.015112837577893e-14,6.015112837577893e-14
0.17605,6950.639419956278,0.0,0.0,5.1234841828083315,6.01513268091501e-14,6.01513268091501e-14
0.1761,6950.654253321938,0.0,0.0,5.123568295221998,6.015147523267462e-14,6.015147523267462e-14
0.17615,6950.664173441781,0.0,0.0,5.123650572703365,6.01515872414118e-14,6.01515872414118e-14
0.1762,6950.669160370252,0.0,0.0,5.123730856252622,6.01516524497077e-14,6.01516524497077e-14
0.17625000000000002,6950.669210497591,0.0,0.0,5.123809085108625,6.015167736274415e-14,6.015167736274415e-14
0.1763,6950.664322136448,0.0,0.0,5.123885086464022,6.015165866121961e-14,6.015165866121961e-14
0.17635,6950.654502731348,0.0,0.0,5.123958819961433,6.015159698645112e-14,6.015159698645112e-14
0.1764,6950.6397659330805,0.0,0.0,5.12403011031978,6.015149353699856e-14,6.015149353699856e-14
0.17645,6950.620133666577,0.0,0.0,5.124098927323848,6.015134678485855e-14,6.015134678485855e-14
0.17650000000000002,6950.595631073127,0.0,0.0,5.12416510438128,6.015115785875474e-14,6.015115785875474e-14
0.17655,6950.5662982636495,0.0,0.0,5.124228612177383,6.015092824068132e-14,6.015092824068132e-14
0.1766,6950.532168067641,0.0,0.0,5.124289302083874,6.015065354151401e-14,6.015065354151401e-14
0.17665,6950.493301810089,0.0,0.0,5.1243471388135795,6.01503436196324e-14,6.01503436196324e-14
0.1767,6950.4497372373435,0.0,0.0,5.124401998093962,6.014998365031311e-14,6.014998365031311e-14
0.17675000000000002,6950.401558223376,0.0,0.0,5.124453834996877,6.014959596700066e-14,6.014959596700066e-14
0.1768,6950.348806573758,0.0,0.0,5.124502552386311,6.014915232112682e-14,6.014915232112682e-14
0.17685,6950.291587801235,0.0,0.0,5.124548095606303,6.014868915672251e-14,6.014868915672251e-14
0.1769,6950.229949098273,0.0,0.0,5.124590393976128,6.014816470067614e-14,6.014816470067614e-14
0.17695,6950.164014256865,0.0,0.0,5.12462938604203,6.014762789895821e-14,6.014762789895821e-14
0.17700000000000002,6950.093839542709,0.0,0.0,5.12466502414246,6.014702681791292e-14,6.014702681791292e-14
0.17705,6950.019561362146,0.0,0.0,5.124697245188956,6.014641784900238e-14,6.014641784900238e-14
0.1771,6949.941250442507,0.0,0.0,5.124726019337638,6.014574545460314e-14,6.014574545460314e-14
0.17715,6949.859048808673,0.0,0.0,5.1247512879855,6.014506559447797e-14,6.014506559447797e-14
0.1772,6949.773047819985,0.0,0.0,5.124773033547503,6.014432807150722e-14,6.014432807150722e-14
0.17725000000000002,6949.6833876551955,0.0,0.0,5.124791207643066,6.014357873430286e-14,6.014357873430286e-14
0.1773,6949.5901861574375,0.0,0.0,5.124805800230093,6.014278264853194e-14,6.014278264853194e-14
0.17735,6949.493575172912,0.0,0.0,5.124816777396008,6.01419658497856e-14,6.01419658497856e-14
0.1774,6949.393703125553,0.0,0.0,5.124824133769665,6.01411177187737e-14,6.01411177187737e-14
0.17745,6949.290689140963,0.0,0.0,5.124827851857318,6.014023643514226e-14,6.014023643514226e-14
0.17750000000000002,6949.184713643981,0.0,0.0,5.124827930456778,6.013934225807886e-14,6.013934225807886e-14
0.17755,6949.075881773599,0.0,0.0,5.124824367900629,6.013840087059681e-14,6.013840087059681e-14
0.1776,6948.964403726969,0.0,0.0,5.124817169007307,6.013746575889107e-14,6.013746575889107e-14
0.17765,6948.850373000662,0.0,0.0,5.124806345083815,6.013647018292331e-14,6.013647018292331e-14
0.1777,6948.734023784596,0.0,0.0,5.124791910630578,6.013549824904902e-14,6.013549824904902e-14
0.17775000000000002,6948.615443668113,0.0,0.0,5.124773885580754,6.013445599834273e-14,6.013445599834273e-14
0.1778,6948.494881586869,0.0,0.0,5.124752298639184,6.013345029525975e-14,6.013345029525975e-14
0.17785,6948.372428010498,0.0,0.0,5.124727173636845,6.013237026378825e-14,6.013237026378825e-14
0.1779,6948.248335063082,0.0,0.0,5.124698557644492,6.013133313378038e-14,6.013133313378038e-14
0.17795,6948.122706182141,0.0,0.0,5.124666474495891,6.013022514610587e-14,6.013022514610587e-14
0.17800000000000002,6947.9957843967995,0.0,0.0,5.124630992307697,6.012915856165992e-14,6.012915856165992e-14
0.17805,6947.8676963953985,0.0,0.0,5.124592132899271,6.012803288494779e-14,6.012803288494779e-14
0.1781,6947.738664363074,0.0,0.0,5.124549985651258,6.012693905831365e-14,6.012693905831365e-14
0.17815,6947.608846744203,0.0,0.0,5.12450457104687,6.012580564180134e-14,6.012580564180134e-14
0.1782,6947.478435973224,0.0,0.0,5.124455996998758,6.012468760345164e-14,6.012468760345164e-14
0.17825000000000002,6947.34762726834,0.0,0.0,5.124404286154454,6.012355556772931e-14,6.012355556772931e-14
0.17830000000000001,6947.216578186032,0.0,0.0,5.124349559404408,6.012241763866948e-14,6.012241763866948e-14
0.17835,6947.085521421319,0.0,0.0,5.124291847581758,6.012129464351926e-14,6.012129464351926e-14
0.1784,6946.954579494853,0.0,0.0,5.12423127674795,6.012014291089468e-14,6.012014291089468e-14
0.17845,6946.824017940669,0.0,0.0,5.124167893530144,6.011903488057554e-14,6.011903488057554e-14
0.17850000000000002,6946.693929237326,0.0,0.0,5.1241018203352375,6.011787719599538e-14,6.011787719599538e-14
0.17855000000000001,6946.56460233851,0.0,0.0,5.124033127437043,6.01167882444641e-14,6.01167882444641e-14
0.1786,6946.436109229332,0.0,0.0,5.123961925141812,6.011563424007606e-14,6.011563424007606e-14
0.17865,6946.308748624462,0.0,0.0,5.123888313950133,6.011456677509412e-14,6.011456677509412e-14
0.1787,6946.182585032311,0.0,0.0,5.123812385626649,6.011342736510548e-14,6.011342736510548e-14
0.17875000000000002,6946.057910984033,0.0,0.0,5.123734274695644,6.011238266025316e-14,6.011238266025316e-14
0.17880000000000001,6945.934797834467,0.0,0.0,5.123654051177999,6.011126946324039e-14,6.011126946324039e-14
0.17885,6945.813515412851,0.0,0.0,5.123571883615529,6.011024813212238e-14,6.011024813212238e-14
0.1789,6945.694155993434,0.0,0.0,5.123487821285762,6.0109172739399e-14,6.0109172739399e-14
0.17895,6945.57695186206,0.0,0.0,5.123402062162527,6.010817560793681e-14,6.010817560793681e-14
0.17900000000000002,6945.462027169619,0.0,0.0,5.123314640258932,6.010714867491869e-14,6.010714867491869e-14
0.17905000000000001,6945.349565910436,0.0,0.0,5.123225774162108,6.010617740932091e-14,6.010617740932091e-14
0.1791,6945.239730675928,0.0,0.0,5.123135491907309,6.010520805929652e-14,6.010520805929652e-14
0.17915,6945.132651361792,0.0,0.0,5.123044020371882,6.010426580031402e-14,6.010426580031402e-14
0.1792,6945.028529779916,0.0,0.0,5.1229513938023095,6.010336089685866e-14,6.010336089685866e-14
0.17925000000000002,6944.92744257985,0.0,0.0,5.12285783298919,6.010245268578767e-14,6.010245268578767e-14
0.17930000000000001,6944.829624981746,0.0,0.0,5.122763391482368,6.010161667363149e-14,6.010161667363149e-14
0.17935,6944.73510732526,0.0,0.0,5.122668269700198,6.010074943384408e-14,6.010074943384408e-14
0.1794,6944.644146934428,0.0,0.0,5.122572552560563,6.009998424171272e-14,6.009998424171272e-14
0.17945,6944.556740178616,0.0,0.0,5.12247640776323,6.009916672385631e-14,6.009916672385631e-14
0.17950000000000002,6944.473150309537,0.0,0.0,5.122379960608314,6.009847209955471e-14,6.009847209955471e-14
0.17955000000000002,6944.393355953227,0.0,0.0,5.122283337801151,6.009771418467515e-14,6.009771418467515e-14
0.1796,6944.317607743964,0.0,0.0,5.122186709166216,6.009708834959937e-14,6.009708834959937e-14
0.17965,6944.245884141454,0.0,0.0,5.1220901575346485,6.009640045151136e-14,6.009640045151136e-14
0.1797,6944.178404302429,0.0,0.0,5.121993895536338,6.009584073535758e-14,6.009584073535758e-14
0.17975000000000002,6944.11516333276,0.0,0.0,5.121897965458539,6.009523283863334e-14,6.009523283863334e-14
0.17980000000000002,6944.056332507748,0.0,0.0,5.121802614753881,6.009473672309768e-14,6.009473672309768e-14
0.17985,6944.001936725295,0.0,0.0,5.121707854434328,6.00942174796579e-14,6.00942174796579e-14
0.1799,6943.952087528173,0.0,0.0,5.121613953377499,6.009378323713924e-14,6.009378323713924e-14
0.17995,6943.906847773762,0.0,0.0,5.121520905482826,6.009335927906388e-14,6.009335927906388e-14
0.18000000000000002,6943.866263455883,0.0,0.0,5.121428983456888,6.009298675590086e-14,6.009298675590086e-14
0.18005000000000002,6943.830436649456,0.0,0.0,5.121338181400492,6.009266198079188e-14,6.009266198079188e-14
0.1801,6943.799349404159,0.0,0.0,5.1212487565177245,6.009235293050294e-14,6.009235293050294e-14
0.18015,6943.7731374582445,0.0,0.0,5.121160720836757,6.009212842191976e-14,6.009212842191976e-14
0.1802,6943.751726907167,0.0,0.0,5.121074297464169,6.009188654744404e-14,6.009188654744404e-14
0.18025000000000002,6943.7352755027005,0.0,0.0,5.120989532293144,6.009176048832261e-14,6.009176048832261e-14
0.18030000000000002,6943.723667528737,0.0,0.0,5.120906598898495,6.009159127237362e-14,6.009159127237362e-14
0.18035,6943.717065938205,0.0,0.0,5.1208255884208596,6.009155947759346e-14,6.009155947759346e-14
0.1804,6943.715331107707,0.0,0.0,5.1207466152140535,6.009146944974913e-14,6.009146944974913e-14
0.18045,6943.718612263959,0.0,0.0,5.120669820683973,6.009152599955763e-14,6.009152599955763e-14
0.18050000000000002,6943.726765101533,0.0,0.0,5.120595257151199,6.00915221238642e-14,6.00915221238642e-14
0.18055000000000002,6943.739905905499,0.0,0.0,5.120523114016671,6.009166018741183e-14,6.009166018741183e-14
0.1806,6943.757903985664,0.0,0.0,5.120453386457938,6.009174878226987e-14,6.009174878226987e-14
0.18065,6943.780826236414,0.0,0.0,5.120386302050152,6.009196165703463e-14,6.009196165703463e-14
0.1807,6943.808569983986,0.0,0.0,5.120321810807995,6.009214761373453e-14,6.009214761373453e-14
0.18075000000000002,6943.841141075461,0.0,0.0,5.120260162364779,6.009242939474261e-14,6.009242939474261e-14
0.18080000000000002,6943.878473934325,0.0,0.0,5.12020127915521,6.009271539997116e-14,6.009271539997116e-14
0.18085,6943.920508111341,0.0,0.0,5.120145412235507,6.009306182352286e-14,6.009306182352286e-14
0.1809,6943.967217224381,0.0,0.0,5.12009247728499,6.009344778630646e-14,6.009344778630646e-14
0.18095,6944.018476467884,0.0,0.0,5.120042704522569,6.009385645177054e-14,6.009385645177054e-14
0.18100000000000002,6944.074294114342,0.0,0.0,5.119996024015514,6.009433945274048e-14,6.009433945274048e-14
0.18105000000000002,6944.134489499392,0.0,0.0,5.11995262395772,6.009480994732977e-14,6.009480994732977e-14
0.1811,6944.199094655524,0.0,0.0,5.119912467515469,6.009538421615165e-14,6.009538421615165e-14
0.18115,6944.267887549307,0.0,0.0,5.119875683833613,6.009591782636531e-14,6.009591782636531e-14
0.1812,6944.340908515451,0.0,0.0,5.119842282398272,6.009657537831069e-14,6.009657537831069e-14
0.18125000000000002,6944.417911858188,0.0,0.0,5.1198123228020656,6.00971744365033e-14,6.00971744365033e-14
0.18130000000000002,6944.498928698507,0.0,0.0,5.119785867063373,6.009790566220661e-14,6.009790566220661e-14
0.18135,6944.583708877612,0.0,0.0,5.119762902460265,6.009857290800142e-14,6.009857290800142e-14
0.1814,6944.672256536434,0.0,0.0,5.119743541487451,6.009936750630056e-14,6.009936750630056e-14
0.18145,6944.76433494943,0.0,0.0,5.119727704967208,6.010010506689242e-14,6.010010506689242e-14
0.18150000000000002,6944.859906531485,0.0,0.0,5.119715545701512,6.010095294823037e-14,6.010095294823037e-14
0.18155000000000002,6944.958762084226,0.0,0.0,5.119706931372948,6.010176168331697e-14,6.010176168331697e-14
0.1816,6945.060811962424,0.0,0.0,5.119702038348181,6.010265368486879e-14,6.010265368486879e-14
0.18165,6945.1658835889475,0.0,0.0,5.119700700392935,6.010353241163926e-14,6.010353241163926e-14
0.1817,6945.273830973999,0.0,0.0,5.1197030960187755,6.01044610341051e-14,6.01044610341051e-14
0.18175,6945.384520733727,0.0,0.0,5.119709047567454,6.010540617292229e-14,6.010540617292229e-14
0.18180000000000002,6945.497752786896,0.0,0.0,5.119718712761564,6.010636573398967e-14,6.010636573398967e-14
0.18185,6945.613429437311,0.0,0.0,5.119731925160336,6.010737123510155e-14,6.010737123510155e-14
0.1819,6945.73130472801,0.0,0.0,5.119748800153508,6.010835802306667e-14,6.010835802306667e-14
0.18195,6945.851307511123,0.0,0.0,5.119769202343211,6.010941547584077e-14,6.010941547584077e-14
0.182,6945.973159156106,0.0,0.0,5.119793187731338,6.011042736167537e-14,6.011042736167537e-14
0.18205000000000002,6946.09680217981,0.0,0.0,5.119820666168322,6.011152662333413e-14,6.011152662333413e-14
0.1821,6946.22194122271,0.0,0.0,5.119851623821029,6.011256254674524e-14,6.011256254674524e-14
0.18215,6946.348517675508,0.0,0.0,5.119886022763614,6.011369228451638e-14,6.011369228451638e-14
0.1822,6946.476236493821,0.0,0.0,5.1199237769604276,6.011475161034746e-14,6.011475161034746e-14
0.18225,6946.605023427121,0.0,0.0,5.1199648992504985,6.01159002124445e-14,6.01159002124445e-14
0.18230000000000002,6946.734599109281,0.0,0.0,5.120009237469653,6.011698189672152e-14,6.011698189672152e-14
0.18235,6946.864861853067,0.0,0.0,5.120056846006964,6.011813818765098e-14,6.011813818765098e-14
0.1824,6946.9955601565,0.0,0.0,5.120107519861601,6.011924023600296e-14,6.011924023600296e-14
0.18245,6947.126556837536,0.0,0.0,5.120161339239919,6.012039415455762e-14,6.012039415455762e-14
0.1825,6947.2576358853,0.0,0.0,5.120218065383153,6.012151299478904e-14,6.012151299478904e-14
0.18255000000000002,6947.388621906471,0.0,0.0,5.12027778424096,6.012265610865797e-14,6.012265610865797e-14
0.1826,6947.519336518507,0.0,0.0,5.1203402451760684,6.01237864238634e-14,6.01237864238634e-14
0.18265,6947.649568552983,0.0,0.0,5.120405518624272,6.012491205038715e-14,6.012491205038715e-14
0.1827,6947.779174569109,0.0,0.0,5.120473363942401,6.012604672166533e-14,6.012604672166533e-14
0.18275,6947.9079147552575,0.0,0.0,5.120543816213708,6.012714998832433e-14,6.012714998832433e-14
0.18280000000000002,6948.03567350453,0.0,0.0,5.120616663831237,6.012828035066556e-14,6.012828035066556e-14
0.18285,6948.162193145716,0.0,0.0,5.120691891066192,6.012935778549376e-14,6.012935778549376e-14
0.1829,6948.287376128782,0.0,0.0,5.12076932898447,6.013047414811863e-14,6.013047414811863e-14
0.18295,6948.410959493574,0.0,0.0,5.120848901847048,6.013152328677398e-14,6.013152328677398e-14
0.183,6948.532852837933,0.0,0.0,5.120930490194612,6.013261544396774e-14,6.013261544396774e-14
0.18305000000000002,6948.6528007481475,0.0,0.0,5.121013956541,6.013363422580725e-14,6.013363422580725e-14
0.1831,6948.770709787172,0.0,0.0,5.12109923009274,6.013469220546532e-14,6.013469220546532e-14
0.18315,6948.886343214738,0.0,0.0,5.121186117337754,6.013567839271325e-14,6.013567839271325e-14
0.1832,6948.999596615619,0.0,0.0,5.121274588416709,6.01366929627517e-14,6.01366929627517e-14
0.18325,6949.110260328768,0.0,0.0,5.1213644059831225,6.013764372535034e-14,6.013764372535034e-14
0.18330000000000002,6949.2182141976955,0.0,0.0,5.121455567617869,6.01386069131797e-14,6.01386069131797e-14
0.18335,6949.323280244309,0.0,0.0,5.121547809124799,6.013951844539461e-14,6.013951844539461e-14
0.1834,6949.425321758163,0.0,0.0,5.1216411386412775,6.014042379412819e-14,6.014042379412819e-14
0.18345,6949.524193204402,0.0,0.0,5.1217352841850445,6.014129129233665e-14,6.014129129233665e-14
0.1835,6949.619743947184,0.0,0.0,5.121830246678763,6.014213390054199e-14,6.014213390054199e-14
0.18355000000000002,6949.711858304589,0.0,0.0,5.1219257652346135,6.014295160934862e-14,6.014295160934862e-14
0.1836,6949.800377406585,0.0,0.0,5.122021817299386,6.014372802962302e-14,6.014372802962302e-14
0.18365,6949.885210151532,0.0,0.0,5.122118169091117,6.014448957406191e-14,6.014448957406191e-14
0.1837,6949.966196931713,0.0,0.0,5.1222147623507555,6.014519744373702e-14,6.014519744373702e-14
0.18375,6950.043264795931,0.0,0.0,5.12231140166253,6.014589623774712e-14,6.014589623774712e-14
0.18380000000000002,6950.116261368808,0.0,0.0,5.122407986122931,6.014653393108176e-14,6.014653393108176e-14
0.18385,6950.185125335089,0.0,0.0,5.122504364153451,6.014716363190032e-14,6.014716363190032e-14
0.1839,6950.24971885767,0.0,0.0,5.122600391459035,6.014772978789755e-14,6.014772978789755e-14
0.18395,6950.309986955016,0.0,0.0,5.122695959525203,6.014828477775496e-14,6.014828477775496e-14
0.184,6950.365811776072,0.0,0.0,5.122790885845656,6.014877795931278e-14,6.014877795931278e-14
0.18405000000000002,6950.417141391638,0.0,0.0,5.122885098749097,6.014925365059554e-14,6.014925365059554e-14
0.1841,6950.463881027212,0.0,0.0,5.122978387590541,6.014967209776493e-14,6.014967209776493e-14
0.18415,6950.505980920385,0.0,0.0,5.12307070710794,6.015006517436708e-14,6.015006517436708e-14
0.1842,6950.54336985521,0.0,0.0,5.123161831841348,6.01504067054413e-14,6.01504067054413e-14
0.18425,6950.576001683257,0.0,0.0,5.1232517303015594,6.015071512777572e-14,6.015071512777572e-14
0.18430000000000002,6950.60382703338,0.0,0.0,5.123340176696652,6.015097724759471e-14,6.015097724759471e-14
0.18435,6950.626806538943,0.0,0.0,5.123427140415625,6.015120013063131e-14,6.015120013063131e-14
0.1844,6950.644909439247,0.0,0.0,5.1235124090544515,6.015138023710112e-14,6.015138023710112e-14
0.18445,6950.658107246309,0.0,0.0,5.123595941754744,6.015151758823982e-14,6.015151758823982e-14
0.1845,6950.666384024747,0.0,0.0,5.123677550481034,6.015161331490168e-14,6.015161331490168e-14
0.18455000000000002,6950.669726115707,0.0,0.0,5.123757176328728,6.015166569246465e-14,6.015166569246465e-14
0.18460000000000001,6950.668129096699,0.0,0.0,5.123834662816204,6.015167525650809e-14,6.015167525650809e-14
0.18465,6950.661597028742,0.0,0.0,5.123909929289376,6.015164343618769e-14,6.015164343618769e-14
0.1847,6950.6501349843065,0.0,0.0,5.123982853542999,6.015156596042216e-14,6.015156596042216e-14
0.18475,6950.633765861186,0.0,0.0,5.124053333952418,6.015145065784173e-14,6.015145065784173e-14
0.18480000000000002,6950.612504034643,0.0,0.0,5.124121280993993,6.01512863864676e-14,6.01512863864676e-14
0.18485000000000001,6950.586390267694,0.0,0.0,5.124186576656094,6.015108809844518e-14,6.015108809844518e-14
0.1849,6950.555449988422,0.0,0.0,5.12424915910521,6.015083847878415e-14,6.015083847878415e-14
0.18495,6950.5197388622855,0.0,0.0,5.124308901329803,6.015055748251775e-14,6.015055748251775e-14
0.185,6950.479296703204,0.0,0.0,5.124365761953386,6.015022506749786e-14,6.015022506749786e-14
0.18505000000000002,6950.434189729676,0.0,0.0,5.124419613717569,6.014986157045797e-14,6.014986157045797e-14
0.18510000000000001,6950.384476317222,0.0,0.0,5.124470427835704,6.014944980529914e-14,6.014944980529914e-14
0.18515,6950.330228325279,0.0,0.0,5.124518085357226,6.014900421335827e-14,6.014900421335827e-14
0.1852,6950.271526752347,0.0,0.0,5.124562562992651,6.014851707521772e-14,6.014851707521772e-14
0.18525,6950.208444738445,0.0,0.0,5.124603757142073,6.01479903686375e-14,6.01479903686375e-14
0.18530000000000002,6950.141088733854,0.0,0.0,5.124641644912042,6.014743198984416e-14,6.014743198984416e-14
0.18535000000000001,6950.069530311,0.0,0.0,5.124676142575125,6.014682605081542e-14,6.014682605081542e-14
0.1854,6949.993902151736,0.0,0.0,5.124707225202738,6.014620035406025e-14,6.014620035406025e-14
0.18545,6949.914273740051,0.0,0.0,5.1247348305646705,6.014551829936469e-14,6.014551829936469e-14
0.1855,6949.83080196916,0.0,0.0,5.1247589320782945,6.014482870092505e-14,6.014482870092505e-14
0.18555000000000002,6949.743556472216,0.0,0.0,5.124779487829529,6.014407501720592e-14,6.014407501720592e-14
0.18560000000000001,6949.652713565429,0.0,0.0,5.124796472372227,6.01433243371319e-14,6.01433243371319e-14
0.18565,6949.558347759498,0.0,0.0,5.124809860830234,6.014250489131918e-14,6.014250489131918e-14
0.1857,6949.46064750497,0.0,0.0,5.1248196331780616,6.014169535334588e-14,6.014169535334588e-14
0.18575,6949.359699033391,0.0,0.0,5.12482577721919,6.014081720680886e-14,6.014081720680886e-14
0.18580000000000002,6949.255693986052,0.0,0.0,5.124828283026427,6.013995072059207e-14,6.013995072059207e-14
0.18585000000000002,6949.1487379436085,0.0,0.0,5.124827146821758,6.01390217349407e-14,6.01390217349407e-14
0.1859,6949.039016561449,0.0,0.0,5.124822372651225,6.013810023251361e-14,6.013810023251361e-14
0.18595,6948.926662005164,0.0,0.0,5.124813962106833,6.013712864025247e-14,6.013712864025247e-14
0.186,6948.811845671591,0.0,0.0,5.1248019353080325,6.013615456195255e-14,6.013615456195255e-14
0.18605000000000002,6948.694731724408,0.0,0.0,5.124786298180046,6.013514835940178e-14,6.013514835940178e-14
0.18610000000000002,6948.57547158423,0.0,0.0,5.124767086650979,6.01341251440165e-14,6.01341251440165e-14
0.18615,6948.454263635793,0.0,0.0,5.124744312292219,6.013309165311638e-14,6.013309165311638e-14
0.1862,6948.331237033954,0.0,0.0,5.1247180241383194,6.013202408861995e-14,6.013202408861995e-14
0.18625,6948.206622772439,0.0,0.0,5.124688242890874,6.013096951313019e-14,6.013096951313019e-14
0.18630000000000002,6948.080529590352,0.0,0.0,5.124655025987102,6.012986406008457e-14,6.012986406008457e-14
0.18635000000000002,6947.953215122983,0.0,0.0,5.124618408211639,6.01287932844791e-14,6.01287932844791e-14
0.1864,6947.824773611923,0.0,0.0,5.1245784496327875,6.012765802390473e-14,6.012765802390473e-14
0.18645,6947.6954796508,0.0,0.0,5.124535204466773,6.012657465208412e-14,6.012657465208412e-14
0.1865,6947.565422236023,0.0,0.0,5.124488729734749,6.012541916254695e-14,6.012541916254695e-14
0.18655000000000002,6947.434880232435,0.0,0.0,5.124439103577925,6.012432568985984e-14,6.012432568985984e-14
0.18660000000000002,6947.303948893697,0.0,0.0,5.1243863757082995,6.012316057934012e-14,6.012316057934012e-14
0.18665,6947.172897445646,0.0,0.0,5.124330650571801,6.012205892870986e-14,6.012205892870986e-14
0.1867,6947.041839090648,0.0,0.0,5.12427196878183,6.012089523975755e-14,6.012089523975755e-14
0.18675,6946.911020024641,0.0,0.0,5.1242104605227246,6.011978725061908e-14,6.011978725061908e-14
0.18680000000000002,6946.780581861576,0.0,0.0,5.124146158690849,6.011863580771241e-14,6.011863580771241e-14
0.18685000000000002,6946.650736607197,0.0,0.0,5.12407921515661,6.01175239523841e-14,6.01175239523841e-14
0.1869,6946.521661339108,0.0,0.0,5.124009659871383,6.011639458593487e-14,6.011639458593487e-14
0.18695,6946.393526990465,0.0,0.0,5.12393765909406,6.011528251375587e-14,6.011528251375587e-14
0.187,6946.266548517992,0.0,0.0,5.123863247392946,6.011418356872036e-14,6.011418356872036e-14
0.18705000000000002,6946.140853794393,0.0,0.0,5.123786595656232,6.011307654402969e-14,6.011307654402969e-14
0.18710000000000002,6946.0166927641885,0.0,0.0,5.123707752490702,6.011201436639124e-14,6.011201436639124e-14
0.18715,6945.894154002006,0.0,0.0,5.123626882429581,6.011091953722159e-14,6.011091953722159e-14
0.1872,6945.773513892124,0.0,0.0,5.123544057816918,6.010989840752264e-14,6.010989840752264e-14
0.18725,6945.654830619635,0.0,0.0,5.123459426373666,6.010882464536675e-14,6.010882464536675e-14
0.18730000000000002,6945.538393989725,0.0,0.0,5.123373092475773,6.010784687012724e-14,6.010784687012724e-14
0.18735000000000002,6945.424244744901,0.0,0.0,5.123285178708538,6.010680454793641e-14,6.010680454793641e-14
0.1874,6945.312669740077,0.0,0.0,5.123195826746863,6.010587084339485e-14,6.010587084339485e-14
0.18745,6945.20370757273,0.0,0.0,5.12310512945235,6.010487112849002e-14,6.010487112849002e-14
0.1875,6945.097624795358,0.0,0.0,5.123013266710426,6.010398131785073e-14,6.010398131785073e-14
0.18755000000000002,6944.994473112931,0.0,0.0,5.122920301737424,6.01030354864939e-14,6.01030354864939e-14
0.18760000000000002,6944.894482430443,0.0,0.0,5.122826448563998,6.010218913510678e-14,6.010218913510678e-14
0.18765,6944.797730845343,0.0,0.0,5.122731745938674,6.010130771165118e-14,6.010130771165118e-14
0.1877,6944.704398663403,0.0,0.0,5.122636432911549,6.010050502656021e-14,6.010050502656021e-14
0.18775,6944.614599165519,0.0,0.0,5.12254053355778,6.009969695273546e-14,6.009969695273546e-14
0.18780000000000002,6944.528455354568,0.0,0.0,5.122444298790102,6.009893934806918e-14,6.009893934806918e-14
0.18785000000000002,6944.44611902863,0.0,0.0,5.122347751157675,6.009821143316102e-14,6.009821143316102e-14
0.1879,6944.367654219564,0.0,0.0,5.122251137612242,6.009750207390378e-14,6.009750207390378e-14
0.18795,6944.293248028308,0.0,0.0,5.122154494034355,6.009685848210721e-14,6.009685848210721e-14
0.188,6944.222910754039,0.0,0.0,5.1220580470690065,6.009620246547857e-14,6.009620246547857e-14
0.18805000000000002,6944.156855265491,0.0,0.0,5.121961860051824,6.009564475892715e-14,6.009564475892715e-14
0.18810000000000002,6944.095049027154,0.0,0.0,5.121866124783715,6.009504894622134e-14,6.009504894622134e-14
0.18815,6944.037716195154,0.0,0.0,5.121770943414274,6.009457621030684e-14,6.009457621030684e-14
0.1882,6943.984796918482,0.0,0.0,5.121676462140488,6.009404889403064e-14,6.009404889403064e-14
0.18825,6943.936508528801,0.0,0.0,5.121582828464574,6.009365832926067e-14,6.009365832926067e-14
0.1883,6943.892781752732,0.0,0.0,5.121490137914311,6.009320841393443e-14,6.009320841393443e-14
0.18835000000000002,6943.85380822601,0.0,0.0,5.1213985836943925,6.009289607837384e-14,6.009289607837384e-14
0.1884,6943.8195269235075,0.0,0.0,5.121308212067067,6.009253236613362e-14,6.009253236613362e-14
0.18845,6943.790086258857,0.0,0.0,5.121219255687419,6.009229397180876e-14,6.009229397180876e-14
0.1885,6943.765448700749,0.0,0.0,5.121131719595456,6.009202415892769e-14,6.009202415892769e-14
0.18855,6943.745705897872,0.0,0.0,5.121045863365838,6.009185603935756e-14,6.009185603935756e-14
0.18860000000000002,6943.730854140023,0.0,0.0,5.120961664500037,6.009168594736243e-14,6.009168594736243e-14
0.18865,6943.72092043541,0.0,0.0,5.120879392205272,6.009158563857148e-14,6.009158563857148e-14
0.1887,6943.7159392468575,0.0,0.0,5.120799014042013,6.009151860631863e-14,6.009151860631863e-14
0.18875,6943.715871826366,0.0,0.0,5.120720788755259,6.009148546196676e-14,6.009148546196676e-14
0.1888,6943.720788075553,0.0,0.0,5.120644693083219,6.009152192013516e-14,6.009152192013516e-14
0.18885000000000002,6943.730589497616,0.0,0.0,5.120570955243811,6.00915572007811e-14,6.00915572007811e-14
0.1889,6943.745372380954,0.0,0.0,5.1204995789383,6.009169477583197e-14,6.009169477583197e-14
0.18895,6943.764990344236,0.0,0.0,5.1204307443722215,6.009180152696602e-14,6.009180152696602e-14
0.189,6943.789551712537,0.0,0.0,5.120364496300453,6.0092035222091e-14,6.0092035222091e-14
0.18905,6943.818878928398,0.0,0.0,5.120300954492026,6.009221783830691e-14,6.009221783830691e-14
0.18910000000000002,6943.853074554383,0.0,0.0,5.120240212685464,6.009254075419094e-14,6.009254075419094e-14
0.18915,6943.891948599416,0.0,0.0,5.120182324799783,6.009280418475333e-14,6.009280418475333e-14
0.1892,6943.935579491669,0.0,0.0,5.120127434190128,6.009320824449087e-14,6.009320824449087e-14
0.18925,6943.983783353161,0.0,0.0,5.120075531123192,6.009355726219158e-14,6.009355726219158e-14
0.1893,6944.036597483015,0.0,0.0,5.120026801502488,6.009403412958946e-14,6.009403412958946e-14
0.18935000000000002,6944.093860032681,0.0,0.0,5.119981181854216,6.009447232490686e-14,6.009447232490686e-14
0.1894,6944.15555437686,0.0,0.0,5.119938886492506,6.009501430428263e-14,6.009501430428263e-14
0.18945,6944.221551643384,0.0,0.0,5.119899814370461,6.009554343076242e-14,6.009554343076242e-14
0.1895,6944.291774084333,0.0,0.0,5.119864188932054,6.009614407907211e-14,6.009614407907211e-14
0.18955,6944.366130816407,0.0,0.0,5.1198318919184675,6.009676342699505e-14,6.009676342699505e-14
0.18960000000000002,6944.444482437037,0.0,0.0,5.119803133795452,6.009741813910329e-14,6.009741813910329e-14
0.18965,6944.526774242701,0.0,0.0,5.11977780085871,6.009812427211703e-14,6.009812427211703e-14
0.1897,6944.612811331011,0.0,0.0,5.119756068780945,6.009883030179407e-14,6.009883030179407e-14
0.18975,6944.702567381144,0.0,0.0,5.119737848560983,6.009961716677036e-14,6.009961716677036e-14
0.1898,6944.795803793451,0.0,0.0,5.119723262322072,6.010037355418844e-14,6.010037355418844e-14
0.18985000000000002,6944.892509782569,0.0,0.0,5.119712261594094,6.010123274487106e-14,6.010123274487106e-14
0.1899,6944.992419148077,0.0,0.0,5.119704901983056,6.010203980973901e-14,6.010203980973901e-14
0.18995,6945.095520940936,0.0,0.0,5.119701184654507,6.010296131115065e-14,6.010296131115065e-14
0.19,6945.2015391166315,0.0,0.0,5.119701093193456,6.010381996992806e-14,6.010381996992806e-14
0.19005,6945.310446279132,0.0,0.0,5.119704679775626,6.010479283671318e-14,6.010479283671318e-14
0.19010000000000002,6945.421974101686,0.0,0.0,5.119711858641954,6.010570388292168e-14,6.010570388292168e-14
0.19015,6945.536063959098,0.0,0.0,5.1197227261353,6.010671716781535e-14,6.010671716781535e-14
0.1902,6945.65246998747,0.0,0.0,5.11973713786133,6.010768040137731e-14,6.010768040137731e-14
0.19025,6945.771091550229,0.0,0.0,5.11975522036116,6.010872390734473e-14,6.010872390734473e-14
0.1903,6945.8917155201125,0.0,0.0,5.11977678757649,6.010973759345988e-14,6.010973759345988e-14
0.19035000000000002,6946.014193394375,0.0,0.0,5.119801977097135,6.011080247857969e-14,6.011080247857969e-14
0.1904,6946.138349657732,0.0,0.0,5.119830582400428,6.011186280678499e-14,6.011186280678499e-14
0.19045,6946.263988089395,0.0,0.0,5.119862730254401,6.01129420257073e-14,6.01129420257073e-14
0.1905,6946.390969637222,0.0,0.0,5.119898216066371,6.011404301304464e-14,6.011404301304464e-14
0.19055,6946.519056180998,0.0,0.0,5.1199371344246165,6.01151313134925e-14,6.01151313134925e-14
0.19060000000000002,6946.648138895292,0.0,0.0,5.119979303273788,6.011626490315793e-14,6.011626490315793e-14
0.19065000000000001,6946.777948298493,0.0,0.0,5.12002476687517,6.011735874136822e-14,6.011735874136822e-14
0.1907,6946.9083953989475,0.0,0.0,5.120073381866977,6.011851516217968e-14,6.011851516217968e-14
0.19075,6947.039193189037,0.0,0.0,5.120125129845412,6.011961218421537e-14,6.011961218421537e-14
0.1908,6947.170259978762,0.0,0.0,5.12017991568164,6.012078061047998e-14,6.012078061047998e-14
0.19085000000000002,6947.301306229253,0.0,0.0,5.120237653262964,6.012187911377267e-14,6.012187911377267e-14
0.19090000000000001,6947.432244694768,0.0,0.0,5.120298297637597,6.012304827876818e-14,6.012304827876818e-14
0.19095,6947.5627977387485,0.0,0.0,5.120361697912906,6.012414655033077e-14,6.012414655033077e-14
0.191,6947.69286136657,0.0,0.0,5.120427853424879,6.012530555512293e-14,6.012530555512293e-14
0.19105,6947.82218159544,0.0,0.0,5.120496558869801,6.012640122130844e-14,6.012640122130844e-14
0.19110000000000002,6947.9506298050555,0.0,0.0,5.120567845420101,6.012754009763524e-14,6.012754009763524e-14
0.19115000000000001,6948.077983726272,0.0,0.0,5.120641469544137,6.012862970744201e-14,6.012862970744201e-14
0.1912,6948.204086311177,0.0,0.0,5.120717476965755,6.012973991695592e-14,6.012973991695592e-14
0.19125,6948.328750494079,0.0,0.0,5.1207956058723125,6.013081858332577e-14,6.013081858332577e-14
0.1913,6948.45179176208,0.0,0.0,5.1208758970376165,6.013189325912566e-14,6.013189325912566e-14
0.19135000000000002,6948.573057164688,0.0,0.0,5.12095809107805,6.013295468755554e-14,6.013295468755554e-14
0.19140000000000001,6948.692339759329,0.0,0.0,5.121042204968198,6.013398859964716e-14,6.013398859964716e-14
0.19145,6948.809515898336,0.0,0.0,5.121128000697291,6.01350252212158e-14,6.01350252212158e-14
0.1915,6948.924364573099,0.0,0.0,5.121215455646441,6.013601461176642e-14,6.013601461176642e-14
0.19155,6949.036783792201,0.0,0.0,5.1213043678678165,6.013701799194024e-14,6.013701799194024e-14
0.19160000000000002,6949.146548770518,0.0,0.0,5.121394664733082,6.013796011694528e-14,6.013796011694528e-14
0.19165000000000001,6949.253570429507,0.0,0.0,5.121486189030108,6.013892147323489e-14,6.013892147323489e-14
0.1917,6949.3576307897265,0.0,0.0,5.1215788141866145,6.013981417839508e-14,6.013981417839508e-14
0.19175,6949.4586451937175,0.0,0.0,5.121672429672749,6.014072490518057e-14,6.014072490518057e-14
0.1918,6949.556412013957,0.0,0.0,5.12176685794917,6.014156609326694e-14,6.014156609326694e-14
0.19185000000000002,6949.650844216991,0.0,0.0,5.121862030416068,6.014241833353301e-14,6.014241833353301e-14
0.19190000000000002,6949.741763693979,0.0,0.0,5.121957727759334,6.014320556326863e-14,6.014320556326863e-14
0.19195,6949.829076857223,0.0,0.0,5.1220539130735485,6.014399256327878e-14,6.014399256327878e-14
0.192,6949.912633343944,0.0,0.0,5.122150339208319,6.014472278698003e-14,6.014472278698003e-14
0.19205,6949.992331874498,0.0,0.0,5.122246986889863,6.014543918234489e-14,6.014543918234489e-14
0.19210000000000002,6950.068050790021,0.0,0.0,5.122343597786708,6.014610862148415e-14,6.014610862148415e-14
0.19215000000000002,6950.1396830075,0.0,0.0,5.12244015475468,6.014675046501926e-14,6.014675046501926e-14
0.1922,6950.20713372576,0.0,0.0,5.122536405195453,6.014735474018466e-14,6.014735474018466e-14
0.19225,6950.270294236766,0.0,0.0,5.1226323193817915,6.014791937924976e-14,6.014791937924976e-14
0.1923,6950.329092694705,0.0,0.0,5.122727665554872,6.014845372613971e-14,6.014845372613971e-14
0.19235000000000002,6950.38342443863,0.0,0.0,5.122822389558842,6.014893954117844e-14,6.014893954117844e-14
0.19240000000000002,6950.433235631111,0.0,0.0,5.122916291735821,6.014939919870238e-14,6.014939919870238e-14
0.19245,6950.478431584058,0.0,0.0,5.1230092861668215,6.014980522675637e-14,6.014980522675637e-14
0.1925,6950.5189716995465,0.0,0.0,5.123101211643752,6.015018582494422e-14,6.015018582494422e-14
0.19255,6950.554776410279,0.0,0.0,5.123191948282537,6.015051141552756e-14,6.015051141552756e-14
0.19260000000000002,6950.585814640282,0.0,0.0,5.123281374345803,6.015080935039226e-14,6.015080935039226e-14
0.19265000000000002,6950.612025477064,0.0,0.0,5.123369339061831,6.015105383515406e-14,6.015105383515406e-14
0.1927,6950.63338544993,0.0,0.0,5.123455756190375,6.015126655368569e-14,6.015126655368569e-14
0.19275,6950.6498537016805,0.0,0.0,5.123540451542997,6.015142906638765e-14,6.015142906638765e-14
0.1928,6950.661414467098,0.0,0.0,5.123623366616162,6.015155519618333e-14,6.015155519618333e-14
0.19285000000000002,6950.668046228115,0.0,0.0,5.123704314328403,6.015163462100375e-14,6.015163462100375e-14
0.19290000000000002,6950.669742850269,0.0,0.0,5.12378325384203,6.015167396192024e-14,6.015167396192024e-14
0.19295,6950.666499698752,0.0,0.0,5.123859997036888,6.01516690432643e-14,6.01516690432643e-14
0.193,6950.658323431753,0.0,0.0,5.123934510231604,6.015162239517497e-14,6.015162239517497e-14
0.19305,6950.645222860762,0.0,0.0,5.1240066156355875,6.015153197532667e-14,6.015153197532667e-14
0.19310000000000002,6950.627220966435,0.0,0.0,5.1240762774061075,6.015140086106902e-14,6.015140086106902e-14
0.19315000000000002,6950.604336528364,0.0,0.0,5.124143337451046,6.015122420007143e-14,6.015122420007143e-14
0.1932,6950.576611777516,0.0,0.0,5.1242077510507515,6.015101052878021e-14,6.015101052878021e-14
0.19325,6950.544072871091,0.0,0.0,5.124269385994101,6.015074763246919e-14,6.015074763246919e-14
0.1933,6950.506782782102,0.0,0.0,5.124328185362006,6.015045337750203e-14,6.015045337750203e-14
0.19335000000000002,6950.4647740861965,0.0,0.0,5.12438404540471,6.015010528806727e-14,6.015010528806727e-14
0.19340000000000002,6950.418129916663,0.0,0.0,5.124436897230316,6.014973222720136e-14,6.014973222720136e-14
0.19345,6950.36689038209,0.0,0.0,5.124486664580183,6.01493011884478e-14,6.01493011884478e-14
0.1935,6950.311155972357,0.0,0.0,5.124533269995855,6.014885079596038e-14,6.014885079596038e-14
0.19355,6950.250977409569,0.0,0.0,5.124576660929347,6.014834027701648e-14,6.014834027701648e-14
0.19360000000000002,6950.186467771274,0.0,0.0,5.124616756920511,6.014781373570656e-14,6.014781373570656e-14
0.19365000000000002,6950.117693054596,0.0,0.0,5.124653523667257,6.014722829902153e-14,6.014722829902153e-14
0.1937,6950.044772833359,0.0,0.0,5.12468688425287,6.014662670889038e-14,6.014662670889038e-14
0.19375,6949.967793676983,0.0,0.0,5.124716816730925,6.014597170220924e-14,6.014597170220924e-14
0.1938,6949.8868753481,0.0,0.0,5.124743253915807,6.014529638132534e-14,6.014529638132534e-14
0.19385000000000002,6949.802129857391,0.0,0.0,5.1247661811942935,6.014457757615463e-14,6.014457757615463e-14
0.19390000000000002,6949.713671668141,0.0,0.0,5.124785545808878,6.014383044702902e-14,6.014383044702902e-14
0.19395,6949.621641545718,0.0,0.0,5.124801337255411,6.014305357014615e-14,6.014305357014615e-14
0.194,6949.526145195556,0.0,0.0,5.124813519663536,6.014223756314883e-14,6.014223756314883e-14
0.19405,6949.427352849992,0.0,0.0,5.124822085749664,6.014140792528333e-14,6.014140792528333e-14
0.19410000000000002,6949.325360762611,0.0,0.0,5.1248270164755105,6.014052725541243e-14,6.014052725541243e-14
0.19415000000000002,6949.2203662295005,0.0,0.0,5.124828309210606,6.013964943691267e-14,6.013964943691267e-14
0.1942,6949.112458581079,0.0,0.0,5.124825959457353,6.013870981966236e-14,6.013870981966236e-14
0.19425,6949.001856385702,0.0,0.0,5.124819972480388,6.0137787526832e-14,6.0137787526832e-14
0.1943,6948.888647647138,0.0,0.0,5.124810354519399,6.01367961171128e-14,6.01367961171128e-14
0.19435000000000002,6948.773063641556,0.0,0.0,5.1247971228774,6.013583226517176e-14,6.013583226517176e-14
0.19440000000000002,6948.65519893475,0.0,0.0,5.124780290253075,6.013479747623448e-14,6.013479747623448e-14
0.19445,6948.535286961711,0.0,0.0,5.124759889919374,6.01337943909099e-14,6.01337943909099e-14
0.1945,6948.413438042932,0.0,0.0,5.12473593742712,6.013272548060781e-14,6.013272548060781e-14
0.19455,6948.2898766949465,0.0,0.0,5.1247084846199025,6.013168536470154e-14,6.013168536470154e-14
0.19460000000000002,6948.164737746559,0.0,0.0,5.1246775479767,6.01305918902953e-14,6.01305918902953e-14
0.19465000000000002,6948.038226805434,0.0,0.0,5.124643198340472,6.012951727979995e-14,6.012951727979995e-14
0.1947,6947.910510203981,0.0,0.0,5.124605453540336,6.012840854143747e-14,6.012840854143747e-14
0.19475,6947.78176707717,0.0,0.0,5.124564401201821,6.012730287247328e-14,6.012730287247328e-14
0.1948,6947.652198940488,0.0,0.0,5.124520063502769,6.0126187285837e-14,6.0126187285837e-14
0.19485000000000002,6947.521954836524,0.0,0.0,5.124472540074904,6.01250553368208e-14,6.01250553368208e-14
0.19490000000000002,6947.391270830135,0.0,0.0,5.1244218626282345,6.01239400466785e-14,6.01239400466785e-14
0.19495,6947.260266664384,0.0,0.0,5.124368136093023,6.012278821803983e-14,6.012278821803983e-14
0.195,6947.129207720359,0.0,0.0,5.124311408267061,6.012167876723228e-14,6.012167876723228e-14
0.19505,6946.998189929107,0.0,0.0,5.124251781771671,6.012051521400398e-14,6.012051521400398e-14
0.1951,6946.867498230007,0.0,0.0,5.12418932716893,6.011941555061354e-14,6.011941555061354e-14
0.19515000000000002,6946.737214199633,0.0,0.0,5.124124137649263,6.011824994061629e-14,6.011824994061629e-14
0.1952,6946.607629261777,0.0,0.0,5.124056311958424,6.011716262798415e-14,6.011716262798415e-14
0.19525,6946.478822815754,0.0,0.0,5.123985928553428,6.01160058109533e-14,6.01160058109533e-14
0.1953,6946.3510776721105,0.0,0.0,5.123913117222298,6.011493243432262e-14,6.011493243432262e-14
0.19535,6946.224484279424,0.0,0.0,5.123837939443939,6.011379577077087e-14,6.011379577077087e-14
0.19540000000000002,6946.099301882036,0.0,0.0,5.123760555336948,6.01127376062162e-14,6.01127376062162e-14
0.19545,6945.975644053224,0.0,0.0,5.123681010896008,6.011163227607974e-14,6.011163227607974e-14
0.1955,6945.853733504285,0.0,0.0,5.123599491906297,6.011059088665713e-14,6.011059088665713e-14
0.19555,6945.73371622921,0.0,0.0,5.123516034289351,6.01095271472101e-14,6.01095271472101e-14
0.1956,6945.615769283418,0.0,0.0,5.123430840976294,6.010850511511888e-14,6.010850511511888e-14
0.19565000000000002,6945.500075619498,0.0,0.0,5.123343946630432,6.010749159540809e-14,6.010749159540809e-14
0.1957,6945.386762877845,0.0,0.0,5.123255559924487,6.01064929764036e-14,6.01064929764036e-14
0.19575,6945.276050036337,0.0,0.0,5.123165725239102,6.010553626902081e-14,6.010553626902081e-14
0.1958,6945.16801723237,0.0,0.0,5.123074644064379,6.010456691977745e-14,6.010456691977745e-14
0.19585,6945.0629127112625,0.0,0.0,5.122982382123089,6.010367126288401e-14,6.010367126288401e-14
0.19590000000000002,6944.960776932288,0.0,0.0,5.122889121077983,6.010273887254764e-14,6.010273887254764e-14
0.19595,6944.861875311679,0.0,0.0,5.122794958258546,6.010190629918095e-14,6.010190629918095e-14
0.196,6944.766221045637,0.0,0.0,5.1227000451115705,6.01010200621706e-14,6.01010200621706e-14
0.19605,6944.67408092866,0.0,0.0,5.122604517728973,6.010025068728758e-14,6.010025068728758e-14
0.1961,6944.585456391717,0.0,0.0,5.122508490801273,6.009942084707082e-14,6.009942084707082e-14
0.19615000000000002,6944.500597755123,0.0,0.0,5.122412141719669,6.009871348341115e-14,6.009871348341115e-14
0.1962,6944.419511073463,0.0,0.0,5.122315547054921,6.009795049251548e-14,6.009795049251548e-14
0.19625,6944.342412910783,0.0,0.0,5.122218922521351,6.009730342632583e-14,6.009730342632583e-14
0.1963,6944.269328776079,0.0,0.0,5.122122310790406,6.009661719152595e-14,6.009661719152595e-14
0.19635,6944.200426806205,0.0,0.0,5.122025957371345,6.00960289183616e-14,6.00960289183616e-14
0.19640000000000002,6944.135763256911,0.0,0.0,5.121929880604587,6.00954279154296e-14,6.00954279154296e-14
0.19645,6944.075447980635,0.0,0.0,5.12183434238038,6.0094897971666e-14,6.0094897971666e-14
0.1965,6944.019573713117,0.0,0.0,5.121739350410264,6.00943885559246e-14,6.00943885559246e-14
0.19655,6943.968188268615,0.0,0.0,5.121645166324926,6.009391797912283e-14,6.009391797912283e-14
0.1966,6943.921420435569,0.0,0.0,5.121551803213483,6.009350395083453e-14,6.009350395083453e-14
0.19665000000000002,6943.879258810145,0.0,0.0,5.121459504533557,6.009309565788705e-14,6.009309565788705e-14
0.1967,6943.841861174715,0.0,0.0,5.121368304843772,6.009277801168012e-14,6.009277801168012e-14
0.19675,6943.809166240783,0.0,0.0,5.121278412784839,6.009243673668537e-14,6.009243673668537e-14
0.1968,6943.781348138607,0.0,0.0,5.121189897989932,6.009221390527806e-14,6.009221390527806e-14
0.19685,6943.758309875378,0.0,0.0,5.121102921202328,6.009194586889609e-14,6.009194586889609e-14
0.19690000000000002,6943.7402253143155,0.0,0.0,5.121017596268045,6.009181407683993e-14,6.009181407683993e-14
0.19695000000000001,6943.726979283052,0.0,0.0,5.120934028399739,6.009162642461096e-14,6.009162642461096e-14
0.197,6943.718726758272,0.0,0.0,5.120852378550082,6.009158045879529e-14,6.009158045879529e-14
0.19705,6943.715352578155,0.0,0.0,5.120772695595038,6.009148038366601e-14,6.009148038366601e-14
0.1971,6943.716975072292,0.0,0.0,5.120695183541421,6.00915143912957e-14,6.00915143912957e-14
0.19715000000000002,6943.723495541267,0.0,0.0,5.120619841079375,6.009150835770665e-14,6.009150835770665e-14
0.19720000000000001,6943.73498078465,0.0,0.0,5.120546904482677,6.009161670352241e-14,6.009161670352241e-14
0.19725,6943.751361133964,0.0,0.0,5.120476334833067,6.009170951583471e-14,6.009170951583471e-14
0.1973,6943.7726421727175,0.0,0.0,5.120408384243086,6.009188760690438e-14,6.009188760690438e-14
0.19735,6943.798790035894,0.0,0.0,5.120342993466734,6.009208180625296e-14,6.009208180625296e-14
0.19740000000000002,6943.8297457082,0.0,0.0,5.120280410517054,6.009232656838127e-14,6.009232656838127e-14
0.19745000000000001,6943.865511505109,0.0,0.0,5.120220575533118,6.009262198429781e-14,6.009262198429781e-14
0.1975,6943.905967265102,0.0,0.0,5.1201637114326415,6.009293224661871e-14,6.009293224661871e-14
0.19755,6943.95114515791,0.0,0.0,5.1201097771251645,6.00933258661276e-14,6.00933258661276e-14
0.1976,6944.000873708691,0.0,0.0,5.120058951341295,6.009370223252652e-14,6.009370223252652e-14
0.19765000000000002,6944.055203187181,0.0,0.0,5.12001122801987,6.009418848072862e-14,6.009418848072862e-14
0.19770000000000001,6944.11392547274,0.0,0.0,5.119966726976759,6.009463303699473e-14,6.009463303699473e-14
0.19775,6944.1770931874435,0.0,0.0,5.119925488064874,6.009520419730275e-14,6.009520419730275e-14
0.1978,6944.244479408029,0.0,0.0,5.119887563990334,6.009571988714618e-14,6.009571988714618e-14
0.19785,6944.316121701902,0.0,0.0,5.119853044174113,6.009636692816845e-14,6.009636692816845e-14
0.19790000000000002,6944.391792560975,0.0,0.0,5.119821913739096,6.009695674719661e-14,6.009695674719661e-14
0.19795000000000001,6944.471497986012,0.0,0.0,5.119794307639094,6.009767009273058e-14,6.009767009273058e-14
0.198,6944.555026425847,0.0,0.0,5.119770150682617,6.009833632465727e-14,6.009833632465727e-14
0.19805,6944.642338674061,0.0,0.0,5.119749611887677,6.009910675264959e-14,6.009910675264959e-14
0.1981,6944.733251714357,0.0,0.0,5.119732570026107,6.009985011794685e-14,6.009985011794685e-14
0.19815000000000002,6944.827672595772,0.0,0.0,5.11971921075869,6.010066948721289e-14,6.010066948721289e-14
0.19820000000000002,6944.925453904478,0.0,0.0,5.119709385993675,6.010148864558833e-14,6.010148864558833e-14
0.19825,6945.026446284077,0.0,0.0,5.119703277033728,6.01023503797602e-14,6.01023503797602e-14
0.1983,6945.130538964127,0.0,0.0,5.119700730543745,6.01032415249516e-14,6.01032415249516e-14
0.19835,6945.237529897761,0.0,0.0,5.119701901567188,6.010414092244057e-14,6.010414092244057e-14
0.19840000000000002,6945.347339848491,0.0,0.0,5.119706652579571,6.010509778863816e-14,6.010509778863816e-14
0.19845000000000002,6945.45972348816,0.0,0.0,5.1197150926751425,6.01060318712613e-14,6.01060318712613e-14
0.1985,6945.574623133169,0.0,0.0,5.119727117773945,6.010704600422798e-14,6.010704600422798e-14
0.19855,6945.691763891028,0.0,0.0,5.119742776064068,6.01080132552321e-14,6.01080132552321e-14
0.1986,6945.811096161363,0.0,0.0,5.119762008779729,6.010907449263313e-14,6.010907449263313e-14
0.19865000000000002,6945.932331739775,0.0,0.0,5.119784795132015,6.011007422936428e-14,6.011007422936428e-14
0.19870000000000002,6946.055414438312,0.0,0.0,5.119811126107117,6.011117147613817e-14,6.011117147613817e-14
0.19875,6946.1800591275405,0.0,0.0,5.119840911713855,6.011220317971954e-14,6.011220317971954e-14
0.1988,6946.306189200773,0.0,0.0,5.119874189314679,6.011332511055502e-14,6.011332511055502e-14
0.19885,6946.433537317106,0.0,0.0,5.119910807372335,6.011438772368969e-14,6.011438772368969e-14
0.19890000000000002,6946.561995406095,0.0,0.0,5.119950838795551,6.011552360711082e-14,6.011552360711082e-14
0.19895000000000002,6946.691324878411,0.0,0.0,5.1199940850050885,6.011661485967375e-14,6.011661485967375e-14
0.199,6946.8213796074215,0.0,0.0,5.1200406379283,6.01177551321334e-14,6.01177551321334e-14
0.19905,6946.951956007912,0.0,0.0,5.120090271129342,6.011887115622044e-14,6.011887115622044e-14
0.1991,6947.082868272066,0.0,0.0,5.120143075589274,6.012000784973178e-14,6.012000784973178e-14
0.19915000000000002,6947.213948858452,0.0,0.0,5.120198818470177,6.012114289688917e-14,6.012114289688917e-14
0.19920000000000002,6947.344975988006,0.0,0.0,5.120257569174862,6.012226981255581e-14,6.012226981255581e-14
0.19925,6947.475814187346,0.0,0.0,5.120319109121324,6.012341636617684e-14,6.012341636617684e-14
0.1993,6947.606213839477,0.0,0.0,5.120383467802769,6.012452892420987e-14,6.012452892420987e-14
0.19935,6947.736063756676,0.0,0.0,5.120450458149286,6.01256779600546e-14,6.01256779600546e-14
0.19940000000000002,6947.865097865338,0.0,0.0,5.120520056029317,6.012677292786998e-14,6.012677292786998e-14
0.19945000000000002,6947.993218920897,0.0,0.0,5.120592117543392,6.012791441777327e-14,6.012791441777327e-14
0.1995,6948.120157376186,0.0,0.0,5.120666557778445,6.012898935075832e-14,6.012898935075832e-14
0.19955,6948.245818979122,0.0,0.0,5.120743280671933,6.013011289901671e-14,6.013011289901671e-14
0.1996,6948.369943416157,0.0,0.0,5.120822140662377,6.013116561961127e-14,6.013116561961127e-14
0.19965000000000002,6948.492429443281,0.0,0.0,5.120903086937699,6.013226106044816e-14,6.013226106044816e-14
0.19970000000000002,6948.613036927274,0.0,0.0,5.120985920619905,6.01332890795826e-14,6.01332890795826e-14
0.19975,6948.731650159042,0.0,0.0,5.1210706268679305,6.01343471100598e-14,6.01343471100598e-14
0.1998,6948.848056942149,0.0,0.0,5.121156966814835,6.013534718085233e-14,6.013534718085233e-14
0.19985,6948.962123104715,0.0,0.0,5.121244947334157,6.013635974679027e-14,6.013635974679027e-14
0.19990000000000002,6949.073668439399,0.0,0.0,5.1213343069394535,6.013732761398672e-14,6.013732761398672e-14
0.19995000000000002,6949.182540105738,0.0,0.0,5.121425057055524,6.013828819001283e-14,6.013828819001283e-14
0.2,6949.288589987071,0.0,0.0,5.121516932647866,6.013921848330929e-14,6.013921848330929e-14
0.20005,6949.391650085253,0.0,0.0,5.121609932266925,6.014012208589505e-14,6.014012208589505e-14
0.2001,6949.491601105405,0.0,0.0,5.12170380539146,6.014100850311752e-14,6.014100850311752e-14
0.20015000000000002,6949.588266165742,0.0,0.0,5.1217985224521,6.01418515163123e-14,6.01418515163123e-14
0.20020000000000002,6949.681549144979,0.0,0.0,5.1218938623490855,6.014268710017582e-14,6.014268710017582e-14
0.20025,6949.771272335004,0.0,0.0,5.12198975632366,6.014346697161985e-14,6.014346697161985e-14
0.2003,6949.857355905405,0.0,0.0,5.122086022566406,6.014424456880202e-14,6.014424456880202e-14
0.20035,6949.939629747473,0.0,0.0,5.122182547744703,6.01449593660209e-14,6.01449593660209e-14
0.20040000000000002,6950.018023658936,0.0,0.0,5.122279193247996,6.014567209373272e-14,6.014567209373272e-14
0.20045000000000002,6950.092382671118,0.0,0.0,5.122375801845655,6.014632011507351e-14,6.014632011507351e-14
0.2005,6950.162640793253,0.0,0.0,5.122472276021971,6.01469617997514e-14,6.01469617997514e-14
0.20055,6950.228663887261,0.0,0.0,5.122568421128544,6.014754118953082e-14,6.014754118953082e-14
0.2006,6950.290386904783,0.0,0.0,5.122664173331493,6.014810672842444e-14,6.014810672842444e-14
0.20065000000000002,6950.347699700583,0.0,0.0,5.122759311617541,6.01486152617224e-14,6.01486152617224e-14
0.20070000000000002,6950.400537365581,0.0,0.0,5.122853794682217,6.014910079607844e-14,6.014910079607844e-14
0.20075,6950.448814335573,0.0,0.0,5.122947389053336,6.01495358015984e-14,6.01495358015984e-14
0.2008,6950.4924673872765,0.0,0.0,5.123040062897343,6.014993876628061e-14,6.014993876628061e-14
0.20085,6950.53143382867,0.0,0.0,5.12313158500212,6.015029721268722e-14,6.015029721268722e-14
0.20090000000000002,6950.56565548087,0.0,0.0,5.123221920197453,6.015061618735595e-14,6.015061618735595e-14
0.20095000000000002,6950.595089295515,0.0,0.0,5.123310852998575,6.015089492689488e-14,6.015089492689488e-14
0.201,6950.619686410094,0.0,0.0,5.123398334152609,6.015112938710029e-14,6.015112938710029e-14
0.20105,6950.6394195862395,0.0,0.0,5.123484174494304,6.015132546642774e-14,6.015132546642774e-14
0.2011,6950.654253517678,0.0,0.0,5.123568303487792,6.015147545662448e-14,6.015147545662448e-14
0.20115000000000002,6950.664173322891,0.0,0.0,5.123650564751873,6.015158647791958e-14,6.015158647791958e-14
0.20120000000000002,6950.669160495194,0.0,0.0,5.123730863627994,6.015165228182294e-14,6.015165228182294e-14
0.20125,6950.669210272694,0.0,0.0,5.123809078500014,6.015167670925122e-14,6.015167670925122e-14
0.2013,6950.664322529179,0.0,0.0,5.123885092126189,6.015165858917907e-14,6.015165858917907e-14
0.20135,6950.654502100198,0.0,0.0,5.123958815356825,6.015159596659226e-14,6.015159596659226e-14
0.20140000000000002,6950.639766834832,0.0,0.0,5.1240301137775095,6.015149401336854e-14,6.015149401336854e-14
0.20145000000000002,6950.620132469996,0.0,0.0,5.124098925018839,6.01513450411626e-14,6.01513450411626e-14
0.2015,6950.595632549041,0.0,0.0,5.124165105547802,6.015115916868511e-14,6.015115916868511e-14
0.20155,6950.566296529659,0.0,0.0,5.12422861206946,6.015092563328059e-14,6.015092563328059e-14
0.2016,6950.532169995361,0.0,0.0,5.124289301216061,6.015065572217442e-14,6.015065572217442e-14
0.20165,6950.493299766391,0.0,0.0,5.124347140510067,6.015034027747764e-14,6.015034027747764e-14
0.20170000000000002,6950.44973928306,0.0,0.0,5.124401995713757,6.014998643389635e-14,6.014998643389635e-14
0.20175,6950.401556282503,0.0,0.0,5.124453837870745,6.014959229851687e-14,6.014959229851687e-14
0.2018,6950.348808283233,0.0,0.0,5.1245025491763085,6.01491551784944e-14,6.01491551784944e-14
0.20185,6950.291586444064,0.0,0.0,5.124548098969465,6.014868576869962e-14,6.014868576869962e-14
0.2019,6950.229949961383,0.0,0.0,5.124590390603593,6.014816691983349e-14,6.014816691983349e-14
0.20195000000000002,6950.164014002289,0.0,0.0,5.12462938926313,6.014762552562364e-14,6.014762552562364e-14
0.202,6950.093839086783,0.0,0.0,5.1246650211778135,6.014702763751622e-14,6.014702763751622e-14
0.20205,6950.019562587505,0.0,0.0,5.124697247794675,6.014641717606469e-14,6.014641717606469e-14
0.2021,6949.941248391585,0.0,0.0,5.124726017131878,6.014574424580967e-14,6.014574424580967e-14
0.20215,6949.859051700223,0.0,0.0,5.124751289751795,6.014506714649851e-14,6.014506714649851e-14
0.20220000000000002,6949.77304409809,0.0,0.0,5.12477303220164,6.014432444428198e-14,6.014432444428198e-14
0.20225,6949.683392131088,0.0,0.0,5.12479120859046,6.014358272573294e-14,6.014358272573294e-14
0.2023,6949.5901810232135,0.0,0.0,5.124805799604343,6.014277662047726e-14,6.014277662047726e-14
0.20235,6949.493580829578,0.0,0.0,5.124816777769022,6.014197208556425e-14,6.014197208556425e-14
0.2024,6949.393697094743,0.0,0.0,5.12482413353804,6.014110970473234e-14,6.014110970473234e-14
0.20245000000000002,6949.290695341945,0.0,0.0,5.124827852037982,6.014024432311785e-14,6.014024432311785e-14
0.2025,6949.184707490572,0.0,0.0,5.124827930205732,6.013933309270375e-14,6.013933309270375e-14
0.20255,6949.075887642965,0.0,0.0,5.124824368305788,6.013840940095994e-14,6.013840940095994e-14
0.2026,6948.9643983529195,0.0,0.0,5.124817168346767,6.013745658662885e-14,6.013745658662885e-14
0.20265,6948.850377653198,0.0,0.0,5.124806346051329,6.013647812794125e-14,6.013647812794125e-14
0.20270000000000002,6948.7340200700755,0.0,0.0,5.124791909296686,6.013549034788241e-14,6.013549034788241e-14
0.20275,6948.615446231381,0.0,0.0,5.124773887279105,6.013446201950965e-14,6.013446201950965e-14
0.2028,6948.494880322327,0.0,0.0,5.124752296579298,6.013344494507916e-14,6.013344494507916e-14
0.20285,6948.372427868842,0.0,0.0,5.124727175994951,6.0132373171701e-14,6.0132373171701e-14
0.2029,6948.248336668466,0.0,0.0,5.124698555048627,6.013133133037967e-14,6.013133133037967e-14
0.20295000000000002,6948.122703067057,0.0,0.0,5.124666477212061,6.01302240999328e-14,6.01302240999328e-14
0.203,6947.995788997485,0.0,0.0,5.124630989587117,6.012916092950647e-14,6.012916092950647e-14
0.20305,6947.867690395566,0.0,0.0,5.124592135460753,6.012802752716502e-14,6.012802752716502e-14
0.2031,6947.738671591554,0.0,0.0,5.124549983392077,6.012694563605636e-14,6.012694563605636e-14
0.20315,6947.608838474914,0.0,0.0,5.124504572833563,6.012579627011981e-14,6.012579627011981e-14
0.20320000000000002,6947.478445054026,0.0,0.0,5.124455995823442,6.012469783638312e-14,6.012469783638312e-14
0.20325000000000001,6947.347617633622,0.0,0.0,5.1244042865599475,6.012354303753227e-14,6.012354303753227e-14
0.2033,6947.216588047769,0.0,0.0,5.124349559877455,6.012243040315253e-14,6.012243040315253e-14
0.20335,6947.085511667515,0.0,0.0,5.124291846125597,6.01212803893901e-14,6.01212803893901e-14
0.2034,6946.9545888024495,0.0,0.0,5.124231279223861,6.012015658570497e-14,6.012015658570497e-14
0.20345000000000002,6946.824009386174,0.0,0.0,5.124167890003926,6.011902064854844e-14,6.011902064854844e-14
0.20350000000000001,6946.693936716961,0.0,0.0,5.1241018248708645,6.011788996100627e-14,6.011788996100627e-14
0.20355,6946.564596232065,0.0,0.0,5.124033121950254,6.01167759054112e-14,6.01167759054112e-14
0.2036,6946.436113697216,0.0,0.0,5.12396193143893,6.011564420703517e-14,6.011564420703517e-14
0.20365,6946.308745972099,0.0,0.0,5.1238883069946235,6.011455807344794e-14,6.011455807344794e-14
0.20370000000000002,6946.182585735818,0.0,0.0,5.123812393025868,6.011343297483168e-14,6.011343297483168e-14
0.20375000000000001,6946.057912309519,0.0,0.0,5.1237342670681105,6.011237888836221e-14,6.011237888836221e-14
0.2038,6945.934794438198,0.0,0.0,5.123654058756596,6.011126964490461e-14,6.011126964490461e-14
0.20385,6945.813520813188,0.0,0.0,5.123571876356562,6.011025003965873e-14,6.011025003965873e-14
0.2039,6945.6941487366,0.0,0.0,5.12348782792578,6.010916712873617e-14,6.010916712873617e-14
0.20395000000000002,6945.576960752678,0.0,0.0,5.123402056397257,6.010818313559138e-14,6.010818313559138e-14
0.20400000000000001,6945.462016879449,0.0,0.0,5.123314644883406,6.010713772808185e-14,6.010713772808185e-14
0.20405,6945.34957730454,0.0,0.0,5.12322577089944,6.010618977904483e-14,6.010618977904483e-14
0.2041,6945.23971852978,0.0,0.0,5.123135493591404,6.010519293718049e-14,6.010519293718049e-14
0.20415,6945.132663835056,0.0,0.0,5.123044020399365,6.010428150529049e-14,6.010428150529049e-14
0.20420000000000002,6945.028517391885,0.0,0.0,5.122951391967461,6.010334345045775e-14,6.010334345045775e-14
0.20425000000000001,6944.927454481553,0.0,0.0,5.1228578366376185,6.010246969546677e-14,6.010246969546677e-14
0.2043,6944.82961394196,0.0,0.0,5.122763386037997,6.010159906545934e-14,6.010159906545934e-14
0.20435,6944.735117106323,0.0,0.0,5.122668276829162,6.010076549437942e-14,6.010076549437942e-14
0.2044,6944.6441387716295,0.0,0.0,5.122572543901287,6.009996877905382e-14,6.009996877905382e-14
0.20445000000000002,6944.556746420012,0.0,0.0,5.122476417698243,6.009917956605492e-14,6.009917956605492e-14
0.20450000000000002,6944.4731461943975,0.0,0.0,5.122379949671137,6.009846083865009e-14,6.009846083865009e-14
0.20455,6944.393357780329,0.0,0.0,5.122283349398371,6.009772198410124e-14,6.009772198410124e-14
0.2046,6944.317608302505,0.0,0.0,5.122186697259008,6.009708282248832e-14,6.009708282248832e-14
0.20465,6944.245881164633,0.0,0.0,5.122090169338311,6.009640194760998e-14,6.009640194760998e-14
0.20470000000000002,6944.178409605097,0.0,0.0,5.121993884232884,6.00958417891619e-14,6.00958417891619e-14
0.20475000000000002,6944.1151558706315,0.0,0.0,5.121897975851343,6.009522764956304e-14,6.009522764956304e-14
0.2048,6944.056341897047,0.0,0.0,5.121802605629405,6.009474427083304e-14,6.009474427083304e-14
0.20485,6944.001925668413,0.0,0.0,5.121707861929367,6.009420610905145e-14,6.009420610905145e-14
0.2049,6943.952099902501,0.0,0.0,5.121613947810946,6.009379640179534e-14,6.009379640179534e-14
0.20495000000000002,6943.906834495243,0.0,0.0,5.121520908856566,6.009334305213841e-14,6.009334305213841e-14
0.20500000000000002,6943.866277175816,0.0,0.0,5.12142898242835,6.009300382737527e-14,6.009300382737527e-14
0.20505,6943.830422918109,0.0,0.0,5.121338179983826,6.00926429471141e-14,6.00926429471141e-14
0.2051,6943.7993627175,0.0,0.0,5.12124876038197,6.009237169159795e-14,6.009237169159795e-14
0.20515,6943.7731249897515,0.0,0.0,5.12116071456503,6.009210895236273e-14,6.009210895236273e-14
0.20520000000000002,6943.751738083965,0.0,0.0,5.121074305981373,6.009190451826722e-14,6.009190451826722e-14
0.20525000000000002,6943.735266000021,0.0,0.0,5.1209895217583705,6.009174310143407e-14,6.009174310143407e-14
0.2053,6943.723675050796,0.0,0.0,5.1209066111161015,6.009160602555677e-14,6.009160602555677e-14
0.20535,6943.717060611971,0.0,0.0,5.120825574873959,6.009154635927112e-14,6.009154635927112e-14
0.2054,6943.715334053876,0.0,0.0,5.120746629662239,6.00914790289726e-14,6.00914790289726e-14
0.20545000000000002,6943.718611810769,0.0,0.0,5.120669805780466,6.009151881012874e-14,6.009151881012874e-14
0.20550000000000002,6943.726763032289,0.0,0.0,5.120595271998234,6.009152518259971e-14,6.009152518259971e-14
0.20555,6943.739910398088,0.0,0.0,5.120523099712657,6.009165980210308e-14,6.009165980210308e-14
0.2056,6943.757897231826,0.0,0.0,5.12045339972749,6.00917449236556e-14,6.00917449236556e-14
0.20565,6943.780835025675,0.0,0.0,5.12038629024914,6.009196801778352e-14,6.009196801778352e-14
0.20570000000000002,6943.808559427006,0.0,0.0,5.120321820710851,6.009213730658964e-14,6.009213730658964e-14
0.20575000000000002,6943.8411530343665,0.0,0.0,5.120260154710254,6.009244162262665e-14,6.009244162262665e-14
0.2058,6943.878460986645,0.0,0.0,5.120201284265323,6.009269999663908e-14,6.009269999663908e-14
0.20585,6943.920521604396,0.0,0.0,5.1201454098450885,6.00930781971092e-14,6.00930781971092e-14
0.2059,6943.967203602125,0.0,0.0,5.120092476836101,6.009342931023637e-14,6.009342931023637e-14
0.20595000000000002,6944.018489780946,0.0,0.0,5.120042707821418,6.009387479185657e-14,6.009387479185657e-14
0.20600000000000002,6944.074281550765,0.0,0.0,5.119996017922487,6.009432025880035e-14,6.009432025880035e-14
0.20605,6944.134500877502,0.0,0.0,5.119952632648367,6.009482779184177e-14,6.009482779184177e-14
0.2061,6944.199084813287,0.0,0.0,5.119912456491375,6.009536677523507e-14,6.009536677523507e-14
0.20615,6944.267895570071,0.0,0.0,5.119875696827623,6.009593283105203e-14,6.009593283105203e-14
0.20620000000000002,6944.340902538368,0.0,0.0,5.1198422678199735,6.009656180476696e-14,6.009656180476696e-14
0.20625000000000002,6944.417915593419,0.0,0.0,5.119812338489085,6.009718469080362e-14,6.009718469080362e-14
0.2063,6944.498927313608,0.0,0.0,5.119785850771109,6.009789757426132e-14,6.009789757426132e-14
0.20635,6944.5837078991535,0.0,0.0,5.119762918795468,6.00985771266166e-14,6.00985771266166e-14
0.2064,6944.672259778683,0.0,0.0,5.119743525632343,6.009936571993563e-14,6.009936571993563e-14
0.20645000000000002,6944.7643295821235,0.0,0.0,5.119727719818834,6.010010286177198e-14,6.010010286177198e-14
0.20650000000000002,6944.859913826709,0.0,0.0,5.119715532323183,6.010095744398454e-14,6.010095744398454e-14
0.20655,6944.95875310887,0.0,0.0,5.119706942813892,6.010175346331025e-14,6.010175346331025e-14
0.2066,6945.060822275037,0.0,0.0,5.119702029218847,6.01026636437713e-14,6.01026636437713e-14
0.20665,6945.165872311378,0.0,0.0,5.11970070690026,6.010351942946284e-14,6.010351942946284e-14
0.20670000000000002,6945.273842824504,0.0,0.0,5.119703092321863,6.010447490150121e-14,6.010447490150121e-14
0.20675000000000002,6945.384508682812,0.0,0.0,5.119709048322428,6.010539023261569e-14,6.010539023261569e-14
0.2068,6945.4977646367,0.0,0.0,5.11971871496327,6.010638156133738e-14,6.010638156133738e-14
0.20685,6945.613418180114,0.0,0.0,5.1197319200632645,6.010735446118536e-14,6.010735446118536e-14
0.2069,6945.731315021003,0.0,0.0,5.119748807945906,6.010837361327763e-14,6.010837361327763e-14
0.20695000000000002,6945.851298475417,0.0,0.0,5.11976919211377,6.010940003493593e-14,6.010940003493593e-14
0.20700000000000002,6945.973166680251,0.0,0.0,5.119793200042635,6.011044068628877e-14,6.011044068628877e-14
0.20705,6946.096796372061,0.0,0.0,5.119820652162779,6.011151435084923e-14,6.011151435084923e-14
0.2071,6946.2219451439705,0.0,0.0,5.119851639035699,6.011257194324166e-14,6.011257194324166e-14
0.20715,6946.348515712365,0.0,0.0,5.1198860068440455,6.011368456218776e-14,6.011368456218776e-14
0.20720000000000002,6946.476236503348,0.0,0.0,5.119923793038528,6.011475601231193e-14,6.011475601231193e-14
0.20725000000000002,6946.605025290203,0.0,0.0,5.119964883515989,6.011589769534485e-14,6.011589769534485e-14
0.2073,6946.734595475448,0.0,0.0,5.120009252347471,6.011698098902983e-14,6.011698098902983e-14
0.20735,6946.864867092023,0.0,0.0,5.1200568324538756,6.011814084846804e-14,6.011814084846804e-14
0.2074,6946.995553531076,0.0,0.0,5.12010753163381,6.011923438547476e-14,6.011923438547476e-14
0.20745000000000002,6947.126564556476,0.0,0.0,5.120161329603498,6.012040127408674e-14,6.012040127408674e-14
0.20750000000000002,6947.257627367853,0.0,0.0,5.120218072592871,6.012150325715491e-14,6.012150325715491e-14
0.20755,6947.388630916608,0.0,0.0,5.120277779638977,6.012266642144244e-14,6.012266642144244e-14
0.2076,6947.5193273089435,0.0,0.0,5.120340247037044,6.012377425695453e-14,6.012377425695453e-14
0.20765,6947.6495776393285,0.0,0.0,5.120405519522057,6.012492398614786e-14,6.012492398614786e-14
0.20770000000000002,6947.779165906922,0.0,0.0,5.120473360343096,6.012603382923352e-14,6.012603382923352e-14
0.20775000000000002,6947.9079227167895,0.0,0.0,5.12054382232905,6.01271618340503e-14,6.01271618340503e-14
0.2078,6948.035666455183,0.0,0.0,5.120616655431638,6.012826838411819e-14,6.012826838411819e-14
0.20785,6948.16219909347,0.0,0.0,5.120691901426839,6.012936801805221e-14,6.012936801805221e-14
0.2079,6948.287371426036,0.0,0.0,5.120769317016844,6.013046447686236e-14,6.013046447686236e-14
0.20795000000000002,6948.410962843045,0.0,0.0,5.120848914979338,6.013153068880773e-14,6.013153068880773e-14
0.20800000000000002,6948.532850869146,0.0,0.0,5.120930476343688,6.013260902825847e-14,6.013260902825847e-14
0.20805,6948.652801351677,0.0,0.0,5.121013970630093,6.013363809474673e-14,6.013363809474673e-14
0.2081,6948.770710482031,0.0,0.0,5.121099216207595,6.013468943302525e-14,6.013468943302525e-14
0.20815,6948.886341304548,0.0,0.0,5.12118613055819,6.01356785760951e-14,6.01356785760951e-14
0.2082,6948.99959959868,0.0,0.0,5.121274576272588,6.013669372312384e-14,6.013669372312384e-14
0.20825000000000002,6949.110256444231,0.0,0.0,5.1213644166606604,6.013764058420729e-14,6.013764058420729e-14
0.2083,6949.218218772956,0.0,0.0,5.121455558698667,6.013861060123105e-14,6.013861060123105e-14
0.20835,6949.323275172307,0.0,0.0,5.121547816039251,6.013951279136145e-14,6.013951279136145e-14
0.2084,6949.425327119968,0.0,0.0,5.121641133887884,6.014042948892846e-14,6.014042948892846e-14
0.20845,6949.524187748879,0.0,0.0,5.121735286661474,6.014128416430785e-14,6.014128416430785e-14
0.20850000000000002,6949.619749284396,0.0,0.0,5.121830246482991,6.014214052072378e-14,6.014214052072378e-14
0.20855,6949.711853260703,0.0,0.0,5.121925763208306,6.014294414253121e-14,6.014294414253121e-14
0.2086,6949.800382004044,0.0,0.0,5.122021821385191,6.014373449918455e-14,6.014373449918455e-14
0.20865,6949.885206105374,0.0,0.0,5.122118163133784,6.014448276447425e-14,6.014448276447425e-14
0.2087,6949.9662003313815,0.0,0.0,5.122214769912095,6.014520288689762e-14,6.014520288689762e-14
0.20875000000000002,6950.043262096015,0.0,0.0,5.122311392786374,6.014589082667797e-14,6.014589082667797e-14
0.2088,6950.116263340102,0.0,0.0,5.122407995951472,6.014653774613608e-14,6.014653774613608e-14
0.20885,6950.185124066382,0.0,0.0,5.122504353723304,6.014716001170646e-14,6.014716001170646e-14
0.2089,6950.249719464627,0.0,0.0,5.122600402112293,6.014773175236584e-14,6.014773175236584e-14
0.20895,6950.309986934813,0.0,0.0,5.122695948988988,6.014828296450275e-14,6.014828296450275e-14
0.20900000000000002,6950.3658112879175,0.0,0.0,5.122790895908147,6.014877819031858e-14,6.014877819031858e-14
0.20905,6950.417142274948,0.0,0.0,5.122885089462596,6.014925336109692e-14,6.014925336109692e-14
0.2091,6950.463879857435,0.0,0.0,5.122978395817399,6.01496710029422e-14,6.01496710029422e-14
0.20915,6950.505982253105,0.0,0.0,5.123070700141801,6.015006589742043e-14,6.015006589742043e-14
0.2092,6950.54336845847,0.0,0.0,5.123161837371313,6.015040486416422e-14,6.015040486416422e-14
0.20925000000000002,6950.57600303821,0.0,0.0,5.123251726305686,6.015071628069646e-14,6.015071628069646e-14
0.2093,6950.603825797719,0.0,0.0,5.123340179092593,6.015097526081778e-14,6.015097526081778e-14
0.20935,6950.6268075814505,0.0,0.0,5.123427139591671,6.015120117382587e-14,6.015120117382587e-14
0.2094,6950.644908622946,0.0,0.0,5.1235124083667065,6.015137860336874e-14,6.015137860336874e-14
0.20945,6950.658107813152,0.0,0.0,5.12359594382026,6.015151814492956e-14,6.015151814492956e-14
0.20950000000000002,6950.666383692824,0.0,0.0,5.123677547178363,6.015161231066446e-14,6.015161231066446e-14
0.20955000000000001,6950.669726235497,0.0,0.0,5.12375718066223,6.015166561940059e-14,6.015166561940059e-14
0.2096,6950.668129129485,0.0,0.0,5.123834657660882,6.015167489076633e-14,6.015167489076633e-14
0.20965,6950.661596906356,0.0,0.0,5.123909935009104,6.015164284461844e-14,6.015164284461844e-14
0.2097,6950.650135107674,0.0,0.0,5.123982847485663,6.015156597943422e-14,6.015156597943422e-14
0.20975000000000002,6950.633765818477,0.0,0.0,5.12405334010065,6.015144988054294e-14,6.015144988054294e-14
0.20980000000000001,6950.612503896105,0.0,0.0,5.124121274960066,6.015128634531204e-14,6.015128634531204e-14
0.20985,6950.586390669943,0.0,0.0,5.124186582358617,6.015108761413427e-14,6.015108761413427e-14
0.2099,6950.555449237447,0.0,0.0,5.12424915389423,6.015083785029109e-14,6.015083785029109e-14
0.20995,6950.519740013372,0.0,0.0,5.124308905900392,6.015055779378009e-14,6.015055779378009e-14
0.21000000000000002,6950.4792951027075,0.0,0.0,5.124365758104623,6.015022338638174e-14,6.015022338638174e-14
0.21005000000000001,6950.434191792193,0.0,0.0,5.124419616773497,6.01498630810811e-14,6.01498630810811e-14
0.2101,6950.384473792461,0.0,0.0,5.12447042558011,6.014944677738319e-14,6.014944677738319e-14
0.21015,6950.330231262617,0.0,0.0,5.1245180868173295,6.014900711048801e-14,6.014900711048801e-14
0.2102,6950.271523465408,0.0,0.0,5.124562562259171,6.014851269324642e-14,6.014851269324642e-14
0.21025000000000002,6950.208448274918,0.0,0.0,5.12460375721905,6.014799452884255e-14,6.014799452884255e-14
0.21030000000000001,6950.141085053944,0.0,0.0,5.124641645373039,6.014742655527687e-14,6.014742655527687e-14
0.21035,6950.06953398727,0.0,0.0,5.124676141680913,6.014683103757864e-14,6.014683103757864e-14
0.2104,6949.99389863309,0.0,0.0,5.124707226385497,6.014619447194519e-14,6.014619447194519e-14
0.21045,6949.91427692753,0.0,0.0,5.124734829210405,6.01455233690516e-14,6.01455233690516e-14
0.21050000000000002,6949.83079926418,0.0,0.0,5.124758933464637,6.014482320619366e-14,6.014482320619366e-14
0.21055000000000001,6949.743558536138,0.0,0.0,5.124779486505296,6.014407926007699e-14,6.014407926007699e-14
0.2106,6949.652712283479,0.0,0.0,5.124796473528969,6.014332014857553e-14,6.014332014857553e-14
0.21065,6949.558348118425,0.0,0.0,5.1248098598944205,6.014250735442004e-14,6.014250735442004e-14
0.2107,6949.460648159659,0.0,0.0,5.124819633837295,6.014169335621711e-14,6.014169335621711e-14
0.21075000000000002,6949.359697304555,0.0,0.0,5.124825776834229,6.014081708471328e-14,6.014081708471328e-14
0.21080000000000002,6949.255696797715,0.0,0.0,5.124828283140666,6.013995155600795e-14,6.013995155600795e-14
0.21085,6949.148734053516,0.0,0.0,5.124827146920934,6.013901854258909e-14,6.013901854258909e-14
0.2109,6949.039021470342,0.0,0.0,5.124822372393467,6.013810420478807e-14,6.013810420478807e-14
0.21095,6948.926656175754,0.0,0.0,5.124813962421284,6.013712230605229e-14,6.013712230605229e-14
0.21100000000000002,6948.811852255583,0.0,0.0,5.124801935026429,6.013616150260271e-14,6.013616150260271e-14
0.21105000000000002,6948.6947245673455,0.0,0.0,5.1247862983056685,6.013513933657237e-14,6.013513933657237e-14
0.2111,6948.575479097318,0.0,0.0,5.1247670867780215,6.013413439680885e-14,6.013413439680885e-14
0.21115,6948.454255995129,0.0,0.0,5.124744311792955,6.013308083402421e-14,6.013308083402421e-14
0.2112,6948.331244527693,0.0,0.0,5.124718025088145,6.013203457171681e-14,6.013203457171681e-14
0.21125000000000002,6948.206615698302,0.0,0.0,5.12468824140444,6.01309581914285e-14,6.01309581914285e-14
0.21130000000000002,6948.080535971799,0.0,0.0,5.124655028039731,6.01298743456516e-14,6.01298743456516e-14
0.21135,6947.953209670833,0.0,0.0,5.124618405561962,6.012878294626295e-14,6.012878294626295e-14
0.2114,6947.824777897485,0.0,0.0,5.1245784528492155,6.012766659895694e-14,6.012766659895694e-14
0.21145,6947.695476738123,0.0,0.0,5.124535200719649,6.012656677703941e-14,6.012656677703941e-14
0.21150000000000002,6947.565423598438,0.0,0.0,5.124488733908856,6.012542457966995e-14,6.012542457966995e-14
0.21155000000000002,6947.4348805167565,0.0,0.0,5.124439099084945,6.012432155630789e-14,6.012432155630789e-14
0.2116,6947.303946911912,0.0,0.0,5.124386380357826,6.012316175494855e-14,6.012316175494855e-14
0.21165,6947.172901118083,0.0,0.0,5.124330645921728,6.0122059348894e-14,6.0122059348894e-14
0.2117,6947.041833763938,0.0,0.0,5.1242719732288196,6.012089160807981e-14,6.012089160807981e-14
0.21175000000000002,6946.9110268841105,0.0,0.0,5.1242104564701725,6.011979249853186e-14,6.011979249853186e-14
0.21180000000000002,6946.7805736535465,0.0,0.0,5.124146162130561,6.011862744615008e-14,6.011862744615008e-14
0.21185,6946.650745908712,0.0,0.0,5.124079212508423,6.011753359911652e-14,6.011753359911652e-14
0.2119,6946.521651209314,0.0,0.0,5.124009661542277,6.011638228144555e-14,6.011638228144555e-14
0.21195,6946.393537642197,0.0,0.0,5.12393765853777,6.011529551061239e-14,6.011529551061239e-14
0.21200000000000002,6946.266537676549,0.0,0.0,5.123863246699345,6.011416867140972e-14,6.011416867140972e-14
0.21205000000000002,6946.140864443483,0.0,0.0,5.123786597663442,6.011309129311972e-14,6.011309129311972e-14
0.2121,6946.016682673702,0.0,0.0,5.123707749130322,6.011199871490561e-14,6.011199871490561e-14
0.21215,6945.894163183125,0.0,0.0,5.12362688710184,6.01109340832422e-14,6.01109340832422e-14
0.2122,6945.773505929778,0.0,0.0,5.123544051891825,6.010988399565791e-14,6.010988399565791e-14
0.21225000000000002,6945.654837056401,0.0,0.0,5.123459433412744,6.010883698591474e-14,6.010883698591474e-14
0.21230000000000002,6945.538389337896,0.0,0.0,5.123373084486585,6.010783564431258e-14,6.010783564431258e-14
0.21235,6945.424247406414,0.0,0.0,5.123285187403516,6.010681283314661e-14,6.010681283314661e-14
0.2124,6945.3126691783455,0.0,0.0,5.123195817598037,6.010586439584007e-14,6.010586439584007e-14
0.21245,6945.20370597458,0.0,0.0,5.123105138749606,6.010487403895118e-14,6.010487403895118e-14
0.21250000000000002,6945.0976285464885,0.0,0.0,5.123013257563732,6.010398063400232e-14,6.010398063400232e-14
0.21255000000000002,6944.994467270549,0.0,0.0,5.122920310390176,6.010303234812075e-14,6.010303234812075e-14
0.2126,6944.8944901936675,0.0,0.0,5.122826440722704,6.01021944996558e-14,6.01021944996558e-14
0.21265,6944.797721397813,0.0,0.0,5.122731752645679,6.010129868277775e-14,6.010129868277775e-14
0.2127,6944.704409496751,0.0,0.0,5.12263642760198,6.010051586075494e-14,6.010051586075494e-14
0.21275000000000002,6944.614587258481,0.0,0.0,5.1225405372151975,6.0099683008427e-14,6.0099683008427e-14
0.21280000000000002,6944.528467962161,0.0,0.0,5.122444296973274,6.009895436637296e-14,6.009895436637296e-14
0.21285,6944.44610613231,0.0,0.0,5.122347750975478,6.00981942197156e-14,6.00981942197156e-14
0.2129,6944.367666953781,0.0,0.0,5.1222511398495945,6.00975193432928e-14,6.00975193432928e-14
0.21295,6944.2932358712615,0.0,0.0,5.122154489733929,6.009684017707498e-14,6.009684017707498e-14
0.21300000000000002,6944.222921939045,0.0,0.0,5.1220580533449365,6.009621971085368e-14,6.009621971085368e-14
0.21305000000000002,6944.156845415031,0.0,0.0,5.121961851921593,6.009562767772969e-14,6.009562767772969e-14
0.2131,6944.095057183545,0.0,0.0,5.121866134546624,6.009506384359257e-14,6.009506384359257e-14
0.21315,6944.037710026434,0.0,0.0,5.121770932284429,6.00945625999848e-14,6.00945625999848e-14
0.2132,6943.984800879141,0.0,0.0,5.121676474282309,6.009405935179258e-14,6.009405935179258e-14
0.21325000000000002,6943.936506897246,0.0,0.0,5.121582815674385,6.009364997010236e-14,6.009364997010236e-14
0.21330000000000002,6943.892780981369,0.0,0.0,5.121490150934298,6.009321295270253e-14,6.009321295270253e-14
0.21335,6943.853811397743,0.0,0.0,5.121398570858946,6.009289409057136e-14,6.009289409057136e-14
0.2134,6943.8195214269745,0.0,0.0,5.12130822426317,6.009253022436575e-14,6.009253022436575e-14
0.21345,6943.790093889248,0.0,0.0,5.121219244546883,6.009229865716423e-14,6.009229865716423e-14
0.21350000000000002,6943.765439185984,0.0,0.0,5.121131729273011,6.009201551951582e-14,6.009201551951582e-14
0.21355000000000002,6943.745716988725,0.0,0.0,5.121045855489106,6.00918667787305e-14,6.00918667787305e-14
0.2136,6943.7308418085195,0.0,0.0,5.120961670257862,6.009167183440867e-14,6.009167183440867e-14
0.21365,6943.720933597401,0.0,0.0,5.120879388798587,6.009160106176708e-14,6.009160106176708e-14
0.2137,6943.715925696618,0.0,0.0,5.12079901492059,6.009150078658238e-14,6.009150078658238e-14
0.21375000000000002,6943.715885302993,0.0,0.0,5.120720790461379,6.009150351213747e-14,6.009150351213747e-14
0.21380000000000002,6943.720775092795,0.0,0.0,5.12064468879346,6.009150267569869e-14,6.009150267569869e-14
0.21385,6943.730601572123,0.0,0.0,5.120570962011106,6.00915755125202e-14,6.00915755125202e-14
0.2139,6943.745361607255,0.0,0.0,5.120499569852285,6.009167652693975e-14,6.009167652693975e-14
0.21395,6943.76499943974,0.0,0.0,5.1204307554973285,6.00918176717692e-14,6.00918176717692e-14
0.21400000000000002,6943.789544585849,0.0,0.0,5.12036448346982,6.00920202965148e-14,6.00920202965148e-14
0.21405000000000002,6943.81888387241,0.0,0.0,5.1203009686070775,6.009222968158613e-14,6.009222968158613e-14
0.2141,6943.853071922233,0.0,0.0,5.12024019771472,6.009253096649749e-14,6.009253096649749e-14
0.21415,6943.891948829796,0.0,0.0,5.120182340136201,6.009281020111082e-14,6.009281020111082e-14
0.2142,6943.935581666798,0.0,0.0,5.1201274189793295,6.009320475662557e-14,6.009320475662557e-14
0.21425000000000002,6943.983778853415,0.0,0.0,5.120075545680927,6.009355667177598e-14,6.009355667177598e-14
0.21430000000000002,6944.0366041165535,0.0,0.0,5.120026788074973,6.009403724039996e-14,6.009403724039996e-14
0.21435,6944.093851501075,0.0,0.0,5.119981193691777,6.009446529272446e-14,6.009446529272446e-14
0.2144,6944.155564514841,0.0,0.0,5.119938876631033,6.009502343942046e-14,6.009502343942046e-14
0.21445,6944.221540225984,0.0,0.0,5.119899821896917,6.009553092368849e-14,6.009553092368849e-14
0.21450000000000002,6944.291786379526,0.0,0.0,5.119864184000052,6.009615791390426e-14,6.009615791390426e-14
0.21455000000000002,6944.366118063137,0.0,0.0,5.1198318940649825,6.009674715721859e-14,6.009674715721859e-14
0.2146,6944.444495219076,0.0,0.0,5.1198031345000095,6.009743470980769e-14,6.009743470980769e-14
0.21465,6944.526761827129,0.0,0.0,5.119777797298915,6.009810639399729e-14,6.009810639399729e-14
0.2147,6944.612822978667,0.0,0.0,5.11975607508525,6.009884737991413e-14,6.009884737991413e-14
0.21475,6944.702556876907,0.0,0.0,5.119737839690158,6.009959997586664e-14,6.009959997586664e-14
0.21480000000000002,6944.795812809663,0.0,0.0,5.119723273454533,6.010038884973294e-14,6.010038884973294e-14
0.21485,6944.8925025097515,0.0,0.0,5.119712248554284,6.010121840829818e-14,6.010121840829818e-14
0.2149,6944.992424480198,0.0,0.0,5.119704916492999,6.010205135899013e-14,6.010205135899013e-14
0.21495,6945.095517681054,0.0,0.0,5.119701169124743,6.010295150140174e-14,6.010295150140174e-14
0.215,6945.2015402132165,0.0,0.0,5.11970110922234,6.010382635678485e-14,6.010382635678485e-14
0.21505000000000002,6945.310447340905,0.0,0.0,5.11970466376876,6.010478862078488e-14,6.010478862078488e-14
0.2151,6945.421970965607,0.0,0.0,5.11971187408079,6.010570440913404e-14,6.010570440913404e-14
0.21515,6945.536068999265,0.0,0.0,5.119722711751229,6.01067188000326e-14,6.01067188000326e-14
0.2152,6945.652463239824,0.0,0.0,5.119737150719682,6.010767520726151e-14,6.010767520726151e-14
0.21525,6945.771099753342,0.0,0.0,5.1197552094305845,6.010873089173778e-14,6.010873089173778e-14
0.21530000000000002,6945.891706152761,0.0,0.0,5.119776796207723,6.010972753063547e-14,6.010972753063547e-14
0.21535,6946.014203569766,0.0,0.0,5.11980197102875,6.01108136384198e-14,6.01108136384198e-14
0.2154,6946.138339031234,0.0,0.0,5.119830585715,6.011184937770565e-14,6.011184937770565e-14
0.21545,6946.2639988066685,0.0,0.0,5.119862729763472,6.011295567503146e-14,6.011295567503146e-14
0.2155,6946.3909591625015,0.0,0.0,5.119898213722276,6.011402805416425e-14,6.011402805416425e-14
0.21555000000000002,6946.519066069722,0.0,0.0,5.119937139498474,6.011514555588872e-14,6.011514555588872e-14
0.2156,6946.648129903111,0.0,0.0,5.119979295644534,6.011625036784927e-14,6.011625036784927e-14
0.21565,6946.777956117952,0.0,0.0,5.120024776764974,6.011737166063258e-14,6.011737166063258e-14
0.2157,6946.908388952501,0.0,0.0,5.120073370052183,6.011850282993991e-14,6.011850282993991e-14
0.21575,6947.039198099969,0.0,0.0,5.120125143169171,6.011962218634143e-14,6.011962218634143e-14
0.21580000000000002,6947.17025670903,0.0,0.0,5.120179901281513,6.012077183286321e-14,6.012077183286321e-14
0.21585000000000001,6947.301307794038,0.0,0.0,5.12023766823811,6.012188506240725e-14,6.012188506240725e-14
0.2159,6947.4322448116345,0.0,0.0,5.120298282578612,6.012304387647699e-14,6.012304387647699e-14
0.21595,6947.562796016209,0.0,0.0,5.120361712548637,6.012414793770151e-14,6.012414793770151e-14
0.216,6947.692864560025,0.0,0.0,5.120427839662747,6.012530567565198e-14,6.012530567565198e-14
0.21605000000000002,6947.822177082485,0.0,0.0,5.120496571314346,6.012639819550721e-14,6.012639819550721e-14
0.21610000000000001,6947.95063543103,0.0,0.0,5.120567834671336,6.012754431152445e-14,6.012754431152445e-14
0.21615,6948.077977222277,0.0,0.0,5.120641478254562,6.012862298091855e-14,6.012862298091855e-14
0.2162,6948.204093417083,0.0,0.0,5.1207174705269445,6.012974726844329e-14,6.012974726844329e-14
0.21625,6948.328743045214,0.0,0.0,5.120795609868473,6.013080933735074e-14,6.013080933735074e-14
0.21630000000000002,6948.451799291698,0.0,0.0,5.1208758955499665,6.013190246505508e-14,6.013190246505508e-14
0.21635000000000001,6948.5730497958775,0.0,0.0,5.120958090040641,6.013294430667512e-14,6.013294430667512e-14
0.2164,6948.692346717898,0.0,0.0,5.121042208434835,6.013399825403693e-14,6.013399825403693e-14
0.21645,6948.809509559562,0.0,0.0,5.121127994958775,6.01350151291354e-14,6.01350151291354e-14
0.2165,6948.924370112893,0.0,0.0,5.121215463394497,6.01360233678811e-14,6.01360233678811e-14
0.21655000000000002,6949.036779171846,0.0,0.0,5.121304358399012,6.013700940120058e-14,6.013700940120058e-14
0.21660000000000001,6949.14655237243,0.0,0.0,5.1213946755611754,6.013796691653265e-14,6.013796691653265e-14
0.21665,6949.253567896627,0.0,0.0,5.1214861772155205,6.01389152481261e-14,6.01389152481261e-14
0.2167,6949.357632234457,0.0,0.0,5.12157882655568,6.013981833136339e-14,6.013981833136339e-14
0.21675,6949.458644792917,0.0,0.0,5.1216724171604335,6.014072147815453e-14,6.014072147815453e-14
0.21680000000000002,6949.556411438966,0.0,0.0,5.121766870180265,6.014156738765401e-14,6.014156738765401e-14
0.21685000000000001,6949.650845660407,0.0,0.0,5.12186201883918,6.01424176676229e-14,6.01424176676229e-14
0.2169,6949.7417614963415,0.0,0.0,5.121957738310796,6.01432042201423e-14,6.01432042201423e-14
0.21695,6949.829079655343,0.0,0.0,5.122053903852157,6.014399425041579e-14,6.014399425041579e-14
0.217,6949.912630101446,0.0,0.0,5.12215034682876,6.01447193871894e-14,6.01447193871894e-14
0.21705000000000002,6949.992335388007,0.0,0.0,5.122246981045388,6.014544251738919e-14,6.014544251738919e-14
0.21710000000000002,6950.068047153462,0.0,0.0,5.122343601721795,6.014610397600412e-14,6.014610397600412e-14
0.21715,6950.139686614813,0.0,0.0,5.122440152774401,6.014675462446485e-14,6.014675462446485e-14
0.2172,6950.207130274726,0.0,0.0,5.122536405214975,6.014734970447433e-14,6.014734970447433e-14
0.21725,6950.270297407409,0.0,0.0,5.12263232122955,6.014792355390418e-14,6.014792355390418e-14
0.21730000000000002,6950.329089885758,0.0,0.0,5.122727661973332,6.014844906880327e-14,6.014844906880327e-14
0.21735000000000002,6950.383426822523,0.0,0.0,5.122822394661074,6.014894307515567e-14,6.014894307515567e-14
0.2174,6950.433233694429,0.0,0.0,5.122916285334487,6.014939545046254e-14,6.014939545046254e-14
0.21745,6950.478433061424,0.0,0.0,5.123009293584114,6.014980771954528e-14,6.014980771954528e-14
0.2175,6950.518970654859,0.0,0.0,5.123101203493447,6.015018322887239e-14,6.015018322887239e-14
0.21755000000000002,6950.55477706133,0.0,0.0,5.123191956838772,6.015051275149957e-14,6.015051275149957e-14
0.21760000000000002,6950.585814309021,0.0,0.0,5.123281365677984,6.015080784609554e-14,6.015080784609554e-14
0.21765,6950.612025560872,0.0,0.0,5.123369347536532,6.015105418487407e-14,6.015105418487407e-14
0.2177,6950.633385519982,0.0,0.0,5.123455748164209,6.015126583559119e-14,6.015126583559119e-14
0.21775,6950.649853559893,0.0,0.0,5.123540458865149,6.01514288053251e-14,6.01514288053251e-14
0.21780000000000002,6950.661414585311,0.0,0.0,5.123623360189741,6.015155481719185e-14,6.015155481719185e-14
0.21785000000000002,6950.668046204543,0.0,0.0,5.123704319690402,6.015163422977604e-14,6.015163422977604e-14
0.2179,6950.669742707213,0.0,0.0,5.123783249636378,6.015167345205545e-14,6.015167345205545e-14
0.21795,6950.666500047552,0.0,0.0,5.12386000001624,6.015166897580427e-14,6.015166897580427e-14
0.218,6950.6583228434065,0.0,0.0,5.123934508477144,6.015162138534185e-14,6.015162138534185e-14
0.21805000000000002,6950.645223683296,0.0,0.0,5.1240066161883036,6.01515325402204e-14,6.01515325402204e-14
0.21810000000000002,6950.627219925239,0.0,0.0,5.124076277958816,6.015139917740705e-14,6.015139917740705e-14
0.21815,6950.604337736139,0.0,0.0,5.124143335899494,6.015122546867438e-14,6.015122546867438e-14
0.2182,6950.576610460773,0.0,0.0,5.124207753440699,6.015100824417306e-14,6.015100824417306e-14
0.21825,6950.54407420601,0.0,0.0,5.1242693829168475,6.015074940862816e-14,6.015074940862816e-14
0.21830000000000002,6950.506781523319,0.0,0.0,5.124328188931758,6.015045081192456e-14,6.015045081192456e-14
0.21835000000000002,6950.46477515183,0.0,0.0,5.124384041515837,6.015010712374104e-14,6.015010712374104e-14
0.2184,6950.418129147082,0.0,0.0,5.124436901240872,6.014972990083131e-14,6.014972990083131e-14
0.21845,6950.3668907441315,0.0,0.0,5.124486660601497,6.014930247796715e-14,6.014930247796715e-14
0.2185,6950.311156109427,0.0,0.0,5.124533273781462,6.014884932163178e-14,6.014884932163178e-14
0.21855000000000002,6950.250976678815,0.0,0.0,5.124576657447865,6.014834037550132e-14,6.014834037550132e-14
0.21860000000000002,6950.186469152915,0.0,0.0,5.124616759987212,6.014781371100763e-14,6.014781371100763e-14
0.21865,6950.117690981467,0.0,0.0,5.124653521067084,6.014722666766607e-14,6.014722666766607e-14
0.2187,6950.044775592808,0.0,0.0,5.124686886343831,6.014662856017664e-14,6.014662856017664e-14
0.21875,6949.967790247834,0.0,0.0,5.12471681513421,6.014596805135755e-14,6.014596805135755e-14
0.21880000000000002,6949.886879385081,0.0,0.0,5.124743255036383,6.014530026587521e-14,6.014530026587521e-14
0.21885000000000002,6949.802125296668,0.0,0.0,5.124766180480663,6.014457194025491e-14,6.014457194025491e-14
0.2189,6949.713676616443,0.0,0.0,5.12478554618111,6.014383616126099e-14,6.014383616126099e-14
0.21895,6949.62163635691,0.0,0.0,5.12480133711679,6.014304637733104e-14,6.014304637733104e-14
0.219,6949.526150447475,0.0,0.0,5.124813519657758,6.014224452227845e-14,6.014224452227845e-14
0.21905000000000002,6949.427347714234,0.0,0.0,5.124822085781727,6.014139993681528e-14,6.014139993681528e-14
0.21910000000000002,6949.325365571883,0.0,0.0,5.124827016502531,6.01405345603277e-14,6.01405345603277e-14
0.21915,6949.220361949519,0.0,0.0,5.124828309021901,6.013964168398748e-14,6.013964168398748e-14
0.2192,6949.11246212833,0.0,0.0,5.124825959863987,6.013871634080849e-14,6.013871634080849e-14
0.21925,6949.001853738265,0.0,0.0,5.124819971793207,6.013778115319753e-14,6.013778115319753e-14
0.21930000000000002,6948.8886492341835,0.0,0.0,5.12481035549605,6.013680070531472e-14,6.013680070531472e-14
0.21935000000000002,6948.77306324101,0.0,0.0,5.124797121601931,6.01358283466265e-14,6.01358283466265e-14
0.2194,6948.655198044507,0.0,0.0,5.124780291779731,6.013479911440295e-14,6.013479911440295e-14
0.21945,6948.53528917921,0.0,0.0,5.124759888190753,6.01337937807788e-14,6.01337937807788e-14
0.2195,6948.413434501344,0.0,0.0,5.124735939257744,6.013272350126572e-14,6.013272350126572e-14
0.21955000000000002,6948.289881500327,0.0,0.0,5.124708482781385,6.013168849148e-14,6.013168849148e-14
0.21960000000000002,6948.164731760782,0.0,0.0,5.124677549687244,6.013058610661146e-14,6.013058610661146e-14
0.21965,6948.038233823294,0.0,0.0,5.124643196880289,6.012952408792881e-14,6.012952408792881e-14
0.2197,6947.9105023441925,0.0,0.0,5.124605454599151,6.012839931080276e-14,6.012839931080276e-14
0.21975,6947.78177552977,0.0,0.0,5.124564400663292,6.012731273206882e-14,6.012731273206882e-14
0.21980000000000002,6947.652190151081,0.0,0.0,5.124520063390089,6.012617553471988e-14,6.012617553471988e-14
0.21985000000000002,6947.521963678407,0.0,0.0,5.124472540924862,6.012506712013188e-14,6.012506712013188e-14
0.2199,6947.391262225285,0.0,0.0,5.1244218609517835,6.012392711949331e-14,6.012392711949331e-14
0.21995,6947.26027471347,0.0,0.0,5.12436813862507,6.01228004142081e-14,6.01228004142081e-14
0.22,6947.1292005238265,0.0,0.0,5.124311404861349,6.012166631625218e-14,6.012166631625218e-14
0.22005000000000002,6946.998195994473,0.0,0.0,5.124251786000318,6.012052610639005e-14,6.012052610639005e-14
0.22010000000000002,6946.86749352588,0.0,0.0,5.1241893221776476,6.011940525817691e-14,6.011940525817691e-14
0.22015,6946.737217328259,0.0,0.0,5.124124143276158,6.011825789500569e-14,6.011825789500569e-14
0.2202,6946.607627870728,0.0,0.0,5.124056305834631,6.011715599899889e-14,6.011715599899889e-14
0.22025,6946.47882235566,0.0,0.0,5.123985934971111,6.011600946090372e-14,6.011600946090372e-14
0.22030000000000002,6946.351080007889,0.0,0.0,5.123913110713366,6.011493056551911e-14,6.011493056551911e-14
0.22035000000000002,6946.22448009257,0.0,0.0,5.123837945798959,6.011379430620985e-14,6.011379430620985e-14
0.2204,6946.099307830331,0.0,0.0,5.123760549365691,6.01127409773553e-14,6.01127409773553e-14
0.22045,6945.975636475037,0.0,0.0,5.12368101622233,6.011162553904985e-14,6.011162553904985e-14
0.2205,6945.85374249325,0.0,0.0,5.123599487455895,6.011059931397232e-14,6.011059931397232e-14
0.22055000000000002,6945.73370610072,0.0,0.0,5.123516037629123,6.010951571828076e-14,6.010951571828076e-14
0.22060000000000002,6945.615780225509,0.0,0.0,5.123430838923199,6.010851766916523e-14,6.010851766916523e-14
0.22065,6945.500064193396,0.0,0.0,5.123343947232423,6.01074767472812e-14,6.01074767472812e-14
0.2207,6945.386774422157,0.0,0.0,5.123255560871732,6.010650814475608e-14,6.010650814475608e-14
0.22075,6945.276038752929,0.0,0.0,5.123165722667475,6.010551977580557e-14,6.010551977580557e-14
0.22080000000000002,6945.168027852713,0.0,0.0,5.123074648246838,6.01045827362755e-14,6.01045827362755e-14
0.22085000000000002,6945.06290311695,0.0,0.0,5.122982376379919,6.010365523122447e-14,6.010365523122447e-14
0.2209,6944.960785167867,0.0,0.0,5.1228891282454665,6.010275319930797e-14,6.010275319930797e-14
0.22095,6944.861868716581,0.0,0.0,5.122794949827089,6.010189280790982e-14,6.010189280790982e-14
0.221,6944.766225739985,0.0,0.0,5.1227000545651835,6.010103089489443e-14,6.010103089489443e-14
0.22105000000000002,6944.674078325887,0.0,0.0,5.122604507519582,6.010024157245806e-14,6.010024157245806e-14
0.22110000000000002,6944.585456780497,0.0,0.0,5.122508501430562,6.009942655721365e-14,6.009942655721365e-14
0.22115,6944.500599604657,0.0,0.0,5.122412131003657,6.009871002657387e-14,6.009871002657387e-14
0.2212,6944.419507013437,0.0,0.0,5.122315557486158,6.009795014246675e-14,6.009795014246675e-14
0.22125,6944.342419078303,0.0,0.0,5.1222189127265425,6.009730618354761e-14,6.009730618354761e-14
0.22130000000000002,6944.2693206645945,0.0,0.0,5.1221223195752374,6.009661060390708e-14,6.009661060390708e-14
0.22135000000000002,6944.200436599198,0.0,0.0,5.122025949922537,6.009603764722466e-14,6.009603764722466e-14
0.2214,6944.135752093801,0.0,0.0,5.121929886408401,6.009541578881892e-14,6.009541578881892e-14
0.22145,6944.075460153196,0.0,0.0,5.121834338454609,6.009491158833612e-14,6.009491158833612e-14
0.2215,6944.019560902258,0.0,0.0,5.1217393522525585,6.009437233794065e-14,6.009437233794065e-14
0.22155,6943.968201297714,0.0,0.0,5.121645166685181,6.009393476493777e-14,6.009393476493777e-14
0.22160000000000002,6943.921407621625,0.0,0.0,5.121551800580904,6.009348565680445e-14,6.009348565680445e-14
0.22165,6943.8792709674635,0.0,0.0,5.121459509396341,6.009311339741401e-14,6.009311339741401e-14
0.2217,6943.841850063899,0.0,0.0,5.121368297845102,6.009275998375851e-14,6.009275998375851e-14
0.22175,6943.80917594294,0.0,0.0,5.121278421728038,6.009245307900706e-14,6.009245307900706e-14
0.2218,6943.781340162683,0.0,0.0,5.121189887331827,6.009219843311996e-14,6.009219843311996e-14
0.22185000000000002,6943.7583158359,0.0,0.0,5.121102933248061,6.009195860919584e-14,6.009195860919584e-14
0.22190000000000001,6943.740221571652,0.0,0.0,5.121017583196807,6.009180316709332e-14,6.009180316709332e-14
0.22195,6943.726980684016,0.0,0.0,5.120934042064072,6.009163381041901e-14,6.009163381041901e-14
0.222,6943.718727728297,0.0,0.0,5.1208523647193305,6.009157548350162e-14,6.009157548350162e-14
0.22205,6943.715349257035,0.0,0.0,5.120772709127779,6.009148139766287e-14,6.009148139766287e-14
0.22210000000000002,6943.716980641392,0.0,0.0,5.120695170750007,6.009151596674495e-14,6.009151596674495e-14
0.22215000000000001,6943.723487899003,0.0,0.0,5.120619852672044,6.009150279444913e-14,6.009150279444913e-14
0.2222,6943.734990226701,0.0,0.0,5.120546894484893,6.009162457579932e-14,6.009162457579932e-14
0.22225,6943.751350206017,0.0,0.0,5.120476342869931,6.009169809323858e-14,6.009169809323858e-14
0.2223,6943.772654224899,0.0,0.0,5.1204083784477366,6.009190067856584e-14,6.009190067856584e-14
0.22235000000000002,6943.798777240063,0.0,0.0,5.120342996779671,6.009206598471834e-14,6.009206598471834e-14
0.22240000000000001,6943.829758814369,0.0,0.0,5.120280409823941,6.009234309186128e-14,6.009234309186128e-14
0.22245,6943.865498525263,0.0,0.0,5.120220573536447,6.00926038174755e-14,6.00926038174755e-14
0.2225,6943.905979685565,0.0,0.0,5.1201637160665046,6.009294998765189e-14,6.009294998765189e-14
0.22255,6943.951133680324,0.0,0.0,5.120109769965463,6.009330769305923e-14,6.009330769305923e-14
0.22260000000000002,6944.000883876405,0.0,0.0,5.120058960809309,6.00937188546532e-14,6.00937188546532e-14
0.22265000000000001,6944.05519465359,0.0,0.0,5.12001121651374,6.009417258743346e-14,6.009417258743346e-14
0.2227,6944.113932088305,0.0,0.0,5.119966740142746,6.009464634599192e-14,6.009464634599192e-14
0.22275,6944.17708867863,0.0,0.0,5.119925473652797,6.0095192561628e-14,6.0095192561628e-14
0.2228,6944.244481692118,0.0,0.0,5.119887579168619,6.009572817422876e-14,6.009572817422876e-14
0.22285000000000002,6944.316121680837,0.0,0.0,5.119853028703898,6.009636088994648e-14,6.009636088994648e-14
0.22290000000000001,6944.391790326747,0.0,0.0,5.119821928984653,6.009695900361081e-14,6.009695900361081e-14
0.22295,6944.471502377355,0.0,0.0,5.119794293113517,6.009767026606054e-14,6.009767026606054e-14
0.223,6944.55502004851,0.0,0.0,5.119770163987302,6.00983323439592e-14,6.00983323439592e-14
0.22305,6944.642346780495,0.0,0.0,5.119749600233095,6.009911289756047e-14,6.009911289756047e-14
0.22310000000000002,6944.733242162986,0.0,0.0,5.11973257963648,6.009984056015303e-14,6.009984056015303e-14
0.22315000000000002,6944.827683261622,0.0,0.0,5.119719203499487,6.010068060118997e-14,6.010068060118997e-14
0.2232,6944.925442477733,0.0,0.0,5.1197093906405575,6.010147485364278e-14,6.010147485364278e-14
0.22325,6945.026458069683,0.0,0.0,5.119703275147085,6.010236484563713e-14,6.010236484563713e-14
0.2233,6945.130527213476,0.0,0.0,5.119700729597083,6.010322539175563e-14,6.010322539175563e-14
0.22335000000000002,6945.237541227462,0.0,0.0,5.119701905296843,6.010415671130447e-14,6.010415671130447e-14
0.22340000000000002,6945.3473292838935,0.0,0.0,5.11970664617723,6.010508142286931e-14,6.010508142286931e-14
0.22345,6945.459732952873,0.0,0.0,5.119715101528459,6.010604688176129e-14,6.010604688176129e-14
0.2235,6945.574615057001,0.0,0.0,5.119727106749938,6.010703146489504e-14,6.010703146489504e-14
0.22355,6945.691770335136,0.0,0.0,5.119742788871674,6.010802553051155e-14,6.010802553051155e-14
0.22360000000000002,6945.811091506345,0.0,0.0,5.119761994604834,6.010906351709305e-14,6.010906351709305e-14
0.22365000000000002,6945.932334500485,0.0,0.0,5.119784810194362,6.011008228258514e-14,6.011008228258514e-14
0.2237,6946.055413610317,0.0,0.0,5.119811110635139,6.01111652273861e-14,6.01111652273861e-14
0.22375,6946.180058030128,0.0,0.0,5.119840927072715,6.011220613315985e-14,6.011220613315985e-14
0.2238,6946.306192128296,0.0,0.0,5.119874174564711,6.011332410460464e-14,6.011332410460464e-14
0.22385000000000002,6946.433532711494,0.0,0.0,5.1199108210204844,6.011438542300299e-14,6.011438542300299e-14
0.22390000000000002,6946.562001474682,0.0,0.0,5.119950826668292,6.011552761579869e-14,6.011552761579869e-14
0.22395,6946.691317577484,0.0,0.0,5.11999409522213,6.011660787144382e-14,6.011660787144382e-14
0.224,6946.821387863927,0.0,0.0,5.120040629927492,6.011776330790504e-14,6.011776330790504e-14
0.22405,6946.95194709279,0.0,0.0,5.120090276656441,6.0118860616417e-14,6.0118860616417e-14
0.22410000000000002,6947.08287751358,0.0,0.0,5.120143072677256,6.012001883665979e-14,6.012001883665979e-14
0.22415000000000002,6947.213939601959,0.0,0.0,5.120198818696817,6.012113036999458e-14,6.012113036999458e-14
0.2242,6947.344984955787,0.0,0.0,5.120257571589892,6.012228196970021e-14,6.012228196970021e-14
0.22425,6947.475805778184,0.0,0.0,5.120319104162219,6.012340354567432e-14,6.012340354567432e-14
0.2243,6947.606221426003,0.0,0.0,5.120383475099303,6.012454057857886e-14,6.012454057857886e-14
0.22435000000000002,6947.736057209091,0.0,0.0,5.120450448776614,6.012566646944363e-14,6.012566646944363e-14
0.22440000000000002,6947.865103197558,0.0,0.0,5.120520067119525,6.012678257130413e-14,6.012678257130413e-14
0.22445,6947.993214911134,0.0,0.0,5.120592105114149,6.012790556196567e-14,6.012790556196567e-14
0.2245,6948.1201599899505,0.0,0.0,5.1206665711082175,6.012899588483498e-14,6.012899588483498e-14
0.22455,6948.245817778561,0.0,0.0,5.120743266877259,6.013010751420109e-14,6.013010751420109e-14
0.22460000000000002,6948.36994322388,0.0,0.0,5.120822154445634,6.013116843496034e-14,6.013116843496034e-14
0.22465000000000002,6948.492430938407,0.0,0.0,5.120903073607679,6.013225945462836e-14,6.013225945462836e-14
0.2247,6948.613034250138,0.0,0.0,5.120985933059698,6.013328814264182e-14,6.013328814264182e-14
0.22475,6948.731653854581,0.0,0.0,5.121070615687587,6.01343490351089e-14,6.01343490351089e-14
0.2248,6948.848052398885,0.0,0.0,5.121156976388031,6.013534297278418e-14,6.013534297278418e-14
0.22485000000000002,6948.962128286502,0.0,0.0,5.121244939635699,6.013636452447265e-14,6.013636452447265e-14
0.22490000000000002,6949.0736628323575,0.0,0.0,5.121334312542455,6.013732101408295e-14,6.013732101408295e-14
0.22495,6949.182545908124,0.0,0.0,5.121425053661442,6.013829481283961e-14,6.013829481283961e-14
0.225,6949.288584190737,0.0,0.0,5.121516933774201,6.013921061650428e-14,6.013921061650428e-14
0.22505,6949.391655677715,0.0,0.0,5.121609933369709,6.014012942022663e-14,6.014012942022663e-14
0.22510000000000002,6949.491595884998,0.0,0.0,5.121703802141815,6.014100051689851e-14,6.014100051689851e-14
0.22515000000000002,6949.588270853411,0.0,0.0,5.1217985276666,6.014185846858946e-14,6.014185846858946e-14
0.2252,6949.681545103971,0.0,0.0,5.121893855392285,6.01426800165805e-14,6.01426800165805e-14
0.22525,6949.771275642755,0.0,0.0,5.1219897647207375,6.014347264431233e-14,6.014347264431233e-14
0.2253,6949.857353368097,0.0,0.0,5.122086013037258,6.014423911396693e-14,6.014423911396693e-14
0.22535000000000002,6949.939631494198,0.0,0.0,5.122182558045025,6.014496318821473e-14,6.014496318821473e-14
0.22540000000000002,6950.018022679485,0.0,0.0,5.1222791825282625,6.014566863928728e-14,6.014566863928728e-14
0.22545,6950.0923829265075,0.0,0.0,5.122375812600348,6.014632187415612e-14,6.014632187415612e-14
0.2255,6950.162641175334,0.0,0.0,5.122472265576045,6.014696034478807e-14,6.014696034478807e-14
0.22555,6950.228662959773,0.0,0.0,5.122568430925127,6.014754104520873e-14,6.014754104520873e-14
0.22560000000000002,6950.290388260593,0.0,0.0,5.1226641644638065,6.014810694986973e-14,6.014810694986973e-14
0.22565000000000002,6950.347698026615,0.0,0.0,5.122759319291655,6.014861365316916e-14,6.014861365316916e-14
0.2257,6950.400539228207,0.0,0.0,5.122853788391977,6.0149102163483e-14,6.0149102163483e-14
0.22575,6950.448812396056,0.0,0.0,5.122947393805205,6.014953334129084e-14,6.014953334129084e-14
0.2258,6950.492469289546,0.0,0.0,5.123040059750273,6.014994065444867e-14,6.014994065444867e-14
0.22585000000000002,6950.531432045886,0.0,0.0,5.123131586511306,6.015029454142737e-14,6.015029454142737e-14
0.22590000000000002,6950.56565706617,0.0,0.0,5.123221920279711,6.015061802219349e-14,6.015061802219349e-14
0.22595,6950.5950879514885,0.0,0.0,5.123310851399533,6.015089257492967e-14,6.015089257492967e-14
0.226,6950.619687479275,0.0,0.0,5.123398337114261,6.015113074502214e-14,6.015113074502214e-14
0.22605,6950.639418786516,0.0,0.0,5.123484170340333,6.015132375662308e-14,6.015132375662308e-14
0.22610000000000002,6950.654254063729,0.0,0.0,5.123568308606859,6.015147614262802e-14,6.015147614262802e-14
0.22615000000000002,6950.664172981815,0.0,0.0,5.123650558885987,6.015158546698633e-14,6.015158546698633e-14
0.2262,6950.669160684228,0.0,0.0,5.123730869981019,6.01516523509584e-14,6.01516523509584e-14
0.22625,6950.669210155854,0.0,0.0,5.123809071897892,6.015167620173799e-14,6.015167620173799e-14
0.2263,6950.664322648747,0.0,0.0,5.1238850987186675,6.015165831762327e-14,6.015165831762327e-14
0.22635000000000002,6950.654501887565,0.0,0.0,5.1239588089860435,6.015159557742838e-14,6.015159557742838e-14
0.22640000000000002,6950.639767214182,0.0,0.0,5.1240301197152895,6.015149382244476e-14,6.015149382244476e-14
0.22645,6950.620131843468,0.0,0.0,5.124098919670012,6.01513443032722e-14,6.01513443032722e-14
0.2265,6950.595633475495,0.0,0.0,5.124165110160141,6.01511595183716e-14,6.01511595183716e-14
0.22655,6950.566295255688,0.0,0.0,5.124228608276571,6.015092411972647e-14,6.015092411972647e-14
0.22660000000000002,6950.532171627014,0.0,0.0,5.124289304125365,6.015065698530539e-14,6.015065698530539e-14
0.22665000000000002,6950.493297775047,0.0,0.0,5.12434713848266,6.015033772273392e-14,6.015033772273392e-14
0.2267,6950.449741597755,0.0,0.0,5.124401996872536,6.014998878946738e-14,6.014998878946738e-14
0.22675,6950.40155369337,0.0,0.0,5.1244538375090825,6.014958867556985e-14,6.014958867556985e-14
0.2268,6950.348811056737,0.0,0.0,5.124502548816961,6.01491585345584e-14,6.01491585345584e-14
0.22685000000000002,6950.291583584123,0.0,0.0,5.124548099922737,6.014868133921452e-14,6.014868133921452e-14
0.22690000000000002,6950.229952782013,0.0,0.0,5.1245903891722016,6.014817088657659e-14,6.014817088657659e-14
0.22695,6950.164011345,0.0,0.0,5.124629391022551,6.014762081092856e-14,6.014762081092856e-14
0.227,6950.093841433451,0.0,0.0,5.1246650192133645,6.014703157823127e-14,6.014703157823127e-14
0.22705,6950.019560689592,0.0,0.0,5.124697249818358,6.014641289522348e-14,6.014641289522348e-14
0.22710000000000002,6949.941249698276,0.0,0.0,5.124726015154916,6.014574735802263e-14,6.014574735802263e-14
0.22715000000000002,6949.8590510959775,0.0,0.0,5.1247512915679865,6.014506410028956e-14,6.014506410028956e-14
0.2272,6949.773043895226,0.0,0.0,5.124773030609233,6.014432592164862e-14,6.014432592164862e-14
0.22725,6949.683393211685,0.0,0.0,5.124791209895759,6.014358164688156e-14,6.014358164688156e-14
0.2273,6949.590179008638,0.0,0.0,5.124805798596457,6.014277579323534e-14,6.014277579323534e-14
0.22735000000000002,6949.493583780477,0.0,0.0,5.124816778472036,6.014197351107126e-14,6.014197351107126e-14
0.22740000000000002,6949.393693233951,0.0,0.0,5.124824133095361,6.014110619796558e-14,6.014110619796558e-14
0.22745,6949.290700034764,0.0,0.0,5.124827852264297,6.014024844243851e-14,6.014024844243851e-14
0.2275,6949.184702060815,0.0,0.0,5.124827930107977,6.013932693199344e-14,6.013932693199344e-14
0.22755,6949.075893664736,0.0,0.0,5.124824368352727,6.013841600201966e-14,6.013841600201966e-14
0.22760000000000002,6948.964391908857,0.0,0.0,5.124817168239163,6.013744822820181e-14,6.013744822820181e-14
0.22765000000000002,6948.850384304209,0.0,0.0,5.124806346307454,6.013648655362625e-14,6.013648655362625e-14
0.2277,6948.734013429679,0.0,0.0,5.124791908783533,6.013548067595276e-14,6.013548067595276e-14
0.22775,6948.615452623766,0.0,0.0,5.124773888119907,6.013447123414491e-14,6.013447123414491e-14
0.2278,6948.494874408344,0.0,0.0,5.124752295329833,6.013343513727236e-14,6.013343513727236e-14
0.22785000000000002,6948.372433058376,0.0,0.0,5.124727177684075,6.013238188897331e-14,6.013238188897331e-14
0.22790000000000002,6948.248332423644,0.0,0.0,5.124698552889012,6.013132273538336e-14,6.013132273538336e-14
0.22795,6948.122706165058,0.0,0.0,5.124666479814927,6.013023094339016e-14,6.013023094339016e-14
0.228,6947.995787198396,0.0,0.0,5.124630986571088,6.012915484642155e-14,6.012915484642155e-14
0.22805,6947.867690764578,0.0,0.0,5.124592138802988,6.012803127646201e-14,6.012803127646201e-14
0.2281,6947.738672732175,0.0,0.0,5.124549979813875,6.012694312434512e-14,6.012694312434512e-14
0.22815000000000002,6947.6088357846775,0.0,0.0,5.124504576504044,6.012579602558651e-14,6.012579602558651e-14
0.22820000000000001,6947.478449255996,0.0,0.0,5.124455992200203,6.01246995447908e-14,6.01246995447908e-14
0.22825,6947.347612001162,0.0,0.0,5.124404289958713,6.012353842685296e-14,6.012353842685296e-14
0.2283,6947.216594969879,0.0,0.0,5.1243495568624144,6.01224364115218e-14,6.01224364115218e-14
0.22835,6947.085503626024,0.0,0.0,5.124291848571906,6.012127163684749e-14,6.012127163684749e-14
0.22840000000000002,6946.954597726635,0.0,0.0,5.124231277500687,6.01201663898001e-14,6.01201663898001e-14
0.22845000000000001,6946.823999851167,0.0,0.0,5.124167890842314,6.011900859092152e-14,6.011900859092152e-14
0.2285,6946.6939465469895,0.0,0.0,5.124101825026363,6.011790245371308e-14,6.011790245371308e-14
0.22855,6946.564586418536,0.0,0.0,5.1240331206988525,6.01167619198179e-14,6.01167619198179e-14
0.2286,6946.43612316445,0.0,0.0,5.123961933826499,6.01156578388584e-14,6.01156578388584e-14
0.22865000000000002,6946.3087371742,0.0,0.0,5.12388830344473,6.011454387268344e-14,6.011454387268344e-14
0.22870000000000001,6946.182593533569,0.0,0.0,5.123812397689342,6.011344592193802e-14,6.011344592193802e-14
0.22875,6946.057905799706,0.0,0.0,5.123734261362642,6.011236634061943e-14,6.011236634061943e-14
0.2288,6945.934799407146,0.0,0.0,5.123654065358588,6.011128006223173e-14,6.011128006223173e-14
0.22885,6945.813517577968,0.0,0.0,5.123571869017052,6.011024085811472e-14,6.011024085811472e-14
0.22890000000000002,6945.694150076641,0.0,0.0,5.123487835778323,6.010917343723581e-14,6.010917343723581e-14
0.22895000000000001,6945.5769613996235,0.0,0.0,5.123402048265519,6.010817867436623e-14,6.010817867436623e-14
0.229,6945.462014214852,0.0,0.0,5.123314653007237,6.010713881505571e-14,6.010713881505571e-14
0.22905,6945.349581925874,0.0,0.0,5.1232257630587315,6.010619080346328e-14,6.010619080346328e-14
0.2291,6945.239712062188,0.0,0.0,5.123135500847359,6.010518839365148e-14,6.010518839365148e-14
0.22915000000000002,6945.132671970238,0.0,0.0,5.123044013999933,6.010428805883996e-14,6.010428805883996e-14
0.22920000000000001,6945.0285078130655,0.0,0.0,5.122951397227705,6.010333360335644e-14,6.010333360335644e-14
0.22925,6944.927465200484,0.0,0.0,5.1228578327479735,6.010248109201754e-14,6.010248109201754e-14
0.2293,6944.829602422551,0.0,0.0,5.122763388343804,6.01015849996024e-14,6.01015849996024e-14
0.22935,6944.735129048714,0.0,0.0,5.122668276244426,6.010078033517294e-14,6.010078033517294e-14
0.22940000000000002,6944.644126778965,0.0,0.0,5.1225725426558135,6.00999521878916e-14,6.00999521878916e-14
0.22945000000000002,6944.556758065748,0.0,0.0,5.122476420800511,6.009919596506308e-14,6.009919596506308e-14
0.2295,6944.473135286548,0.0,0.0,5.122379944724306,6.009844379548635e-14,6.009844379548635e-14
0.22955,6944.39336756336,0.0,0.0,5.122283356079229,6.009773775732573e-14,6.009773775732573e-14
0.2296,6944.317599973204,0.0,0.0,5.122186688995338,6.009706753595482e-14,6.009706753595482e-14
0.22965000000000002,6944.245887752819,0.0,0.0,5.122090178948296,6.009641494682983e-14,6.009641494682983e-14
0.22970000000000002,6944.178404984322,0.0,0.0,5.121993873536934,6.009583024961566e-14,6.009583024961566e-14
0.22975,6944.115158336801,0.0,0.0,5.121897987297069,6.00952360479215e-14,6.00952360479215e-14
0.2298,6944.056341687236,0.0,0.0,5.1218025937856115,6.009473803568235e-14,6.009473803568235e-14
0.22985,6944.001923594679,0.0,0.0,5.1217078737676,6.009420864985446e-14,6.009420864985446e-14
0.22990000000000002,6943.952104192078,0.0,0.0,5.12161393636352,6.009379632283656e-14,6.009379632283656e-14
0.22995000000000002,6943.906828108425,0.0,0.0,5.121520919508311,6.009333927560219e-14,6.009333927560219e-14
0.23,6943.866285464867,0.0,0.0,5.12142897293962,6.009300996127165e-14,6.009300996127165e-14
0.23005,6943.830412978795,0.0,0.0,5.1213381879440645,6.009263320899153e-14,6.009263320899153e-14
0.2301,6943.799373972301,0.0,0.0,5.121248754246625,6.009238327252764e-14,6.009238327252764e-14
0.23015000000000002,6943.773112784663,0.0,0.0,5.121160718615776,6.009209444552057e-14,6.009209444552057e-14
0.23020000000000002,6943.751750839237,0.0,0.0,5.121074304184011,6.009192002921068e-14,6.009192002921068e-14
0.23025,6943.735253095672,0.0,0.0,5.120989521177203,6.009172564503706e-14,6.009172564503706e-14
0.2303,6943.723687673343,0.0,0.0,5.12090661409972,6.00916234404957e-14,6.00916234404957e-14
0.23035,6943.717048689758,0.0,0.0,5.120825569523667,6.009152818063922e-14,6.009152818063922e-14
0.23040000000000002,6943.7153448735025,0.0,0.0,5.1207466372298995,6.009149602210944e-14,6.009149602210944e-14
0.23045000000000002,6943.718602433349,0.0,0.0,5.120669796194985,6.009150224018023e-14,6.009150224018023e-14
0.2305,6943.726770664183,0.0,0.0,5.12059528330859,6.009153950234536e-14,6.009153950234536e-14
0.23055,6943.739904756484,0.0,0.0,5.12052308700535,6.009164693252057e-14,6.009164693252057e-14
0.2306,6943.7579006861715,0.0,0.0,5.120453413418387,6.009175465351805e-14,6.009175465351805e-14
0.23065000000000002,6943.7808338594095,0.0,0.0,5.120386276005855,6.009196047029758e-14,6.009196047029758e-14
0.23070000000000002,6943.80855827967,0.0,0.0,5.120321835027398,6.009214115116771e-14,6.009214115116771e-14
0.23075,6943.841156433643,0.0,0.0,5.12026014077703,6.009244027655886e-14,6.009244027655886e-14
0.2308,6943.878455445518,0.0,0.0,5.120201297340695,6.009269746246952e-14,6.009269746246952e-14
0.23085,6943.920529095033,0.0,0.0,5.120145398060642,6.009308313578906e-14,6.009308313578906e-14
0.23090000000000002,6943.967194415458,0.0,0.0,5.120092486908435,6.009342073655706e-14,6.009342073655706e-14
0.23095000000000002,6944.018500333252,0.0,0.0,5.120042699800634,6.009388525785452e-14,6.009388525785452e-14
0.231,6944.074269984935,0.0,0.0,5.119996023599309,6.009430681266486e-14,6.009430681266486e-14
0.23105,6944.1345130706795,0.0,0.0,5.119952629509742,6.009484231435886e-14,6.009484231435886e-14
0.2311,6944.199072384656,0.0,0.0,5.119912456951375,6.009535022032493e-14,6.009535022032493e-14
0.23115000000000002,6944.26790781335,0.0,0.0,5.1198756990728365,6.009594944143984e-14,6.009594944143984e-14
0.23120000000000002,6944.340890880302,0.0,0.0,5.119842262914046,6.009654430254635e-14,6.009654430254635e-14
0.23125,6944.41792628769,0.0,0.0,5.1198123458925915,6.009720115678634e-14,6.009720115678634e-14
0.2313,6944.498917904713,0.0,0.0,5.119785841087126,6.009788134658954e-14,6.009788134658954e-14
0.23135,6944.5837157292035,0.0,0.0,5.1197629304431755,6.009859130904608e-14,6.009859130904608e-14
0.23140000000000002,6944.672253762175,0.0,0.0,5.11974351238052,6.009935275801607e-14,6.009935275801607e-14
0.23145000000000002,6944.764333603795,0.0,0.0,5.119727734227111,6.010011294615659e-14,6.010011294615659e-14
0.2315,6944.859911887549,0.0,0.0,5.1197155172201985,6.010094926525532e-14,6.010094926525532e-14
0.23155,6944.958752939981,0.0,0.0,5.119706958105742,6.010175824633367e-14,6.010175824633367e-14
0.2316,6945.060824502955,0.0,0.0,5.119702014221959,6.010266106656504e-14,6.010266106656504e-14
0.23165000000000002,6945.165868119712,0.0,0.0,5.119700721098642,6.010351844006842e-14,6.010351844006842e-14
0.23170000000000002,6945.273848801624,0.0,0.0,5.119703079380322,6.010447801024967e-14,6.010447801024967e-14
0.23175,6945.384501152049,0.0,0.0,5.119709059568872,6.010538377816988e-14,6.010538377816988e-14
0.2318,6945.49777342766,0.0,0.0,5.119718705762549,6.010638967075448e-14,6.010638967075448e-14
0.23185,6945.613408434022,0.0,0.0,5.119731926915218,6.010734357839352e-14,6.010734357839352e-14
0.23190000000000002,6945.731325383248,0.0,0.0,5.119748803648065,6.010838542770977e-14,6.010838542770977e-14
0.23195000000000002,6945.851287842617,0.0,0.0,5.119769193709857,6.010938628041551e-14,6.010938628041551e-14
0.232,6945.973177215223,0.0,0.0,5.119793201177271,6.011045447418909e-14,6.011045447418909e-14
0.23205,6946.09678627457,0.0,0.0,5.119820648340657,6.011149961165628e-14,6.011149961165628e-14
0.2321,6946.221954484556,0.0,0.0,5.119851645387157,6.011258578513908e-14,6.011258578513908e-14
0.23215000000000002,6946.348507399975,0.0,0.0,5.119885998173212,6.011367073603295e-14,6.011367073603295e-14
0.23220000000000002,6946.4762435378625,0.0,0.0,5.119923803718415,6.011476809023013e-14,6.011476809023013e-14
0.23225,6946.605019725461,0.0,0.0,5.119964871180024,6.011588646493357e-14,6.011588646493357e-14
0.2323,6946.734599427696,0.0,0.0,5.120009265903493,6.011698979136577e-14,6.011698979136577e-14
0.23235,6946.86486481605,0.0,0.0,5.120056818121452,6.011813345069045e-14,6.011813345069045e-14
0.23240000000000002,6946.995554111089,0.0,0.0,5.120107546256777,6.011923894331038e-14,6.011923894331038e-14
0.23245000000000002,6947.126565629193,0.0,0.0,5.120161315155234,6.012039835385689e-14,6.012039835385689e-14
0.2325,6947.257624725996,0.0,0.0,5.12021808638199,6.012150321080876e-14,6.012150321080876e-14
0.23255,6947.3886349725535,0.0,0.0,5.120277766943321,6.01226680068741e-14,6.01226680068741e-14
0.2326,6947.5193220279125,0.0,0.0,5.120340258227921,6.012376989705872e-14,6.012376989705872e-14
0.23265000000000002,6947.649583913001,0.0,0.0,5.120405510163233,6.012492949094892e-14,6.012492949094892e-14
0.23270000000000002,6947.779158876893,0.0,0.0,5.120473367582902,6.012602600607349e-14,6.012602600607349e-14
0.23275,6947.907930235487,0.0,0.0,5.1205438174021225,6.012717021694976e-14,6.012717021694976e-14
0.2328,6948.03565871491,0.0,0.0,5.120616657908289,6.012825833906118e-14,6.012825833906118e-14
0.23285,6948.162206776757,0.0,0.0,5.120691901423907,6.012937792586523e-14,6.012937792586523e-14
0.23290000000000002,6948.2873640443,0.0,0.0,5.120769314584471,6.013045365906268e-14,6.013045365906268e-14
0.23295000000000002,6948.410969693338,0.0,0.0,5.120848919706132,6.013154068476608e-14,6.013154068476608e-14
0.233,6948.53284474082,0.0,0.0,5.120930469507061,6.01325988401082e-14,6.01325988401082e-14
0.23305,6948.652806584344,0.0,0.0,5.121013979297643,6.013364686079493e-14,6.013364686079493e-14
0.2331,6948.770706265512,0.0,0.0,5.121099206022341,6.013468106456249e-14,6.013468106456249e-14
0.23315000000000002,6948.886344421102,0.0,0.0,5.121186141876164,6.013568507944362e-14,6.013568507944362e-14
0.23320000000000002,6948.999597606963,0.0,0.0,5.121274564205628,6.01366879774697e-14,6.01366879774697e-14
0.23325,6949.110257312067,0.0,0.0,5.121364429054074,6.01376442226784e-14,6.01376442226784e-14
0.2333,6949.218218978794,0.0,0.0,5.121455546378933,6.013860783220587e-14,6.013860783220587e-14
0.23335,6949.323273968492,0.0,0.0,5.121547827869128,6.013951341693018e-14,6.013951341693018e-14
0.23340000000000002,6949.425329196562,0.0,0.0,5.121641122911229,6.014042959801526e-14,6.014042959801526e-14
0.23345000000000002,6949.5241849355925,0.0,0.0,5.121735296441056,6.014128208544273e-14,6.014128208544273e-14
0.2335,6949.619752671075,0.0,0.0,5.121830238169308,6.014214301280809e-14,6.014214301280809e-14
0.23355,6949.711849458203,0.0,0.0,5.1219257698181915,6.014294001108874e-14,6.014294001108874e-14
0.2336,6949.800386044583,0.0,0.0,5.122021816631383,6.014373862095445e-14,6.014373862095445e-14
0.23365000000000002,6949.885201989216,0.0,0.0,5.122118165926342,6.01444774419755e-14,6.01444774419755e-14
0.23370000000000002,6949.966204359973,0.0,0.0,5.12221476908808,6.01452077533324e-14,6.01452077533324e-14
0.23375,6950.043258283687,0.0,0.0,5.122311391677298,6.014588522042128e-14,6.014588522042128e-14
0.2338,6950.116266816455,0.0,0.0,5.122407998872829,6.014654251236871e-14,6.014654251236871e-14
0.23385,6950.185121010354,0.0,0.0,5.122504349141313,6.014715490821124e-14,6.014715490821124e-14
0.23390000000000002,6950.249722029755,0.0,0.0,5.122600408123257,6.014773573406565e-14,6.014773573406565e-14
0.23395000000000002,6950.309984887516,0.0,0.0,5.1226959417977245,6.014827892298635e-14,6.014827892298635e-14
0.234,6950.365812808791,0.0,0.0,5.122790903976176,6.014878096277635e-14,6.014878096277635e-14
0.23405,6950.417141250918,0.0,0.0,5.122885080808982,6.014925063337427e-14,6.014925063337427e-14
0.2341,6950.463880422863,0.0,0.0,5.122978404732687,6.014967244441043e-14,6.014967244441043e-14
0.23415000000000002,6950.505982076009,0.0,0.0,5.123070691260894,6.015006443721491e-14,6.015006443721491e-14
0.23420000000000002,6950.5433683207775,0.0,0.0,5.123161845910682,6.0150405133482e-14,6.0150405133482e-14
0.23425,6950.576003393797,0.0,0.0,5.123251718361478,6.015071579171623e-14,6.015071579171623e-14
0.2343,6950.603825309915,0.0,0.0,5.12334018620113,6.015097473709902e-14,6.015097473709902e-14
0.23435,6950.626808105104,0.0,0.0,5.123427133494497,6.015120121036451e-14,6.015120121036451e-14
0.23440000000000003,6950.644908138603,0.0,0.0,5.123512413297126,6.01513777708319e-14,6.01513777708319e-14
0.23445000000000002,6950.658108180811,0.0,0.0,5.1235959401388484,6.015151823156686e-14,6.015151823156686e-14
0.23450000000000001,6950.666383488371,0.0,0.0,5.123677549558119,6.015161163879528e-14,6.015161163879528e-14
0.23455,6950.669726236612,0.0,0.0,5.123757179561659,6.015166536476235e-14,6.015166536476235e-14
0.2346,6950.668129336783,0.0,0.0,5.123834657525214,6.015167471425e-14,6.015167471425e-14
0.23465,6950.661596494476,0.0,0.0,5.123909936273123,6.015164203509613e-14,6.015164203509613e-14
0.23470000000000002,6950.650135684817,0.0,0.0,5.123982845212105,6.015156641449059e-14,6.015156641449059e-14
0.23475000000000001,6950.633765123411,0.0,0.0,5.124053343208259,6.015144853156597e-14,6.015144853156597e-14
0.2348,6950.612504632564,0.0,0.0,5.124121271187754,6.015128725365818e-14,6.015128725365818e-14
0.23485,6950.586389968785,0.0,0.0,5.12418658659024,6.015108597254403e-14,6.015108597254403e-14
0.2349,6950.555449804912,0.0,0.0,5.124249149383425,6.015083886619985e-14,6.015083886619985e-14
0.23495000000000002,6950.519739670376,0.0,0.0,5.124308910488209,6.015055629171569e-14,6.015055629171569e-14
0.23500000000000001,6950.479295120321,0.0,0.0,5.124365753603944,6.015022398985333e-14,6.015022398985333e-14
0.23505,6950.434192177818,0.0,0.0,5.124419621018009,6.014986224910473e-14,6.014986224910473e-14
0.2351,6950.384472927159,0.0,0.0,5.124470421708096,6.014944641691993e-14,6.014944641691993e-14
0.23515,6950.330232653626,0.0,0.0,5.12451809020644,6.014900745625367e-14,6.014900745625367e-14
0.23520000000000002,6950.27152151025,0.0,0.0,5.124562559408083,6.014851091208714e-14,6.014851091208714e-14
0.23525000000000001,6950.208450790849,0.0,0.0,5.124603759485834,6.014799642255868e-14,6.014799642255868e-14
0.2353,6950.141081998257,0.0,0.0,5.1246416436800155,6.014742311325083e-14,6.014742311325083e-14
0.23535,6950.069537518112,0.0,0.0,5.124676142818553,6.014683459243223e-14,6.014683459243223e-14
0.2354,6949.993894703892,0.0,0.0,5.124707225734593,6.014618943313174e-14,6.014618943313174e-14
0.23545000000000002,6949.91428113879,0.0,0.0,5.124734829439973,6.014552838382772e-14,6.014552838382772e-14
0.23550000000000001,6949.830794900555,0.0,0.0,5.124758933550548,6.014481696040895e-14,6.014481696040895e-14
0.23555,6949.743562887223,0.0,0.0,5.124779486194655,6.014408519689292e-14,6.014408519689292e-14
0.2356,6949.652708108932,0.0,0.0,5.12479647394468,6.01433133980344e-14,6.01433133980344e-14
0.23565,6949.55835193681,0.0,0.0,5.124809859462915,6.014251339168268e-14,6.014251339168268e-14
0.23570000000000002,6949.460644864558,0.0,0.0,5.124819634179234,6.014168701044203e-14,6.014168701044203e-14
0.23575000000000002,6949.359699900464,0.0,0.0,5.124825776645063,6.014082223572773e-14,6.014082223572773e-14
0.2358,6949.255695050929,0.0,0.0,5.124828283107623,6.013994661591634e-14,6.013994661591634e-14
0.23585,6949.148734815473,0.0,0.0,5.12482714719534,6.01390217967425e-14,6.01390217967425e-14
0.2359,6949.039021782622,0.0,0.0,5.12482237185897,6.01381015927014e-14,6.01381015927014e-14
0.23595000000000002,6948.92665471991,0.0,0.0,5.124813963182966,6.013712282691988e-14,6.013712282691988e-14
0.23600000000000002,6948.81185487652,0.0,0.0,5.1248019340716375,6.013616190026209e-14,6.013616190026209e-14
0.23605,6948.694720789002,0.0,0.0,5.124786299371342,6.013513660227059e-14,6.013513660227059e-14
0.2361,6948.575483961303,0.0,0.0,5.124767085680374,6.013413811677115e-14,6.013413811677115e-14
0.23615,6948.454250150908,0.0,0.0,5.124744312805518,6.013307477884315e-14,6.013307477884315e-14
0.23620000000000002,6948.331251194929,0.0,0.0,5.12471802426304,6.01320414435717e-14,6.01320414435717e-14
0.23625000000000002,6948.206608384392,0.0,0.0,5.124688241913041,6.01309492506745e-14,6.01309492506745e-14
0.2363,6948.080543707527,0.0,0.0,5.124655027949741,6.012988371776993e-14,6.012988371776993e-14
0.23635,6947.95320175747,0.0,0.0,5.1246184051177055,6.01287720312242e-14,6.01287720312242e-14
0.2364,6947.824785711998,0.0,0.0,5.124578453899779,6.012767736129533e-14,6.012767736129533e-14
0.23645000000000002,6947.695469288564,0.0,0.0,5.124535198989604,6.012655518936479e-14,6.012655518936479e-14
0.23650000000000002,6947.565430410074,0.0,0.0,5.124488736337707,6.012543531320983e-14,6.012543531320983e-14
0.23655,6947.434874596305,0.0,0.0,5.124439095943232,6.01243107942456e-14,6.01243107942456e-14
0.2366,6947.303951690933,0.0,0.0,5.124386384164331,6.012317091102575e-14,6.012317091102575e-14
0.23665,6947.172897685841,0.0,0.0,5.12433064150969,6.012205093210634e-14,6.012205093210634e-14
0.23670000000000002,6947.041835678819,0.0,0.0,5.124271978125387,6.012089772813065e-14,6.012089772813065e-14
0.23675000000000002,6946.911026595261,0.0,0.0,5.12421045121558,6.011978771489528e-14,6.011978771489528e-14
0.2368,6946.780572241674,0.0,0.0,5.124146167563533,6.01186294103523e-14,6.01186294103523e-14
0.23685,6946.650749030335,0.0,0.0,5.124079207076441,6.011753332548191e-14,6.011753332548191e-14
0.2369,6946.521646419663,0.0,0.0,5.1240096667519515,6.011637946699137e-14,6.011637946699137e-14
0.23695000000000002,6946.39354397758,0.0,0.0,5.123937653755351,6.011530005266435e-14,6.011530005266435e-14
0.23700000000000002,6946.266529959964,0.0,0.0,5.1238632508291015,6.011416111332403e-14,6.011416111332403e-14
0.23705,6946.1408733183725,0.0,0.0,5.123786594378233,6.01131002955211e-14,6.01131002955211e-14
0.2371,6946.016672893171,0.0,0.0,5.123707751372617,6.011198710421356e-14,6.011198710421356e-14
0.23715,6945.894173557573,0.0,0.0,5.123626886050671,6.011094656696576e-14,6.011094656696576e-14
0.23720000000000002,6945.77349529444,0.0,0.0,5.123544051617404,6.010986963307939e-14,6.010986963307939e-14
0.23725000000000002,6945.654847593647,0.0,0.0,5.123459435077124,6.010885141398728e-14,6.010885141398728e-14
0.2373,6945.538379241097,0.0,0.0,5.123373081390645,6.010782027709099e-14,6.010782027709099e-14
0.23735,6945.424256715229,0.0,0.0,5.123285191897649,6.01068273388851e-14,6.01068273388851e-14
0.2374,6945.312660981865,0.0,0.0,5.123195811766089,6.010584997323844e-14,6.010584997323844e-14
0.23745000000000002,6945.203712749335,0.0,0.0,5.12310514577643,6.010488664100861e-14,6.010488664100861e-14
0.23750000000000002,6945.0976234413,0.0,0.0,5.123013249511937,6.010396907270156e-14,6.010396907270156e-14
0.23755,6944.994470505953,0.0,0.0,5.122920319225806,6.010304124647827e-14,6.010304124647827e-14
0.2376,6944.894488958717,0.0,0.0,5.122826431355453,6.010218737536166e-14,6.010218737536166e-14
0.23765,6944.797720546022,0.0,0.0,5.122731762235144,6.010130252203818e-14,6.010130252203818e-14
0.23770000000000002,6944.704412439964,0.0,0.0,5.122636418099513,6.010051422185521e-14,6.010051422185521e-14
0.23775000000000002,6944.614582285381,0.0,0.0,5.122540546285467,6.009968106631987e-14,6.009968106631987e-14
0.2378,6944.528474815474,0.0,0.0,5.1224442886524235,6.009895854084491e-14,6.009895854084491e-14
0.23785,6944.446097594344,0.0,0.0,5.122347758222373,6.009818656536539e-14,6.009818656536539e-14
0.2379,6944.367676915227,0.0,0.0,5.12225113395371,6.009752888854322e-14,6.009752888854322e-14
0.23795000000000002,6944.293224787918,0.0,0.0,5.122154494012555,6.009682763797807e-14,6.009682763797807e-14
0.23800000000000002,6944.222933778481,0.0,0.0,5.122058050878189,6.009623345740699e-14,6.009623345740699e-14
0.23805,6944.156833202703,0.0,0.0,5.121961852418513,6.009561178273238e-14,6.009561178273238e-14
0.2381,6944.095069364871,0.0,0.0,5.1218661360875695,6.00950800099796e-14,6.00950800099796e-14
0.23815,6944.037698263987,0.0,0.0,5.1217709286785515,6.00945453492671e-14,6.00945453492671e-14
0.23820000000000002,6943.984811826955,0.0,0.0,5.121676479886298,6.009407581331485e-14,6.009407581331485e-14
0.23825000000000002,6943.936497131897,0.0,0.0,5.121582808186412,6.009363357753365e-14,6.009363357753365e-14
0.2383,6943.892789223535,0.0,0.0,5.121490160092904,6.009322748018388e-14,6.009322748018388e-14
0.23835,6943.853804948215,0.0,0.0,5.121398560280602,6.009288069363483e-14,6.009288069363483e-14
0.2384,6943.819525864157,0.0,0.0,5.121308235932242,6.009254082983282e-14,6.009254082983282e-14
0.23845000000000002,6943.790091613721,0.0,0.0,5.121219232133641,6.009228999712115e-14,6.009228999712115e-14
0.23850000000000002,6943.765439203027,0.0,0.0,5.1211317420211095,6.009202070766545e-14,6.009202070766545e-14
0.23855,6943.745719233854,0.0,0.0,5.121045842815117,6.009186400505804e-14,6.009186400505804e-14
0.2386,6943.730837369847,0.0,0.0,5.12096168241868,6.009167082216809e-14,6.009167082216809e-14
0.23865,6943.720940074347,0.0,0.0,5.1208793775534165,6.009160452941094e-14,6.009160452941094e-14
0.23870000000000002,6943.715917382428,0.0,0.0,5.120799024848093,6.009149363119216e-14,6.009149363119216e-14
0.23875000000000002,6943.7158951821575,0.0,0.0,5.120720782196751,6.009151276917662e-14,6.009151276917662e-14
0.2388,6943.720763966924,0.0,0.0,5.120644695074442,6.009149023688176e-14,6.009149023688176e-14
0.23885,6943.730613564205,0.0,0.0,5.1205709579466205,6.009158933495814e-14,6.009158933495814e-14
0.2389,6943.745349140576,0.0,0.0,5.120499571519165,6.00916603916189e-14,6.00916603916189e-14
0.23895000000000002,6943.765011970257,0.0,0.0,5.120430756307188,6.009183422804044e-14,6.009183422804044e-14
0.23900000000000002,6943.78953239006,0.0,0.0,5.1203644801581865,6.009200251365681e-14,6.009200251365681e-14
0.23905,6943.818895326264,0.0,0.0,5.120300974336775,6.00922467974803e-14,6.00922467974803e-14
0.2391,6943.853061582828,0.0,0.0,5.120240189712073,6.00925137995186e-14,6.00925137995186e-14
0.23915,6943.89195771631,0.0,0.0,5.120182350158825,6.009282561774024e-14,6.009282561774024e-14
0.23920000000000002,6943.935574501467,0.0,0.0,5.120127407232259,6.009319035729551e-14,6.009319035729551e-14
0.23925000000000002,6943.983784073305,0.0,0.0,5.120075558773307,6.009356839581871e-14,6.009356839581871e-14
0.2393,6944.036600996853,0.0,0.0,5.120026774040467,6.009402735838827e-14,6.009402735838827e-14
0.23935,6944.0938524240055,0.0,0.0,5.1199812081990554,6.009447182404585e-14,6.009447182404585e-14
0.2394,6944.15556578976,0.0,0.0,5.1199388621170465,6.00950192181083e-14,6.00950192181083e-14
0.23945000000000002,6944.221536818296,0.0,0.0,5.119899835926815,6.009553148527804e-14,6.009553148527804e-14
0.23950000000000002,6944.291791777236,0.0,0.0,5.1198641709046,6.009615971297219e-14,6.009615971297219e-14
0.23955,6944.36611086167,0.0,0.0,5.119831905778354,6.009674177816793e-14,6.009674177816793e-14
0.2396,6944.444503964641,0.0,0.0,5.11980312455403,6.009744211506095e-14,6.009744211506095e-14
0.23965,6944.5267518409555,0.0,0.0,5.1197778051262235,6.009809588305611e-14,6.009809588305611e-14
0.23970000000000002,6944.612833848588,0.0,0.0,5.119756069630622,6.00988592363793e-14,6.00988592363793e-14
0.23975000000000002,6944.702545483926,0.0,0.0,5.119737842575907,6.009958581736385e-14,6.009958581736385e-14
0.2398,6944.79582434563,0.0,0.0,5.119723273227724,6.010040345745843e-14,6.010040345745843e-14
0.23985,6944.892491201315,0.0,0.0,5.1197122460930125,6.010120250419377e-14,6.010120250419377e-14
0.2399,6944.992435184148,0.0,0.0,5.119704921555176,6.010206670444962e-14,6.010206670444962e-14
0.23995000000000002,6945.095507918721,0.0,0.0,5.1197011616152945,6.010293593918596e-14,6.010293593918596e-14
0.24000000000000002,6945.2015487302215,0.0,0.0,5.119701118917018,6.010384038008954e-14,6.010384038008954e-14
0.24005,6945.310440310836,0.0,0.0,5.119704652193986,6.010477535038669e-14,6.010477535038669e-14
0.2401,6945.421976303648,0.0,0.0,5.119711887144244,6.010571531008542e-14,6.010571531008542e-14
0.24015,6945.536065490961,0.0,0.0,5.119722697616807,6.010670939737564e-14,6.010670939737564e-14
0.24020000000000002,6945.652464836878,0.0,0.0,5.119737165443071,6.010768164595152e-14,6.010768164595152e-14
0.24025000000000002,6945.77110006354,0.0,0.0,5.119755194591997,6.010872636010276e-14,6.010872636010276e-14
0.2403,6945.891703990543,0.0,0.0,5.11977681066561,6.010972883118247e-14,6.010972883118247e-14
0.24035,6946.014207462305,0.0,0.0,5.119801957407595,6.011081428610886e-14,6.011081428610886e-14
0.2404,6946.138333569187,0.0,0.0,5.1198305980460495,6.011184556651749e-14,6.011184556651749e-14
0.24045000000000002,6946.2640056098035,0.0,0.0,5.119862719109826,6.011296113361578e-14,6.011296113361578e-14
0.24050000000000002,6946.390951278257,0.0,0.0,5.119898222349798,6.011401984083039e-14,6.011401984083039e-14
0.24055,6946.519074735385,0.0,0.0,5.119937133148329,6.011515482888804e-14,6.011515482888804e-14
0.2406,6946.648120753163,0.0,0.0,5.119979299520616,6.01162390142466e-14,6.01162390142466e-14
0.24065,6946.777965435419,0.0,0.0,5.1200247754564066,6.011738331983833e-14,6.011738331983833e-14
0.24070000000000003,6946.908379773505,0.0,0.0,5.1200733687611475,6.011848993021562e-14,6.011848993021562e-14
0.24075000000000002,6947.039206833088,0.0,0.0,5.1201251469767195,6.011963456262365e-14,6.011963456262365e-14
0.24080000000000001,6947.170248687101,0.0,0.0,5.12017989510231,6.012075909857874e-14,6.012075909857874e-14
0.24085,6947.301314866658,0.0,0.0,5.120237676543154,6.012189649562028e-14,6.012189649562028e-14
0.2409,6947.432238874968,0.0,0.0,5.12029827243193,6.012303286290565e-14,6.012303286290565e-14
0.24095000000000003,6947.5628006588,0.0,0.0,5.120361724169278,6.012415700666964e-14,6.012415700666964e-14
0.24100000000000002,6947.692861308564,0.0,0.0,5.120427826958205,6.01252976052542e-14,6.01252976052542e-14
0.24105000000000001,6947.8221788907695,0.0,0.0,5.120496584655058,6.012640388423826e-14,6.012640388423826e-14
0.2411,6947.95063505059,0.0,0.0,5.120567821128527,6.012753991222771e-14,6.012753991222771e-14
0.24115,6948.077976223687,0.0,0.0,5.1206414915443625,6.01286248183145e-14,6.01286248183145e-14
0.2412,6948.204095692278,0.0,0.0,5.120717457906519,6.012974671924397e-14,6.012974671924397e-14
0.24125000000000002,6948.328739623839,0.0,0.0,5.120795621406079,6.01308073998296e-14,6.01308073998296e-14
0.24130000000000001,6948.451803677261,0.0,0.0,5.1208758854416825,6.013190542254707e-14,6.013190542254707e-14
0.24135,6948.573044641115,0.0,0.0,5.120958098408941,6.01329391870484e-14,6.01329391870484e-14
0.2414,6948.692352420794,0.0,0.0,5.121042202028001,6.01340039294918e-14,6.01340039294918e-14
0.24145,6948.809503521034,0.0,0.0,5.121127999228037,6.013500779424592e-14,6.013500779424592e-14
0.24150000000000002,6948.924376259194,0.0,0.0,5.121215461343413,6.013603069756082e-14,6.013603069756082e-14
0.24155000000000001,6949.036773127642,0.0,0.0,5.121304358205856,6.013700101923628e-14,6.013700101923628e-14
0.2416,6949.146558109121,0.0,0.0,5.121394677921029,6.013797471644054e-14,6.013797471644054e-14
0.24165,6949.253562632679,0.0,0.0,5.121486172814,6.013890700238452e-14,6.013890700238452e-14
0.2417,6949.357636878391,0.0,0.0,5.121578832786885,6.013982549478025e-14,6.013982549478025e-14
0.24175000000000002,6949.458640874579,0.0,0.0,5.121672409340279,6.014071437502443e-14,6.014071437502443e-14
0.24180000000000001,6949.556414546696,0.0,0.0,5.121766879274415,6.014157303058725e-14,6.014157303058725e-14
0.24185,6949.650843398395,0.0,0.0,5.121862008797734,6.014241242112776e-14,6.014241242112776e-14
0.2419,6949.741762904527,0.0,0.0,5.121957748926118,6.01432077918073e-14,6.01432077918073e-14
0.24195,6949.829079063296,0.0,0.0,5.1220538930161315,6.014399119333477e-14,6.014399119333477e-14
0.24200000000000002,6949.912629929905,0.0,0.0,5.122150357513185,6.014472072507864e-14,6.014472072507864e-14
0.24205000000000002,6949.992336233506,0.0,0.0,5.122246970845853,6.014544161036472e-14,6.014544161036472e-14
0.2421,6950.068045732955,0.0,0.0,5.122343611106219,6.014610327633215e-14,6.014610327633215e-14
0.24215,6950.139688482026,0.0,0.0,5.122440144471294,6.014675550769279e-14,6.014675550769279e-14
0.2422,6950.207128082509,0.0,0.0,5.122536412198024,6.014734745777787e-14,6.014734745777787e-14
0.24225000000000002,6950.270299790258,0.0,0.0,5.122632315728728,6.014792565103311e-14,6.014792565103311e-14
0.24230000000000002,6950.329087428266,0.0,0.0,5.1227276658627625,6.014844592616296e-14,6.014844592616296e-14
0.24235,6950.3834292340625,0.0,0.0,5.122822392429778,6.014894572755482e-14,6.014894572755482e-14
0.2424,6950.43323142153,0.0,0.0,5.122916285899893,6.014939208996033e-14,6.014939208996033e-14
0.24245,6950.4784351107555,0.0,0.0,5.123009294609228,6.014981030806202e-14,6.014981030806202e-14
0.24250000000000002,6950.518968878094,0.0,0.0,5.123101200980461,6.015018021844342e-14,6.015018021844342e-14
0.24255000000000002,6950.554778527358,0.0,0.0,5.123191960668138,6.015051481447442e-14,6.015051481447442e-14
0.2426,6950.585813156834,0.0,0.0,5.123281360717091,6.015080554226097e-14,6.015080554226097e-14
0.24265,6950.612026407375,0.0,0.0,5.123369353386828,6.015105548375978e-14,6.015105548375978e-14
0.2427,6950.633384937343,0.0,0.0,5.123455741661447,6.015126433721258e-14,6.015126433721258e-14
0.24275000000000002,6950.649853926465,0.0,0.0,5.12354046575044,6.01514293526263e-14,6.01514293526263e-14
0.24280000000000002,6950.661414361934,0.0,0.0,5.1236233531638105,6.015155397063226e-14,6.015155397063226e-14
0.24285,6950.668046353991,0.0,0.0,5.123704326600044,6.015163426062067e-14,6.015163426062067e-14
0.2429,6950.669742545963,0.0,0.0,5.123783243058145,6.015167291644299e-14,6.015167291644299e-14
0.24295,6950.6665002918135,0.0,0.0,5.123860006051155,6.01516688757375e-14,6.01516688757375e-14
0.24300000000000002,6950.658322439316,0.0,0.0,5.1239345031389405,6.015162073113974e-14,6.015162073113974e-14
0.24305000000000002,6950.645224298901,0.0,0.0,5.124006620692622,6.015153274067e-14,6.015153274067e-14
0.2431,6950.627219048643,0.0,0.0,5.12407627436318,6.015139800353222e-14,6.015139800353222e-14
0.24315,6950.604338890219,0.0,0.0,5.12414333852963,6.015122633177737e-14,6.015122633177737e-14
0.2432,6950.5766090222305,0.0,0.0,5.124207751768703,6.01510062857738e-14,6.01510062857738e-14
0.24325000000000002,6950.544075899193,0.0,0.0,5.124269383655114,6.015075112028281e-14,6.015075112028281e-14
0.24330000000000002,6950.506779614675,0.0,0.0,5.1243281890446575,6.015044802231221e-14,6.015044802231221e-14
0.24335,6950.464777202992,0.0,0.0,5.124384040638439,6.01501096253416e-14,6.01501096253416e-14
0.2434,6950.418127034261,0.0,0.0,5.124436902749551,6.014972648312138e-14,6.014972648312138e-14
0.24345,6950.3668928083025,0.0,0.0,5.124486658586282,6.014930544534282e-14,6.014930544534282e-14
0.24350000000000002,6950.311154203259,0.0,0.0,5.1245332761440965,6.014884571978755e-14,6.014884571978755e-14
0.24355000000000002,6950.2509783017895,0.0,0.0,5.124576654871904,6.014834325614636e-14,6.014834325614636e-14
0.2436,6950.186467925896,0.0,0.0,5.12461676262434,6.014781053820125e-14,6.014781053820125e-14
0.24365,6950.117691692218,0.0,0.0,5.1246535184826145,6.014722877819425e-14,6.014722877819425e-14
0.2437,6950.044775495591,0.0,0.0,5.1246868887548,6.014662649962262e-14,6.014662649962262e-14
0.24375000000000002,6949.967789641789,0.0,0.0,5.124716812970567,6.014596869900417e-14,6.014596869900417e-14
0.24380000000000002,6949.886880745177,0.0,0.0,5.124743256881631,6.014529993962573e-14,6.014529993962573e-14
0.24385,6949.802123146813,0.0,0.0,5.124766178973318,6.014457057770987e-14,6.014457057770987e-14
0.2439,6949.71367954983,0.0,0.0,5.1247855473359465,6.014383799532924e-14,6.014383799532924e-14
0.24395,6949.621632665751,0.0,0.0,5.124801336280391,6.014304272141493e-14,6.014304272141493e-14
0.24400000000000002,6949.526154819954,0.0,0.0,5.124813520211278,6.014224864329473e-14,6.014224864329473e-14
0.24405000000000002,6949.427342759988,0.0,0.0,5.1248220854329265,6.014139406646506e-14,6.014139406646506e-14
0.2441,6949.325370965138,0.0,0.0,5.124827016717058,6.014054071255315e-14,6.014054071255315e-14
0.24415,6949.220356271419,0.0,0.0,5.124828308839155,6.013963406997913e-14,6.013963406997913e-14
0.2442,6949.112467901637,0.0,0.0,5.124825960096894,6.013872389142724e-14,6.013872389142724e-14
0.24425000000000002,6949.001848067015,0.0,0.0,5.12481997140734,6.013777261856435e-14,6.013777261856435e-14
0.24430000000000002,6948.888654583166,0.0,0.0,5.12481035610342,6.013680868736066e-14,6.013680868736066e-14
0.24435,6948.7730584205765,0.0,0.0,5.124797120695099,6.013581998144159e-14,6.013581998144159e-14
0.2444,6948.655202128916,0.0,0.0,5.124780293018578,6.013480635772795e-14,6.013480635772795e-14
0.24445,6948.535286012393,0.0,0.0,5.124759886585778,6.013378677576827e-14,6.013378677576827e-14
0.24450000000000002,6948.413436577053,0.0,0.0,5.124735941210967,6.013272880204424e-14,6.013272880204424e-14
0.24455000000000002,6948.289880645815,0.0,0.0,5.124708480501531,6.013168398000031e-14,6.013168398000031e-14
0.2446,6948.164731294439,0.0,0.0,5.124677552219478,6.013058841208816e-14,6.013058841208816e-14
0.24465,6948.038235651843,0.0,0.0,5.124643194171647,6.01295229478005e-14,6.01295229478005e-14
0.2447,6947.910499143259,0.0,0.0,5.124605457362397,6.012839792040116e-14,6.012839792040116e-14
0.24475000000000002,6947.781780054763,0.0,0.0,5.1245643979632645,6.012731543702526e-14,6.012731543702526e-14
0.24480000000000002,6947.652184388915,0.0,0.0,5.12452006587277,6.012617021976535e-14,6.012617021976535e-14
0.24485,6947.521970524027,0.0,0.0,5.124472538797618,6.012507363263428e-14,6.012507363263428e-14
0.2449,6947.391254482158,0.0,0.0,5.1244218625651765,6.012391821996435e-14,6.012391821996435e-14
0.24495,6947.260283120604,0.0,0.0,5.12436813765252,6.012281013421894e-14,6.012281013421894e-14
0.24500000000000002,6947.12919170239,0.0,0.0,5.12431140505824,6.012165471342162e-14,6.012165471342162e-14
0.24505000000000002,6946.998204939994,0.0,0.0,5.124251786668671,6.01205379348543e-14,6.01205379348543e-14
0.2451,6946.867484753654,0.0,0.0,5.1241893205606175,6.011939228783537e-14,6.011939228783537e-14
0.24515,6946.737225614813,0.0,0.0,5.124124145864769,6.011827033127862e-14,6.011827033127862e-14
0.2452,6946.607620357487,0.0,0.0,5.124056302265753,6.011714328703478e-14,6.011714328703478e-14
0.24525000000000002,6946.478828815555,0.0,0.0,5.123985939463954,6.01160208196571e-14,6.01160208196571e-14
0.24530000000000002,6946.351074846559,0.0,0.0,5.123913105368856,6.011491979329424e-14,6.011491979329424e-14
0.24535,6946.224483732377,0.0,0.0,5.123837951855395,6.011380293467671e-14,6.011380293467671e-14
0.2454,6946.09930587313,0.0,0.0,5.123760542751789,6.011273366910325e-14,6.011273366910325e-14
0.24545,6945.97563663607,0.0,0.0,5.1236810231814784,6.011163006801495e-14,6.011163006801495e-14
0.24550000000000002,6945.853744171212,0.0,0.0,5.123599480365208,6.011059658388775e-14,6.011059658388775e-14
0.24555000000000002,6945.733702584686,0.0,0.0,5.1235160445946555,6.010951528503421e-14,6.010951528503421e-14
0.2456,6945.615785504441,0.0,0.0,5.12343083232899,6.010852007056744e-14,6.010852007056744e-14
0.24565,6945.500057281328,0.0,0.0,5.123343953184256,6.010747112626652e-14,6.010747112626652e-14
0.2457,6945.3867827609165,0.0,0.0,5.123255555800547,6.010651554859355e-14,6.010651554859355e-14
0.24575000000000002,6945.276029230633,0.0,0.0,5.1231657266185335,6.010550946805478e-14,6.010550946805478e-14
0.24580000000000002,6945.168038262991,0.0,0.0,5.1230746456044205,6.01045943211657e-14,6.01045943211657e-14
0.24585,6945.062892137704,0.0,0.0,5.122982377538522,6.010364139041155e-14,6.010364139041155e-14
0.2459,6944.960796352342,0.0,0.0,5.122889128677007,6.010276754643011e-14,6.010276754643011e-14
0.24595,6944.861857694197,0.0,0.0,5.122794947730275,6.010187712531861e-14,6.010187712531861e-14
0.24600000000000002,6944.766236225583,0.0,0.0,5.122700058319376,6.010104613710113e-14,6.010104613710113e-14
0.24605000000000002,6944.674068721928,0.0,0.0,5.122604502149635,6.010022604117556e-14,6.010022604117556e-14
0.2461,6944.585465168148,0.0,0.0,5.122508508291786,6.0099440653456e-14,6.0099440653456e-14
0.24615,6944.500592726746,0.0,0.0,5.1224121228090365,6.009869667310783e-14,6.009869667310783e-14
0.2462,6944.419512123278,0.0,0.0,5.12231556677424,6.009796112554565e-14,6.009796112554565e-14
0.24625000000000002,6944.34241591977,0.0,0.0,5.122218902608458,6.009729680419396e-14,6.009729680419396e-14
0.24630000000000002,6944.269321744462,0.0,0.0,5.122122330198002,6.009661688327635e-14,6.009661688327635e-14
0.24635,6944.200437649211,0.0,0.0,5.122025939123123,6.009603353098465e-14,6.009603353098465e-14
0.2464,6944.135748915673,0.0,0.0,5.1219298970136755,6.009541637107512e-14,6.009541637107512e-14
0.24645,6944.075465371283,0.0,0.0,5.121834328398791,6.009491336419266e-14,6.009491336419266e-14
0.24650000000000002,6944.019553796074,0.0,0.0,5.12173936138864,6.009436697641815e-14,6.009436697641815e-14
0.24655000000000002,6943.9682100608925,0.0,0.0,5.121645158792868,6.009394227237564e-14,6.009394227237564e-14
0.2466,6943.921397470691,0.0,0.0,5.1215518069179495,6.009347491769338e-14,6.009347491769338e-14
0.24665,6943.879282179597,0.0,0.0,5.121459504860488,6.009312571724456e-14,6.009312571724456e-14
0.2467,6943.8418381460915,0.0,0.0,5.121368300364677,6.009274514938272e-14,6.009274514938272e-14
0.24675000000000002,6943.809188166372,0.0,0.0,5.12127842135133,6.009246863569875e-14,6.009246863569875e-14
0.24680000000000002,6943.781328031729,0.0,0.0,5.121189885489238,6.009218136560518e-14,6.009218136560518e-14
0.24685,6943.758327472691,0.0,0.0,5.121102937287579,6.009197536764874e-14,6.009197536764874e-14
0.2469,6943.74021080156,0.0,0.0,5.121017577031283,6.00917860258208e-14,6.00917860258208e-14
0.24695,6943.72699022519,0.0,0.0,5.120934050186553,6.009164956812498e-14,6.009164956812498e-14
0.24700000000000003,6943.718719730814,0.0,0.0,5.120852354856701,6.009156045209636e-14,6.009156045209636e-14
0.24705000000000002,6943.71535544007,0.0,0.0,5.120772720421724,6.009149405227065e-14,6.009149405227065e-14
0.24710000000000001,6943.716976464484,0.0,0.0,5.1206951583620395,6.009150495230224e-14,6.009150495230224e-14
0.24715,6943.723489933068,0.0,0.0,5.120619865751487,6.00915106657287e-14,6.00915106657287e-14
0.2472,6943.734990395525,0.0,0.0,5.120546881122027,6.009161894290353e-14,6.009161894290353e-14
0.24725000000000003,6943.751347833296,0.0,0.0,5.120476356064511,6.009170012672745e-14,6.009170012672745e-14
0.24730000000000002,6943.772658710633,0.0,0.0,5.120408365853059,6.009190109259166e-14,6.009190109259166e-14
0.24735000000000001,6943.798770795532,0.0,0.0,5.120343008335841,6.009206191351297e-14,6.009206191351297e-14
0.2474,6943.829766988744,0.0,0.0,5.120280399690065,6.009234940242406e-14,6.009234940242406e-14
0.24745,6943.865488887032,0.0,0.0,5.120220581884352,6.009259419335084e-14,6.009259419335084e-14
0.24750000000000003,6943.905990461539,0.0,0.0,5.120163709793304,6.009296128619878e-14,6.009296128619878e-14
0.24755000000000002,6943.951122122411,0.0,0.0,5.120109773918599,6.009329379062109e-14,6.009329379062109e-14
0.24760000000000001,6944.00089582071,0.0,0.0,5.120058959320193,6.009373357529439e-14,6.009373357529439e-14
0.24765,6944.055182711094,0.0,0.0,5.120011215455787,6.009415624603165e-14,6.009415624603165e-14
0.2477,6944.113943637395,0.0,0.0,5.119966743723651,6.009466249428908e-14,6.009466249428908e-14
0.24775,6944.1770778881155,0.0,0.0,5.119925467631097,6.009517589424386e-14,6.009517589424386e-14
0.24780000000000002,6944.244491369787,0.0,0.0,5.119887587440983,6.009574360070197e-14,6.009574360070197e-14
0.24785000000000001,6944.31611341861,0.0,0.0,5.119853018426514,6.009634602233099e-14,6.009634602233099e-14
0.2479,6944.391796916294,0.0,0.0,5.1198219409260055,6.00969716795676e-14,6.00969716795676e-14
0.24795,6944.471497643794,0.0,0.0,5.11979427987931,6.009765902799299e-14,6.009765902799299e-14
0.248,6944.555022791449,0.0,0.0,5.119770178075431,6.009834066091465e-14,6.009834066091465e-14
0.24805000000000002,6944.6423460882625,0.0,0.0,5.119749585737756,6.009910659546581e-14,6.009910659546581e-14
0.24810000000000001,6944.73324080375,0.0,0.0,5.119732594049622,6.009984351032018e-14,6.009984351032018e-14
0.24815,6944.827686585969,0.0,0.0,5.119719189633016,6.010067986363289e-14,6.010067986363289e-14
0.2482,6944.9254373280155,0.0,0.0,5.11970940349364,6.010147218155158e-14,6.010147218155158e-14
0.24825,6945.026464839198,0.0,0.0,5.1197032637167394,6.010236954235506e-14,6.010236954235506e-14
0.24830000000000002,6945.130519063636,0.0,0.0,5.11970073921781,6.010321759018482e-14,6.010321759018482e-14
0.24835000000000002,6945.237550459941,0.0,0.0,5.119701897792839,6.010416602012966e-14,6.010416602012966e-14
0.2484,6945.347319289906,0.0,0.0,5.1197066513076335,6.01050696477239e-14,6.01050696477239e-14
0.24845,6945.459743356236,0.0,0.0,5.119715098922887,6.01060593920314e-14,6.01060593920314e-14
0.2485,6945.5746045845235,0.0,0.0,5.119727106742057,6.010701736003259e-14,6.010701736003259e-14
0.24855000000000002,6945.691780531485,0.0,0.0,5.119742791473905,6.010803947533306e-14,6.010803947533306e-14
0.24860000000000002,6945.811081906916,0.0,0.0,5.119761989488484,6.010904895137814e-14,6.010904895137814e-14
0.24865,6945.932343194174,0.0,0.0,5.119784817634499,6.01100957732568e-14,6.01100957732568e-14
0.2487,6946.055406079134,0.0,0.0,5.119811101116807,6.011115205484767e-14,6.011115205484767e-14
0.24875,6946.180064181635,0.0,0.0,5.119840938331502,6.011221742164419e-14,6.011221742164419e-14
0.24880000000000002,6946.30618751012,0.0,0.0,5.119874161931365,6.011331388806432e-14,6.011331388806432e-14
0.24885000000000002,6946.4335356825395,0.0,0.0,5.119910834595132,6.011439314300798e-14,6.011439314300798e-14
0.2489,6946.562000196293,0.0,0.0,5.1199508125922835,6.011552145180348e-14,6.011552145180348e-14
0.24895,6946.691317168516,0.0,0.0,5.119994109320622,6.011661119002633e-14,6.011661119002633e-14
0.249,6946.821389882202,0.0,0.0,5.120040616256554,6.011776169407149e-14,6.011776169407149e-14
0.24905000000000002,6946.951943581334,0.0,0.0,5.120090289448538,6.011885934613156e-14,6.011885934613156e-14
0.24910000000000002,6947.082882347352,0.0,0.0,5.120143061159404,6.012002164014122e-14,6.012002164014122e-14
0.24915,6947.213933643153,0.0,0.0,5.120198828567034,6.012112493769666e-14,6.012112493769666e-14
0.2492,6947.3449917939915,0.0,0.0,5.12025756366025,6.012228849418381e-14,6.012228849418381e-14
0.24925,6947.475798316865,0.0,0.0,5.120319109908038,6.012339491281137e-14,6.012339491281137e-14
0.24930000000000002,6947.606229233224,0.0,0.0,5.120383471680136,6.01245496762996e-14,6.01245496762996e-14
0.24935000000000002,6947.736049318058,0.0,0.0,5.120450449782441,6.012565595442198e-14,6.012565595442198e-14
0.2494,6947.865110904835,0.0,0.0,5.120520068512009,6.012679284886457e-14,6.012679284886457e-14
0.24945,6947.9932076297255,0.0,0.0,5.120592101395546,6.012789462681722e-14,6.012789462681722e-14
0.2495,6948.120166616554,0.0,0.0,5.120666576977498,6.012900589213864e-14,6.012900589213864e-14
0.24955000000000002,6948.24581198758,0.0,0.0,5.120743259079091,6.013009755774723e-14,6.013009755774723e-14
0.24960000000000002,6948.369948027421,0.0,0.0,5.120822163868349,6.013117688274976e-14,6.013117688274976e-14
0.24965,6948.4924272231665,0.0,0.0,5.1209030628867165,6.013225160458067e-14,6.013225160458067e-14
0.2497,6948.613036805439,0.0,0.0,5.120985944690271,6.013329406665399e-14,6.013329406665399e-14
0.24975,6948.731652474238,0.0,0.0,5.121070603537144,6.013434403028314e-14,6.013434403028314e-14
0.24980000000000002,6948.848052623832,0.0,0.0,5.121156988635802,6.013534584202631e-14,6.013534584202631e-14
0.24985000000000002,6948.962129144598,0.0,0.0,5.121244927681152,6.013636263281857e-14,6.013636263281857e-14
0.2499,6949.073660983988,0.0,0.0,5.121334323811158,6.013732078090187e-14,6.013732078090187e-14
0.24995,6949.182548613653,0.0,0.0,5.121425043418116,6.01382958501116e-14,6.01382958501116e-14
0.25,6949.288580773359,0.0,0.0,5.12151694267214,6.01392076656725e-14,6.01392076656725e-14
0.25005,6949.391659630109,0.0,0.0,5.1216099260610735,6.014013282193238e-14,6.014013282193238e-14
0.2501,6949.491591569578,0.0,0.0,5.12170380765883,6.014099557832278e-14,6.014099557832278e-14
0.25015000000000004,6949.588275348658,0.0,0.0,5.121798524055424,6.014186340992508e-14,6.014186340992508e-14
0.25020000000000003,6949.681540592355,0.0,0.0,5.121893857027565,6.014267400511647e-14,6.014267400511647e-14
0.25025000000000003,6949.771280005606,0.0,0.0,5.121989765041598,6.014347820053948e-14,6.014347820053948e-14
0.2503,6949.85734928988,0.0,0.0,5.122086010824937,6.014423297010444e-14,6.014423297010444e-14
0.25035,6949.93963516449,0.0,0.0,5.122182561996954,6.014496847615544e-14,6.014496847615544e-14
0.2504,6950.0180194999175,0.0,0.0,5.1222791770187674,6.014566317395854e-14,6.014566317395854e-14
0.25045,6950.092385549759,0.0,0.0,5.12237581941724,6.014632619517126e-14,6.014632619517126e-14
0.2505,6950.162639134858,0.0,0.0,5.122472257713016,6.014695611911552e-14,6.014695611911552e-14
0.25055,6950.228664407926,0.0,0.0,5.122568439521427,6.014754396867752e-14,6.014754396867752e-14
0.2506,6950.290387374507,0.0,0.0,5.122664155437704,6.014810422145724e-14,6.014810422145724e-14
0.25065000000000004,6950.347698394309,0.0,0.0,5.1227593284195425,6.01486150590358e-14,6.01486150590358e-14
0.25070000000000003,6950.400539304259,0.0,0.0,5.122853779455153,6.014910087888492e-14,6.014910087888492e-14
0.25075000000000003,6950.448811952467,0.0,0.0,5.122947402255215,6.014953340128813e-14,6.014953340128813e-14
0.2508,6950.49247000252,0.0,0.0,5.123040052032419,6.014994051225828e-14,6.014994051225828e-14
0.25085,6950.53143115399,0.0,0.0,5.123131593266843,6.01502936456404e-14,6.01502936456404e-14
0.2509,6950.565658035123,0.0,0.0,5.123221914649234,6.015061856487537e-14,6.015061856487537e-14
0.25095,6950.595086986824,0.0,0.0,5.12331085577063,6.015089122823971e-14,6.015089122823971e-14
0.251,6950.619688357733,0.0,0.0,5.12339833406507,6.015113147699552e-14,6.015113147699552e-14
0.25105,6950.639418048045,0.0,0.0,5.123484172033142,6.01513224508812e-14,6.01513224508812e-14
0.2511,6950.654254614327,0.0,0.0,5.123568308233063,6.015147664331019e-14,6.015147664331019e-14
0.25115,6950.66417263378,0.0,0.0,5.123650558003199,6.015158456975969e-14,6.015158456975969e-14
0.25120000000000003,6950.669160824825,0.0,0.0,5.123730871993351,6.015165236364185e-14,6.015165236364185e-14
0.25125000000000003,6950.669210194869,0.0,0.0,5.123809068892696,6.015167587251512e-14,6.015167587251512e-14
0.2513,6950.664322465773,0.0,0.0,5.123885102530474,6.015165780221138e-14,6.015165780221138e-14
0.25135,6950.654502150407,0.0,0.0,5.123958804548485,6.015159573559723e-14,6.015159573559723e-14
0.2514,6950.63976693763,0.0,0.0,5.124030124562682,6.01514929602864e-14,6.01514929602864e-14
0.25145,6950.620132047879,0.0,0.0,5.124098914605229,6.015134465006543e-14,6.015134465006543e-14
0.2515,6950.595633420886,0.0,0.0,5.124165115234714,6.015115866990822e-14,6.015115866990822e-14
0.25155,6950.56629507234,0.0,0.0,5.124228603360457,6.015092421283147e-14,6.015092421283147e-14
0.2516,6950.5321721183245,0.0,0.0,5.124289308712811,6.015065660832029e-14,6.015065660832029e-14
0.25165,6950.493296905827,0.0,0.0,5.124347134345195,6.015033708172918e-14,6.015033708172918e-14
0.25170000000000003,6950.449742884568,0.0,0.0,5.124402000448153,6.01499893313404e-14,6.01499893313404e-14
0.25175000000000003,6950.401551957646,0.0,0.0,5.124453834551163,6.014958690580047e-14,6.014958690580047e-14
0.2518,6950.348813237282,0.0,0.0,5.124502551114173,6.01491603152777e-14,6.01491603152777e-14
0.25185,6950.291580974897,0.0,0.0,5.124548098275383,6.014867823697351e-14,6.014867823697351e-14
0.2519,6950.229955763831,0.0,0.0,5.12459039018947,6.014817400424342e-14,6.014817400424342e-14
0.25195,6950.164008061348,0.0,0.0,5.12462939056627,6.014761644008142e-14,6.014761644008142e-14
0.252,6950.093844912301,0.0,0.0,5.124665019178237,6.014703584086586e-14,6.014703584086586e-14
0.25205,6950.01955712914,0.0,0.0,5.1246972502363475,6.014640761413758e-14,6.014640761413758e-14
0.2521,6949.941253199052,0.0,0.0,5.124726014448986,6.014575228146802e-14,6.014575228146802e-14
0.25215,6949.859047797393,0.0,0.0,5.124751292439824,6.014505852828055e-14,6.014505852828055e-14
0.25220000000000004,6949.773046831454,0.0,0.0,5.124773029666853,6.014433077479664e-14,6.014433077479664e-14
0.25225000000000003,6949.6833907838045,0.0,0.0,5.124791210798215,6.014357659073972e-14,6.014357659073972e-14
0.2523,6949.590180781547,0.0,0.0,5.124805797805371,6.014277970640427e-14,6.014277970640427e-14
0.25235,6949.493582782734,0.0,0.0,5.124816779075751,6.014196983297333e-14,6.014196983297333e-14
0.2524,6949.393693344349,0.0,0.0,5.124824132708972,6.01411083101543e-14,6.01411083101543e-14
0.25245,6949.290700884983,0.0,0.0,5.124827852404936,6.014024692460552e-14,6.014024692460552e-14
0.2525,6949.184700199784,0.0,0.0,5.124827930193425,6.013932654285259e-14,6.013932654285259e-14
0.25255,6949.075896535894,0.0,0.0,5.124824368063559,6.01384171939371e-14,6.01384171939371e-14
0.2526,6948.964388053295,0.0,0.0,5.124817168665589,6.013744495374564e-14,6.013744495374564e-14
0.25265,6948.850389068626,0.0,0.0,5.124806345808048,6.013649065183207e-14,6.013649065183207e-14
0.25270000000000004,6948.734007858774,0.0,0.0,5.124791909255468,6.013547453780092e-14,6.013547453780092e-14
0.25275000000000003,6948.615458846022,0.0,0.0,5.124773887764076,6.013447800978258e-14,6.013447800978258e-14
0.2528,6948.494867711653,0.0,0.0,5.124752295456347,6.013342661446517e-14,6.013342661446517e-14
0.25285,6948.372440015329,0.0,0.0,5.124727177874778,6.013239066403122e-14,6.013239066403122e-14
0.2529,6948.248325426667,0.0,0.0,5.124698552280068,6.013131272408699e-14,6.013131272408699e-14
0.25295,6948.1227129555955,0.0,0.0,5.124666480905116,6.013024066324577e-14,6.013024066324577e-14
0.253,6947.995780856988,0.0,0.0,5.124630984934366,6.012914455842765e-14,6.012914455842765e-14
0.25305,6947.867696407516,0.0,0.0,5.124592141001474,6.01280406208229e-14,6.01280406208229e-14
0.2531,6947.738668008116,0.0,0.0,5.124549977043878,6.012693393408468e-14,6.012693393408468e-14
0.25315,6947.608839383401,0.0,0.0,5.124504579800438,6.012580360285189e-14,6.012580360285189e-14
0.25320000000000004,6947.478446948751,0.0,0.0,5.124455988430109,6.0124692782032e-14,6.0124692782032e-14
0.25325000000000003,6947.347612875575,0.0,0.0,5.124404294094674,6.012354297517737e-14,6.012354297517737e-14
0.2533,6947.216595610957,0.0,0.0,5.124349552474749,6.012243317829014e-14,6.012243317829014e-14
0.25335,6947.085501429408,0.0,0.0,5.124291853049695,6.01212722276996e-14,6.01212722276996e-14
0.2534,6946.954601452631,0.0,0.0,5.124231273090725,6.01201673637504e-14,6.01201673637504e-14
0.25345,6946.82399466045,0.0,0.0,5.1241678949922305,6.011900480360921e-14,6.011900480360921e-14
0.2535,6946.693953073674,0.0,0.0,5.12410182131367,6.011790777376247e-14,6.011790777376247e-14
0.25355,6946.564578725899,0.0,0.0,5.124033123777673,6.011675392198738e-14,6.011675392198738e-14
0.2536,6946.436131790489,0.0,0.0,5.12396193154561,6.011566704107552e-14,6.011566704107552e-14
0.25365,6946.308727872952,0.0,0.0,5.123888304762614,6.011453245113557e-14,6.011453245113557e-14
0.25370000000000004,6946.182603212957,0.0,0.0,5.123812397450808,6.011345796378722e-14,6.011345796378722e-14
0.25375000000000003,6946.057896047559,0.0,0.0,5.12373426041616,6.01123528006766e-14,6.01123528006766e-14
0.2538,6945.93480889987,0.0,0.0,5.123654067533725,6.011129344803496e-14,6.011129344803496e-14
0.25385,6945.813508667722,0.0,0.0,5.123571865592086,6.011022687510898e-14,6.011022687510898e-14
0.2539,6945.694158084943,0.0,0.0,5.123487840402082,6.010918638687833e-14,6.010918638687833e-14
0.25395,6945.576954573516,0.0,0.0,5.123402042518143,6.010816606648513e-14,6.010816606648513e-14
0.254,6945.4620196009155,0.0,0.0,5.123314659733035,6.010714952580005e-14,6.010714952580005e-14
0.25405,6945.349578187492,0.0,0.0,5.123225755520277,6.01061812765655e-14,6.01061812765655e-14
0.2541,6945.239713984518,0.0,0.0,5.123135508967634,6.010519527720843e-14,6.010519527720843e-14
0.25415,6945.132671957915,0.0,0.0,5.123044005539682,6.010428297882636e-14,6.010428297882636e-14
0.25420000000000004,6945.028505876759,0.0,0.0,5.122951405739191,6.010333553608116e-14,6.010333553608116e-14
0.25425000000000003,6944.9274690486545,0.0,0.0,5.122857824465897,6.010248126157122e-14,6.010248126157122e-14
0.2543,6944.829596748149,0.0,0.0,5.122763396088389,6.010158149787514e-14,6.010158149787514e-14
0.25435,6944.735136387467,0.0,0.0,5.122668269319949,6.010078588653624e-14,6.010078588653624e-14
0.2544,6944.644117989154,0.0,0.0,5.122572548473036,6.009994349110376e-14,6.009994349110376e-14
0.25445,6944.556768026284,0.0,0.0,5.122476416327062,6.009920629894767e-14,6.009920629894767e-14
0.2545,6944.473124462753,0.0,0.0,5.1223799476356495,6.009843087126757e-14,6.009843087126757e-14
0.25455,6944.39337890119,0.0,0.0,5.122283354880709,6.009775161322194e-14,6.009775161322194e-14
0.2546,6944.317588482305,0.0,0.0,5.122186688361663,6.009705193950027e-14,6.009705193950027e-14
0.25465,6944.245899009593,0.0,0.0,5.122090181450108,6.009643055517428e-14,6.009643055517428e-14
0.25470000000000004,6944.178394333634,0.0,0.0,5.121993869174671,6.009581394368508e-14,6.009581394368508e-14
0.25475000000000003,6944.115168019862,0.0,0.0,5.1218979934224285,6.00952513485303e-14,6.00952513485303e-14
0.2548,6944.056333290256,0.0,0.0,5.121802586033871,6.009472310815014e-14,6.009472310815014e-14
0.25485,6944.001930412876,0.0,0.0,5.121707882925393,6.00942215886338e-14,6.00942215886338e-14
0.2549,6943.952099187824,0.0,0.0,5.1216139260529,6.009378471246711e-14,6.009378471246711e-14
0.25495,6943.906831113607,0.0,0.0,5.121520930645252,6.00933480643105e-14,6.00933480643105e-14
0.255,6943.866284561113,0.0,0.0,5.121428961317048,6.009300319446771e-14,6.009300319446771e-14
0.25505,6943.830411738249,0.0,0.0,5.121338199664954,6.009263660146414e-14,6.009263660146414e-14
0.2551,6943.799377321244,0.0,0.0,5.121248742804717,6.009238223974618e-14,6.009238223974618e-14
0.25515,6943.773107418971,0.0,0.0,5.121160729378052,6.009209190075498e-14,6.009209190075498e-14
0.25520000000000004,6943.751758046429,0.0,0.0,5.121074294468446,6.009192488072682e-14,6.009192488072682e-14
0.25525000000000003,6943.7352442769015,0.0,0.0,5.1209895294865,6.00917174165636e-14,6.00917174165636e-14
0.2553,6943.7236978077735,0.0,0.0,5.120906607492552,6.009163353542875e-14,6.009163353542875e-14
0.25535,6943.71703756249,0.0,0.0,5.12082557416423,6.00915152906892e-14,6.00915152906892e-14
0.2554,6943.71535662641,0.0,0.0,5.1207466347394055,6.009151003182317e-14,6.009151003182317e-14
0.25545,6943.7185904352555,0.0,0.0,5.120669796399314,6.009148632520857e-14,6.009148632520857e-14
0.2555,6943.726782503747,0.0,0.0,5.1205952854273145,6.009155556980804e-14,6.009155556980804e-14
0.25555,6943.739893458827,0.0,0.0,5.120523082584788,6.009163004067058e-14,6.009163004067058e-14
0.2556,6943.757911070938,0.0,0.0,5.120453420018779,6.00917706463807e-14,6.00917706463807e-14
0.25565,6943.780824716336,0.0,0.0,5.120386267398072,6.009194475601688e-14,6.009194475601688e-14
0.25570000000000004,6943.808565878969,0.0,0.0,5.120321845376206,6.009215495709853e-14,6.009215495709853e-14
0.25575000000000003,6943.841150618049,0.0,0.0,5.1202601289951,6.009242772980034e-14,6.009242772980034e-14
0.2558,6943.878459291575,0.0,0.0,5.120201310170438,6.00927072590077e-14,6.00927072590077e-14
0.25585,6943.920527322515,0.0,0.0,5.120145384583803,6.009307530386022e-14,6.009307530386022e-14
0.2559,6943.967194066724,0.0,0.0,5.120092500584645,6.009342526145543e-14,6.009342526145543e-14
0.25595,6944.018502773017,0.0,0.0,5.120042686362757,6.009388304632856e-14,6.009388304632856e-14
0.256,6944.074265542295,0.0,0.0,5.1199960363405825,6.009430550834683e-14,6.009430550834683e-14
0.25605,6944.13451934488,0.0,0.0,5.119952617883464,6.009484588528164e-14,6.009484588528164e-14
0.2561,6944.199064499973,0.0,0.0,5.119912467059805,6.009534332064549e-14,6.009534332064549e-14
0.25615,6944.2679170272,0.0,0.0,5.119875690814735,6.009595818553097e-14,6.009595818553097e-14
0.25620000000000004,6944.340880643632,0.0,0.0,5.119842269027376,6.009653277778392e-14,6.009653277778392e-14
0.25625000000000003,6944.417937196225,0.0,0.0,5.119812342129903,6.00972138102137e-14,6.00972138102137e-14
0.25630000000000003,6944.498906686123,0.0,0.0,5.119785842350584,6.009786675510952e-14,6.009786675510952e-14
0.25635,6944.583726877934,0.0,0.0,5.119762931720368,6.009860611170415e-14,6.009860611170415e-14
0.2564,6944.672243039689,0.0,0.0,5.119743508585619,6.009933703044076e-14,6.009933703044076e-14
0.25645,6944.764343554427,0.0,0.0,5.119727740411904,6.010012790336567e-14,6.010012790336567e-14
0.2565,6944.859903015133,0.0,0.0,5.119715508829374,6.010093441347243e-14,6.010093441347243e-14
0.25655,6944.9587604540475,0.0,0.0,5.119706968420233,6.010177139444747e-14,6.010177139444747e-14
0.2566,6945.06081856514,0.0,0.0,5.119702002310373,6.010264893135316e-14,6.010264893135316e-14
0.25665,6945.165872313607,0.0,0.0,5.119700734204011,6.010352810809887e-14,6.010352810809887e-14
0.25670000000000004,6945.273846445871,0.0,0.0,5.119703065499259,6.010447000027776e-14,6.010447000027776e-14
0.25675000000000003,6945.384501624004,0.0,0.0,5.119709073760503,6.01053888190346e-14,6.01053888190346e-14
0.25680000000000003,6945.497774812321,0.0,0.0,5.11971869171515,6.010638660441031e-14,6.010638660441031e-14
0.25685,6945.6134052726775,0.0,0.0,5.119731940346021,6.01073434906234e-14,6.01073434906234e-14
0.2569,6945.731330167787,0.0,0.0,5.119748791262292,6.01083874430884e-14,6.01083874430884e-14
0.25695,6945.851281626692,0.0,0.0,5.119769204640629,6.010938127399084e-14,6.010938127399084e-14
0.257,6945.973184619085,0.0,0.0,5.119793192040654,6.011046103443764e-14,6.011046103443764e-14
0.25705,6946.0967779467355,0.0,0.0,5.119820655383215,6.011149053296976e-14,6.011149053296976e-14
0.2571,6946.22196343257,0.0,0.0,5.119851640647975,6.011259579226365e-14,6.011259579226365e-14
0.25715,6946.34849813911,0.0,0.0,5.119886000459448,6.011365893305564e-14,6.011365893305564e-14
0.25720000000000004,6946.476252792455,0.0,0.0,5.119923803928706,6.011478003976188e-14,6.011478003976188e-14
0.25725000000000003,6946.605010771563,0.0,0.0,5.119964868491601,6.011587357383678e-14,6.011587357383678e-14
0.25730000000000003,6946.734607794133,0.0,0.0,5.120009270949731,6.011700201160707e-14,6.011700201160707e-14
0.25735,6946.864857287458,0.0,0.0,5.120056810892827,6.011812114865692e-14,6.011812114865692e-14
0.2574,6946.995560575682,0.0,0.0,5.120107555396576,6.011924981532012e-14,6.011924981532012e-14
0.25745,6947.126560397519,0.0,0.0,5.120161304415349,6.012038813905487e-14,6.012038813905487e-14
0.2575,6947.257628595803,0.0,0.0,5.12021809833965,6.012151139481659e-14,6.012151139481659e-14
0.25755,6947.388632532918,0.0,0.0,5.120277754161621,6.012266098922354e-14,6.012266098922354e-14
0.2576,6947.519323006574,0.0,0.0,5.1203402713949755,6.0123774501144e-14,6.0123774501144e-14
0.25765,6947.64958436389,0.0,0.0,5.120405497036783,6.012492628292068e-14,6.012492628292068e-14
0.2577,6947.7791570674,0.0,0.0,5.12047338022845,6.012602667641631e-14,6.012602667641631e-14
0.25775000000000003,6947.907933275627,0.0,0.0,5.12054380563229,6.0127170874719e-14,6.0127170874719e-14
0.25780000000000003,6948.035654595325,0.0,0.0,5.120616668424523,6.012825528621144e-14,6.012825528621144e-14
0.25785,6948.162211784304,0.0,0.0,5.120691892471875,6.012938198967095e-14,6.012938198967095e-14
0.2579,6948.28735835127,0.0,0.0,5.1207693216979004,6.01304475734297e-14,6.01304475734297e-14
0.25795,6948.410975840448,0.0,0.0,5.120848914618956,6.013154728407917e-14,6.013154728407917e-14
0.258,6948.532838363992,0.0,0.0,5.120930472434116,6.013259076797218e-14,6.013259076797218e-14
0.25805,6948.652812960688,0.0,0.0,5.121013978568304,6.013365486135787e-14,6.013365486135787e-14
0.2581,6948.770700094647,0.0,0.0,5.121099204568672,6.01346722177087e-14,6.01346722177087e-14
0.25815,6948.886350187456,0.0,0.0,5.12118614540552,6.013569327477551e-14,6.013569327477551e-14
0.2582,6948.99959240935,0.0,0.0,5.1212745587545605,6.013667954480068e-14,6.013667954480068e-14
0.25825000000000004,6949.110261796915,0.0,0.0,5.121364436187964,6.013765150004288e-14,6.013765150004288e-14
0.25830000000000003,6949.218215303091,0.0,0.0,5.121455537829696,6.013860080988609e-14,6.013860080988609e-14
0.25835,6949.323276764704,0.0,0.0,5.121547837505011,6.01395189191779e-14,6.01395189191779e-14
0.2584,6949.425327304138,0.0,0.0,5.121641112522018,6.014042465679734e-14,6.014042465679734e-14
0.25845,6949.524185923611,0.0,0.0,5.121735307210849,6.014128530663167e-14,6.014128530663167e-14
0.2585,6949.619752542009,0.0,0.0,5.121830227373677,6.014214044409478e-14,6.014214044409478e-14
0.25855,6949.711848793992,0.0,0.0,5.121925780274169,6.014294083881298e-14,6.014294083881298e-14
0.2586,6949.800387399683,0.0,0.0,5.122021806835239,6.01437383302847e-14,6.01437383302847e-14
0.25865,6949.885200051602,0.0,0.0,5.122118174755433,6.014447613423422e-14,6.014447613423422e-14
0.2587,6949.966206746542,0.0,0.0,5.122214761471757,6.014520933110139e-14,6.014520933110139e-14
0.25875000000000004,6950.043255577731,0.0,0.0,5.122311397864587,6.014588231567368e-14,6.014588231567368e-14
0.25880000000000003,6950.11626969834,0.0,0.0,5.122407994253746,6.014654533612503e-14,6.014654533612503e-14
0.25885,6950.185118077446,0.0,0.0,5.1225043520937605,6.014715110722179e-14,6.014715110722179e-14
0.2589,6950.2497248889795,0.0,0.0,5.122600406855395,6.014773909902251e-14,6.014773909902251e-14
0.25895,6950.3099821989545,0.0,0.0,5.122695941400118,6.014827493991767e-14,6.014827493991767e-14
0.259,6950.365815236823,0.0,0.0,5.122790905943164,6.014878421388978e-14,6.014878421388978e-14
0.25905,6950.417139139666,0.0,0.0,5.1228850773990695,6.014924706895565e-14,6.014924706895565e-14
0.2591,6950.463882174733,0.0,0.0,5.12297840939223,6.014967508132596e-14,6.014967508132596e-14
0.25915,6950.505980690311,0.0,0.0,5.123070685557062,6.015006167866939e-14,6.015006167866939e-14
0.2592,6950.543369345508,0.0,0.0,5.123161852406063,6.015040688677334e-14,6.015040688677334e-14
0.25925000000000004,6950.57600269339,0.0,0.0,5.123251711320825,6.015071396615597e-14,6.015071396615597e-14
0.25930000000000003,6950.603825729826,0.0,0.0,5.123340193511249,6.015097558844144e-14,6.015097558844144e-14
0.25935,6950.6268078962175,0.0,0.0,5.123427126164576,6.015120019560551e-14,6.015120019560551e-14
0.2594,6950.644908204056,0.0,0.0,5.123512420390385,6.015137792928533e-14,6.015137792928533e-14
0.25945,6950.658108175551,0.0,0.0,5.123595933494184,6.015151771428802e-14,6.015151771428802e-14
0.2595,6950.666383503966,0.0,0.0,5.123677555550695,6.015161146902795e-14,6.015161146902795e-14
0.25955,6950.669726133718,0.0,0.0,5.123757174369795,6.015166493783667e-14,6.015166493783667e-14
0.2596,6950.66812958126,0.0,0.0,5.12383466178755,6.015167463548546e-14,6.015167463548546e-14
0.25965,6950.661596056641,0.0,0.0,5.123909933006035,6.015164130681633e-14,6.015164130681633e-14
0.2597,6950.650136337763,0.0,0.0,5.123982847441451,6.015156678827149e-14,6.015156678827149e-14
0.25975000000000004,6950.633764241286,0.0,0.0,5.124053341998155,6.015144722879488e-14,6.015144722879488e-14
0.25980000000000003,6950.612505724676,0.0,0.0,5.124121271414606,6.015128828425459e-14,6.015128828425459e-14
0.25985,6950.5863886959405,0.0,0.0,5.12418658725496,6.015108401593528e-14,6.015108401593528e-14
0.2599,6950.555451197516,0.0,0.0,5.124249147926897,6.015084053277582e-14,6.015084053277582e-14
0.25995,6950.519738225096,0.0,0.0,5.124308912592633,6.015055383125304e-14,6.015055383125304e-14
0.26,6950.47929652611,0.0,0.0,5.124365750987567,6.015022603009336e-14,6.015022603009336e-14
0.26005,6950.4341909035775,0.0,0.0,5.124419623980644,6.014985964923106e-14,6.014985964923106e-14
0.2601,6950.384473960971,0.0,0.0,5.124470418542817,6.014944836286775e-14,6.014944836286775e-14
0.26015,6950.330231957815,0.0,0.0,5.124518093414837,6.014900524013721e-14,6.014900524013721e-14
0.2602,6950.27152176635,0.0,0.0,5.124562556280105,6.01485121761289e-14,6.01485121761289e-14
0.26025000000000004,6950.20845105332,0.0,0.0,5.124603762407526,6.014799517214301e-14,6.014799517214301e-14
0.26030000000000003,6950.1410811426795,0.0,0.0,5.124641641045743,6.014742310992834e-14,6.014742310992834e-14
0.26035,6950.069539008742,0.0,0.0,5.1246761450893175,6.014683483400132e-14,6.014683483400132e-14
0.2604,6949.993892550829,0.0,0.0,5.124707223855231,6.014618770489921e-14,6.014618770489921e-14
0.26045,6949.914283939804,0.0,0.0,5.124734830908282,6.014553046611795e-14,6.014553046611795e-14
0.2605,6949.83079148377,0.0,0.0,5.1247589324660625,6.014481329841002e-14,6.014481329841002e-14
0.26055,6949.743566846282,0.0,0.0,5.124779486926626,6.014408919054281e-14,6.014408919054281e-14
0.2606,6949.652703698359,0.0,0.0,5.124796473493887,6.014330791276195e-14,6.014330791276195e-14
0.26065,6949.558356667252,0.0,0.0,5.124809859699006,6.014251903371853e-14,6.014251903371853e-14
0.2607,6949.4606399590075,0.0,0.0,5.124819634060553,6.014168015986243e-14,6.014168015986243e-14
0.26075000000000004,6949.359704807203,0.0,0.0,5.124825776726375,6.014082891950984e-14,6.014082891950984e-14
0.26080000000000003,6949.255690316758,0.0,0.0,5.124828282964181,6.013993916574736e-14,6.013993916574736e-14
0.26085,6949.148739185982,0.0,0.0,5.124827147470281,6.013902863962152e-14,6.013902863962152e-14
0.2609,6949.039017956681,0.0,0.0,5.124822371374156,6.013809452061937e-14,6.013809452061937e-14
0.26095,6948.9266578180295,0.0,0.0,5.12481396391527,6.013712877904968e-14,6.013712877904968e-14
0.261,6948.811852660163,0.0,0.0,5.1248019330537495,6.013615626348929e-14,6.013615626348929e-14
0.26105,6948.69472198429,0.0,0.0,5.1247863006662815,6.013514061190856e-14,6.013514061190856e-14
0.2611,6948.575483885962,0.0,0.0,5.124767084120405,6.013413488028639e-14,6.013413488028639e-14
0.26115,6948.454249030196,0.0,0.0,5.1247443145715685,6.01330759661973e-14,6.01330759661973e-14
0.2612,6948.331253535287,0.0,0.0,5.124718022353029,6.013204132816438e-14,6.013204132816438e-14
0.26125000000000004,6948.206604835201,0.0,0.0,5.1246882438633685,6.013094706726073e-14,6.013094706726073e-14
0.26130000000000003,6948.080548396726,0.0,0.0,5.124655026059075,6.012988705236846e-14,6.012988705236846e-14
0.26135,6947.9531960276045,0.0,0.0,5.124618406817649,6.012876638783535e-14,6.012876638783535e-14
0.2614,6947.82479233035,0.0,0.0,5.124578452507622,6.012768400008672e-14,6.012768400008672e-14
0.26145,6947.695461961967,0.0,0.0,5.1245351999377595,6.012654649872173e-14,6.012654649872173e-14
0.2615,6947.56543821653,0.0,0.0,5.124488735941684,6.012544461139136e-14,6.012544461139136e-14
0.26155,6947.434866553073,0.0,0.0,5.12443909567389,6.012429996042827e-14,6.012429996042827e-14
0.2616,6947.303959700883,0.0,0.0,5.124386385170073,6.012318177235559e-14,6.012318177235559e-14
0.26165,6947.172889975748,0.0,0.0,5.124330639701418,6.012203923922768e-14,6.012203923922768e-14
0.2617,6947.041842809734,0.0,0.0,5.124271980749546,6.012090874167014e-14,6.012090874167014e-14
0.26175000000000004,6946.911020303926,0.0,0.0,5.1242104477753285,6.011977666876855e-14,6.011977666876855e-14
0.26180000000000003,6946.780577443965,0.0,0.0,5.12414617176013,6.011863902280589e-14,6.011863902280589e-14
0.26185,6946.6507451226535,0.0,0.0,5.124079202198158,6.011752444765594e-14,6.011752444765594e-14
0.2619,6946.5216488554,0.0,0.0,5.124009672179837,6.011638621779764e-14,6.011638621779764e-14
0.26195,6946.393543137179,0.0,0.0,5.123937647920799,6.01152946550436e-14,6.01152946550436e-14
0.262,6946.266529120608,0.0,0.0,5.1238632568766596,6.011416384575061e-14,6.011416384575061e-14
0.26205,6946.1408758521975,0.0,0.0,5.123786588313598,6.011309929344197e-14,6.011309929344197e-14
0.2621,6946.0166686997145,0.0,0.0,5.123707757223039,6.011198515962225e-14,6.011198515962225e-14
0.26215,6945.894179306474,0.0,0.0,5.123626880631794,6.011095031190629e-14,6.011095031190629e-14
0.2622,6945.773488135237,0.0,0.0,5.123544056369585,6.010986297583513e-14,6.010986297583513e-14
0.26225000000000004,6945.6548559543235,0.0,0.0,5.123459431197087,6.010885962901997e-14,6.010885962901997e-14
0.26230000000000003,6945.538369925026,0.0,0.0,5.1233730841934255,6.010780952085647e-14,6.010780952085647e-14
0.26235,6945.424266688139,0.0,0.0,5.123285190327528,6.010683911412825e-14,6.010683911412825e-14
0.2624,6945.312650665532,0.0,0.0,5.123195811966149,6.010583633538313e-14,6.010583633538313e-14
0.26245,6945.203723069136,0.0,0.0,5.123105147019909,6.010490053474882e-14,6.010490053474882e-14
0.2625,6945.097613454121,0.0,0.0,5.123013246778573,6.010395420764036e-14,6.010395420764036e-14
0.26255,6944.994479814776,0.0,0.0,5.122920323421278,6.010305546680327e-14,6.010305546680327e-14
0.2626,6944.894480647149,0.0,0.0,5.1228264257596345,6.010217317223047e-14,6.010217317223047e-14
0.26265,6944.797727562534,0.0,0.0,5.12273176909276,6.01013151526561e-14,6.01013151526561e-14
0.2627,6944.704406963719,0.0,0.0,5.122636410147201,6.010050253842933e-14,6.010050253842933e-14
0.26275000000000004,6944.614586012091,0.0,0.0,5.12254055509764,6.009969034748132e-14,6.009969034748132e-14
0.26280000000000003,6944.528472983976,0.0,0.0,5.122444279234269,6.009895094894075e-14,6.009895094894075e-14
0.26285000000000003,6944.446097436528,0.0,0.0,5.122347767937807,6.009819112927932e-14,6.009819112927932e-14
0.2629,6944.367679075245,0.0,0.0,5.122251124251387,6.0097526456732e-14,6.0097526456732e-14
0.26295,6944.293220670532,0.0,0.0,5.122154503361061,6.009682672809609e-14,6.009682672809609e-14
0.263,6944.222939733001,0.0,0.0,5.12205804220292,6.009623658013265e-14,6.009623658013265e-14
0.26305,6944.156825579784,0.0,0.0,5.121961860093233,6.009560536635944e-14,6.009560536635944e-14
0.2631,6944.095078415878,0.0,0.0,5.1218661296983985,6.009508835574873e-14,6.009508835574873e-14
0.26315,6944.037688067286,0.0,0.0,5.121770933514042,6.009453413826258e-14,6.009453413826258e-14
0.2632,6943.984822833911,0.0,0.0,5.1216764768056615,6.009408833594406e-14,6.009408833594406e-14
0.26325000000000004,6943.936485664497,0.0,0.0,5.121582809346996,6.00936189492729e-14,6.00936189492729e-14
0.26330000000000003,6943.892800773985,0.0,0.0,5.121490160936857,6.009324256093322e-14,6.009324256093322e-14
0.26335000000000003,6943.85379368866,0.0,0.0,5.121398557393312,6.009286449449399e-14,6.009286449449399e-14
0.2634,6943.819536452423,0.0,0.0,5.121308240810144,6.009255647968456e-14,6.009255647968456e-14
0.26345,6943.790082044154,0.0,0.0,5.121219225368187,6.009227431139654e-14,6.009227431139654e-14
0.2635,6943.765447432527,0.0,0.0,5.121131750482051,6.009203483180969e-14,6.009203483180969e-14
0.26355,6943.745712610755,0.0,0.0,5.121045832890189,6.009185085473051e-14,6.009185085473051e-14
0.2636,6943.730842159285,0.0,0.0,5.120961693499515,6.009168151497872e-14,6.009168151497872e-14
0.26365,6943.720937276272,0.0,0.0,5.12087936565092,6.009159561334537e-14,6.009159561334537e-14
0.2637,6943.715918089837,0.0,0.0,5.120799037180556,6.009149942403534e-14,6.009149942403534e-14
0.26375000000000004,6943.715896580177,0.0,0.0,5.12072076982686,6.009150922848629e-14,6.009150922848629e-14
0.26380000000000003,6943.720760507103,0.0,0.0,5.120644707062189,6.009149032121436e-14,6.009149032121436e-14
0.26385000000000003,6943.730618965567,0.0,0.0,5.120570946735286,6.009159159718723e-14,6.009159159718723e-14
0.2639,6943.745341970092,0.0,0.0,5.120499581558597,6.009165471506648e-14,6.009165471506648e-14
0.26395,6943.7650206633925,0.0,0.0,5.120430747783526,6.009184196206444e-14,6.009184196206444e-14
0.264,6943.789522461632,0.0,0.0,5.120364486851045,6.009199179741497e-14,6.009199179741497e-14
0.26405,6943.818906152652,0.0,0.0,5.120300969711744,6.009225894334934e-14,6.009225894334934e-14
0.2641,6943.853050209045,0.0,0.0,5.120240192079556,6.009249943128421e-14,6.009249943128421e-14
0.26415,6943.891969258493,0.0,0.0,5.120182350146977,6.009284054916245e-14,6.009284054916245e-14
0.2642,6943.93556316562,0.0,0.0,5.120127404848957,6.009317419042738e-14,6.009317419042738e-14
0.26425000000000004,6943.983794825109,0.0,0.0,5.120075563488762,6.00935841255235e-14,6.00935841255235e-14
0.26430000000000003,6944.036591170664,0.0,0.0,5.12002676711575,6.009401146595197e-14,6.009401146595197e-14
0.26435000000000003,6944.093861008811,0.0,0.0,5.11998121711454,6.00944862834358e-14,6.00944862834358e-14
0.2644,6944.155558709028,0.0,0.0,5.11993885147565,6.009500559255466e-14,6.009500559255466e-14
0.26445,6944.221542171187,0.0,0.0,5.119899847947176,6.00955428029931e-14,6.00955428029931e-14
0.2645,6944.291788305278,0.0,0.0,5.119864157882033,6.009615001730384e-14,6.009615001730384e-14
0.26455,6944.366112357029,0.0,0.0,5.1198319193688535,6.009674852506178e-14,6.009674852506178e-14
0.2646,6944.444504461957,0.0,0.0,5.1198031108295305,6.009743745402897e-14,6.009743745402897e-14
0.26465,6944.526749388002,0.0,0.0,5.1197778185252165,6.009809727270742e-14,6.009809727270742e-14
0.2647,6944.6128381467,0.0,0.0,5.119756056989503,6.009886003048323e-14,6.009886003048323e-14
0.26475,6944.702539501191,0.0,0.0,5.1197378540298235,6.009958178430856e-14,6.009958178430856e-14
0.26480000000000004,6944.79583178339,0.0,0.0,5.119723263332876,6.01004094049509e-14,6.01004094049509e-14
0.26485000000000003,6944.892482571783,0.0,0.0,5.11971225409177,6.010119371121567e-14,6.010119371121567e-14
0.2649,6944.99244469808,0.0,0.0,5.11970491570746,6.010207683329007e-14,6.010207683329007e-14
0.26495,6945.095497838612,0.0,0.0,5.119701165108709,6.010292365379255e-14,6.010292365379255e-14
0.265,6945.201559031302,0.0,0.0,5.119701117884833,6.010385320940412e-14,6.010385320940412e-14
0.26505,6945.310430126419,0.0,0.0,5.119704650722184,6.010476125711993e-14,6.010476125711993e-14
0.2651,6945.421986034217,0.0,0.0,5.11971189105732,6.010572904761905e-14,6.010572904761905e-14
0.26515,6945.536056515259,0.0,0.0,5.119722691386618,6.010669535453208e-14,6.010669535453208e-14
0.2652,6945.652472778656,0.0,0.0,5.119737173770174,6.010769445267677e-14,6.010769445267677e-14
0.26525,6945.771093386053,0.0,0.0,5.119755184436034,6.010871413196525e-14,6.010871413196525e-14
0.26530000000000004,6945.891709209075,0.0,0.0,5.1197768222998645,6.010973906123412e-14,6.010973906123412e-14
0.26535000000000003,6946.014203831414,0.0,0.0,5.1198019446740535,6.011080532166048e-14,6.011080532166048e-14
0.2654,6946.138335532753,0.0,0.0,5.119830611445101,6.011185198734275e-14,6.011185198734275e-14
0.26545,6946.264005324779,0.0,0.0,5.119862705476657,6.011295637271688e-14,6.011295637271688e-14
0.2655,6946.390949916918,0.0,0.0,5.119898235760988,6.011402178800258e-14,6.011402178800258e-14
0.26555,6946.5190776459285,0.0,0.0,5.119937120386703,6.011515461470651e-14,6.011515461470651e-14
0.2656,6946.648116431222,0.0,0.0,5.119979311210454,6.011623644829204e-14,6.011623644829204e-14
0.26565,6946.777970974015,0.0,0.0,5.120024765201223,6.011738737728612e-14,6.011738737728612e-14
0.2657,6946.908373235179,0.0,0.0,5.120073377253424,6.011848342269133e-14,6.011848342269133e-14
0.26575,6947.039214118209,0.0,0.0,5.120125140495599,6.01196420717769e-14,6.01196420717769e-14
0.26580000000000004,6947.17024091362,0.0,0.0,5.1201798993740155,6.012074970593322e-14,6.012074970593322e-14
0.26585000000000003,6947.301322848654,0.0,0.0,5.120237674584627,6.012190623776049e-14,6.012190623776049e-14
0.2659,6947.432230950962,0.0,0.0,5.1202982720348835,6.012302195954904e-14,6.012302195954904e-14
0.26595,6947.562808261375,0.0,0.0,5.120361726864552,6.012416754455282e-14,6.012416754455282e-14
0.266,6947.692854256964,0.0,0.0,5.1204278220772945,6.012528666460825e-14,6.012528666460825e-14
0.26605,6947.82218517871,0.0,0.0,5.120496591518836,6.012641378282325e-14,6.012641378282325e-14
0.2661,6947.950629695568,0.0,0.0,5.120567812527641,6.012753029417157e-14,6.012753029417157e-14
0.26615,6948.07798050598,0.0,0.0,5.120641501560103,6.012863283186123e-14,6.012863283186123e-14
0.2662,6948.204092566716,0.0,0.0,5.12071744681975,6.0129739493643e-14,6.0129739493643e-14
0.26625,6948.328741543805,0.0,0.0,5.120795633171156,6.013081264069821e-14,6.013081264069821e-14
0.26630000000000004,6948.451802958232,0.0,0.0,5.120875873384907,6.013190123626389e-14,6.013190123626389e-14
0.26635000000000003,6948.573044193747,0.0,0.0,5.120958110347995,6.013294122080161e-14,6.013294122080161e-14
0.2664,6948.692353949218,0.0,0.0,5.1210421905856665,6.013400296286767e-14,6.013400296286767e-14
0.26645,6948.809501021537,0.0,0.0,5.121128009800672,6.013500666528786e-14,6.013500666528786e-14
0.2665,6948.92437957982,0.0,0.0,5.121215451955817,6.01360326742011e-14,6.01360326742011e-14
0.26655,6949.036769143805,0.0,0.0,5.121304366122629,6.013699720747624e-14,6.013699720747624e-14
0.2666,6949.146562573349,0.0,0.0,5.121394671687377,6.013797899285035e-14,6.013797899285035e-14
0.26665,6949.253557866631,0.0,0.0,5.12148617719515,6.013890130446922e-14,6.013890130446922e-14
0.2667,6949.35764175572,0.0,0.0,5.121578830341719,6.013983118716077e-14,6.013983118716077e-14
0.26675,6949.458636056315,0.0,0.0,5.121672409816336,6.014070775986787e-14,6.014070775986787e-14
0.26680000000000004,6949.556419140417,0.0,0.0,5.1217668807140155,6.014157916714752e-14,6.014157916714752e-14
0.26685000000000003,6949.650839163141,0.0,0.0,5.121862005538438,6.014240585641729e-14,6.014240585641729e-14
0.2669,6949.741766660077,0.0,0.0,5.121957753831057,6.014321347037358e-14,6.014321347037358e-14
0.26695,6949.829075870909,0.0,0.0,5.122053886670641,6.014398549914605e-14,6.014398549914605e-14
0.267,6949.9126324958015,0.0,0.0,5.122150365030319,6.01447252369974e-14,6.01447252369974e-14
0.26705,6949.992334315645,0.0,0.0,5.122246962435706,6.014543734657744e-14,6.014543734657744e-14
0.2671,6950.068046999989,0.0,0.0,5.122343620090795,6.014610620072816e-14,6.014610620072816e-14
0.26715,6950.139687831736,0.0,0.0,5.122440135218462,6.014675291692217e-14,6.014675291692217e-14
0.2672,6950.207128163238,0.0,0.0,5.122536421394334,6.014734869089628e-14,6.014734869089628e-14
0.26725,6950.270300200188,0.0,0.0,5.122632306880245,6.014792466639439e-14,6.014792466639439e-14
0.26730000000000004,6950.329086610921,0.0,0.0,5.122727674077669,6.01484456614553e-14,6.01484456614553e-14
0.26735000000000003,6950.383430354947,0.0,0.0,5.122822385080775,6.014894602619894e-14,6.014894602619894e-14
0.2674,6950.433230092737,0.0,0.0,5.122916292172353,6.014939074392693e-14,6.014939074392693e-14
0.26745,6950.478436541469,0.0,0.0,5.123009289560027,6.014981141140308e-14,6.014981141140308e-14
0.2675,6950.518967433556,0.0,0.0,5.123101204691064,6.015017832049185e-14,6.015017832049185e-14
0.26755,6950.554779897213,0.0,0.0,5.123191958340086,6.015051619970181e-14,6.015051619970181e-14
0.2676,6950.585811922908,0.0,0.0,5.123281361651811,6.015080361414796e-14,6.015080361414796e-14
0.26765,6950.612027451319,0.0,0.0,5.123369353788228,6.015105669655084e-14,6.015105669655084e-14
0.2677,6950.633384106367,0.0,0.0,5.123455740005647,6.015126277864473e-14,6.015126277864473e-14
0.26775,6950.649854531415,0.0,0.0,5.123540468518999,6.015143009562632e-14,6.015143009562632e-14
0.26780000000000004,6950.661413964703,0.0,0.0,5.123623349436823,6.015155298175119e-14,6.015155298175119e-14
0.26785000000000003,6950.668046570625,0.0,0.0,5.123704331085322,6.015163444489306e-14,6.015163444489306e-14
0.2679,6950.669742455923,0.0,0.0,5.123783238008893,6.015167246521036e-14,6.015167246521036e-14
0.26795,6950.666500311937,0.0,0.0,5.123860011442246,6.015166862831422e-14,6.015166862831422e-14
0.268,6950.658322412865,0.0,0.0,5.12393449760606,6.015162057542301e-14,6.015162057542301e-14
0.26805,6950.645224401678,0.0,0.0,5.124006626155702,6.015153236580628e-14,6.015153236580628e-14
0.2681,6950.627218789598,0.0,0.0,5.124076269143923,6.015139775940126e-14,6.015139775940126e-14
0.26815,6950.604339368485,0.0,0.0,5.124143343335603,6.015122623368041e-14,6.015122623368041e-14
0.2682,6950.576608260741,0.0,0.0,5.124207747497169,6.015100552875132e-14,6.015100552875132e-14
0.26825,6950.544076981931,0.0,0.0,5.124269387284039,6.015075170156895e-14,6.015075170156895e-14
0.26830000000000004,6950.50677817964,0.0,0.0,5.124328186113797,6.015044639728518e-14,6.015044639728518e-14
0.26835000000000003,6950.464778987902,0.0,0.0,5.124384042832409,6.01501111795189e-14,6.01501111795189e-14
0.2684,6950.4181249132635,0.0,0.0,5.124436901278366,6.014972380542977e-14,6.014972380542977e-14
0.26845,6950.366895217123,0.0,0.0,5.124486659361182,6.014930806407523e-14,6.014930806407523e-14
0.2685,6950.31115156607,0.0,0.0,5.124533275992841,6.01488420408662e-14,6.01488420408662e-14
0.26855,6950.250981075121,0.0,0.0,5.124576654474763,6.014834677534519e-14,6.014834677534519e-14
0.2686,6950.186465116566,0.0,0.0,5.124616763457599,6.014780616945754e-14,6.014780616945754e-14
0.26865,6950.117694412962,0.0,0.0,5.12465351731557,6.014723276891506e-14,6.014723276891506e-14
0.2687,6950.044772985782,0.0,0.0,5.124686890128747,6.014662198445578e-14,6.014662198445578e-14
0.26875,6949.9677918045345,0.0,0.0,5.124716811492584,6.014597252095143e-14,6.014597252095143e-14
0.26880000000000004,6949.886879053765,0.0,0.0,5.1247432583482855,6.014529597616603e-14,6.014529597616603e-14
0.26885000000000003,6949.80212424044,0.0,0.0,5.124766177598474,6.01445734754115e-14,6.01445734754115e-14
0.26890000000000003,6949.713679154186,0.0,0.0,5.1247855485361455,6.014383532818351e-14,6.014383532818351e-14
0.26895,6949.621632274296,0.0,0.0,5.124801335295303,6.014304395960123e-14,6.014304395960123e-14
0.269,6949.526156051154,0.0,0.0,5.12481352094482,6.01422479264505e-14,6.01422479264505e-14
0.26905,6949.4273406540815,0.0,0.0,5.124822084943343,6.014139307396398e-14,6.014139307396398e-14
0.2691,6949.325373936216,0.0,0.0,5.124827016975138,6.014054238423891e-14,6.014054238423891e-14
0.26915,6949.22035246967,0.0,0.0,5.124828308759293,6.01396305633721e-14,6.01396305633721e-14
0.2692,6949.112472451385,0.0,0.0,5.124825960052144,6.013872806244336e-14,6.013872806244336e-14
0.26925,6949.001842873912,0.0,0.0,5.124819971489972,6.013776669353141e-14,6.013776669353141e-14
0.26930000000000004,6948.888660272804,0.0,0.0,5.124810356060483,6.013681508012817e-14,6.013681508012817e-14
0.26935000000000003,6948.773052398248,0.0,0.0,5.124797120597697,6.013581213276171e-14,6.013581213276171e-14
0.26940000000000003,6948.655208284447,0.0,0.0,5.124780293335603,6.013481430386803e-14,6.013481430386803e-14
0.26945,6948.535279928963,0.0,0.0,5.124759885958074,6.013377786520695e-14,6.013377786520695e-14
0.2695,6948.413442365068,0.0,0.0,5.124735942206328,6.013273730026516e-14,6.013273730026516e-14
0.26955,6948.28987536561,0.0,0.0,5.124708479079406,6.013167512934375e-14,6.013167512934375e-14
0.2696,6948.164735850664,0.0,0.0,5.1246775540838225,6.013059626015452e-14,6.013059626015452e-14
0.26965,6948.038232011245,0.0,0.0,5.12464319185469,6.012951538967061e-14,6.012951538967061e-14
0.2697,6947.910501690676,0.0,0.0,5.124605460093034,6.012840387724457e-14,6.012840387724457e-14
0.26975,6947.781778734015,0.0,0.0,5.124564394865692,6.012731033812994e-14,6.012731033812994e-14
0.26980000000000004,6947.6521843778855,0.0,0.0,5.1245200692428,6.012617320541826e-14,6.012617320541826e-14
0.26985000000000003,6947.521971919313,0.0,0.0,5.1244725352545935,6.012507190619307e-14,6.012507190619307e-14
0.26990000000000003,6947.391251684886,0.0,0.0,5.124421866140434,6.012391749203957e-14,6.012391749203957e-14
0.26995,6947.260287275832,0.0,0.0,5.12436813418366,6.01228122927062e-14,6.01228122927062e-14
0.27,6947.129186273706,0.0,0.0,5.124311408252915,6.012165000900126e-14,6.012165000900126e-14
0.27005,6946.998211497864,0.0,0.0,5.124251783900679,6.012054397288629e-14,6.012054397288629e-14
0.2701,6946.867477241926,0.0,0.0,5.124189322734832,6.011938390134485e-14,6.011938390134485e-14
0.27015,6946.737233854824,0.0,0.0,5.1241241444222165,6.011827969606349e-14,6.011827969606349e-14
0.2702,6946.6076116380555,0.0,0.0,5.124056302838279,6.011713205474258e-14,6.011713205474258e-14
0.27025,6946.478837727741,0.0,0.0,5.123985939854788,6.011603244681228e-14,6.011603244681228e-14
0.27030000000000004,6946.351066031671,0.0,0.0,5.1239131039341945,6.011490701316593e-14,6.011490701316593e-14
0.27035000000000003,6946.224492146417,0.0,0.0,5.123837954357599,6.011381536803337e-14,6.011381536803337e-14
0.27040000000000003,6946.0992981473755,0.0,0.0,5.123760539177855,6.011272092662867e-14,6.011272092662867e-14
0.27045,6945.975643389393,0.0,0.0,5.123681027768137,6.01116416507338e-14,6.01116416507338e-14
0.2705,6945.853738639224,0.0,0.0,5.123599474847839,6.011058554837093e-14,6.011058554837093e-14
0.27055,6945.733706673946,0.0,0.0,5.12351605089737,6.010952437789255e-14,6.010952437789255e-14
0.2706,6945.615783022319,0.0,0.0,5.123430825404008,6.01085122582675e-14,6.01085122582675e-14
0.27065,6945.50005803218,0.0,0.0,5.123343960514895,6.010747635710588e-14,6.010747635710588e-14
0.2707,6945.386783800663,0.0,0.0,5.123255548288355,6.010651210231085e-14,6.010651210231085e-14
0.27075,6945.276026389732,0.0,0.0,5.123165734048173,6.010550993057395e-14,6.010550993057395e-14
0.27080000000000004,6945.168042840568,0.0,0.0,5.123074638513489,6.010459584209497e-14,6.010459584209497e-14
0.27085000000000004,6945.062885938848,0.0,0.0,5.122982384015641,6.010363680278193e-14,6.010363680278193e-14
0.27090000000000003,6944.960803989774,0.0,0.0,5.122889123060536,6.010277397816347e-14,6.010277397816347e-14
0.27095,6944.861848839164,0.0,0.0,5.122794952240028,6.010186789043032e-14,6.010186789043032e-14
0.271,6944.766246020033,0.0,0.0,5.122700055115974,6.01010567609131e-14,6.01010567609131e-14
0.27105,6944.674058293892,0.0,0.0,5.122604503866712,6.010021320963793e-14,6.010021320963793e-14
0.2711,6944.585475885851,0.0,0.0,5.122508508175294,6.009945415147961e-14,6.009945415147961e-14
0.27115,6944.500582064577,0.0,0.0,5.122412121244449,6.009868182221797e-14,6.009868182221797e-14
0.2712,6944.419522373106,0.0,0.0,5.122315570024554,6.009797575030161e-14,6.009797575030161e-14
0.27125,6944.342406420598,0.0,0.0,5.122218897706403,6.009728181897147e-14,6.009728181897147e-14
0.2713,6944.269330163114,0.0,0.0,5.122122336637126,6.00966306836244e-14,6.00966306836244e-14
0.27135000000000004,6944.200430597519,0.0,0.0,5.122025931300231,6.009602036346917e-14,6.009602036346917e-14
0.27140000000000003,6944.135754349901,0.0,0.0,5.121929905992102,6.00954274529791e-14,6.00954274529791e-14
0.27145,6944.075461741542,0.0,0.0,5.121834318519304,6.00949037556454e-14,6.00949037556454e-14
0.2715,6944.019555480919,0.0,0.0,5.121739371855328,6.00943737770713e-14,6.00943737770713e-14
0.27155,6943.968210388609,0.0,0.0,5.121645148063544,6.009393751980056e-14,6.009393751980056e-14
0.2716,6943.921395120668,0.0,0.0,5.121551817546,6.009347641697859e-14,6.009347641697859e-14
0.27165,6943.879286479883,0.0,0.0,5.121459494684933,6.009312649044551e-14,6.009312649044551e-14
0.2717,6943.8418320225355,0.0,0.0,5.12136830972521,6.009274103431723e-14,6.009274103431723e-14
0.27175,6943.809195915716,0.0,0.0,5.121278413130876,6.009247487328249e-14,6.009247487328249e-14
0.2718,6943.781318896791,0.0,0.0,5.1211898922565835,6.009217207208326e-14,6.009217207208326e-14
0.27185000000000004,6943.758337692077,0.0,0.0,5.12110293222653,6.00919862872311e-14,6.00919862872311e-14
0.27190000000000003,6943.740199827213,0.0,0.0,5.121017580168212,6.009177269068394e-14,6.009177269068394e-14
0.27195,6943.727001588722,0.0,0.0,5.120934049110609,6.009166375078299e-14,6.009166375078299e-14
0.272,6943.718708343692,0.0,0.0,5.120852353783627,6.009154476055353e-14,6.009154476055353e-14
0.27205,6943.715366473715,0.0,0.0,5.120772723642002,6.009150964143171e-14,6.009150964143171e-14
0.2721,6943.716966141713,0.0,0.0,5.120695153049651,6.009148890123602e-14,6.009148890123602e-14
0.27215,6943.723499199716,0.0,0.0,5.120619873007277,6.009152560545015e-14,6.009152560545015e-14
0.2722,6943.734982482422,0.0,0.0,5.120546872121004,6.009160458015557e-14,6.009160458015557e-14
0.27225,6943.7513541337585,0.0,0.0,5.120476366529951,6.009171244435495e-14,6.009171244435495e-14
0.2723,6943.772654217881,0.0,0.0,5.120408354236508,6.009189022674167e-14,6.009189022674167e-14
0.27235000000000004,6943.798773333739,0.0,0.0,5.120343020726058,6.009206999059566e-14,6.009206999059566e-14
0.27240000000000003,6943.829766476216,0.0,0.0,5.120280386916557,6.009234337416377e-14,6.009234337416377e-14
0.27245,6943.865487362865,0.0,0.0,5.120220594612422,6.009259697828992e-14,6.009259697828992e-14
0.2725,6943.905993952702,0.0,0.0,5.1201636975231075,6.009296078500592e-14,6.009296078500592e-14
0.27255,6943.951116786729,0.0,0.0,5.120109785311612,6.00932909514032e-14,6.00932909514032e-14
0.2726,6944.000902809011,0.0,0.0,5.120058949180874,6.009373855755273e-14,6.009373855755273e-14
0.27265,6944.055174305028,0.0,0.0,5.120011223984052,6.009414819581602e-14,6.009414819581602e-14
0.2727,6944.113953166898,0.0,0.0,5.119966737095031,6.009467220132944e-14,6.009467220132944e-14
0.27275,6944.177067554053,0.0,0.0,5.11992547211643,6.009516373607563e-14,6.009516373607563e-14
0.2728,6944.244502156869,0.0,0.0,5.11988758525331,6.00957566607297e-14,6.00957566607297e-14
0.27285000000000004,6944.316102528584,0.0,0.0,5.119853018219011,6.009633137925711e-14,6.009633137925711e-14
0.27290000000000003,6944.391807547699,0.0,0.0,5.119821943528471,6.009698631168224e-14,6.009698631168224e-14
0.27295,6944.471487611608,0.0,0.0,5.119794274943668,6.009764381257614e-14,6.009764381257614e-14
0.273,6944.55503189803,0.0,0.0,5.119770185182498,6.009835490796865e-14,6.009835490796865e-14
0.27305,6944.642338185697,0.0,0.0,5.119749576674904,6.00990927480261e-14,6.00990927480261e-14
0.2731,6944.7332472593225,0.0,0.0,5.119732604767028,6.009985551576146e-14,6.009985551576146e-14
0.27315,6944.827681760228,0.0,0.0,5.119719177597502,6.010066908111627e-14,6.010066908111627e-14
0.2732,6944.925440386625,0.0,0.0,5.119709416444765,6.010148043272085e-14,6.010148043272085e-14
0.27325,6945.026463612445,0.0,0.0,5.119703250265128,6.010236307023737e-14,6.010236307023737e-14
0.2733,6945.13051844841,0.0,0.0,5.119700752718282,6.01032211155315e-14,6.01032211155315e-14
0.27335000000000004,6945.237552854645,0.0,0.0,5.119701884676348,6.010416449014683e-14,6.010416449014683e-14
0.27340000000000003,6945.347315223721,0.0,0.0,5.119706663602134,6.010506813928081e-14,6.010506813928081e-14
0.27345,6945.459748922249,0.0,0.0,5.119715087843192,6.010606276885133e-14,6.010606276885133e-14
0.2735,6945.574597727658,0.0,0.0,5.119727116236644,6.010701118453059e-14,6.010701118453059e-14
0.27355,6945.691788418326,0.0,0.0,5.11974278386216,6.0108047082285e-14,6.0108047082285e-14
0.2736,6945.811073267828,0.0,0.0,5.119761994967166,6.010903908557063e-14,6.010903908557063e-14
0.27365,6945.932352280245,0.0,0.0,5.119784814448839,6.011010640650482e-14,6.011010640650482e-14
0.2737,6946.0553968475915,0.0,0.0,5.119811101907376,6.01111399155487e-14,6.01111399155487e-14
0.27375,6946.180073247317,0.0,0.0,5.119840939939331,6.011222953843573e-14,6.011222953843573e-14
0.2738,6946.306178898603,0.0,0.0,5.119874157984063,6.011330112421908e-14,6.011330112421908e-14
0.27385000000000004,6946.433543566033,0.0,0.0,5.119910840724596,6.011440507448391e-14,6.011440507448391e-14
0.27390000000000003,6946.5619932702975,0.0,0.0,5.119950804489348,6.01155097041406e-14,6.01155097041406e-14
0.27395,6946.691322936586,0.0,0.0,5.119994119105291,6.011662138264807e-14,6.011662138264807e-14
0.274,6946.821385419201,0.0,0.0,5.120040605115196,6.011775236967047e-14,6.011775236967047e-14
0.27405,6946.951946630798,0.0,0.0,5.120090301557999,6.011886655933597e-14,6.011886655933597e-14
0.2741,6947.082880756644,0.0,0.0,5.120143048479458,6.01200157410213e-14,6.01200157410213e-14
0.27415,6947.213933772395,0.0,0.0,5.120198841386587,6.012112840388155e-14,6.012112840388155e-14
0.2742,6947.344993069599,0.0,0.0,5.120257551111237,6.01222864988668e-14,6.01222864988668e-14
0.27425,6947.475795726834,0.0,0.0,5.120319121771611,6.012339441568151e-14,6.012339441568151e-14
0.2743,6947.606232994781,0.0,0.0,5.120383460871294,6.012455151876593e-14,6.012455151876593e-14
0.27435000000000004,6947.7360445532895,0.0,0.0,5.120450459189764,6.01256518226309e-14,6.01256518226309e-14
0.27440000000000003,6947.865116465244,0.0,0.0,5.120520060782029,6.01267979585948e-14,6.01267979585948e-14
0.27445,6947.993201487632,0.0,0.0,5.12059210721602,6.01278876566879e-14,6.01278876566879e-14
0.2745,6948.120173105909,0.0,0.0,5.120666573213885,6.012901331266244e-14,6.012901331266244e-14
0.27455,6948.245805376666,0.0,0.0,5.120743260691027,6.013008885837004e-14,6.013008885837004e-14
0.2746,6948.369954528604,0.0,0.0,5.120822164410465,6.013118543157274e-14,6.013118543157274e-14
0.27465,6948.492421037443,0.0,0.0,5.120903060242923,6.013224242166741e-14,6.013224242166741e-14
0.2747,6948.613042482833,0.0,0.0,5.1209859492944645,6.013330251392949e-14,6.013330251392949e-14
0.27475,6948.731647459301,0.0,0.0,5.1210705971562,6.013433555020107e-14,6.013433555020107e-14
0.2748,6948.848056843498,0.0,0.0,5.121156996535121,6.01353530924709e-14,6.01353530924709e-14
0.27485000000000004,6948.9621258083835,0.0,0.0,5.1212449185476725,6.013635582006597e-14,6.013635582006597e-14
0.27490000000000003,6949.0736633764745,0.0,0.0,5.12133433383883,6.013732601240011e-14,6.013732601240011e-14
0.27495,6949.182547176304,0.0,0.0,5.1214250328380535,6.01382913303842e-14,6.01382913303842e-14
0.275,6949.28858127021,0.0,0.0,5.121516953434505,6.013921042984446e-14,6.013921042984446e-14
0.27505,6949.391660016364,0.0,0.0,5.121609915463307,6.014013082451827e-14,6.014013082451827e-14
0.2751,6949.491590375831,0.0,0.0,5.121703817740817,6.014099582712186e-14,6.014099582712186e-14
0.27515,6949.588277238148,0.0,0.0,5.121798514795433,6.014186378341049e-14,6.014186378341049e-14
0.2752,6949.681538127398,0.0,0.0,5.121893865178956,6.014267205844796e-14,6.014267205844796e-14
0.27525,6949.77128290237,0.0,0.0,5.121989758220497,6.014348047590843e-14,6.014348047590843e-14
0.2753,6949.857346098723,0.0,0.0,5.122086016128986,6.01442294256495e-14,6.01442294256495e-14
0.27535000000000004,6949.939638501965,0.0,0.0,5.122182558322368,6.014497198156057e-14,6.014497198156057e-14
0.27540000000000003,6950.01801614724,0.0,0.0,5.1222791789929,6.014565877549902e-14,6.014565877549902e-14
0.27545000000000003,6950.092388787159,0.0,0.0,5.1223758191354065,6.01463301840065e-14,6.01463301840065e-14
0.2755,6950.162636115169,0.0,0.0,5.122472256350748,6.014695161780592e-14,6.014695161780592e-14
0.27555,6950.228667118048,0.0,0.0,5.122568442406666,6.014754775050463e-14,6.014754775050463e-14
0.2756,6950.290385032576,0.0,0.0,5.122664151178305,6.014810024229945e-14,6.014810024229945e-14
0.27565,6950.3477003232,0.0,0.0,5.122759333843706,6.014861810863011e-14,6.014861810863011e-14
0.2757,6950.400537798695,0.0,0.0,5.122853773088134,6.014909782954093e-14,6.014909782954093e-14
0.27575,6950.448813038568,0.0,0.0,5.122947409300203,6.014953542719574e-14,6.014953542719574e-14
0.2758,6950.492469300259,0.0,0.0,5.123040044565791,6.0149938537324e-14,6.0149938537324e-14
0.27585000000000004,6950.531431516013,0.0,0.0,5.123131600877534,6.015029461555959e-14,6.015029461555959e-14
0.27590000000000003,6950.5656579453125,0.0,0.0,5.123221907144759,6.01506175569727e-14,6.01506175569727e-14
0.27595000000000003,6950.595086871948,0.0,0.0,5.123310862915925,6.015089134008563e-14,6.015089134008563e-14
0.276,6950.619688593711,0.0,0.0,5.123398327487953,6.015113113615841e-14,6.015113113615841e-14
0.27605,6950.639417763609,0.0,0.0,5.123484177847743,6.015132206417258e-14,6.015132206417258e-14
0.2761,6950.654254868521,0.0,0.0,5.123568303319265,6.015147656829451e-14,6.015147656829451e-14
0.27615,6950.664172467891,0.0,0.0,5.1236505619011234,6.01515841052607e-14,6.01515841052607e-14
0.2762,6950.669160846313,0.0,0.0,5.1237308691659145,6.015165215865184e-14,6.015165215865184e-14
0.27625,6950.66921034628,0.0,0.0,5.123809070620682,6.015167570337602e-14,6.015167570337602e-14
0.2763,6950.664322120719,0.0,0.0,5.123885101870461,6.015165717466067e-14,6.015165717466067e-14
0.27635000000000004,6950.65450267925,0.0,0.0,5.123958804192165,6.015159609080563e-14,6.015159609080563e-14
0.27640000000000003,6950.639766244,0.0,0.0,5.1240301258313705,6.015149179385736e-14,6.015149179385736e-14
0.27645000000000003,6950.620132858101,0.0,0.0,5.1240989125364385,6.015134555114569e-14,6.015134555114569e-14
0.2765,6950.5956325490415,0.0,0.0,5.12416511795006,6.01511570586498e-14,6.01511570586498e-14
0.27655,6950.566295927232,0.0,0.0,5.1242286001464645,6.015092545665534e-14,6.015092545665534e-14
0.2766,6950.532171358383,0.0,0.0,5.124289312251035,6.015065484669492e-14,6.015065484669492e-14
0.27665,6950.493297477999,0.0,0.0,5.124347130635598,6.0150338276227e-14,6.0150338276227e-14
0.2767,6950.44974258332,0.0,0.0,5.124402004164543,6.014998785969154e-14,6.014998785969154e-14
0.27675,6950.401551899443,0.0,0.0,5.12445383095882,6.014958754947573e-14,6.014958754947573e-14
0.2768,6950.348813722547,0.0,0.0,5.124502554451996,6.014915963306861e-14,6.014915963306861e-14
0.27685000000000004,6950.291580000018,0.0,0.0,5.12454809527961,6.014867782904165e-14,6.014867782904165e-14
0.27690000000000003,6950.229957260578,0.0,0.0,5.124590392764525,6.014817455945252e-14,6.014817455945252e-14
0.27695000000000003,6950.164006021802,0.0,0.0,5.124629388444278,6.01476145992408e-14,6.01476145992408e-14
0.277,6950.093847479229,0.0,0.0,5.124665020825274,6.014703792249327e-14,6.014703792249327e-14
0.27705,6950.019554066528,0.0,0.0,5.124697249041522,6.014640417893505e-14,6.014640417893505e-14
0.2771,6949.941256686756,0.0,0.0,5.1247260152212535,6.014575592824798e-14,6.014575592824798e-14
0.27715,6949.859043969907,0.0,0.0,5.124751292021769,6.014505362653239e-14,6.014505362653239e-14
0.2772,6949.773050879672,0.0,0.0,5.124773029796655,6.01443357244043e-14,6.01443357244043e-14
0.27725,6949.6833866433635,0.0,0.0,5.124791210861587,6.014357065252607e-14,6.014357065252607e-14
0.2773,6949.590184858917,0.0,0.0,5.124805797629625,6.014278539879744e-14,6.014278539879744e-14
0.27735000000000004,6949.49357892398,0.0,0.0,5.12481677926455,6.014196355528856e-14,6.014196355528856e-14
0.27740000000000004,6949.393696815997,0.0,0.0,5.124824132579824,6.014111394380696e-14,6.014111394380696e-14
0.27745000000000003,6949.29069795503,0.0,0.0,5.124827852393795,6.01402411801552e-14,6.01402411801552e-14
0.2775,6949.184702433316,0.0,0.0,5.124827930388924,6.013933119082862e-14,6.013933119082862e-14
0.27755,6949.07589512774,0.0,0.0,5.124824367639755,6.013841290297484e-14,6.013841290297484e-14
0.2776,6948.964388520247,0.0,0.0,5.124817169319438,6.013744770642014e-14,6.013744770642014e-14
0.27765,6948.850389618179,0.0,0.0,5.1248063449269114,6.013648863672222e-14,6.013648863672222e-14
0.2777,6948.73400624161,0.0,0.0,5.124791910318769,6.013547466579902e-14,6.013547466579902e-14
0.27775,6948.615461534359,0.0,0.0,5.1247738865673576,6.013447884481701e-14,6.013447884481701e-14
0.2778,6948.494863976435,0.0,0.0,5.124752296700307,6.013342370948678e-14,6.013342370948678e-14
0.27785,6948.372444721073,0.0,0.0,5.124727176667742,6.013239456147844e-14,6.013239456147844e-14
0.27790000000000004,6948.248319856795,0.0,0.0,5.1246985533377005,6.013130679809865e-14,6.013130679809865e-14
0.27795000000000003,6948.122719234348,0.0,0.0,5.124666480096773,6.013024739484058e-14,6.013024739484058e-14
0.278,6947.995774045653,0.0,0.0,5.1246309853768475,6.012913608510939e-14,6.012913608510939e-14
0.27805,6947.867703537295,0.0,0.0,5.1245921410163815,6.012804951211537e-14,6.012804951211537e-14
0.2781,6947.738660785362,0.0,0.0,5.124549976474737,6.012692380901037e-14,6.012692380901037e-14
0.27815,6947.608846448467,0.0,0.0,5.124504580982617,6.012581359181855e-14,6.012581359181855e-14
0.2782,6947.478440286306,0.0,0.0,5.1244559865812755,6.012468222653499e-14,6.012468222653499e-14
0.27825,6947.347618886372,0.0,0.0,5.12440429661577,6.012355273739497e-14,6.012355273739497e-14
0.2783,6947.216590476834,0.0,0.0,5.1243495492868165,6.012242357405462e-14,6.012242357405462e-14
0.27835,6947.085505473149,0.0,0.0,5.1242918568464395,6.012128035987526e-14,6.012128035987526e-14
0.27840000000000004,6946.954598673374,0.0,0.0,5.124231268756451,6.012016006451644e-14,6.012016006451644e-14
0.27845000000000003,6946.823996030433,0.0,0.0,5.124167899741141,6.011901002176966e-14,6.011901002176966e-14
0.2785,6946.693953201208,0.0,0.0,5.124101816282141,6.011790390520395e-14,6.011790390520395e-14
0.27855,6946.5645770517285,0.0,0.0,5.124033128917074,6.01167552700628e-14,6.01167552700628e-14
0.2786,6946.436134998915,0.0,0.0,5.123961926472952,6.011566732141042e-14,6.011566732141042e-14
0.27865,6946.308723184944,0.0,0.0,5.123888309563665,6.011452945723343e-14,6.011452945723343e-14
0.2787,6946.182609260366,0.0,0.0,5.123812393112855,6.0113462582155e-14,6.0113462582155e-14
0.27875,6946.057888801754,0.0,0.0,5.12373426408633,6.011234557892059e-14,6.011234557892059e-14
0.2788,6945.934817126871,0.0,0.0,5.123654064705509,6.011130199816241e-14,6.011130199816241e-14
0.27885,6945.813499703328,0.0,0.0,5.123571867407223,6.011021613939411e-14,6.011021613939411e-14
0.27890000000000004,6945.694167500614,0.0,0.0,5.123487839725304,6.010919789964883e-14,6.010919789964883e-14
0.27895000000000003,6945.5769450060625,0.0,0.0,5.123402041948304,6.010815305196085e-14,6.010815305196085e-14
0.279,6945.4620289972045,0.0,0.0,5.12331466159731,6.010716256934607e-14,6.010716256934607e-14
0.27905,6945.349569274758,0.0,0.0,5.123225752340687,6.010616759270626e-14,6.010616759270626e-14
0.2791,6945.239722102979,0.0,0.0,5.123135513415916,6.01052081399457e-14,6.01052081399457e-14
0.27915,6945.1326649141665,0.0,0.0,5.123043999898079,6.010427038760176e-14,6.010427038760176e-14
0.2792,6945.0285115849865,0.0,0.0,5.122951412430561,6.010334645669341e-14,6.010334645669341e-14
0.27925,6944.927464886371,0.0,0.0,5.122857816894194,6.010247144543034e-14,6.010247144543034e-14
0.2793,6944.829599195156,0.0,0.0,5.122763404310512,6.010158890765793e-14,6.010158890765793e-14
0.27935,6944.73513575821,0.0,0.0,5.122668260690915,6.010078020606847e-14,6.010078020606847e-14
0.27940000000000004,6944.644116746901,0.0,0.0,5.122572557221269,6.009994625140684e-14,6.009994625140684e-14
0.27945000000000003,6944.5567711224385,0.0,0.0,5.122476407745067,6.009920559870623e-14,6.009920559870623e-14
0.2795,6944.473119583268,0.0,0.0,5.12237995574102,6.009842843898632e-14,6.009842843898632e-14
0.27955,6944.393385419156,0.0,0.0,5.122283347539345,6.009775609294755e-14,6.009775609294755e-14
0.2796,6944.317580517588,0.0,0.0,5.122186694650766,6.009704446947702e-14,6.009704446947702e-14
0.27965,6944.245908168984,0.0,0.0,5.1220901764565365,6.009643971895799e-14,6.009643971895799e-14
0.2797,6944.178384262368,0.0,0.0,5.12199387264818,6.009580227763818e-14,6.009580227763818e-14
0.27975,6944.115178674573,0.0,0.0,5.121897991630252,6.009526406355089e-14,6.009526406355089e-14
0.2798,6944.056322394535,0.0,0.0,5.121802586019058,6.009470867286609e-14,6.009470867286609e-14
0.27985,6944.001941185908,0.0,0.0,5.121707884793955,6.009423621456545e-14,6.009423621456545e-14
0.27990000000000004,6943.952088887558,0.0,0.0,5.1216139223279535,6.009376933441055e-14,6.009376933441055e-14
0.27995000000000003,6943.906840595251,0.0,0.0,5.121520936145835,6.009336267527029e-14,6.009336267527029e-14
0.28,6943.866276210467,0.0,0.0,5.12142895416496,6.009298884685478e-14,6.009298884685478e-14
0.28005,6943.83041867057,0.0,0.0,5.1213382082630705,6.009264923915744e-14,6.009264923915744e-14
0.2801,6943.799372037617,0.0,0.0,5.1212487330018,6.009237078434053e-14,6.009237078434053e-14
0.28015,6943.773110870339,0.0,0.0,5.121160740077036,6.009210084395341e-14,6.009210084395341e-14
0.2802,6943.751756540178,0.0,0.0,5.12107428319938,6.009191780490307e-14,6.009191780490307e-14
0.28025,6943.735243778123,0.0,0.0,5.120989540953259,6.009172142505603e-14,6.009172142505603e-14
0.2803,6943.723700295093,0.0,0.0,5.1209065961969635,6.009163175797746e-14,6.009163175797746e-14
0.28035,6943.717033161039,0.0,0.0,5.120825584898584,6.00915137728376e-14,6.00915137728376e-14
0.28040000000000004,6943.715362791015,0.0,0.0,5.120746624925909,6.009151377323317e-14,6.009151377323317e-14
0.28045000000000003,6943.718582706015,0.0,0.0,5.120669804939788,6.009147943251835e-14,6.009147943251835e-14
0.2805,6943.726791538089,0.0,0.0,5.120595278457094,6.0091564320956e-14,6.0091564320956e-14
0.28055,6943.73988341117,0.0,0.0,5.120523087717029,6.009161863800927e-14,6.009161863800927e-14
0.2806,6943.757921794094,0.0,0.0,5.120453416916275,6.009178324076732e-14,6.009178324076732e-14
0.28065,6943.780813667669,0.0,0.0,5.120386268327579,6.009193030816502e-14,6.009193030816502e-14
0.2807,6943.808576884501,0.0,0.0,5.120321846671711,6.009216971921511e-14,6.009216971921511e-14
0.28075,6943.8411400092655,0.0,0.0,5.1202601254776745,6.009241209401801e-14,6.009241209401801e-14
0.2808,6943.878469154554,0.0,0.0,5.120201315812615,6.009272224039066e-14,6.009272224039066e-14
0.28085,6943.920518519717,0.0,0.0,5.120145376967188,6.009306047241427e-14,6.009306047241427e-14
0.28090000000000004,6943.967201522395,0.0,0.0,5.120092509935543,6.0093438495517e-14,6.0093438495517e-14
0.28095000000000003,6944.018496892959,0.0,0.0,5.120042675558945,6.00938708813415e-14,6.00938708813415e-14
0.281,6944.074269664454,0.0,0.0,5.119996048244372,6.009431528321732e-14,6.009431528321732e-14
0.28105,6944.134517094085,0.0,0.0,5.1199526052519495,6.009483786241589e-14,6.009483786241589e-14
0.2811,6944.199064817966,0.0,0.0,5.119912479998716,6.009534840706076e-14,6.009534840706076e-14
0.28115,6944.267918627862,0.0,0.0,5.119875677983782,6.009595521353284e-14,6.009595521353284e-14
0.2812,6944.340877194203,0.0,0.0,5.119842281316491,6.00965325879499e-14,6.00965325879499e-14
0.28125,6944.417942352487,0.0,0.0,5.119812330781243,6.009721611317259e-14,6.009721611317259e-14
0.2813,6944.498900008084,0.0,0.0,5.11978585237168,6.009786141798618e-14,6.009786141798618e-14
0.28135,6944.5837348348505,0.0,0.0,5.119762923353663,6.00986132195283e-14,6.00986132195283e-14
0.28140000000000004,6944.672234076474,0.0,0.0,5.1197435150063,6.009932735013363e-14,6.009932735013363e-14
0.28145000000000003,6944.764353209185,0.0,0.0,5.119727736145952,6.010013872918559e-14,6.010013872918559e-14
0.28150000000000003,6944.85989299123,0.0,0.0,5.119715510786208,6.010092175086935e-14,6.010092175086935e-14
0.28155,6944.958770508996,0.0,0.0,5.119706968830693,6.01017843914929e-14,6.01017843914929e-14
0.2816,6945.060808801612,0.0,0.0,5.119701999533589,6.010263499459877e-14,6.010263499459877e-14
0.28165,6945.165881467431,0.0,0.0,5.119700739247758,6.010354149492592e-14,6.010354149492592e-14
0.2817,6945.273838185328,0.0,0.0,5.11970305834442,6.01044566050584e-14,6.01044566050584e-14
0.28175,6945.3845087343625,0.0,0.0,5.119709082778613,6.010540081722243e-14,6.010540081722243e-14
0.2818,6945.497769054038,0.0,0.0,5.119718681122877,6.01063754240527e-14,6.01063754240527e-14
0.28185,6945.613409517384,0.0,0.0,5.11973195215165,6.010735257312777e-14,6.010735257312777e-14
0.28190000000000004,6945.731327535808,0.0,0.0,5.119748778622885,6.010837978545405e-14,6.010837978545405e-14
0.28195000000000003,6945.851282592867,0.0,0.0,5.1197692176865965,6.01093863579279e-14,6.01093863579279e-14
0.28200000000000003,6945.973185303483,0.0,0.0,5.119793179007927,6.011045768904059e-14,6.011045768904059e-14
0.28205,6946.096775673581,0.0,0.0,5.119820667966485,6.011149111397535e-14,6.011149111397535e-14
0.2821,6946.221967170968,0.0,0.0,5.119851628912883,6.011259694121204e-14,6.011259694121204e-14
0.28215,6946.348493093174,0.0,0.0,5.119886010959826,6.011365513086956e-14,6.011365513086956e-14
0.2822,6946.47625893817,0.0,0.0,5.119923794988078,6.01147852703644e-14,6.01147852703644e-14
0.28225,6946.605003755792,0.0,0.0,5.119964875583513,6.011586608253329e-14,6.011586608253329e-14
0.2823,6946.734615416254,0.0,0.0,5.1200092659121434,6.011701039684961e-14,6.011701039684961e-14
0.28235,6946.864849323603,0.0,0.0,5.120056813723374,6.011811111693021e-14,6.011811111693021e-14
0.28240000000000004,6946.995568604597,0.0,0.0,5.12010755483212,6.011926006756198e-14,6.011926006756198e-14
0.28245000000000003,6947.12655256332,0.0,0.0,5.120161302711037,6.012037697809262e-14,6.012037697809262e-14
0.28250000000000003,6947.257635979961,0.0,0.0,5.120218102219975,6.012152206079067e-14,6.012152206079067e-14
0.28255,6947.388625820208,0.0,0.0,5.1202777482506345,6.01226501667585e-14,6.01226501667585e-14
0.2826,6947.519328849397,0.0,0.0,5.120340279104489,6.012378416518486e-14,6.012378416518486e-14
0.28265,6947.649579541617,0.0,0.0,5.1204054877966625,6.012491711228621e-14,6.012491711228621e-14
0.2827,6947.779160749663,0.0,0.0,5.120473390664116,6.012603415837882e-14,6.012603415837882e-14
0.28275,6947.9079308003675,0.0,0.0,5.120543794350775,6.01271643456314e-14,6.01271643456314e-14
0.2828,6948.035655831981,0.0,0.0,5.120616680158344,6.012825978420305e-14,6.012825978420305e-14
0.28285,6948.162211762707,0.0,0.0,5.120691880667904,6.012937865836534e-14,6.012937865836534e-14
0.28290000000000004,6948.287357213284,0.0,0.0,5.120769333175578,6.013044875518272e-14,6.013044875518272e-14
0.28295000000000003,6948.410978035558,0.0,0.0,5.120848903826018,6.013154722825316e-14,6.013154722825316e-14
0.28300000000000003,6948.532835235327,0.0,0.0,5.120930482194579,6.013258878007155e-14,6.013258878007155e-14
0.28305,6948.652816861978,0.0,0.0,5.121013970128619,6.013365771575216e-14,6.013365771575216e-14
0.2831,6948.770695591063,0.0,0.0,5.121099211431752,6.013466762595097e-14,6.013466762595097e-14
0.28315,6948.886355100568,0.0,0.0,5.121186140297224,6.013569831725302e-14,6.013569831725302e-14
0.2832,6948.999587271864,0.0,0.0,5.1212745619749835,6.013667321649517e-14,6.013667321649517e-14
0.28325,6949.110266966807,0.0,0.0,5.121364434903942,6.013765779055522e-14,6.013765779055522e-14
0.2833,6949.218210272694,0.0,0.0,5.121455537175922,6.013859375343251e-14,6.013859375343251e-14
0.28335,6949.323281489505,0.0,0.0,5.121547840012933,6.013952545340694e-14,6.013952545340694e-14
0.28340000000000004,6949.425323018728,0.0,0.0,5.121641108285028,6.014041786035335e-14,6.014041786035335e-14
0.28345000000000004,6949.524189653083,0.0,0.0,5.121735312977021,6.01412911685885e-14,6.01412911685885e-14
0.28350000000000003,6949.6197494462585,0.0,0.0,5.121830220303201,6.014213472445302e-14,6.014213472445302e-14
0.28355,6949.711851198719,0.0,0.0,5.121925788366558,6.014294532979517e-14,6.014294532979517e-14
0.2836,6949.8003857031545,0.0,0.0,5.122021798009439,6.014373423049769e-14,6.014373423049769e-14
0.28365,6949.885201043529,0.0,0.0,5.122118183989912,6.014447885315865e-14,6.014447885315865e-14
0.2837,6949.966206417792,0.0,0.0,5.1222147521361485,6.014520706939293e-14,6.014520706939293e-14
0.28375,6950.0432552987195,0.0,0.0,5.12231140698223,6.014588319130093e-14,6.014588319130093e-14
0.2838,6950.11627050027,0.0,0.0,5.122407985635183,6.014654481445776e-14,6.014654481445776e-14
0.28385,6950.185116841881,0.0,0.0,5.122504359940517,6.014715036730126e-14,6.014715036730126e-14
0.28390000000000004,6950.249726448405,0.0,0.0,5.122600399998157,6.014773996514116e-14,6.014773996514116e-14
0.28395000000000004,6950.309980418901,0.0,0.0,5.122695947075405,6.014827303575509e-14,6.014827303575509e-14
0.28400000000000003,6950.365817125464,0.0,0.0,5.122790901575129,6.014878595605495e-14,6.014878595605495e-14
0.28405,6950.417137236649,0.0,0.0,5.122885080367101,6.014924456394858e-14,6.014924456394858e-14
0.2841,6950.463883998587,0.0,0.0,5.122978407846689,6.014967714444105e-14,6.014967714444105e-14
0.28415,6950.505979013833,0.0,0.0,5.123070685689856,6.01500591256655e-14,6.01500591256655e-14
0.2842,6950.543370814292,0.0,0.0,5.123161853608111,6.015040878081498e-14,6.015040878081498e-14
0.28425,6950.5760014623565,0.0,0.0,5.123251708886064,6.0150711798435e-14,6.0150711798435e-14
0.2843,6950.603826704183,0.0,0.0,5.123340197019232,6.015097697752465e-14,6.015097697752465e-14
0.28435,6950.626807167554,0.0,0.0,5.123427121752287,6.015119864870013e-14,6.015119864870013e-14
0.2844,6950.644908707413,0.0,0.0,5.12351242549514,6.015137868331295e-14,6.015137868331295e-14
0.28445000000000004,6950.658107850958,0.0,0.0,5.123595927902016,6.015151679696619e-14,6.015151679696619e-14
0.28450000000000003,6950.66638370024,0.0,0.0,5.123677561400002,6.015161167177332e-14,6.015161167177332e-14
0.28455,6950.669725996375,0.0,0.0,5.123757168468804,6.015166445206592e-14,6.015166445206592e-14
0.2846,6950.668129724102,0.0,0.0,5.123834667527245,6.015167454883727e-14,6.015167454883727e-14
0.28465,6950.661595833574,0.0,0.0,5.1239099276018925,6.015164091311793e-14,6.015164091311793e-14
0.2847,6950.650136701048,0.0,0.0,5.123982852341931,6.015156677874167e-14,6.015156677874167e-14
0.28475,6950.6337636765,0.0,0.0,5.124053337720227,6.01514465403925e-14,6.01514465403925e-14
0.2848,6950.612506528468,0.0,0.0,5.124121274966792,6.015128872596276e-14,6.015128872596276e-14
0.28485,6950.586387621352,0.0,0.0,5.124186584477878,6.015108270274417e-14,6.015108270274417e-14
0.2849,6950.555452545127,0.0,0.0,5.124249149896672,6.015084170580181e-14,6.015084170580181e-14
0.28495000000000004,6950.519736612425,0.0,0.0,5.124308911409901,6.015055171122933e-14,6.015055171122933e-14
0.28500000000000003,6950.479298363977,0.0,0.0,5.1243657514166,6.015022803430269e-14,6.015022803430269e-14
0.28505,6950.434188890697,0.0,0.0,5.124419624225241,6.014985675167227e-14,6.014985675167227e-14
0.2851,6950.384476070137,0.0,0.0,5.124470417707639,6.014945106607907e-14,6.014945106607907e-14
0.28515,6950.330229837198,0.0,0.0,5.12451809472143,6.014900182508836e-14,6.014900182508836e-14
0.2852,6950.2715237913035,0.0,0.0,5.1245625546113125,6.014851521122565e-14,6.014851521122565e-14
0.28525,6950.208449229771,0.0,0.0,5.1246037643049975,6.014799170536291e-14,6.014799170536291e-14
0.2853,6950.141082647235,0.0,0.0,5.124641639030132,6.014742592096377e-14,6.014742592096377e-14
0.28535,6950.069537927944,0.0,0.0,5.124676147100787,6.014683191731177e-14,6.014683191731177e-14
0.2854,6949.993893102113,0.0,0.0,5.124707221935934,6.014618964218685e-14,6.014618964218685e-14
0.28545000000000004,6949.914284000526,0.0,0.0,5.124734832645658,6.014552873408736e-14,6.014552873408736e-14
0.28550000000000003,6949.830790737674,0.0,0.0,5.124758930959465,6.01448137388004e-14,6.01448137388004e-14
0.28555,6949.743568316705,0.0,0.0,5.1247794881579996,6.014408919239422e-14,6.014408919239422e-14
0.2856,6949.652701482317,0.0,0.0,5.124796472539157,6.014330639013653e-14,6.014330639013653e-14
0.28565,6949.558359609914,0.0,0.0,5.12480986038104,6.014252111315829e-14,6.014252111315829e-14
0.2857,6949.460636328919,0.0,0.0,5.1248196336073715,6.01416764762262e-14,6.01416764762262e-14
0.28575,6949.359709043327,0.0,0.0,5.124825776995277,6.014083312372331e-14,6.014083312372331e-14
0.2858,6949.255685576451,0.0,0.0,5.124828282802009,6.013993346161891e-14,6.013993346161891e-14
0.28585,6949.148744290111,0.0,0.0,5.124827147594966,6.013903466475956e-14,6.013903466475956e-14
0.2859,6949.039012641899,0.0,0.0,5.124822371194379,6.013808729482031e-14,6.013808729482031e-14
0.28595000000000004,6948.926663162349,0.0,0.0,5.12481396422272,6.01371359759777e-14,6.01371359759777e-14
0.28600000000000003,6948.811847470325,0.0,0.0,5.124801932532991,6.013614832618421e-14,6.013614832618421e-14
0.28605,6948.694726819526,0.0,0.0,5.124786301454325,6.013514805136591e-14,6.013514805136591e-14
0.2861,6948.575479594156,0.0,0.0,5.124767083007552,6.013412725780051e-14,6.013412725780051e-14
0.28615,6948.454252590833,0.0,0.0,5.124744316025875,6.013308255739536e-14,6.013308255739536e-14
0.2862,6948.331250866395,0.0,0.0,5.124718020543572,6.013203511799297e-14,6.013203511799297e-14
0.28625,6948.20660646609,0.0,0.0,5.124688245996429,6.013095172167552e-14,6.013095172167552e-14
0.2863,6948.080547910416,0.0,0.0,5.124655023639596,6.012988326056417e-14,6.012988326056417e-14
0.28635,6947.953195289845,0.0,0.0,5.124618409441917,6.012876818947109e-14,6.012876818947109e-14
0.2864,6947.824794319641,0.0,0.0,5.124578449763458,6.012768337912435e-14,6.012768337912435e-14
0.28645000000000004,6947.695458727624,0.0,0.0,5.12453520267938,6.012654486960415e-14,6.012654486960415e-14
0.28650000000000003,6947.565442634821,0.0,0.0,5.124488733320838,6.01254475209993e-14,6.01254475209993e-14
0.28655,6947.434861045601,0.0,0.0,5.124439098028629,6.01242947756047e-14,6.01242947756047e-14
0.2866,6947.303966148652,0.0,0.0,5.124386383211443,6.012318809668067e-14,6.012318809668067e-14
0.28665,6947.172882766174,0.0,0.0,5.124330641120133,6.01220308823112e-14,6.01220308823112e-14
0.2867,6947.04185055862,0.0,0.0,5.124271979985019,6.012091786182242e-14,6.012091786182242e-14
0.28675,6946.911012253604,0.0,0.0,5.124210447770591,6.01197660111881e-14,6.01197660111881e-14
0.2868,6946.780585529164,0.0,0.0,5.1241461726067,6.011864987402404e-14,6.011864987402404e-14
0.28685,6946.650737270332,0.0,0.0,5.124079200446938,6.011751274724284e-14,6.011751274724284e-14
0.2869,6946.521656196033,0.0,0.0,5.124009674844923,6.011639740953475e-14,6.011639740953475e-14
0.28695000000000004,6946.393536567477,0.0,0.0,5.123937644349547,6.01152834007983e-14,6.01152834007983e-14
0.28700000000000003,6946.2665346711365,0.0,0.0,5.123863261287845,6.011417384397613e-14,6.011417384397613e-14
0.28705,6946.140871531432,0.0,0.0,5.123786583146263,6.011308999759225e-14,6.011308999759225e-14
0.2871,6946.01667160626,0.0,0.0,5.12370776300578,6.011199250374544e-14,6.011199250374544e-14
0.28715,6945.894177945509,0.0,0.0,5.123626874388053,6.011094430102819e-14,6.011094430102819e-14
0.2872,6945.773487860771,0.0,0.0,5.123544062871208,6.010986649099016e-14,6.010986649099016e-14
0.28725,6945.654857888873,0.0,0.0,5.123459424643406,6.010885784435697e-14,6.010885784435697e-14
0.2873,6945.53836635161,0.0,0.0,5.1233730905597685,6.01078085094032e-14,6.01078085094032e-14
0.28735,6945.424271813497,0.0,0.0,5.123285184375937,6.01068419618871e-14,6.01068419618871e-14
0.2874,6945.312644119773,0.0,0.0,5.123195817259158,6.010583069324053e-14,6.010583069324053e-14
0.28745000000000004,6945.203730840474,0.0,0.0,5.123105142599625,6.010490780804168e-14,6.010490780804168e-14
0.28750000000000003,6945.097604687925,0.0,0.0,5.123013250115086,6.01039444691772e-14,6.01039444691772e-14
0.28755000000000003,6944.994489297405,0.0,0.0,5.122920321331404,6.010306634254555e-14,6.010306634254555e-14
0.2876,6944.894470744331,0.0,0.0,5.122826426458637,6.010216045480573e-14,6.010216045480573e-14
0.28765,6944.7977375593155,0.0,0.0,5.122731769866311,6.010132828758098e-14,6.010132828758098e-14
0.2877,6944.704397199183,0.0,0.0,5.122636407849533,6.010048840330794e-14,6.010048840330794e-14
0.28775,6944.6145952111965,0.0,0.0,5.122540558897784,6.009970403815475e-14,6.009970403815475e-14
0.2878,6944.528464658167,0.0,0.0,5.122444273987934,6.009893719938055e-14,6.009893719938055e-14
0.28785,6944.446104598121,0.0,0.0,5.122347774499966,6.0098203541646e-14,6.0098203541646e-14
0.2879,6944.367673324782,0.0,0.0,5.122251116534444,6.009751488825253e-14,6.009751488825253e-14
0.28795000000000004,6944.293224797127,0.0,0.0,5.122154512003792,6.009683614672157e-14,6.009683614672157e-14
0.28800000000000003,6944.222937380737,0.0,0.0,5.122058032884316,6.009622874092814e-14,6.009622874092814e-14
0.28805000000000003,6944.156826057709,0.0,0.0,5.121961869785051,6.009561043596808e-14,6.009561043596808e-14
0.2881,6944.095079839912,0.0,0.0,5.121866119938669,6.00950853237393e-14,6.00950853237393e-14
0.28815,6944.03768476633,0.0,0.0,5.121770943005006,6.009453406592353e-14,6.009453406592353e-14
0.2882,6943.984827914175,0.0,0.0,5.1216764679024775,6.009409056847282e-14,6.009409056847282e-14
0.28825,6943.936478953856,0.0,0.0,5.121582817335103,6.009361361944886e-14,6.009361361944886e-14
0.2883,6943.8928088983075,0.0,0.0,5.121490154149857,6.009324982082429e-14,6.009324982082429e-14
0.28835,6943.853784405621,0.0,0.0,5.121398562709192,6.00928545030988e-14,6.00928545030988e-14
0.2884,6943.8195465900535,0.0,0.0,5.121308237172966,6.009256785454727e-14,6.009256785454727e-14
0.28845000000000004,6943.790071375359,0.0,0.0,5.121219227152473,6.00922608850315e-14,6.00922608850315e-14
0.28850000000000003,6943.76545827855,0.0,0.0,5.121131750646497,6.009204885298486e-14,6.009204885298486e-14
0.28855000000000003,6943.745701939769,0.0,0.0,5.121045830727018,6.009183569071776e-14,6.009183569071776e-14
0.2886,6943.730852299037,0.0,0.0,5.120961697623336,6.009169634263306e-14,6.009169634263306e-14
0.28865,6943.720927995779,0.0,0.0,5.120879359652159,6.009158064863989e-14,6.009158064863989e-14
0.2887,6943.71592620218,0.0,0.0,5.120799044882652,6.00915131006802e-14,6.00915131006802e-14
0.28875,6943.715889898134,0.0,0.0,5.120720760633709,6.009149637388256e-14,6.009149637388256e-14
0.2888,6943.720765534874,0.0,0.0,5.12064471745774,6.009150103142552e-14,6.009150103142552e-14
0.28885,6943.7306157499825,0.0,0.0,5.120570935451842,6.009158248485214e-14,6.009158248485214e-14
0.2889,6943.745343268446,0.0,0.0,5.120499593359753,6.009166103751918e-14,6.009166103751918e-14
0.28895000000000004,6943.765021313955,0.0,0.0,5.120430735837544,6.009183772022249e-14,6.009183772022249e-14
0.28900000000000003,6943.7895198845945,0.0,0.0,5.120364498538458,6.009199289989634e-14,6.009199289989634e-14
0.28905000000000003,6943.818910559546,0.0,0.0,5.1203009586646555,6.009226005535549e-14,6.009226005535549e-14
0.2891,6943.853044121058,0.0,0.0,5.120240202101828,6.00924951796698e-14,6.00924951796698e-14
0.28915,6943.891976812313,0.0,0.0,5.120182341484792,6.009284678821253e-14,6.009284678821253e-14
0.2892,6943.935554397632,0.0,0.0,5.120127411839711,6.009316516824963e-14,6.009316516824963e-14
0.28925,6943.983804507679,0.0,0.0,5.120075558409456,6.009359459348652e-14,6.009359459348652e-14
0.2893,6944.036580891684,0.0,0.0,5.12002677008617,6.009399887969477e-14,6.009399887969477e-14
0.28935,6944.093871537106,0.0,0.0,5.119981216362012,6.009449953807482e-14,6.009449953807482e-14
0.2894,6944.1555482742,0.0,0.0,5.119938849956448,6.009499110454626e-14,6.009499110454626e-14
0.28945000000000004,6944.221552167848,0.0,0.0,5.119899851695574,6.009555705309909e-14,6.009555705309909e-14
0.28950000000000004,6944.2917790629335,0.0,0.0,5.119864152001569,6.009613550683221e-14,6.009613550683221e-14
0.28955000000000003,6944.366120547503,0.0,0.0,5.119831927191768,6.009676188164987e-14,6.009676188164987e-14
0.2896,6944.444497574399,0.0,0.0,5.1198031012997545,6.009742476039456e-14,6.009742476039456e-14
0.28965,6944.5267547595195,0.0,0.0,5.119777829445883,6.009810799839763e-14,6.009810799839763e-14
0.2897,6944.612834440305,0.0,0.0,5.119756045021272,6.009885070821588e-14,6.009885070821588e-14
0.28975,6944.70254144245,0.0,0.0,5.119737866645721,6.009958853193848e-14,6.009958853193848e-14
0.2898,6944.795831638551,0.0,0.0,5.119723250471403,6.010040451939221e-14,6.010040451939221e-14
0.28985,6944.8924809390965,0.0,0.0,5.119712266766883,6.010119569468484e-14,6.010119569468484e-14
0.2899,6944.992448019751,0.0,0.0,5.119704903626143,6.010207683926428e-14,6.010207683926428e-14
0.28995000000000004,6945.095492962917,0.0,0.0,5.1197011761892215,6.010292074195181e-14,6.010292074195181e-14
0.29000000000000004,6945.20156526645,0.0,0.0,5.11970110815903,6.010385790372217e-14,6.010385790372217e-14
0.29005000000000003,6945.310422756853,0.0,0.0,5.119704658766244,6.010475397421972e-14,6.010475397421972e-14
0.2901,6945.421994269889,0.0,0.0,5.119711884947342,6.010573762337228e-14,6.010573762337228e-14
0.29015,6945.536047696207,0.0,0.0,5.11972269535614,6.010668478146591e-14,6.010668478146591e-14
0.2902,6945.652481873897,0.0,0.0,5.119737172055823,6.010770562475663e-14,6.010770562475663e-14
0.29025,6945.771084313817,0.0,0.0,5.11975518383766,6.0108701742539e-14,6.0108701742539e-14
0.2903,6945.891717958481,0.0,0.0,5.119776825171292,6.010975125587093e-14,6.010975125587093e-14
0.29035,6946.014195677041,0.0,0.0,5.119801939624208,6.011079275848318e-14,6.011079275848318e-14
0.2904,6946.138342836505,0.0,0.0,5.11983061848601,6.011186356717154e-14,6.011186356717154e-14
0.29045000000000004,6946.263999083336,0.0,0.0,5.119862696677331,6.011294521985785e-14,6.011294521985785e-14
0.29050000000000004,6946.390954917916,0.0,0.0,5.119898246007329,6.011403127161563e-14,6.011403127161563e-14
0.29055000000000003,6946.519074006615,0.0,0.0,5.119937109029444,6.011514618344452e-14,6.011514618344452e-14
0.2906,6946.648118627919,0.0,0.0,5.119979323287903,6.011624271049216e-14,6.011624271049216e-14
0.29065,6946.77797024144,0.0,0.0,5.120024752794372,6.011738254344624e-14,6.011738254344624e-14
0.2907,6946.908372523062,0.0,0.0,5.120073389570634,6.011848582671846e-14,6.011848582671846e-14
0.29075,6947.039216196637,0.0,0.0,5.120125128660151,6.011964118576621e-14,6.011964118576621e-14
0.2908,6947.170237582043,0.0,0.0,5.120179910337102,6.01207481693882e-14,6.01207481693882e-14
0.29085,6947.301327272226,0.0,0.0,5.1202376648310555,6.012190910550964e-14,6.012190910550964e-14
0.2909,6947.43222561715,0.0,0.0,5.120298280267296,6.01230169323481e-14,6.01230169323481e-14
0.29095,6947.56281428911,0.0,0.0,5.1203617203917835,6.012417349360596e-14,6.012417349360596e-14
0.29100000000000004,6947.692847757907,0.0,0.0,5.120427826595382,6.012527903146487e-14,6.012527903146487e-14
0.29105000000000003,6947.822191909173,0.0,0.0,5.120496589062532,6.012642178136135e-14,6.012642178136135e-14
0.2911,6947.950622960974,0.0,0.0,5.120567812866842,6.012752122271081e-14,6.012752122271081e-14
0.29115,6948.0779870182305,0.0,0.0,5.120641503302372,6.012864165731878e-14,6.012864165731878e-14
0.2912,6948.204086476473,0.0,0.0,5.120717443080241,6.012973024431887e-14,6.012973024431887e-14
0.29125,6948.32874702657,0.0,0.0,5.120795638737642,6.013082106123429e-14,6.013082106123429e-14
0.2913,6948.451798229067,0.0,0.0,5.120875866199689,6.013189298031378e-14,6.013189298031378e-14
0.29135,6948.5730480490165,0.0,0.0,5.120958118872553,6.013294816678018e-14,6.013294816678018e-14
0.2914,6948.692351041913,0.0,0.0,5.1210421810188205,6.013399662053372e-14,6.013399662053372e-14
0.29145,6948.809502935105,0.0,0.0,5.121128020063638,6.013501137031031e-14,6.013501137031031e-14
0.29150000000000004,6948.924378659262,0.0,0.0,5.121215441338271,6.013602880921931e-14,6.013602880921931e-14
0.29155000000000003,6949.036769099059,0.0,0.0,5.121304376728455,6.013699928968866e-14,6.013699928968866e-14
0.2916,6949.146563512506,0.0,0.0,5.1213946614301875,6.013797776705282e-14,6.013797776705282e-14
0.29165,6949.253556122739,0.0,0.0,5.121486186768151,6.013890079096625e-14,6.013890079096625e-14
0.2917,6949.357644181885,0.0,0.0,5.121578821737271,6.013983237831776e-14,6.013983237831776e-14
0.29175,6949.458633077425,0.0,0.0,5.121672417189032,6.014070504038891e-14,6.014070504038891e-14
0.2918,6949.556422520654,0.0,0.0,5.121766874768846,6.014158224593693e-14,6.014158224593693e-14
0.29185,6949.65083552771,0.0,0.0,5.1218620098960965,6.01424015871486e-14,6.01424015871486e-14
0.2919,6949.741770396431,0.0,0.0,5.121957751142978,6.014321771141471e-14,6.014321771141471e-14
0.29195,6949.829072169486,0.0,0.0,5.122053887647347,6.014398047016677e-14,6.014398047016677e-14
0.29200000000000004,6949.9126360298405,0.0,0.0,5.122150365728435,6.014472985428971e-14,6.014472985428971e-14
0.29205000000000003,6949.9923310544045,0.0,0.0,5.122246960135324,6.014543233808545e-14,6.014543233808545e-14
0.2921,6950.068049894776,0.0,0.0,5.1223436238483355,6.014611047561923e-14,6.014611047561923e-14
0.29215,6950.1396853636315,0.0,0.0,5.122440130173408,6.014674857391183e-14,6.014674857391183e-14
0.2922,6950.207130160723,0.0,0.0,5.122536427499206,6.014735208001536e-14,6.014735208001536e-14
0.29225,6950.270298683195,0.0,0.0,5.12263229994964,6.014792140603208e-14,6.014792140603208e-14
0.2923,6950.329087652187,0.0,0.0,5.122727681560341,6.01484478654405e-14,6.01484478654405e-14
0.29235,6950.383429753681,0.0,0.0,5.1228223773072425,6.014894399901925e-14,6.014894399901925e-14
0.2924,6950.433230299405,0.0,0.0,5.122916299956524,6.014939172734832e-14,6.014939172734832e-14
0.29245,6950.478436659617,0.0,0.0,5.123009282013074,6.014981051259011e-14,6.014981051259011e-14
0.29250000000000004,6950.518967060799,0.0,0.0,5.123101211753799,6.015017828469894e-14,6.015017828469894e-14
0.29255000000000003,6950.55478043917,0.0,0.0,5.123191951960841,6.015051612817831e-14,6.015051612817831e-14
0.2926,6950.585811287752,0.0,0.0,5.123281367163399,6.015080292521071e-14,6.015080292521071e-14
0.29265,6950.612028097548,0.0,0.0,5.123369349269838,6.015105704529675e-14,6.015105704529675e-14
0.2927,6950.633383512363,0.0,0.0,5.123455743429487,6.015126186949068e-14,6.015126186949068e-14
0.29275,6950.649855012252,0.0,0.0,5.12354046622777,6.015143045390405e-14,6.015143045390405e-14
0.2928,6950.661413632411,0.0,0.0,5.123623350581677,6.015155224462803e-14,6.015155224462803e-14
0.29285,6950.668046726647,0.0,0.0,5.123704331039775,6.015163449419968e-14,6.015163449419968e-14
0.2929,6950.669742475418,0.0,0.0,5.123783237020424,6.015167215830394e-14,6.015167215830394e-14
0.29295,6950.666500127118,0.0,0.0,5.1238600133459,6.015166821302785e-14,6.015166821302785e-14
0.29300000000000004,6950.658322725632,0.0,0.0,5.123934494912325,6.015162076176558e-14,6.015162076176558e-14
0.29305000000000003,6950.645224005072,0.0,0.0,5.124006629473824,6.015153152778665e-14,6.015153152778665e-14
0.2931,6950.627219203822,0.0,0.0,5.124076265358393,6.015139829118537e-14,6.015139829118537e-14
0.29315,6950.604339003369,0.0,0.0,5.124143347405331,6.015122520429135e-14,6.015122520429135e-14
0.2932,6950.57660849582,0.0,0.0,5.124207743303176,6.015100607983601e-14,6.015100607983601e-14
0.29325,6950.5440769489605,0.0,0.0,5.1242693914311355,6.015075085288297e-14,6.015075085288297e-14
0.2933,6950.50677793345,0.0,0.0,5.124328182148442,6.015044653837567e-14,6.015044653837567e-14
0.29335,6950.464779571868,0.0,0.0,5.124384046482123,6.015011094207837e-14,6.015011094207837e-14
0.2934,6950.41812393644,0.0,0.0,5.124436898033814,6.014972310498817e-14,6.014972310498817e-14
0.29345,6950.366896614424,0.0,0.0,5.124486662119401,6.014930882713909e-14,6.014930882713909e-14
0.29350000000000004,6950.311149731368,0.0,0.0,5.12453327375403,6.014884017279985e-14,6.014884017279985e-14
0.29355000000000003,6950.250983331272,0.0,0.0,5.124576656171379,6.014834878480797e-14,6.014834878480797e-14
0.2936,6950.1864624683785,0.0,0.0,5.124616762279681,6.014780300538644e-14,6.014780300538644e-14
0.29365,6950.117697389815,0.0,0.0,5.124653518004032,6.01472360469582e-14,6.01472360469582e-14
0.2937,6950.044769756909,0.0,0.0,5.1246868898602775,6.01466176508396e-14,6.01466176508396e-14
0.29375,6949.9677951781605,0.0,0.0,5.124716811407471,6.014597682081445e-14,6.014597682081445e-14
0.2938,6949.886875650125,0.0,0.0,5.124743258689474,6.014529086786828e-14,6.014529086786828e-14
0.29385,6949.802127537605,0.0,0.0,5.124766177083767,6.014457828702127e-14,6.014457828702127e-14
0.2939,6949.7136760985495,0.0,0.0,5.124785549121549,6.014383006850312e-14,6.014383006850312e-14
0.29395,6949.62163494195,0.0,0.0,5.124801334715321,6.014304856869855e-14,6.014304856869855e-14
0.29400000000000004,6949.526153904887,0.0,0.0,5.124813521433203,6.014224328516162e-14,6.014224328516162e-14
0.29405000000000003,6949.427342147546,0.0,0.0,5.124822084596513,6.014139666583697e-14,6.014139666583697e-14
0.29410000000000003,6949.325373200764,0.0,0.0,5.124827017128565,6.014053915851235e-14,6.014053915851235e-14
0.29415,6949.220352354794,0.0,0.0,5.124828308809579,6.013963236099638e-14,6.013963236099638e-14
0.2942,6949.112473472635,0.0,0.0,5.124825959790111,6.013872694279521e-14,6.013872694279521e-14
0.29425,6949.001840912096,0.0,0.0,5.124819971929916,6.013776609812071e-14,6.013776609812071e-14
0.2943,6948.888663164453,0.0,0.0,5.1248103554781785,6.013681652152535e-14,6.013681652152535e-14
0.29435,6948.773048613937,0.0,0.0,5.124797121249512,6.013580885085855e-14,6.013580885085855e-14
0.2944,6948.655212878286,0.0,0.0,5.124780292683168,6.013481841963776e-14,6.013481841963776e-14
0.29445,6948.535274633211,0.0,0.0,5.1247598865132,6.013377199006025e-14,6.013377199006025e-14
0.29450000000000004,6948.413448212313,0.0,0.0,5.124735941832939,6.013274380670933e-14,6.013274380670933e-14
0.29455000000000003,6948.28986913644,0.0,0.0,5.124708479168048,6.013166716503088e-14,6.013166716503088e-14
0.29460000000000003,6948.164742259376,0.0,0.0,5.124677554357352,6.013060447409378e-14,6.013060447409378e-14
0.29465,6948.038225631527,0.0,0.0,5.1246431911337345,6.012950621110972e-14,6.012950621110972e-14
0.2947,6947.910507814886,0.0,0.0,5.124605461309603,6.012841278422555e-14,6.012841278422555e-14
0.29475,6947.781773084232,0.0,0.0,5.124564393106391,6.012730108468045e-14,6.012730108468045e-14
0.2948,6947.652189331936,0.0,0.0,5.1245200715458505,6.012618158372879e-14,6.012618158372879e-14
0.29485,6947.521967857392,0.0,0.0,5.124472532413935,6.01250638337215e-14,6.01250638337215e-14
0.2949,6947.391254673988,0.0,0.0,5.124421869462496,6.012392408199707e-14,6.012392408199707e-14
0.29495,6947.260285499854,0.0,0.0,5.124368130444579,6.012280659113507e-14,6.012280659113507e-14
0.29500000000000004,6947.129186723982,0.0,0.0,5.124311412296621,6.012165370454055e-14,6.012165370454055e-14
0.29505000000000003,6946.998212434182,0.0,0.0,5.124251779669496,6.012054158886558e-14,6.012054158886558e-14
0.29510000000000003,6946.8674748958965,0.0,0.0,5.124189326995854,6.011938392570114e-14,6.011938392570114e-14
0.29515,6946.737237574216,0.0,0.0,5.1241241402847875,6.011828117669308e-14,6.011828117669308e-14
0.2952,6946.6076066208925,0.0,0.0,5.124056306670996,6.011712810417031e-14,6.011712810417031e-14
0.29525,6946.478843910143,0.0,0.0,5.12398593649098,6.011603783270595e-14,6.011603783270595e-14
0.2953,6946.351058850878,0.0,0.0,5.123913106651563,6.011489932776258e-14,6.011489932776258e-14
0.29535,6946.224500108152,0.0,0.0,5.123837952432473,6.011382415741567e-14,6.011382415741567e-14
0.2954,6946.099289646067,0.0,0.0,5.123760540166782,6.011271028888961e-14,6.011271028888961e-14
0.29545,6945.9756521543695,0.0,0.0,5.123681027812529,6.011165283343676e-14,6.011165283343676e-14
0.29550000000000004,6945.853729892177,0.0,0.0,5.123599473686792,6.011057319685443e-14,6.011057319685443e-14
0.29555000000000003,6945.733715105523,0.0,0.0,5.123516053200448,6.010953655466993e-14,6.010953655466993e-14
0.29560000000000003,6945.615775191796,0.0,0.0,5.1234308219549645,6.010849973005032e-14,6.010849973005032e-14
0.29565,6945.500064980746,0.0,0.0,5.1233439650490995,6.010748791385145e-14,6.010748791385145e-14
0.2957,6945.386777981026,0.0,0.0,5.123255542753211,6.010650103140086e-14,6.010650103140086e-14
0.29575,6945.27603085888,0.0,0.0,5.123165740436798,6.010551926027725e-14,6.010551926027725e-14
0.2958,6945.168039893225,0.0,0.0,5.123074631436953,6.010458772927517e-14,6.010458772927517e-14
0.29585,6945.062887231715,0.0,0.0,5.12298239155954,6.010364253447462e-14,6.010364253447462e-14
0.2959,6944.960804420789,0.0,0.0,5.1228891152776725,6.01027699823013e-14,6.01027699823013e-14
0.29595,6944.861846664114,0.0,0.0,5.122794959993521,6.010186909191804e-14,6.010186909191804e-14
0.29600000000000004,6944.766249890077,0.0,0.0,5.122700047651319,6.010105752277953e-14,6.010105752277953e-14
0.29605000000000004,6944.67405282573,0.0,0.0,5.12260451076287,6.010020953975065e-14,6.010020953975065e-14
0.29610000000000003,6944.585482790496,0.0,0.0,5.122508502099882,6.009945969072154e-14,6.009945969072154e-14
0.29615,6944.500573926542,0.0,0.0,5.12241212624657,6.009867359258982e-14,6.009867359258982e-14
0.2962,6944.419531485786,0.0,0.0,5.122315566301018,6.009798544341983e-14,6.009798544341983e-14
0.29625,6944.3423966184955,0.0,0.0,5.122218899965084,6.009726997307937e-14,6.009726997307937e-14
0.2963,6944.269340333987,0.0,0.0,5.122122335965119,6.009664332776752e-14,6.009664332776752e-14
0.29635,6944.200420384268,0.0,0.0,5.122025930295506,6.00960063554755e-14,6.00960063554755e-14
0.2964,6944.1357642642,0.0,0.0,5.121929908688039,6.00954414195034e-14,6.00954414195034e-14
0.29645,6944.075452452467,0.0,0.0,5.121834314156418,6.009488936039101e-14,6.009488936039101e-14
0.29650000000000004,6944.01956382802,0.0,0.0,5.121739377780674,6.009438721920443e-14,6.009438721920443e-14
0.29655000000000004,6943.968203260969,0.0,0.0,5.121645140717033,6.009392459448854e-14,6.009392459448854e-14
0.29660000000000003,6943.921400781874,0.0,0.0,5.121551826098199,6.009348752433527e-14,6.009348752433527e-14
0.29665,6943.879282476529,0.0,0.0,5.121459485169288,6.009311671890396e-14,6.009311671890396e-14
0.2967,6943.8418342216655,0.0,0.0,5.1213683199009425,6.009274827980305e-14,6.009274827980305e-14
0.29675,6943.8091955975315,0.0,0.0,5.121278402609033,6.009246954055482e-14,6.009246954055482e-14
0.2968,6943.78131731205,0.0,0.0,5.12118990277084,6.009217442849983e-14,6.009217442849983e-14
0.29685,6943.758341128634,0.0,0.0,5.121102922061558,6.00919860971324e-14,6.00919860971324e-14
0.2969,6943.7401946415175,0.0,0.0,5.121017589627106,6.009176977985679e-14,6.009176977985679e-14
0.29695,6943.727008352547,0.0,0.0,5.120934040679676,6.009166873187589e-14,6.009166873187589e-14
0.29700000000000004,6943.718700217052,0.0,0.0,5.120852360874153,6.00915369068246e-14,6.00915369068246e-14
0.29705000000000004,6943.7153756912285,0.0,0.0,5.120772718145691,6.00915191361213e-14,6.00915191361213e-14
0.29710000000000003,6943.7169561314295,0.0,0.0,5.120695156729317,6.009147709448624e-14,6.009147709448624e-14
0.29715,6943.723509669617,0.0,0.0,5.120619871289966,6.009153835583819e-14,6.009153835583819e-14
0.2972,6943.734971891477,0.0,0.0,5.120546871774909,6.009159033445625e-14,6.009159033445625e-14
0.29725,6943.751364493277,0.0,0.0,5.120476368952452,6.009172676151782e-14,6.009172676151782e-14
0.2973,6943.7726444248765,0.0,0.0,5.120408349775603,6.009187537615673e-14,6.009187537615673e-14
0.29735,6943.7987822371215,0.0,0.0,5.1203430270969035,6.009208397779035e-14,6.009208397779035e-14
0.2974,6943.829758744738,0.0,0.0,5.120280378810037,6.009232981898855e-14,6.009232981898855e-14
0.29745,6943.8654936715275,0.0,0.0,5.120220604198971,6.009260879302703e-14,6.009260879302703e-14
0.2975,6943.905989261166,0.0,0.0,5.120163686744919,6.009295023478184e-14,6.009295023478184e-14
0.29755000000000004,6943.951119713278,0.0,0.0,5.120109796928197,6.009329905015939e-14,6.009329905015939e-14
0.29760000000000003,6944.000901725319,0.0,0.0,5.120058937091216,6.009373230647367e-14,6.009373230647367e-14
0.29765,6944.055173521734,0.0,0.0,5.120011236142223,6.009415154614565e-14,6.009415154614565e-14
0.2977,6944.113955770186,0.0,0.0,5.119966725259081,6.009467095721261e-14,6.009467095721261e-14
0.29775,6944.177063227831,0.0,0.0,5.119925483227429,6.009516195009965e-14,6.009516195009965e-14
0.2978,6944.244508042351,0.0,0.0,5.119887575230478,6.009576046555001e-14,6.009576046555001e-14
0.29785,6944.316095289262,0.0,0.0,5.1198530268059885,6.009632475675387e-14,6.009632475675387e-14
0.2979,6944.3918158825,0.0,0.0,5.119821936660009,6.009699454309898e-14,6.009699454309898e-14
0.29795,6944.471478462474,0.0,0.0,5.119794279848986,6.00976332899478e-14,6.00976332899478e-14
0.298,6944.555041547641,0.0,0.0,5.119770182402092,6.009836637844717e-14,6.009836637844717e-14
0.29805000000000004,6944.6423283530485,0.0,0.0,5.119749577220147,6.009907975170981e-14,6.009907975170981e-14
0.29810000000000003,6944.733256945704,0.0,0.0,5.119732606473173,6.009986864135428e-14,6.009986864135428e-14
0.29815,6944.827672530178,0.0,0.0,5.119719173680387,6.010065532534891e-14,6.010065532534891e-14
0.2982,6944.925448862556,0.0,0.0,5.11970942243828,6.010149345303136e-14,6.010149345303136e-14
0.29825,6945.026456149103,0.0,0.0,5.1197032423790025,6.01023503116513e-14,6.01023503116513e-14
0.2983,6945.130524669649,0.0,0.0,5.119700762229572,6.010323233782532e-14,6.010323233782532e-14
0.29835,6945.2375480512055,0.0,0.0,5.119701873841883,6.010415429222722e-14,6.010415429222722e-14
0.2984,6945.347318476482,0.0,0.0,5.119706675392832,6.010507616114684e-14,6.010507616114684e-14
0.29845,6945.4597472887,0.0,0.0,5.119715075474509,6.010605629839109e-14,6.010605629839109e-14
0.2985,6945.57459772032,0.0,0.0,5.11972712876721,6.010701508008609e-14,6.010701508008609e-14
0.29855000000000004,6945.691790024457,0.0,0.0,5.119742771570649,6.010804496777029e-14,6.010804496777029e-14
0.29860000000000003,6945.811070148197,0.0,0.0,5.119762006608536,6.010903851159102e-14,6.010903851159102e-14
0.29865,6945.9323567690135,0.0,0.0,5.119784803826986,6.011010868017943e-14,6.011010868017943e-14
0.2987,6946.055391167689,0.0,0.0,5.11981111115824,6.011113513805755e-14,6.011113513805755e-14
0.29875,6946.180079895489,0.0,0.0,5.119840932344544,6.011223565445856e-14,6.011223565445856e-14
0.2988,6946.306171521251,0.0,0.0,5.11987416367666,6.011329295504698e-14,6.011329295504698e-14
0.29885,6946.433551405861,0.0,0.0,5.119910837097378,6.011441401277314e-14,6.011441401277314e-14
0.2989,6946.561985233972,0.0,0.0,5.119950805939823,6.01154993609201e-14,6.01154993609201e-14
0.29895,6946.6913308950025,0.0,0.0,5.119994119850088,6.011663180540931e-14,6.011663180540931e-14
0.299,6946.821377792248,0.0,0.0,5.1200406022115095,6.011774128938001e-14,6.011774128938001e-14
0.29905000000000004,6946.951953683858,0.0,0.0,5.120090306493261,6.011887700913551e-14,6.011887700913551e-14
0.29910000000000003,6947.0828744838545,0.0,0.0,5.12014304168633,6.01200053655437e-14,6.01200053655437e-14
0.29915,6947.213939082906,0.0,0.0,5.120198849783691,6.012113750818193e-14,6.012113750818193e-14
0.2992,6947.344988855585,0.0,0.0,5.120257541395077,6.01222780799264e-14,6.01222780799264e-14
0.29925,6947.4757987447965,0.0,0.0,5.120319132461196,6.012340106840303e-14,6.012340106840303e-14
0.2993,6947.606231218612,0.0,0.0,5.120383449561477,6.012454595649617e-14,6.012454595649617e-14
0.29935,6947.736045077294,0.0,0.0,5.120450470731678,6.012565532414605e-14,6.012565532414605e-14
0.2994,6947.86511715191,0.0,0.0,5.1205200493789915,6.012679570456526e-14,6.012679570456526e-14
0.29945,6947.993199663009,0.0,0.0,5.1205921181004275,6.012788778206188e-14,6.012788778206188e-14
0.2995,6948.120175949641,0.0,0.0,5.120666563185637,6.012901434256269e-14,6.012901434256269e-14
0.29955000000000004,6948.245801653485,0.0,0.0,5.120743269542527,6.013008585873356e-14,6.013008585873356e-14
0.29960000000000003,6948.36995895852,0.0,0.0,5.120822156992811,6.013118928469503e-14,6.013118928469503e-14
0.29965,6948.492416079926,0.0,0.0,5.120903066004542,6.013223695017153e-14,6.013223695017153e-14
0.2997,6948.613047769527,0.0,0.0,5.120985945333561,6.013330839569686e-14,6.013330839569686e-14
0.29975,6948.731642034163,0.0,0.0,5.121070599217404,6.013432853522565e-14,6.013432853522565e-14
0.2998,6948.848062212727,0.0,0.0,5.121156996387899,6.013536001134644e-14,6.013536001134644e-14
0.29985,6948.962120666822,0.0,0.0,5.121244916812781,6.013634830616956e-14,6.013634830616956e-14
0.2999,6949.073668128309,0.0,0.0,5.121334337342825,6.013733293981551e-14,6.013733293981551e-14
0.29995,6949.18254294394,0.0,0.0,5.121425027715235,6.013828431214564e-14,6.013828431214564e-14
0.3,6949.288584871875,0.0,0.0,5.121516959955285,6.013921644991077e-14,6.013921644991077e-14
0.30005000000000004,6949.3916571173695,0.0,0.0,5.121609907787343,6.014012510671886e-14,6.014012510671886e-14
0.30010000000000003,6949.491592523478,0.0,0.0,5.121703826277216,6.0141000259965e-14,6.0141000259965e-14
0.30015000000000003,6949.588275850359,0.0,0.0,5.121798505693911,6.01418598798863e-14,6.01418598798863e-14
0.3002,6949.681538767689,0.0,0.0,5.121893874520587,6.014267453858722e-14,6.014267453858722e-14
0.30025,6949.771282960805,0.0,0.0,5.121989748943091,6.014347856814606e-14,6.014347856814606e-14
0.3003,6949.8573454054285,0.0,0.0,5.122086025030788,6.014422992275808e-14,6.014422992275808e-14
0.30035,6949.939639737084,0.0,0.0,5.122182550065847,6.014497193192906e-14,6.014497193192906e-14
0.3004,6950.018014468056,0.0,0.0,5.122279186348088,6.014565756224936e-14,6.014565756224936e-14
0.30045,6950.092390794268,0.0,0.0,5.122375812880024,6.014633159974433e-14,6.014633159974433e-14
0.3005,6950.1626338899105,0.0,0.0,5.122472261334928,6.01469491863944e-14,6.01469491863944e-14
0.30055000000000004,6950.228669443693,0.0,0.0,5.122568438797498,6.014755008297958e-14,6.014755008297958e-14
0.30060000000000003,6950.290382707525,0.0,0.0,5.122664153342704,6.014809719274489e-14,6.014809719274489e-14
0.30065000000000003,6950.347702548996,0.0,0.0,5.122759333123061,6.014862076631657e-14,6.014862076631657e-14
0.3007,6950.400535745767,0.0,0.0,5.122853772397602,6.014909474705599e-14,6.014909474705599e-14
0.30075,6950.448814854035,0.0,0.0,5.122947411303602,6.014953788660416e-14,6.014953788660416e-14
0.3008,6950.492467757885,0.0,0.0,5.1230400413702135,6.01499358841724e-14,6.01499358841724e-14
0.30085,6950.531432761715,0.0,0.0,5.12313160508923,6.015029650762658e-14,6.015029650762658e-14
0.3009,6950.565656990481,0.0,0.0,5.12322190210079,6.015061559844544e-14,6.015061559844544e-14
0.30095,6950.595087552251,0.0,0.0,5.123310868569141,6.015089250256593e-14,6.015089250256593e-14
0.301,6950.619688146238,0.0,0.0,5.123398321438756,6.015112991141286e-14,6.015112991141286e-14
0.30105000000000004,6950.639418024767,0.0,0.0,5.123484184057945,6.015132255002683e-14,6.015132255002683e-14
0.30110000000000003,6950.65425472842,0.0,0.0,5.1235682971568055,6.015147591121454e-14,6.015147591121454e-14
0.30115000000000003,6950.664172548706,0.0,0.0,5.12365056780261,6.015158414800012e-14,6.015158414800012e-14
0.3012,6950.669160752748,0.0,0.0,5.123730863697739,6.015165175957547e-14,6.015165175957547e-14
0.30125,6950.669210511654,0.0,0.0,5.12380907549243,6.015167564634826e-14,6.015167564634826e-14
0.3013,6950.664321822614,0.0,0.0,5.123885097708148,6.015165667004162e-14,6.015165667004162e-14
0.30135,6950.65450314968,0.0,0.0,5.123958807548924,6.015159629377472e-14,6.015159629377472e-14
0.3014,6950.639765566831,0.0,0.0,5.124030123321815,6.015149086385337e-14,6.015149086385337e-14
0.30145,6950.620133749386,0.0,0.0,5.124098914175661,6.015134629282624e-14,6.015134629282624e-14
0.3015,6950.595631445386,0.0,0.0,5.124165117151454,6.015115551372252e-14,6.015115551372252e-14
0.30155000000000004,6950.566297212875,0.0,0.0,5.1242286001471085,6.015092685325014e-14,6.015092685325014e-14
0.30160000000000003,6950.5321699306905,0.0,0.0,5.124289312959592,6.015065268590765e-14,6.015065268590765e-14
0.30165000000000003,6950.493298981513,0.0,0.0,5.124347129309617,6.015034023330976e-14,6.015034023330976e-14
0.3017,6950.449741075863,0.0,0.0,5.124402005980272,6.014998529090249e-14,6.014998529090249e-14
0.30175,6950.401553319357,0.0,0.0,5.124453828770956,6.014958975911265e-14,6.014958975911265e-14
0.3018,6950.348812479872,0.0,0.0,5.124502556871196,6.014915704886918e-14,6.014915704886918e-14
0.30185,6950.291580964793,0.0,0.0,5.12454809274683,6.014867981555712e-14,6.014867981555712e-14
0.3019,6950.229956662961,0.0,0.0,5.124590395282021,6.014817247420238e-14,6.014817247420238e-14
0.30195,6950.164006162406,0.0,0.0,5.124629386037237,6.014761580485573e-14,6.014761580485573e-14
0.302,6950.09384786326,0.0,0.0,5.124665023025795,6.014703687805409e-14,6.014703687805409e-14
0.30205000000000004,6950.019553098699,0.0,0.0,5.1246972471030015,6.014640407681838e-14,6.014640407681838e-14
0.30210000000000004,6949.941258266859,0.0,0.0,5.124726016847231,6.014575638447387e-14,6.014575638447387e-14
0.30215000000000003,6949.859041764273,0.0,0.0,5.124751290716471,6.014505183581932e-14,6.014505183581932e-14
0.3022,6949.773053687174,0.0,0.0,5.124773030778808,6.014433795401456e-14,6.014433795401456e-14
0.30225,6949.683383276251,0.0,0.0,5.124791210165237,6.014356703711604e-14,6.014356703711604e-14
0.3023,6949.590188706035,0.0,0.0,5.1248057980786355,6.014278940303442e-14,6.014278940303442e-14
0.30235,6949.493574692933,0.0,0.0,5.12481677899127,6.014195828361239e-14,6.014195828361239e-14
0.3024,6949.393701301623,0.0,0.0,5.124824132741224,6.014111941160015e-14,6.014111941160015e-14
0.30245,6949.290693355238,0.0,0.0,5.1248278522562964,6.014023473421847e-14,6.014023473421847e-14
0.3025,6949.184706982586,0.0,0.0,5.124827930571619,6.013933750706995e-14,6.013933750706995e-14
0.30255000000000004,6949.07589079371,0.0,0.0,5.1248243673285945,6.013840603437449e-14,6.013840603437449e-14
0.30260000000000004,6948.964392463076,0.0,0.0,5.124817169812435,6.013745401898098e-14,6.013745401898098e-14
0.30265000000000003,6948.850386230168,0.0,0.0,5.124806344193486,6.01364822696152e-14,6.01364822696152e-14
0.3027,6948.734008913083,0.0,0.0,5.124791911312872,6.013548000072115e-14,6.013548000072115e-14
0.30275,6948.615459714775,0.0,0.0,5.124773885293616,6.013447394616545e-14,6.013447394616545e-14
0.3028,6948.494864824768,0.0,0.0,5.124752298230171,6.013342711898933e-14,6.013342711898933e-14
0.30285,6948.372444924415,0.0,0.0,5.124727174908992,6.01323919892541e-14,6.01323919892541e-14
0.3029,6948.248318546502,0.0,0.0,5.124698555256811,6.01313075208502e-14,6.01313075208502e-14
0.30295,6948.12272165995,0.0,0.0,5.124666478087461,6.01302477538883e-14,6.01302477538883e-14
0.303,6947.995770527527,0.0,0.0,5.124630987370849,6.012913368492747e-14,6.012913368492747e-14
0.30305000000000004,6947.867708074021,0.0,0.0,5.124592139137934,6.01280530360839e-14,6.01280530360839e-14
0.30310000000000004,6947.738655334503,0.0,0.0,5.124549978112068,6.012691827605139e-14,6.012691827605139e-14
0.30315000000000003,6947.6088526622625,0.0,0.0,5.124504579696007,6.012582007157644e-14,6.012582007157644e-14
0.3032,6947.478433484518,0.0,0.0,5.124455987393841,6.012467401215657e-14,6.012467401215657e-14
0.30325,6947.3476260630405,0.0,0.0,5.124404296372143,6.012356151524003e-14,6.012356151524003e-14
0.3033,6947.216583151212,0.0,0.0,5.1243495488647115,6.012241355850158e-14,6.012241355850158e-14
0.30335,6947.085512699017,0.0,0.0,5.124291857990222,6.012129038703714e-14,6.012129038703714e-14
0.3034,6946.954591791791,0.0,0.0,5.124231266842598,6.012014945557918e-14,6.012014945557918e-14
0.30345,6946.824002318083,0.0,0.0,5.12416790242372,6.011901998645971e-14,6.011901998645971e-14
0.3035,6946.693947736607,0.0,0.0,5.124101812845362,6.011789408005749e-14,6.011789408005749e-14
0.30355000000000004,6946.56458147659,0.0,0.0,5.12403313303944,6.011676377018897e-14,6.011676377018897e-14
0.30360000000000004,6946.436131791823,0.0,0.0,5.123961921747769,6.011565963973217e-14,6.011565963973217e-14
0.30365000000000003,6946.308725025353,0.0,0.0,5.123888314757298,6.011453520213953e-14,6.011453520213953e-14
0.3037,6946.182608883662,0.0,0.0,5.123812387594235,6.011345818665112e-14,6.011345818665112e-14
0.30375,6946.057887656158,0.0,0.0,5.123734269743432,6.011234758643301e-14,6.011234758643301e-14
0.3038,6945.934819793216,0.0,0.0,5.123654059096013,6.011130164338566e-14,6.011130164338566e-14
0.30385,6945.81349556173,0.0,0.0,5.123571872753537,6.01102138944867e-14,6.01102138944867e-14
0.3039,6945.694173009923,0.0,0.0,5.123487834842894,6.010920182292995e-14,6.010920182292995e-14
0.30395,6945.576938276201,0.0,0.0,5.123402046153479,6.010814660832099e-14,6.010814660832099e-14
0.304,6945.46203674623,0.0,0.0,5.12331465825173,6.01071704322035e-14,6.01071704322035e-14
0.30405,6945.349560737785,0.0,0.0,5.123225754647939,6.010615758711225e-14,6.010615758711225e-14
0.30410000000000004,6945.239731154575,0.0,0.0,5.123135512278582,6.010521904895021e-14,6.010521904895021e-14
0.30415000000000003,6945.132655635223,0.0,0.0,5.123043999752127,6.010425797579003e-14,6.010425797579003e-14
0.3042,6945.028520782271,0.0,0.0,5.122951413912672,6.010335906078393e-14,6.010335906078393e-14
0.30425,6944.927456072971,0.0,0.0,5.1228578140500804,6.010245815531806e-14,6.010245815531806e-14
0.3043,6944.829607321179,0.0,0.0,5.122763408474813,6.010160157146368e-14,6.010160157146368e-14
0.30435,6944.7351285967725,0.0,0.0,5.122668255278316,6.010076773604682e-14,6.010076773604682e-14
0.3044,6944.644122686536,0.0,0.0,5.122572563741887,6.00999572693971e-14,6.00999572693971e-14
0.30445,6944.556766614785,0.0,0.0,5.122476400282558,6.009919558824852e-14,6.009919558824852e-14
0.3045,6944.473122486274,0.0,0.0,5.122379963919308,6.009843627520323e-14,6.009843627520323e-14
0.30455,6944.393384233298,0.0,0.0,5.122283338885951,6.009774989225367e-14,6.009774989225367e-14
0.30460000000000004,6944.317579921096,0.0,0.0,5.122186703493233,6.009704797638478e-14,6.009704797638478e-14
0.30465000000000003,6944.245910544156,0.0,0.0,5.122090167709558,6.009643820105236e-14,6.009643820105236e-14
0.3047,6944.178380164021,0.0,0.0,5.121993880990134,6.009580086727948e-14,6.009580086727948e-14
0.30475,6944.115184372383,0.0,0.0,5.121897983980632,6.009526749084196e-14,6.009526749084196e-14
0.3048,6944.056315265826,0.0,0.0,5.121802592686322,6.009470241367129e-14,6.009470241367129e-14
0.30485,6944.001949518175,0.0,0.0,5.121707879356434,6.009424419348547e-14,6.009424419348547e-14
0.3049,6943.9520796124425,0.0,0.0,5.1216139263059635,6.009375895047979e-14,6.009375895047979e-14
0.30495,6943.9068505087025,0.0,0.0,5.121520933795096,6.009337419565046e-14,6.009337419565046e-14
0.305,6943.866265977021,0.0,0.0,5.121428954754941,6.009297563106161e-14,6.009297563106161e-14
0.30505,6943.830428884822,0.0,0.0,5.121338209491697,6.009266280006113e-14,6.009266280006113e-14
0.30510000000000004,6943.799362173594,0.0,0.0,5.121248729939196,6.009235642243406e-14,6.009235642243406e-14
0.30515000000000003,6943.773120053961,0.0,0.0,5.121160744907335,6.009211465250284e-14,6.009211465250284e-14
0.3052,6943.751748337334,0.0,0.0,5.1210742767112105,6.009190415022448e-14,6.009190415022448e-14
0.30525,6943.7352507239475,0.0,0.0,5.120989548910289,6.009173363345696e-14,6.009173363345696e-14
0.3053,6943.7236948316795,0.0,0.0,5.120906586994998,6.009162057907594e-14,6.009162057907594e-14
0.30535,6943.717036957494,0.0,0.0,5.120825595055217,6.009152273450362e-14,6.009152273450362e-14
0.3054,6943.715360782595,0.0,0.0,5.120746614124069,6.009150651368712e-14,6.009150651368712e-14
0.30545,6943.71858285634,0.0,0.0,5.120669816030196,6.009148392553254e-14,6.009148392553254e-14
0.3055,6943.726793244043,0.0,0.0,5.120595267432719,6.009156190796891e-14,6.009156190796891e-14
0.30555,6943.739879904497,0.0,0.0,5.120523098299083,6.009161803669623e-14,6.009161803669623e-14
0.30560000000000004,6943.7579269769685,0.0,0.0,5.120453407125836,6.00917859582369e-14,6.00917859582369e-14
0.30565000000000003,6943.780806978705,0.0,0.0,5.120386276981093,6.009192466834106e-14,6.009192466834106e-14
0.3057,6943.808584850143,0.0,0.0,5.120321839450073,6.009217717597242e-14,6.009217717597242e-14
0.30575,6943.841131029434,0.0,0.0,5.120260130999819,6.009240214124476e-14,6.009240214124476e-14
0.3058,6943.8784788437,0.0,0.0,5.120201312185931,6.009273342235523e-14,6.009273342235523e-14
0.30585,6943.920508438141,0.0,0.0,5.120145378547174,6.009304750032251e-14,6.009304750032251e-14
0.3059,6943.967211659912,0.0,0.0,5.120092510468617,6.009345190711128e-14,6.009345190711128e-14
0.30595,6944.018487026824,0.0,0.0,5.120042672898894,6.00938565649032e-14,6.00938565649032e-14
0.306,6944.07427893396,0.0,0.0,5.119996052955247,6.009432915156074e-14,6.009432915156074e-14
0.30605,6944.134508715151,0.0,0.0,5.119952598618181,6.009482402870791e-14,6.009482402870791e-14
0.30610000000000004,6944.199072037217,0.0,0.0,5.119912488342562,6.009536092157096e-14,6.009536092157096e-14
0.30615000000000003,6944.267912787139,0.0,0.0,5.119875668182694,6.00959435894341e-14,6.00959435894341e-14
0.3062,6944.340881477098,0.0,0.0,5.119842292252493,6.009654214841892e-14,6.009654214841892e-14
0.30625,6944.417939744789,0.0,0.0,5.119812319054341,6.009720809717747e-14,6.009720809717747e-14
0.3063,6944.498900872411,0.0,0.0,5.1197858644980405,6.009786684460551e-14,6.009786684460551e-14
0.30635,6944.58373571339,0.0,0.0,5.119762911216425,6.009860970300685e-14,6.009860970300685e-14
0.3064,6944.672231505128,0.0,0.0,5.119743526746494,6.009932803956128e-14,6.009932803956128e-14
0.30645,6944.764357358969,0.0,0.0,5.119727725181247,6.010013998893856e-14,6.010013998893856e-14
0.3065,6944.859887418791,0.0,0.0,5.119715520604621,6.01009177428181e-14,6.01009177428181e-14
0.30655,6944.95877729337,0.0,0.0,5.119706960475186,6.010179007315521e-14,6.010179007315521e-14
0.30660000000000004,6945.060801044304,0.0,0.0,5.11970200614175,6.01026269500555e-14,6.01026269500555e-14
0.30665000000000003,6945.165889921114,0.0,0.0,5.119700734595905,6.010355067517297e-14,6.010355067517297e-14
0.30670000000000003,6945.273829320012,0.0,0.0,5.119703060879813,6.010444569713937e-14,6.010444569713937e-14
0.30675,6945.384517709363,0.0,0.0,5.119709082432159,6.010541214761437e-14,6.010541214761437e-14
0.3068,6945.497760260465,0.0,0.0,5.1197186792638005,6.010636315754221e-14,6.010636315754221e-14
0.30685,6945.613417841481,0.0,0.0,5.11973195614097,6.010736447233359e-14,6.010736447233359e-14
0.3069,6945.731319938098,0.0,0.0,5.11974877263203,6.010836778171941e-14,6.010836778171941e-14
0.30695,6945.8512892298595,0.0,0.0,5.1197692254656095,6.010939723305329e-14,6.010939723305329e-14
0.307,6945.973179815309,0.0,0.0,5.11979316969421,6.011044745764764e-14,6.011044745764764e-14
0.30705,6946.09677985933,0.0,0.0,5.119820678492947,6.011149957736973e-14,6.011149957736973e-14
0.30710000000000004,6946.221964385259,0.0,0.0,5.119851617516344,6.011258968377355e-14,6.011258968377355e-14
0.30715000000000003,6946.348494423256,0.0,0.0,5.1198860228384655,6.011366017853305e-14,6.011366017853305e-14
0.30720000000000003,6946.476259059543,0.0,0.0,5.119923783010552,6.011478173260437e-14,6.011478173260437e-14
0.30725,6946.605002227142,0.0,0.0,5.119964887259285,6.011586721747374e-14,6.011586721747374e-14
0.3073,6946.734618253335,0.0,0.0,5.120009254908241,6.011701079308603e-14,6.011701079308603e-14
0.30735,6946.864845309178,0.0,0.0,5.1200568236941,6.01181083900119e-14,6.01181083900119e-14
0.3074,6946.995573619774,0.0,0.0,5.12010754620136,6.01192640830489e-14,6.01192640830489e-14
0.30745,6947.126546743106,0.0,0.0,5.1201613097272505,6.012037095371574e-14,6.012037095371574e-14
0.3075,6947.257642380008,0.0,0.0,5.120218097019272,6.012152892318568e-14,6.012152892318568e-14
0.30755,6947.388619067562,0.0,0.0,5.1202777514815745,6.012264181271668e-14,6.012264181271668e-14
0.30760000000000004,6947.51933571456,0.0,0.0,5.120340277913516,6.012379277957706e-14,6.012379277957706e-14
0.30765000000000003,6947.649572790163,0.0,0.0,5.120405486929981,6.012490763841585e-14,6.012490763841585e-14
0.30770000000000003,6947.779167165406,0.0,0.0,5.120473393519551,6.012604327435928e-14,6.012604327435928e-14
0.30775,6947.907924912514,0.0,0.0,5.1205437896236985,6.012715501864466e-14,6.012715501864466e-14
0.3078,6948.035661018229,0.0,0.0,5.120616686561732,6.012826817956966e-14,6.012826817956966e-14
0.30785,6948.1622074117395,0.0,0.0,5.12069187281817,6.012937061807485e-14,6.012937061807485e-14
0.3079,6948.287360622041,0.0,0.0,5.120769342179123,6.01304554027249e-14,6.01304554027249e-14
0.30795,6948.410975629556,0.0,0.0,5.120848893976755,6.013154134030866e-14,6.013154134030866e-14
0.308,6948.532836608489,0.0,0.0,5.12093049254129,6.013259297714426e-14,6.013259297714426e-14
0.30805,6948.652816505293,0.0,0.0,5.121013959624419,6.013365447202767e-14,6.013365447202767e-14
0.30810000000000004,6948.770694973972,0.0,0.0,5.121099221738369,6.013466907012145e-14,6.013466907012145e-14
0.30815000000000003,6948.886356607913,0.0,0.0,5.121186130512152,6.013569780246755e-14,6.013569780246755e-14
0.30820000000000003,6948.9995849763345,0.0,0.0,5.121274570922863,6.013667201362321e-14,6.013667201362321e-14
0.30825,6949.110269916736,0.0,0.0,5.121364427056842,6.013765970954686e-14,6.013765970954686e-14
0.3083,6949.2182068085585,0.0,0.0,5.121455543686716,6.013859036655145e-14,6.013859036655145e-14
0.30835,6949.323285309051,0.0,0.0,5.121547835006896,6.013952921175286e-14,6.013952921175286e-14
0.3084,6949.425318995936,0.0,0.0,5.121641111657046,6.014041300360504e-14,6.014041300360504e-14
0.30845,6949.524193720751,0.0,0.0,5.121735311293548,6.014129599168702e-14,6.014129599168702e-14
0.3085,6949.619745473689,0.0,0.0,5.121830220286245,6.014212922843897e-14,6.014212922843897e-14
0.30855,6949.71185494201,0.0,0.0,5.121925790020975,6.014295039576904e-14,6.014295039576904e-14
0.30860000000000004,6949.800382295153,0.0,0.0,5.122021794817093,6.014372889976743e-14,6.014372889976743e-14
0.30865000000000004,6949.88520402399,0.0,0.0,5.122118188554615,6.01444834239199e-14,6.01444834239199e-14
0.30870000000000003,6949.966203924164,0.0,0.0,5.122214746388252,6.014520255773575e-14,6.014520255773575e-14
0.30875,6950.043257263511,0.0,0.0,5.12231141367249,6.014588671654481e-14,6.014588671654481e-14
0.3088,6950.116269072057,0.0,0.0,5.122407978249391,6.014654153950466e-14,6.014654153950466e-14
0.30885,6950.185117741906,0.0,0.0,5.122504367743012,6.014715255085598e-14,6.014715255085598e-14
0.3089,6950.249726037623,0.0,0.0,5.12260039204373,6.01477380705758e-14,6.01477380705758e-14
0.30895,6950.309980389407,0.0,0.0,5.122695954905328,6.014827385312789e-14,6.014827385312789e-14
0.309,6950.365817522405,0.0,0.0,5.122790894113949,6.014878532763516e-14,6.014878532763516e-14
0.30905,6950.417136546659,0.0,0.0,5.122885087222247,6.014924423076075e-14,6.014924423076075e-14
0.30910000000000004,6950.463884892221,0.0,0.0,5.122978401787102,6.014967746857867e-14,6.014967746857867e-14
0.30915000000000004,6950.505977997333,0.0,0.0,5.12307069078533,6.015005802583659e-14,6.015005802583659e-14
0.30920000000000003,6950.543371867366,0.0,0.0,5.123161849588075,6.015040963413477e-14,6.015040963413477e-14
0.30925,6950.576000441478,0.0,0.0,5.123251711746954,6.015071038462662e-14,6.015071038462662e-14
0.3093,6950.603827626537,0.0,0.0,5.1233401953403295,6.015097792761567e-14,6.015097792761567e-14
0.30935,6950.626806385928,0.0,0.0,5.123427122253888,6.015119733731117e-14,6.015119733731117e-14
0.3094,6950.6449093141055,0.0,0.0,5.123512426108202,6.015137938203502e-14,6.015137938203502e-14
0.30945,6950.658107426409,0.0,0.0,5.123595926256754,6.015151587651715e-14,6.015151587651715e-14
0.3095,6950.666383944976,0.0,0.0,5.123677563945979,6.01516119254748e-14,6.01516119254748e-14
0.30955,6950.669725903236,0.0,0.0,5.1237571651612885,6.01516640244303e-14,6.01516640244303e-14
0.30960000000000004,6950.668129701022,0.0,0.0,5.1238346714207665,6.015167435293443e-14,6.015167435293443e-14
0.30965000000000004,6950.661595916321,0.0,0.0,5.12390992329059,6.015164087827112e-14,6.015164087827112e-14
0.30970000000000003,6950.650136616184,0.0,0.0,5.123982856881843,6.015156631201163e-14,6.015156631201163e-14
0.30975,6950.633763692037,0.0,0.0,5.1240533331187335,6.015144662732713e-14,6.015144662732713e-14
0.3098,6950.612506646253,0.0,0.0,5.124121279456324,6.015128830538163e-14,6.015128830538163e-14
0.30985,6950.5863873008775,0.0,0.0,5.124186580239577,6.015108253914326e-14,6.015108253914326e-14
0.3099,6950.5554531208245,0.0,0.0,5.124249153749962,6.015084171014629e-14,6.015084171014629e-14
0.30995,6950.519735731722,0.0,0.0,5.124308908032709,6.01505509176355e-14,6.01505509176355e-14
0.31,6950.479299574845,0.0,0.0,5.12436575423906,6.015022880994641e-14,6.015022880994641e-14
0.31005,6950.434187333368,0.0,0.0,5.124419621990478,6.0149855039883e-14,6.0149855039883e-14
0.31010000000000004,6950.384477960422,0.0,0.0,5.124470419335268,6.01494528335048e-14,6.01494528335048e-14
0.31015000000000004,6950.33022763959,0.0,0.0,5.124518093676307,6.014899908188468e-14,6.014899908188468e-14
0.31020000000000003,6950.271526240087,0.0,0.0,5.1245625551075795,6.014851798961693e-14,6.014851798961693e-14
0.31025,6950.208446596891,0.0,0.0,5.124603764286105,6.014798804430715e-14,6.014798804430715e-14
0.3103,6950.141085370256,0.0,0.0,5.12464163864286,6.014742948977162e-14,6.014742948977162e-14
0.31035,6950.069535215045,0.0,0.0,5.124676147794381,6.014682768758357e-14,6.014682768758357e-14
0.3104,6949.9938956851865,0.0,0.0,5.124707221024175,6.014619354806008e-14,6.014619354806008e-14
0.31045,6949.914281664429,0.0,0.0,5.124734833669441,6.014552448474677e-14,6.014552448474677e-14
0.3105,6949.83079270085,0.0,0.0,5.124758929906533,6.01448173525221e-14,6.01448173525221e-14
0.31055,6949.743566839206,0.0,0.0,5.124779489149565,6.014408559350949e-14,6.014408559350949e-14
0.3106,6949.6527023633325,0.0,0.0,5.1247964716671355,6.014330900532469e-14,6.014330900532469e-14
0.31065000000000004,6949.558359411693,0.0,0.0,5.124809861075638,6.014251884887288e-14,6.014251884887288e-14
0.31070000000000003,6949.46063577073,0.0,0.0,5.124819633110571,6.014167743310519e-14,6.014167743310519e-14
0.31075,6949.359710397041,0.0,0.0,5.1248257772784305,6.014083276972148e-14,6.014083276972148e-14
0.3108,6949.255683407802,0.0,0.0,5.124828282710437,6.013993227663823e-14,6.013993227663823e-14
0.31085,6949.148747252912,0.0,0.0,5.124827147520943,6.013903657274696e-14,6.013903657274696e-14
0.3109,6949.039008928936,0.0,0.0,5.1248223713741705,6.013808376791268e-14,6.013808376791268e-14
0.31095,6948.926667539475,0.0,0.0,5.124813963995575,6.01371401841003e-14,6.01371401841003e-14
0.311,6948.811842536641,0.0,0.0,5.124801932722856,6.013614261017286e-14,6.013614261017286e-14
0.31105,6948.694732165238,0.0,0.0,5.124786301375747,6.013515423679607e-14,6.013515423679607e-14
0.3111,6948.575473995445,0.0,0.0,5.124767082884199,6.013411987059057e-14,6.013411987059057e-14
0.31115000000000004,6948.454258255751,0.0,0.0,5.124744316420112,6.013309004718952e-14,6.013309004718952e-14
0.31120000000000003,6948.3312453261315,0.0,0.0,5.124718019802752,6.013202689608955e-14,6.013202689608955e-14
0.31125,6948.206611676832,0.0,0.0,5.124688247127019,6.013095955973357e-14,6.013095955973357e-14
0.3113,6948.080543223261,0.0,0.0,5.124655022077707,6.012987525783411e-14,6.012987525783411e-14
0.31135,6947.953199260846,0.0,0.0,5.124618411436275,6.012877526033953e-14,6.012877526033953e-14
0.3114,6947.8247912322195,0.0,0.0,5.124578447342404,6.012767672205214e-14,6.012767672205214e-14
0.31145,6947.695460779751,0.0,0.0,5.1245352054775655,6.012655005712952e-14,6.012655005712952e-14
0.3115,6947.565441730239,0.0,0.0,5.124488730203355,6.012544324605086e-14,6.012544324605086e-14
0.31155,6947.434860718676,0.0,0.0,5.124439101365997,6.012429713628888e-14,6.012429713628888e-14
0.3116,6947.303967741563,0.0,0.0,5.12438637975811,6.012318698618045e-14,6.012318698618045e-14
0.31165000000000004,6947.172879907037,0.0,0.0,5.124330644551389,6.012202980514221e-14,6.012202980514221e-14
0.31170000000000003,6947.041854630379,0.0,0.0,5.124271976710364,6.012092031062698e-14,6.012092031062698e-14
0.31175,6946.911007058655,0.0,0.0,5.12421045073128,6.01197613333207e-14,6.01197613333207e-14
0.3118,6946.780591705409,0.0,0.0,5.1241461701018185,6.011865580206176e-14,6.011865580206176e-14
0.31185,6946.650730284307,0.0,0.0,5.1240792023449595,6.011750481110216e-14,6.011750481110216e-14
0.3119,6946.521663777653,0.0,0.0,5.124009673675672,6.011640623962557e-14,6.011640623962557e-14
0.31195,6946.393528622576,0.0,0.0,5.12393764467177,6.01152730323327e-14,6.01152730323327e-14
0.312,6946.266542717931,0.0,0.0,5.123863261888692,6.01141845530555e-14,6.01141845530555e-14
0.31205,6946.140863646589,0.0,0.0,5.123786581560817,6.011307841474374e-14,6.011307841474374e-14
0.3121,6946.016679055404,0.0,0.0,5.1237077655849435,6.011200374000609e-14,6.011200374000609e-14
0.31215000000000004,6945.894171188962,0.0,0.0,5.123626870826685,6.011093295761669e-14,6.011093295761669e-14
0.31220000000000003,6945.7734936767665,0.0,0.0,5.123544067346476,6.010987675165958e-14,6.010987675165958e-14
0.31225,6945.654853227233,0.0,0.0,5.123459419344039,6.010884823381533e-14,6.010884823381533e-14
0.3123,6945.538369671432,0.0,0.0,5.123373096538333,6.010781634610834e-14,6.010781634610834e-14
0.31235,6945.42426997215,0.0,0.0,5.123285177879543,6.010683541003859e-14,6.010683541003859e-14
0.3124,6945.312644385696,0.0,0.0,5.12319582406609,6.010583492426812e-14,6.010583492426812e-14
0.31245,6945.2037321866055,0.0,0.0,5.123105135694939,6.010490527832094e-14,6.010490527832094e-14
0.3125,6945.0976017381545,0.0,0.0,5.123013256873192,6.010394435991436e-14,6.010394435991436e-14
0.31255,6944.994493778352,0.0,0.0,5.122920314954918,6.010306829063634e-14,6.010306829063634e-14
0.3126,6944.894464849636,0.0,0.0,5.122826432204985,6.010215583952117e-14,6.010215583952117e-14
0.31265000000000004,6944.797744690709,0.0,0.0,5.1227317649712445,6.010133457687253e-14,6.010133457687253e-14
0.31270000000000003,6944.70438904329,0.0,0.0,5.122636411677479,6.010047973046652e-14,6.010047973046652e-14
0.31275000000000003,6944.6146041325255,0.0,0.0,5.122540556308083,6.009971393906179e-14,6.009971393906179e-14
0.3128,6944.528455251338,0.0,0.0,5.122444275189477,6.009892548443163e-14,6.009892548443163e-14
0.31285,6944.446114180638,0.0,0.0,5.122347774776718,6.009821581194234e-14,6.009821581194234e-14
0.3129,6944.367663877473,0.0,0.0,5.122251114722177,6.009750158927991e-14,6.009750158927991e-14
0.31295,6944.293233791147,0.0,0.0,5.122154515339645,6.009684918579844e-14,6.009684918579844e-14
0.313,6944.222929137602,0.0,0.0,5.122058028073794,6.009621556373614e-14,6.009621556373614e-14
0.31305,6944.1568332658335,0.0,0.0,5.121961875950532,6.0095622497893e-14,6.0095622497893e-14
0.3131,6944.095073911,0.0,0.0,5.121866112572229,6.009507399292833e-14,6.009507399292833e-14
0.31315000000000004,6944.03768920485,0.0,0.0,5.121770951353746,6.00945434944123e-14,6.00945434944123e-14
0.31320000000000003,6943.984825119837,0.0,0.0,5.12167645881382,6.009408259179572e-14,6.009408259179572e-14
0.31325000000000003,6943.936479996181,0.0,0.0,5.121582826871535,6.009361908221049e-14,6.009361908221049e-14
0.3133,6943.892809649645,0.0,0.0,5.121490144464902,6.00932462796889e-14,6.00932462796889e-14
0.31335,6943.853781870077,0.0,0.0,5.12139857221352,6.009285518021105e-14,6.009285518021105e-14
0.3134,6943.819550830978,0.0,0.0,5.121308228165096,6.009256925477798e-14,6.009256925477798e-14
0.31345,6943.790065557097,0.0,0.0,5.121219235341777,6.009225659102586e-14,6.009225659102586e-14
0.3135,6943.765465483656,0.0,0.0,5.121131743561886,6.009205504726894e-14,6.009205504726894e-14
0.31355,6943.745693575666,0.0,0.0,5.121045836437012,6.009182690718102e-14,6.009182690718102e-14
0.3136,6943.7308615457505,0.0,0.0,5.120961693501816,6.009170654691195e-14,6.009170654691195e-14
0.31365000000000004,6943.720918164401,0.0,0.0,5.120879362005949,6.009156846052371e-14,6.009156846052371e-14
0.31370000000000003,6943.715936290974,0.0,0.0,5.120799044403294,6.009152599256985e-14,6.009152599256985e-14
0.31375000000000003,6943.715879878715,0.0,0.0,5.120720759178482,6.009148232490454e-14,6.009148232490454e-14
0.3138,6943.720775152506,0.0,0.0,5.120644720826801,6.009151492596938e-14,6.009151492596938e-14
0.31385,6943.730606844414,0.0,0.0,5.120570930238722,6.009156836348552e-14,6.009156836348552e-14
0.3139,6943.7453511671565,0.0,0.0,5.120499600266537,6.009167411414896e-14,6.009167411414896e-14
0.31395,6943.765014674472,0.0,0.0,5.120430727431048,6.009182531875352e-14,6.009182531875352e-14
0.314,6943.789525047831,0.0,0.0,5.120364508179788,6.009200344725246e-14,6.009200344725246e-14
0.31405,6943.818907030758,0.0,0.0,5.120300948082155,6.009225092636771e-14,6.009225092636771e-14
0.3141,6943.853045904056,0.0,0.0,5.120240213279607,6.009250183104366e-14,6.009250183104366e-14
0.31415000000000004,6943.891976819671,0.0,0.0,5.1201823300660685,6.009284203892099e-14,6.009284203892099e-14
0.31420000000000003,6943.935552607022,0.0,0.0,5.120127423116452,6.00931670835499e-14,6.00931670835499e-14
0.31425000000000003,6943.983808005531,0.0,0.0,5.120075547641688,6.009359474367011e-14,6.009359474367011e-14
0.3143,6944.036575810495,0.0,0.0,5.120026779976498,6.009399585839499e-14,6.009399585839499e-14
0.31435,6944.093878017248,0.0,0.0,5.119981207676542,6.009450445626185e-14,6.009450445626185e-14
0.3144,6944.1555406150965,0.0,0.0,5.119938857132572,6.009498360398397e-14,6.009498360398397e-14
0.31445,6944.22156073923,0.0,0.0,5.119899846270617,6.0095565986119e-14,6.0095565986119e-14
0.3145,6944.291769865229,0.0,0.0,5.119864155476218,6.009612456939453e-14,6.009612456939453e-14
0.31455,6944.366130058815,0.0,0.0,5.119831925787155,6.00967735620508e-14,6.00967735620508e-14
0.3146,6944.444488059647,0.0,0.0,5.119803100568618,6.009741186101257e-14,6.009741186101257e-14
0.31465000000000004,6944.526763962992,0.0,0.0,5.119777832291907,6.00981208248593e-14,6.00981208248593e-14
0.31470000000000004,6944.61282584022,0.0,0.0,5.119756040136553,6.009883754166144e-14,6.009883754166144e-14
0.31475000000000003,6944.702549162632,0.0,0.0,5.119737873408021,6.009960078929189e-14,6.009960078929189e-14
0.3148,6944.795825032913,0.0,0.0,5.119723242040349,6.010039276774506e-14,6.010039276774506e-14
0.31485,6944.89248622905,0.0,0.0,5.119712276585099,6.010120578720362e-14,6.010120578720362e-14
0.3149,6944.99244419112,0.0,0.0,5.119704892732882,6.010206794332833e-14,6.010206794332833e-14
0.31495,6945.095495227474,0.0,0.0,5.119701187793054,6.010292740772513e-14,6.010292740772513e-14
0.315,6945.2015646065165,0.0,0.0,5.119701096217497,6.010385287977438e-14,6.010385287977438e-14
0.31505,6945.310421818171,0.0,0.0,5.119704670645696,6.010475644527094e-14,6.010475644527094e-14
0.3151,6945.421996738645,0.0,0.0,5.119711873512036,6.010573694185493e-14,6.010573694185493e-14
0.31515000000000004,6945.536043807036,0.0,0.0,5.119722705966331,6.010668287549909e-14,6.010668287549909e-14
0.31520000000000004,6945.652487020114,0.0,0.0,5.119737162608763,6.010770916793676e-14,6.010770916793676e-14
0.31525000000000003,6945.77107810342,0.0,0.0,5.119755191809101,6.010869586470686e-14,6.010869586470686e-14
0.3153,6945.891724999466,0.0,0.0,5.119776818923476,6.010975835853648e-14,6.010975835853648e-14
0.31535,6946.014188052666,0.0,0.0,5.1198019439453555,6.011078382365341e-14,6.011078382365341e-14
0.3154,6946.138350775052,0.0,0.0,5.119830616214641,6.011187312626319e-14,6.011187312626319e-14
0.31545,6946.2639910941425,0.0,0.0,5.119862696830595,6.011293450366572e-14,6.011293450366572e-14
0.3155,6946.390962691086,0.0,0.0,5.119898247954791,6.011404191550748e-14,6.011404191550748e-14
0.31555,6946.519066693307,0.0,0.0,5.119937105053705,6.011513512879917e-14,6.011513512879917e-14
0.3156,6946.6481252519025,0.0,0.0,5.119979329136645,6.011625299424587e-14,6.011625299424587e-14
0.31565000000000004,6946.77796449741,0.0,0.0,5.120024745273766,6.011737255533225e-14,6.011737255533225e-14
0.31570000000000004,6946.908377224758,0.0,0.0,5.1200733984924724,6.01184944328675e-14,6.01184944328675e-14
0.31575000000000003,6947.039212651123,0.0,0.0,5.120125118635805,6.011963343950209e-14,6.011963343950209e-14
0.3158,6947.170239892409,0.0,0.0,5.120179921115962,6.012075408131273e-14,6.012075408131273e-14
0.31585,6947.301326222952,0.0,0.0,5.120237653651674,6.012190440288714e-14,6.012190440288714e-14
0.3159,6947.432225415645,0.0,0.0,5.120298291469089,6.012301955698624e-14,6.012301955698624e-14
0.31595,6947.562815680049,0.0,0.0,5.120361709526412,6.012417217703485e-14,6.012417217703485e-14
0.316,6947.6928452685,0.0,0.0,5.120427836767624,6.012527825767786e-14,6.012527825767786e-14
0.31605,6947.822195363534,0.0,0.0,5.120496579897736,6.012642372031686e-14,6.012642372031686e-14
0.3161,6947.95061869421,0.0,0.0,5.1205678207345215,6.012751740345576e-14,6.012751740345576e-14
0.31615000000000004,6948.0779919141205,0.0,0.0,5.120641496959604,6.012864630091186e-14,6.012864630091186e-14
0.31620000000000004,6948.204081139478,0.0,0.0,5.120717447712029,6.012972411519292e-14,6.012972411519292e-14
0.31625000000000003,6948.328752601561,0.0,0.0,5.120795635928424,6.013082754517927e-14,6.013082754517927e-14
0.3163,6948.451792608803,0.0,0.0,5.120875867123929,6.013188552374841e-14,6.013188552374841e-14
0.31635,6948.57305352119,0.0,0.0,5.120958119817261,6.013295545918844e-14,6.013295545918844e-14
0.3164,6948.692345887784,0.0,0.0,5.121042178269296,6.013398890461254e-14,6.013398890461254e-14
0.31645,6948.809507613676,0.0,0.0,5.1211280244796,6.013501842841194e-14,6.013501842841194e-14
0.3165,6948.924374579628,0.0,0.0,5.121215435432126,6.013602182590504e-14,6.013602182590504e-14
0.31655,6949.036772477306,0.0,0.0,5.121304383887533,6.01370052100577e-14,6.01370052100577e-14
0.3166,6949.146560898893,0.0,0.0,5.12139465327644,6.013797229486753e-14,6.013797229486753e-14
0.31665000000000004,6949.253557932415,0.0,0.0,5.1214861956158995,6.013890492637829e-14,6.013890492637829e-14
0.31670000000000004,6949.357643175221,0.0,0.0,5.121578812496789,6.013982889201877e-14,6.013982889201877e-14
0.31675000000000003,6949.458633304042,0.0,0.0,5.121672426501237,6.0140707070858e-14,6.0140707070858e-14
0.3168,6949.556423015314,0.0,0.0,5.121766865684548,6.01415808792097e-14,6.01415808792097e-14
0.31685,6949.650834385148,0.0,0.0,5.121862018455305,6.014240153495425e-14,6.014240153495425e-14
0.3169,6949.741772085773,0.0,0.0,5.1219577433655985,6.014321827815716e-14,6.014321827815716e-14
0.31695,6949.829070039398,0.0,0.0,5.1220538944072596,6.014397865838565e-14,6.014397865838565e-14
0.317,6949.912638477177,0.0,0.0,5.122150360165872,6.014473191597531e-14,6.014473191597531e-14
0.31705,6949.992328406682,0.0,0.0,5.1222469643545505,6.014542930490172e-14,6.014542930490172e-14
0.3171,6950.068052619905,0.0,0.0,5.122343621054262,6.014611344230691e-14,6.014611344230691e-14
0.31715,6950.139682667224,0.0,0.0,5.1224401314986645,6.014674495643829e-14,6.014674495643829e-14
0.31720000000000004,6950.20713272559,0.0,0.0,5.122536427620826,6.014735532543753e-14,6.014735532543753e-14
0.31725000000000003,6950.270296328051,0.0,0.0,5.122632298438159,6.014791781921163e-14,6.014791781921163e-14
0.3173,6950.329089729797,0.0,0.0,5.122727684344724,6.014845083585333e-14,6.014845083585333e-14
0.31735,6950.383427992517,0.0,0.0,5.122822373391302,6.014894092913342e-14,6.014894092913342e-14
0.3174,6950.433231718121,0.0,0.0,5.122916304814997,6.014939402884988e-14,6.014939402884988e-14
0.31745,6950.478435580562,0.0,0.0,5.123009276410462,6.014980824546693e-14,6.014980824546693e-14
0.3175,6950.518967814282,0.0,0.0,5.123101217870405,6.015017973354763e-14,6.015017973354763e-14
0.31755,6950.554779971871,0.0,0.0,5.123191945552488,6.015051472276778e-14,6.015051472276778e-14
0.3176,6950.585811513973,0.0,0.0,5.123281373627735,6.015080355647604e-14,6.015080355647604e-14
0.31765,6950.612028048716,0.0,0.0,5.123369342960623,6.015105635376909e-14,6.015105635376909e-14
0.31770000000000004,6950.6333834449715,0.0,0.0,5.123455749375445,6.015126190251034e-14,6.015126190251034e-14
0.31775000000000003,6950.649855124183,0.0,0.0,5.123540460815126,6.015143018219944e-14,6.015143018219944e-14
0.3178,6950.661413536112,0.0,0.0,5.123623355306847,6.015155201353769e-14,6.015155201353769e-14
0.31785,6950.668046744891,0.0,0.0,5.123704327108885,6.015163428752418e-14,6.015163428752418e-14
0.3179,6950.66974257808,0.0,0.0,5.123783240073155,6.015167202122934e-14,6.015167202122934e-14
0.31795,6950.666499865152,0.0,0.0,5.123860011204635,6.015166774922009e-14,6.015166774922009e-14
0.318,6950.658323160407,0.0,0.0,5.123934496131965,6.015162100667911e-14,6.015162100667911e-14
0.31805,6950.645223392458,0.0,0.0,5.124006629137411,6.015153059963554e-14,6.015153059963554e-14
0.3181,6950.627219972749,0.0,0.0,5.124076264867441,6.015139905783632e-14,6.015139905783632e-14
0.31815,6950.604338108394,0.0,0.0,5.124143348626462,6.015122377575071e-14,6.015122377575071e-14
0.31820000000000004,6950.576609462421,0.0,0.0,5.124207741455756,6.01510073144179e-14,6.01510073144179e-14
0.31825000000000003,6950.544075970438,0.0,0.0,5.124269393770514,6.015074907856439e-14,6.015074907856439e-14
0.3183,6950.506778845771,0.0,0.0,5.124328179445377,6.0150447991157e-14,6.0150447991157e-14
0.31835,6950.4647788021675,0.0,0.0,5.12438404940274,6.015010914680647e-14,6.015010914680647e-14
0.3184,6950.418124477073,0.0,0.0,5.124436895022797,6.014972437294212e-14,6.014972437294212e-14
0.31845,6950.366896378521,0.0,0.0,5.124486665088294,6.014930744748355e-14,6.014930744748355e-14
0.3185,6950.3111495857465,0.0,0.0,5.1245332709303515,6.01488407799623e-14,6.01488407799623e-14
0.31855,6950.250983914978,0.0,0.0,5.124576658751122,6.01483482831273e-14,6.01483482831273e-14
0.3186,6950.186461397429,0.0,0.0,5.124616760006607,6.014780250493306e-14,6.014780250493306e-14
0.31865,6950.117698968703,0.0,0.0,5.124653519917843,6.014723681110871e-14,6.014723681110871e-14
0.31870000000000004,6950.044767662666,0.0,0.0,5.1246868883203085,6.014661573047819e-14,6.014661573047819e-14
0.31875000000000003,6949.967797762182,0.0,0.0,5.1247168125695675,6.014597906803216e-14,6.014597906803216e-14
0.31880000000000003,6949.88687261771,0.0,0.0,5.124743257873906,6.014528743567284e-14,6.014528743567284e-14
0.31885,6949.802130943326,0.0,0.0,5.124766177590064,6.014458199063205e-14,6.014458199063205e-14
0.3189,6949.713672408857,0.0,0.0,5.12478554885812,6.014382530427575e-14,6.014382530427575e-14
0.31895,6949.62163879728,0.0,0.0,5.124801334799531,6.014305342234425e-14,6.014305342234425e-14
0.319,6949.526150010228,0.0,0.0,5.124813521444215,6.014223764419947e-14,6.014223764419947e-14
0.31905,6949.427345934695,0.0,0.0,5.124822084560762,6.014140209833134e-14,6.014140209833134e-14
0.3191,6949.325369666715,0.0,0.0,5.124827017107796,6.014053332586e-14,6.014053332586e-14
0.31915,6949.220355481186,0.0,0.0,5.124828308944182,6.01396376006891e-14,6.01396376006891e-14
0.31920000000000004,6949.112470894796,0.0,0.0,5.124825959482369,6.013872174374341e-14,6.013872174374341e-14
0.31925000000000003,6949.0018428043295,0.0,0.0,5.124819972438222,6.013777028302425e-14,6.013777028302425e-14
0.31930000000000003,6948.888662069127,0.0,0.0,5.124810354746153,6.013681279862414e-14,6.013681279862414e-14
0.31935,6948.77304881604,0.0,0.0,5.124797122192735,6.013581116567961e-14,6.013581116567961e-14
0.3194,6948.655213628943,0.0,0.0,5.124780291548084,6.013481689780716e-14,6.013481689780716e-14
0.31945,6948.535272894325,0.0,0.0,5.124759887786144,6.01337718086405e-14,6.01337718086405e-14
0.3195,6948.413450930911,0.0,0.0,5.124735940480892,6.013274496274153e-14,6.013274496274153e-14
0.31955,6948.28986547424,0.0,0.0,5.12470848051137,6.013166417430647e-14,6.013166417430647e-14
0.3196,6948.1647467834555,0.0,0.0,5.124677553108934,6.013060843588673e-14,6.013060843588673e-14
0.31965,6948.038220353993,0.0,0.0,5.124643192180891,6.012950049078066e-14,6.012950049078066e-14
0.31970000000000004,6947.910513695354,0.0,0.0,5.124605460558454,6.012841927504724e-14,6.012841927504724e-14
0.31975000000000003,6947.781766771093,0.0,0.0,5.124564393457381,6.01272931313748e-14,6.01272931313748e-14
0.31980000000000003,6947.652195875759,0.0,0.0,5.124520071675925,6.012618992504084e-14,6.012618992504084e-14
0.31985,6947.521961292942,0.0,0.0,5.124472531722859,6.012505451755364e-14,6.012505451755364e-14
0.3199,6947.391261030848,0.0,0.0,5.124421870760328,6.012393326111344e-14,6.012393326111344e-14
0.31995,6947.260279572351,0.0,0.0,5.12436812850377,6.012279705345143e-14,6.012279705345143e-14
0.32,6947.129191999151,0.0,0.0,5.124311414874322,6.012166249755415e-14,6.012166249755415e-14
0.32005,6946.998208010958,0.0,0.0,5.124251776475405,6.012053309166889e-14,6.012053309166889e-14
0.3201,6946.867478282527,0.0,0.0,5.124189330740566,6.011939106620548e-14,6.011939106620548e-14
0.32015,6946.7372353709,0.0,0.0,5.124124136069962,6.011827492506627e-14,6.011827492506627e-14
0.32020000000000004,6946.607607522525,0.0,0.0,5.124056311232725,6.011713246778542e-14,6.011713246778542e-14
0.32025000000000003,6946.478844378122,0.0,0.0,5.123985931715707,6.011603479807214e-14,6.011603479807214e-14
0.32030000000000003,6946.351056982932,0.0,0.0,5.123913111472868,6.0114900109134e-14,6.0114900109134e-14
0.32035,6946.2245033500185,0.0,0.0,5.123837947733184,6.01138249223036e-14,6.01138249223036e-14
0.3204,6946.099285095569,0.0,0.0,5.12376054455461,6.011270713964642e-14,6.011270713964642e-14
0.32045,6945.975657892169,0.0,0.0,5.123681023913247,6.011165748780992e-14,6.011165748780992e-14
0.3205,6945.853723124013,0.0,0.0,5.123599476914099,6.011056630057878e-14,6.011056630057878e-14
0.32055,6945.733722698376,0.0,0.0,5.1235160508009985,6.010954465446873e-14,6.010954465446873e-14
0.3206,6945.615767004054,0.0,0.0,5.123430823379344,6.010848980354971e-14,6.010848980354971e-14
0.32065,6945.500073499381,0.0,0.0,5.1233439647051915,6.01074985161983e-14,6.01074985161983e-14
0.32070000000000004,6945.386769404124,0.0,0.0,5.123255541931876,6.010648924364468e-14,6.010648924364468e-14
0.32075000000000004,6945.27603920479,0.0,0.0,5.123165742455006,6.010553103189714e-14,6.010553103189714e-14
0.32080000000000003,6945.168032057289,0.0,0.0,5.1230746282186495,6.010457555543339e-14,6.010457555543339e-14
0.32085,6945.062894283032,0.0,0.0,5.122982395922125,6.01036539203509e-14,6.01036539203509e-14
0.3209,6944.960798398679,0.0,0.0,5.1228891098562945,6.010275900614319e-14,6.010275900614319e-14
0.32095,6944.86185143503,0.0,0.0,5.122794966330534,6.010187852689697e-14,6.010187852689697e-14
0.321,6944.766246545844,0.0,0.0,5.122700040566716,6.010104922012758e-14,6.010104922012758e-14
0.32105,6944.674054605589,0.0,0.0,5.122604518377575,6.010021566669964e-14,6.010021566669964e-14
0.3211,6944.585482652977,0.0,0.0,5.122508494186379,6.009945522268868e-14,6.009945522268868e-14
0.32115,6944.500572390227,0.0,0.0,5.122412134193318,6.0098675462647e-14,6.0098675462647e-14
0.32120000000000004,6944.419534662961,0.0,0.0,5.122315558584362,6.00979854865917e-14,6.00979854865917e-14
0.32125000000000004,6944.34239188045,0.0,0.0,5.122218907172856,6.009726719018503e-14,6.009726719018503e-14
0.32130000000000003,6944.269346490105,0.0,0.0,5.1221223295242195,6.00966479708552e-14,6.00966479708552e-14
0.32135,6944.200412993966,0.0,0.0,5.122025935716564,6.009599914645182e-14,6.009599914645182e-14
0.3214,6944.135772652324,0.0,0.0,5.121929904499453,6.009545013449561e-14,6.009545013449561e-14
0.32145,6944.075443329491,0.0,0.0,5.121834316923281,6.009487855747994e-14,6.009487855747994e-14
0.3215,6944.019573387215,0.0,0.0,5.121739376568088,6.009439892090912e-14,6.009439892090912e-14
0.32155,6943.968193573019,0.0,0.0,5.121645140279558,6.00939115288253e-14,6.00939115288253e-14
0.3216,6943.921410275733,0.0,0.0,5.1215518282131045,6.009350070550919e-14,6.009350070550919e-14
0.32165,6943.879273486719,0.0,0.0,5.121459481393306,6.009310304592649e-14,6.009310304592649e-14
0.32170000000000004,6943.841842404989,0.0,0.0,5.121368325249396,6.009276120906401e-14,6.009276120906401e-14
0.32175000000000004,6943.8091884895375,0.0,0.0,5.1212783958187496,6.009245701442722e-14,6.009245701442722e-14
0.32180000000000003,6943.781323102502,0.0,0.0,5.121189910804739,6.009218538462692e-14,6.009218538462692e-14
0.32185,6943.758336846915,0.0,0.0,5.12110291301545,6.009197633441366e-14,6.009197633441366e-14
0.3219,6943.740197265814,0.0,0.0,5.12101759939927,6.009177728620911e-14,6.009177728620911e-14
0.32195,6943.72700747064,0.0,0.0,5.120934030484507,6.009166299121489e-14,6.009166299121489e-14
0.322,6943.71869932161,0.0,0.0,5.1208523711546725,6.009153993882722e-14,6.009153993882722e-14
0.32205,6943.715378331522,0.0,0.0,5.120772708113645,6.009151814741649e-14,6.009151814741649e-14
0.3221,6943.7169518286855,0.0,0.0,5.12069516616773,6.009147522123603e-14,6.009147522123603e-14
0.32215,6943.723515487665,0.0,0.0,5.120619862763589,6.009154222264443e-14,6.009154222264443e-14
0.32220000000000004,6943.734964747361,0.0,0.0,5.120546879083896,6.009158378092306e-14,6.009158378092306e-14
0.32225000000000004,6943.751372721663,0.0,0.0,5.1204763631170955,6.009173494519374e-14,6.009173494519374e-14
0.32230000000000003,6943.772635380458,0.0,0.0,5.120408353914547,6.009186499078146e-14,6.009186499078146e-14
0.32235,6943.798791794105,0.0,0.0,5.120343024810371,6.009209537266695e-14,6.009209537266695e-14
0.3224,6943.829748986432,0.0,0.0,5.120280379135949,6.009231695395007e-14,6.009231695395007e-14
0.32245,6943.8655033061095,0.0,0.0,5.120220605863433,6.009262187433743e-14,6.009262187433743e-14
0.3225,6943.905980060788,0.0,0.0,5.120163683114001,6.009293655869984e-14,6.009293655869984e-14
0.32255,6943.9511281776495,0.0,0.0,5.120109802421142,6.00933120823141e-14,6.00933120823141e-14
0.3226,6944.000894264362,0.0,0.0,5.120058929890547,6.009371957239733e-14,6.009371957239733e-14
0.32265,6944.0551797392145,0.0,0.0,5.120011244822717,6.00941628179237e-14,6.00941628179237e-14
0.32270000000000004,6944.1139509848235,0.0,0.0,5.119966715364737,6.009466076705372e-14,6.009466076705372e-14
0.32275000000000004,6944.17706643466,0.0,0.0,5.119925494012125,6.009517000542648e-14,6.009517000542648e-14
0.32280000000000003,6944.244506498182,0.0,0.0,5.119887563897305,6.009575405606894e-14,6.009575405606894e-14
0.32285,6944.316095134763,0.0,0.0,5.11985303831119,6.009632859071709e-14,6.009632859071709e-14
0.3229,6944.391817706591,0.0,0.0,5.119821925354216,6.009699262911928e-14,6.009699262911928e-14
0.32295,6944.4714750452,0.0,0.0,5.119794290575237,6.009763247641004e-14,6.009763247641004e-14
0.323,6944.555046420441,0.0,0.0,5.119770172605188,6.009836906907329e-14,6.009836906907329e-14
0.32305,6944.642322200585,0.0,0.0,5.119749585755374,6.009907449186283e-14,6.009907449186283e-14
0.3231,6944.733264153353,0.0,0.0,5.119732599478425,6.00998754391258e-14,6.00998754391258e-14
0.32315,6944.827664514835,0.0,0.0,5.119719178894306,6.010064640358138e-14,6.010064640358138e-14
0.32320000000000004,6944.925457406029,0.0,0.0,5.119709419174124,6.01015033371246e-14,6.01015033371246e-14
0.32325000000000004,6945.026447361844,0.0,0.0,5.119703243577219,6.01023389729295e-14,6.01023389729295e-14
0.32330000000000003,6945.130533404912,0.0,0.0,5.1197007631312825,6.010324391251212e-14,6.010324391251212e-14
0.32335,6945.237539647914,0.0,0.0,5.119701870863512,6.010414205780003e-14,6.010414205780003e-14
0.3234,6945.347326276349,0.0,0.0,5.1197066803418085,6.010508785531665e-14,6.010508785531665e-14
0.32345,6945.459740330455,0.0,0.0,5.119715068713074,6.010604474834042e-14,6.010604474834042e-14
0.3235,6945.574603624021,0.0,0.0,5.119727137108463,6.01070253627177e-14,6.01070253627177e-14
0.32355,6945.691785340157,0.0,0.0,5.119742761920638,6.010803552645842e-14,6.010803552645842e-14
0.3236,6945.811073485621,0.0,0.0,5.119762017239439,6.01090460980613e-14,6.01090460980613e-14
0.32365,6945.932354849907,0.0,0.0,5.119784792560465,6.011010242927635e-14,6.011010242927635e-14
0.32370000000000004,6946.055391638341,0.0,0.0,5.119811122681842,6.011113915599697e-14,6.011113915599697e-14
0.32375000000000004,6946.180080845872,0.0,0.0,5.119840920935813,6.011223320512766e-14,6.011223320512766e-14
0.32380000000000003,6946.306169216592,0.0,0.0,5.1198741745916205,6.011329304575436e-14,6.011329304575436e-14
0.32385,6946.433554945555,0.0,0.0,5.11991082702314,6.011441544579175e-14,6.011441544579175e-14
0.3239,6946.561980608148,0.0,0.0,5.119950814844934,6.011549570681557e-14,6.011549570681557e-14
0.32395,6946.691336417436,0.0,0.0,5.11999411238856,6.011663668809631e-14,6.011663668809631e-14
0.324,6946.82137157871,0.0,0.0,5.120040607993438,6.011773456005563e-14,6.011773456005563e-14
0.32405,6946.951960357223,0.0,0.0,5.120090302556342,6.011888448153829e-14,6.011888448153829e-14
0.3241,6947.082867581507,0.0,0.0,5.120143043664165,6.011999659945523e-14,6.011999659945523e-14
0.32415,6947.213945975442,0.0,0.0,5.120198849799541,6.012114642199847e-14,6.012114642199847e-14
0.3242,6947.344982194388,0.0,0.0,5.120257539405044,6.012226851717193e-14,6.012226851717193e-14
0.32425000000000004,6947.475804961087,0.0,0.0,5.120319136327112,6.012341016099162e-14,6.012341016099162e-14
0.32430000000000003,6947.6062256297755,0.0,0.0,5.120383443965981,6.012453685353014e-14,6.012453685353014e-14
0.32435,6947.736049877255,0.0,0.0,5.120450477840746,6.012566339682086e-14,6.012566339682086e-14
0.3244,6947.8651132605155,0.0,0.0,5.120520041005925,6.012678815905458e-14,6.012678815905458e-14
0.32445,6947.993202555185,0.0,0.0,5.120592127435843,6.012789386256224e-14,6.012789386256224e-14
0.3245,6948.120174101241,0.0,0.0,5.120666553202757,6.012900915212267e-14,6.012900915212267e-14
0.32455,6948.245802444017,0.0,0.0,5.120743279828081,6.013008932077269e-14,6.013008932077269e-14
0.3246,6948.369959194366,0.0,0.0,5.120822146739986,6.013118686162799e-14,6.013118686162799e-14
0.32465,6948.4924148759,0.0,0.0,5.120903075883795,6.0132237576403e-14,6.0132237576403e-14
0.3247,6948.613049844197,0.0,0.0,5.120985936136432,6.013330874155774e-14,6.013330874155774e-14
0.32475000000000004,6948.731639203572,0.0,0.0,5.121070607440899,6.013432651631e-14,6.013432651631e-14
0.32480000000000003,6948.848065655589,0.0,0.0,5.121156989378408,6.013536275467113e-14,6.013536275467113e-14
0.32485,6948.9621167608175,0.0,0.0,5.1212449224020276,6.013634417712939e-14,6.013634417712939e-14
0.3249,6949.073672331819,0.0,0.0,5.121334333315224,6.013733742336605e-14,6.013733742336605e-14
0.32495,6949.182538600792,0.0,0.0,5.121425030083902,6.013827884259444e-14,6.013827884259444e-14
0.325,6949.288589193683,0.0,0.0,5.121516959272053,6.013922185250442e-14,6.013922185250442e-14
0.32505,6949.3916529583175,0.0,0.0,5.121609906803426,6.014011916158985e-14,6.014011916158985e-14
0.3251,6949.491596386124,0.0,0.0,5.121703828841275,6.014100573281448e-14,6.014100573281448e-14
0.32515,6949.588272389372,0.0,0.0,5.121798501674526,6.014185427879668e-14,6.014185427879668e-14
0.3252,6949.681541737512,0.0,0.0,5.121893879811248,6.014267933316869e-14,6.014267933316869e-14
0.32525000000000004,6949.771280538069,0.0,0.0,5.121989742588857,6.014347396445283e-14,6.014347396445283e-14
0.32530000000000003,6949.857347243793,0.0,0.0,5.122086032197781,6.014423349411988e-14,6.014423349411988e-14
0.32535000000000003,6949.939638486559,0.0,0.0,5.1221825423424825,6.014496873102733e-14,6.014496873102733e-14
0.3254,6950.018015144093,0.0,0.0,5.122279194347575,6.014565963014255e-14,6.014565963014255e-14
0.32545,6950.092390648962,0.0,0.0,5.122375804870832,6.014632992739269e-14,6.014632992739269e-14
0.3255,6950.162633559119,0.0,0.0,5.122472269083996,6.014694974910599e-14,6.014694974910599e-14
0.32555,6950.228670172724,0.0,0.0,5.122568431546317,6.014754980296788e-14,6.014754980296788e-14
0.3256,6950.290381659974,0.0,0.0,5.122664159872365,6.014809649206531e-14,6.014809649206531e-14
0.32565,6950.347703821007,0.0,0.0,5.1227593274924965,6.014862154191291e-14,6.014862154191291e-14
0.3257,6950.400534335596,0.0,0.0,5.122853776978173,6.014909319326137e-14,6.014909319326137e-14
0.32575000000000004,6950.448816311078,0.0,0.0,5.122947407868826,6.014953926930273e-14,6.014953926930273e-14
0.32580000000000003,6950.492466328465,0.0,0.0,5.12304004359577,6.014993395677608e-14,6.014993395677608e-14
0.32585000000000003,6950.5314340921395,0.0,0.0,5.123131604079006,6.015029803719333e-14,6.015029803719333e-14
0.3259,6950.565655807376,0.0,0.0,5.123221901920033,6.015061374124542e-14,6.015061374124542e-14
0.32595,6950.59508854806,0.0,0.0,5.123310869863083,6.015089379932391e-14,6.015089379932391e-14
0.326,6950.619687351754,0.0,0.0,5.123398319131874,6.015112844352427e-14,6.015112844352427e-14
0.32605,6950.639418613941,0.0,0.0,5.123484187233648,6.015132338404922e-14,6.015132338404922e-14
0.3261,6950.65425432357,0.0,0.0,5.12356829326579,6.015147496981905e-14,6.015147496981905e-14
0.32615,6950.664172797823,0.0,0.0,5.123650572225179,6.01515844743589e-14,6.01515844743589e-14
0.3262,6950.669160610184,0.0,0.0,5.123730858921908,6.015165128542502e-14,6.015165128542502e-14
0.32625000000000004,6950.669210598652,0.0,0.0,5.123809080428114,6.015167560074735e-14,6.015167560074735e-14
0.32630000000000003,6950.664321726456,0.0,0.0,5.123885092785881,6.015165643664694e-14,6.015165643664694e-14
0.32635000000000003,6950.654503313384,0.0,0.0,5.123958812284092,6.01515961504074e-14,6.01515961504074e-14
0.3264,6950.639765271419,0.0,0.0,5.12403011891529,6.015149054316261e-14,6.015149054316261e-14
0.32645,6950.620134225718,0.0,0.0,5.124098918122796,6.01513463920894e-14,6.01513463920894e-14
0.3265,6950.595630740792,0.0,0.0,5.124165113754569,6.015115476371961e-14,6.015115476371961e-14
0.32655,6950.566298170658,0.0,0.0,5.124228602920175,6.015092751295099e-14,6.015092751295099e-14
0.3266,6950.532168702477,0.0,0.0,5.124289310841013,6.015065124220219e-14,6.015065124220219e-14
0.32665,6950.49330047056,0.0,0.0,5.124347130760816,6.015034166043224e-14,6.015034166043224e-14
0.3267,6950.449739346081,0.0,0.0,5.124402005168628,6.014998304344331e-14,6.014998304344331e-14
0.32675000000000004,6950.401555242188,0.0,0.0,5.124453828983582,6.014959198055544e-14,6.014959198055544e-14
0.32680000000000003,6950.348810421421,0.0,0.0,5.124502557182548,6.014915408918841e-14,6.014915408918841e-14
0.32685000000000003,6950.291583077401,0.0,0.0,5.124548091990018,6.014868264263111e-14,6.014868264263111e-14
0.3269,6950.22995458256,0.0,0.0,5.124590396380699,6.014816910319448e-14,6.014816910319448e-14
0.32695,6950.1640081072055,0.0,0.0,5.124629384692258,6.014761884236793e-14,6.014761884236793e-14
0.327,6950.093846154617,0.0,0.0,5.124665024507167,6.014703357162012e-14,6.014703357162012e-14
0.32705,6950.019554462914,0.0,0.0,5.124697245576002,6.014640677674288e-14,6.014640677674288e-14
0.3271,6949.941257342362,0.0,0.0,5.1247260183250125,6.014575372206734e-14,6.014575372206734e-14
0.32715,6949.859042156304,0.0,0.0,5.124751289354711,6.01450535891989e-14,6.01450535891989e-14
0.3272,6949.773053897285,0.0,0.0,5.124773031961627,6.01443365193016e-14,6.01443365193016e-14
0.32725000000000004,6949.6833824056575,0.0,0.0,5.124791209191267,6.014356728773932e-14,6.014356728773932e-14
0.32730000000000004,6949.590190263791,0.0,0.0,5.124805798821789,6.014278967420214e-14,6.014278967420214e-14
0.32735000000000003,6949.493572439339,0.0,0.0,5.124816778467337,6.014195664271335e-14,6.014195664271335e-14
0.3274,6949.393704222859,0.0,0.0,5.124824133064923,6.014112165740947e-14,6.014112165740947e-14
0.32745,6949.2906898147785,0.0,0.0,5.124827852084004,6.014023107565487e-14,6.014023107565487e-14
0.3275,6949.184711056813,0.0,0.0,5.124827930643516,6.013934170921774e-14,6.013934170921774e-14
0.32755,6949.075886289474,0.0,0.0,5.124824367283261,6.013840054949657e-14,6.013840054949657e-14
0.3276,6948.964397260928,0.0,0.0,5.124817169898479,6.013745983582725e-14,6.013745983582725e-14
0.32765,6948.85038128671,0.0,0.0,5.124806343985597,6.01364754727167e-14,6.01364754727167e-14
0.3277,6948.734013831239,0.0,0.0,5.124791911706678,6.013548678253659e-14,6.013548678253659e-14
0.32775000000000004,6948.61545499372,0.0,0.0,5.124773884645169,6.013446662410302e-14,6.013446662410302e-14
0.32780000000000004,6948.494869166383,0.0,0.0,5.124752299175007,6.013343397893296e-14,6.013343397893296e-14
0.32785000000000003,6948.372441132721,0.0,0.0,5.124727173629247,6.013238510303889e-14,6.013238510303889e-14
0.3279,6948.248321621416,0.0,0.0,5.124698556875743,6.013131345162253e-14,6.013131345162253e-14
0.32795,6948.122719442692,0.0,0.0,5.12466647613332,6.013024230464042e-14,6.013024230464042e-14
0.328,6947.995771762965,0.0,0.0,5.124630989619175,6.012913770868361e-14,6.012913770868361e-14
0.32805,6947.867707906858,0.0,0.0,5.1245921366457585,6.012804991373765e-14,6.012804991373765e-14
0.3281,6947.738654373435,0.0,0.0,5.124549980762858,6.012691960105308e-14,6.012691960105308e-14
0.32815,6947.608854764985,0.0,0.0,5.124504576977813,6.01258199110581e-14,6.01258199110581e-14
0.3282,6947.47843025893,0.0,0.0,5.124455990060305,6.012467217264813e-14,6.012467217264813e-14
0.32825000000000004,6947.347630343212,0.0,0.0,5.124404293874714,6.012356457861107e-14,6.012356457861107e-14
0.32830000000000004,6947.216577916043,0.0,0.0,5.124349551058316,6.012240851267008e-14,6.012240851267008e-14
0.32835000000000003,6947.085518743328,0.0,0.0,5.124291856222508,6.012129649544652e-14,6.012129649544652e-14
0.3284,6946.9545851096545,0.0,0.0,5.124231268056902,6.012014162205733e-14,6.012014162205733e-14
0.32845,6946.82400942946,0.0,0.0,5.124167901865007,6.011902851169852e-14,6.011902851169852e-14
0.3285,6946.693940418107,0.0,0.0,5.12410181265258,6.011788430749583e-14,6.011788430749583e-14
0.32855,6946.5645887576375,0.0,0.0,5.12403313404258,6.011677369390759e-14,6.011677369390759e-14
0.3286,6946.436124791029,0.0,0.0,5.12396191989074,6.011564910710782e-14,6.011564910710782e-14
0.32865,6946.308731497373,0.0,0.0,5.123888317466128,6.011454523808622e-14,6.011454523808622e-14
0.3287,6946.182603170045,0.0,0.0,5.123812384056334,6.011344825201504e-14,6.011344825201504e-14
0.32875000000000004,6946.057892394214,0.0,0.0,5.123734274038508,6.011235634936427e-14,6.011235634936427e-14
0.32880000000000004,6945.9348162119395,0.0,0.0,5.123654054136264,6.011129365799956e-14,6.011129365799956e-14
0.32885000000000003,6945.813497832518,0.0,0.0,5.123571878239189,6.011022009664132e-14,6.011022009664132e-14
0.3289,6945.69417215437,0.0,0.0,5.123487828985418,6.010919693923126e-14,6.010919693923126e-14
0.32895,6945.576937650071,0.0,0.0,5.123402052191174,6.010814924947728e-14,6.010814924947728e-14
0.329,6945.462038862629,0.0,0.0,5.123314652230357,6.010716943311264e-14,6.010716943311264e-14
0.32905,6945.3495571654,0.0,0.0,5.12322576043295,6.010615611370928e-14,6.010615611370928e-14
0.3291,6945.23973608983,0.0,0.0,5.123135506940493,6.010522222083174e-14,6.010522222083174e-14
0.32915,6945.132649469897,0.0,0.0,5.12304400442571,6.010425237915226e-14,6.010425237915226e-14
0.3292,6945.02852799163,0.0,0.0,5.122951410095559,6.010336613411276e-14,6.010336613411276e-14
0.32925000000000004,6944.927448036357,0.0,0.0,5.1228578168284615,6.010244899374588e-14,6.010244899374588e-14
0.32930000000000004,6944.829615927759,0.0,0.0,5.122763406875657,6.010161173449616e-14,6.010161173449616e-14
0.32935000000000003,6944.735119692434,0.0,0.0,5.122668255581577,6.010075607603811e-14,6.010075607603811e-14
0.3294,6944.644131594052,0.0,0.0,5.122572564796739,6.00999692612937e-14,6.00999692612937e-14
0.32945,6944.556757995249,0.0,0.0,5.122476397840238,6.009918286868382e-14,6.009918286868382e-14
0.3295,6944.473130524216,0.0,0.0,5.122379967716444,6.009844854474442e-14,6.009844854474442e-14
0.32955,6944.393377046887,0.0,0.0,5.12228333380255,6.009773773549724e-14,6.009773773549724e-14
0.3296,6944.317586004266,0.0,0.0,5.122186709732125,6.009705888764939e-14,6.009705888764939e-14
0.32965,6944.245905773797,0.0,0.0,5.122090160477422,6.009642819176718e-14,6.009642819176718e-14
0.3297,6944.178383446235,0.0,0.0,5.121993888998649,6.009580892560669e-14,6.009580892560669e-14
0.32975000000000004,6944.115182697676,0.0,0.0,5.121897975433472,6.00952609589476e-14,6.00952609589476e-14
0.32980000000000004,6944.056315259202,0.0,0.0,5.121802601494104,6.009470647555788e-14,6.009470647555788e-14
0.32985000000000003,6944.001951215578,0.0,0.0,5.121707870570535,6.009424202809301e-14,6.009424202809301e-14
0.3299,6943.952076263587,0.0,0.0,5.12161393476696,6.009375839162846e-14,6.009375839162846e-14
0.32995,6943.906855405837,0.0,0.0,5.121520925946824,6.00933767167356e-14,6.00933767167356e-14
0.33,6943.866259679011,0.0,0.0,5.121428961703439,6.009297044061435e-14,6.009297044061435e-14
0.33005,6943.830436379607,0.0,0.0,5.1213382036943855,6.009266970801294e-14,6.009266970801294e-14
0.3301,6943.799353719141,0.0,0.0,5.121248734355183,6.009234721335723e-14,6.009234721335723e-14
0.33015,6943.773129189445,0.0,0.0,5.121160742048435,6.009212505889723e-14,6.009212505889723e-14
0.3302,6943.751738814594,0.0,0.0,5.121074277874299,6.009189208045649e-14,6.009189208045649e-14
0.33025000000000004,6943.735260318183,0.0,0.0,5.120989549514034,6.009174617600898e-14,6.009174617600898e-14
0.33030000000000004,6943.723685477035,0.0,0.0,5.120906584599474,6.009160719488668e-14,6.009160719488668e-14
0.33035000000000003,6943.717045761064,0.0,0.0,5.120825599193109,6.009153575571511e-14,6.009153575571511e-14
0.3304,6943.715352815342,0.0,0.0,5.120746608340326,6.009149354072793e-14,6.009149354072793e-14
0.33045,6943.718589722805,0.0,0.0,5.120669823291437,6.009149569614708e-14,6.009149569614708e-14
0.3305,6943.726787698337,0.0,0.0,5.120595258901693,6.00915510153107e-14,6.00915510153107e-14
0.33055,6943.739883946202,0.0,0.0,5.120523107831339,6.009162699081679e-14,6.009162699081679e-14
0.3306,6943.757924564238,0.0,0.0,5.120453396885665,6.009177853485481e-14,6.009177853485481e-14
0.33065,6943.780807685045,0.0,0.0,5.12038628759351,6.009192961648914e-14,6.009192961648914e-14
0.3307,6943.8085858622235,0.0,0.0,5.120321828805125,6.009217414465515e-14,6.009217414465515e-14
0.33075,6943.84112833629,0.0,0.0,5.120260141318815,6.009240243367571e-14,6.009240243367571e-14
0.33080000000000004,6943.8784831166795,0.0,0.0,5.120201302532296,6.009273512020681e-14,6.009273512020681e-14
0.33085000000000003,6943.92050273065,0.0,0.0,5.120145387201745,6.009304311141906e-14,6.009304311141906e-14
0.3309,6943.967218600871,0.0,0.0,5.120092503104517,6.009345804615883e-14,6.009345804615883e-14
0.33095,6944.01847908496,0.0,0.0,5.120042678709548,6.009384809239822e-14,6.009384809239822e-14
0.331,6944.074287604446,0.0,0.0,5.119996048898795,6.009433886281997e-14,6.009433886281997e-14
0.33105,6944.134499601853,0.0,0.0,5.119952600764509,6.009481260298726e-14,6.009481260298726e-14
0.3311,6944.199081287035,0.0,0.0,5.119912488186638,6.009537287953415e-14,6.009537287953415e-14
0.33115,6944.267903700879,0.0,0.0,5.119875666321512,6.009593071099756e-14,6.009593071099756e-14
0.3312,6944.340890100638,0.0,0.0,5.119842296076261,6.009655475325278e-14,6.009655475325278e-14
0.33125,6944.417931856222,0.0,0.0,5.1198123133753555,6.009719542603882e-14,6.009719542603882e-14
0.33130000000000004,6944.498907774268,0.0,0.0,5.11978587184816,6.009787844269259e-14,6.009787844269259e-14
0.33135000000000003,6944.583730006488,0.0,0.0,5.119762902422237,6.009859882976289e-14,6.009859882976289e-14
0.33140000000000003,6944.672235844059,0.0,0.0,5.119743536694027,6.00993371466919e-14,6.00993371466919e-14
0.33145,6944.7643545051305,0.0,0.0,5.119727714396969,6.01001322242854e-14,6.01001322242854e-14
0.3315,6944.859888714723,0.0,0.0,5.119715531866277,6.010092324170305e-14,6.010092324170305e-14
0.33155,6944.958777567162,0.0,0.0,5.119706949098507,6.010178627932195e-14,6.010178627932195e-14
0.3316,6945.060799233685,0.0,0.0,5.1197020172535135,6.010262823370782e-14,6.010262823370782e-14
0.33165,6945.165893176919,0.0,0.0,5.11970072410753,6.010355116633928e-14,6.010355116633928e-14
0.3317,6945.273824749531,0.0,0.0,5.119703070394459,6.0104442736012e-14,6.0104442736012e-14
0.33175,6945.384523414014,0.0,0.0,5.119709074196124,6.010541666607281e-14,6.010541666607281e-14
0.33180000000000004,6945.497753628163,0.0,0.0,5.119718685947433,6.010635648602447e-14,6.010635648602447e-14
0.33185000000000003,6945.613425160159,0.0,0.0,5.119731951218645,6.010737224329141e-14,6.010737224329141e-14
0.33190000000000003,6945.731312183792,0.0,0.0,5.119748775631113,6.010835840283013e-14,6.010835840283013e-14
0.33195,6945.8512971518385,0.0,0.0,5.119769224474172,6.010940708817061e-14,6.010940708817061e-14
0.332,6945.973171985001,0.0,0.0,5.119793168648354,6.011043668734609e-14,6.011043668734609e-14
0.33205,6946.0967873406025,0.0,0.0,5.119820681524078,6.011151012581766e-14,6.011151012581766e-14
0.3321,6946.221957484082,0.0,0.0,5.11985161260443,6.011257895639994e-14,6.011257895639994e-14
0.33215,6946.348500531573,0.0,0.0,5.119886029450753,6.011367000488409e-14,6.011367000488409e-14
0.3322,6946.476253916973,0.0,0.0,5.119923774919839,6.011477239927462e-14,6.011477239927462e-14
0.33225,6946.60500626144,0.0,0.0,5.119964896544477,6.011587507353944e-14,6.011587507353944e-14
0.33230000000000004,6946.734615420452,0.0,0.0,5.120009244735953,6.011700394319533e-14,6.011700394319533e-14
0.33235000000000003,6946.864846883975,0.0,0.0,5.120056834405405,6.01181133580191e-14,6.01181133580191e-14
0.33240000000000003,6946.995573307803,0.0,0.0,5.120107535299721,6.011926041067446e-14,6.011926041067446e-14
0.33245,6947.1265458228445,0.0,0.0,5.120161320454367,6.012037255514809e-14,6.012037255514809e-14
0.3325,6947.257644453144,0.0,0.0,5.120218086808438,6.01215286584899e-14,6.01215286584899e-14
0.33255,6947.388615949748,0.0,0.0,5.120277760842931,6.012264004958921e-14,6.012264004958921e-14
0.3326,6947.5193397290295,0.0,0.0,5.12034026968927,6.012379568669627e-14,6.012379568669627e-14
0.33265,6947.649568043819,0.0,0.0,5.120405493759112,6.012490296411212e-14,6.012490296411212e-14
0.3327,6947.779172452286,0.0,0.0,5.120473388280745,6.01260487155448e-14,6.01260487155448e-14
0.33275,6947.907919279134,0.0,0.0,5.1205437931206115,6.012714824304887e-14,6.012714824304887e-14
0.33280000000000004,6948.035666792251,0.0,0.0,5.1206166848847925,6.01282752304064e-14,6.01282752304064e-14
0.33285000000000003,6948.162201690741,0.0,0.0,5.1206918726466055,6.01293627681631e-14,6.01293627681631e-14
0.33290000000000003,6948.287366099637,0.0,0.0,5.120769344152025,6.013046299994794e-14,6.013046299994794e-14
0.33295,6948.410970560482,0.0,0.0,5.120848890295557,6.01315334965831e-14,6.01315334965831e-14
0.333,6948.532841118974,0.0,0.0,5.120930497768522,6.013260007759456e-14,6.013260007759456e-14
0.33305,6948.652812668878,0.0,0.0,5.121013953048044,6.013364761051375e-14,6.013364761051375e-14
0.3331,6948.770698043832,0.0,0.0,5.121099229411574,6.013467479508472e-14,6.013467479508472e-14
0.33315,6948.886354357296,0.0,0.0,5.121186122011462,6.01356926647293e-14,6.01356926647293e-14
0.3332,6948.9995863803015,0.0,0.0,5.121274579946096,6.013667576118877e-14,6.013667576118877e-14
0.33325,6949.11026934744,0.0,0.0,5.121364417812287,6.013765671877484e-14,6.013765671877484e-14
0.33330000000000004,6949.2182065773695,0.0,0.0,5.121455552837679,6.013859187366491e-14,6.013859187366491e-14
0.33335000000000004,6949.323286271698,0.0,0.0,5.121547826239816,6.013952844520517e-14,6.013952844520517e-14
0.33340000000000003,6949.425317385781,0.0,0.0,5.12164111975777,6.014041235283494e-14,6.014041235283494e-14
0.33345,6949.524195868301,0.0,0.0,5.1217353040983085,6.01412972067146e-14,6.01412972067146e-14
0.3335,6949.619742903209,0.0,0.0,5.121830226361886,6.014212680001954e-14,6.014212680001954e-14
0.33355,6949.711857805474,0.0,0.0,5.121925785222275,6.014295310314941e-14,6.014295310314941e-14
0.3336,6949.800379262004,0.0,0.0,5.122021798217239,6.014372527956167e-14,6.014372527956167e-14
0.33365,6949.885207099067,0.0,0.0,5.1221181866104555,6.014448699092493e-14,6.014448699092493e-14
0.3337,6949.966200917871,0.0,0.0,5.1222147468577655,6.014519842023426e-14,6.014519842023426e-14
0.33375,6950.043260095591,0.0,0.0,5.122311414632281,6.014589048291825e-14,6.014589048291825e-14
0.33380000000000004,6950.11626649508,0.0,0.0,5.122407975939346,6.014653752584978e-14,6.014653752584978e-14
0.33385000000000004,6950.185119994525,0.0,0.0,5.122504371267273,6.01471559379711e-14,6.01471559379711e-14
0.33390000000000003,6950.249724150093,0.0,0.0,5.122600387463861,6.014773468519656e-14,6.014773468519656e-14
0.33395,6950.309981885345,0.0,0.0,5.122695960338071,6.014827644923765e-14,6.014827644923765e-14
0.334,6950.365816415999,0.0,0.0,5.122790888037832,6.014878286903859e-14,6.014878286903859e-14
0.33405,6950.417137277827,0.0,0.0,5.122885093704944,6.014924584077789e-14,6.014924584077789e-14
0.3341,6950.463884497213,0.0,0.0,5.1229783951242345,6.014967600515949e-14,6.014967600515949e-14
0.33415,6950.505978101935,0.0,0.0,5.123070697392326,6.015005867788259e-14,6.015005867788259e-14
0.3342,6950.543371989013,0.0,0.0,5.123161843246297,6.015040902547924e-14,6.015040902547924e-14
0.33425,6950.576000156336,0.0,0.0,5.123251717620842,6.015071029523887e-14,6.015071029523887e-14
0.33430000000000004,6950.603828002114,0.0,0.0,5.123340190097168,6.015097788353341e-14,6.015097788353341e-14
0.33435000000000004,6950.626805982778,0.0,0.0,5.123427126721926,6.015119684211172e-14,6.015119684211172e-14
0.33440000000000003,6950.644909679667,0.0,0.0,5.12351242251164,6.015137954595589e-14,6.015137954595589e-14
0.33445,6950.658107145731,0.0,0.0,5.12359592890994,6.015151534090076e-14,6.015151534090076e-14
0.3345,6950.666384097821,0.0,0.0,5.123677562257118,6.015161196431376e-14,6.015161196431376e-14
0.33455,6950.669725898158,0.0,0.0,5.123757165888673,6.015166375196357e-14,6.015166375196357e-14
0.3346,6950.668129546627,0.0,0.0,5.123834671604044,6.01516740367191e-14,6.01516740367191e-14
0.33465,6950.661596217289,0.0,0.0,5.123909922264604,6.015164103536621e-14,6.015164103536621e-14
0.3347,6950.650136190183,0.0,0.0,5.123982858642267,6.015156556843498e-14,6.015156556843498e-14
0.33475,6950.6337641990285,0.0,0.0,5.124053330738443,6.015144719984336e-14,6.015144719984336e-14
0.33480000000000004,6950.612506107598,0.0,0.0,5.124121282312908,6.015128723988816e-14,6.015128723988816e-14
0.33485000000000004,6950.586387804745,0.0,0.0,5.124186577043457,6.015108333022194e-14,6.015108333022194e-14
0.33490000000000003,6950.555452717045,0.0,0.0,5.124249157132744,6.015084058780572e-14,6.015084058780572e-14
0.33495,6950.519735960487,0.0,0.0,5.12430890459676,6.015055158758189e-14,6.015055158758189e-14
0.335,6950.479299586378,0.0,0.0,5.124365757590833,6.015022800226091e-14,6.015022800226091e-14
0.33505,6950.434187015032,0.0,0.0,5.124419618830521,6.014985518053916e-14,6.014985518053916e-14
0.3351,6950.384478633694,0.0,0.0,5.124470422201639,6.014945273853371e-14,6.014945273853371e-14
0.33515,6950.330226569493,0.0,0.0,5.1245180911692225,6.014899831073627e-14,6.014899831073627e-14
0.3352,6950.271527723318,0.0,0.0,5.124562557200779,6.014851893996292e-14,6.014851893996292e-14
0.33525,6950.208444695975,0.0,0.0,5.124603762623425,6.014798609929653e-14,6.014798609929653e-14
0.33530000000000004,6950.141087663596,0.0,0.0,5.124641639869706,6.014743166461939e-14,6.014743166461939e-14
0.33535000000000004,6950.0695325683255,0.0,0.0,5.1246761469732,6.014682450443904e-14,6.014682450443904e-14
0.33540000000000003,6949.993898616559,0.0,0.0,5.124707221476331,6.014619690724496e-14,6.014619690724496e-14
0.33545,6949.914278529166,0.0,0.0,5.1247348335203915,6.014552024012754e-14,6.014552024012754e-14
0.3355,6949.830795933725,0.0,0.0,5.124758929816295,6.014482160738404e-14,6.014482160738404e-14
0.33555,6949.743563621359,0.0,0.0,5.12477948939452,6.014408070580505e-14,6.014408070580505e-14
0.3356,6949.652705436294,0.0,0.0,5.124796471339511,6.014331363495496e-14,6.014331363495496e-14
0.33565,6949.558356610709,0.0,0.0,5.124809861402591,6.014251393328991e-14,6.014251393328991e-14
0.3357,6949.460638165913,0.0,0.0,5.124819632845097,6.014168174839872e-14,6.014168174839872e-14
0.33575,6949.35970852794,0.0,0.0,5.12482577741892,6.014082855387388e-14,6.014082855387388e-14
0.33580000000000004,6949.255684635178,0.0,0.0,5.124828282728391,6.013993552253664e-14,6.013993552253664e-14
0.33585000000000004,6949.148746757908,0.0,0.0,5.124827147314591,6.013903378470324e-14,6.013903378470324e-14
0.33590000000000003,6949.039008615789,0.0,0.0,5.124822371765218,6.013808524985887e-14,6.013808524985887e-14
0.33595,6948.9266687023155,0.0,0.0,5.124813963429526,6.013713942872807e-14,6.013713942872807e-14
0.336,6948.811840504461,0.0,0.0,5.124801933421449,6.013614182171962e-14,6.013614182171962e-14
0.33605,6948.694735046178,0.0,0.0,5.124786300591218,6.013515588161164e-14,6.013515588161164e-14
0.3361,6948.575470311477,0.0,0.0,5.124767083680346,6.013411660016306e-14,6.013411660016306e-14
0.33615,6948.4542626559105,0.0,0.0,5.124744315684699,6.013309413466346e-14,6.013309413466346e-14
0.3362,6948.33124031949,0.0,0.0,5.124718020385547,6.013202129301675e-14,6.013202129301675e-14
0.33625,6948.206617143877,0.0,0.0,5.124688246777481,6.013096576505596e-14,6.013096576505596e-14
0.33630000000000004,6948.0805374580805,0.0,0.0,5.124655022103485,6.0129867842693e-14,6.0129867842693e-14
0.33635000000000004,6947.9532051349715,0.0,0.0,5.124618411802741,6.012878290361057e-14,6.012878290361057e-14
0.33640000000000003,6947.824785443199,0.0,0.0,5.124578446514898,6.012766833916497e-14,6.012766833916497e-14
0.33645,6947.6954662764965,0.0,0.0,5.1245352068029035,6.012655817373484e-14,6.012655817373484e-14
0.3365,6947.565436723765,0.0,0.0,5.124488728350637,6.012543496017165e-14,6.012543496017165e-14
0.33655,6947.434865038645,0.0,0.0,5.1244391037366315,6.012430459951165e-14,6.012430459951165e-14
0.3366,6947.303964280424,0.0,0.0,5.124386376890658,6.012317993989493e-14,6.012317993989493e-14
0.33665,6947.172882353679,0.0,0.0,5.124330647853079,6.012203548332068e-14,6.012203548332068e-14
0.3367,6947.041853316093,0.0,0.0,5.1242719730486765,6.012091556049034e-14,6.012091556049034e-14
0.33675,6946.911007150955,0.0,0.0,5.124210454640301,6.011976426149227e-14,6.011976426149227e-14
0.33680000000000004,6946.780592877275,0.0,0.0,5.124146166065199,6.011865415770577e-14,6.011865415770577e-14
0.33685000000000004,6946.650727841188,0.0,0.0,5.124079206358979,6.011750434681812e-14,6.011750434681812e-14
0.33690000000000003,6946.521667446632,0.0,0.0,5.124009669832615,6.011640813060917e-14,6.011640813060917e-14
0.33695,6946.393523809394,0.0,0.0,5.123937648176957,6.011526897274672e-14,6.011526897274672e-14
0.337,6946.2665485432635,0.0,0.0,5.123863258874133,6.011418994187577e-14,6.011418994187577e-14
0.33705,6946.140856971683,0.0,0.0,5.123786583927031,6.011307105243476e-14,6.011307105243476e-14
0.3371,6946.016686375182,0.0,0.0,5.123707763997057,6.011201209996343e-14,6.011201209996343e-14
0.33715,6945.894163448856,0.0,0.0,5.123626871514433,6.011092306426224e-14,6.011092306426224e-14
0.3372,6945.7735015844,0.0,0.0,5.123544067639935,6.010988711270733e-14,6.010988711270733e-14
0.33725,6945.654845408818,0.0,0.0,5.123459418006991,6.010883697317403e-14,6.010883697317403e-14
0.3373,6945.538377133533,0.0,0.0,5.123373098931058,6.01078274091229e-14,6.01078274091229e-14
0.33735000000000004,6945.424263119789,0.0,0.0,5.123285174443621,6.010682418842744e-14,6.010682418842744e-14
0.33740000000000003,6945.31265038282,0.0,0.0,5.123195828478035,6.010584522886366e-14,6.010584522886366e-14
0.33745,6945.203727258673,0.0,0.0,5.123105130399299,6.010489555710692e-14,6.010489555710692e-14
0.3375,6945.09760540831,0.0,0.0,5.123013262907692,6.010395248367432e-14,6.010395248367432e-14
0.33755,6944.994491507671,0.0,0.0,5.122920308345922,6.010306138314801e-14,6.010306138314801e-14
0.3376,6944.894465616814,0.0,0.0,5.122826439180558,6.010216060219349e-14,6.010216060219349e-14
0.33765,6944.797745474261,0.0,0.0,5.122731757845686,6.010133146148504e-14,6.010133146148504e-14
0.3377,6944.704386706191,0.0,0.0,5.122636418707135,6.010048036904842e-14,6.010048036904842e-14
0.33775,6944.6146079651235,0.0,0.0,5.122540549613616,6.009971511350937e-14,6.009971511350937e-14
0.3378,6944.528450024984,0.0,0.0,5.122444281298132,6.009892177586846e-14,6.009892177586846e-14
0.33785000000000004,6944.446120642491,0.0,0.0,5.122347769480279,6.00982212096405e-14,6.00982212096405e-14
0.33790000000000003,6944.367656374013,0.0,0.0,5.122251118986877,6.009749389662002e-14,6.009749389662002e-14
0.33795000000000003,6944.293242096462,0.0,0.0,5.122154512284636,6.009685816979864e-14,6.009685816979864e-14
0.338,6944.2229202922035,0.0,0.0,5.122058029764221,6.009620480007049e-14,6.009620480007049e-14
0.33805,6944.156842360678,0.0,0.0,5.121961875723173,6.00956339316397e-14,6.00956339316397e-14
0.3381,6944.095064860583,0.0,0.0,5.121866111272295,6.009506150598691e-14,6.009506150598691e-14
0.33815,6944.037697908306,0.0,0.0,5.121770954179666,6.009455588623583e-14,6.009455588623583e-14
0.3382,6943.984817049446,0.0,0.0,5.121676454502028,6.009406998437321e-14,6.009406998437321e-14
0.33825,6943.936487159117,0.0,0.0,5.121582832561279,6.009363078140167e-14,6.009363078140167e-14
0.3383,6943.8928036325005,0.0,0.0,5.121490137541269,6.009323519433084e-14,6.009323519433084e-14
0.33835000000000004,6943.853786533289,0.0,0.0,5.121398580165248,6.009286460103549e-14,6.009286460103549e-14
0.33840000000000003,6943.819547678231,0.0,0.0,5.121308219417003,6.009256114908073e-14,6.009256114908073e-14
0.33845000000000003,6943.7900670853915,0.0,0.0,5.121219244606314,6.009226243247181e-14,6.009226243247181e-14
0.3385,6943.765465632379,0.0,0.0,5.121131734070931,6.009205099569071e-14,6.009205099569071e-14
0.33855,6943.745691746192,0.0,0.0,5.121045845835424,6.009182833501528e-14,6.009182833501528e-14
0.3386,6943.730864995421,0.0,0.0,5.120961684504749,6.009170709252312e-14,6.009170709252312e-14
0.33865,6943.720913201621,0.0,0.0,5.120879370286395,6.009156522764629e-14,6.009156522764629e-14
0.3387,6943.715942601225,0.0,0.0,5.120799037123126,6.009153107126e-14,6.009153107126e-14
0.33875,6943.715872423859,0.0,0.0,5.120720765189877,6.009147480725813e-14,6.009147480725813e-14
0.3388,6943.720783502554,0.0,0.0,5.120644716300969,6.009152387325787e-14,6.009152387325787e-14
0.33885000000000004,6943.730597870474,0.0,0.0,5.120570933095655,6.009155751028187e-14,6.009155751028187e-14
0.33890000000000003,6943.745360465577,0.0,0.0,5.120499599194302,6.0091685752128e-14,6.0091685752128e-14
0.33895000000000003,6943.765005353175,0.0,0.0,5.120430726647654,6.009181252081973e-14,6.009181252081973e-14
0.339,6943.789534082923,0.0,0.0,5.120364510813571,6.009201624389568e-14,6.009201624389568e-14
0.33905,6943.818898573024,0.0,0.0,5.120300943651565,6.009223782412925e-14,6.009223782412925e-14
0.3391,6943.853053506624,0.0,0.0,5.120240219376741,6.009251410611069e-14,6.009251410611069e-14
0.33915,6943.891970312621,0.0,0.0,5.120182322475766,6.009283029851386e-14,6.009283029851386e-14
0.3392,6943.935557809325,0.0,0.0,5.12012743195879,6.009317723718347e-14,6.009317723718347e-14
0.33925,6943.983804265235,0.0,0.0,5.120075537818204,6.009358583110049e-14,6.009358583110049e-14
0.3393,6944.036577974221,0.0,0.0,5.120026790459049,6.009400258720497e-14,6.009400258720497e-14
0.33935000000000004,6944.093877483693,0.0,0.0,5.11998119686757,6.009449944482565e-14,6.009449944482565e-14
0.33940000000000003,6944.1555395127225,0.0,0.0,5.119938867906627,6.009498607520488e-14,6.009498607520488e-14
0.33945000000000003,6944.221563420929,0.0,0.0,5.11989983588009,6.00955654184672e-14,6.00955654184672e-14
0.3395,6944.291765705149,0.0,0.0,5.119864165130855,6.009612252874706e-14,6.009612252874706e-14
0.33955,6944.366135540341,0.0,0.0,5.119831917184567,6.009677738838679e-14,6.009677738838679e-14
0.3396,6944.444481448193,0.0,0.0,5.119803107822667,6.009740565642118e-14,6.009740565642118e-14
0.33965,6944.52677146931,0.0,0.0,5.119777826625379,6.009812842125554e-14,6.009812842125554e-14
0.3397,6944.612817692977,0.0,0.0,5.119756044015249,6.009882806415741e-14,6.009882806415741e-14
0.33975,6944.702557671388,0.0,0.0,5.119737871444273,6.009961105299509e-14,6.009961105299509e-14
0.3398,6944.795816442221,0.0,0.0,5.119723242011704,6.010038131550018e-14,6.010038131550018e-14
0.33985000000000004,6944.892494616004,0.0,0.0,5.119712278602528,6.01012172958385e-14,6.01012172958385e-14
0.33990000000000004,6944.992436274817,0.0,0.0,5.119704888782356,6.010205603404832e-14,6.010205603404832e-14
0.33995000000000003,6945.095502419473,0.0,0.0,5.119701193540939,6.010293861702126e-14,6.010293861702126e-14
0.34,6945.2015583562825,0.0,0.0,5.119701088852998,6.010384203790173e-14,6.010384203790173e-14
0.34005,6945.310426937863,0.0,0.0,5.119704679376633,6.010476590134741e-14,6.010476590134741e-14
0.3401,6945.421992889796,0.0,0.0,5.119711863694865,6.010572849231678e-14,6.010572849231678e-14
0.34015,6945.536046283194,0.0,0.0,5.1197227165381065,6.010668940796523e-14,6.010668940796523e-14
0.3402,6945.652485962904,0.0,0.0,5.119737151623313,6.010770406669079e-14,6.010770406669079e-14
0.34025,6945.771077737093,0.0,0.0,5.119755202839577,6.01086987366311e-14,6.01086987366311e-14
0.3403,6945.891726738606,0.0,0.0,5.119776808201902,6.010975707910949e-14,6.010975707910949e-14
0.34035000000000004,6946.014185028699,0.0,0.0,5.119801954001601,6.011078281585669e-14,6.011078281585669e-14
0.34040000000000004,6946.138354947137,0.0,0.0,5.119830607141999,6.011187561891902e-14,6.011187561891902e-14
0.34045000000000003,6946.263985938193,0.0,0.0,5.119862704622162,6.011292992255258e-14,6.011292992255258e-14
0.3405,6946.390968629996,0.0,0.0,5.119898241683017,6.011404763784133e-14,6.011404763784133e-14
0.34055,6946.519060185168,0.0,0.0,5.119937109605811,6.011512774038784e-14,6.011512774038784e-14
0.3406,6946.648132094973,0.0,0.0,5.119979326431087,6.011626100846567e-14,6.011626100846567e-14
0.34065,6946.777957550302,0.0,0.0,5.12002474605452,6.011736345510161e-14,6.011736345510161e-14
0.3407,6946.908384041121,0.0,0.0,5.1200733996352685,6.011850355243948e-14,6.011850355243948e-14
0.34075,6947.039206180815,0.0,0.0,5.12012511562044,6.011962388344699e-14,6.011962388344699e-14
0.3408,6947.170245813442,0.0,0.0,5.1201799258758145,6.012076304453513e-14,6.012076304453513e-14
0.34085000000000004,6947.3013210213485,0.0,0.0,5.120237647316914,6.012189562386968e-14,6.012189562386968e-14
0.34090000000000004,6947.432229751449,0.0,0.0,5.1202982991432835,6.01230272040699e-14,6.01230272040699e-14
0.34095000000000003,6947.562812314444,0.0,0.0,5.120361700774468,6.012416521657505e-14,6.012416521657505e-14
0.341,6947.6928475900695,0.0,0.0,5.120427846287673,6.012528368349112e-14,6.012528368349112e-14
0.34105,6947.82219411376,0.0,0.0,5.12049656992499,6.012641929883996e-14,6.012641929883996e-14
0.3411,6947.950618875603,0.0,0.0,5.120567830819327,6.01275200676545e-14,6.01275200676545e-14
0.34115,6948.077992753738,0.0,0.0,5.120641487086612,6.012864474220933e-14,6.012864474220933e-14
0.3412,6948.204079352144,0.0,0.0,5.120717457047422,6.012972389254393e-14,6.012972389254393e-14
0.34125,6948.3287552261245,0.0,0.0,5.120795627418309,6.013082876385431e-14,6.013082876385431e-14
0.3413,6948.451789274012,0.0,0.0,5.120875874540233,6.013188269109345e-14,6.013188269109345e-14
0.34135000000000004,6948.573057412956,0.0,0.0,5.120958113707288,6.013295900594266e-14,6.013295900594266e-14
0.34140000000000004,6948.6923415962065,0.0,0.0,5.121042182894878,6.013398406893451e-14,6.013398406893451e-14
0.34145000000000003,6948.8095121346105,0.0,0.0,5.121128021448956,6.013502358490006e-14,6.013502358490006e-14
0.3415,6948.924369990976,0.0,0.0,5.121215436799304,6.013601580708676e-14,6.013601580708676e-14
0.34155,6949.036776971538,0.0,0.0,5.121304384180435,6.013701111422285e-14,6.013701111422285e-14
0.3416,6949.146556640686,0.0,0.0,5.121394651368198,6.01379659860178e-14,6.01379659860178e-14
0.34165,6949.253561823542,0.0,0.0,5.121486199026597,6.013891070922394e-14,6.013891070922394e-14
0.3417,6949.3576397531915,0.0,0.0,5.121578807729036,6.013982311928907e-14,6.013982311928907e-14
0.34175,6949.458636172438,0.0,0.0,5.121672432423497,6.014071198371123e-14,6.014071198371123e-14
0.3418,6949.556420751584,0.0,0.0,5.12176685882827,6.014157628577302e-14,6.014157628577302e-14
0.34185000000000004,6949.650836013293,0.0,0.0,5.1218620259844885,6.014240504793794e-14,6.014240504793794e-14
0.34190000000000004,6949.741771090421,0.0,0.0,5.121957735424074,6.014321524782909e-14,6.014321524782909e-14
0.34195000000000003,6949.829070422427,0.0,0.0,5.122053902479745,6.014398051786542e-14,6.014398051786542e-14
0.342,6949.912638656459,0.0,0.0,5.122150352224139,6.014473054625219e-14,6.014473054625219e-14
0.34205,6949.992327726454,0.0,0.0,5.122246971902508,6.014542954130649e-14,6.014542954130649e-14
0.3421,6950.068053717265,0.0,0.0,5.122343614126125,6.014611356677753e-14,6.014611356677753e-14
0.34215,6950.139681238996,0.0,0.0,5.122440137596423,6.014674384514484e-14,6.014674384514484e-14
0.3422,6950.207134385206,0.0,0.0,5.122536422513673,6.0147356576657e-14,6.0147356576657e-14
0.34225,6950.270294529163,0.0,0.0,5.122632302421019,6.014791580253346e-14,6.014791580253346e-14
0.3423,6950.329091571918,0.0,0.0,5.122727681561998,6.014845273564613e-14,6.014845273564613e-14
0.34235000000000004,6950.383426187218,0.0,0.0,5.122822374928837,6.014893851563732e-14,6.014893851563732e-14
0.34240000000000004,6950.433233410608,0.0,0.0,5.122916304508463,6.014939608756686e-14,6.014939608756686e-14
0.34245000000000003,6950.478434054586,0.0,0.0,5.12300927552806,6.014980590624658e-14,6.014980590624658e-14
0.3425,6950.5189691293335,0.0,0.0,5.123101219845602,6.015018154187147e-14,6.015018154187147e-14
0.34255,6950.554778887139,0.0,0.0,5.123191942599349,6.015051280378981e-14,6.015051280378981e-14
0.3426,6950.585812359754,0.0,0.0,5.123281377400216,6.015080485407144e-14,6.015080485407144e-14
0.34265,6950.612027426324,0.0,0.0,5.123369338532944,6.015105502088506e-14,6.015105502088506e-14
0.3427,6950.6333838679875,0.0,0.0,5.1234557542645,6.015126261312761e-14,6.015126261312761e-14
0.34275,6950.649854856489,0.0,0.0,5.123540455648897,6.015142940716537e-14,6.015142940716537e-14
0.3428,6950.661413695285,0.0,0.0,5.12362336055182,6.015155224172832e-14,6.015155224172832e-14
0.34285000000000004,6950.668046633902,0.0,0.0,5.12370432195971,6.015163387612531e-14,6.015163387612531e-14
0.34290000000000004,6950.669742696242,0.0,0.0,5.123783244951947,6.015167201201322e-14,6.015167201201322e-14
0.34295000000000003,6950.666499678527,0.0,0.0,5.123860006735259,6.015166740354688e-14,6.015166740354688e-14
0.343,6950.658323463586,0.0,0.0,5.123934500063734,6.015162107636342e-14,6.015162107636342e-14
0.34305,6950.645222925947,0.0,0.0,5.1240066258284935,6.015153000071547e-14,6.015153000071547e-14
0.3431,6950.627220629273,0.0,0.0,5.124076267484684,6.015139950918175e-14,6.015139950918175e-14
0.34315,6950.6043372420445,0.0,0.0,5.124143346724325,6.015122266924124e-14,6.015122266924124e-14
0.3432,6950.576610534094,0.0,0.0,5.124207742635704,6.015100835298503e-14,6.015100835298503e-14
0.34325,6950.54407470752,0.0,0.0,5.124269393276805,6.015074734659157e-14,6.015074734659157e-14
0.3433,6950.506780261048,0.0,0.0,5.12432817929959,6.015044966006013e-14,6.015044966006013e-14
0.34335000000000004,6950.464777282188,0.0,0.0,5.124384050104954,6.015010685176325e-14,6.015010685176325e-14
0.34340000000000004,6950.418126032469,0.0,0.0,5.124436893848549,6.014972652061152e-14,6.014972652061152e-14
0.34345000000000003,6950.366894861437,0.0,0.0,5.124486666623384,6.014930483947238e-14,6.014930483947238e-14
0.3435,6950.311150975685,0.0,0.0,5.124533269135604,6.014884306909633e-14,6.014884306909633e-14
0.34355,6950.2509827380145,0.0,0.0,5.124576660688457,6.014834576848738e-14,6.014834576848738e-14
0.3436,6950.186462268991,0.0,0.0,5.124616758022732,6.014780446371588e-14,6.014780446371588e-14
0.34365,6950.117698482932,0.0,0.0,5.124653521846571,6.014723488638713e-14,6.014723488638713e-14
0.3437,6950.044767684735,0.0,0.0,5.124686886518831,6.014661683728298e-14,6.014661683728298e-14
0.34375,6949.967798260332,0.0,0.0,5.124716814173892,6.014597822977835e-14,6.014597822977835e-14
0.3438,6949.886871553404,0.0,0.0,5.1247432565021285,6.014528722285363e-14,6.014528722285363e-14
0.34385,6949.802132590881,0.0,0.0,5.124766178700075,6.014458263500607e-14,6.014458263500607e-14
0.34390000000000004,6949.713670176904,0.0,0.0,5.124785548003986,6.014382346107724e-14,6.014382346107724e-14
0.34395000000000003,6949.62164158168,0.0,0.0,5.124801335409187,6.014305575284611e-14,6.014305575284611e-14
0.34400000000000003,6949.526146723293,0.0,0.0,5.12481352103594,6.014223409908489e-14,6.014223409908489e-14
0.34405,6949.427349641305,0.0,0.0,5.124822084811198,6.01414060577878e-14,6.01414060577878e-14
0.3441,6949.3253656387515,0.0,0.0,5.124827016946558,6.014052829224833e-14,6.014052829224833e-14
0.34415,6949.220359704219,0.0,0.0,5.12482830907687,6.01396428432715e-14,6.01396428432715e-14
0.3442,6949.1124666120395,0.0,0.0,5.1248259593009236,6.013871571794781e-14,6.013871571794781e-14
0.34425,6949.001846992311,0.0,0.0,5.124819972727802,6.013777619459238e-14,6.013777619459238e-14
0.3443,6948.8886581294855,0.0,0.0,5.124810354281164,6.013680650931987e-14,6.013680650931987e-14
0.34435,6948.773052346579,0.0,0.0,5.124797122873169,6.01358169336688e-14,6.01358169336688e-14
0.34440000000000004,6948.655210655203,0.0,0.0,5.124780290611752,6.013481121129839e-14,6.013481121129839e-14
0.34445000000000003,6948.535275168853,0.0,0.0,5.124759888984972,6.013377653448235e-14,6.013377653448235e-14
0.34450000000000003,6948.413449472725,0.0,0.0,5.124735939017368,6.013274075842944e-14,6.013274075842944e-14
0.34455,6948.289866015872,0.0,0.0,5.124708482205381,6.013166701083476e-14,6.013166701083476e-14
0.3446,6948.164747222449,0.0,0.0,5.124677551224091,6.013060646920447e-14,6.013060646920447e-14
0.34465,6948.038218895666,0.0,0.0,5.124643194182665,6.012950078464032e-14,6.012950078464032e-14
0.3447,6947.91051616886,0.0,0.0,5.124605458515883,6.012842004838479e-14,6.012842004838479e-14
0.34475,6947.781763315785,0.0,0.0,5.1245643954367495,6.012729054435152e-14,6.012729054435152e-14
0.3448,6947.6522002345955,0.0,0.0,5.124520069858802,6.012619358822762e-14,6.012619358822762e-14
0.34485,6947.521956136906,0.0,0.0,5.124472533260358,6.012504910664543e-14,6.012504910664543e-14
0.34490000000000004,6947.3912668369785,0.0,0.0,5.12442186960462,6.01239395569902e-14,6.01239395569902e-14
0.34495000000000003,6947.260273284268,0.0,0.0,5.124368129168056,6.012278929348376e-14,6.012278929348376e-14
0.34500000000000003,6947.129198569812,0.0,0.0,5.1243114147844775,6.012167076675485e-14,6.012167076675485e-14
0.34505,6946.998201366969,0.0,0.0,5.12425177591064,6.012052383373626e-14,6.012052383373626e-14
0.3451,6946.867484773088,0.0,0.0,5.12418933200293,6.01194003126215e-14,6.01194003126215e-14
0.34515,6946.737229255494,0.0,0.0,5.124124134077922,6.011826529612987e-14,6.011826529612987e-14
0.3452,6946.607613039962,0.0,0.0,5.124056313942007,6.011714148076767e-14,6.011714148076767e-14
0.34525,6946.4788396605745,0.0,0.0,5.123985928316708,6.011602605263702e-14,6.011602605263702e-14
0.3453,6946.351060713325,0.0,0.0,5.123913115487059,6.011490762683179e-14,6.011490762683179e-14
0.34535,6946.224500758211,0.0,0.0,5.123837943193056,6.011381826939339e-14,6.011381826939339e-14
0.34540000000000004,6946.099286425757,0.0,0.0,5.123760549487641,6.011271202999051e-14,6.011271202999051e-14
0.34545000000000003,6945.97565789895,0.0,0.0,5.123681018729576,6.011165391539372e-14,6.011165391539372e-14
0.34550000000000003,6945.853721741842,0.0,0.0,5.123599482171212,6.011056773449804e-14,6.011056773449804e-14
0.34555,6945.73372544054,0.0,0.0,5.123516045646918,6.01095447782275e-14,6.01095447782275e-14
0.3456,6945.615762956969,0.0,0.0,5.1234308282319,6.010848739028994e-14,6.010848739028994e-14
0.34565,6945.500078742286,0.0,0.0,5.123343960338522,6.010750247482001e-14,6.010750247482001e-14
0.3457,6945.386763110284,0.0,0.0,5.123255545621548,6.01064831084263e-14,6.01064831084263e-14
0.34575,6945.276046357938,0.0,0.0,5.123165739604275,6.010553844466497e-14,6.010553844466497e-14
0.3458,6945.168024261865,0.0,0.0,5.123074630076512,6.010456634293743e-14,6.010456634293743e-14
0.34585,6945.0629024698355,0.0,0.0,5.122982395167735,6.010366391801385e-14,6.010366391801385e-14
0.34590000000000004,6944.960790082011,0.0,0.0,5.12288910941678,6.010274780859111e-14,6.010274780859111e-14
0.34595000000000004,6944.86185960367,0.0,0.0,5.1227949679999005,6.010188985173187e-14,6.010188985173187e-14
0.34600000000000003,6944.766238795321,0.0,0.0,5.122700037659135,6.010103743893376e-14,6.010103743893376e-14
0.34605,6944.674061670898,0.0,0.0,5.122604522471696,6.010022683359399e-14,6.010022683359399e-14
0.3461,6944.58547651386,0.0,0.0,5.122508488986314,6.009944438144456e-14,6.009944438144456e-14
0.34615,6944.500577383168,0.0,0.0,5.122412140359727,6.009868495804529e-14,6.009868495804529e-14
0.3462,6944.419530993305,0.0,0.0,5.122315551615234,6.009797702425175e-14,6.009797702425175e-14
0.34625,6944.34239408559,0.0,0.0,5.122218914730359,6.009727368254574e-14,6.009727368254574e-14
0.3463,6944.2693458357535,0.0,0.0,5.122122321605576,6.009664304104217e-14,6.009664304104217e-14
0.34635,6944.200412055447,0.0,0.0,5.122025943732842,6.009600167784007e-14,6.009600167784007e-14
0.34640000000000004,6944.135775165219,0.0,0.0,5.121929896646312,6.009544944213346e-14,6.009544944213346e-14
0.34645000000000004,6944.075439306737,0.0,0.0,5.121834324334693,6.009487668552047e-14,6.009487668552047e-14
0.34650000000000003,6944.019578796078,0.0,0.0,5.121739369855631,6.009440261695565e-14,6.009440261695565e-14
0.34655,6943.968186941834,0.0,0.0,5.12164514603797,6.009390539957198e-14,6.009390539957198e-14
0.3466,6943.921417915585,0.0,0.0,5.121551823623629,6.00935083560335e-14,6.00935083560335e-14
0.34665,6943.879265079494,0.0,0.0,5.121459484618973,6.009309338228283e-14,6.009309338228283e-14
0.3467,6943.841851303312,0.0,0.0,5.121368323525838,6.009277184481374e-14,6.009277184481374e-14
0.34675,6943.809179386956,0.0,0.0,5.121278395935507,6.009244502391307e-14,6.009244502391307e-14
0.3468,6943.781332107154,0.0,0.0,5.121189912331442,6.00921976237093e-14,6.00921976237093e-14
0.34685,6943.758328232834,0.0,0.0,5.121102909848972,6.009196354729216e-14,6.009196354729216e-14
0.34690000000000004,6943.740205201886,0.0,0.0,5.121017604129738,6.00917895174677e-14,6.00917895174677e-14
0.34695000000000004,6943.727000471179,0.0,0.0,5.120934024305288,6.009165105294454e-14,6.009165105294454e-14
0.34700000000000003,6943.718705149991,0.0,0.0,5.120852378599136,6.009155053809837e-14,6.009155053809837e-14
0.34705,6943.715373862668,0.0,0.0,5.120772699618376,6.009150859613708e-14,6.009150859613708e-14
0.3471,6943.716954788444,0.0,0.0,5.120695175443285,6.009148277340621e-14,6.009148277340621e-14
0.34715,6943.72351412911,0.0,0.0,5.120619852993866,6.009153628062096e-14,6.009153628062096e-14
0.3472,6943.734964459174,0.0,0.0,5.120546889024102,6.009158727431834e-14,6.009158727431834e-14
0.34725,6943.751374639746,0.0,0.0,5.120476353325944,6.009173335606371e-14,6.009173335606371e-14
0.3473,6943.772631896738,0.0,0.0,5.120408363222,6.009186395573327e-14,6.009186395573327e-14
0.34735,6943.798796719503,0.0,0.0,5.120343016294891,6.009209830298321e-14,6.009209830298321e-14
0.34740000000000004,6943.829742783393,0.0,0.0,5.12028038655913,6.009231152634693e-14,6.009231152634693e-14
0.34745000000000004,6943.865510573352,0.0,0.0,5.120220599785354,6.009262889484589e-14,6.009262889484589e-14
0.34750000000000003,6943.905971969687,0.0,0.0,5.120163687621995,6.009292745665115e-14,6.009292745665115e-14
0.34755,6943.951136818477,0.0,0.0,5.120109799643095,6.009332222954629e-14,6.009332222954629e-14
0.3476,6944.0008853570125,0.0,0.0,5.120058930820849,6.00937079931294e-14,6.00937079931294e-14
0.34765,6944.055188615989,0.0,0.0,5.120011245781639,6.009417472731778e-14,6.009417472731778e-14
0.3477,6944.113942424964,0.0,0.0,5.119966712523109,6.009464821681969e-14,6.009464821681969e-14
0.34775,6944.177074397344,0.0,0.0,5.119925498650791,6.009518209928258e-14,6.009518209928258e-14
0.3478,6944.244499383507,0.0,0.0,5.119887557592712,6.009574214107588e-14,6.009574214107588e-14
0.34785,6944.316101174887,0.0,0.0,5.119853046077352,6.009633929236593e-14,6.009633929236593e-14
0.34790000000000004,6944.3918129221765,0.0,0.0,5.119821916365229,6.009698283705613e-14,6.009698283705613e-14
0.34795000000000004,6944.471478430258,0.0,0.0,5.119794300489695,6.009764042390538e-14,6.009764042390538e-14
0.34800000000000003,6944.555044523113,0.0,0.0,5.119770162079167,6.009836257173056e-14,6.009836257173056e-14
0.34805,6944.642322565815,0.0,0.0,5.1197495965411965,6.009907871811815e-14,6.009907871811815e-14
0.3481,6944.733265305575,0.0,0.0,5.119732588779056,6.00998729446217e-14,6.00998729446217e-14
0.34815,6944.8276619034,0.0,0.0,5.1197191891475615,6.010064645943961e-14,6.010064645943961e-14
0.3482,6944.9254613632465,0.0,0.0,5.119709409697348,6.010150500771404e-14,6.010150500771404e-14
0.34825,6945.026442207906,0.0,0.0,5.119703251957881,6.010233497530336e-14,6.010233497530336e-14
0.3483,6945.130539561606,0.0,0.0,5.119700756115303,6.010324936005937e-14,6.010324936005937e-14
0.34835,6945.237532705115,0.0,0.0,5.11970187627729,6.010413465638398e-14,6.010413465638398e-14
0.34840000000000004,6945.347333758827,0.0,0.0,5.119706676699213,6.010509621010921e-14,6.010509621010921e-14
0.34845000000000004,6945.459732560417,0.0,0.0,5.119715070460328,6.010603501954823e-14,6.010603501954823e-14
0.34850000000000003,6945.574611418024,0.0,0.0,5.119727137301991,6.010703540590267e-14,6.010703540590267e-14
0.34855,6945.691777773705,0.0,0.0,5.119742759790596,6.010802480960343e-14,6.010802480960343e-14
0.3486,6945.811080579291,0.0,0.0,5.119762021221352,6.010905643771785e-14,6.010905643771785e-14
0.34865,6945.932348445755,0.0,0.0,5.119784786857177,6.011009213371983e-14,6.011009213371983e-14
0.3487,6946.055397158226,0.0,0.0,5.1198111299029145,6.011114842069061e-14,6.011114842069061e-14
0.34875,6946.180076363439,0.0,0.0,5.119840912433963,6.011222461533812e-14,6.011222461533812e-14
0.3488,6946.306172540815,0.0,0.0,5.119874184079732,6.011330007021345e-14,6.011330007021345e-14
0.34885,6946.433552851307,0.0,0.0,5.1199108168581215,6.011440955364856e-14,6.011440955364856e-14
0.34890000000000004,6946.561981437588,0.0,0.0,5.119950825341184,6.011549968111684e-14,6.011549968111684e-14
0.34895000000000004,6946.691336836787,0.0,0.0,5.119994101899269,6.011663407478525e-14,6.011663407478525e-14
0.34900000000000003,6946.821369961526,0.0,0.0,5.120040618125532,6.011773512423499e-14,6.011773512423499e-14
0.34905,6946.951963075186,0.0,0.0,5.120090293101118,6.011888526181373e-14,6.011888526181373e-14
0.3491,6947.0828638866815,0.0,0.0,5.1201430521339395,6.011999386939672e-14,6.011999386939672e-14
0.34915,6947.213950486804,0.0,0.0,5.120198842572758,6.012115025696578e-14,6.012115025696578e-14
0.3492,6947.34497704171,0.0,0.0,5.120257545161402,6.012226304117508e-14,6.012226304117508e-14
0.34925,6947.475810556998,0.0,0.0,5.120319132201852,6.012341633152057e-14,6.012341633152057e-14
0.3493,6947.606219788908,0.0,0.0,5.120383446341584,6.012452950905684e-14,6.012452950905684e-14
0.34935,6947.736055757112,0.0,0.0,5.120450477258304,6.012567092621955e-14,6.012567092621955e-14
0.34940000000000004,6947.865107533508,0.0,0.0,5.1205200397972215,6.012678000697331e-14,6.012678000697331e-14
0.34945000000000004,6947.993207943952,0.0,0.0,5.120592130358313,6.012790166741551e-14,6.012790166741551e-14
0.34950000000000003,6948.120169209401,0.0,0.0,5.120666548684435,6.012900127475075e-14,6.012900127475075e-14
0.34955,6948.245806698267,0.0,0.0,5.120743285757052,6.013009636795078e-14,6.013009636795078e-14
0.3496,6948.369955682843,0.0,0.0,5.12082213961335,6.013118020829532e-14,6.013118020829532e-14
0.34965,6948.492417564201,0.0,0.0,5.120903083942997,6.013224302387362e-14,6.013224302387362e-14
0.3497,6948.613048020039,0.0,0.0,5.120985927419739,6.013330400637955e-14,6.013330400637955e-14
0.34975,6948.731640148921,0.0,0.0,5.121070616507752,6.013432981678806e-14,6.013432981678806e-14
0.3498,6948.8480655648455,0.0,0.0,5.121156980258061,6.013536030153682e-14,6.013536030153682e-14
0.34985,6948.962116043598,0.0,0.0,5.121244931268849,6.013634513232665e-14,6.013634513232665e-14
0.34990000000000004,6949.0736737771,0.0,0.0,5.121334324978003,6.013733726600168e-14,6.013733726600168e-14
0.34995000000000004,6949.182536521812,0.0,0.0,5.121425037625219,6.013827760038243e-14,6.013827760038243e-14
0.35000000000000003,6949.288591787567,0.0,0.0,5.121516952744698,6.01392236884842e-14,6.01392236884842e-14
0.35005000000000003,6949.391649972323,0.0,0.0,5.121609912124377,6.01401161607041e-14,6.01401161607041e-14
0.3501,6949.491599628066,0.0,0.0,5.121703824858586,6.014100902088503e-14,6.014100902088503e-14
0.35015,6949.588269020302,0.0,0.0,5.121798504221661,6.01418501520634e-14,6.01418501520634e-14
0.3502,6949.68154510257,0.0,0.0,5.121893878730857,6.01426834000192e-14,6.01426834000192e-14
0.35025,6949.771277290909,0.0,0.0,5.121989742207159,6.014346941911785e-14,6.014346941911785e-14
0.3503,6949.857350266222,0.0,0.0,5.122086033972212,6.014423765087613e-14,6.014423765087613e-14
0.35035,6949.939635770972,0.0,0.0,5.122182539274409,6.014496442828671e-14,6.014496442828671e-14
0.3504,6950.018017484048,0.0,0.0,5.122279198553912,6.014566328099712e-14,6.014566328099712e-14
0.35045000000000004,6950.092388725042,0.0,0.0,5.122375799699086,6.014632638094673e-14,6.014632638094673e-14
0.35050000000000003,6950.162635041929,0.0,0.0,5.122472275005745,6.014695247512785e-14,6.014695247512785e-14
0.35055000000000003,6950.228669127875,0.0,0.0,5.122568425091631,6.014754731370056e-14,6.014754731370056e-14
0.3506,6950.290382283288,0.0,0.0,5.1226641666174215,6.014809809823224e-14,6.014809809823224e-14
0.35065,6950.347703578335,0.0,0.0,5.122759320684076,6.01486201762813e-14,6.01486201762813e-14
0.3507,6950.400534246,0.0,0.0,5.122853783615159,6.014909371324883e-14,6.014909371324883e-14
0.35075,6950.448816666641,0.0,0.0,5.1229474016067895,6.014953888215056e-14,6.014953888215056e-14
0.3508,6950.49246577277,0.0,0.0,5.123040049286932,6.014993361604479e-14,6.014993361604479e-14
0.35085,6950.531434772121,0.0,0.0,5.123131599110954,6.015029833081177e-14,6.015029833081177e-14
0.3509,6950.565655069893,0.0,0.0,5.123221906031353,6.015061288741879e-14,6.015061288741879e-14
0.35095000000000004,6950.595089274266,0.0,0.0,5.123310866690912,6.015089440510608e-14,6.015089440510608e-14
0.35100000000000003,6950.619686689074,0.0,0.0,5.123398321305874,6.015112745764718e-14,6.015112745764718e-14
0.35105000000000003,6950.6394191653335,0.0,0.0,5.123484186063799,6.015132395046687e-14,6.015132395046687e-14
0.3511,6950.6542539097545,0.0,0.0,5.123568293447375,6.015147417656438e-14,6.015147417656438e-14
0.35115,6950.664173056126,0.0,0.0,5.123650572966526,6.015158474450653e-14,6.015158474450653e-14
0.3512,6950.669160502233,0.0,0.0,5.123730857337552,6.015165087998842e-14,6.015165087998842e-14
0.35125,6950.669210570171,0.0,0.0,5.1238090827346365,6.015167546607748e-14,6.015167546607748e-14
0.3513,6950.664321856263,0.0,0.0,5.123885089881358,6.015165644292539e-14,6.015165644292539e-14
0.35135,6950.6545031230025,0.0,0.0,5.123958815633213,6.015159567135541e-14,6.015159567135541e-14
0.3514,6950.639765465371,0.0,0.0,5.124030115265327,6.01514908114697e-14,6.01514908114697e-14
0.35145000000000004,6950.620134084711,0.0,0.0,5.124098921913732,6.015134578238468e-14,6.015134578238468e-14
0.35150000000000003,6950.595630763062,0.0,0.0,5.12416510996035,6.01511550081933e-14,6.01511550081933e-14
0.35155000000000003,6950.566298324557,0.0,0.0,5.124228606576119,6.015092709033564e-14,6.015092709033564e-14
0.3516,6950.532168313368,0.0,0.0,5.124289307432802,6.015065110993749e-14,6.015065110993749e-14
0.35165,6950.493301137452,0.0,0.0,5.124347133817293,6.01503417725715e-14,6.01503417725715e-14
0.3517,6950.4497383642265,0.0,0.0,5.124402002529588,6.014998220122687e-14,6.014998220122687e-14
0.35175,6950.401556553153,0.0,0.0,5.124453831149888,6.014959291927332e-14,6.014959291927332e-14
0.3518,6950.348808777454,0.0,0.0,5.124502555504279,6.014915231024568e-14,6.014915231024568e-14
0.35185,6950.291585031623,0.0,0.0,5.124548093175111,6.014868456308303e-14,6.014868456308303e-14
0.3519,6950.229952353006,0.0,0.0,5.124590395656525,6.014816633646876e-14,6.014816633646876e-14
0.35195000000000004,6950.164010550708,0.0,0.0,5.124629384992966,6.014762170320594e-14,6.014762170320594e-14
0.35200000000000004,6950.093843568882,0.0,0.0,5.1246650245612315,6.014702997992204e-14,6.014702997992204e-14
0.35205000000000003,6950.019557096977,0.0,0.0,5.124697245232472,6.014641031530867e-14,6.014641031530867e-14
0.3521,6949.941254758838,0.0,0.0,5.124726018870009,6.014574968021804e-14,6.014574968021804e-14
0.35215,6949.859044575704,0.0,0.0,5.124751288682699,6.014505733957577e-14,6.014505733957577e-14
0.3522,6949.773051752211,0.0,0.0,5.124773032672859,6.014433257155653e-14,6.014433257155653e-14
0.35225,6949.683384161268,0.0,0.0,5.124791208505418,6.014357064164338e-14,6.014357064164338e-14
0.3523,6949.590188999276,0.0,0.0,5.124805799412856,6.01427864556403e-14,6.01427864556403e-14
0.35235,6949.493573116274,0.0,0.0,5.124816778010041,6.014195894555917e-14,6.014195894555917e-14
0.3524,6949.393704206517,0.0,0.0,5.1248241333507645,6.014111979122899e-14,6.014111979122899e-14
0.35245000000000004,6949.290689111606,0.0,0.0,5.124827851973409,6.014023174131299e-14,6.014023174131299e-14
0.35250000000000004,6949.184712506583,0.0,0.0,5.124827930578875,6.013934169556294e-14,6.013934169556294e-14
0.35255000000000003,6949.075884086218,0.0,0.0,5.1248243674899685,6.013839917468157e-14,6.013839917468157e-14
0.3526,6948.964400188127,0.0,0.0,5.1248171695849205,6.01374619498427e-14,6.01374619498427e-14
0.35265,6948.850377687328,0.0,0.0,5.124806344342232,6.013647192906771e-14,6.013647192906771e-14
0.3527,6948.734018014471,0.0,0.0,5.124791911367013,6.013549100036864e-14,6.013549100036864e-14
0.35275,6948.615450334868,0.0,0.0,5.124773884886723,6.013446111083265e-14,6.013446111083265e-14
0.3528,6948.49487416106,0.0,0.0,5.124752299100201,6.013343994532174e-14,6.013343994532174e-14
0.35285,6948.372435954778,0.0,0.0,5.1247271734564785,6.013237814873264e-14,6.013237814873264e-14
0.3529,6948.248326808041,0.0,0.0,5.124698557354439,6.013132049975248e-14,6.013132049975248e-14
0.35295000000000004,6948.122714424175,0.0,0.0,5.124666475286851,6.013023471468086e-14,6.013023471468086e-14
0.35300000000000004,6947.995776427111,0.0,0.0,5.1246309908636585,6.0129144932599e-14,6.0129144932599e-14
0.35305000000000003,6947.867703772376,0.0,0.0,5.124592134976513,6.012804267037085e-14,6.012804267037085e-14
0.3531,6947.738657807584,0.0,0.0,5.124549982845785,6.012692597390597e-14,6.012692597390597e-14
0.35315,6947.608852177313,0.0,0.0,5.124504574499645,6.012581403804656e-14,6.012581403804656e-14
0.3532,6947.478431871401,0.0,0.0,5.1244559928755855,6.012467669493857e-14,6.012467669493857e-14
0.35325,6947.347629798236,0.0,0.0,5.124404290787769,6.012356099121106e-14,6.012356099121106e-14
0.3533,6947.216577328793,0.0,0.0,5.124349554314831,6.012241036736861e-14,6.012241036736861e-14
0.35335,6947.085520482598,0.0,0.0,5.124291852901394,6.012129585635173e-14,6.012129585635173e-14
0.3534,6946.9545822313585,0.0,0.0,5.124231271308654,6.012014031307643e-14,6.012014031307643e-14
0.35345000000000004,6946.8240133859235,0.0,0.0,5.124167898811064,6.011903111538259e-14,6.011903111538259e-14
0.35350000000000004,6946.693935476834,0.0,0.0,5.124101815362124,6.011787975619088e-14,6.011787975619088e-14
0.35355000000000003,6946.5645945452225,0.0,0.0,5.124033131807224,6.011677939835854e-14,6.011677939835854e-14
0.3536,6946.4361183221445,0.0,0.0,5.123961921516335,6.011564169102291e-14,6.011564169102291e-14
0.35365,6946.308738446492,0.0,0.0,5.123888316556562,6.011455345576953e-14,6.011455345576953e-14
0.3537,6946.182595956866,0.0,0.0,5.123812384149404,6.011343877599298e-14,6.011343877599298e-14
0.35375,6946.057899632929,0.0,0.0,5.123734274821727,6.011236610422469e-14,6.011236610422469e-14
0.3538,6945.9348091865795,0.0,0.0,5.1236540524317595,6.011128326016954e-14,6.011128326016954e-14
0.35385,6945.813504399998,0.0,0.0,5.123571880861079,6.011023014066651e-14,6.011023014066651e-14
0.3539,6945.694166272678,0.0,0.0,5.123487825469659,6.010918694456068e-14,6.010918694456068e-14
0.35395000000000004,6945.576942629757,0.0,0.0,5.123402056525391,6.010815822684001e-14,6.010815822684001e-14
0.35400000000000004,6945.462034968503,0.0,0.0,5.123314647172301,6.010716117339904e-14,6.010716117339904e-14
0.35405000000000003,6945.349559816967,0.0,0.0,5.123225766071332,6.010616274911402e-14,6.010616274911402e-14
0.3541,6945.239734791794,0.0,0.0,5.123135500878819,6.010521684846708e-14,6.010521684846708e-14
0.35415,6945.1326493409015,0.0,0.0,5.123044010713784,6.010425566337087e-14,6.010425566337087e-14
0.3542,6945.028529566797,0.0,0.0,5.122951403780734,6.010336445385483e-14,6.010336445385483e-14
0.35425,6944.9274450377325,0.0,0.0,5.122857822944405,6.010244833873442e-14,6.010244833873442e-14
0.3543,6944.829620271116,0.0,0.0,5.122763401172669,6.010161407937413e-14,6.010161407937413e-14
0.35435,6944.735114122904,0.0,0.0,5.122668260647998,6.010075141321973e-14,6.010075141321973e-14
0.3544,6944.64413822016,0.0,0.0,5.122572560562695,6.009997543013393e-14,6.009997543013393e-14
0.35445000000000004,6944.556750513177,0.0,0.0,5.122476401053242,6.009917467600826e-14,6.009917467600826e-14
0.35450000000000004,6944.473138622606,0.0,0.0,5.122379965669651,6.009845781204407e-14,6.009845781204407e-14
0.35455000000000003,6944.393368588545,0.0,0.0,5.122283334559043,6.009772698518562e-14,6.009772698518562e-14
0.3546,6944.317594543636,0.0,0.0,5.122186710333951,6.009707008782864e-14,6.009707008782864e-14
0.35465,6944.245897431419,0.0,0.0,5.12209015847965,6.009641622694883e-14,6.009641622694883e-14
0.3547,6944.178391310506,0.0,0.0,5.121993892366527,6.009582060039119e-14,6.009582060039119e-14
0.35475,6944.115175572456,0.0,0.0,5.121897970754636,6.009524931541103e-14,6.009524931541103e-14
0.3548,6944.056321400404,0.0,0.0,5.121802607361017,6.009471706810821e-14,6.009471706810821e-14
0.35485,6944.00194626584,0.0,0.0,5.1217078636677975,6.009423222622321e-14,6.009423222622321e-14
0.3549,6943.952079846365,0.0,0.0,5.121613942496549,6.009376645871158e-14,6.009376645871158e-14
0.35495000000000004,6943.906853314031,0.0,0.0,5.121520917618355,6.009337005424621e-14,6.009337005424621e-14
0.35500000000000004,6943.866260198707,0.0,0.0,5.12142897036007,6.009297485435998e-14,6.009297485435998e-14
0.35505000000000003,6943.830437453961,0.0,0.0,5.121338194983474,6.00926670802973e-14,6.00926670802973e-14
0.3551,6943.799351075226,0.0,0.0,5.121248742822515,6.009234732214251e-14,6.009234732214251e-14
0.35515,6943.773133318557,0.0,0.0,5.1211607341067396,6.00921268343154e-14,6.00921268343154e-14
0.3552,6943.751733327769,0.0,0.0,5.121074285005176,6.009188780411545e-14,6.009188780411545e-14
0.35525,6943.73526698196,0.0,0.0,5.120989543443325,6.009175214111564e-14,6.009175214111564e-14
0.3553,6943.723677849556,0.0,0.0,5.1209065893774355,6.009159904093021e-14,6.009159904093021e-14
0.35535,6943.71705409925,0.0,0.0,5.120825595886732,6.009154513988153e-14,6.009154513988153e-14
0.3554,6943.715344036236,0.0,0.0,5.120746610028664,6.009148253643575e-14,6.009148253643575e-14
0.35545000000000004,6943.718598651061,0.0,0.0,5.120669823300508,6.009150727239452e-14,6.009150727239452e-14
0.35550000000000004,6943.726778910554,0.0,0.0,5.120595257157609,6.009153856804454e-14,6.009153856804454e-14
0.35555000000000003,6943.739892302336,0.0,0.0,5.120523111274443,6.009163923913427e-14,6.009163923913427e-14
0.3556,6943.757916909066,0.0,0.0,5.120453391822632,6.009176623900679e-14,6.009176623900679e-14
0.35565,6943.780814387576,0.0,0.0,5.12038629412563,6.009194092946837e-14,6.009194092946837e-14
0.3557,6943.80858032487,0.0,0.0,5.120321820991298,6.009216356464014e-14,6.009216356464014e-14
0.35575,6943.84113252938,0.0,0.0,5.1202601501651905,6.009241133383502e-14,6.009241133383502e-14
0.3558,6943.87848039445,0.0,0.0,5.1202012929252785,6.00927275801467e-14,6.00927275801467e-14
0.35585,6943.920503898853,0.0,0.0,5.120145397253106,6.00930484520285e-14,6.00930484520285e-14
0.3559,6943.967219010772,0.0,0.0,5.1200924929286415,6.009345445440586e-14,6.009345445440586e-14
0.35595000000000004,6944.018477118914,0.0,0.0,5.120042688667621,6.009384921102872e-14,6.009384921102872e-14
0.35600000000000004,6944.07429104581,0.0,0.0,5.119996039482442,6.00943395965677e-14,6.00943395965677e-14
0.35605000000000003,6944.134494807699,0.0,0.0,5.1199526093163,6.009480940667138e-14,6.009480940667138e-14
0.3561,6944.199087260175,0.0,0.0,5.1199124807817284,6.009537774176717e-14,6.009537774176717e-14
0.35615,6944.267896752906,0.0,0.0,5.1198756723198295,6.009592368098223e-14,6.009592368098223e-14
0.3562,6944.340897781749,0.0,0.0,5.119842291684867,6.009656300891862e-14,6.009656300891862e-14
0.35625,6944.4179236983255,0.0,0.0,5.11981231599836,6.009718554116819e-14,6.009718554116819e-14
0.3563,6944.498916132627,0.0,0.0,5.119785871082288,6.009788892630324e-14,6.009788892630324e-14
0.35635,6944.583721720121,0.0,0.0,5.119762901290022,6.009858742290873e-14,6.009858742290873e-14
0.3564,6944.672243785495,0.0,0.0,5.11974353968711,6.009934842667906e-14,6.009934842667906e-14
0.35645000000000004,6944.76434715936,0.0,0.0,5.1197277096280205,6.010012079186503e-14,6.010012079186503e-14
0.35650000000000004,6944.8598952312705,0.0,0.0,5.119715538251258,6.01009338187167e-14,6.01009338187167e-14
0.35655000000000003,6944.958772075479,0.0,0.0,5.119706941296798,6.01017762746606e-14,6.01017762746606e-14
0.35660000000000003,6945.060803536215,0.0,0.0,5.119702026209608,6.010263674382154e-14,6.010263674382154e-14
0.35665,6945.165890178539,0.0,0.0,5.1197007142830895,6.010354380528169e-14,6.010354380528169e-14
0.3567,6945.273826368179,0.0,0.0,5.1197030807571755,6.010444813223153e-14,6.010444813223153e-14
0.35675,6945.384523196481,0.0,0.0,5.119709063628189,6.010541277217034e-14,6.010541277217034e-14
0.3568,6945.497752463962,0.0,0.0,5.119718696366568,6.010635817041961e-14,6.010635817041961e-14
0.35685,6945.613427633809,0.0,0.0,5.119731941282392,6.010737215290851e-14,6.010737215290851e-14
0.3569,6945.731308508523,0.0,0.0,5.119748784753634,6.010835629295878e-14,6.010835629295878e-14
0.35695,6945.85130187598,0.0,0.0,5.119769216454053,6.010941062472374e-14,6.010941062472374e-14
0.35700000000000004,6945.973166389145,0.0,0.0,5.119793175301961,6.011043120752323e-14,6.011043120752323e-14
0.35705000000000003,6946.096793598933,0.0,0.0,5.119820676440644,6.011151664569511e-14,6.011151664569511e-14
0.35710000000000003,6946.22195078241,0.0,0.0,5.119851615954185,6.011257095746954e-14,6.011257095746954e-14
0.35715,6946.34850744134,0.0,0.0,5.119886027925448,6.011367850403105e-14,6.011367850403105e-14
0.3572,6946.476247027802,0.0,0.0,5.1199237745777815,6.011476302181664e-14,6.011476302181664e-14
0.35725,6946.605012901991,0.0,0.0,5.119964898719985,6.011588433952124e-14,6.011588433952124e-14
0.3573,6946.734609234654,0.0,0.0,5.12000924080753,6.011699444535484e-14,6.011699444535484e-14
0.35735,6946.864852424195,0.0,0.0,5.120056839933764,6.011812214414398e-14,6.011812214414398e-14
0.3574,6946.995568569467,0.0,0.0,5.1201075283616895,6.011925198942255e-14,6.011925198942255e-14
0.35745,6947.126549629316,0.0,0.0,5.12016132855187,6.012037975173085e-14,6.012037975173085e-14
0.35750000000000004,6947.257641665844,0.0,0.0,5.120218077822676,6.012152228915596e-14,6.012152228915596e-14
0.35755000000000003,6947.388617662144,0.0,0.0,5.120277770404686,6.012264482891232e-14,6.012264482891232e-14
0.35760000000000003,6947.519339102011,0.0,0.0,5.120340259864479,6.01237920043136e-14,6.01237920043136e-14
0.35765,6947.64956760614,0.0,0.0,5.120405503515181,6.012490487769582e-14,6.012490487769582e-14
0.3577,6947.779173891413,0.0,0.0,5.120473378904012,6.012604795178241e-14,6.012604795178241e-14
0.35775,6947.90791692695,0.0,0.0,5.120543801811247,6.01271472601801e-14,6.01271472601801e-14
0.3578,6948.035669934459,0.0,0.0,5.1206166771456,6.012827721128879e-14,6.012827721128879e-14
0.35785,6948.162197896446,0.0,0.0,5.1206918791921145,6.012935925076283e-14,6.012935925076283e-14
0.3579,6948.287370384657,0.0,0.0,5.120769338985006,6.01304672013324e-14,6.01304672013324e-14
0.35795,6948.410965948583,0.0,0.0,5.120848893935858,6.013152811815476e-14,6.013152811815476e-14
0.35800000000000004,6948.532845883637,0.0,0.0,5.1209304957357755,6.013260572546577e-14,6.013260572546577e-14
0.35805000000000003,6948.652807915079,0.0,0.0,5.121013953434634,6.013364123417534e-14,6.013364123417534e-14
0.35810000000000003,6948.77070262559,0.0,0.0,5.121099230640069,6.013468099484321e-14,6.013468099484321e-14
0.35815,6948.886350087172,0.0,0.0,5.1211861192386765,6.013568620161345e-14,6.013568620161345e-14
0.3582,6948.999590211975,0.0,0.0,5.121274584127946,6.013668163441761e-14,6.013668163441761e-14
0.35825,6949.110266051264,0.0,0.0,5.121364412386552,6.013765099117792e-14,6.013765099117792e-14
0.3583,6949.21820926038,0.0,0.0,5.121455559289964,6.013859668277349e-14,6.013859668277349e-14
0.35835,6949.3232842458065,0.0,0.0,5.121547818992813,6.01395240747981e-14,6.01395240747981e-14
0.3584,6949.425318731679,0.0,0.0,5.121641127532743,6.014041559543406e-14,6.014041559543406e-14
0.35845,6949.524195191967,0.0,0.0,5.121735296058328,6.014129454465939e-14,6.014129454465939e-14
0.35850000000000004,6949.619742938729,0.0,0.0,5.1218302343886055,6.014212825991261e-14,6.014212825991261e-14
0.35855000000000004,6949.711858353104,0.0,0.0,5.121925777464517,6.014295220877677e-14,6.014295220877677e-14
0.35860000000000003,6949.800378200444,0.0,0.0,5.122021805454113,6.014372502921538e-14,6.014372502921538e-14
0.35865,6949.88520858404,0.0,0.0,5.122118180107393,6.014448765855431e-14,6.014448765855431e-14
0.3587,6949.966199102511,0.0,0.0,5.122214752433285,6.014519677600378e-14,6.014519677600378e-14
0.35875,6950.0432621362015,0.0,0.0,5.1223114101268905,6.014589230807178e-14,6.014589230807178e-14
0.3588,6950.116264327193,0.0,0.0,5.122407979261066,6.014653496683403e-14,6.014653496683403e-14
0.35885,6950.185122189058,0.0,0.0,5.1225043691851795,6.014715840859301e-14,6.014715840859301e-14
0.3589,6950.249722013776,0.0,0.0,5.122600388282173,6.014773175117957e-14,6.014773175117957e-14
0.35895,6950.309983883762,0.0,0.0,5.122695960750161,6.014827904559145e-14,6.014827904559145e-14
0.35900000000000004,6950.365814613386,0.0,0.0,5.122790886456466,6.014878005724418e-14,6.014878005724418e-14
0.35905000000000004,6950.417138836964,0.0,0.0,5.122885096343,6.01492481264389e-14,6.01492481264389e-14
0.35910000000000003,6950.463883204667,0.0,0.0,5.122978391559985,6.014967368468984e-14,6.014967368468984e-14
0.35915,6950.505979116395,0.0,0.0,5.123070701712131,6.015006036787458e-14,6.015006036787458e-14
0.3592,6950.543371240451,0.0,0.0,5.123161838345831,6.015040738403307e-14,6.015040738403307e-14
0.35925,6950.57600066039,0.0,0.0,5.123251722901399,6.01507112906688e-14,6.01507112906688e-14
0.3593,6950.6038277014595,0.0,0.0,5.123340184626395,6.015097691471858e-14,6.015097691471858e-14
0.35935,6950.626806124805,0.0,0.0,5.123427132182828,6.015119722695743e-14,6.015119722695743e-14
0.3594,6950.6449096380575,0.0,0.0,5.123512417235878,6.015137907664637e-14,6.015137907664637e-14
0.35945,6950.6581071412775,0.0,0.0,5.123595933828992,6.015151534277123e-14,6.015151534277123e-14
0.35950000000000004,6950.666384087864,0.0,0.0,5.123677557830462,6.015161171453224e-14,6.015161171453224e-14
0.35955000000000004,6950.669725971324,0.0,0.0,5.123757169701074,6.015166367483894e-14,6.015166367483894e-14
0.35960000000000003,6950.66812936234,0.0,0.0,5.123834668484986,6.015167369834486e-14,6.015167369834486e-14
0.35965,6950.661596542374,0.0,0.0,5.123909924630022,6.015164117773577e-14,6.015164117773577e-14
0.3597,6950.650135700851,0.0,0.0,5.1239828570461015,6.015156488655286e-14,6.015156488655286e-14
0.35975,6950.633764853906,0.0,0.0,5.124053331567667,6.01514477745226e-14,6.01514477745226e-14
0.3598,6950.612505294752,0.0,0.0,5.124121282206573,6.015128608077851e-14,6.015128608077851e-14
0.35985,6950.5863887453,0.0,0.0,5.124186576482929,6.01510844024293e-14,6.01510844024293e-14
0.3599,6950.555451687209,0.0,0.0,5.124249158269393,6.01508389807537e-14,6.01508389807537e-14
0.35995,6950.519737021512,0.0,0.0,5.124308902977009,6.015055304470108e-14,6.015055304470108e-14
0.36000000000000004,6950.479298556341,0.0,0.0,5.124365759575882,6.015022614711765e-14,6.015022614711765e-14
0.36005000000000004,6950.434187938133,0.0,0.0,5.124419616588956,6.014985674109486e-14,6.014985674109486e-14
0.36010000000000003,6950.384477890732,0.0,0.0,5.124470424577136,6.014945097724428e-14,6.014945097724428e-14
0.36015,6950.330227053155,0.0,0.0,5.12451808876259,6.014899957213857e-14,6.014899957213857e-14
0.3602,6950.271527566921,0.0,0.0,5.124562559532242,6.01485176960204e-14,6.01485176960204e-14
0.36025,6950.208444459387,0.0,0.0,5.124603760445247,6.014798661641263e-14,6.014798661641263e-14
0.3603,6950.141088339371,0.0,0.0,5.12464164182067,6.014743136021433e-14,6.014743136021433e-14
0.36035,6950.069531416586,0.0,0.0,5.124676145290448,6.014682388395301e-14,6.014682388395301e-14
0.3604,6949.993900254799,0.0,0.0,5.124707222857847,6.014619787211966e-14,6.014619787211966e-14
0.36045,6949.914276408126,0.0,0.0,5.124734832439533,6.014551823298802e-14,6.014551823298802e-14
0.36050000000000004,6949.830798504196,0.0,0.0,5.124758930604291,6.014482399539529e-14,6.014482399539529e-14
0.36055000000000004,6949.743560650406,0.0,0.0,5.124779488861234,6.01440772793097e-14,6.01440772793097e-14
0.36060000000000003,6949.652708729692,0.0,0.0,5.1247964716583985,6.014331736508682e-14,6.014331736508682e-14
0.36065,6949.558353086075,0.0,0.0,5.124809861233714,6.01425093083501e-14,6.01425093083501e-14
0.3607,6949.460641806343,0.0,0.0,5.124819632922347,6.014168648288016e-14,6.014168648288016e-14
0.36075,6949.359704893965,0.0,0.0,5.124825777358938,6.014082319903329e-14,6.014082319903329e-14
0.3608,6949.255688124764,0.0,0.0,5.124828282829944,6.01399406904509e-14,6.01399406904509e-14
0.36085,6949.148743548191,0.0,0.0,5.124827147105075,6.013902836519877e-14,6.013902836519877e-14
0.3609,6949.039011405205,0.0,0.0,5.124822372124804,6.013809011583622e-14,6.013809011583622e-14
0.36095,6948.926666460045,0.0,0.0,5.124813962877455,6.01371347175356e-14,6.01371347175356e-14
0.36100000000000004,6948.811842079289,0.0,0.0,5.124801934177957,6.013614559155848e-14,6.013614559155848e-14
0.36105000000000004,6948.694734234363,0.0,0.0,5.124786299622668,6.013515264405074e-14,6.013515264405074e-14
0.36110000000000003,6948.5754702812455,0.0,0.0,5.1247670848357725,6.013411854784e-14,6.013411854784e-14
0.36115,6948.4542635733205,0.0,0.0,5.124744314372971,6.013309300439078e-14,6.013309300439078e-14
0.3612,6948.331238493473,0.0,0.0,5.124718021792209,6.013202088756695e-14,6.013202088756695e-14
0.36125,6948.206619860291,0.0,0.0,5.124688245339675,6.013096713004375e-14,6.013096713004375e-14
0.3613,6948.080533895975,0.0,0.0,5.124655023483764,6.012986485388073e-14,6.012986485388073e-14
0.36135,6947.953209457822,0.0,0.0,5.124618410564323,6.012878682094539e-14,6.012878682094539e-14
0.3614,6947.824780468897,0.0,0.0,5.124578447510866,6.01276629014863e-14,6.01276629014863e-14
0.36145,6947.695471757221,0.0,0.0,5.124535206136175,6.012656432930897e-14,6.012656432930897e-14
0.36150000000000004,6947.565430899084,0.0,0.0,5.124488728594921,6.012542758318731e-14,6.012542758318731e-14
0.36155000000000004,6947.434871018753,0.0,0.0,5.1244391039837,6.012431232161426e-14,6.012431232161426e-14
0.36160000000000003,6947.30395833958,0.0,0.0,5.124386376086167,6.012317146001889e-14,6.012317146001889e-14
0.36165,6947.172888047744,0.0,0.0,5.124330649247394,6.012204381357007e-14,6.012204381357007e-14
0.3617,6947.041848068779,0.0,0.0,5.12427197104203,6.012090703927161e-14,6.012090703927161e-14
0.36175,6946.91101175366,0.0,0.0,5.12421045724178,6.011977207507788e-14,6.011977207507788e-14
0.3618,6946.78058909468,0.0,0.0,5.124146162899864,6.011864674073793e-14,6.011864674073793e-14
0.36185,6946.650730644824,0.0,0.0,5.124079210015521,6.011751050769277e-14,6.011751050769277e-14
0.3619,6946.521665745176,0.0,0.0,5.124009665770187,6.011640288564819e-14,6.011640288564819e-14
0.36195,6946.393524313562,0.0,0.0,5.123937652521867,6.011527250101397e-14,6.011527250101397e-14
0.36200000000000004,6946.266549285958,0.0,0.0,5.123863254377516,6.011418770071232e-14,6.011418770071232e-14
0.36205000000000004,6946.140854967805,0.0,0.0,5.123786588415,6.011307127802692e-14,6.011307127802692e-14
0.36210000000000003,6946.016689604237,0.0,0.0,5.123707759675945,6.011201332583802e-14,6.011201332583802e-14
0.36215,6945.894159066916,0.0,0.0,5.1236268754930885,6.011091974281576e-14,6.011091974281576e-14
0.3622,6945.773506998237,0.0,0.0,5.123544064164771,6.010989181456515e-14,6.010989181456515e-14
0.36225,6945.654839115468,0.0,0.0,5.123459420813995,6.010883034293234e-14,6.010883034293234e-14
0.3623,6945.538384112956,0.0,0.0,5.123373096928662,6.010783511678956e-14,6.010783511678956e-14
0.36235,6945.424255668586,0.0,0.0,5.123285175514566,6.010681495874966e-14,6.010681495874966e-14
0.3624,6945.312658063859,0.0,0.0,5.123195828424507,6.01058550353388e-14,6.01058550353388e-14
0.36245,6945.2037195956655,0.0,0.0,5.123105129369399,6.010488482675926e-14,6.010488482675926e-14
0.36250000000000004,6945.09761279446,0.0,0.0,5.123013265036857,6.010396315281303e-14,6.010396315281303e-14
0.36255000000000004,6944.9944846461185,0.0,0.0,5.122920305127521,6.010305049983291e-14,6.010305049983291e-14
0.36260000000000003,6944.89447171311,0.0,0.0,5.1228264434238175,6.010217072775475e-14,6.010217072775475e-14
0.36265000000000003,6944.7977403554205,0.0,0.0,5.122731752668113,6.010132184177388e-14,6.010132184177388e-14
0.3627,6944.704390658953,0.0,0.0,5.122636424676476,6.010048856588913e-14,6.010048856588913e-14
0.36275,6944.614605324023,0.0,0.0,5.122540543015628,6.009970804794402e-14,6.009970804794402e-14
0.3628,6944.5284512448015,0.0,0.0,5.122444288318356,6.009892687491326e-14,6.009892687491326e-14
0.36285,6944.4461209002875,0.0,0.0,5.122347762253926,6.009821768167616e-14,6.009821768167616e-14
0.3629,6944.3676546250845,0.0,0.0,5.122251126174153,6.009749511565479e-14,6.009749511565479e-14
0.36295,6944.293245292926,0.0,0.0,5.122154505376207,6.009685871248801e-14,6.009685871248801e-14
0.36300000000000004,6944.222915734258,0.0,0.0,5.122058036142432,6.009620186399954e-14,6.009620186399954e-14
0.36305000000000004,6944.15684814017,0.0,0.0,5.121961870103924,6.009563854434882e-14,6.009563854434882e-14
0.36310000000000003,6944.095058035114,0.0,0.0,5.121866115910337,6.009505469658971e-14,6.009505469658971e-14
0.36315000000000003,6944.0377055601575,0.0,0.0,5.121770950705307,6.009456402263299e-14,6.009456402263299e-14
0.3632,6943.984808813426,0.0,0.0,5.1216764566527555,6.009406011224136e-14,6.009406011224136e-14
0.36325,6943.936495708756,0.0,0.0,5.121582831840064,6.009364141267636e-14,6.009364141267636e-14
0.3633,6943.892795045352,0.0,0.0,5.121490136760845,6.009322349435346e-14,6.009322349435346e-14
0.36335,6943.853794872134,0.0,0.0,5.121398582456206,6.009287634742286e-14,6.009287634742286e-14
0.3634,6943.819539860189,0.0,0.0,5.121308215645337,6.009254911593335e-14,6.009254911593335e-14
0.36345,6943.790074120041,0.0,0.0,5.121219249763326,6.009227374541907e-14,6.009227374541907e-14
0.3635,6943.765459611995,0.0,0.0,5.121131727660266,6.00920401815672e-14,6.00920401815672e-14
0.36355000000000004,6943.745696548472,0.0,0.0,5.121045853308064,6.00918377070361e-14,6.00918377070361e-14
0.36360000000000003,6943.730861568531,0.0,0.0,5.120961676188815,6.00916988964377e-14,6.00916988964377e-14
0.36365000000000003,6943.720915135362,0.0,0.0,5.120879379179646,6.009157139869631e-14,6.009157139869631e-14
0.3637,6943.715942221931,0.0,0.0,5.120799027930328,6.009152654968164e-14,6.009152654968164e-14
0.36375,6943.715871233029,0.0,0.0,5.120720774375634,6.009147693958087e-14,6.009147693958087e-14
0.3638,6943.720786219944,0.0,0.0,5.120644707421377,6.0091523596989e-14,6.0091523596989e-14
0.36385,6943.730593714292,0.0,0.0,5.12057094136246,6.009155530477904e-14,6.009155530477904e-14
0.3639,6943.745365917826,0.0,0.0,5.120499591818867,6.009168973036458e-14,6.009168973036458e-14
0.36395,6943.764998783755,0.0,0.0,5.120430732866783,6.009180625794649e-14,6.009180625794649e-14
0.364,6943.789541546741,0.0,0.0,5.120364505968218,6.009202392367924e-14,6.009202392367924e-14
0.36405000000000004,6943.818890459592,0.0,0.0,5.120300946937073,6.009222832370102e-14,6.009222832370102e-14
0.36410000000000003,6943.853061997422,0.0,0.0,5.120240217774526,6.009252444868576e-14,6.009252444868576e-14
0.36415000000000003,6943.891961721148,0.0,0.0,5.120182322314231,6.009281880341371e-14,6.009281880341371e-14
0.3642,6943.935566216301,0.0,0.0,5.120127433893087,6.009318885986634e-14,6.009318885986634e-14
0.36425,6943.983796313324,0.0,0.0,5.120075534149151,6.00935738341761e-14,6.00935738341761e-14
0.3643,6944.0365852114155,0.0,0.0,5.12002679575267,6.009401395163256e-14,6.009401395163256e-14
0.36435,6944.093871188521,0.0,0.0,5.1199811901021715,6.009448848290465e-14,6.009448848290465e-14
0.3644,6944.155544665771,0.0,0.0,5.1199388759266045,6.009499569665507e-14,6.009499569665507e-14
0.36445,6944.221559563856,0.0,0.0,5.119899826853471,6.009555686475553e-14,6.009555686475553e-14
0.3645,6944.291768151111,0.0,0.0,5.11986417486705,6.009612917592874e-14,6.009612917592874e-14
0.36455000000000004,6944.366134565741,0.0,0.0,5.119831907048649,6.009677227149297e-14,6.009677227149297e-14
0.36460000000000004,6944.444480934686,0.0,0.0,5.119803118020308,6.00974085151299e-14,6.00974085151299e-14
0.36465000000000003,6944.526773431205,0.0,0.0,5.1197778166952865,6.009812729511666e-14,6.009812729511666e-14
0.3647,6944.612814363608,0.0,0.0,5.119756053343658,6.009882683985491e-14,6.009882683985491e-14
0.36475,6944.702562235818,0.0,0.0,5.119737863020763,6.009961393485473e-14,6.009961393485473e-14
0.3648,6944.795810807696,0.0,0.0,5.119723249244714,6.010037626186016e-14,6.010037626186016e-14
0.36485,6944.892501115492,0.0,0.0,5.119712272794598,6.01012236774969e-14,6.01012236774969e-14
0.3649,6944.992429134061,0.0,0.0,5.119704892966333,6.010204790385013e-14,6.010204790385013e-14
0.36495,6945.09550995331,0.0,0.0,5.119701191113821,6.010294754760163e-14,6.010294754760163e-14
0.365,6945.201550679507,0.0,0.0,5.1197010894372745,6.010383196494466e-14,6.010383196494466e-14
0.36505000000000004,6945.310434500658,0.0,0.0,5.1197046806472315,6.010477612718407e-14,6.010477612718407e-14
0.36510000000000004,6945.421985682391,0.0,0.0,5.119711860607199,6.010571782435252e-14,6.010571782435252e-14
0.36515000000000003,6945.536052904409,0.0,0.0,5.119722721331663,6.010669955040749e-14,6.010669955040749e-14
0.3652,6945.652480127731,0.0,0.0,5.119737145279058,6.010769417389898e-14,6.010769417389898e-14
0.36525,6945.771082611019,0.0,0.0,5.119755210514995,6.010870748210047e-14,6.010870748210047e-14
0.3653,6945.891722958547,0.0,0.0,5.119776799445655,6.01097491681319e-14,6.01097491681319e-14
0.36535,6946.014187616237,0.0,0.0,5.119801963540372,6.011078909106292e-14,6.011078909106292e-14
0.3654,6946.138353601797,0.0,0.0,5.1198305971308296,6.011187057734048e-14,6.011187057734048e-14
0.36545,6946.263986028513,0.0,0.0,5.119862714769137,6.011293303126434e-14,6.011293303126434e-14
0.3655,6946.39096975841,0.0,0.0,5.119898231726864,6.011404593039447e-14,6.011404593039447e-14
0.36555000000000004,6946.519057907913,0.0,0.0,5.119937119041246,6.011512744164619e-14,6.011512744164619e-14
0.36560000000000004,6946.648135407572,0.0,0.0,5.119979317814445,6.011626263657463e-14,6.011626263657463e-14
0.36565000000000003,6946.77795334072,0.0,0.0,5.120024753572816,6.011735997444786e-14,6.011735997444786e-14
0.3657,6946.9083889764615,0.0,0.0,5.120073393444066,6.011850807901428e-14,6.011850807901428e-14
0.36575,6947.039200703076,0.0,0.0,5.12012512029118,6.011961785657515e-14,6.011961785657515e-14
0.3658,6947.17025163113,0.0,0.0,5.120179922854601,6.012076967821404e-14,6.012076967821404e-14
0.36585,6947.301315063935,0.0,0.0,5.12023764860475,6.012188798443525e-14,6.012188798443525e-14
0.3659,6947.43223564427,0.0,0.0,5.120298299601921,6.012303492716913e-14,6.012303492716913e-14
0.36595,6947.562806674017,0.0,0.0,5.120361698602972,6.012415704751191e-14,6.012415704751191e-14
0.366,6947.692852800008,0.0,0.0,5.120427850069461,6.012529140507204e-14,6.012529140507204e-14
0.36605000000000004,6947.822189484139,0.0,0.0,5.120496564675462,6.01264116710229e-14,6.01264116710229e-14
0.36610000000000004,6947.950622795244,0.0,0.0,5.120567837334598,6.012752677817914e-14,6.012752677817914e-14
0.36615000000000003,6948.077989637372,0.0,0.0,5.120641479534106,6.01286385663656e-14,6.01286385663656e-14
0.3662,6948.204081598069,0.0,0.0,5.120717465365286,6.012972879845222e-14,6.012972879845222e-14
0.36625,6948.328753878159,0.0,0.0,5.120795618615178,6.013082467595624e-14,6.013082467595624e-14
0.3663,6948.451789723064,0.0,0.0,5.1208758835253185,6.013188531058496e-14,6.013188531058496e-14
0.36635,6948.57305782581,0.0,0.0,5.120958104831636,6.01329573017308e-14,6.01329573017308e-14
0.3664,6948.692340380614,0.0,0.0,5.121042191367624,6.013398427584215e-14,6.013398427584215e-14
0.36645,6948.809514061844,0.0,0.0,5.121128013641193,6.013502420878804e-14,6.013502420878804e-14
0.3665,6948.924367456875,0.0,0.0,5.121215443697052,6.0136013819322e-14,6.0136013819322e-14
0.36655000000000004,6949.036779985325,0.0,0.0,5.121304378390288,6.013701370026093e-14,6.013701370026093e-14
0.36660000000000004,6949.14655327733,0.0,0.0,5.121394655884253,6.013796230222449e-14,6.013796230222449e-14
0.36665000000000003,6949.253565395008,0.0,0.0,5.12148619589298,6.013891466412074e-14,6.013891466412074e-14
0.3667,6949.357636106868,0.0,0.0,5.121578809410314,6.01398184174235e-14,6.01398184174235e-14
0.36675,6949.458639760121,0.0,0.0,5.121672432202216,6.014071659594844e-14,6.014071659594844e-14
0.3668,6949.556417337939,0.0,0.0,5.1217668576200195,6.014157130185843e-14,6.014157130185843e-14
0.36685,6949.650839146351,0.0,0.0,5.12186202853265,6.014240960550489e-14,6.014240960550489e-14
0.3669,6949.741768319398,0.0,0.0,5.1219577316564076,6.014321065637817e-14,6.014321065637817e-14
0.36695,6949.829072764623,0.0,0.0,5.1220539072968085,6.01439844155326e-14,6.01439844155326e-14
0.367,6949.912636781276,0.0,0.0,5.122150346545732,6.014472686235144e-14,6.014472686235144e-14
0.36705000000000004,6949.992329112816,0.0,0.0,5.122246978219087,6.014543236214928e-14,6.014543236214928e-14
0.36710000000000004,6950.068052813401,0.0,0.0,5.122343607396311,6.014611108420606e-14,6.014611108420606e-14
0.36715000000000003,6950.139681680552,0.0,0.0,5.122440144496649,6.014674540455209e-14,6.014674540455209e-14
0.3672,6950.207134361563,0.0,0.0,5.122536415670806,6.014735535001793e-14,6.014735535001793e-14
0.36725,6950.270294187325,0.0,0.0,5.122632308978181,6.014791614961057e-14,6.014791614961057e-14
0.3673,6950.329092209196,0.0,0.0,5.122727675488556,6.014845260517702e-14,6.014845260517702e-14
0.36735,6950.383425324564,0.0,0.0,5.122822380334667,6.014893789405919e-14,6.014893789405919e-14
0.3674,6950.433234418972,0.0,0.0,5.122916299912263,6.014939673893093e-14,6.014939673893093e-14
0.36745,6950.478432971789,0.0,0.0,5.123009279196532,6.014980468306717e-14,6.014980468306717e-14
0.3675,6950.518970213579,0.0,0.0,5.123101217174459,6.015018258729871e-14,6.015018258729871e-14
0.36755000000000004,6950.554777858745,0.0,0.0,5.123191944231265,6.015051138099536e-14,6.015051138099536e-14
0.36760000000000004,6950.585813279752,0.0,0.0,5.123281376799954,6.015080591895157e-14,6.015080591895157e-14
0.36765000000000003,6950.612026646757,0.0,0.0,5.123369338134218,6.01510537468141e-14,6.01510537468141e-14
0.3677,6950.63338448361,0.0,0.0,5.123455755584612,6.015126341246026e-14,6.015126341246026e-14
0.36775,6950.649854406211,0.0,0.0,5.123540453502174,6.015142850526247e-14,6.015142850526247e-14
0.3678,6950.661413987786,0.0,0.0,5.123623363394506,6.015155263319521e-14,6.015155263319521e-14
0.36785,6950.668046471213,0.0,0.0,5.123704318557264,6.015163340450165e-14,6.015163340450165e-14
0.3679,6950.669742763051,0.0,0.0,5.123783248754272,6.015167201721164e-14,6.015167201721164e-14
0.36795,6950.66649965786,0.0,0.0,5.1238600026854355,6.015166725260863e-14,6.015166725260863e-14
0.368,6950.658323488014,0.0,0.0,5.123934504198164,6.015162086696505e-14,6.015162086696505e-14
0.36805000000000004,6950.645222838554,0.0,0.0,5.124006621752573,6.015152992833604e-14,6.015152992833604e-14
0.36810000000000004,6950.62722083155,0.0,0.0,5.124076271360555,6.015139936093986e-14,6.015139936093986e-14
0.36815000000000003,6950.604336870842,0.0,0.0,5.12414334316053,6.015122236545753e-14,6.015122236545753e-14
0.3682,6950.576611113464,0.0,0.0,5.124207745785902,6.015100857602933e-14,6.015100857602933e-14
0.36825,6950.544073885106,0.0,0.0,5.124269390606373,6.01507465141104e-14,6.01507465141104e-14
0.3683,6950.5067813405385,0.0,0.0,5.124328181439001,6.015045051857866e-14,6.015045051857866e-14
0.36835,6950.464775940546,0.0,0.0,5.124384048510955,6.01501052858826e-14,6.01501052858826e-14
0.3684,6950.418127617286,0.0,0.0,5.124436894897019,6.014972815743465e-14,6.014972815743465e-14
0.36845,6950.366893063024,0.0,0.0,5.124486666086476,6.014930249137367e-14,6.014930249137367e-14
0.3685,6950.311152934405,0.0,0.0,5.124533269203891,6.014884545098421e-14,6.014884545098421e-14
0.36855000000000004,6950.250980681189,0.0,0.0,5.124576661018041,6.014834277919746e-14,6.014834277919746e-14
0.36860000000000004,6950.186464341976,0.0,0.0,5.124616757366427,6.014780735971914e-14,6.014780735971914e-14
0.36865000000000003,6950.117696479542,0.0,0.0,5.12465352273921,6.014723158423526e-14,6.014723158423526e-14
0.3687,6950.044769520051,0.0,0.0,5.124686885470616,6.014661983727783e-14,6.014661983727783e-14
0.36875,6949.967796687648,0.0,0.0,5.124716815287056,6.01459750900837e-14,6.01459750900837e-14
0.3688,6949.886872764924,0.0,0.0,5.124743255395641,6.014528979548008e-14,6.014528979548008e-14
0.36885,6949.802131825933,0.0,0.0,5.124766179726852,6.014458020772972e-14,6.014458020772972e-14
0.3689,6949.7136704150635,0.0,0.0,5.124785547103971,6.014382504251023e-14,6.014382504251023e-14
0.36895,6949.621641928343,0.0,0.0,5.124801336140036,6.014305456862229e-14,6.014305456862229e-14
0.369,6949.5261457467395,0.0,0.0,5.124813520487271,6.014223419782279e-14,6.014223419782279e-14
0.36905000000000004,6949.427351263532,0.0,0.0,5.1248220851717585,6.014140652752962e-14,6.014140652752962e-14
0.36910000000000004,6949.325363373192,0.0,0.0,5.12482701675122,6.014052659058958e-14,6.014052659058958e-14
0.36915000000000003,6949.220362577648,0.0,0.0,5.124828309135279,6.013964516805392e-14,6.013964516805392e-14
0.36920000000000003,6949.112463185739,0.0,0.0,5.124825959326538,6.013871215166334e-14,6.013871215166334e-14
0.36925,6949.0018508840285,0.0,0.0,5.124819972670938,6.013778030216472e-14,6.013778030216472e-14
0.3693,6948.888653876508,0.0,0.0,5.1248103542987895,6.013680130926286e-14,6.013680130926286e-14
0.36935,6948.7730568293155,0.0,0.0,5.124797122956852,6.01358224554177e-14,6.01358224554177e-14
0.3694,6948.655206084108,0.0,0.0,5.124780290355231,6.013480489794848e-14,6.013480489794848e-14
0.36945,6948.535279668749,0.0,0.0,5.124759889468108,6.013378283002924e-14,6.013378283002924e-14
0.3695,6948.413445203236,0.0,0.0,5.124735938252488,6.013273408760965e-14,6.013273408760965e-14
0.36955000000000005,6948.289869889421,0.0,0.0,5.1247084832810215,6.013167324130317e-14,6.013167324130317e-14
0.36960000000000004,6948.164743898004,0.0,0.0,5.1246775498138,6.01306003351224e-14,6.01306003351224e-14
0.36965000000000003,6948.038221524105,0.0,0.0,5.124643195919815,6.01295060257666e-14,6.01295060257666e-14
0.36970000000000003,6947.910514358624,0.0,0.0,5.124605456468418,6.012841535778776e-14,6.012841535778776e-14
0.36975,6947.781764203432,0.0,0.0,5.12456439774483,6.012729392406893e-14,6.012729392406893e-14
0.3698,6947.652200338772,0.0,0.0,5.124520067348413,6.012619112292358e-14,6.012619112292358e-14
0.36985,6947.521954997788,0.0,0.0,5.124472535884646,6.012504994575449e-14,6.012504994575449e-14
0.3699,6947.391269012193,0.0,0.0,5.124421866959297,6.012393984602724e-14,6.012393984602724e-14
0.36995,6947.260270101958,0.0,0.0,5.124368131718563,6.012278722588331e-14,6.012278722588331e-14
0.37,6947.129202686366,0.0,0.0,5.124311412441231,6.012167398739611e-14,6.012167398739611e-14
0.37005,6946.998196417808,0.0,0.0,5.12425177792119,6.012051888598465e-14,6.012051888598465e-14
0.37010000000000004,6946.867490413323,0.0,0.0,5.1241893304366855,6.011940623730951e-14,6.011940623730951e-14
0.37015000000000003,6946.737223087932,0.0,0.0,5.124124135086318,6.011825791042426e-14,6.011825791042426e-14
0.37020000000000003,6946.607619540319,0.0,0.0,5.1240563135798745,6.011714948106013e-14,6.011714948106013e-14
0.37025,6946.478833033042,0.0,0.0,5.123985927952549,6.011601704806611e-14,6.011601704806611e-14
0.3703,6946.351067245167,0.0,0.0,5.123913116622288,6.011491673705508e-14,6.011491673705508e-14
0.37035,6946.22449454159,0.0,0.0,5.12383794125809,6.011380874427551e-14,6.011380874427551e-14
0.3704,6946.099292106043,0.0,0.0,5.1237605522089495,6.011272106581442e-14,6.011272106581442e-14
0.37045,6945.975652957313,0.0,0.0,5.123681015255254,6.011164510393813e-14,6.011164510393813e-14
0.3705,6945.85372575661,0.0,0.0,5.123599486321128,6.011057545074815e-14,6.011057545074815e-14
0.37055,6945.733722507296,0.0,0.0,5.123516040917832,6.010953788149872e-14,6.010953788149872e-14
0.37060000000000004,6945.615764681421,0.0,0.0,5.123430833403321,6.010849265728836e-14,6.010849265728836e-14
0.37065000000000003,6945.500078308951,0.0,0.0,5.123343954874701,6.010749848926151e-14,6.010749848926151e-14
0.37070000000000003,6945.386762206225,0.0,0.0,5.12325555119641,6.01064850799872e-14,6.01064850799872e-14
0.37075,6945.276048594194,0.0,0.0,5.123165734102578,6.010553801375283e-14,6.010553801375283e-14
0.3708,6945.168020737718,0.0,0.0,5.123074635302551,6.010456459021523e-14,6.010456459021523e-14
0.37085,6945.062907185859,0.0,0.0,5.12298239040916,6.010366722760931e-14,6.010366722760931e-14
0.3709,6944.960784305659,0.0,0.0,5.122889113513012,6.010274239820785e-14,6.010274239820785e-14
0.37095,6944.861866263487,0.0,0.0,5.122794964735375,6.010189658650033e-14,6.010189658650033e-14
0.371,6944.7662314550935,0.0,0.0,5.122700039934323,6.010102894093901e-14,6.010102894093901e-14
0.37105,6944.674069455239,0.0,0.0,5.122604521303928,6.010023620204615e-14,6.010023620204615e-14
0.37110000000000004,6944.585468533605,0.0,0.0,5.122508488952478,6.009943380526858e-14,6.009943380526858e-14
0.37115000000000004,6944.500585294458,0.0,0.0,5.122412141639023,6.009869578547384e-14,6.009869578547384e-14
0.37120000000000003,6944.419523410568,0.0,0.0,5.122315549077911,6.009796568946151e-14,6.009796568946151e-14
0.37125,6944.3424010816725,0.0,0.0,5.122218918482439,6.009728456160179e-14,6.009728456160179e-14
0.3713,6944.269339661435,0.0,0.0,5.12212231671486,6.009663240195981e-14,6.009663240195981e-14
0.37135,6944.2004171919825,0.0,0.0,5.122025949631254,6.009601115636448e-14,6.009601115636448e-14
0.3714,6944.13577124342,0.0,0.0,5.121929889899153,6.009544089035905e-14,6.009544089035905e-14
0.37145,6944.075441870032,0.0,0.0,5.121834331724826,6.009488346700813e-14,6.009488346700813e-14
0.3715,6944.019577684321,0.0,0.0,5.121739362045616,6.009439728966779e-14,6.009439728966779e-14
0.37155,6943.968186550858,0.0,0.0,5.121645154011849,6.009390852609022e-14,6.009390852609022e-14
0.37160000000000004,6943.921419803718,0.0,0.0,5.121551815743942,6.009350697739256e-14,6.009350697739256e-14
0.37165000000000004,6943.879261743706,0.0,0.0,5.121459492131529,6.009309237363118e-14,6.009309237363118e-14
0.37170000000000003,6943.841855981578,0.0,0.0,5.121368316637323,6.009277462157093e-14,6.009277462157093e-14
0.37175,6943.809173510207,0.0,0.0,5.121278401947512,6.009243995107181e-14,6.009243995107181e-14
0.3718,6943.78133899065,0.0,0.0,5.121189907414136,6.009220421113588e-14,6.009220421113588e-14
0.37185,6943.758320562081,0.0,0.0,5.121102913475558,6.009195502839304e-14,6.009195502839304e-14
0.3719,6943.74021340649,0.0,0.0,5.12101760193957,6.00917990597083e-14,6.00917990597083e-14
0.37195,6943.726991997853,0.0,0.0,5.1209340249489586,6.009164017241253e-14,6.009164017241253e-14
0.372,6943.718713610965,0.0,0.0,5.120852379550595,6.009156177935728e-14,6.009156177935728e-14
0.37205,6943.7153656885,0.0,0.0,5.120772697065781,6.009149675748812e-14,6.009149675748812e-14
0.37210000000000004,6943.716962404528,0.0,0.0,5.120695179537167,6.009149422516218e-14,6.009149422516218e-14
0.37215000000000004,6943.723507317335,0.0,0.0,5.1206198474608815,6.009152501567532e-14,6.009152501567532e-14
0.37220000000000003,6943.734970241612,0.0,0.0,5.120546895831555,6.009159741591311e-14,6.009159741591311e-14
0.37225,6943.751370070621,0.0,0.0,5.120476345443139,6.009172411678172e-14,6.009172411678172e-14
0.3723,6943.772635103549,0.0,0.0,5.12040837192973,6.009187144135351e-14,6.009187144135351e-14
0.37235,6943.798794971826,0.0,0.0,5.120343007032951,6.009209226618026e-14,6.009209226618026e-14
0.3724,6943.8297430181165,0.0,0.0,5.120280396070581,6.009231536784822e-14,6.009231536784822e-14
0.37245,6943.865511848094,0.0,0.0,5.120220590330545,6.00926268063245e-14,6.00926268063245e-14
0.3725,6943.905969232988,0.0,0.0,5.120163696701323,6.009292715716672e-14,6.009292715716672e-14
0.37255,6943.951140914474,0.0,0.0,5.120109791238552,6.009332430809111e-14,6.009332430809111e-14
0.37260000000000004,6944.000880042376,0.0,0.0,5.120058938260485,6.009370361086394e-14,6.009370361086394e-14
0.37265000000000004,6944.0551949621195,0.0,0.0,5.120011239557232,6.009418064163888e-14,6.009418064163888e-14
0.37270000000000003,6944.1139352607015,0.0,0.0,5.119966717310527,6.009464035075521e-14,6.009464035075521e-14
0.37275,6944.177082134196,0.0,0.0,5.119925495465378,6.009519101890658e-14,6.009519101890658e-14
0.3728,6944.244491329587,0.0,0.0,5.119887559053553,6.009573184122661e-14,6.009573184122661e-14
0.37285,6944.316109275886,0.0,0.0,5.1198530463960115,6.009635000610696e-14,6.009635000610696e-14
0.3729,6944.391805036206,0.0,0.0,5.11982191426102,6.009697145299073e-14,6.009697145299073e-14
0.37295,6944.47148584306,0.0,0.0,5.119794304314517,6.00976515081479e-14,6.00976515081479e-14
0.373,6944.555037816251,0.0,0.0,5.119770156645788,6.009835156340444e-14,6.009835156340444e-14
0.37305,6944.642328354709,0.0,0.0,5.119749603405237,6.009908873204653e-14,6.009908873204653e-14
0.37310000000000004,6944.733260606855,0.0,0.0,5.11973258069957,6.009986368228963e-14,6.009986368228963e-14
0.37315000000000004,6944.8276653727435,0.0,0.0,5.119719198174468,6.01006541398681e-14,6.01006541398681e-14
0.37320000000000003,6944.925459213053,0.0,0.0,5.119709400012207,6.010149859067071e-14,6.010149859067071e-14
0.37325,6945.026442988769,0.0,0.0,5.1197032619784,6.01023394031545e-14,6.01023394031545e-14
0.3733,6945.130540147168,0.0,0.0,5.119700746082888,6.010324647790751e-14,6.010324647790751e-14
0.37335,6945.2375307953935,0.0,0.0,5.119701885987085,6.01041353723792e-14,6.01041353723792e-14
0.3734,6945.347336900398,0.0,0.0,5.119706667625206,6.010509706459749e-14,6.010509706459749e-14
0.37345,6945.45972831217,0.0,0.0,5.119715078596902,6.01060320720539e-14,6.01060320720539e-14
0.3735,6945.574616606491,0.0,0.0,5.119727130362574,6.010703970189252e-14,6.010703970189252e-14
0.37355,6945.691771832731,0.0,0.0,5.119742765304068,6.010801873016425e-14,6.010801873016425e-14
0.37360000000000004,6945.811087057356,0.0,0.0,5.11976201730424,6.010906344141451e-14,6.010906344141451e-14
0.37365000000000004,6945.932341652256,0.0,0.0,5.119784789051678,6.01100838450118e-14,6.01100838450118e-14
0.37370000000000003,6946.055404033775,0.0,0.0,5.119811129488988,6.011115707586609e-14,6.011115707586609e-14
0.37375,6946.180069629608,0.0,0.0,5.119840911058934,6.011221528759966e-14,6.011221528759966e-14
0.3738,6946.306178913587,0.0,0.0,5.119874187181647,6.011330915360239e-14,6.011330915360239e-14
0.37385,6946.433547034421,0.0,0.0,5.119910812137978,6.01144004328847e-14,6.01144004328847e-14
0.3739,6946.56198652212,0.0,0.0,5.1199508315066975,6.011550797533736e-14,6.011550797533736e-14
0.37395,6946.691332625023,0.0,0.0,5.119994094497054,6.011662630848776e-14,6.011662630848776e-14
0.374,6946.821373188028,0.0,0.0,5.120040626505223,6.011774158294855e-14,6.011774158294855e-14
0.37405,6946.951960903368,0.0,0.0,5.120090284022327,6.011887974849611e-14,6.011887974849611e-14
0.37410000000000004,6947.082864966594,0.0,0.0,5.120143061602113,6.011999775168406e-14,6.011999775168406e-14
0.37415000000000004,6947.213950491362,0.0,0.0,5.120198833023726,6.012114753884025e-14,6.012114753884025e-14
0.37420000000000003,6947.344975990599,0.0,0.0,5.120257554473362,6.01222639969523e-14,6.01222639969523e-14
0.37425,6947.475812575993,0.0,0.0,5.120319123422739,6.012341654381132e-14,6.012341654381132e-14
0.3743,6947.606216904422,0.0,0.0,5.120383454303961,6.012452760400693e-14,6.012452760400693e-14
0.37435,6947.736059372384,0.0,0.0,5.1204504703553955,6.012567380629575e-14,6.012567380629575e-14
0.3744,6947.865103335193,0.0,0.0,5.1205200454274875,6.012677568643658e-14,6.012677568643658e-14
0.37445,6947.993212557112,0.0,0.0,5.120592126158258,6.012790661879158e-14,6.012790661879158e-14
0.3745,6948.120164349953,0.0,0.0,5.120666551337604,6.012899527391855e-14,6.012899527391855e-14
0.37455,6948.245811628043,0.0,0.0,5.1207432847038135,6.013010256710683e-14,6.013010256710683e-14
0.37460000000000004,6948.369950846453,0.0,0.0,5.120822139058297,6.013117342584281e-14,6.013117342584281e-14
0.37465000000000004,6948.49242214856,0.0,0.0,5.120903086050385,6.013224955167866e-14,6.013224955167866e-14
0.37470000000000003,6948.613043823218,0.0,0.0,5.1209859238565345,6.013329736283946e-14,6.013329736283946e-14
0.37475,6948.731643837577,0.0,0.0,5.121070621372817,6.01343357951143e-14,6.01343357951143e-14
0.3748,6948.848062474375,0.0,0.0,5.121156974274707,6.013535460537379e-14,6.013535460537379e-14
0.37485,6948.962118466527,0.0,0.0,5.121244938142663,6.013634984508203e-14,6.013634984508203e-14
0.3749,6949.073672057,0.0,0.0,5.121334317455334,6.013733310798397e-14,6.013733310798397e-14
0.37495,6949.182537525631,0.0,0.0,5.121425045528565,6.013828058232916e-14,6.013828058232916e-14
0.375,6949.288591480416,0.0,0.0,5.121516944724246,6.013922137803692e-14,6.013922137803692e-14
0.37505,6949.39164962077,0.0,0.0,5.121609919991155,6.014011724197554e-14,6.014011724197554e-14
0.37510000000000004,6949.491600572198,0.0,0.0,5.121703817393561,6.014100857140923e-14,6.014100857140923e-14
0.37515000000000004,6949.588267561068,0.0,0.0,5.121798511047786,6.014184945361463e-14,6.014184945361463e-14
0.37520000000000003,6949.681546979121,0.0,0.0,5.12189387274247,6.014268456070106e-14,6.014268456070106e-14
0.37525000000000003,6949.771275096924,0.0,0.0,5.121989747184136,6.014346730272941e-14,6.014346730272941e-14
0.3753,6949.857352666929,0.0,0.0,5.122086030131044,6.014423997631769e-14,6.014423997631769e-14
0.37535,6949.939633266736,0.0,0.0,5.122182541888766,6.014496141147479e-14,6.014496141147479e-14
0.3754,6950.018019987127,0.0,0.0,5.122279197202945,6.01456662244216e-14,6.01456662244216e-14
0.37545,6950.092386311856,0.0,0.0,5.122375799784922,6.014632303376148e-14,6.014632303376148e-14
0.3755,6950.162637282767,0.0,0.0,5.122472276133542,6.014695548846906e-14,6.014695548846906e-14
0.37555,6950.228667119965,0.0,0.0,5.122568422831258,6.014754415612589e-14,6.014754415612589e-14
0.37560000000000004,6950.290384008768,0.0,0.0,5.12266416988329,6.014810072287046e-14,6.014810072287046e-14
0.37565000000000004,6950.347702160328,0.0,0.0,5.122759316558771,6.014861759463481e-14,6.014861759463481e-14
0.37570000000000003,6950.400535343768,0.0,0.0,5.122853788419733,6.014909564695725e-14,6.014909564695725e-14
0.37575000000000003,6950.448815878254,0.0,0.0,5.122947396308141,6.014953707817245e-14,6.014953707817245e-14
0.3758,6950.49246627241,0.0,0.0,5.123040054875207,6.014993474669869e-14,6.014993474669869e-14
0.37585,6950.53143452093,0.0,0.0,5.123131593427543,6.015029731029304e-14,6.015029731029304e-14
0.3759,6950.565655117187,0.0,0.0,5.1232219116114255,6.015061328908305e-14,6.015061328908305e-14
0.37595,6950.595089372781,0.0,0.0,5.12331086138899,6.015089400538134e-14,6.015089400538134e-14
0.376,6950.619686499793,0.0,0.0,5.123398326164229,6.01511273513864e-14,6.01511273513864e-14
0.37605,6950.639419383956,0.0,0.0,5.123484181780091,6.015132389859475e-14,6.015132389859475e-14
0.37610000000000005,6950.6542537126015,0.0,0.0,5.123568297044108,6.015147386428119e-14,6.015147386428119e-14
0.37615000000000004,6950.664173181441,0.0,0.0,5.1236505701285076,6.015158473321076e-14,6.015158473321076e-14
0.37620000000000003,6950.669160482257,0.0,0.0,5.1237308593678845,6.015165066453765e-14,6.015165066453765e-14
0.37625000000000003,6950.669210456968,0.0,0.0,5.123809081518993,6.015167523184498e-14,6.015167523184498e-14
0.3763,6950.664322109863,0.0,0.0,5.123885090296485,6.015165655059365e-14,6.015165655059365e-14
0.37635,6950.654502730032,0.0,0.0,5.1239588159659215,6.015159505976153e-14,6.015159505976153e-14
0.3764,6950.639765975533,0.0,0.0,5.124030114252069,6.015149133259636e-14,6.015149133259636e-14
0.37645,6950.62013348717,0.0,0.0,5.124098923509241,6.015134478856107e-14,6.015134478856107e-14
0.3765,6950.59563139974,0.0,0.0,5.12416510788558,6.015115586844772e-14,6.015115586844772e-14
0.37655,6950.566297700802,0.0,0.0,5.124228609006302,6.01509258672533e-14,6.01509258672533e-14
0.3766,6950.532168859166,0.0,0.0,5.124289304764395,6.015065207875278e-14,6.015065207875278e-14
0.37665000000000004,6950.493300732083,0.0,0.0,5.124347136597013,6.01503406053225e-14,6.01503406053225e-14
0.37670000000000003,6950.449738560826,0.0,0.0,5.124401999748174,6.014998293645286e-14,6.014998293645286e-14
0.37675000000000003,6950.401556623346,0.0,0.0,5.1244538338238135,6.014959216948758e-14,6.014959216948758e-14
0.3768,6950.348808384087,0.0,0.0,5.124502553021517,6.014915243061996e-14,6.014915243061996e-14
0.37685,6950.291585786573,0.0,0.0,5.12454809539096,6.014868459265284e-14,6.014868459265284e-14
0.3769,6950.229951206161,0.0,0.0,5.124590393753158,6.014816550799359e-14,6.014816550799359e-14
0.37695,6950.16401209589,0.0,0.0,5.124629386549705,6.014762279070856e-14,6.014762279070856e-14
0.377,6950.0938416312465,0.0,0.0,5.124665023354445,6.01470279990025e-14,6.01470279990025e-14
0.37705,6950.019559394378,0.0,0.0,5.124697246096431,6.014641258059633e-14,6.014641258059633e-14
0.3771,6949.941252147765,0.0,0.0,5.124726018314034,6.014574653730828e-14,6.014574653730828e-14
0.37715000000000004,6949.859047428473,0.0,0.0,5.124751288970885,6.014506069157094e-14,6.014506069157094e-14
0.37720000000000004,6949.773048740571,0.0,0.0,5.124773032590646,6.014432848208683e-14,6.014432848208683e-14
0.37725000000000003,6949.683387227803,0.0,0.0,5.124791208440803,6.014357476172927e-14,6.014357476172927e-14
0.3773,6949.590185986741,0.0,0.0,5.1248057995514005,6.014278185106913e-14,6.014278185106913e-14
0.37735,6949.493575952726,0.0,0.0,5.124816777858636,6.01419633127551e-14,6.01419633127551e-14
0.3774,6949.393701664403,0.0,0.0,5.124824133448426,6.014111526975546e-14,6.014111526975546e-14
0.37745,6949.29069123786,0.0,0.0,5.124827851975908,6.014023569878291e-14,6.014023569878291e-14
0.3775,6949.18471090378,0.0,0.0,5.1248279304313265,6.013933793851713e-14,6.013933793851713e-14
0.37755,6949.075885064887,0.0,0.0,5.1248243678014385,6.013840202857853e-14,6.013840202857853e-14
0.3776,6948.9643999103655,0.0,0.0,5.124817169096758,6.013745961608229e-14,6.013745961608229e-14
0.37765000000000004,6948.850377203189,0.0,0.0,5.124806344991659,6.01364730644313e-14,6.01364730644313e-14
0.37770000000000004,6948.734019289598,0.0,0.0,5.124791910578944,6.013549061413166e-14,6.013549061413166e-14
0.37775000000000003,6948.615448261279,0.0,0.0,5.124773885764442,6.01344601050239e-14,6.01344601050239e-14
0.3778,6948.494877004255,0.0,0.0,5.1247522981862454,6.013344179580377e-14,6.013344179580377e-14
0.37785,6948.372432394372,0.0,0.0,5.1247271743322695,6.013237486188193e-14,6.013237486188193e-14
0.3779,6948.248330997022,0.0,0.0,5.1246985565893,6.013132456919174e-14,6.013132456919174e-14
0.37795,6948.12270971609,0.0,0.0,5.124666475855757,6.01302293406137e-14,6.01302293406137e-14
0.378,6947.995781513725,0.0,0.0,5.124630990565848,6.012915086695809e-14,6.012915086695809e-14
0.37805,6947.867698461537,0.0,0.0,5.124592134924187,6.012803573661085e-14,6.012803573661085e-14
0.3781,6947.7386631666395,0.0,0.0,5.124549983306978,6.012693310462817e-14,6.012693310462817e-14
0.37815000000000004,6947.608846949098,0.0,0.0,5.124504573575057,6.012580635286537e-14,6.012580635286537e-14
0.37820000000000004,6947.478436780625,0.0,0.0,5.124455994289345,6.012468411213542e-14,6.012468411213542e-14
0.37825000000000003,6947.347625386161,0.0,0.0,5.124404288869566,6.012355354328449e-14,6.012355354328449e-14
0.3783,6947.216581070219,0.0,0.0,5.124349556718595,6.012241703746374e-14,6.012241703746374e-14
0.37835,6947.085517562021,0.0,0.0,5.124291850044507,6.012128968058854e-14,6.012128968058854e-14
0.3784,6946.954584198392,0.0,0.0,5.124231274550984,6.012014522461015e-14,6.012014522461015e-14
0.37845,6946.8240124699605,0.0,0.0,5.124167895263575,6.011902714405744e-14,6.011902714405744e-14
0.3785,6946.693935271681,0.0,0.0,5.124101819103022,6.011788207293086e-14,6.011788207293086e-14
0.37855,6946.564595898162,0.0,0.0,5.124033127992078,6.011677831852982e-14,6.011677831852982e-14
0.3786,6946.436115827531,0.0,0.0,5.123961925263241,6.011564088794243e-14,6.011564088794243e-14
0.37865000000000004,6946.308742030068,0.0,0.0,5.123888313018908,6.011455559500726e-14,6.011455559500726e-14
0.37870000000000004,6946.18259136982,0.0,0.0,5.123812387324723,6.01134347356118e-14,6.01134347356118e-14
0.37875000000000003,6946.05790509398,0.0,0.0,5.123734272148819,6.011237136192632e-14,6.011237136192632e-14
0.3788,6945.934803007947,0.0,0.0,5.123654054462617,6.011127631261704e-14,6.011127631261704e-14
0.37885,6945.813511104301,0.0,0.0,5.123571879586552,6.011023797797373e-14,6.011023797797373e-14
0.3789,6945.694159250868,0.0,0.0,5.123487825885657,6.010917784226246e-14,6.010917784226246e-14
0.37895,6945.576949738491,0.0,0.0,5.123402057033618,6.010816771941823e-14,6.010816771941823e-14
0.379,6945.462028005255,0.0,0.0,5.123314645695165,6.010715100294653e-14,6.010715100294653e-14
0.37905,6945.349566396063,0.0,0.0,5.123225768517758,6.010617269839337e-14,6.010617269839337e-14
0.3791,6945.23972882112,0.0,0.0,5.123135497488334,6.010520689030179e-14,6.010520689030179e-14
0.37915000000000004,6945.132654489165,0.0,0.0,5.123044014976062,6.010426475339332e-14,6.010426475339332e-14
0.37920000000000004,6945.0285254249,0.0,0.0,5.122951398744004,6.010335600980914e-14,6.010335600980914e-14
0.37925000000000003,6944.92744801433,0.0,0.0,5.122857828614377,6.010245531681092e-14,6.010245531681092e-14
0.3793,6944.829618575633,0.0,0.0,5.122763395029819,6.01016082920335e-14,6.01016082920335e-14
0.37935,6944.735114457052,0.0,0.0,5.12266826706857,6.0100755269443e-14,6.0100755269443e-14
0.3794,6944.644139276295,0.0,0.0,5.122572554067967,6.009997311939241e-14,6.009997311939241e-14
0.37945,6944.556748078196,0.0,0.0,5.122476407397439,6.00991747938133e-14,6.00991747938133e-14
0.3795,6944.473142371502,0.0,0.0,5.1223799596948245,6.009845935275192e-14,6.009845935275192e-14
0.37955,6944.39336362951,0.0,0.0,5.122283339940902,6.009772324001201e-14,6.009772324001201e-14
0.3796,6944.31760056011,0.0,0.0,5.122186705746805,6.00970753456305e-14,6.00970753456305e-14
0.37965000000000004,6944.245890541003,0.0,0.0,5.122090162082015,6.009640901665033e-14,6.009640901665033e-14
0.37970000000000004,6944.178398853194,0.0,0.0,5.121993889901815,6.009582893704937e-14,6.009582893704937e-14
0.37975000000000003,6944.115167616849,0.0,0.0,5.1218979719544455,6.009523951622325e-14,6.009523951622325e-14
0.3798,6944.056329506878,0.0,0.0,5.1218026075037395,6.00947274165258e-14,6.00947274165258e-14
0.37985,6944.001938271446,0.0,0.0,5.121707862139871,6.009422108038233e-14,6.009422108038233e-14
0.3799,6943.9520874612745,0.0,0.0,5.121613945395518,6.009377745961043e-14,6.009377745961043e-14
0.37995,6943.906846328967,0.0,0.0,5.121520913400591,6.009335900407728e-14,6.009335900407728e-14
0.38,6943.866266317105,0.0,0.0,5.121428975786985,6.009298503695127e-14,6.009298503695127e-14
0.38005,6943.8304324052515,0.0,0.0,5.121338188491639,6.009265757333759e-14,6.009265757333759e-14
0.3801,6943.799354880291,0.0,0.0,5.121248750184253,6.009235530387731e-14,6.009235530387731e-14
0.38015000000000004,6943.773130883979,0.0,0.0,5.121160726094755,6.009212012620764e-14,6.009212012620764e-14
0.38020000000000004,6943.7517343045365,0.0,0.0,5.121074293410185,6.009189248206873e-14,6.009189248206873e-14
0.38025000000000003,6943.735267495511,0.0,0.0,5.120989534912076,6.009174912422552e-14,6.009174912422552e-14
0.3803,6943.723675856838,0.0,0.0,5.120906597748477,6.009159974599409e-14,6.009159974599409e-14
0.38035,6943.717057503896,0.0,0.0,5.1208255879535445,6.009154622124414e-14,6.009154622124414e-14
0.3804,6943.715339327803,0.0,0.0,5.120746617246829,6.009147912833027e-14,6.009147912833027e-14
0.38045,6943.718604504902,0.0,0.0,5.12066981704648,6.009151231715289e-14,6.009151231715289e-14
0.3805,6943.72677210126,0.0,0.0,5.120595262218056,6.009153145601546e-14,6.009153145601546e-14
0.38055,6943.739899838766,0.0,0.0,5.120523107591592,6.009164758802232e-14,6.009164758802232e-14
0.3806,6943.7579088911325,0.0,0.0,5.120453393979009,6.009175632533187e-14,6.009175632533187e-14
0.38065000000000004,6943.780822619463,0.0,0.0,5.120386293586066,6.009195148713356e-14,6.009195148713356e-14
0.38070000000000004,6943.808572146341,0.0,0.0,5.120321819868235,6.00921521195001e-14,6.00921521195001e-14
0.38075000000000003,6943.841140383953,0.0,0.0,5.120260152931615,6.009242271714454e-14,6.009242271714454e-14
0.3808,6943.878473116133,0.0,0.0,5.1202012885811845,6.009271606592989e-14,6.009271606592989e-14
0.38085,6943.9205103632585,0.0,0.0,5.120145403045217,6.009305917756666e-14,6.009305917756666e-14
0.3809,6943.967213563221,0.0,0.0,5.120092485858866,6.009344432605745e-14,6.009344432605745e-14
0.38095,6944.018481376268,0.0,0.0,5.120042696789815,6.009385789614163e-14,6.009385789614163e-14
0.381,6944.074288104888,0.0,0.0,5.119996030561034,6.009433210557208e-14,6.009433210557208e-14
0.38105,6944.134496345043,0.0,0.0,5.119952618744721,6.009481495604305e-14,6.009481495604305e-14
0.3811,6944.199087159775,0.0,0.0,5.11991247114859,6.009537377182166e-14,6.009537377182166e-14
0.38115000000000004,6944.267895425237,0.0,0.0,5.119875681836867,6.00959254315769e-14,6.00959254315769e-14
0.38120000000000004,6944.340900474598,0.0,0.0,5.119842282594071,6.009656296462917e-14,6.009656296462917e-14
0.38125000000000003,6944.41791974171,0.0,0.0,5.119812324356441,6.009718334575927e-14,6.009718334575927e-14
0.38130000000000003,6944.498921204115,0.0,0.0,5.119785863731872,6.009789268898636e-14,6.009789268898636e-14
0.38135,6944.583715711434,0.0,0.0,5.1197629073819195,6.009858165970864e-14,6.009858165970864e-14
0.3814,6944.672250518193,0.0,0.0,5.119743535054951,6.009935538206369e-14,6.009935538206369e-14
0.38145,6944.764339930458,0.0,0.0,5.119727712639161,6.010011230069017e-14,6.010011230069017e-14
0.3815,6944.85990270902,0.0,0.0,5.119715536959856,6.010094295063869e-14,6.010094295063869e-14
0.38155,6944.958764594152,0.0,0.0,5.1197069408185305,6.010176622995101e-14,6.010176622995101e-14
0.3816,6945.060810773666,0.0,0.0,5.119702028439257,6.010264678080886e-14,6.010264678080886e-14
0.38165000000000004,6945.165883413753,0.0,0.0,5.119700710369911,6.010353354607125e-14,6.010353354607125e-14
0.38170000000000004,6945.2738324456095,0.0,0.0,5.119703086220205,6.010445772514972e-14,6.010445772514972e-14
0.38175000000000003,6945.384517987886,0.0,0.0,5.119709056791311,6.010540361523586e-14,6.010540361523586e-14
0.38180000000000003,6945.497756649284,0.0,0.0,5.119718704345942,6.010636607678335e-14,6.010636607678335e-14
0.38185,6945.613424582693,0.0,0.0,5.11973193242001,6.01073652157099e-14,6.01073652157099e-14
0.3819,6945.7313103491515,0.0,0.0,5.1197487942012065,6.010836154163486e-14,6.010836154163486e-14
0.38195,6945.851301273683,0.0,0.0,5.119769206728309,6.010940668354674e-14,6.010940668354674e-14
0.382,6945.973165761601,0.0,0.0,5.119793184981723,6.011043322073492e-14,6.011043322073492e-14
0.38205,6946.096795400399,0.0,0.0,5.11982066711896,6.011151604647732e-14,6.011151604647732e-14
0.3821,6946.221947894757,0.0,0.0,5.11985162461083,6.011256961387437e-14,6.011256961387437e-14
0.38215000000000005,6946.348511286791,0.0,0.0,5.119886020208179,6.011368113633379e-14,6.011368113633379e-14
0.38220000000000004,6946.476242375261,0.0,0.0,5.119923781106411,6.01147586523418e-14,6.01147586523418e-14
0.38225000000000003,6946.60501818146,0.0,0.0,5.119964893579363,6.011588967405173e-14,6.011588967405173e-14
0.38230000000000003,6946.734603517755,0.0,0.0,5.1200092444007215,6.011698776530738e-14,6.011698776530738e-14
0.38235,6946.864858373735,0.0,0.0,5.120056837985895,6.011812932564828e-14,6.011812932564828e-14
0.3824,6946.995562586985,0.0,0.0,5.1201075286138735,6.011924397870833e-14,6.011924397870833e-14
0.38245,6947.126555444417,0.0,0.0,5.120161329979843,6.012038773248437e-14,6.012038773248437e-14
0.3825,6947.257636199711,0.0,0.0,5.120218074777198,6.012151404121173e-14,6.012151404121173e-14
0.38255,6947.38862261026,0.0,0.0,5.120277774942542,6.012265252198116e-14,6.012265252198116e-14
0.3826,6947.519334810998,0.0,0.0,5.120340253998364,6.012378456771635e-14,6.012378456771635e-14
0.38265000000000005,6947.649571123139,0.0,0.0,5.1204055104938675,6.012491130834535e-14,6.012491130834535e-14
0.38270000000000004,6947.779171228268,0.0,0.0,5.120473371053055,6.012604218828849e-14,6.012604218828849e-14
0.38275000000000003,6947.907918683392,0.0,0.0,5.120543810259253,6.012715169334132e-14,6.012715169334132e-14
0.38280000000000003,6948.035669098048,0.0,0.0,5.120616668382031,6.012827369063732e-14,6.012827369063732e-14
0.38285,6948.162197826151,0.0,0.0,5.1206918879748935,6.012936127730088e-14,6.012936127730088e-14
0.3829,6948.287371311309,0.0,0.0,5.120769330465823,6.013046614516116e-14,6.013046614516116e-14
0.38295,6948.410964237303,0.0,0.0,5.120848901914139,6.013152768876442e-14,6.013152768876442e-14
0.383,6948.532848277571,0.0,0.0,5.120930488543726,6.01326070055495e-14,6.01326070055495e-14
0.38305,6948.652804953005,0.0,0.0,5.121013959618257,6.013363863788511e-14,6.013363863788511e-14
0.3831,6948.770706020859,0.0,0.0,5.121099225640277,6.013468418147642e-14,6.013468418147642e-14
0.38315000000000005,6948.886346395255,0.0,0.0,5.121186122914786,6.013568199533756e-14,6.013568199533756e-14
0.38320000000000004,6948.999594054911,0.0,0.0,5.121274581859378,6.01366860844814e-14,6.01366860844814e-14
0.38325000000000004,6949.110262193458,0.0,0.0,5.121364413204731,6.013764589359092e-14,6.013764589359092e-14
0.38330000000000003,6949.218212998679,0.0,0.0,5.121455559906506,6.013860165182668e-14,6.013860165182668e-14
0.38335,6949.323280742337,0.0,0.0,5.1215478169964115,6.013951884411402e-14,6.013951884411402e-14
0.3834,6949.425321895582,0.0,0.0,5.121641130799977,6.014042035550616e-14,6.014042035550616e-14
0.38345,6949.524192446545,0.0,0.0,5.121735291659931,6.014128986082437e-14,6.014128986082437e-14
0.3835,6949.619745202665,0.0,0.0,5.1218302397349,6.014213220539635e-14,6.014213220539635e-14
0.38355,6949.711856604789,0.0,0.0,5.121925771370714,6.014294857910847e-14,6.014294857910847e-14
0.3836,6949.800379416145,0.0,0.0,5.122021812066462,6.01437277550382e-14,6.01437277550382e-14
0.38365,6949.8852078898,0.0,0.0,5.122118173206293,6.014448536046365e-14,6.014448536046365e-14
0.38370000000000004,6949.966199300783,0.0,0.0,5.122214759382038,6.014519811775888e-14,6.014519811775888e-14
0.38375000000000004,6950.043262384495,0.0,0.0,5.122311403355787,6.014589137495913e-14,6.014589137495913e-14
0.38380000000000003,6950.1162636899735,0.0,0.0,5.1224079856346405,6.014653499822221e-14,6.014653499822221e-14
0.38385,6950.185123140394,0.0,0.0,5.122504363398633,6.014715865768094e-14,6.014715865768094e-14
0.3839,6950.249720823391,0.0,0.0,5.1226003933113144,6.014773074153177e-14,6.014773074153177e-14
0.38395,6950.309985229012,0.0,0.0,5.122695956607629,6.014828013898976e-14,6.014828013898976e-14
0.384,6950.365813189349,0.0,0.0,5.122790889610963,6.014877839859215e-14,6.014877839859215e-14
0.38405,6950.417140262502,0.0,0.0,5.122885094231161,6.014924965248217e-14,6.014924965248217e-14
0.3841,6950.463881839696,0.0,0.0,5.1229783926048285,6.014967180286117e-14,6.014967180286117e-14
0.38415,6950.5059803638715,0.0,0.0,5.123070701711771,6.015006192711381e-14,6.015006192711381e-14
0.38420000000000004,6950.543370147452,0.0,0.0,5.1231618373509615,6.01504056511889e-14,6.01504056511889e-14
0.38425000000000004,6950.576001570777,0.0,0.0,5.123251724800741,6.015071257145502e-14,6.015071257145502e-14
0.38430000000000003,6950.603826980265,0.0,0.0,5.123340181931402,6.015097557968301e-14,6.015097557968301e-14
0.38435,6950.626806659466,0.0,0.0,5.123427135532894,6.015119805812758e-14,6.015119805812758e-14
0.3844,6950.644909267311,0.0,0.0,5.123512413377475,6.015137822581558e-14,6.015137822581558e-14
0.38445,6950.658107377072,0.0,0.0,5.123595938029723,6.015151571511489e-14,6.015151571511489e-14
0.3845,6950.666383942417,0.0,0.0,5.123677553446481,6.015161126958157e-14,6.015161126958157e-14
0.38455,6950.66972607179,0.0,0.0,5.123757174103189,6.01516637285841e-14,6.01516637285841e-14
0.3846,6950.668129251996,0.0,0.0,5.123834664210814,6.015167344963008e-14,6.015167344963008e-14
0.38465,6950.661596711156,0.0,0.0,5.123909928635884,6.015164115892461e-14,6.015164115892461e-14
0.38470000000000004,6950.650135422372,0.0,0.0,5.123982853420482,6.015156455412156e-14,6.015156455412156e-14
0.38475000000000004,6950.633765279966,0.0,0.0,5.124053334715266,6.01514479687556e-14,6.01514479687556e-14
0.38480000000000003,6950.612504686669,0.0,0.0,5.124121279600787,6.015128538983923e-14,6.015128538983923e-14
0.38485,6950.5863895508755,0.0,0.0,5.124186578501082,6.015108505871402e-14,6.015108505871402e-14
0.3849,6950.5554506764165,0.0,0.0,5.1242491568495465,6.015083773612059e-14,6.015083773612059e-14
0.38495,6950.519738223327,0.0,0.0,5.124308903804667,6.015055430454508e-14,6.015055430454508e-14
0.385,6950.479297187023,0.0,0.0,5.124365759302144,6.015022429185787e-14,6.015022429185787e-14
0.38505,6950.434189429913,0.0,0.0,5.124419616358217,6.0149858587586e-14,6.0149858587586e-14
0.3851,6950.384476329214,0.0,0.0,5.124470425237232,6.014944862392689e-14,6.014944862392689e-14
0.38515,6950.3302286138805,0.0,0.0,5.124518087750725,6.014900181072281e-14,6.014900181072281e-14
0.38520000000000004,6950.271526080485,0.0,0.0,5.124562560801305,6.014851512402651e-14,6.014851512402651e-14
0.38525000000000004,6950.208445786644,0.0,0.0,5.124603759006123,6.014798889313885e-14,6.014798889313885e-14
0.38530000000000003,6950.1410872519555,0.0,0.0,5.124641643335114,6.014742897851252e-14,6.014742897851252e-14
0.38535,6950.069532180118,0.0,0.0,5.124676143778797,6.014682573997344e-14,6.014682573997344e-14
0.3854,6949.993899886574,0.0,0.0,5.124707224289418,6.014619615258089e-14,6.014619615258089e-14
0.38545,6949.914276314392,0.0,0.0,5.124734831141909,6.014551918656152e-14,6.014551918656152e-14
0.3855,6949.830799105807,0.0,0.0,5.124758931720866,6.01448233871548e-14,6.01448233871548e-14
0.38555,6949.743559506691,0.0,0.0,5.124779487946034,6.014407692080937e-14,6.014407692080937e-14
0.3856,6949.6527104227725,0.0,0.0,5.124796472361033,6.014331820372697e-14,6.014331820372697e-14
0.38565,6949.558350852369,0.0,0.0,5.124809860728494,6.014250739077661e-14,6.014250739077661e-14
0.38570000000000004,6949.460644542012,0.0,0.0,5.124819633252762,6.014168891043154e-14,6.014168891043154e-14
0.38575000000000004,6949.359701711887,0.0,0.0,5.124825777158263,6.014081970647483e-14,6.014081970647483e-14
0.38580000000000003,6949.255691668804,0.0,0.0,5.124828282948056,6.013994460129761e-14,6.013994460129761e-14
0.38585,6949.148739740533,0.0,0.0,5.124827147006344,6.013902354573655e-14,6.013902354573655e-14
0.3859,6949.039015354523,0.0,0.0,5.124822372261539,6.013809514058321e-14,6.013809514058321e-14
0.38595,6948.92666249825,0.0,0.0,5.124813962637081,6.013712907244414e-14,6.013712907244414e-14
0.386,6948.811845909465,0.0,0.0,5.124801934573032,6.013615112556144e-14,6.013615112556144e-14
0.38605,6948.694730677598,0.0,0.0,5.124786299021224,6.01351468729968e-14,6.01351468729968e-14
0.3861,6948.575473418847,0.0,0.0,5.124767085672914,6.013412382331248e-14,6.013412382331248e-14
0.38615,6948.454260987146,0.0,0.0,5.124744313276318,6.013308791316866e-14,6.013308791316866e-14
0.38620000000000004,6948.3312404034095,0.0,0.0,5.124718023144794,6.013202508103338e-14,6.013202508103338e-14
0.38625000000000004,6948.206618726941,0.0,0.0,5.1246882437436545,6.013096351359274e-14,6.013096351359274e-14
0.38630000000000003,6948.080534169857,0.0,0.0,5.124655025282095,6.012986721295696e-14,6.012986721295696e-14
0.38635,6947.9532100927,0.0,0.0,5.124618408613607,6.012878533893271e-14,6.012878533893271e-14
0.3864,6947.824778900495,0.0,0.0,5.124578449538349,6.012766287109595e-14,6.012766287109595e-14
0.38645,6947.695474244868,0.0,0.0,5.124535204112413,6.012656539275173e-14,6.012656539275173e-14
0.3865,6947.565427533701,0.0,0.0,5.124488730515375,6.012542490976826e-14,6.012542490976826e-14
0.38655,6947.4348751806265,0.0,0.0,5.124439102263699,6.012431600921245e-14,6.012431600921245e-14
0.3866,6947.3039534876325,0.0,0.0,5.124386377498544,6.012316625499959e-14,6.012316625499959e-14
0.38665,6947.172893448118,0.0,0.0,5.124330648237733,6.012204983215389e-14,6.012204983215389e-14
0.38670000000000004,6947.041842279835,0.0,0.0,5.124271971553831,6.012089978966575e-14,6.012089978966575e-14
0.38675000000000004,6946.9110177455,0.0,0.0,5.124210457300645,6.011977977368319e-14,6.011977977368319e-14
0.38680000000000003,6946.7805830929,0.0,0.0,5.12414616220658,6.011863826221145e-14,6.011863826221145e-14
0.38685,6946.6507364506515,0.0,0.0,5.124079211375698,6.011751894684706e-14,6.011751894684706e-14
0.3869,6946.521660334902,0.0,0.0,5.124009663726392,6.011639422356362e-14,6.011639422356362e-14
0.38695,6946.393529130462,0.0,0.0,5.123937655228976,6.011528057024461e-14,6.011528057024461e-14
0.387,6946.266545239547,0.0,0.0,5.123863251046159,6.011417999179328e-14,6.011417999179328e-14
0.38705,6946.140858082509,0.0,0.0,5.123786592293394,6.011307784706949e-14,6.011307784706949e-14
0.3871,6946.016687548734,0.0,0.0,5.123707755345136,6.011200764001803e-14,6.011200764001803e-14
0.38715,6945.894159963134,0.0,0.0,5.1236268801475555,6.011092382458838e-14,6.011092382458838e-14
0.38720000000000004,6945.7735073178255,0.0,0.0,5.123544059326943,6.010988899947295e-14,6.010988899947295e-14
0.38725000000000004,6945.654837558019,0.0,0.0,5.123459425669593,6.01088312443022e-14,6.01088312443022e-14
0.38730000000000003,6945.538386882013,0.0,0.0,5.123373092222594,6.010783566715897e-14,6.010783566715897e-14
0.38735,6945.424251750038,0.0,0.0,5.123285179890824,6.010681239469724e-14,6.010681239469724e-14
0.3874,6945.312663022582,0.0,0.0,5.123195824547501,6.01058590074439e-14,6.01058590074439e-14
0.38745,6945.20371373754,0.0,0.0,5.123105132578621,6.010487897916963e-14,6.010487897916963e-14
0.3875,6945.09761937123,0.0,0.0,5.123013262639537,6.010397013720388e-14,6.010397013720388e-14
0.38755,6944.994477552925,0.0,0.0,5.122920306582946,6.010304201010808e-14,6.010304201010808e-14
0.3876,6944.89447909297,0.0,0.0,5.122826443003496,6.010217988720452e-14,6.010217988720452e-14
0.38765,6944.797732926094,0.0,0.0,5.122731751984628,6.01013117362191e-14,6.01013117362191e-14
0.38770000000000004,6944.704397888906,0.0,0.0,5.122636426486576,6.010049873536464e-14,6.010049873536464e-14
0.38775000000000004,6944.614598533293,0.0,0.0,5.1225405400865025,6.009969760612418e-14,6.009969760612418e-14
0.38780000000000003,6944.528457362073,0.0,0.0,5.122444292309058,6.009893671201417e-14,6.009893671201417e-14
0.38785000000000003,6944.446115665226,0.0,0.0,5.122347757289795,6.009820826530408e-14,6.009820826530408e-14
0.3879,6944.367658790604,0.0,0.0,5.1222511319759585,6.009750328186405e-14,6.009750328186405e-14
0.38795,6944.293242344566,0.0,0.0,5.122154498897724,6.009685157955453e-14,6.009685157955453e-14
0.388,6944.222917351563,0.0,0.0,5.122058043097479,6.00962072110094e-14,6.00962072110094e-14
0.38805,6944.156847918075,0.0,0.0,5.121961862886894,6.009563467417676e-14,6.009563467417676e-14
0.3881,6944.0950568383305,0.0,0.0,5.121866123149448,6.009505643115508e-14,6.009505643115508e-14
0.38815,6944.037708145729,0.0,0.0,5.121770943683723,6.009456397658513e-14,6.009456397658513e-14
0.38820000000000005,6943.98480490999,0.0,0.0,5.121676463208893,6.009405791393039e-14,6.009405791393039e-14
0.38825000000000004,6943.936500807827,0.0,0.0,5.121582825980118,6.009364525041009e-14,6.009364525041009e-14
0.38830000000000003,6943.8927889076185,0.0,0.0,5.121490141703308,6.009321756844413e-14,6.009321756844413e-14
0.38835000000000003,6943.853801849274,0.0,0.0,5.12139857861862,6.009288361046775e-14,6.009288361046775e-14
0.3884,6943.819532265778,0.0,0.0,5.121308218215822,6.009254017225694e-14,6.009254017225694e-14
0.38845,6943.7900820815,0.0,0.0,5.121219248574276,6.009228351205192e-14,6.009228351205192e-14
0.3885,6943.765451540837,0.0,0.0,5.121131727390013,6.009202934179328e-14,6.009202934179328e-14
0.38855,6943.745704461357,0.0,0.0,5.121045855058459,6.009184871133733e-14,6.009184871133733e-14
0.3886,6943.730854071225,0.0,0.0,5.120961672979052,6.009168754326484e-14,6.009168754326484e-14
0.38865,6943.720921967438,0.0,0.0,5.120879383768505,6.009158219899403e-14,6.009158219899403e-14
0.38870000000000005,6943.71593627693,0.0,0.0,5.1207990220823785,6.009151613910452e-14,6.009151613910452e-14
0.38875000000000004,6943.715876093011,0.0,0.0,5.12072078130804,6.009148611318547e-14,6.009148611318547e-14
0.38880000000000003,6943.720782600793,0.0,0.0,5.120644699610262,6.009151546115378e-14,6.009151546115378e-14
0.38885000000000003,6943.730595972836,0.0,0.0,5.120570949803777,6.009156164187345e-14,6.009156164187345e-14
0.3889,6943.745365088057,0.0,0.0,5.120499583012548,6.009168489793844e-14,6.009168489793844e-14
0.38895,6943.764998158656,0.0,0.0,5.120430741747494,6.009180892726787e-14,6.009180892726787e-14
0.389,6943.789543598037,0.0,0.0,5.120364497302184,6.009202298292696e-14,6.009202298292696e-14
0.38905,6943.818887052275,0.0,0.0,5.1203009550942244,6.009222698532042e-14,6.009222698532042e-14
0.3891,6943.853066639258,0.0,0.0,5.120240210399168,6.009252747127604e-14,6.009252747127604e-14
0.38915,6943.8919560006625,0.0,0.0,5.120182328650057,6.009281365282957e-14,6.009281365282957e-14
0.38920000000000005,6943.935572818109,0.0,0.0,5.1201274288146505,6.00931953951179e-14,6.00931953951179e-14
0.38925000000000004,6943.983789049324,0.0,0.0,5.120075537784664,6.009356557078464e-14,6.009356557078464e-14
0.38930000000000003,6944.036592891641,0.0,0.0,5.120026793690962,6.009402309181918e-14,6.009402309181918e-14
0.38935000000000003,6944.093863343802,0.0,0.0,5.119981190503119,6.009447820851574e-14,6.009447820851574e-14
0.3894,6944.1555524138985,0.0,0.0,5.119938877209913,6.009500620343128e-14,6.009500620343128e-14
0.38945,6944.221552161679,0.0,0.0,5.11989982391065,6.00955459275795e-14,6.00955459275795e-14
0.3895,6944.291774966287,0.0,0.0,5.119864179379954,6.009613965101415e-14,6.009613965101415e-14
0.38955,6944.3661285506105,0.0,0.0,5.119831901099815,6.00967620788564e-14,6.00967620788564e-14
0.3896,6944.444485960298,0.0,0.0,5.119803125212888,6.009741759088593e-14,6.009741759088593e-14
0.38965,6944.526769543434,0.0,0.0,5.11977780848512,6.009811912266498e-14,6.009811912266498e-14
0.38970000000000005,6944.612816999638,0.0,0.0,5.119756062301136,6.009883336348953e-14,6.009883336348953e-14
0.38975000000000004,6944.70256091622,0.0,0.0,5.119737853603649,6.009960875847591e-14,6.009960875847591e-14
0.38980000000000004,6944.795810785369,0.0,0.0,5.119723258808868,6.0100379447179e-14,6.0100379447179e-14
0.38985000000000003,6944.892502454016,0.0,0.0,5.119712263393387,6.010122205124927e-14,6.010122205124927e-14
0.3899,6944.99242654275,0.0,0.0,5.119704901891407,6.010204742899198e-14,6.010204742899198e-14
0.38995,6945.095513686975,0.0,0.0,5.11970118295454,6.01029495423737e-14,6.01029495423737e-14
0.39,6945.2015459440045,0.0,0.0,5.119701096558967,6.010382800324057e-14,6.010382800324057e-14
0.39005,6945.310440060338,0.0,0.0,5.119704674792455,6.01047813368246e-14,6.01047813368246e-14
0.3901,6945.421979494071,0.0,0.0,5.119711865000812,6.010571100451546e-14,6.010571100451546e-14
0.39015,6945.536059502522,0.0,0.0,5.119722718536567,6.010670716234621e-14,6.010670716234621e-14
0.3902,6945.652473341578,0.0,0.0,5.119737146384407,6.010768547776846e-14,6.010768547776846e-14
0.39025000000000004,6945.771089356103,0.0,0.0,5.119755211125829,6.010871640069061e-14,6.010871640069061e-14
0.39030000000000004,6945.891716470926,0.0,0.0,5.119776797141579,6.010973978239257e-14,6.010973978239257e-14
0.39035000000000003,6946.014193638121,0.0,0.0,5.119801967449844,6.011079809578719e-14,6.011079809578719e-14
0.3904,6946.138348227268,0.0,0.0,5.119830591748492,6.011186172279063e-14,6.011186172279063e-14
0.39045,6946.2639905950655,0.0,0.0,5.119862721434595,6.011294094645371e-14,6.011294094645371e-14
0.3905,6946.390966123164,0.0,0.0,5.119898224000894,6.011403869448188e-14,6.011403869448188e-14
0.39055,6946.51906051796,0.0,0.0,5.1199371275625145,6.011513329422193e-14,6.011513329422193e-14
0.3906,6946.648133873552,0.0,0.0,5.119979308778817,6.011625783280381e-14,6.011625783280381e-14
0.39065,6946.777953780212,0.0,0.0,5.120024762818574,6.011736311719367e-14,6.011736311719367e-14
0.3907,6946.908389606467,0.0,0.0,5.120073384288183,6.01185061522693e-14,6.01185061522693e-14
0.39075000000000004,6947.039199058292,0.0,0.0,5.120125129055133,6.011961804031783e-14,6.011961804031783e-14
0.39080000000000004,6947.170254197267,0.0,0.0,5.120179914760254,6.012077066626827e-14,6.012077066626827e-14
0.39085000000000003,6947.301311691908,0.0,0.0,5.120237655769759,6.012188537029369e-14,6.012188537029369e-14
0.3909,6947.432239677252,0.0,0.0,5.12029829358404,6.012303848102986e-14,6.012303848102986e-14
0.39095,6947.5628021360235,0.0,0.0,5.12036170328964,6.012415215934407e-14,6.012415215934407e-14
0.391,6947.692857669662,0.0,0.0,5.120427846843353,6.012529686164052e-14,6.012529686164052e-14
0.39105,6947.8221844544605,0.0,0.0,5.1204965663548,6.012640529824718e-14,6.012640529824718e-14
0.3911,6947.950627809036,0.0,0.0,5.120567837227236,6.012753327225565e-14,6.012753327225565e-14
0.39115,6948.07798480126,0.0,0.0,5.120641478089265,6.012863163391317e-14,6.012863163391317e-14
0.3912,6948.204086102414,0.0,0.0,5.1207174682826,6.012973539634439e-14,6.012973539634439e-14
0.39125000000000004,6948.32874983523,0.0,0.0,5.120795614344528,6.013081810343808e-14,6.013081810343808e-14
0.39130000000000004,6948.451793191838,0.0,0.0,5.120875888978338,6.013189114493243e-14,6.013189114493243e-14
0.39135000000000003,6948.573055012526,0.0,0.0,5.12095809839469,6.013295187379179e-14,6.013295187379179e-14
0.3914,6948.6923424790275,0.0,0.0,5.121042198552313,6.01339886625054e-14,6.01339886625054e-14
0.39145,6948.809512703573,0.0,0.0,5.121128005956162,6.013502047571542e-14,6.013502047571542e-14
0.3915,6948.924368072067,0.0,0.0,5.121215451615077,6.013601633957721e-14,6.013601633957721e-14
0.39155,6949.036780083583,0.0,0.0,5.121304370499681,6.013701192183643e-14,6.013701192183643e-14
0.3916,6949.1465525136,0.0,0.0,5.1213946634860115,6.013796283984195e-14,6.013796283984195e-14
0.39165,6949.253566749105,0.0,0.0,5.121486188817027,6.013891480152745e-14,6.013891480152745e-14
0.3917,6949.357634248411,0.0,0.0,5.1215788157395865,6.013981714697882e-14,6.013981714697882e-14
0.39175000000000004,6949.458642018021,0.0,0.0,5.121672426801485,6.014071834929574e-14,6.014071834929574e-14
0.39180000000000004,6949.5564147870955,0.0,0.0,5.121766861939223,6.014156863272282e-14,6.014156863272282e-14
0.39185000000000003,6949.650841874307,0.0,0.0,5.121862025399132,6.014241248715627e-14,6.014241248715627e-14
0.3919,6949.741765522118,0.0,0.0,5.121957733535714,6.014320714415558e-14,6.014320714415558e-14
0.39195,6949.829075523472,0.0,0.0,5.122053906687575,6.014398784532605e-14,6.014398784532605e-14
0.392,6949.912634152318,0.0,0.0,5.122150345904627,6.014472310429189e-14,6.014472310429189e-14
0.39205,6949.992331527986,0.0,0.0,5.122246980040537,6.014543576801872e-14,6.014543576801872e-14
0.3921,6950.068050673907,0.0,0.0,5.1223436044937944,6.014610761767799e-14,6.014610761767799e-14
0.39215,6950.139683494635,0.0,0.0,5.122440148338859,6.014674831240585e-14,6.014674831240585e-14
0.3922,6950.207132898166,0.0,0.0,5.122536411048257,6.01473525711484e-14,6.01473525711484e-14
0.39225000000000004,6950.270295287826,0.0,0.0,5.122632314192224,6.014791824894483e-14,6.014791824894483e-14
0.39230000000000004,6950.329091460318,0.0,0.0,5.122727669875663,6.01484507205415e-14,6.01484507205415e-14
0.39235000000000003,6950.383425743508,0.0,0.0,5.122822386139253,6.014893906982889e-14,6.014893906982889e-14
0.3924,6950.433234288736,0.0,0.0,5.1229162941120885,6.014939575618282e-14,6.014939575618282e-14
0.39245,6950.478432859419,0.0,0.0,5.123009284796739,6.014980501037172e-14,6.014980501037172e-14
0.3925,6950.51897050903,0.0,0.0,5.12310121194539,6.015018234323754e-14,6.015018234323754e-14
0.39255,6950.554777437426,0.0,0.0,5.123191948931279,6.015051108508087e-14,6.015051108508087e-14
0.3926,6950.585813763352,0.0,0.0,5.1232813727524835,6.015080613700775e-14,6.015080613700775e-14
0.39265,6950.612026154808,0.0,0.0,5.123369341427408,6.015105313713498e-14,6.015105313713498e-14
0.3927,6950.633384930316,0.0,0.0,5.123455753107381,6.015126377673663e-14,6.015126377673663e-14
0.39275000000000004,6950.649854042627,0.0,0.0,5.12354045512664,6.015142789688473e-14,6.015142789688473e-14
0.39280000000000004,6950.661414235823,0.0,0.0,5.123623362618911,6.015155286436571e-14,6.015155286436571e-14
0.39285000000000003,6950.668046351815,0.0,0.0,5.123704318510368,6.0151633042534e-14,6.0151633042534e-14
0.3929,6950.669742748724,0.0,0.0,5.123783249560651,6.01516719360025e-14,6.01516719360025e-14
0.39295,6950.666499791085,0.0,0.0,5.123860001198006,6.015166725483274e-14,6.015166725483274e-14
0.393,6950.658323258186,0.0,0.0,5.123934506259581,6.015162043390544e-14,6.015162043390544e-14
0.39305,6950.6452231252715,0.0,0.0,5.124006619229459,6.01515302575888e-14,6.01515302575888e-14
0.3931,6950.627220531546,0.0,0.0,5.124076274214934,6.015139868545598e-14,6.015139868545598e-14
0.39315,6950.60433712812,0.0,0.0,5.1241433400992396,6.015122283740725e-14,6.015122283740725e-14
0.3932,6950.576610952836,0.0,0.0,5.124207748922833,6.015100789333762e-14,6.015100789333762e-14
0.39325000000000004,6950.544073889317,0.0,0.0,5.124269387508516,6.015074683890031e-14,6.015074683890031e-14
0.39330000000000004,6950.506781543207,0.0,0.0,5.124328184386231,6.015045013830285e-14,6.015045013830285e-14
0.39335000000000003,6950.464775481556,0.0,0.0,5.124384045801344,6.015010513528904e-14,6.015010513528904e-14
0.3934,6950.418128365738,0.0,0.0,5.124436897292383,6.014972839297687e-14,6.014972839297687e-14
0.39345,6950.366891998913,0.0,0.0,5.124486664052946,6.014930157800426e-14,6.014930157800426e-14
0.3935,6950.311154318747,0.0,0.0,5.124533270841567,6.014884654237564e-14,6.014884654237564e-14
0.39355,6950.250978982771,0.0,0.0,5.124576659780627,6.014834093199395e-14,6.014834093199395e-14
0.3936,6950.186466324248,0.0,0.0,5.124616758211497,6.014780940472059e-14,6.014780940472059e-14
0.39365,6950.117694255213,0.0,0.0,5.124653522252085,6.01472288050914e-14,6.01472288050914e-14
0.3937,6950.044771921615,0.0,0.0,5.1246868856413395,6.014662274492883e-14,6.014662274492883e-14
0.39375000000000004,6949.967794182773,0.0,0.0,5.124716815370738,6.014597158009033e-14,6.014597158009033e-14
0.39380000000000004,6949.886875280747,0.0,0.0,5.124743255118786,6.014529327309399e-14,6.014529327309399e-14
0.39385000000000003,6949.80212939498,0.0,0.0,5.124766180122974,6.014457635667694e-14,6.014457635667694e-14
0.39390000000000003,6949.713672654272,0.0,0.0,5.124785546652828,6.014382862173209e-14,6.014382862173209e-14
0.39395,6949.621639983171,0.0,0.0,5.124801336577376,6.014305090788679e-14,6.014305090788679e-14
0.394,6949.526147293548,0.0,0.0,5.124813520114874,6.014223729797062e-14,6.014223729797062e-14
0.39405,6949.427350205551,0.0,0.0,5.124822085430453,6.014140365251626e-14,6.014140365251626e-14
0.3941,6949.325363858981,0.0,0.0,5.124827016631725,6.014052861058257e-14,6.014052861058257e-14
0.39415,6949.220362724691,0.0,0.0,5.124828309096959,6.013964364147192e-14,6.013964364147192e-14
0.3942,6949.112462359986,0.0,0.0,5.124825959515912,6.013871257541752e-14,6.013871257541752e-14
0.39425000000000004,6949.001852404754,0.0,0.0,5.124819972345268,6.01377805532867e-14,6.01377805532867e-14
0.39430000000000004,6948.888651664217,0.0,0.0,5.124810354722237,6.013679980632295e-14,6.013679980632295e-14
0.39435000000000003,6948.773059696698,0.0,0.0,5.124797122479526,6.013582469156745e-14,6.013582469156745e-14
0.39440000000000003,6948.65520261886,0.0,0.0,5.1247802908236935,6.013480140098328e-14,6.013480140098328e-14
0.39445,6948.53528364243,0.0,0.0,5.12475988907066,6.013378697627771e-14,6.013378697627771e-14
0.3945,6948.41344082826,0.0,0.0,5.124735938505133,6.013272883164628e-14,6.013272883164628e-14
0.39455,6948.28987453165,0.0,0.0,5.124708483238144,6.013167892057035e-14,6.013167892057035e-14
0.3946,6948.164739133193,0.0,0.0,5.124677549578464,6.013059384991098e-14,6.013059384991098e-14
0.39465,6948.038226249173,0.0,0.0,5.1246431964841275,6.012951258631423e-14,6.012951258631423e-14
0.3947,6947.910509836026,0.0,0.0,5.124605455528495,6.012840841174522e-14,6.012840841174522e-14
0.39475000000000005,6947.781768354915,0.0,0.0,5.124564399081681,6.012730051402323e-14,6.012730051402323e-14
0.39480000000000004,6947.652196715417,0.0,0.0,5.124520065603139,6.01261846255662e-14,6.01261846255662e-14
0.39485000000000003,6947.521957942675,0.0,0.0,5.12447253801979,6.012505562613884e-14,6.012505562613884e-14
0.39490000000000003,6947.3912668723215,0.0,0.0,5.1244218644652975,6.012393472190432e-14,6.012393472190432e-14
0.39495,6947.2602713282995,0.0,0.0,5.124368134509701,6.012279110695789e-14,6.012279110695789e-14
0.395,6947.1292024480035,0.0,0.0,5.124311409426047,6.012167103955972e-14,6.012167103955972e-14
0.39505,6946.998195620146,0.0,0.0,5.124251781060367,6.01205202659127e-14,6.01205202659127e-14
0.3951,6946.867492254189,0.0,0.0,5.124189327279964,6.011940602043558e-14,6.011940602043558e-14
0.39515,6946.7372202271,0.0,0.0,5.124124138134832,6.011825639432487e-14,6.011825639432487e-14
0.3952,6946.607623355172,0.0,0.0,5.1240563107633275,6.011715220335193e-14,6.011715220335193e-14
0.39525000000000005,6946.478828359341,0.0,0.0,5.123985930404364,6.011601262701805e-14,6.011601262701805e-14
0.39530000000000004,6946.35107264342,0.0,0.0,5.123913114655347,6.01149222074075e-14,6.01149222074075e-14
0.39535000000000003,6946.224488576043,0.0,0.0,5.123837942622218,6.011380181992146e-14,6.011380181992146e-14
0.39540000000000003,6946.099298451317,0.0,0.0,5.123760551541702,6.011272869618136e-14,6.011272869618136e-14
0.39545,6945.9756464320235,0.0,0.0,5.123681015143999,6.011163645274603e-14,6.011163645274603e-14
0.3955,6945.85373224485,0.0,0.0,5.123599487258809,6.011058431697441e-14,6.011058431697441e-14
0.39555,6945.733716271481,0.0,0.0,5.123516039125754,6.010952856170325e-14,6.010952856170325e-14
0.3956,6945.615770447228,0.0,0.0,5.123430836037543,6.010850161251164e-14,6.010850161251164e-14
0.39565,6945.500073213924,0.0,0.0,5.123343951434051,6.010748970316258e-14,6.010748970316258e-14
0.3957,6945.386766442783,0.0,0.0,5.1232555553658425,6.010649290665668e-14,6.010649290665668e-14
0.39575000000000005,6945.276045372741,0.0,0.0,5.123165729304154,6.010553094398536e-14,6.010553094398536e-14
0.39580000000000004,6945.168022813452,0.0,0.0,5.123074640592049,6.010457017012495e-14,6.010457017012495e-14
0.39585000000000004,6945.062906344186,0.0,0.0,5.122982384782477,6.010366287083712e-14,6.010366287083712e-14
0.39590000000000003,6944.960783859748,0.0,0.0,5.122889119293881,6.010274487539858e-14,6.010274487539858e-14
0.39595,6944.861868001671,0.0,0.0,5.122794958988808,6.010189560798896e-14,6.010189560798896e-14
0.396,6944.766228457956,0.0,0.0,5.122700045442044,6.010102785308774e-14,6.010102785308774e-14
0.39605,6944.674073628638,0.0,0.0,5.122604516231571,6.010023883216102e-14,6.010023883216102e-14
0.3961,6944.585463301721,0.0,0.0,5.122508493391925,6.009942916216241e-14,6.009942916216241e-14
0.39615,6944.500591423278,0.0,0.0,5.122412138007264,6.009870177400377e-14,6.009870177400377e-14
0.3962,6944.419516572815,0.0,0.0,5.122315551740887,6.009795798565528e-14,6.009795798565528e-14
0.39625000000000005,6944.342408407881,0.0,0.0,5.122218916912736,6.009729319753351e-14,6.009729319753351e-14
0.39630000000000004,6944.269332080322,0.0,0.0,5.122122317092501,6.009662256010003e-14,6.009662256010003e-14
0.39635000000000004,6944.200424777346,0.0,0.0,5.122025950497232,6.009602135285558e-14,6.009602135285558e-14
0.39640000000000003,6944.1357639013895,0.0,0.0,5.1219298877711354,6.009543014232616e-14,6.009543014232616e-14
0.39645,6944.075448721312,0.0,0.0,5.1218343350805124,6.009489390110445e-14,6.009489390110445e-14
0.3965,6944.0195715512045,0.0,0.0,5.121739357531408,6.009438701243623e-14,6.009438701243623e-14
0.39655,6943.968191755312,0.0,0.0,5.121645159563459,6.009391781537149e-14,6.009391781537149e-14
0.3966,6943.921415703188,0.0,0.0,5.121551809306214,6.009349850634041e-14,6.009349850634041e-14
0.39665,6943.879264595566,0.0,0.0,5.121459499259561,6.009309926541018e-14,6.009309926541018e-14
0.3967,6943.8418544764345,0.0,0.0,5.121368309034652,6.009276906806716e-14,6.009276906806716e-14
0.39675,6943.809173609802,0.0,0.0,5.121278409777884,6.009244349701854e-14,6.009244349701854e-14
0.39680000000000004,6943.78134030272,0.0,0.0,5.121189899607979,6.009220230937671e-14,6.009220230937671e-14
0.39685000000000004,6943.7583178738005,0.0,0.0,5.121102920991566,6.009195471926291e-14,6.009195471926291e-14
0.39690000000000003,6943.7402173833225,0.0,0.0,5.121017594967145,6.009180106432466e-14,6.009180106432466e-14
0.39695,6943.726986857571,0.0,0.0,5.120934031128983,6.009163601207708e-14,6.009163601207708e-14
0.397,6943.718719744287,0.0,0.0,5.120852374381497,6.009156742791867e-14,6.009156742791867e-14
0.39705,6943.715358759938,0.0,0.0,5.1207727010273265,6.009148926538657e-14,6.009148926538657e-14
0.3971,6943.716969897836,0.0,0.0,5.120695176933901,6.009150277082238e-14,6.009150277082238e-14
0.39715,6943.723499502573,0.0,0.0,5.120619848590244,6.009151515657084e-14,6.009151515657084e-14
0.3972,6943.734978118188,0.0,0.0,5.120546896234797,6.009160772658904e-14,6.009160772658904e-14
0.39725,6943.751362387698,0.0,0.0,5.1204763434909175,6.009171316837215e-14,6.009171316837215e-14
0.39730000000000004,6943.772642338873,0.0,0.0,5.120408375385722,6.009188215179288e-14,6.009188215179288e-14
0.39735000000000004,6943.7987884166405,0.0,0.0,5.120343002160849,6.00920816439894e-14,6.00920816439894e-14
0.39740000000000003,6943.82974867889,0.0,0.0,5.120280402212336,6.009232506448892e-14,6.009232506448892e-14
0.39745,6943.8655072596675,0.0,0.0,5.1202205831010055,6.009261787100454e-14,6.009261787100454e-14
0.3975,6943.90597260256,0.0,0.0,5.120163704788028,6.00929345697591e-14,6.00929345697591e-14
0.39755,6943.951138863147,0.0,0.0,5.120109782547491,6.009331818288175e-14,6.009331818288175e-14
0.3976,6944.000880715377,0.0,0.0,5.120058947270458,6.009370778402328e-14,6.009370778402328e-14
0.39765,6944.055195675372,0.0,0.0,5.120011230518227,6.009417806460016e-14,6.009417806460016e-14
0.3977,6944.113933193969,0.0,0.0,5.11996672607593,6.009464077096521e-14,6.009464077096521e-14
0.39775,6944.177085470882,0.0,0.0,5.119925487260789,6.009519225005255e-14,6.009519225005255e-14
0.39780000000000004,6944.244486842247,0.0,0.0,5.119887566418062,6.009572850084498e-14,6.009572850084498e-14
0.39785000000000004,6944.316114751365,0.0,0.0,5.119853040116012,6.009635480068877e-14,6.009635480068877e-14
0.39790000000000003,6944.391798760318,0.0,0.0,5.119821919238536,6.00969648429133e-14,6.00969648429133e-14
0.39795,6944.471492701158,0.0,0.0,5.119794300806372,6.009765915867273e-14,6.009765915867273e-14
0.398,6944.5550306048835,0.0,0.0,5.119770158557623,6.009834259587027e-14,6.009834259587027e-14
0.39805,6944.642335675818,0.0,0.0,5.1197496031547685,6.009909817230407e-14,6.009909817230407e-14
0.3981,6944.733253413987,0.0,0.0,5.119732579270225,6.009985355678157e-14,6.009985355678157e-14
0.39815,6944.8276722016735,0.0,0.0,5.119719201236494,6.010066409557312e-14,6.010066409557312e-14
0.3982,6944.925452962268,0.0,0.0,5.119709395410119,6.010148862333684e-14,6.010148862333684e-14
0.39825,6945.02644846473,0.0,0.0,5.119703267966533,6.010234856834517e-14,6.010234856834517e-14
0.39830000000000004,6945.130535607949,0.0,0.0,5.119700738899635,6.010323792009018e-14,6.010323792009018e-14
0.39835000000000004,6945.237534264994,0.0,0.0,5.119701894124672,6.010414258626675e-14,6.010414258626675e-14
0.39840000000000003,6945.347334589479,0.0,0.0,5.119706658796214,6.010509093670438e-14,6.010509093670438e-14
0.39845,6945.459729410639,0.0,0.0,5.119715087821927,6.010603647187924e-14,6.010603647187924e-14
0.3985,6945.574616726919,0.0,0.0,5.119727121040116,6.01070366649985e-14,6.01070366649985e-14
0.39855,6945.6917705224505,0.0,0.0,5.119742774413629,6.01080198584576e-14,6.01080198584576e-14
0.3986,6945.811089483402,0.0,0.0,5.119762008700715,6.010906372332038e-14,6.010906372332038e-14
0.39865,6945.932338214554,0.0,0.0,5.119784796865289,6.011008169676321e-14,6.011008169676321e-14
0.3987,6946.055408341638,0.0,0.0,5.119811122712674,6.011116045907863e-14,6.011116045907863e-14
0.39875,6946.180064612845,0.0,0.0,5.119840916578008,6.011221029215315e-14,6.011221029215315e-14
0.39880000000000004,6946.3061844524655,0.0,0.0,5.1198741830877506,6.01133150246408e-14,6.01133150246408e-14
0.39885000000000004,6946.4335411668035,0.0,0.0,5.119910814678896,6.011439337488978e-14,6.011439337488978e-14
0.39890000000000003,6946.5619925137125,0.0,0.0,5.119950830584848,6.011551542593462e-14,6.011551542593462e-14
0.39895,6946.6913267066,0.0,0.0,5.119994093779454,6.01166182022187e-14,6.01166182022187e-14
0.399,6946.821378839141,0.0,0.0,5.1200406288184315,6.011774954720504e-14,6.011774954720504e-14
0.39905,6946.951955692899,0.0,0.0,5.120090280200836,6.011887168572529e-14,6.011887168572529e-14
0.3991,6947.082869578443,0.0,0.0,5.120143066785435,6.01200051590181e-14,6.01200051590181e-14
0.39915,6947.213946604965,0.0,0.0,5.120198826659161,6.012114053427619e-14,6.012114053427619e-14
0.3992,6947.344979048752,0.0,0.0,5.120257561791399,6.0122269918492e-14,6.0122269918492e-14
0.39925,6947.475810411439,0.0,0.0,5.120319115398142,6.012341140077744e-14,6.012341140077744e-14
0.39930000000000004,6947.606218137878,0.0,0.0,5.120383462758172,6.012453137214885e-14,6.012453137214885e-14
0.39935000000000004,6947.736059068654,0.0,0.0,5.120450461749296,6.012567102094781e-14,6.012567102094781e-14
0.39940000000000003,6947.865102737087,0.0,0.0,5.120520053897443,6.012677697086868e-14,6.012677697086868e-14
0.39945,6947.993213993579,0.0,0.0,5.120592118094126,6.012790633443733e-14,6.012790633443733e-14
0.3995,6948.120162159225,0.0,0.0,5.120666558735348,6.012899410479978e-14,6.012899410479978e-14
0.39955,6948.245814460761,0.0,0.0,5.120743278197259,6.013010458153137e-14,6.013010458153137e-14
0.3996,6948.369947495301,0.0,0.0,5.120822144474164,6.013117016285557e-14,6.013117016285557e-14
0.39965,6948.492425876644,0.0,0.0,5.12090308187561,6.013225337310992e-14,6.013225337310992e-14
0.3997,6948.613039859993,0.0,0.0,5.120985926675786,6.013329261740315e-14,6.013329261740315e-14
0.39975,6948.731647887557,0.0,0.0,5.121070619966777,6.013434073523513e-14,6.013434073523513e-14
0.39980000000000004,6948.848058475322,0.0,0.0,5.121156974249644,6.013534913084462e-14,6.013534913084462e-14
0.39985000000000004,6948.962122281096,0.0,0.0,5.12124493955902,6.013635513340811e-14,6.013635513340811e-14
0.39990000000000003,6949.073668540503,0.0,0.0,5.121334314723985,6.013732767679823e-14,6.013732767679823e-14
0.39995,6949.182540642934,0.0,0.0,5.121425049446629,6.013828548391434e-14,6.013828548391434e-14
0.4,6949.288588837127,0.0,0.0,5.121516939774755,6.013921666642139e-14,6.013921666642139e-14
0.40005,6949.391651732532,0.0,0.0,5.121609925776302,6.014012116075226e-14,6.014012116075226e-14
0.4001,6949.491599020496,0.0,0.0,5.121703810981505,6.014100506928821e-14,6.014100506928821e-14
0.40015,6949.588268542182,0.0,0.0,5.121798517853037,6.014185200674667e-14,6.014185200674667e-14
0.4002,6949.681546551307,0.0,0.0,5.121893865774443,6.01426825193254e-14,6.01426825193254e-14
0.40025,6949.771275003509,0.0,0.0,5.1219897540766555,6.014346835583828e-14,6.014346835583828e-14
0.40030000000000004,6949.857353226181,0.0,0.0,5.122086023532861,6.01442393988136e-14,6.01442393988136e-14
0.40035000000000004,6949.939632305513,0.0,0.0,5.122182547982045,6.014496107143948e-14,6.014496107143948e-14
0.40040000000000003,6950.018021270117,0.0,0.0,5.1222791917918205,6.014566689691848e-14,6.014566689691848e-14
0.40045000000000003,6950.0923847877,0.0,0.0,5.122375804357565,6.014632160243895e-14,6.014632160243895e-14
0.4005,6950.162638959279,0.0,0.0,5.122472272512619,6.014695704328304e-14,6.014695704328304e-14
0.40055,6950.228665372052,0.0,0.0,5.122568425415597,6.0147542055094e-14,6.0147542055094e-14
0.4006,6950.290385746806,0.0,0.0,5.122664168372696,6.014810272048343e-14,6.014810272048343e-14
0.40065,6950.347700498572,0.0,0.0,5.122759316988211,6.01486152757927e-14,6.01486152757927e-14
0.4007,6950.400536868783,0.0,0.0,5.122853789032176,6.014909766186613e-14,6.014909766186613e-14
0.40075,6950.448814530979,0.0,0.0,5.122947394718321,6.014953493706936e-14,6.014953493706936e-14
0.40080000000000005,6950.4924674104695,0.0,0.0,5.123040057337449,6.014993644240646e-14,6.014993644240646e-14
0.40085000000000004,6950.531433602516,0.0,0.0,5.123131590213838,6.015029561812894e-14,6.015029561812894e-14
0.40090000000000003,6950.565655815382,0.0,0.0,5.123221915425573,6.015061447021857e-14,6.015061447021857e-14
0.40095000000000003,6950.595088875842,0.0,0.0,5.12331085712923,6.015089287128973e-14,6.015089287128973e-14
0.401,6950.619686821414,0.0,0.0,5.123398330697531,6.015112798511085e-14,6.015112798511085e-14
0.40105,6950.639419196323,0.0,0.0,5.123484177136123,6.015132326772683e-14,6.015132326772683e-14
0.4011,6950.6542538091535,0.0,0.0,5.123568301631793,6.015147406837473e-14,6.015147406837473e-14
0.40115,6950.664173123561,0.0,0.0,5.123650565743023,6.015158441889846e-14,6.015158441889846e-14
0.4012,6950.669160548669,0.0,0.0,5.123730863412618,6.015165066534062e-14,6.015165066534062e-14
0.40125,6950.66921033182,0.0,0.0,5.123809077923543,6.015167497375548e-14,6.015167497375548e-14
0.40130000000000005,6950.664322332035,0.0,0.0,5.123885093349365,6.015165661921606e-14,6.015165661921606e-14
0.40135000000000004,6950.654502375433,0.0,0.0,5.123958813513808,6.015159459538111e-14,6.015159459538111e-14
0.40140000000000003,6950.639766480775,0.0,0.0,5.124030116063696,6.015149171199303e-14,6.015149171199303e-14
0.40145000000000003,6950.620132820082,0.0,0.0,5.124098922341987,6.015134392342228e-14,6.015134392342228e-14
0.4015,6950.595632219968,0.0,0.0,5.124165108421347,6.015115670597555e-14,6.015115670597555e-14
0.40155,6950.566296744674,0.0,0.0,5.124228609056718,6.015092453011261e-14,6.015092453011261e-14
0.4016,6950.532169914411,0.0,0.0,5.124289304183925,6.015065337827556e-14,6.015065337827556e-14
0.40165,6950.493299621533,0.0,0.0,5.124347137625754,6.015033887765286e-14,6.015033887765286e-14
0.4017,6950.449739666768,0.0,0.0,5.124401998354975,6.014998454065505e-14,6.014998454065505e-14
0.40175,6950.401555584529,0.0,0.0,5.124453835480908,6.014959028333825e-14,6.014959028333825e-14
0.40180000000000005,6950.34880928304,0.0,0.0,5.124502551193295,6.014915403859425e-14,6.014915403859425e-14
0.40185000000000004,6950.291585096199,0.0,0.0,5.124548097290263,6.014868289645894e-14,6.014868289645894e-14
0.40190000000000003,6950.229951616294,0.0,0.0,5.124590391866054,6.014816672611492e-14,6.014816672611492e-14
0.40195000000000003,6950.1640120259335,0.0,0.0,5.124629388342454,6.014762168812587e-14,6.014762168812587e-14
0.402,6950.093841305511,0.0,0.0,5.12466502171482,6.01470284164681e-14,6.01470284164681e-14
0.40205,6950.0195601523,0.0,0.0,5.1246972475311265,6.014641245212232e-14,6.014641245212232e-14
0.4021,6949.941250931674,0.0,0.0,5.124726017109408,6.014574581240328e-14,6.014574581240328e-14
0.40215,6949.859049104266,0.0,0.0,5.124751289929512,6.014506181231637e-14,6.014506181231637e-14
0.4022,6949.773046617771,0.0,0.0,5.12477303186764,6.014432642281262e-14,6.014432642281262e-14
0.40225,6949.683389758113,0.0,0.0,5.124791208946082,6.014357723003565e-14,6.014357723003565e-14
0.40230000000000005,6949.590183103106,0.0,0.0,5.1248057992233145,6.014277847443781e-14,6.014277847443781e-14
0.40235000000000004,6949.493579110114,0.0,0.0,5.124816778052357,6.014196700386094e-14,6.014196700386094e-14
0.40240000000000004,6949.393698324462,0.0,0.0,5.12482413332973,6.014111082747725e-14,6.014111082747725e-14
0.40245000000000003,6949.290694648912,0.0,0.0,5.124827852073613,6.014024025430289e-14,6.014024025430289e-14
0.4025,6949.184707538287,0.0,0.0,5.124827930291455,6.013933290276542e-14,6.013933290276542e-14
0.40255,6949.07588825617,0.0,0.0,5.124824368032985,6.013840688718245e-14,6.013840688718245e-14
0.4026,6948.964397018234,0.0,0.0,5.124817168722198,6.013745462538491e-14,6.013745462538491e-14
0.40265,6948.850379669262,0.0,0.0,5.124806345539644,6.013647753215247e-14,6.013647753215247e-14
0.4027,6948.734017362599,0.0,0.0,5.124791909831157,6.013548638635884e-14,6.013548638635884e-14
0.40275,6948.615449544476,0.0,0.0,5.124773886712805,6.01344634560571e-14,6.01344634560571e-14
0.40280000000000005,6948.494876445822,0.0,0.0,5.124752297043837,6.013343902044193e-14,6.013343902044193e-14
0.40285000000000004,6948.372432164113,0.0,0.0,5.124727175635498,6.013237645485447e-14,6.013237645485447e-14
0.40290000000000004,6948.248332048349,0.0,0.0,5.124698555165678,6.013132379489953e-14,6.013132379489953e-14
0.40295000000000003,6948.1227078341335,0.0,0.0,5.124666477335373,6.013022873106633e-14,6.013022873106633e-14
0.403,6947.995784200013,0.0,0.0,5.124630989098151,6.012915240199738e-14,6.012915240199738e-14
0.40305,6947.867695021817,0.0,0.0,5.124592136294121,6.012803276638909e-14,6.012803276638909e-14
0.4031,6947.738667273282,0.0,0.0,5.124549982117313,6.012693694651357e-14,6.012693694651357e-14
0.40315,6947.608842283871,0.0,0.0,5.124504574492245,6.012580119991521e-14,6.012580119991521e-14
0.4032,6947.478441865518,0.0,0.0,5.124455993724595,6.012468991993786e-14,6.012468991993786e-14
0.40325,6947.347620035292,0.0,0.0,5.124404289001161,6.012354672150316e-14,6.012354672150316e-14
0.4033,6947.216586512098,0.0,0.0,5.124349557079268,6.012242415406696e-14,6.012242415406696e-14
0.40335000000000004,6947.085512208231,0.0,0.0,5.124291849139789,6.012128198747525e-14,6.012128198747525e-14
0.40340000000000004,6946.954589276075,0.0,0.0,5.1242312760219635,6.012015274942615e-14,6.012015274942615e-14
0.40345000000000003,6946.824007847777,0.0,0.0,5.124167893217213,6.011901956181617e-14,6.011901956181617e-14
0.4035,6946.693939263559,0.0,0.0,5.124101821699473,6.011788897729202e-14,6.011788897729202e-14
0.40355,6946.564592689626,0.0,0.0,5.124033124886294,6.011677188217331e-14,6.011677188217331e-14
0.4036,6946.436118116994,0.0,0.0,5.12396192880265,6.011564615796768e-14,6.011564615796768e-14
0.40365,6946.308740762036,0.0,0.0,5.123888309135339,6.011455124566281e-14,6.011455124566281e-14
0.4037,6946.1825915411955,0.0,0.0,5.123812391432232,6.011343752208141e-14,6.011343752208141e-14
0.40375,6946.0579060529735,0.0,0.0,5.123734267945544,6.011236980659423e-14,6.011236980659423e-14
0.4038,6945.934800917492,0.0,0.0,5.123654058611159,6.011127606449727e-14,6.011127606449727e-14
0.40385000000000004,6945.813514282447,0.0,0.0,5.123571875641836,6.011023957633517e-14,6.011023957633517e-14
0.40390000000000004,6945.694155061594,0.0,0.0,5.123487829466538,6.010917440261196e-14,6.010917440261196e-14
0.40395000000000003,6945.576954819824,0.0,0.0,5.123402053963451,6.010817241506703e-14,6.010817241506703e-14
0.404,6945.462022178389,0.0,0.0,5.123314648109329,6.010714465047692e-14,6.010714465047692e-14
0.40405,6945.349572787273,0.0,0.0,5.123225766879395,6.010618000657848e-14,6.010618000657848e-14
0.4041,6945.23972206406,0.0,0.0,5.12313549824428,6.010519831849229e-14,6.010519831849229e-14
0.40415,6945.132661391394,0.0,0.0,5.123044015172637,6.010427380926679e-14,6.010427380926679e-14
0.4042,6945.028518601685,0.0,0.0,5.12295139754674,6.010334624485112e-14,6.010334624485112e-14
0.40425,6944.927454527506,0.0,0.0,5.122857830816346,6.010246498036758e-14,6.010246498036758e-14
0.4043,6944.82961259154,0.0,0.0,5.12276339184549,6.01015985601804e-14,6.01015985601804e-14
0.40435000000000004,6944.735119702121,0.0,0.0,5.122668271166046,6.010076427416335e-14,6.010076427416335e-14
0.40440000000000004,6944.64413495304,0.0,0.0,5.122572549152208,6.009996468237838e-14,6.009996468237838e-14
0.40445000000000003,6944.556751320263,0.0,0.0,5.122476412992856,6.009918191932052e-14,6.009918191932052e-14
0.4045,6944.473140330245,0.0,0.0,5.1223799535779815,6.009845333403266e-14,6.009845333403266e-14
0.40455,6944.393364384134,0.0,0.0,5.12228334638595,6.009772748428132e-14,6.009772748428132e-14
0.4046,6944.3176011300075,0.0,0.0,5.122186699175651,6.009707257230699e-14,6.009707257230699e-14
0.40465,6944.24588864758,0.0,0.0,5.122090168555495,6.009640974211192e-14,6.009640974211192e-14
0.4047,6944.178402018743,0.0,0.0,5.121993883744483,6.009582981956845e-14,6.009582981956845e-14
0.40475,6944.115163268347,0.0,0.0,5.121897977571408,6.009523654768071e-14,6.009523654768071e-14
0.4048,6944.056334902648,0.0,0.0,5.121802602630298,6.009473188362967e-14,6.009473188362967e-14
0.40485000000000004,6944.001931994753,0.0,0.0,5.121707866076949,6.009421473875027e-14,6.009421473875027e-14
0.40490000000000004,6943.952094415734,0.0,0.0,5.1216139425514235,6.009378495856974e-14,6.009378495856974e-14
0.40495000000000003,6943.9068389184,0.0,0.0,5.121520915019137,6.009335007025905e-14,6.009335007025905e-14
0.405,6943.8662739397,0.0,0.0,5.121428975478059,6.00929946000961e-14,6.00929946000961e-14
0.40505,6943.830424817589,0.0,0.0,5.121338187440164,6.00926471864987e-14,6.00926471864987e-14
0.4051,6943.799362180563,0.0,0.0,5.121248752591128,6.009236567390805e-14,6.009236567390805e-14
0.40515,6943.773124109596,0.0,0.0,5.121160722374088,6.009210963092667e-14,6.009210963092667e-14
0.4052,6943.751740326106,0.0,0.0,5.12107429834631,6.009190227944362e-14,6.009190227944362e-14
0.40525,6943.735262423795,0.0,0.0,5.1209895288922285,6.00917398884511e-14,6.00917398884511e-14
0.4053,6943.723679807983,0.0,0.0,5.12090660466956,6.00916076559905e-14,6.00916076559905e-14
0.40535000000000004,6943.7170548015,0.0,0.0,5.120825580337682,6.009153945060634e-14,6.009153945060634e-14
0.40540000000000004,6943.715340689813,0.0,0.0,5.1207466253125125,6.009148408126838e-14,6.009148408126838e-14
0.40545000000000003,6943.718604524664,0.0,0.0,5.120669808785458,6.00915088919356e-14,6.00915088919356e-14
0.4055,6943.726770699283,0.0,0.0,5.120595270398348,6.009153277474784e-14,6.009153277474784e-14
0.40555,6943.73990257158,0.0,0.0,5.120523099759935,6.009164794475596e-14,6.009164794475596e-14
0.4056,6943.7579049176875,0.0,0.0,5.120453401191653,6.009175381850468e-14,6.009175381850468e-14
0.40565,6943.780827696397,0.0,0.0,5.120386287236104,6.009195556107758e-14,6.009195556107758e-14
0.4057,6943.808566133783,0.0,0.0,5.12032182512779,6.009214610651636e-14,6.009214610651636e-14
0.40575,6943.841147127928,0.0,0.0,5.120260148946556,6.009242995297959e-14,6.009242995297959e-14
0.4058,6943.878465862691,0.0,0.0,5.120201291138623,6.009270733043429e-14,6.009270733043429e-14
0.40585000000000004,6943.920517882824,0.0,0.0,5.1201454020120405,6.009306860661039e-14,6.009306860661039e-14
0.40590000000000004,6943.967206022649,0.0,0.0,5.1200924853114085,6.009343400475465e-14,6.009343400475465e-14
0.40595000000000003,6944.018488688319,0.0,0.0,5.120042698911021,6.009386826957529e-14,6.009386826957529e-14
0.406,6944.074281255965,0.0,0.0,5.119996026915565,6.009432152946373e-14,6.009432152946373e-14
0.40605,6944.13450250851,0.0,0.0,5.119952623802191,6.009482491547164e-14,6.009482491547164e-14
0.4061,6944.199081873917,0.0,0.0,5.119912464828958,6.009536428317252e-14,6.009536428317252e-14
0.40615,6944.267899667502,0.0,0.0,5.119875689214021,6.009593369362137e-14,6.009593369362137e-14
0.4062,6944.340897400122,0.0,0.0,5.119842274389968,6.009655573600182e-14,6.009655573600182e-14
0.40625,6944.4179215595395,0.0,0.0,5.119812333116552,6.009718887441795e-14,6.009718887441795e-14
0.4063,6944.498920683433,0.0,0.0,5.119785854695965,6.009788856975631e-14,6.009788856975631e-14
0.40635000000000004,6944.583714933112,0.0,0.0,5.119762916391998,6.009858380239931e-14,6.009858380239931e-14
0.40640000000000004,6944.672252548477,0.0,0.0,5.119743526362094,6.009935479255691e-14,6.009935479255691e-14
0.40645000000000003,6944.7643367309465,0.0,0.0,5.119727720722649,6.010011086869469e-14,6.010011086869469e-14
0.40650000000000003,6944.859906951564,0.0,0.0,5.119715529747971,6.010094583742237e-14,6.010094583742237e-14
0.40655,6944.958759462026,0.0,0.0,5.119706946915147,6.01017615123146e-14,6.01017615123146e-14
0.4066,6945.060816609045,0.0,0.0,5.119702023654363,6.010265263719136e-14,6.010265263719136e-14
0.40665,6945.165877076025,0.0,0.0,5.1197007136803645,6.010352625637406e-14,6.010352625637406e-14
0.4067,6945.2738390661025,0.0,0.0,5.119703084487237,6.010446567258868e-14,6.010446567258868e-14
0.40675,6945.384511303882,0.0,0.0,5.119709056886281,6.010539478027312e-14,6.010539478027312e-14
0.4068,6945.497763174447,0.0,0.0,5.119718705883926,6.010637499451451e-14,6.010637499451451e-14
0.40685000000000004,6945.6134184233415,0.0,0.0,5.119731929297991,6.010735602433135e-14,6.010735602433135e-14
0.40690000000000004,6945.731315947417,0.0,0.0,5.1197487987944355,6.010837022552267e-14,6.010837022552267e-14
0.40695000000000003,6945.851296403247,0.0,0.0,5.119769200814357,6.010939831864489e-14,6.010939831864489e-14
0.40700000000000003,6945.973169760898,0.0,0.0,5.119793192011089,6.011044054891777e-14,6.011044054891777e-14
0.40705,6946.096792377574,0.0,0.0,5.119820659204473,6.011150952511833e-14,6.011150952511833e-14
0.4071,6946.221949866377,0.0,0.0,5.119851633140561,6.011257469551763e-14,6.011257469551763e-14
0.40715,6946.348510398455,0.0,0.0,5.119886011340766,6.011367718038704e-14,6.011367718038704e-14
0.4072,6946.476242180545,0.0,0.0,5.1199237900136305,6.01147609390678e-14,6.01147609390678e-14
0.40725,6946.605019417057,0.0,0.0,5.1199648849183905,6.011588862795318e-14,6.011588862795318e-14
0.4073,6946.734601312025,0.0,0.0,5.1200092525294645,6.011698710998547e-14,6.011698710998547e-14
0.40735000000000005,6946.864861442641,0.0,0.0,5.120056830644495,6.011813113060525e-14,6.011813113060525e-14
0.40740000000000004,6946.995558782172,0.0,0.0,5.120107534931427,6.011924063478136e-14,6.011924063478136e-14
0.40745000000000003,6947.126559831491,0.0,0.0,5.1201613248756415,6.012039195747162e-14,6.012039195747162e-14
0.40750000000000003,6947.257631392903,0.0,0.0,5.12021807851112,6.012150860481946e-14,6.012150860481946e-14
0.40755,6947.3886276602425,0.0,0.0,5.120277772677824,6.012265844454319e-14,6.012265844454319e-14
0.4076,6947.519329690634,0.0,0.0,5.120340254735015,6.012377787354596e-14,6.012377787354596e-14
0.40765,6947.649576139965,0.0,0.0,5.120405511281653,6.012491803124218e-14,6.012491803124218e-14
0.4077,6947.779166473053,0.0,0.0,5.120473368784696,6.012603517726803e-14,6.012603517726803e-14
0.40775,6947.907923029359,0.0,0.0,5.120543813904495,6.012715827904686e-14,6.012715827904686e-14
0.4078,6948.035665283341,0.0,0.0,5.120616663496912,6.012826727070923e-14,6.012826727070923e-14
0.40785000000000005,6948.162201006459,0.0,0.0,5.1206918939124675,6.012936688048115e-14,6.012936688048115e-14
0.40790000000000004,6948.2873688366735,0.0,0.0,5.120769323683879,6.013046106676214e-14,6.013046106676214e-14
0.40795000000000003,6948.410965958123,0.0,0.0,5.120848909296698,6.01315316676118e-14,6.01315316676118e-14
0.40800000000000003,6948.532847324781,0.0,0.0,5.120930480808536,6.013260376935978e-14,6.013260376935978e-14
0.40805,6948.652805146306,0.0,0.0,5.121013967440346,6.013364062911167e-14,6.013364062911167e-14
0.4081,6948.770706546835,0.0,0.0,5.121099217983484,6.013468298996386e-14,6.013468298996386e-14
0.40815,6948.886345208374,0.0,0.0,5.121186130154671,6.013568194304327e-14,6.013568194304327e-14
0.4082,6948.999595818565,0.0,0.0,5.121274575257804,6.013668684116396e-14,6.013668684116396e-14
0.40825,6949.110259947546,0.0,0.0,5.1213644189632275,6.013764403001754e-14,6.013764403001754e-14
0.4083,6949.218215615143,0.0,0.0,5.121455555152235,6.013860400448503e-14,6.013860400448503e-14
0.40835000000000005,6949.323277867924,0.0,0.0,5.121547820613351,6.013951562773085e-14,6.013951562773085e-14
0.40840000000000004,6949.4253249078665,0.0,0.0,5.12164112840144,6.01404237735985e-14,6.01404237735985e-14
0.40845000000000004,6949.524189407853,0.0,0.0,5.121735292792326,6.014128588415949e-14,6.014128588415949e-14
0.40850000000000003,6949.6197481580875,0.0,0.0,5.121830239861868,6.014213607725605e-14,6.014213607725605e-14
0.40855,6949.711853825601,0.0,0.0,5.121925770023199,6.014294446334163e-14,6.014294446334163e-14
0.4086,6949.80038193524,0.0,0.0,5.122021814544876,6.014373148880674e-14,6.014373148880674e-14
0.40865,6949.8852056924725,0.0,0.0,5.122118169711365,6.014448165509426e-14,6.014448165509426e-14
0.4087,6949.966201128005,0.0,0.0,5.122214763737416,6.014520123019106e-14,6.014520123019106e-14
0.40875,6950.043260951307,0.0,0.0,5.122311398308965,6.014588847920749e-14,6.014588847920749e-14
0.4088,6950.116264719176,0.0,0.0,5.122407991175392,6.014653717819915e-14,6.014653717819915e-14
0.40885000000000005,6950.185122501858,0.0,0.0,5.1225043575600955,6.014715677517242e-14,6.014715677517242e-14
0.40890000000000004,6950.249721095679,0.0,0.0,5.122600399238119,6.014773187957625e-14,6.014773187957625e-14
0.40895000000000004,6950.309985279355,0.0,0.0,5.122695950786143,6.014827927085002e-14,6.014827927085002e-14
0.40900000000000003,6950.365812865488,0.0,0.0,5.122790895134867,6.014877857924624e-14,6.014877857924624e-14
0.40905,6950.417140797693,0.0,0.0,5.122885089168382,6.014924962672135e-14,6.014924962672135e-14
0.4091,6950.46388115373,0.0,0.0,5.1229783970563165,6.014967126321251e-14,6.014967126321251e-14
0.40915,6950.505981134008,0.0,0.0,5.123070697983691,6.01500624560654e-14,6.01500624560654e-14
0.4092,6950.543369350919,0.0,0.0,5.123161840264489,6.015040471446144e-14,6.015040471446144e-14
0.40925,6950.576002336519,0.0,0.0,5.123251722750068,6.015071332484739e-14,6.015071332484739e-14
0.4093,6950.603826287791,0.0,0.0,5.123340183094125,6.015097457732594e-14,6.015097457732594e-14
0.40935000000000005,6950.626807241826,0.0,0.0,5.123427135240494,6.015119873750624e-14,6.015119873750624e-14
0.40940000000000004,6950.644908813665,0.0,0.0,5.1235124128372425,6.015137742343342e-14,6.015137742343342e-14
0.40945000000000004,6950.658107691548,0.0,0.0,5.123595939326979,6.015151611612823e-14,6.015151611612823e-14
0.40950000000000003,6950.6663837587075,0.0,0.0,5.123677551480305,6.015161081117586e-14,6.015161081117586e-14
0.40955,6950.669726140803,0.0,0.0,5.123757176620792,6.015166378030954e-14,6.015166378030954e-14
0.4096,6950.668129265029,0.0,0.0,5.1238346612613945,6.01516733308828e-14,6.01516733308828e-14
0.40965,6950.661596652995,0.0,0.0,5.123909931878952,6.015164093374961e-14,6.015164093374961e-14
0.4097,6950.650135476812,0.0,0.0,5.123982850012773,6.015156462952549e-14,6.015156462952549e-14
0.40975,6950.633765276725,0.0,0.0,5.124053338151355,6.015144766141286e-14,6.015144766141286e-14
0.4098,6950.612504585398,0.0,0.0,5.12412127625315,6.015128541167879e-14,6.015128541167879e-14
0.40985,6950.5863898018515,0.0,0.0,5.124186581646094,6.015108493841252e-14,6.015108493841252e-14
0.40990000000000004,6950.555450231094,0.0,0.0,5.124249153994155,6.015083741697765e-14,6.015083741697765e-14
0.40995000000000004,6950.5197388930455,0.0,0.0,5.124308906293011,6.015055464893173e-14,6.015055464893173e-14
0.41000000000000003,6950.479296268866,0.0,0.0,5.124365757226865,6.015022337779296e-14,6.015022337779296e-14
0.41005,6950.4341906011305,0.0,0.0,5.124419617986808,6.014985961092283e-14,6.014985961092283e-14
0.4101,6950.384474909799,0.0,0.0,5.124470424057175,6.014944696356878e-14,6.014944696356878e-14
0.41015,6950.330230255083,0.0,0.0,5.124518088491284,6.014900360030272e-14,6.014900360030272e-14
0.4102,6950.271524254092,0.0,0.0,5.124562560462669,6.014851271976495e-14,6.014851271976495e-14
0.41025,6950.2084477412245,0.0,0.0,5.124603758985962,6.014799136731598e-14,6.014799136731598e-14
0.4103,6950.141085234001,0.0,0.0,5.1246416436484985,6.014742600928475e-14,6.014742600928475e-14
0.41035,6950.069534180532,0.0,0.0,5.124676143235466,6.014682863784835e-14,6.014682863784835e-14
0.41040000000000004,6949.9938979871395,0.0,0.0,5.124707224984738,6.014619296292711e-14,6.014619296292711e-14
0.41045000000000004,6949.914278020134,0.0,0.0,5.124734830361566,6.014552209386854e-14,6.014552209386854e-14
0.41050000000000003,6949.830797681545,0.0,0.0,5.124758932512642,6.014482044287185e-14,6.014482044287185e-14
0.41055,6949.743560560594,0.0,0.0,5.124779487197658,6.014407932983672e-14,6.014407932983672e-14
0.4106,6949.652709814775,0.0,0.0,5.124796473011441,6.014331602023657e-14,6.014331602023657e-14
0.41065,6949.558350945975,0.0,0.0,5.124809860206493,6.014250878522683e-14,6.014250878522683e-14
0.4107,6949.460645010022,0.0,0.0,5.124819633620636,6.014168796463932e-14,6.014168796463932e-14
0.41075,6949.359700648796,0.0,0.0,5.124825776944023,6.014081965703756e-14,6.014081965703756e-14
0.4108,6949.2556933333,0.0,0.0,5.1248282830149945,6.013994524095893e-14,6.013994524095893e-14
0.41085,6949.148737486074,0.0,0.0,5.124827147055591,6.013902179916585e-14,6.013902179916585e-14
0.41090000000000004,6949.039018157714,0.0,0.0,5.12482237213058,6.01380975066082e-14,6.01380975066082e-14
0.41095000000000004,6948.92665920584,0.0,0.0,5.124813962795001,6.0137125617562e-14,6.0137125617562e-14
0.41100000000000003,6948.811849603179,0.0,0.0,5.124801934440589,6.013615510150425e-14,6.013615510150425e-14
0.41105,6948.694726685433,0.0,0.0,5.124786299062116,6.013514197048112e-14,6.013514197048112e-14
0.4111,6948.575477583657,0.0,0.0,5.124767085779598,6.013412902324471e-14,6.013412902324471e-14
0.41115,6948.454256783541,0.0,0.0,5.124744312959923,6.013308208184673e-14,6.013308208184673e-14
0.4112,6948.3312444978355,0.0,0.0,5.124718023714765,6.013203088122992e-14,6.013203088122992e-14
0.41125,6948.206614888026,0.0,0.0,5.1246882428771565,6.013095747325513e-14,6.013095747325513e-14
0.4113,6948.080537603776,0.0,0.0,5.124655026462834,6.012987282606708e-14,6.012987282606708e-14
0.41135,6947.95320720051,0.0,0.0,5.12461840710704,6.012877991646418e-14,6.012877991646418e-14
0.41140000000000004,6947.824781122413,0.0,0.0,5.1245784513529244,6.012766745396593e-14,6.012766745396593e-14
0.41145000000000004,6947.695472798107,0.0,0.0,5.124535202016153,6.012656140468447e-14,6.012656140468447e-14
0.41150000000000003,6947.565428118613,0.0,0.0,5.124488732837216,6.012542768950997e-14,6.012542768950997e-14
0.41155,6947.434875511639,0.0,0.0,5.124439099779763,6.012431413748104e-14,6.012431413748104e-14
0.4116,6947.303952211774,0.0,0.0,5.1243863800549585,6.012316665390722e-14,6.012316665390722e-14
0.41165,6947.172895659751,0.0,0.0,5.1243306457011055,6.012205051170649e-14,6.012205051170649e-14
0.4117,6947.041839169432,0.0,0.0,5.1242719739593925,6.012089752822136e-14,6.012089752822136e-14
0.41175,6946.9110216789095,0.0,0.0,5.124210455132252,6.011978310960644e-14,6.011978310960644e-14
0.4118,6946.780578438173,0.0,0.0,5.124146164022087,6.011863342247191e-14,6.011863342247191e-14
0.41185,6946.650741690611,0.0,0.0,5.124079210013817,6.011752467511394e-14,6.011752467511394e-14
0.41190000000000004,6946.521654664986,0.0,0.0,5.124009664534343,6.011638726069233e-14,6.011638726069233e-14
0.41195000000000004,6946.393535049668,0.0,0.0,5.123937655050136,6.011528807088452e-14,6.011528807088452e-14
0.41200000000000003,6946.266539260282,0.0,0.0,5.123863250530133,6.011417168976293e-14,6.011417168976293e-14
0.41205,6946.140863919738,0.0,0.0,5.123786593536265,6.011308621083774e-14,6.011308621083774e-14
0.4121,6946.016682050959,0.0,0.0,5.123707753359241,6.011199901621847e-14,6.011199901621847e-14
0.41215,6945.894164925422,0.0,0.0,5.123626882853508,6.011093196662688e-14,6.011093196662688e-14
0.4122,6945.773503068406,0.0,0.0,5.123544055942298,6.010988117073315e-14,6.010988117073315e-14
0.41225,6945.654840932374,0.0,0.0,5.123459429651601,6.01088380502094e-14,6.01088380502094e-14
0.4123,6945.538384513477,0.0,0.0,5.123373087741149,6.01078296960317e-14,6.01078296960317e-14
0.41235,6945.42425300854,0.0,0.0,5.123285184738064,6.010681687867268e-14,6.010681687867268e-14
0.41240000000000004,6945.3126629372555,0.0,0.0,5.12319581947844,6.010585575025474e-14,6.010585575025474e-14
0.41245000000000004,6945.203712620146,0.0,0.0,5.1231051376987224,6.010488043085289e-14,6.010488043085289e-14
0.41250000000000003,6945.097621674933,0.0,0.0,5.123013257639442,6.010397011593544e-14,6.010397011593544e-14
0.41255000000000003,6944.994474114683,0.0,0.0,5.122920311277466,6.010304010712706e-14,6.010304010712706e-14
0.4126,6944.894483568769,0.0,0.0,5.122826438787719,6.010218320397572e-14,6.010218320397572e-14
0.41265,6944.7977275411,0.0,0.0,5.122731755547764,6.010130660440282e-14,6.010130660440282e-14
0.4127,6944.704404016107,0.0,0.0,5.122636423724089,6.010050504297493e-14,6.010050504297493e-14
0.41275,6944.614591853036,0.0,0.0,5.1225405419126835,6.009968981646662e-14,6.009968981646662e-14
0.4128,6944.528464379168,0.0,0.0,5.122444291516689,6.009894524668917e-14,6.009894524668917e-14
0.41285,6944.446108536433,0.0,0.0,5.122347756973503,6.009819876685436e-14,6.009819876685436e-14
0.41290000000000004,6944.367665793935,0.0,0.0,5.122251133428615,6.009751295551056e-14,6.009751295551056e-14
0.41295000000000004,6944.293235697193,0.0,0.0,5.122154496309495,6.0096841576816e-14,6.0096841576816e-14
0.41300000000000003,6944.222923416781,0.0,0.0,5.122058046769368,6.009621675220486e-14,6.009621675220486e-14
0.41305000000000003,6944.156842638839,0.0,0.0,5.121961858212127,6.009562546608123e-14,6.009562546608123e-14
0.4131,6944.095061147282,0.0,0.0,5.121866128697197,6.00950645560245e-14,6.00950645560245e-14
0.41315,6944.037704955236,0.0,0.0,5.12177093741643,6.009455677985778e-14,6.009455677985778e-14
0.4132,6943.984806865315,0.0,0.0,5.121676470001279,6.00940635034029e-14,6.00940635034029e-14
0.41325,6943.936500158518,0.0,0.0,5.1215828188701344,6.009364103191941e-14,6.009364103191941e-14
0.4133,6943.892788218351,0.0,0.0,5.121490148895586,6.009321982620087e-14,6.009321982620087e-14
0.41335,6943.8538038595225,0.0,0.0,5.121398571578017,6.009288295230691e-14,6.009288295230691e-14
0.41340000000000005,6943.819528991288,0.0,0.0,5.121308224859403,6.00925387398465e-14,6.00925387398465e-14
0.41345000000000004,6943.790086515237,0.0,0.0,5.121219242555261,6.009228652793935e-14,6.009228652793935e-14
0.41350000000000003,6943.765446086656,0.0,0.0,5.121131732562763,6.009202435349406e-14,6.009202435349406e-14
0.41355000000000003,6943.745710756913,0.0,0.0,5.1210458509195895,6.009185502642259e-14,6.009185502642259e-14
0.4136,6943.730847136488,0.0,0.0,5.120961675917622,6.00916796117187e-14,6.00916796117187e-14
0.41365,6943.720929311822,0.0,0.0,5.120879382148804,6.009159099633322e-14,6.009159099633322e-14
0.4137,6943.715928760973,0.0,0.0,5.120799022297036,6.009150627371489e-14,6.009150627371489e-14
0.41375,6943.71588353129,0.0,0.0,5.120720782527655,6.009149624113399e-14,6.009149624113399e-14
0.4138,6943.720775481496,0.0,0.0,5.120644696964829,6.009150493076477e-14,6.009150493076477e-14
0.41385,6943.730602537632,0.0,0.0,5.1205709538068245,6.009157176842969e-14,6.009157176842969e-14
0.41390000000000005,6943.74535928926,0.0,0.0,5.120499577756376,6.009167505790856e-14,6.009167505790856e-14
0.41395000000000004,6943.765003001125,0.0,0.0,5.120430748096726,6.009181772011507e-14,6.009181772011507e-14
0.41400000000000003,6943.789539864625,0.0,0.0,5.120364490048266,6.009201509135808e-14,6.009201509135808e-14
0.41405000000000003,6943.818889556624,0.0,0.0,5.120300963019764,6.009223329280294e-14,6.009223329280294e-14
0.4141,6943.853065437282,0.0,0.0,5.12024020204984,6.009252252015803e-14,6.009252252015803e-14
0.41415,6943.891955865786,0.0,0.0,5.120182337146772,6.009281665992979e-14,6.009281665992979e-14
0.4142,6943.935574274177,0.0,0.0,5.120127420444418,6.009319397975325e-14,6.009319397975325e-14
0.41425,6943.983786326521,0.0,0.0,5.1200755457451,6.009356490783408e-14,6.009356490783408e-14
0.4143,6944.0365967793605,0.0,0.0,5.120026786402265,6.009402533557817e-14,6.009402533557817e-14
0.41435,6944.093858425632,0.0,0.0,5.119981196867954,6.009447399700214e-14,6.009447399700214e-14
0.41440000000000005,6944.155558189276,0.0,0.0,5.1199388719818995,6.009501174755862e-14,6.009501174755862e-14
0.41445000000000004,6944.221545723843,0.0,0.0,5.119899827815244,6.009553875669318e-14,6.009553875669318e-14
0.41450000000000004,6944.291781846187,0.0,0.0,5.1198641769318805,6.009614770976139e-14,6.009614770976139e-14
0.41455000000000003,6944.366121455967,0.0,0.0,5.119831901996037,6.009675291719867e-14,6.009675291719867e-14
0.4146,6944.444493032546,0.0,0.0,5.119803125901618,6.009742706379891e-14,6.009742706379891e-14
0.41465,6944.526762721763,0.0,0.0,5.1197778062207195,6.009810917870552e-14,6.009810917870552e-14
0.4147,6944.612823348834,0.0,0.0,5.119756066067956,6.009884298889906e-14,6.009884298889906e-14
0.41475,6944.702555237431,0.0,0.0,5.119737848447324,6.009959931120514e-14,6.009959931120514e-14
0.4148,6944.795815616252,0.0,0.0,5.1197232651835,6.010038797518967e-14,6.010038797518967e-14
0.41485,6944.89249861242,0.0,0.0,5.119712256001665,6.010121427574776e-14,6.010121427574776e-14
0.41490000000000005,6944.99242928421,0.0,0.0,5.119704910053219,6.010205378990396e-14,6.010205378990396e-14
0.41495000000000004,6945.095512112765,0.0,0.0,5.11970117428451,6.01029443551209e-14,6.01029443551209e-14
0.41500000000000004,6945.201546319166,0.0,0.0,5.119701105447093,6.01038314474644e-14,6.01038314474644e-14
0.41505000000000003,6945.310440870081,0.0,0.0,5.119704665972656,6.010477928167249e-14,6.010477928167249e-14
0.4151,6945.421977547849,0.0,0.0,5.119711873457719,6.010571119469854e-14,6.010571119469854e-14
0.41515,6945.536062494348,0.0,0.0,5.119722710713922,6.010670835126772e-14,6.010670835126772e-14
0.4152,6945.652469422796,0.0,0.0,5.119737153312936,6.010768252059644e-14,6.010768252059644e-14
0.41525,6945.771094049265,0.0,0.0,5.1197552053102795,6.010872051560291e-14,6.010872051560291e-14
0.4153,6945.891711172997,0.0,0.0,5.1197768016531535,6.010973419693594e-14,6.010973419693594e-14
0.41535,6946.0141993495345,0.0,0.0,5.119801964378506,6.011080444868932e-14,6.011080444868932e-14
0.41540000000000005,6946.138342297338,0.0,0.0,5.119830593281908,6.011185435195232e-14,6.011185435195232e-14
0.41545000000000004,6946.263996541004,0.0,0.0,5.119862721474306,6.011294858776746e-14,6.011294858776746e-14
0.41550000000000004,6946.39096035351,0.0,0.0,5.119898222395051,6.011403057438326e-14,6.011403057438326e-14
0.41555000000000003,6946.519065925333,0.0,0.0,5.1199371306643435,6.01151411526574e-14,6.01151411526574e-14
0.4156,6946.648128991693,0.0,0.0,5.119979304289614,6.011625004119955e-14,6.011625004119955e-14
0.41565,6946.777957991208,0.0,0.0,5.120024768529968,6.011737015072611e-14,6.011737015072611e-14
0.4157,6946.908386179411,0.0,0.0,5.120073377547852,6.011849965888973e-14,6.011849965888973e-14
0.41575,6947.039201613829,0.0,0.0,5.1201251365875065,6.011962337678733e-14,6.011962337678733e-14
0.4158,6947.170252563276,0.0,0.0,5.120179906685437,6.012076620687682e-14,6.012076620687682e-14
0.41585,6947.301312382608,0.0,0.0,5.120237664111159,6.012188841776055e-14,6.012188841776055e-14
0.41590000000000005,6947.432239913505,0.0,0.0,5.120298285246489,6.012303647188436e-14,6.012303647188436e-14
0.41595000000000004,6947.562801015201,0.0,0.0,5.120361711345971,6.012415267144187e-14,6.012415267144187e-14
0.41600000000000004,6947.692859598746,0.0,0.0,5.120427839321823,6.012529736414413e-14,6.012529736414413e-14
0.41605000000000003,6947.822181812872,0.0,0.0,5.120496573099338,6.012640338640471e-14,6.012640338640471e-14
0.4161,6947.950631041431,0.0,0.0,5.120567831461936,6.012753600976074e-14,6.012753600976074e-14
0.41615,6948.077981109553,0.0,0.0,5.120641482699166,6.012862772699263e-14,6.012862772699263e-14
0.4162,6948.204090106547,0.0,0.0,5.120717464952454,6.012973981727446e-14,6.012973981727446e-14
0.41625,6948.328745664251,0.0,0.0,5.120795616305631,6.013081286334876e-14,6.013081286334876e-14
0.4163,6948.451797380056,0.0,0.0,5.120875888417766,6.013189652052976e-14,6.013189652052976e-14
0.41635,6948.573050944603,0.0,0.0,5.120958097560508,6.013294608238736e-14,6.013294608238736e-14
0.4164,6948.692346295493,0.0,0.0,5.121042200718231,6.013399420297874e-14,6.013399420297874e-14
0.41645000000000004,6948.809509248723,0.0,0.0,5.121128002554218,6.013501491231249e-14,6.013501491231249e-14
0.41650000000000004,6948.924371069403,0.0,0.0,5.121215456107109,6.013602131090269e-14,6.013602131090269e-14
0.41655000000000003,6949.036777612795,0.0,0.0,5.1213043650858205,6.013700725093697e-14,6.013700725093697e-14
0.4166,6949.146554407295,0.0,0.0,5.121394669615542,6.013796666398468e-14,6.013796666398468e-14
0.41665,6949.253565454009,0.0,0.0,5.121486182185957,6.013891148769799e-14,6.013891148769799e-14
0.4167,6949.357634942062,0.0,0.0,5.121578822635965,6.0139819471379e-14,6.0139819471379e-14
0.41675,6949.4586419012085,0.0,0.0,5.121672419867856,6.014071661027792e-14,6.014071661027792e-14
0.4168,6949.556414366669,0.0,0.0,5.121766868676796,6.014156936009163e-14,6.014156936009163e-14
0.41685,6949.650842769809,0.0,0.0,5.1218620190671365,6.014241228945877e-14,6.014241228945877e-14
0.4169,6949.741764222133,0.0,0.0,5.121957739262681,6.014320641990532e-14,6.014320641990532e-14
0.41695000000000004,6949.829077141973,0.0,0.0,5.1220539017282976,6.014398893931359e-14,6.014398893931359e-14
0.41700000000000004,6949.912632301554,0.0,0.0,5.1221503499551915,6.014472126610158e-14,6.014472126610158e-14
0.41705000000000003,6949.992333517636,0.0,0.0,5.122246976994163,6.014543775350599e-14,6.014543775350599e-14
0.4171,6950.068048630826,0.0,0.0,5.122343606468334,6.014610511771713e-14,6.014610511771713e-14
0.41715,6950.139685506419,0.0,0.0,5.12244014745477,6.014675072180685e-14,6.014675072180685e-14
0.4172,6950.207130987627,0.0,0.0,5.122536410851328,6.01473498860124e-14,6.01473498860124e-14
0.41725,6950.270297034047,0.0,0.0,5.122632315413746,6.014792063312122e-14,6.014792063312122e-14
0.4173,6950.329089922219,0.0,0.0,5.122727667708598,6.014844826550742e-14,6.014844826550742e-14
0.41735,6950.3834270399775,0.0,0.0,5.122822389132929,6.014894107251304e-14,6.014894107251304e-14
0.4174,6950.433233246635,0.0,0.0,5.12291629042354,6.01493938188818e-14,6.01493938188818e-14
0.41745000000000004,6950.478433644918,0.0,0.0,5.123009289019487,6.014980641947543e-14,6.014980641947543e-14
0.41750000000000004,6950.5189699630855,0.0,0.0,5.123101207349541,6.015018104760904e-14,6.015018104760904e-14
0.41755000000000003,6950.55477776847,0.0,0.0,5.123191953723242,6.015051185347532e-14,6.015051185347532e-14
0.4176,6950.5858136073175,0.0,0.0,5.123281367928907,6.015080544209411e-14,6.015080544209411e-14
0.41765,6950.612026178029,0.0,0.0,5.123369346115249,6.015105337067528e-14,6.015105337067528e-14
0.4177,6950.6333849881985,0.0,0.0,5.123455748698647,6.015126350821622e-14,6.015126350821622e-14
0.41775,6950.649853951093,0.0,0.0,5.1235404591210125,6.015142781304155e-14,6.015142781304155e-14
0.4178,6950.661414310341,0.0,0.0,5.123623359141629,6.015155277066799e-14,6.015155277066799e-14
0.41785,6950.668046334281,0.0,0.0,5.123704321383188,6.015163290821388e-14,6.015163290821388e-14
0.4179,6950.669742671793,0.0,0.0,5.123783247342565,6.015167175681265e-14,6.015167175681265e-14
0.41795000000000004,6950.666499984254,0.0,0.0,5.123860002728963,6.015166731579431e-14,6.015166731579431e-14
0.41800000000000004,6950.65832293349,0.0,0.0,5.123934505410801,6.01516199672326e-14,6.01516199672326e-14
0.41805000000000003,6950.6452235784745,0.0,0.0,5.124006619416609,6.015153067367212e-14,6.015153067367212e-14
0.4181,6950.627219960838,0.0,0.0,5.124076274635361,6.015139784034776e-14,6.015139784034776e-14
0.41815,6950.604337787347,0.0,0.0,5.124143339134553,6.015122363690977e-14,6.015122363690977e-14
0.4182,6950.576610240677,0.0,0.0,5.124207750342071,6.015100671833458e-14,6.015100671833458e-14
0.41825,6950.544074603996,0.0,0.0,5.124269385724748,6.015074790193725e-14,6.015074790193725e-14
0.4183,6950.506780878909,0.0,0.0,5.1243281864272126,6.01504488202072e-14,6.01504488202072e-14
0.41835,6950.464776033146,0.0,0.0,5.124384043601003,6.015010621034877e-14,6.015010621034877e-14
0.4184,6950.418127985509,0.0,0.0,5.124436899546466,6.014972722566225e-14,6.014972722566225e-14
0.41845000000000004,6950.366892146335,0.0,0.0,5.124486661832433,6.014930232933038e-14,6.014930232933038e-14
0.41850000000000004,6950.31115445484,0.0,0.0,5.124533272941743,6.014884587055345e-14,6.014884587055345e-14
0.41855000000000003,6950.250978516323,0.0,0.0,5.1245766578627885,6.014834100911006e-14,6.014834100911006e-14
0.4186,6950.186467150546,0.0,0.0,5.124616759891216,6.01478095520705e-14,6.01478095520705e-14
0.41865,6950.117693048896,0.0,0.0,5.1246535208383,6.014722792127873e-14,6.014722792127873e-14
0.4187,6950.044773506017,0.0,0.0,5.1246868867696636,6.014662393917268e-14,6.014662393917268e-14
0.41875,6949.967792234732,0.0,0.0,5.124716814519756,6.01459695845587e-14,6.01459695845587e-14
0.4188,6949.886877554018,0.0,0.0,5.124743255707028,6.014529558202576e-14,6.014529558202576e-14
0.41885,6949.802126847605,0.0,0.0,5.124766179758743,6.014457328615629e-14,6.014457328615629e-14
0.4189,6949.713675402274,0.0,0.0,5.124785546833088,6.014383191318764e-14,6.014383191318764e-14
0.41895000000000004,6949.621637117663,0.0,0.0,5.124801336522823,6.014304700690468e-14,6.014304700690468e-14
0.41900000000000004,6949.5261501761015,0.0,0.0,5.124813520095916,6.014224123355569e-14,6.014224123355569e-14
0.41905000000000003,6949.427347409991,0.0,0.0,5.124822085459647,6.014139935694654e-14,6.014139935694654e-14
0.41910000000000003,6949.325366453851,0.0,0.0,5.124827016641523,6.014053267744751e-14,6.014053267744751e-14
0.41915,6949.2203604394845,0.0,0.0,5.124828308994932,6.013963952625645e-14,6.013963952625645e-14
0.4192,6949.112464226073,0.0,0.0,5.124825959742472,6.013871615373875e-14,6.013871615373875e-14
0.41925,6949.001851053224,0.0,0.0,5.124819971963556,6.01377772510345e-14,6.01377772510345e-14
0.4193,6948.888652414397,0.0,0.0,5.124810355264402,6.013680226333643e-14,6.013680226333643e-14
0.41935,6948.773059611885,0.0,0.0,5.124797121776481,6.013582279386042e-14,6.013582279386042e-14
0.4194,6948.655201990531,0.0,0.0,5.124780291661708,6.01348021967642e-14,6.01348021967642e-14
0.41945000000000005,6948.535285002215,0.0,0.0,5.124759888128431,6.013378693260429e-14,6.013378693260429e-14
0.41950000000000004,6948.413438739667,0.0,0.0,5.124735939497006,6.013272761892366e-14,6.013272761892366e-14
0.41955000000000003,6948.289877313701,0.0,0.0,5.124708482252603,6.013168095107765e-14,6.013168095107765e-14
0.41960000000000003,6948.16473571493,0.0,0.0,5.124677550483416,6.01305905500716e-14,6.01305905500716e-14
0.41965,6948.038230214657,0.0,0.0,5.124643195729041,6.012951662347362e-14,6.012951662347362e-14
0.4197,6947.910505431008,0.0,0.0,5.124605456053657,6.01284032527688e-14,6.01284032527688e-14
0.41975,6947.781773065409,0.0,0.0,5.124564398853291,6.012730618472889e-14,6.012730618472889e-14
0.4198,6947.65219184508,0.0,0.0,5.124520065465238,6.012617813340217e-14,6.012617813340217e-14
0.41985,6947.521962809982,0.0,0.0,5.1244725385717915,6.01250622804867e-14,6.01250622804867e-14
0.4199,6947.391262172321,0.0,0.0,5.124421863455986,6.012392766432444e-14,6.012392766432444e-14
0.41995000000000005,6947.260275691099,0.0,0.0,5.124368135990769,6.012279789267231e-14,6.012279789267231e-14
0.42000000000000004,6947.129198581774,0.0,0.0,5.124311407468477,6.012166432916815e-14,6.012166432916815e-14
0.42005000000000003,6946.998198837229,0.0,0.0,5.124251783466376,6.012052624016613e-14,6.012052624016613e-14
0.42010000000000003,6946.867489816371,0.0,0.0,5.12418932446521,6.011940058984114e-14,6.011940058984114e-14
0.42015,6946.737221773561,0.0,0.0,5.124124141285824,6.011826065774221e-14,6.011826065774221e-14
0.4202,6946.607622779537,0.0,0.0,5.124056307358427,6.011714887030551e-14,6.011714887030551e-14
0.42025,6946.478827911065,0.0,0.0,5.123985933952321,6.011601446001982e-14,6.011601446001982e-14
0.4203,6946.351074129366,0.0,0.0,5.123913111079426,6.011492154933678e-14,6.011492154933678e-14
0.42035,6946.2244860691135,0.0,0.0,5.123837946090558,6.011380080006598e-14,6.011380080006598e-14
0.4204,6946.099301921239,0.0,0.0,5.123760548311984,6.011273095310371e-14,6.011273095310371e-14
0.42045000000000005,6945.975642086626,0.0,0.0,5.123681017994154,6.011163253352017e-14,6.011163253352017e-14
0.42050000000000004,6945.853737340163,0.0,0.0,5.123599484913891,6.011058933822494e-14,6.011058933822494e-14
0.42055000000000003,6945.733710575383,0.0,0.0,5.123516040841202,6.010952209899376e-14,6.010952209899376e-14
0.42060000000000003,6945.615776565293,0.0,0.0,5.123430835049411,6.010850885715957e-14,6.010850885715957e-14
0.42065,6945.5000668659795,0.0,0.0,5.1233439516087005,6.010748142320265e-14,6.010748142320265e-14
0.4207,6945.386772811133,0.0,0.0,5.123255556054882,6.010650150035448e-14,6.010650150035448e-14
0.42075,6945.276039193421,0.0,0.0,5.1231657277203535,6.010552185589836e-14,6.010552185589836e-14
0.4208,6945.168028591503,0.0,0.0,5.123074643059488,6.010457901273284e-14,6.010457901273284e-14
0.42085,6945.06290116501,0.0,0.0,5.122982381465014,6.010365413526093e-14,6.010365413526093e-14
0.4209,6944.960788254353,0.0,0.0,5.12288912338407,6.010275278624328e-14,6.010275278624328e-14
0.42095000000000005,6944.861864548936,0.0,0.0,5.122794954224257,6.010188837994407e-14,6.010188837994407e-14
0.42100000000000004,6944.766230836087,0.0,0.0,5.122700050742787,6.010103373393573e-14,6.010103373393573e-14
0.42105000000000004,6944.674072418432,0.0,0.0,5.122604510547628,6.01002341003967e-14,6.01002341003967e-14
0.42110000000000003,6944.585463283983,0.0,0.0,5.122508499275251,6.009943215457924e-14,6.009943215457924e-14
0.42115,6944.50059268304,0.0,0.0,5.122412132112755,6.009870021938244e-14,6.009870021938244e-14
0.4212,6944.419514093679,0.0,0.0,5.122315557440433,6.009795759910222e-14,6.009795759910222e-14
0.42125,6944.342412036861,0.0,0.0,5.1222189116053425,6.009729509094534e-14,6.009729509094534e-14
0.4213,6944.269327405425,0.0,0.0,5.1221223218074625,6.009661875073553e-14,6.009661875073553e-14
0.42135,6944.200430352307,0.0,0.0,5.122025946551534,6.009602650756121e-14,6.009602650756121e-14
0.4214,6944.135757598711,0.0,0.0,5.121929890782214,6.009542332976529e-14,6.009542332976529e-14
0.42145000000000005,6944.075455547783,0.0,0.0,5.121834333132439,6.009490168746139e-14,6.009490168746139e-14
0.42150000000000004,6944.019564418988,0.0,0.0,5.1217393583115465,6.009437803064292e-14,6.009437803064292e-14
0.42155000000000004,6943.96819895792,0.0,0.0,5.12164516000879,6.009392723736447e-14,6.009392723736447e-14
0.42160000000000003,6943.921408664479,0.0,0.0,5.121551807608893,6.009348849521301e-14,6.009348849521301e-14
0.42165,6943.879271235043,0.0,0.0,5.121459502182486,6.009310908968865e-14,6.009310908968865e-14
0.4217,6943.84184845449,0.0,0.0,5.121368304945412,6.009275932078688e-14,6.009275932078688e-14
0.42175,6943.809178810687,0.0,0.0,5.121278414921859,6.009245241770666e-14,6.009245241770666e-14
0.4218,6943.781336094879,0.0,0.0,5.121189893549606,6.009219409727291e-14,6.009219409727291e-14
0.42185,6943.758320944507,0.0,0.0,5.121102927778692,6.009196153572981e-14,6.009196153572981e-14
0.4219,6943.740215551199,0.0,0.0,5.1210175876559125,6.009179546398249e-14,6.009179546398249e-14
0.42195000000000005,6943.7269873860805,0.0,0.0,5.120934038726984,6.009163979469246e-14,6.009163979469246e-14
0.42200000000000004,6943.7187205357795,0.0,0.0,5.120852366738888,6.009156517451403e-14,6.009156517451403e-14
0.42205000000000004,6943.715356671186,0.0,0.0,5.12077270845618,6.00914894850248e-14,6.00914894850248e-14
0.42210000000000003,6943.716973212409,0.0,0.0,5.120695169965241,6.00915041580563e-14,6.00915041580563e-14
0.42215,6943.723495069384,0.0,0.0,5.120619854854059,6.009151175875937e-14,6.009151175875937e-14
0.4222,6943.73498352011,0.0,0.0,5.120546890891431,6.009161256662094e-14,6.009161256662094e-14
0.42225,6943.7513561937,0.0,0.0,5.1204763477167985,6.009170658102367e-14,6.009170658102367e-14
0.4223,6943.7726491169,0.0,0.0,5.120408372430251,6.009188980078975e-14,6.009188980078975e-14
0.42235,6943.798781276184,0.0,0.0,5.1203430037246065,6.009207271742336e-14,6.009207271742336e-14
0.4224,6943.829755943714,0.0,0.0,5.12028040210668,6.009233451019726e-14,6.009233451019726e-14
0.42245000000000005,6943.865500106426,0.0,0.0,5.120220581721213,6.00926077594566e-14,6.00926077594566e-14
0.42250000000000004,6943.905979408272,0.0,0.0,5.120163707620923,6.009294456923813e-14,6.009294456923813e-14
0.42255000000000004,6943.9511326228785,0.0,0.0,5.120109778333541,6.009330818487955e-14,6.009330818487955e-14
0.42260000000000003,6944.000886187835,0.0,0.0,5.120058952735926,6.009371703269859e-14,6.009371703269859e-14
0.42265,6944.055191141069,0.0,0.0,5.120011223964331,6.00941694456892e-14,6.00941694456892e-14
0.4227,6944.113936647784,0.0,0.0,5.119966733506777,6.009464807935952e-14,6.009464807935952e-14
0.42275,6944.177083197645,0.0,0.0,5.119925479185869,6.00951860730195e-14,6.00951860730195e-14
0.4228,6944.244487870432,0.0,0.0,5.119887574870695,6.009573295432542e-14,6.009573295432542e-14
0.42285,6944.316114985477,0.0,0.0,5.1198530315569295,6.009635178675382e-14,6.009635178675382e-14
0.4229,6944.3917972840645,0.0,0.0,5.119821927617888,6.009696592160061e-14,6.009696592160061e-14
0.42295,6944.4714953529765,0.0,0.0,5.119794292879182,6.009765959812806e-14,6.009765959812806e-14
0.42300000000000004,6944.555026877376,0.0,0.0,5.1197701657648755,6.009834023796406e-14,6.009834023796406e-14
0.42305000000000004,6944.642340339251,0.0,0.0,5.119749596903163,6.009910189547549e-14,6.009910189547549e-14
0.42310000000000003,6944.733247978411,0.0,0.0,5.119732584352783,6.009984815673376e-14,6.009984815673376e-14
0.42315,6944.8276782169505,0.0,0.0,5.1197191974888385,6.010067050684122e-14,6.010067050684122e-14
0.4232,6944.92544657083,0.0,0.0,5.119709397692484,6.010148096623606e-14,6.010148096623606e-14
0.42325,6945.0264550143975,0.0,0.0,5.119703267221802,6.010235673700334e-14,6.010235673700334e-14
0.4233,6945.130529114343,0.0,0.0,5.119700738076669,6.010322906329623e-14,6.010322906329623e-14
0.42335,6945.237540489076,0.0,0.0,5.119701896483431,6.010415138077581e-14,6.010415138077581e-14
0.4234,6945.347328830321,0.0,0.0,5.119706654975422,6.010508205716013e-14,6.010508205716013e-14
0.42345,6945.45973452417,0.0,0.0,5.119715092972355,6.010604471814736e-14,6.010604471814736e-14
0.42350000000000004,6945.574612409476,0.0,0.0,5.119727114726873,6.010702889549412e-14,6.010702889549412e-14
0.42355000000000004,6945.691773918669,0.0,0.0,5.11974278167446,6.010802649968489e-14,6.010802649968489e-14
0.42360000000000003,6945.811087094969,0.0,0.0,5.11976200072863,6.010905800130375e-14,6.010905800130375e-14
0.42365,6945.9323395398405,0.0,0.0,5.1197848052796395,6.011008593246471e-14,6.011008593246471e-14
0.4237,6946.055408092861,0.0,0.0,5.119811114128894,6.011115740895821e-14,6.011115740895821e-14
0.42375,6946.180063803477,0.0,0.0,5.11984092504469,6.011221167687048e-14,6.011221167687048e-14
0.4238,6946.306186261379,0.0,0.0,5.119874175009697,6.011331488850226e-14,6.011331488850226e-14
0.42385,6946.433538444004,0.0,0.0,5.119910822102527,6.011439186355015e-14,6.011439186355015e-14
0.4239,6946.561996031141,0.0,0.0,5.1199508240485425,6.011551804998038e-14,6.011551804998038e-14
0.42395,6946.6913225319495,0.0,0.0,5.1199940992182515,6.011661413695965e-14,6.011661413695965e-14
0.42400000000000004,6946.821383510348,0.0,0.0,5.120040624639879,6.011775442324805e-14,6.011775442324805e-14
0.42405000000000004,6946.951950692326,0.0,0.0,5.1200902829912645,6.011886572826881e-14,6.011886572826881e-14
0.42410000000000003,6947.082874730402,0.0,0.0,5.120143065454273,6.012001151255815e-14,6.012001151255815e-14
0.42415,6947.213941473552,0.0,0.0,5.120198826500412,6.01211335560883e-14,6.01211335560883e-14
0.4242,6947.344983989558,0.0,0.0,5.120257563411228,6.012227682918794e-14,6.012227682918794e-14
0.42425,6947.475805813617,0.0,0.0,5.120319112385105,6.012340434930339e-14,6.012340434930339e-14
0.4243,6947.606222253159,0.0,0.0,5.120383467041224,6.012453790829721e-14,6.012453790829721e-14
0.42435,6947.73605554863,0.0,0.0,5.120450456350401,6.012566478323215e-14,6.012566478323215e-14
0.4244,6947.865105569651,0.0,0.0,5.120520060213158,6.012678231833354e-14,6.012678231833354e-14
0.42445,6947.993211908332,0.0,0.0,5.120592111078284,6.012790161842464e-14,6.012790161842464e-14
0.42450000000000004,6948.120163461198,0.0,0.0,5.120666566205013,6.012899767208977e-14,6.012899767208977e-14
0.42455000000000004,6948.245813944394,0.0,0.0,5.120743270521269,6.013010183160995e-14,6.013010183160995e-14
0.42460000000000003,6948.369947246515,0.0,0.0,5.12082215209709,6.013117164792563e-14,6.013117164792563e-14
0.42465,6948.492426839405,0.0,0.0,5.120903074549001,6.0132252729879e-14,6.0132252729879e-14
0.4247,6948.613038252035,0.0,0.0,5.120985933468508,6.013329202801301e-14,6.013329202801301e-14
0.42475,6948.7316500476745,0.0,0.0,5.121070613913582,6.013434204224647e-14,6.013434204224647e-14
0.4248,6948.848055865563,0.0,0.0,5.121156979378143,6.013534675748064e-14,6.013534675748064e-14
0.42485,6948.962125222579,0.0,0.0,5.121244935496236,6.01363579864202e-14,6.01363579864202e-14
0.4249,6949.07366538512,0.0,0.0,5.121334317610427,6.013732402495364e-14,6.013732402495364e-14
0.42495,6949.182543888788,0.0,0.0,5.1214250477958885,6.013828931222338e-14,6.013828931222338e-14
0.42500000000000004,6949.288585614688,0.0,0.0,5.1215169401645975,6.013921236120988e-14,6.013921236120988e-14
0.42505000000000004,6949.391654821187,0.0,0.0,5.121609926620138,6.014012532635201e-14,6.014012532635201e-14
0.42510000000000003,6949.491596158606,0.0,0.0,5.121703808962774,6.014100074949462e-14,6.014100074949462e-14
0.42515000000000003,6949.588271094862,0.0,0.0,5.12179852094028,6.014185590517808e-14,6.014185590517808e-14
0.4252,6949.681544367698,0.0,0.0,5.121893861748412,6.014267873887898e-14,6.014267873887898e-14
0.42525,6949.771276772604,0.0,0.0,5.121989758874138,6.014347150339193e-14,6.014347150339193e-14
0.4253,6949.857351892529,0.0,0.0,5.12208601814228,6.01442365512767e-14,6.01442365512767e-14
0.42535,6949.939633197473,0.0,0.0,5.1221825537633165,6.014496316598048e-14,6.014496316598048e-14
0.4254,6950.018020802959,0.0,0.0,5.122279185818903,6.014566517373251e-14,6.014566517373251e-14
0.42545,6950.092384858511,0.0,0.0,5.122375810314062,6.01463225497312e-14,6.01463225497312e-14
0.42550000000000004,6950.162639237462,0.0,0.0,5.122472266762946,6.014695642982358e-14,6.014695642982358e-14
0.42555000000000004,6950.22866479806,0.0,0.0,5.122568430773208,6.0147541958248e-14,6.0147541958248e-14
0.42560000000000003,6950.290386550743,0.0,0.0,5.1226641635625,6.014810302735444e-14,6.014810302735444e-14
0.42565000000000003,6950.347699529286,0.0,0.0,5.122759321111973,6.014861439157397e-14,6.014861439157397e-14
0.4257,6950.400537933176,0.0,0.0,5.122853785695366,6.014909858301829e-14,6.014909858301829e-14
0.42575,6950.44881343337,0.0,0.0,5.1229473971905755,6.014953360851795e-14,6.014953360851795e-14
0.4258,6950.492468480353,0.0,0.0,5.123040055764833,6.014993762786534e-14,6.014993762786534e-14
0.42585,6950.531432607192,0.0,0.0,5.1231315908758495,6.015029419687369e-14,6.015029419687369e-14
0.4259,6950.565656695224,0.0,0.0,5.123221915643508,6.015061559968369e-14,6.015061559968369e-14
0.42595,6950.59508813485,0.0,0.0,5.1233108560821625,6.01508916446382e-14,6.01508916446382e-14
0.42600000000000005,6950.619687408571,0.0,0.0,5.123398332486742,6.015112882940435e-14,6.015112882940435e-14
0.42605000000000004,6950.639418759778,0.0,0.0,5.123484174703793,6.015132240431637e-14,6.015132240431637e-14
0.42610000000000003,6950.654254106227,0.0,0.0,5.123568304581051,6.015147452847926e-14,6.015147452847926e-14
0.42615000000000003,6950.664172938725,0.0,0.0,5.123650562404423,6.01515839428042e-14,6.01515839428042e-14
0.4262,6950.669160653163,0.0,0.0,5.12373086699684,6.015165078284304e-14,6.015165078284304e-14
0.42625,6950.669210264043,0.0,0.0,5.123809074227526,6.015167477113845e-14,6.015167477113845e-14
0.4263,6950.6643224060135,0.0,0.0,5.123885097018457,6.015165655698103e-14,6.015165655698103e-14
0.42635,6950.654502246336,0.0,0.0,5.123958809990339,6.015159445124884e-14,6.015159445124884e-14
0.4264,6950.639766706838,0.0,0.0,5.124030119327563,6.015149170901912e-14,6.015149170901912e-14
0.42645,6950.620132455206,0.0,0.0,5.124098919424169,6.015134358025268e-14,6.015134358025268e-14
0.42650000000000005,6950.595632752394,0.0,0.0,5.124165110917839,6.015115701504492e-14,6.015115701504492e-14
0.42655000000000004,6950.566296021083,0.0,0.0,5.124228607025307,6.015092375606007e-14,6.015092375606007e-14
0.42660000000000003,6950.532170835226,0.0,0.0,5.124289305720028,6.015065419839114e-14,6.015065419839114e-14
0.42665000000000003,6950.493298505787,0.0,0.0,5.124347136583516,6.015033753051919e-14,6.015033753051919e-14
0.4267,6950.449740955707,0.0,0.0,5.124401998916402,6.014998595775082e-14,6.014998595775082e-14
0.42675,6950.401554153127,0.0,0.0,5.124453835358971,6.014958835755379e-14,6.014958835755379e-14
0.4268,6950.348810807858,0.0,0.0,5.124502550923128,6.014915598704279e-14,6.014915598704279e-14
0.42685,6950.291583533745,0.0,0.0,5.1245480978830615,6.014868054360405e-14,6.014868054360405e-14
0.4269,6950.229953146318,0.0,0.0,5.1245903910182635,6.014816898020243e-14,6.014816898020243e-14
0.42695,6950.164010600215,0.0,0.0,5.12462938936331,6.014761920623618e-14,6.014761920623618e-14
0.42700000000000005,6950.093842547021,0.0,0.0,5.12466502059242,6.014703061556197e-14,6.014703061556197e-14
0.42705000000000004,6950.019559169844,0.0,0.0,5.12469724867729,6.014641024447312e-14,6.014641024447312e-14
0.42710000000000004,6949.9412515796275,0.0,0.0,5.124726015999277,6.014574751707524e-14,6.014574751707524e-14
0.42715000000000003,6949.859048853547,0.0,0.0,5.124751290944378,6.01450603215266e-14,6.01450603215266e-14
0.4272,6949.7730464151955,0.0,0.0,5.1247730309840485,6.014432719295771e-14,6.014432719295771e-14
0.42725,6949.683390450281,0.0,0.0,5.124791209667318,6.014357685778599e-14,6.014357685778599e-14
0.4273,6949.590181897568,0.0,0.0,5.124805798670208,6.014277795564556e-14,6.014277795564556e-14
0.42735,6949.493580827981,0.0,0.0,5.124816778437571,6.014196802941731e-14,6.014196802941731e-14
0.4274,6949.393696111146,0.0,0.0,5.124824133088115,6.014110882984372e-14,6.014110882984372e-14
0.42745,6949.290697314045,0.0,0.0,5.1248278521995285,6.014024276612743e-14,6.014024276612743e-14
0.42750000000000005,6949.184704480851,0.0,0.0,5.124827930233457,6.013932945702047e-14,6.013932945702047e-14
0.42755000000000004,6949.0758916213945,0.0,0.0,5.124824368069043,6.01384107408496e-14,6.01384107408496e-14
0.42760000000000004,6948.964393442158,0.0,0.0,5.1248171686484225,6.013745000491993e-14,6.013745000491993e-14
0.42765000000000003,6948.850383339687,0.0,0.0,5.124806345701675,6.013648234430001e-14,6.013648234430001e-14
0.4277,6948.734013720061,0.0,0.0,5.1247919095236885,6.013548108929761e-14,6.013548108929761e-14
0.42775,6948.615453025721,0.0,0.0,5.124773887206095,6.013446863887287e-14,6.013446863887287e-14
0.4278,6948.494873255949,0.0,0.0,5.124752296324277,6.013343371249185e-14,6.013343371249185e-14
0.42785,6948.37243493146,0.0,0.0,5.124727176598584,6.01323812887529e-14,6.01323812887529e-14
0.4279,6948.248329821152,0.0,0.0,5.1246985539466445,6.013131922021686e-14,6.013131922021686e-14
0.42795,6948.122709412708,0.0,0.0,5.124666478795874,6.013023246645456e-14,6.013023246645456e-14
0.42800000000000005,6947.995783355258,0.0,0.0,5.124630987417715,6.012914927444173e-14,6.012914927444173e-14
0.42805000000000004,6947.867695065391,0.0,0.0,5.124592138145882,6.0128034739542e-14,6.0128034739542e-14
0.42810000000000004,6947.738668067296,0.0,0.0,5.124549980148824,6.012693583732456e-14,6.012693583732456e-14
0.42815000000000003,6947.608840639433,0.0,0.0,5.124504576499286,6.012580094447734e-14,6.012580094447734e-14
0.4282,6947.478444338056,0.0,0.0,5.12445599175874,6.012469115890464e-14,6.012469115890464e-14
0.42825,6947.347616782283,0.0,0.0,5.124404290829128,6.012354405690001e-14,6.012354405690001e-14
0.4283,6947.216590463022,0.0,0.0,5.124349555480202,6.012242776026006e-14,6.012242776026006e-14
0.42835,6947.085507664555,0.0,0.0,5.124291850410549,6.012127706832835e-14,6.012127706832835e-14
0.4284,6946.954594277292,0.0,0.0,5.124231275164267,6.012015840399775e-14,6.012015840399775e-14
0.42845,6946.82400253989,0.0,0.0,5.1241678935777575,6.011901287853704e-14,6.011901287853704e-14
0.42850000000000005,6946.693944706269,0.0,0.0,5.124101821896407,6.011789604527402e-14,6.011789604527402e-14
0.42855000000000004,6946.564587289197,0.0,0.0,5.124033124080183,6.011676421032338e-14,6.011676421032338e-14
0.42860000000000004,6946.436123289061,0.0,0.0,5.123961930238357,6.011565375913033e-14,6.011565375913033e-14
0.42865000000000003,6946.308735997199,0.0,0.0,5.123888307063727,6.011454354987578e-14,6.011454354987578e-14
0.4287,6946.182595724176,0.0,0.0,5.123812394110441,6.011344464309685e-14,6.011344464309685e-14
0.42875,6946.05790260639,0.0,0.0,5.12373426470611,6.011236311191969e-14,6.011236311191969e-14
0.4288,6945.93480348982,0.0,0.0,5.1236540623307745,6.011128169790572e-14,6.011128169790572e-14
0.42885,6945.8135126908055,0.0,0.0,5.12357187153703,6.01102348249097e-14,6.01102348249097e-14
0.4289,6945.694155592544,0.0,0.0,5.123487833830441,6.010917769268701e-14,6.010917769268701e-14
0.42895,6945.5769553900445,0.0,0.0,5.123402049474351,6.010817032866498e-14,6.010817032866498e-14
0.42900000000000005,6945.462020498518,0.0,0.0,5.123314652567325,6.010714502401061e-14,6.010714502401061e-14
0.42905000000000004,6945.349575542308,0.0,0.0,5.12322576260707,6.010618097492319e-14,6.010618097492319e-14
0.42910000000000004,6945.239718300783,0.0,0.0,5.123135502165522,6.010519557982177e-14,6.010519557982177e-14
0.42915000000000003,6945.132666054968,0.0,0.0,5.123044011754455,6.010427782111731e-14,6.010427782111731e-14
0.4292,6945.028513173366,0.0,0.0,5.122951400311636,6.010334061920998e-14,6.010334061920998e-14
0.42925,6944.92746055125,0.0,0.0,5.122857828829333,6.010247160866715e-14,6.010247160866715e-14
0.4293,6944.829606159733,0.0,0.0,5.122763392943425,6.010159067731631e-14,6.010159067731631e-14
0.42935,6944.735126332586,0.0,0.0,5.122668271032015,6.010077271946369e-14,6.010077271946369e-14
0.4294,6944.644128338314,0.0,0.0,5.1225725482697,6.009995550118938e-14,6.009995550118938e-14
0.42945,6944.556757697318,0.0,0.0,5.122476414900767,6.009919110757031e-14,6.009919110757031e-14
0.4295,6944.473134402989,0.0,0.0,5.122379950662516,6.009844401825695e-14,6.009844401825695e-14
0.42955000000000004,6944.393369657204,0.0,0.0,5.1222833502447775,6.009773620691758e-14,6.009773620691758e-14
0.42960000000000004,6944.317596691165,0.0,0.0,5.122186694463762,6.00970643344442e-14,6.00970643344442e-14
0.42965000000000003,6944.245892093648,0.0,0.0,5.1220901739868685,6.009641681990149e-14,6.009641681990149e-14
0.4297,6944.178399687462,0.0,0.0,5.1219938777474905,6.009582375499663e-14,6.009582375499663e-14
0.42975,6944.115164394552,0.0,0.0,5.121897983945432,6.009524099512374e-14,6.009524099512374e-14
0.4298,6944.056335027164,0.0,0.0,5.121802596077689,6.009472881830357e-14,6.009472881830357e-14
0.42985,6944.00193061081,0.0,0.0,5.121707872587972,6.009421590516974e-14,6.009421590516974e-14
0.4299,6943.952097020468,0.0,0.0,5.121613936298239,6.009378533161051e-14,6.009378533161051e-14
0.42995,6943.906835167857,0.0,0.0,5.121520920792062,6.009334773624239e-14,6.009334773624239e-14
0.43,6943.866278716921,0.0,0.0,5.121428970388598,6.009299839808042e-14,6.009299839808042e-14
0.43005000000000004,6943.830419162886,0.0,0.0,5.1213381916525815,6.009264160071331e-14,6.009264160071331e-14
0.43010000000000004,6943.799368528165,0.0,0.0,5.1212487494153915,6.009237242638106e-14,6.009237242638106e-14
0.43015000000000003,6943.773117272588,0.0,0.0,5.121160724376739,6.009210148121336e-14,6.009210148121336e-14
0.4302,6943.751747426828,0.0,0.0,5.121074297607274,6.009191111721466e-14,6.009191111721466e-14
0.43025,6943.735255289525,0.0,0.0,5.120989528309694,6.009173021078919e-14,6.009173021078919e-14
0.4303,6943.72368673914,0.0,0.0,5.120906606578538,6.009161742498432e-14,6.009161742498432e-14
0.43035,6943.717048298807,0.0,0.0,5.120825577133631,6.009152948912264e-14,6.009152948912264e-14
0.4304,6943.715346548215,0.0,0.0,5.120746629726065,6.009149349690596e-14,6.009149349690596e-14
0.43045,6943.718599500106,0.0,0.0,5.120669803281583,6.009149992992976e-14,6.009149992992976e-14
0.4305,6943.726774723917,0.0,0.0,5.120595276824619,6.009154059587476e-14,6.009154059587476e-14
0.43055000000000004,6943.739899674607,0.0,0.0,5.120523092604162,6.009164113091045e-14,6.009164113091045e-14
0.43060000000000004,6943.75790659267,0.0,0.0,5.120453408846773,6.009175901638158e-14,6.009175901638158e-14
0.43065000000000003,6943.780827291844,0.0,0.0,5.120386279323214,6.009195175511367e-14,6.009195175511367e-14
0.4307,6943.808565257389,0.0,0.0,5.120321833035637,6.009214800490114e-14,6.009214800490114e-14
0.43075,6943.841149248018,0.0,0.0,5.120260141301289,6.009242961185499e-14,6.009242961185499e-14
0.4308,6943.878462572621,0.0,0.0,5.120201298260766,6.009270569634722e-14,6.009270569634722e-14
0.43085,6943.920522225409,0.0,0.0,5.120145395650669,6.009307172650477e-14,6.009307172650477e-14
0.4309,6943.9672007743975,0.0,0.0,5.120092490689131,6.009342907690983e-14,6.009342907690983e-14
0.43095,6944.018494661058,0.0,0.0,5.120042694700762,6.009387439084385e-14,6.009387439084385e-14
0.431,6944.074274757637,0.0,0.0,5.119996029803973,6.009431398051857e-14,6.009431398051857e-14
0.43105000000000004,6944.134509312634,0.0,0.0,5.119952622338563,6.009483318946021e-14,6.009483318946021e-14
0.43110000000000004,6944.199074987018,0.0,0.0,5.1199124648036936,6.009535512187689e-14,6.009535512187689e-14
0.43115000000000003,6944.267906408753,0.0,0.0,5.119875690734055,6.009594300159043e-14,6.009594300159043e-14
0.4312,6944.340891020824,0.0,0.0,5.119842271410908,6.00965461643603e-14,6.00965461643603e-14
0.43125,6944.417927370508,0.0,0.0,5.119812337460686,6.009719798197288e-14,6.009719798197288e-14
0.4313,6944.498915621013,0.0,0.0,5.119785849118174,6.009787981638852e-14,6.009787981638852e-14
0.43135,6944.583719089597,0.0,0.0,5.119762923020845,6.00985915278007e-14,6.00985915278007e-14
0.4314,6944.672249418277,0.0,0.0,5.119743518891802,6.00993479465935e-14,6.00993479465935e-14
0.43145,6944.764338746067,0.0,0.0,5.119727728786761,6.010011624136269e-14,6.010011624136269e-14
0.4315,6944.859906096998,0.0,0.0,5.119715521349358,6.01009417060845e-14,6.01009417060845e-14
0.43155000000000004,6944.958759145485,0.0,0.0,5.119706955368436,6.010176389934382e-14,6.010176389934382e-14
0.43160000000000004,6945.060818063067,0.0,0.0,5.119702015419848,6.010265164614774e-14,6.010265164614774e-14
0.43165000000000003,6945.1658745508175,0.0,0.0,5.119700721421423,6.010352543927697e-14,6.010352543927697e-14
0.43170000000000003,6945.2738425565785,0.0,0.0,5.119703077489523,6.010446782140565e-14,6.010446782140565e-14
0.43175,6945.384506979383,0.0,0.0,5.119709062907758,6.010539097190077e-14,6.010539097190077e-14
0.4318,6945.497768171393,0.0,0.0,5.119718701030483,6.010637987140552e-14,6.010637987140552e-14
0.43185,6945.613412929649,0.0,0.0,5.119731932823091,6.010734982475575e-14,6.010734982475575e-14
0.4319,6945.7313217443825,0.0,0.0,5.11974879670496,6.010837707756624e-14,6.010837707756624e-14
0.43195,6945.851290497303,0.0,0.0,5.1197692014011515,6.010939061818337e-14,6.010939061818337e-14
0.432,6945.973175577703,0.0,0.0,5.119793192935092,6.011044839626777e-14,6.011044839626777e-14
0.43205000000000005,6946.096786835319,0.0,0.0,5.119820656803608,6.011150137043182e-14,6.011150137043182e-14
0.43210000000000004,6946.221954958116,0.0,0.0,5.119851636926436,6.011258247269547e-14,6.011258247269547e-14
0.43215000000000003,6946.348505908675,0.0,0.0,5.119886006298611,6.011366962450734e-14,6.011366962450734e-14
0.43220000000000003,6946.476245937008,0.0,0.0,5.119923796133277,6.011476764284094e-14,6.011476764284094e-14
0.43225,6946.605016492153,0.0,0.0,5.1199648779256695,6.011588258676856e-14,6.011588258676856e-14
0.4323,6946.734603333801,0.0,0.0,5.120009260154407,6.011699193288203e-14,6.011699193288203e-14
0.43235,6946.864860358154,0.0,0.0,5.120056822638164,6.011812726598549e-14,6.011812726598549e-14
0.4324,6946.995558923588,0.0,0.0,5.120107543049286,6.011924306565822e-14,6.011924306565822e-14
0.43245,6947.1265606019715,0.0,0.0,5.120161316908303,6.012039060237587e-14,6.012039060237587e-14
0.4325,6947.257629766976,0.0,0.0,5.120218086065477,6.012150848291834e-14,6.012150848291834e-14
0.43255000000000005,6947.388630053139,0.0,0.0,5.120277765773566,6.012265957827852e-14,6.012265957827852e-14
0.43260000000000004,6947.51932663731,0.0,0.0,5.120340260768732,6.012377538987707e-14,6.012377538987707e-14
0.43265000000000003,6947.649579723708,0.0,0.0,5.1204055062986535,6.012492130546395e-14,6.012492130546395e-14
0.43270000000000003,6947.779162496991,0.0,0.0,5.1204733725665355,6.012603082515791e-14,6.012603082515791e-14
0.43275,6947.907927246924,0.0,0.0,5.1205438114236275,6.012716308791783e-14,6.012716308791783e-14
0.4328,6948.035660972086,0.0,0.0,5.120616664613981,6.012826175540717e-14,6.012826175540717e-14
0.43285,6948.162205262153,0.0,0.0,5.120691894166912,6.01293724624903e-14,6.01293724624903e-14
0.4329,6948.287364772244,0.0,0.0,5.120769322087782,6.01304551899411e-14,6.01304551899411e-14
0.43295,6948.410969704187,0.0,0.0,5.12084891215145,6.013153722292218e-14,6.013153722292218e-14
0.433,6948.532844002165,0.0,0.0,5.120930476809846,6.013259830765083e-14,6.013259830765083e-14
0.43305000000000005,6948.652807956314,0.0,0.0,5.12101397242319,6.01336454346512e-14,6.01336454346512e-14
0.43310000000000004,6948.770704311223,0.0,0.0,5.121099212196834,6.013467858657595e-14,6.013467858657595e-14
0.43315000000000003,6948.88634682734,0.0,0.0,5.121186136532669,6.013568544871548e-14,6.013568544871548e-14
0.43320000000000003,6948.999594829499,0.0,0.0,5.121274568506827,6.013668392622974e-14,6.013668392622974e-14
0.43325,6949.110260312562,0.0,0.0,5.121364425852561,6.013764592263085e-14,6.013764592263085e-14
0.4333,6949.218215841418,0.0,0.0,5.1214555483491395,6.013860275424038e-14,6.013860275424038e-14
0.43335,6949.323277098118,0.0,0.0,5.121547827105716,6.013951585456446e-14,6.013951585456446e-14
0.4334,6949.425326151799,0.0,0.0,5.121641122419245,6.014042411146517e-14,6.014042411146517e-14
0.43345,6949.524187767357,0.0,0.0,5.121735298079413,6.014128463466612e-14,6.014128463466612e-14
0.4335,6949.61975010339,0.0,0.0,5.121830235417676,6.014213771323729e-14,6.014213771323729e-14
0.43355000000000005,6949.711851667183,0.0,0.0,5.121925773501542,6.014294211420082e-14,6.014294211420082e-14
0.43360000000000004,6949.800384209214,0.0,0.0,5.122021812110494,6.014373398790683e-14,6.014373398790683e-14
0.43365000000000004,6949.885203392296,0.0,0.0,5.122118171053415,6.014447868987499e-14,6.014447868987499e-14
0.43370000000000003,6949.966203366966,0.0,0.0,5.122214763488835,6.014520409685428e-14,6.014520409685428e-14
0.43375,6950.043258846038,0.0,0.0,5.12231139749171,6.014588539769643e-14,6.014588539769643e-14
0.4338,6950.116266626186,0.0,0.0,5.122407992986675,6.014653994228554e-14,6.014653994228554e-14
0.43385,6950.185120838409,0.0,0.0,5.122504354849051,6.014715400866094e-14,6.014715400866094e-14
0.4339,6950.249722481395,0.0,0.0,5.122600402718372,6.014773416999134e-14,6.014773416999134e-14
0.43395,6950.309984184878,0.0,0.0,5.122695946679342,6.014827711775646e-14,6.014827711775646e-14
0.434,6950.365813666385,0.0,0.0,5.122790899700697,6.014878017407077e-14,6.014878017407077e-14
0.43405000000000005,6950.417140273591,0.0,0.0,5.122885084310582,6.014924821846877e-14,6.014924821846877e-14
0.43410000000000004,6950.463881426004,0.0,0.0,5.122978402027287,6.014967210928076e-14,6.014967210928076e-14
0.43415000000000004,6950.505981073479,0.0,0.0,5.123070693065113,6.015006175708137e-14,6.015006175708137e-14
0.43420000000000003,6950.543369242714,0.0,0.0,5.123161844966122,6.01504049145963e-14,6.01504049145963e-14
0.43425,6950.576002560976,0.0,0.0,5.123251718405545,6.015071316405673e-14,6.015071316405673e-14
0.4343,6950.603825996091,0.0,0.0,5.123340186952771,6.015097434892882e-14,6.015097434892882e-14
0.43435,6950.626807548475,0.0,0.0,5.123427131964064,6.01511988632093e-14,6.01511988632093e-14
0.4344,6950.644908534665,0.0,0.0,5.123512415452995,6.015137703713758e-14,6.015137703713758e-14
0.43445,6950.658107902589,0.0,0.0,5.1235959374138975,6.015151626242678e-14,6.015151626242678e-14
0.4345,6950.666383641417,0.0,0.0,5.123677552668364,6.0151610521909e-14,6.0151610521909e-14
0.43455000000000005,6950.669726144751,0.0,0.0,5.123757176143937,6.015166373192586e-14,6.015166373192586e-14
0.43460000000000004,6950.668129376993,0.0,0.0,5.123834661057585,6.015167331512267e-14,6.015167331512267e-14
0.43465000000000004,6950.661596430237,0.0,0.0,5.123909932701029,6.015164057704284e-14,6.015164057704284e-14
0.43470000000000003,6950.650135788467,0.0,0.0,5.123982848644797,6.015156494142788e-14,6.015156494142788e-14
0.43475,6950.633764904486,0.0,0.0,5.124053339968461,6.015144701231142e-14,6.015144701231142e-14
0.4348,6950.612504976027,0.0,0.0,5.124121274084518,6.015128596710019e-14,6.015128596710019e-14
0.43485,6950.586389437593,0.0,0.0,5.1241865840535405,6.015108414222407e-14,6.015108414222407e-14
0.4349,6950.555450515304,0.0,0.0,5.124249151451675,6.015083800890662e-14,6.015083800890662e-14
0.43495,6950.519738739395,0.0,0.0,5.124308908861182,6.015055395191113e-14,6.015055395191113e-14
0.435,6950.479296238629,0.0,0.0,5.124365754724713,6.015022372040463e-14,6.015022372040463e-14
0.43505000000000005,6950.434190858899,0.0,0.0,5.124419620333857,6.014985930837603e-14,6.014985930837603e-14
0.43510000000000004,6950.384474384123,0.0,0.0,5.1244704219303685,6.014944675637478e-14,6.014944675637478e-14
0.43515000000000004,6950.330231073362,0.0,0.0,5.124518090340765,6.014900397028195e-14,6.014900397028195e-14
0.43520000000000003,6950.271523126715,0.0,0.0,5.124562558920556,6.014851171925674e-14,6.014851171925674e-14
0.43525,6950.208449174286,0.0,0.0,5.1246037602005465,6.014799260194477e-14,6.014799260194477e-14
0.4353,6950.141083509666,0.0,0.0,5.1246416427549075,6.014742409395415e-14,6.014742409395415e-14
0.43535,6950.069536160339,0.0,0.0,5.124676143822517,6.014683078545882e-14,6.014683078545882e-14
0.4354,6949.993895798675,0.0,0.0,5.124707224666545,6.014619017863698e-14,6.014619017863698e-14
0.43545,6949.914280350766,0.0,0.0,5.124734830451322,6.01455250240967e-14,6.01455250240967e-14
0.4355,6949.830795283261,0.0,0.0,5.124758932593464,6.01448170190626e-14,6.01448170190626e-14
0.43555000000000005,6949.743562937117,0.0,0.0,5.124779486999634,6.014408273038885e-14,6.014408273038885e-14
0.43560000000000004,6949.6527075517315,0.0,0.0,5.124796473262848,6.014331235249865e-14,6.014331235249865e-14
0.43565000000000004,6949.558352996054,0.0,0.0,5.12480985995333,6.014251219380309e-14,6.014251219380309e-14
0.43570000000000003,6949.460643267031,0.0,0.0,5.1248196338204,6.014168456487367e-14,6.014168456487367e-14
0.43575,6949.359701991128,0.0,0.0,5.1248257768340295,6.014082252543056e-14,6.014082252543056e-14
0.4358,6949.2556924714,0.0,0.0,5.124828283000889,6.013994266186634e-14,6.013994266186634e-14
0.43585,6949.1487377964695,0.0,0.0,5.124827147205161,6.013902358031378e-14,6.013902358031378e-14
0.4359,6949.039018448335,0.0,0.0,5.124822371839361,6.013809625161009e-14,6.013809625161009e-14
0.43595,6948.9266582799455,0.0,0.0,5.12481396321009,6.013712586141603e-14,6.013712586141603e-14
0.436,6948.811851171384,0.0,0.0,5.124801933924616,6.013615553418539e-14,6.013615553418539e-14
0.43605,6948.694724486954,0.0,0.0,5.124786299634312,6.013514041205768e-14,6.013514041205768e-14
0.43610000000000004,6948.57548037076,0.0,0.0,5.124767085197826,6.01341312912265e-14,6.01341312912265e-14
0.43615000000000004,6948.454253468807,0.0,0.0,5.124744313488018,6.013307870548697e-14,6.013307870548697e-14
0.43620000000000003,6948.331248251158,0.0,0.0,5.12471802329961,6.013203486817603e-14,6.013203486817603e-14
0.43625,6948.206610800975,0.0,0.0,5.124688243110363,6.013095254049605e-14,6.013095254049605e-14
0.4363,6948.080541897165,0.0,0.0,5.124655026468969,6.012987814204291e-14,6.012987814204291e-14
0.43635,6947.9532028369695,0.0,0.0,5.124618406801821,6.012877395083066e-14,6.012877395083066e-14
0.4364,6947.824785406232,0.0,0.0,5.124578451997579,6.012767346891541e-14,6.012767346891541e-14
0.43645,6947.695468742999,0.0,0.0,5.12453520099594,6.012655513353988e-14,6.012655513353988e-14
0.4365,6947.565431793205,0.0,0.0,5.124488734243409,6.012543360803491e-14,6.012543360803491e-14
0.43655,6947.434872357465,0.0,0.0,5.124439097985944,6.01243083980446e-14,6.01243083980446e-14
0.43660000000000004,6947.303954714074,0.0,0.0,5.124386382208922,6.012317162238369e-14,6.012317162238369e-14
0.43665000000000004,6947.172893918105,0.0,0.0,5.124330643224852,6.012204613412604e-14,6.012204613412604e-14
0.43670000000000003,6947.041840059998,0.0,0.0,5.124271976691285,6.01209007593732e-14,6.01209007593732e-14
0.43675,6946.9110216983645,0.0,0.0,5.124210452219864,6.011978079373966e-14,6.011978079373966e-14
0.4368,6946.780577475055,0.0,0.0,5.12414616701527,6.011863431846493e-14,6.011863431846493e-14
0.43685,6946.650743594188,0.0,0.0,5.124079207042702,6.011752487928531e-14,6.011752487928531e-14
0.4369,6946.521651852315,0.0,0.0,5.124009667363532,6.01163855149917e-14,6.01163855149917e-14
0.43695,6946.393538702383,0.0,0.0,5.123937652477706,6.011529092964913e-14,6.011529092964913e-14
0.437,6946.266534862902,0.0,0.0,5.123863252723649,6.0114167350536e-14,6.0114167350536e-14
0.43705,6946.1408689327955,0.0,0.0,5.123786591828908,6.011309149549423e-14,6.011309149549423e-14
0.43710000000000004,6946.01667657113,0.0,0.0,5.123707754476043,6.011199249952362e-14,6.011199249952362e-14
0.43715000000000004,6945.894170698101,0.0,0.0,5.1236268824067475,6.01109390965608e-14,6.01109390965608e-14
0.43720000000000003,6945.773497186464,0.0,0.0,5.123544055651357,6.010987321956904e-14,6.010987321956904e-14
0.43725,6945.654846727014,0.0,0.0,5.123459430714639,6.010884615617437e-14,6.010884615617437e-14
0.4373,6945.538378999607,0.0,0.0,5.12337308588968,6.01078212895124e-14,6.01078212895124e-14
0.43735,6945.42425804892,0.0,0.0,5.123285187355974,6.010682491149585e-14,6.010682491149585e-14
0.4374,6945.312658546445,0.0,0.0,5.123195816136534,6.010584797505608e-14,6.010584797505608e-14
0.43745,6945.203716199492,0.0,0.0,5.123105141683282,6.010488730167866e-14,6.010488730167866e-14
0.4375,6945.097619039866,0.0,0.0,5.123013253112002,6.010396401782589e-14,6.010396401782589e-14
0.43755,6944.994475697943,0.0,0.0,5.122920316213506,6.010304483990744e-14,6.010304483990744e-14
0.43760000000000004,6944.8944831063145,0.0,0.0,5.12282643358939,6.010217964036954e-14,6.010217964036954e-14
0.43765000000000004,6944.797726846149,0.0,0.0,5.1227317608364755,6.010130847824701e-14,6.010130847824701e-14
0.43770000000000003,6944.704405861541,0.0,0.0,5.122636418518823,6.01005045576092e-14,6.01005045576092e-14
0.43775000000000003,6944.614588898473,0.0,0.0,5.122540546847302,6.009968847622193e-14,6.009968847622193e-14
0.4378,6944.528468358371,0.0,0.0,5.122444287029284,6.009894798455802e-14,6.009894798455802e-14
0.43785,6944.446103648062,0.0,0.0,5.122347760837434,6.009819428432982e-14,6.009819428432982e-14
0.4379,6944.367671438766,0.0,0.0,5.122251130340507,6.00975186311387e-14,6.00975186311387e-14
0.43795,6944.293229471135,0.0,0.0,5.1221544984827485,6.00968344522239e-14,6.00968344522239e-14
0.438,6944.222930022303,0.0,0.0,5.122058045614061,6.009622467703051e-14,6.009622467703051e-14
0.43805,6944.1568358657305,0.0,0.0,5.12196185827001,6.009561656835138e-14,6.009561656835138e-14
0.43810000000000004,6944.095067863649,0.0,0.0,5.121866129771465,6.009507372276258e-14,6.009507372276258e-14
0.43815000000000004,6944.037698515393,0.0,0.0,5.121770935204831,6.009454723355092e-14,6.009454723355092e-14
0.43820000000000003,6943.984812811808,0.0,0.0,5.121676473306656,6.009407271706915e-14,6.009407271706915e-14
0.43825000000000003,6943.936494902722,0.0,0.0,5.121582814544668,6.009363206667951e-14,6.009363206667951e-14
0.4383,6943.892792603608,0.0,0.0,5.121490154120518,6.009322786443274e-14,6.009322786443274e-14
0.43835,6943.853800492016,0.0,0.0,5.1213985655993755,6.009287573601655e-14,6.009287573601655e-14
0.4384,6943.819531222858,0.0,0.0,5.121308231406723,6.009254452042512e-14,6.009254452042512e-14
0.43845,6943.7900854956815,0.0,0.0,5.121219235639383,6.009228200710822e-14,6.009228200710822e-14
0.4385,6943.765445854009,0.0,0.0,5.121131739620403,6.009202708499824e-14,6.009202708499824e-14
0.43855,6943.745712235397,0.0,0.0,5.121045843948223,6.00918537960672e-14,6.00918537960672e-14
0.43860000000000005,6943.7308444556675,0.0,0.0,5.120961682563806,6.009167890532731e-14,6.009167890532731e-14
0.43865000000000004,6943.720933106286,0.0,0.0,5.120879376052073,6.009159321732311e-14,6.009159321732311e-14
0.43870000000000003,6943.715923974163,0.0,0.0,5.120799027625823,6.009150219932605e-14,6.009150219932605e-14
0.43875000000000003,6943.715889150963,0.0,0.0,5.120720778154924,6.009150161655218e-14,6.009150161655218e-14
0.4388,6943.720769211431,0.0,0.0,5.120644700214184,6.009149800890819e-14,6.009149800890819e-14
0.43885,6943.730609249167,0.0,0.0,5.120570951804403,6.00915795822604e-14,6.00915795822604e-14
0.4389,6943.745352354802,0.0,0.0,5.12049957842021,6.009166618849353e-14,6.009166618849353e-14
0.43895,6943.765009928316,0.0,0.0,5.120430748810415,6.009182693334676e-14,6.009182693334676e-14
0.439,6943.789533169303,0.0,0.0,5.12036448795556,6.009200542967553e-14,6.009200542967553e-14
0.43905,6943.818895799555,0.0,0.0,5.120300966437216,6.009224268392259e-14,6.009224268392259e-14
0.43910000000000005,6943.853059846664,0.0,0.0,5.120240197398501,6.0092513318405e-14,6.0092513318405e-14
0.43915000000000004,6943.891960622649,0.0,0.0,5.120182342888963,6.009282499059142e-14,6.009282499059142e-14
0.43920000000000003,6943.93557049917,0.0,0.0,5.120127413783815,6.009318641684074e-14,6.009318641684074e-14
0.43925000000000003,6943.983789001026,0.0,0.0,5.120075553109435,6.009357109064307e-14,6.009357109064307e-14
0.4393,6944.036595281926,0.0,0.0,5.120026778565755,6.009402035936997e-14,6.009402035936997e-14
0.43935,6944.093858704963,0.0,0.0,5.1199812049178535,6.009447724165351e-14,6.009447724165351e-14
0.4394,6944.1555591234455,0.0,0.0,5.119938863978041,6.009500995112086e-14,6.009500995112086e-14
0.43945,6944.221543616695,0.0,0.0,5.119899835504359,6.009553867377211e-14,6.009553867377211e-14
0.4395,6944.291785042283,0.0,0.0,5.119864169809083,6.009614925799471e-14,6.009614925799471e-14
0.43955,6944.3661172856755,0.0,0.0,5.119831908309935,6.009674956485814e-14,6.009674956485814e-14
0.43960000000000005,6944.444498026231,0.0,0.0,5.119803120605151,6.009743167950694e-14,6.009743167950694e-14
0.43965000000000004,6944.526757076319,0.0,0.0,5.119777810316104,6.009810304617137e-14,6.009810304617137e-14
0.43970000000000004,6944.612829450075,0.0,0.0,5.119756063309493,6.009884999897696e-14,6.009884999897696e-14
0.43975000000000003,6944.702548884078,0.0,0.0,5.11973784976908,6.009959124240668e-14,6.009959124240668e-14
0.4398,6944.795822007928,0.0,0.0,5.119723265341828,6.010039640966233e-14,6.010039640966233e-14
0.43985,6944.892492389539,0.0,0.0,5.119712254360836,6.010120534536238e-14,6.010120534536238e-14
0.4399,6944.992435135729,0.0,0.0,5.11970491312043,6.01020625192673e-14,6.01020625192673e-14
0.43995,6945.095506814791,0.0,0.0,5.119701169886014,6.010293571613968e-14,6.010293571613968e-14
0.44,6945.20155089891,0.0,0.0,5.119701111028057,6.01038393388724e-14,6.01038393388724e-14
0.44005,6945.310437141713,0.0,0.0,5.119704659388515,6.010477200706735e-14,6.010477200706735e-14
0.44010000000000005,6945.421980318584,0.0,0.0,5.119711880823189,6.01057172648996e-14,6.01057172648996e-14
0.44015000000000004,6945.536060748815,0.0,0.0,5.119722702805696,6.010670329249429e-14,6.010670329249429e-14
0.44020000000000004,6945.652470107088,0.0,0.0,5.119737161498774,6.010768606414382e-14,6.010768606414382e-14
0.44025000000000003,6945.771094421314,0.0,0.0,5.119755197111623,6.010871819704449e-14,6.010871819704449e-14
0.4403,6945.891709780404,0.0,0.0,5.119776809591769,6.01097348719437e-14,6.01097348719437e-14
0.44035,6946.0142016887785,0.0,0.0,5.11980195695439,6.011080501131744e-14,6.011080501131744e-14
0.4404,6946.138339110689,0.0,0.0,5.119830599947279,6.011185221196322e-14,6.011185221196322e-14
0.44045,6946.264000445101,0.0,0.0,5.11986271577689,6.011295178766862e-14,6.011295178766862e-14
0.4405,6946.390955877841,0.0,0.0,5.119898226940923,6.0114026043328e-14,6.0114026043328e-14
0.44055,6946.519070806769,0.0,0.0,5.119937127405601,6.011514641226403e-14,6.011514641226403e-14
0.44060000000000005,6946.648123874424,0.0,0.0,5.119979306161573,6.01162438369463e-14,6.01162438369463e-14
0.44065000000000004,6946.777963166917,0.0,0.0,5.120024768088884,6.011737665351538e-14,6.011737665351538e-14
0.44070000000000004,6946.908381114446,0.0,0.0,5.120073376553774,6.011849267873563e-14,6.011849267873563e-14
0.44075000000000003,6947.03920640371,0.0,0.0,5.120125138964372,6.011963019048218e-14,6.011963019048218e-14
0.4408,6947.170248193453,0.0,0.0,5.120179903015042,6.012075939358522e-14,6.012075939358522e-14
0.44085,6947.301316202536,0.0,0.0,5.120237668934704,6.012189462778484e-14,6.012189462778484e-14
0.4409,6947.432236745493,0.0,0.0,5.120298279437977,6.012303068099654e-14,6.012303068099654e-14
0.44095,6947.562803451239,0.0,0.0,5.120361717931511,6.012415750529222e-14,6.012415750529222e-14
0.441,6947.6928579421965,0.0,0.0,5.120427832181247,6.012529325203335e-14,6.012529325203335e-14
0.44105,6947.822182666922,0.0,0.0,5.120496580548745,6.012640631149072e-14,6.012640631149072e-14
0.44110000000000005,6947.950630979853,0.0,0.0,5.120567823947562,6.012753395744331e-14,6.012753395744331e-14
0.44115000000000004,6948.07798041129,0.0,0.0,5.12064149002783,6.012862850871598e-14,6.012862850871598e-14
0.44120000000000004,6948.204091502573,0.0,0.0,5.120717458041127,6.012973989878685e-14,6.012973989878685e-14
0.44125000000000003,6948.32874364941,0.0,0.0,5.120795622577855,6.013081157647206e-14,6.013081157647206e-14
0.4413,6948.451799912268,0.0,0.0,5.12087588297256,6.01318985173556e-14,6.01318985173556e-14
0.44135,6948.573048004893,0.0,0.0,5.120958102014141,6.01329430762031e-14,6.01329430762031e-14
0.4414,6948.692349519476,0.0,0.0,5.121042197375922,6.013399765928137e-14,6.013399765928137e-14
0.44145,6948.80950586248,0.0,0.0,5.121128004697238,6.013501073728924e-14,6.013501073728924e-14
0.4415,6948.924374492346,0.0,0.0,5.121215455200814,6.013602561873617e-14,6.013602561873617e-14
0.44155,6949.036774268195,0.0,0.0,5.121304364752086,6.013700256055265e-14,6.013700256055265e-14
0.44160000000000005,6949.146557563893,0.0,0.0,5.121394671142251,6.013797116400413e-14,6.013797116400413e-14
0.44165000000000004,6949.253562576969,0.0,0.0,5.121486179543664,6.01389069324899e-14,6.01389069324899e-14
0.44170000000000004,6949.357637460024,0.0,0.0,5.121578826272032,6.013982355321867e-14,6.013982355321867e-14
0.44175000000000003,6949.458639798885,0.0,0.0,5.121672415381131,6.014071274157593e-14,6.014071274157593e-14
0.4418,6949.556416012272,0.0,0.0,5.121766873837384,6.01415725473114e-14,6.01415725473114e-14
0.44185,6949.650841597452,0.0,0.0,5.121862013418113,6.014240948755017e-14,6.014240948755017e-14
0.4419,6949.741764920072,0.0,0.0,5.121957745194911,6.01432084274434e-14,6.01432084274434e-14
0.44195,6949.82907689675,0.0,0.0,5.122053895712402,6.014398737567108e-14,6.014398737567108e-14
0.442,6949.912632127693,0.0,0.0,5.122150355850277,6.014472202274352e-14,6.014472202274352e-14
0.44205,6949.992334058534,0.0,0.0,5.1222469714048176,6.014543739037755e-14,6.014543739037755e-14
0.44210000000000005,6950.068047780991,0.0,0.0,5.122343611575668,6.014610475193383e-14,6.014610475193383e-14
0.44215000000000004,6950.139686595024,0.0,0.0,5.12244014297463,6.014675134594687e-14,6.014675134594687e-14
0.44220000000000004,6950.207129729352,0.0,0.0,5.122536414578036,6.014734867959313e-14,6.014734867959313e-14
0.44225000000000003,6950.2702983879035,0.0,0.0,5.122632312527871,6.01479219151619e-14,6.01479219151619e-14
0.4423,6950.329088538814,0.0,0.0,5.122727669690754,6.014844658477227e-14,6.014844658477227e-14
0.44235,6950.383428388461,0.0,0.0,5.122822388075443,6.014894263990457e-14,6.014894263990457e-14
0.4424,6950.433231983845,0.0,0.0,5.122916290560203,6.014939203698638e-14,6.014939203698638e-14
0.44245,6950.478434777688,0.0,0.0,5.123009289759656,6.014980792963975e-14,6.014980792963975e-14
0.4425,6950.518968987591,0.0,0.0,5.123101205796638,6.015017947261356e-14,6.015017947261356e-14
0.44255,6950.554778568267,0.0,0.0,5.123191955990834,6.0150513054647e-14,6.0150513054647e-14
0.44260000000000005,6950.585812983908,0.0,0.0,5.123281365056219,6.015080426396462e-14,6.015080426396462e-14
0.44265000000000004,6950.61202663271,0.0,0.0,5.123369349459012,6.015105414055853e-14,6.015105414055853e-14
0.44270000000000004,6950.633384678852,0.0,0.0,5.123455745018587,6.01512627738414e-14,6.01512627738414e-14
0.44275000000000003,6950.649854143684,0.0,0.0,5.1235404629894346,6.015142816948386e-14,6.015142816948386e-14
0.4428,6950.661414194353,0.0,0.0,5.123623355222351,6.015155239028672e-14,6.015155239028672e-14
0.44285,6950.668046413845,0.0,0.0,5.123704325213846,6.015163299091732e-14,6.015163299091732e-14
0.4429,6950.669742582352,0.0,0.0,5.123783243719732,6.015167153907143e-14,6.015167153907143e-14
0.44295,6950.666500123837,0.0,0.0,5.123860006032123,6.015166734313027e-14,6.015166734313027e-14
0.443,6950.658322703089,0.0,0.0,5.123934502511749,6.015161967470249e-14,6.015161967470249e-14
0.44305,6950.645223928648,0.0,0.0,5.124006621840492,6.015153088312379e-14,6.015153088312379e-14
0.4431,6950.627219466399,0.0,0.0,5.124076272726696,6.01513972537525e-14,6.01513972537525e-14
0.44315000000000004,6950.604338434675,0.0,0.0,5.124143340503203,6.01512242208602e-14,6.01512242208602e-14
0.44320000000000004,6950.5766094393675,0.0,0.0,5.124207749507414,6.0151005696507e-14,6.0151005696507e-14
0.44325000000000003,6950.5440755427735,0.0,0.0,5.124269386044387,6.015074895174081e-14,6.015074895174081e-14
0.4433,6950.506779827307,0.0,0.0,5.124328186576493,6.015044734395049e-14,6.015044734395049e-14
0.44335,6950.464777156394,0.0,0.0,5.124384043036086,6.015010768050018e-14,6.015010768050018e-14
0.4434,6950.418126837818,0.0,0.0,5.124436900453008,6.014972541684128e-14,6.014972541684128e-14
0.44345,6950.36689325846,0.0,0.0,5.124486660657543,6.014930403004138e-14,6.014930403004138e-14
0.4435,6950.311153439734,0.0,0.0,5.1245332742989,6.014884398221609e-14,6.014884398221609e-14
0.44355,6950.250979365893,0.0,0.0,5.124576656400257,6.014834263031552e-14,6.014834263031552e-14
0.4436,6950.186466530146,0.0,0.0,5.124616761377484,6.01478079304127e-14,6.01478079304127e-14
0.44365000000000004,6950.117693376154,0.0,0.0,5.124653519393335,6.014722908492576e-14,6.014722908492576e-14
0.44370000000000004,6950.044773524017,0.0,0.0,5.124686888110309,6.01466229630607e-14,6.01466229630607e-14
0.44375000000000003,6949.967791825545,0.0,0.0,5.124716813324752,6.014596991629766e-14,6.014596991629766e-14
0.44380000000000003,6949.886878382179,0.0,0.0,5.124743256721382,6.014529558980743e-14,6.014529558980743e-14
0.44385,6949.802125583999,0.0,0.0,5.124766178936306,6.014457249342262e-14,6.014457249342262e-14
0.4439,6949.713677095316,0.0,0.0,5.12478554745969,6.014383312927146e-14,6.014383312927146e-14
0.44395,6949.621635015251,0.0,0.0,5.124801336073377,6.014304494867076e-14,6.014304494867076e-14
0.444,6949.52615264393,0.0,0.0,5.1248135203918785,6.014224370807826e-14,6.014224370807826e-14
0.44405,6949.427344634472,0.0,0.0,5.124822085274822,6.01413960915716e-14,6.01413960915716e-14
0.4441,6949.325369457471,0.0,0.0,5.124827016757323,6.014053625111995e-14,6.014053625111995e-14
0.44415000000000004,6949.22035729763,0.0,0.0,5.124828308893229,6.013963532738402e-14,6.013963532738402e-14
0.44420000000000004,6949.112467399751,0.0,0.0,5.1248259598777945,6.0138720456561e-14,6.0138720456561e-14
0.44425000000000003,6949.001847958037,0.0,0.0,5.124819971740747,6.013777258688893e-14,6.013777258688893e-14
0.44430000000000003,6948.888655312125,0.0,0.0,5.124810355614118,6.01368067505536e-14,6.01368067505536e-14
0.44435,6948.773057026026,0.0,0.0,5.12479712126053,6.01358182713297e-14,6.01358182713297e-14
0.4444,6948.655204150699,0.0,0.0,5.12478029236282,6.013480621914914e-14,6.013480621914914e-14
0.44445,6948.535283367705,0.0,0.0,5.124759887227963,6.013378321333453e-14,6.013378321333453e-14
0.4445,6948.4134397582675,0.0,0.0,5.124735940587223,6.013273051800236e-14,6.013273051800236e-14
0.44455,6948.289876978743,0.0,0.0,5.124708480989071,6.0131678651545e-14,6.0131678651545e-14
0.4446,6948.164735315761,0.0,0.0,5.124677551879922,6.013059176384829e-14,6.013059176384829e-14
0.44465000000000005,6948.038231369398,0.0,0.0,5.1246431942457145,6.012951621392107e-14,6.012951621392107e-14
0.44470000000000004,6947.910503521128,0.0,0.0,5.1246054575570055,6.012840241464575e-14,6.012840241464575e-14
0.44475000000000003,6947.78177569781,0.0,0.0,5.124564397398377,6.012730790285778e-14,6.012730790285778e-14
0.44480000000000003,6947.65218854553,0.0,0.0,5.124520066788675,6.012617514719884e-14,6.012617514719884e-14
0.44485,6947.521966690124,0.0,0.0,5.124472537457772,6.012506607433822e-14,6.012506607433822e-14
0.4449,6947.391257817673,0.0,0.0,5.124421864275818,6.012392274161387e-14,6.012392274161387e-14
0.44495,6947.260280388268,0.0,0.0,5.124368135536531,6.012280340369087e-14,6.012280340369087e-14
0.445,6947.129193686559,0.0,0.0,5.124311407486982,6.012165798081959e-14,6.012165798081959e-14
0.44505,6946.998203769059,0.0,0.0,5.124251783932122,6.01205328319506e-14,6.01205328319506e-14
0.4451,6946.867485011814,0.0,0.0,5.124189323474961,6.011939357098251e-14,6.011939357098251e-14
0.44515000000000005,6946.7372262814,0.0,0.0,5.124124142812571,6.011826748926203e-14,6.011826748926203e-14
0.44520000000000004,6946.60761872862,0.0,0.0,5.124056305296095,6.011714208516162e-14,6.011714208516162e-14
0.44525000000000003,6946.478831351459,0.0,0.0,5.123985936517505,6.011602059502776e-14,6.011602059502776e-14
0.44530000000000003,6946.3510714321465,0.0,0.0,5.123913108058391,6.011491592882884e-14,6.011491592882884e-14
0.44535,6946.224487908191,0.0,0.0,5.1238379494890465,6.011380533798069e-14,6.011380533798069e-14
0.4454,6946.099301024324,0.0,0.0,5.12376054462632,6.011272732241373e-14,6.011272732241373e-14
0.44545,6945.975641983335,0.0,0.0,5.123681021849962,6.01116347428014e-14,6.01116347428014e-14
0.4455,6945.853738464113,0.0,0.0,5.123599481010803,6.01105882933781e-14,6.01105882933781e-14
0.44555,6945.733708440477,0.0,0.0,5.12351604465023,6.010952153241915e-14,6.010952153241915e-14
0.4456,6945.615779661715,0.0,0.0,5.123430831472565,6.010851066895949e-14,6.010851066895949e-14
0.44565000000000005,6945.500062886988,0.0,0.0,5.123343954807426,6.010747799646729e-14,6.010747799646729e-14
0.44570000000000004,6945.386777556939,0.0,0.0,5.123255553366122,6.010650606054887e-14,6.010650606054887e-14
0.44575000000000004,6945.27603382053,0.0,0.0,5.123165729770821,6.010551587603902e-14,6.010551587603902e-14
0.44580000000000003,6945.16803442273,0.0,0.0,5.12307464175049,6.010458583198329e-14,6.010458583198329e-14
0.44585,6945.062895058436,0.0,0.0,5.122982381943067,6.010364627287234e-14,6.010364627287234e-14
0.4459,6944.960794435912,0.0,0.0,5.122889123791846,6.010276104633434e-14,6.010276104633434e-14
0.44595,6944.861858494288,0.0,0.0,5.122794952896814,6.010187958783823e-14,6.010187958783823e-14
0.446,6944.766236558466,0.0,0.0,5.122700052983043,6.010104238903994e-14,6.010104238903994e-14
0.44605,6944.674067221258,0.0,0.0,5.122604507425715,6.010022548939299e-14,6.010022548939299e-14
0.4461,6944.585467773679,0.0,0.0,5.122508503205511,6.009944006894645e-14,6.009944006894645e-14
0.44615000000000005,6944.500589057388,0.0,0.0,5.122412127470267,6.009869290854905e-14,6.009869290854905e-14
0.44620000000000004,6944.419516721675,0.0,0.0,5.122315562660636,6.009796370248965e-14,6.009796370248965e-14
0.44625000000000004,6944.342410503705,0.0,0.0,5.122218905958489,6.009729005328115e-14,6.009729005328115e-14
0.44630000000000003,6944.269327778126,0.0,0.0,5.122122327700224,6.009662218951749e-14,6.009662218951749e-14
0.44635,6944.200431162731,0.0,0.0,5.122025940599825,6.009602443291515e-14,6.009602443291515e-14
0.4464,6944.13575561774,0.0,0.0,5.121929896588753,6.009542359128516e-14,6.009542359128516e-14
0.44645,6944.075458642492,0.0,0.0,5.121834327668258,6.009490288215927e-14,6.009490288215927e-14
0.4465,6944.019560300778,0.0,0.0,5.121739363233525,6.009437502188368e-14,6.009437502188368e-14
0.44655,6943.96820396947,0.0,0.0,5.121645155807701,6.009393157500762e-14,6.009393157500762e-14
0.4466,6943.92140291607,0.0,0.0,5.121551810922004,6.00934825632326e-14,6.00934825632326e-14
0.44665000000000005,6943.879277533288,0.0,0.0,5.121459499890003,6.009311602085663e-14,6.009311602085663e-14
0.44670000000000004,6943.841841808354,0.0,0.0,5.121368306108033,6.009275121108969e-14,6.009275121108969e-14
0.44675000000000004,6943.809185585441,0.0,0.0,5.12127841495358,6.00924610381525e-14,6.00924610381525e-14
0.44680000000000003,6943.781329411535,0.0,0.0,5.121189892290026,6.00921848556308e-14,6.00921848556308e-14
0.44685,6943.758327314252,0.0,0.0,5.121102930249293,6.009197070471372e-14,6.009197070471372e-14
0.4469,6943.740209703016,0.0,0.0,5.121017584024173,6.00917862955634e-14,6.00917862955634e-14
0.44695,6943.726992517488,0.0,0.0,5.120934043419865,6.00916482877449e-14,6.00916482877449e-14
0.447,6943.718716288369,0.0,0.0,5.120852361114141,6.009155728049963e-14,6.009155728049963e-14
0.44705,6943.715359892657,0.0,0.0,5.120772714839758,6.009149616018673e-14,6.009149616018673e-14
0.4471,6943.716971120192,0.0,0.0,5.120695163015921,6.009149857277481e-14,6.009149857277481e-14
0.44715000000000005,6943.723495962629,0.0,0.0,5.1206198621440455,6.009151571290816e-14,6.009151571290816e-14
0.44720000000000004,6943.734983850939,0.0,0.0,5.120546883492403,6.009161001797375e-14,6.009161001797375e-14
0.44725000000000004,6943.751354650298,0.0,0.0,5.120476354976833,6.009170727373404e-14,6.009170727373404e-14
0.44730000000000003,6943.772651816279,0.0,0.0,5.120408365547737,6.009189061304768e-14,6.009189061304768e-14
0.44735,6943.798777511327,0.0,0.0,5.120343009991799,6.009207004440148e-14,6.009207004440148e-14
0.4474,6943.829760643609,0.0,0.0,5.120280396666642,6.009233856219551e-14,6.009233856219551e-14
0.44745,6943.8654946279075,0.0,0.0,5.120220586139116,6.009260206475777e-14,6.009260206475777e-14
0.4475,6943.905985479121,0.0,0.0,5.120163704379571,6.009295131336945e-14,6.009295131336945e-14
0.44755,6943.951126159997,0.0,0.0,5.120109780273511,6.009330021040643e-14,6.009330021040643e-14
0.4476,6944.0008928261195,0.0,0.0,5.120058952170977,6.009372557171801e-14,6.009372557171801e-14
0.44765000000000005,6944.055184543689,0.0,0.0,5.120011223117651,6.009416022575504e-14,6.009416022575504e-14
0.44770000000000004,6944.113942986682,0.0,0.0,5.1199667357455265,6.009465729032521e-14,6.009465729032521e-14
0.44775000000000004,6944.1770773198305,0.0,0.0,5.119925475612746,6.009517678983134e-14,6.009517678983134e-14
0.44780000000000003,6944.244493097676,0.0,0.0,5.119887579665896,6.009574164234864e-14,6.009574164234864e-14
0.44785,6944.31611057029,0.0,0.0,5.119853025684706,6.009634360814192e-14,6.009634360814192e-14
0.4479,6944.391800750483,0.0,0.0,5.11982193437559,6.009697298198635e-14,6.009697298198635e-14
0.44795,6944.471492934435,0.0,0.0,5.119794285449194,6.009765352071758e-14,6.009765352071758e-14
0.448,6944.555028181,0.0,0.0,5.119770173621076,6.009834480393913e-14,6.009834480393913e-14
0.44805,6944.642340175052,0.0,0.0,5.119749588873159,6.009909861513309e-14,6.009909861513309e-14
0.4481,6944.733247012779,0.0,0.0,5.119732592288502,6.009984971193477e-14,6.009984971193477e-14
0.44815000000000005,6944.827680260664,0.0,0.0,5.119719189904367,6.010067033348524e-14,6.010067033348524e-14
0.44820000000000004,6944.925443531512,0.0,0.0,5.119709404671372,6.010147940633753e-14,6.010147940633753e-14
0.44825000000000004,6945.026458930263,0.0,0.0,5.119703261074448,6.010235956424217e-14,6.010235956424217e-14
0.44830000000000003,6945.130524463617,0.0,0.0,5.119700743185862,6.010322469864096e-14,6.010322469864096e-14
0.44835,6945.237545706277,0.0,0.0,5.1197018925759155,6.010415671293172e-14,6.010415671293172e-14
0.4484,6945.347323226148,0.0,0.0,5.11970665754975,6.010507555732738e-14,6.010507555732738e-14
0.44845,6945.459740321847,0.0,0.0,5.119715091809459,6.010605174933729e-14,6.010605174933729e-14
0.4485,6945.574606609668,0.0,0.0,5.119727114438962,6.010702118531707e-14,6.010702118531707e-14
0.44855,6945.691779528907,0.0,0.0,5.119742783395169,6.010803423278126e-14,6.010803423278126e-14
0.4486,6945.811081850892,0.0,0.0,5.119761997632176,6.010905012499398e-14,6.010905012499398e-14
0.44865000000000005,6945.932344253398,0.0,0.0,5.119784809639976,6.011009332043961e-14,6.011009332043961e-14
0.44870000000000004,6946.055404048025,0.0,0.0,5.119811108649201,6.011115038314583e-14,6.011115038314583e-14
0.44875000000000004,6946.1800670633065,0.0,0.0,5.1198409314534015,6.011221776636167e-14,6.011221776636167e-14
0.44880000000000003,6946.306183869075,0.0,0.0,5.119874167883048,6.011330956572387e-14,6.011330956572387e-14
0.44885,6946.433539913659,0.0,0.0,5.119910829704367,6.011439592032921e-14,6.011439592032921e-14
0.4489,6946.561995502212,0.0,0.0,5.119950816219312,6.011551501163348e-14,6.011551501163348e-14
0.44895,6946.691322130163,0.0,0.0,5.11999410701268,6.011661573593267e-14,6.011661573593267e-14
0.449,6946.821384797186,0.0,0.0,5.120040617130225,6.011775391560977e-14,6.011775391560977e-14
0.44905,6946.951948590224,0.0,0.0,5.120090289969624,6.011886479608352e-14,6.011886479608352e-14
0.4491,6947.082877548022,0.0,0.0,5.120143059224997,6.012001343266565e-14,6.012001343266565e-14
0.44915000000000005,6947.213938056524,0.0,0.0,5.120198831782058,6.012113036170975e-14,6.012113036170975e-14
0.44920000000000004,6947.344987868946,0.0,0.0,5.120257559233473,6.012228075985023e-14,6.012228075985023e-14
0.44925000000000004,6947.475801615068,0.0,0.0,5.120319115333437,6.012339944605919e-14,6.012339944605919e-14
0.44930000000000003,6947.606226617646,0.0,0.0,5.120383465396758,6.01245431947406e-14,6.01245431947406e-14
0.44935,6947.736051166545,0.0,0.0,5.120450456652902,6.012565891311819e-14,6.012565891311819e-14
0.4494,6947.865109822059,0.0,0.0,5.120520061236735,6.012678817355959e-14,6.012678817355959e-14
0.44945,6947.993207917775,0.0,0.0,5.120592108780027,6.012789559504444e-14,6.012789559504444e-14
0.4495,6948.12016706839,0.0,0.0,5.1206665696759375,6.01290032945556e-14,6.01290032945556e-14
0.44955,6948.245810818983,0.0,0.0,5.120743266008298,6.013009642060662e-14,6.013009642060662e-14
0.4496,6948.369949809089,0.0,0.0,5.120822157480001,6.013117633414486e-14,6.013117633414486e-14
0.44965,6948.49242489287,0.0,0.0,5.120903068485133,6.013224854509364e-14,6.013224854509364e-14
0.44970000000000004,6948.613039549627,0.0,0.0,5.120985939996352,6.013329526390118e-14,6.013329526390118e-14
0.44975000000000004,6948.731649403034,0.0,0.0,5.121070607140896,6.013433947221117e-14,6.013433947221117e-14
0.44980000000000003,6948.848055872508,0.0,0.0,5.121156986164383,6.013534827598288e-14,6.013534827598288e-14
0.44985,6948.962125811798,0.0,0.0,5.121244928914327,6.013635716000275e-14,6.013635716000275e-14
0.4499,6949.073664255959,0.0,0.0,5.121334323773776,6.013732382288885e-14,6.013732382288885e-14
0.44995,6949.182545481065,0.0,0.0,5.121425042237689,6.013829010561931e-14,6.013829010561931e-14
0.45,6949.288583643715,0.0,0.0,5.121516944948141,6.013921067486229e-14,6.013921067486229e-14
0.45005,6949.391657073519,0.0,0.0,5.121609922742045,6.014012740706112e-14,6.014012740706112e-14
0.4501,6949.491593721536,0.0,0.0,5.121703811830832,6.014099799513068e-14,6.014099799513068e-14
0.45015,6949.5882736155245,0.0,0.0,5.121798519141617,6.014185880341513e-14,6.014185880341513e-14
0.45020000000000004,6949.6815418558035,0.0,0.0,5.1218938624481885,6.014267542988199e-14,6.014267542988199e-14
0.45025000000000004,6949.771279186546,0.0,0.0,5.121989759256301,6.014347469790764e-14,6.014347469790764e-14
0.45030000000000003,6949.857349650372,0.0,0.0,5.122086016722953,6.014423320710343e-14,6.014423320710343e-14
0.45035000000000003,6949.939635202964,0.0,0.0,5.122182556132693,6.014496616999016e-14,6.014496616999016e-14
0.4504,6950.018019079522,0.0,0.0,5.122279182607327,6.014566223649898e-14,6.014566223649898e-14
0.45045,6950.092386266421,0.0,0.0,5.122375814226332,6.014632498348405e-14,6.014632498348405e-14
0.4505,6950.162638157827,0.0,0.0,5.122472262301469,6.014695420217977e-14,6.014695420217977e-14
0.45055,6950.228665548406,0.0,0.0,5.122568435610607,6.01475435974513e-14,6.01475435974513e-14
0.4506,6950.290386111625,0.0,0.0,5.122664158519834,6.014810164069657e-14,6.014810164069657e-14
0.45065,6950.347699683867,0.0,0.0,5.122759326180615,6.014861518516612e-14,6.014861518516612e-14
0.45070000000000005,6950.400538021424,0.0,0.0,5.122853780764889,6.01490979991393e-14,6.01490979991393e-14
0.45075000000000004,6950.448813147361,0.0,0.0,5.122947401822533,6.014953366442738e-14,6.014953366442738e-14
0.45080000000000003,6950.492468909656,0.0,0.0,5.123040051565959,6.014993767103467e-14,6.014993767103467e-14
0.45085000000000003,6950.531432086124,0.0,0.0,5.123131594520659,6.015029373987125e-14,6.015029373987125e-14
0.4509,6950.565657253249,0.0,0.0,5.1232219126405445,6.015061601098164e-14,6.015061601098164e-14
0.45095,6950.595087585664,0.0,0.0,5.12331085837483,6.015089095519565e-14,6.015089095519565e-14
0.451,6950.619687905324,0.0,0.0,5.123398330936287,6.015112933184236e-14,6.015112933184236e-14
0.45105,6950.639418345362,0.0,0.0,5.123484175500497,6.015132175073026e-14,6.015132175073026e-14
0.4511,6950.654254414448,0.0,0.0,5.123568304514071,6.015147489028224e-14,6.015147489028224e-14
0.45115,6950.6641727444285,0.0,0.0,5.123650561782588,6.015158352000171e-14,6.015158352000171e-14
0.45120000000000005,6950.669160733339,0.0,0.0,5.1237308682359055,6.015165086731864e-14,6.015165086731864e-14
0.45125000000000004,6950.669210282228,0.0,0.0,5.123809072452594,6.01516746581826e-14,6.01516746581826e-14
0.45130000000000003,6950.6643223115825,0.0,0.0,5.123885099225118,6.015165635020883e-14,6.015165635020883e-14
0.45135000000000003,6950.654502381606,0.0,0.0,5.12395880745663,6.015159459582364e-14,6.015159459582364e-14
0.4514,6950.639766568865,0.0,0.0,5.124030122070408,6.015149132066368e-14,6.015149132066368e-14
0.45145,6950.620132549054,0.0,0.0,5.124098916580963,6.015134381299304e-14,6.015134381299304e-14
0.4515,6950.595632746852,0.0,0.0,5.124165113748991,6.015115665229507e-14,6.015115665229507e-14
0.45155,6950.5662958910825,0.0,0.0,5.124228604300972,6.015092383163147e-14,6.015092383163147e-14
0.4516,6950.532171139303,0.0,0.0,5.124289308247184,6.015065411773235e-14,6.015065411773235e-14
0.45165,6950.493297991662,0.0,0.0,5.124347134320166,6.015033718705446e-14,6.015033718705446e-14
0.45170000000000005,6950.449741701647,0.0,0.0,5.124402000858913,6.014998640333013e-14,6.014998640333013e-14
0.45175000000000004,6950.401553160684,0.0,0.0,5.1244538337676975,6.014958738249854e-14,6.014958738249854e-14
0.45180000000000003,6950.348812043509,0.0,0.0,5.124502552143926,6.014915712718049e-14,6.014915712718049e-14
0.45185000000000003,6950.291582067779,0.0,0.0,5.124548097025829,6.0148678832811e-14,6.0148678832811e-14
0.4519,6950.229954810514,0.0,0.0,5.124590391527864,6.014817085455515e-14,6.014817085455515e-14
0.45195,6950.1640087793885,0.0,0.0,5.124629389162786,6.014761680444832e-14,6.014761680444832e-14
0.452,6950.093844465427,0.0,0.0,5.124665020526225,6.014703310420828e-14,6.014703310420828e-14
0.45205,6950.019557219559,0.0,0.0,5.12469724895101,6.014640735867998e-14,6.014640735867998e-14
0.4521,6949.941253483141,0.0,0.0,5.124726015573914,6.014575033938281e-14,6.014575033938281e-14
0.45215,6949.859047076757,0.0,0.0,5.12475129145561,6.014505730344851e-14,6.014505730344851e-14
0.45220000000000005,6949.773047978923,0.0,0.0,5.124773030441929,6.014432993887478e-14,6.014432993887478e-14
0.45225000000000004,6949.68338918019,0.0,0.0,5.124791210182298,6.014357415701072e-14,6.014357415701072e-14
0.45230000000000004,6949.590182794599,0.0,0.0,5.124805798223252,6.014278014603117e-14,6.014278014603117e-14
0.45235000000000003,6949.493580370032,0.0,0.0,5.124816778778071,6.014196612371299e-14,6.014196612371299e-14
0.4524,6949.393696072371,0.0,0.0,5.1248241328713435,6.014110999662531e-14,6.014110999662531e-14
0.45245,6949.290697886916,0.0,0.0,5.124827852280853,6.014024207953142e-14,6.014024207953142e-14
0.4525,6949.18470335056,0.0,0.0,5.124827930277124,6.013932922970021e-14,6.013932922970021e-14
0.45255,6949.075893307383,0.0,0.0,5.124824367916465,6.013841156264742e-14,6.013841156264742e-14
0.4526,6948.964391219288,0.0,0.0,5.1248171688737205,6.013744818803973e-14,6.013744818803973e-14
0.45265,6948.850386053916,0.0,0.0,5.12480634544242,6.013648476275687e-14,6.013648476275687e-14
0.45270000000000005,6948.734010576857,0.0,0.0,5.124791909762669,6.013547771639479e-14,6.013547771639479e-14
0.45275000000000004,6948.615456510798,0.0,0.0,5.124773887038559,6.013447250212104e-14,6.013447250212104e-14
0.45280000000000004,6948.494869529244,0.0,0.0,5.124752296360034,6.013342906570112e-14,6.013342906570112e-14
0.45285000000000003,6948.372438780404,0.0,0.0,5.124727176744751,6.013238620178783e-14,6.013238620178783e-14
0.4529,6948.248325975663,0.0,0.0,5.124698553566025,6.013131381014102e-14,6.013131381014102e-14
0.45295,6948.122713118343,0.0,0.0,5.124666479446112,6.013023782790368e-14,6.013023782790368e-14
0.453,6947.9957799230615,0.0,0.0,5.124630986466324,6.012914378143487e-14,6.012914378143487e-14
0.45305,6947.867698089935,0.0,0.0,5.1245921394069,6.01280398154649e-14,6.01280398154649e-14
0.4531,6947.73866557166,0.0,0.0,5.12454997857745,6.012693102152294e-14,6.012693102152294e-14
0.45315,6947.608842494435,0.0,0.0,5.1245045783557295,6.012580497002098e-14,6.012580497002098e-14
0.45320000000000005,6947.4784432128345,0.0,0.0,5.124455989651607,6.012468775149891e-14,6.012468775149891e-14
0.45325000000000004,6947.347617106744,0.0,0.0,5.124404293127083,6.012354635114065e-14,6.012354635114065e-14
0.45330000000000004,6947.216590980146,0.0,0.0,5.1243495530585035,6.012242635176949e-14,6.012242635176949e-14
0.45335000000000003,6947.085506288896,0.0,0.0,5.124291852867502,6.012127714450168e-14,6.012127714450168e-14
0.4534,6946.954596494131,0.0,0.0,5.124231272762688,6.012015934632274e-14,6.012015934632274e-14
0.45345,6946.823999524884,0.0,0.0,5.1241678958189345,6.011901053151898e-14,6.011901053151898e-14
0.4535,6946.693948442253,0.0,0.0,5.124101819915163,6.011789938307342e-14,6.011789938307342e-14
0.45355,6946.564582932523,0.0,0.0,5.124033125696352,6.011675956615855e-14,6.011675956615855e-14
0.4536,6946.436128136628,0.0,0.0,5.123961929077825,6.011565920243487e-14,6.011565920243487e-14
0.45365,6946.308730804912,0.0,0.0,5.123888307681512,6.01145370677483e-14,6.01145370677483e-14
0.45370000000000005,6946.182601094221,0.0,0.0,5.123812394098909,6.011345158772813e-14,6.011345158772813e-14
0.45375000000000004,6946.057897231863,0.0,0.0,5.123734264059132,6.011235553623531e-14,6.011235553623531e-14
0.45380000000000004,6945.934808686363,0.0,0.0,5.1236540636576295,6.011128929343678e-14,6.011128929343678e-14
0.45385000000000003,6945.813507848908,0.0,0.0,5.123571869525369,6.011022709300223e-14,6.011022709300223e-14
0.4539,6945.694159906772,0.0,0.0,5.123487836496874,6.010918495050736e-14,6.010918495050736e-14
0.45395,6945.576951758204,0.0,0.0,5.123402046201197,6.010816344642322e-14,6.010816344642322e-14
0.454,6945.462023309022,0.0,0.0,5.123314656364336,6.010715095146868e-14,6.010715095146868e-14
0.45405,6945.3495736627,0.0,0.0,5.123225758384598,6.010617587771721e-14,6.010617587771721e-14
0.4541,6945.2397191653345,0.0,0.0,5.123135506684922,6.010519932151089e-14,6.010519932151089e-14
0.45415,6945.132666252251,0.0,0.0,5.1230440070757455,6.01042752397278e-14,6.01042752397278e-14
0.45420000000000005,6945.028511898501,0.0,0.0,5.122951404990593,6.010334158446504e-14,6.010334158446504e-14
0.45425000000000004,6944.927462878488,0.0,0.0,5.122857824308553,6.010247195955832e-14,6.010247195955832e-14
0.45430000000000004,6944.8296028371105,0.0,0.0,5.122763397137604,6.010158863409297e-14,6.010158863409297e-14
0.45435000000000003,6944.735130554191,0.0,0.0,5.122668267320472,6.010077603570839e-14,6.010077603570839e-14
0.4544,6944.644123341586,0.0,0.0,5.122572551345028,6.009995062113281e-14,6.009995062113281e-14
0.45445,6944.556763312539,0.0,0.0,5.122476412590698,6.009919702136276e-14,6.009919702136276e-14
0.4545,6944.473128344471,0.0,0.0,5.122379952092216,6.009843686484836e-14,6.009843686484836e-14
0.45455,6944.393375961961,0.0,0.0,5.12228334977537,6.009774398781354e-14,6.009774398781354e-14
0.4546,6944.317590343519,0.0,0.0,5.12218669391558,6.009705579471878e-14,6.009705579471878e-14
0.45465,6944.245898272648,0.0,0.0,5.122090175567378,6.009642546508562e-14,6.009642546508562e-14
0.45470000000000005,6944.1783938808985,0.0,0.0,5.121993875147018,6.009581492390753e-14,6.009581492390753e-14
0.45475000000000004,6944.115169631207,0.0,0.0,5.121897987508275,6.009524936055792e-14,6.009524936055792e-14
0.45480000000000004,6944.056330536292,0.0,0.0,5.121802591636624,6.009472085180361e-14,6.009472085180361e-14
0.45485000000000003,6944.001934199534,0.0,0.0,5.121707877780649,6.00942228600783e-14,6.00942228600783e-14
0.4549,6943.952094456897,0.0,0.0,5.121613930501455,6.009377928920117e-14,6.009377928920117e-14
0.45495,6943.906836612753,0.0,0.0,5.121520927011076,6.009335231933422e-14,6.009335231933422e-14
0.455,6943.866278442901,0.0,0.0,5.1214289639399535,6.009299509689631e-14,6.009299509689631e-14
0.45505,6943.830418248618,0.0,0.0,5.121338198116293,6.009264315561297e-14,6.009264315561297e-14
0.4551,6943.799370603875,0.0,0.0,5.121248743148489,6.009237232727459e-14,6.009237232727459e-14
0.45515,6943.773114096959,0.0,0.0,5.12116073022795,6.009209975095671e-14,6.009209975095671e-14
0.45520000000000005,6943.751751599166,0.0,0.0,5.121074292373031,6.009191425877408e-14,6.009191425877408e-14
0.45525000000000004,6943.735250252864,0.0,0.0,5.120989532733961,6.009172537710247e-14,6.009172537710247e-14
0.45530000000000004,6943.72369247389,0.0,0.0,5.120906603125271,6.009162341485842e-14,6.009162341485842e-14
0.45535000000000003,6943.717042051261,0.0,0.0,5.120825579476413,6.009152215021174e-14,6.009152215021174e-14
0.4554,6943.715353101425,0.0,0.0,5.1207466285895284,6.009150156209563e-14,6.009150156209563e-14
0.45545,6943.71859285412,0.0,0.0,5.120669803146905,6.009149101980278e-14,6.009149101980278e-14
0.4555,6943.726781242458,0.0,0.0,5.120595278244483,6.009154968548806e-14,6.009154968548806e-14
0.45555,6943.7398934948105,0.0,0.0,5.12052308991976,6.009163179191872e-14,6.009163179191872e-14
0.4556,6943.757912229989,0.0,0.0,5.120453412722571,6.009176794314538e-14,6.009176794314538e-14
0.45565,6943.780822377801,0.0,0.0,5.1203862743615804,6.009194318215445e-14,6.009194318215445e-14
0.45570000000000005,6943.808569288069,0.0,0.0,5.120321838929803,6.009215560596166e-14,6.009215560596166e-14
0.45575000000000004,6943.841146226403,0.0,0.0,5.120260134652335,6.009242289057257e-14,6.009242289057257e-14
0.45580000000000004,6943.878464489713,0.0,0.0,5.120201305449559,6.009271099091222e-14,6.009271099091222e-14
0.45585000000000003,6943.920521466607,0.0,0.0,5.120145388148687,6.009306768812089e-14,6.009306768812089e-14
0.4559,6943.96720035597,0.0,0.0,5.120092498255351,6.009343139837048e-14,6.009343139837048e-14
0.45595,6944.018496231814,0.0,0.0,5.120042687315131,6.009387350352696e-14,6.009387350352696e-14
0.456,6944.074272093387,0.0,0.0,5.119996036759036,6.009431306413603e-14,6.009431306413603e-14
0.45605,6944.134512970998,0.0,0.0,5.119952616043126,6.009483550052752e-14,6.009483550052752e-14
0.4561,6944.199070461711,0.0,0.0,5.119912470222181,6.009535113565794e-14,6.009535113565794e-14
0.45615,6944.267911641569,0.0,0.0,5.11987568637342,6.00959481376617e-14,6.00959481376617e-14
0.4562,6944.340885257325,0.0,0.0,5.119842274558627,6.00965396791052e-14,6.00965396791052e-14
0.45625000000000004,6944.41793346763,0.0,0.0,5.119812335632491,6.009720520619442e-14,6.009720520619442e-14
0.45630000000000004,6944.498909391596,0.0,0.0,5.119785849555355,6.00978717201352e-14,6.00978717201352e-14
0.45635000000000003,6944.58372524379,0.0,0.0,5.1197629239909,6.009859984549633e-14,6.009859984549633e-14
0.45640000000000003,6944.672243537123,0.0,0.0,5.11974351653654,6.009933931678885e-14,6.009933931678885e-14
0.45645,6944.764344164164,0.0,0.0,5.1197277324494594,6.010012453903728e-14,6.010012453903728e-14
0.4565,6944.859901309377,0.0,0.0,5.119715516491849,6.010093365881305e-14,6.010093365881305e-14
0.45655,6944.9587631549175,0.0,0.0,5.119706961258452,6.010177109733639e-14,6.010177109733639e-14
0.4566,6945.060814946844,0.0,0.0,5.1197020086851,6.010264518450717e-14,6.010264518450717e-14
0.45665,6945.165876686697,0.0,0.0,5.11970072877532,6.010353063662424e-14,6.010353063662424e-14
0.4567,6945.273841449531,0.0,0.0,5.119703069753506,6.010446370437306e-14,6.010446370437306e-14
0.45675000000000004,6945.384507040372,0.0,0.0,5.119709070767069,6.010539356305713e-14,6.010539356305713e-14
0.45680000000000004,6945.497769133948,0.0,0.0,5.1197186933014285,6.010637852082242e-14,6.010637852082242e-14
0.45685000000000003,6945.613410995615,0.0,0.0,5.119731940164382,6.010734957204212e-14,6.010734957204212e-14
0.45690000000000003,6945.731324561904,0.0,0.0,5.119748789986497,6.010837853463875e-14,6.010837853463875e-14
0.45695,6945.851286907478,0.0,0.0,5.119769207274807,6.010938767052404e-14,6.010938767052404e-14
0.457,6945.973179800802,0.0,0.0,5.1197931880904815,6.011045233171464e-14,6.011045233171464e-14
0.45705,6946.096782131299,0.0,0.0,5.119820660461784,6.011149622705932e-14,6.011149622705932e-14
0.4571,6946.221959973933,0.0,0.0,5.119851634562976,6.011258824706338e-14,6.011258824706338e-14
0.45715,6946.348500751677,0.0,0.0,5.119886007294467,6.011366305075174e-14,6.011366305075174e-14
0.4572,6946.47625106019,0.0,0.0,5.11992379652293,6.011477440680381e-14,6.011477440680381e-14
0.45725000000000005,6946.605011567219,0.0,0.0,5.119964876170204,6.011587549601996e-14,6.011587549601996e-14
0.45730000000000004,6946.734607903494,0.0,0.0,5.120009263201473,6.011699875221002e-14,6.011699875221002e-14
0.45735000000000003,6946.864856279557,0.0,0.0,5.120056818407069,6.011812058661728e-14,6.011812058661728e-14
0.45740000000000003,6946.995562392227,0.0,0.0,5.120107548309088,6.011924905249578e-14,6.011924905249578e-14
0.45745,6947.126557833307,0.0,0.0,5.120161310798559,6.012038514977352e-14,6.012038514977352e-14
0.4575,6947.257631768595,0.0,0.0,5.120218092810759,6.012151291464553e-14,6.012151291464553e-14
0.45755,6947.388628852909,0.0,0.0,5.120277758616554,6.012265595029111e-14,6.012265595029111e-14
0.4576,6947.519327026398,0.0,0.0,5.120340268093699,6.012377779892029e-14,6.012377779892029e-14
0.45765,6947.649580123079,0.0,0.0,5.1204054990427785,6.012491981504223e-14,6.012491981504223e-14
0.4577,6947.779161353791,0.0,0.0,5.120473379513231,6.012603104780708e-14,6.012603104780708e-14
0.45775000000000005,6947.907929061158,0.0,0.0,5.1205438050034875,6.012716374029457e-14,6.012716374029457e-14
0.45780000000000004,6948.035658575293,0.0,0.0,5.1206166703028275,6.012825993409007e-14,6.012825993409007e-14
0.45785000000000003,6948.162208132294,0.0,0.0,5.12069188937769,6.012937497737437e-14,6.012937497737437e-14
0.45790000000000003,6948.287361544942,0.0,0.0,5.120769325833837,6.013045173072104e-14,6.013045173072104e-14
0.45795,6948.410973161077,0.0,0.0,5.120848909546072,6.013154109559473e-14,6.013154109559473e-14
0.458,6948.532840440559,0.0,0.0,5.120930478208793,6.01325938017082e-14,6.01325938017082e-14
0.45805,6948.652811496138,0.0,0.0,5.121013972246074,6.013365002473243e-14,6.013365002473243e-14
0.4581,6948.770700907846,0.0,0.0,5.121099211169446,6.013467370977156e-14,6.013467370977156e-14
0.45815,6948.886349986625,0.0,0.0,5.121186138698358,6.01356900820341e-14,6.01356900820341e-14
0.4582,6948.999592002855,0.0,0.0,5.121274565296891,6.013667933377572e-14,6.013667933377572e-14
0.45825000000000005,6949.1102627312775,0.0,0.0,5.121364429970791,6.013764999049025e-14,6.013764999049025e-14
0.45830000000000004,6949.218213882356,0.0,0.0,5.121455543476695,6.013859898728599e-14,6.013859898728599e-14
0.45835000000000004,6949.323278562025,0.0,0.0,5.121547832547788,6.013951889581016e-14,6.013951889581016e-14
0.45840000000000003,6949.425325193789,0.0,0.0,5.121641116597334,6.014042152943683e-14,6.014042152943683e-14
0.45845,6949.524188224385,0.0,0.0,5.121735304074909,6.014128638903994e-14,6.014128638903994e-14
0.4585,6949.619750119695,0.0,0.0,5.121830229445891,6.014213646058152e-14,6.014213646058152e-14
0.45855,6949.711851217105,0.0,0.0,5.1219257792504145,6.014294254032015e-14,6.014294254032015e-14
0.4586,6949.800385035503,0.0,0.0,5.12202180676142,6.014373399764102e-14,6.014373399764102e-14
0.45865,6949.8852022532155,0.0,0.0,5.122118175836773,6.014447794694166e-14,6.014447794694166e-14
0.4587,6949.966204743924,0.0,0.0,5.122214759404016,6.014520512723204e-14,6.014520512723204e-14
0.45875000000000005,6950.043257304831,0.0,0.0,5.12231140076545,6.014588379604261e-14,6.014588379604261e-14
0.45880000000000004,6950.116268253645,0.0,0.0,5.122407990596606,6.014654163783775e-14,6.014654163783775e-14
0.45885000000000004,6950.185119194484,0.0,0.0,5.122504356307653,6.014715193934004e-14,6.014715193934004e-14
0.45890000000000003,6950.249724074135,0.0,0.0,5.122600402196923,6.014773613504157e-14,6.014773613504157e-14
0.45895,6950.309982697237,0.0,0.0,5.122695946282046,6.01482749746831e-14,6.01482749746831e-14
0.459,6950.365815001927,0.0,0.0,5.1227909009588535,6.01487820456667e-14,6.01487820456667e-14
0.45905,6950.41713912013,0.0,0.0,5.122885082268103,6.014924632745756e-14,6.014924632745756e-14
0.4591,6950.463882376594,0.0,0.0,5.122978404744943,6.014967361742153e-14,6.014967361742153e-14
0.45915,6950.505980328899,0.0,0.0,5.123070689791054,6.01500603242529e-14,6.01500603242529e-14
0.4592,6950.543369786795,0.0,0.0,5.1231618486551325,6.015040592030107e-14,6.015040592030107e-14
0.45925000000000005,6950.5760021961705,0.0,0.0,5.123251714441716,6.015071225195452e-14,6.015071225195452e-14
0.45930000000000004,6950.6038262083575,0.0,0.0,5.123340191039992,6.015097485467767e-14,6.015097485467767e-14
0.45935000000000004,6950.626807450311,0.0,0.0,5.123427127892481,6.015119839736759e-14,6.015119839736759e-14
0.45940000000000003,6950.6449085576605,0.0,0.0,5.123512419369637,6.015137716900073e-14,6.015137716900073e-14
0.45945,6950.658107909396,0.0,0.0,5.123595933769548,6.015151606528659e-14,6.015151606528659e-14
0.4595,6950.666383644854,0.0,0.0,5.1236775559317005,6.01516104875676e-14,6.01516104875676e-14
0.45955,6950.669726090091,0.0,0.0,5.123757173341611,6.015166357602338e-14,6.015166357602338e-14
0.4596,6950.66812951311,0.0,0.0,5.123834663332985,6.015167334630453e-14,6.015167334630453e-14
0.45965,6950.6615961861835,0.0,0.0,5.123909930986542,6.015164024619368e-14,6.015164024619368e-14
0.4597,6950.650136152271,0.0,0.0,5.123982849779781,6.015156523223273e-14,6.015156523223273e-14
0.45975000000000005,6950.63376441583,0.0,0.0,5.124053339400229,6.01514463585377e-14,6.01514463585377e-14
0.45980000000000004,6950.612505578336,0.0,0.0,5.124121274111404,6.015128662067619e-14,6.015128662067619e-14
0.45985000000000004,6950.58638874015,0.0,0.0,5.124186584515282,6.015108312738953e-14,6.015108312738953e-14
0.45990000000000003,6950.555451274049,0.0,0.0,5.124249150560646,6.015083900359759e-14,6.015083900359759e-14
0.45995,6950.519737958545,0.0,0.0,5.124308910101486,6.015055266605522e-14,6.015055266605522e-14
0.46,6950.479296990504,0.0,0.0,5.124365753213774,6.015022490293198e-14,6.015022490293198e-14
0.46005,6950.43419018818,0.0,0.0,5.124419622024174,6.014985796095941e-14,6.014985796095941e-14
0.4601,6950.384474914876,0.0,0.0,5.124470420142173,6.014944786441806e-14,6.014944786441806e-14
0.46015,6950.33023073664,0.0,0.0,5.124518092140792,6.014900285528442e-14,6.014900285528442e-14
0.4602,6950.271523214834,0.0,0.0,5.124562557177717,6.014851242998804e-14,6.014851242998804e-14
0.46025000000000005,6950.20844937824,0.0,0.0,5.124603761819321,6.014799204231896e-14,6.014799204231896e-14
0.46030000000000004,6950.141082975538,0.0,0.0,5.124641641305068,6.014742408980454e-14,6.014742408980454e-14
0.46035000000000004,6950.069537046007,0.0,0.0,5.124676145064845,6.014683106625491e-14,6.014683106625491e-14
0.46040000000000003,6949.993894550006,0.0,0.0,5.124707223646286,6.014618921796108e-14,6.014618921796108e-14
0.46045,6949.914281953416,0.0,0.0,5.124734831242173,6.01455263260266e-14,6.01455263260266e-14
0.4605,6949.8307933478445,0.0,0.0,5.124758932016407,6.01448149981111e-14,6.01448149981111e-14
0.46055,6949.743565162618,0.0,0.0,5.124779487383348,6.01440850763195e-14,6.01440850763195e-14
0.4606,6949.652705090509,0.0,0.0,5.124796473032819,6.014330934639736e-14,6.014330934639736e-14
0.46065,6949.55835561933,0.0,0.0,5.124809860069062,6.014251541927395e-14,6.014251541927395e-14
0.4607,6949.460640563607,0.0,0.0,5.124819633765984,6.014168083886348e-14,6.014168083886348e-14
0.46075000000000005,6949.359704678619,0.0,0.0,5.124825776873126,6.01408262808614e-14,6.01408262808614e-14
0.46080000000000004,6949.255689898114,0.0,0.0,5.124828282923924,6.01399386490504e-14,6.01399386490504e-14
0.46085000000000004,6949.14874015044,0.0,0.0,5.124827147359317,6.01390273674381e-14,6.01390273674381e-14
0.46090000000000003,6949.039016413152,0.0,0.0,5.124822371567501,6.013809249910236e-14,6.013809249910236e-14
0.46095,6948.926659898452,0.0,0.0,5.124813963620699,6.013712910040953e-14,6.013712910040953e-14
0.461,6948.8118500533665,0.0,0.0,5.124801933357499,6.013615262481112e-14,6.013615262481112e-14
0.46105,6948.694725030375,0.0,0.0,5.124786300353075,6.013514253000275e-14,6.013514253000275e-14
0.4611,6948.575480454323,0.0,0.0,5.124767084337608,6.013412975215234e-14,6.013412975215234e-14
0.46115,6948.454252722055,0.0,0.0,5.124744314456803,6.013307923224437e-14,6.013307923224437e-14
0.4612,6948.331249670086,0.0,0.0,5.124718022259563,6.013203508044499e-14,6.013203508044499e-14
0.46125000000000005,6948.206608720756,0.0,0.0,5.124688244164697,6.013095119590533e-14,6.013095119590533e-14
0.46130000000000004,6948.080544598332,0.0,0.0,5.124655025457863,6.012988026557939e-14,6.012988026557939e-14
0.46135000000000004,6947.953199575227,0.0,0.0,5.124618407698061,6.012877070777715e-14,6.012877070777715e-14
0.46140000000000003,6947.82478914035,0.0,0.0,5.124578451282105,6.012767739611887e-14,6.012767739611887e-14
0.46145,6947.695464641144,0.0,0.0,5.124535201457688,6.012655024488304e-14,6.012655024488304e-14
0.4615,6947.565436135834,0.0,0.0,5.12448873409503,6.012543895546123e-14,6.012543895546123e-14
0.46155,6947.434867910446,0.0,0.0,5.124439097761561,6.01243023810257e-14,6.01243023810257e-14
0.4616,6947.303959115502,0.0,0.0,5.124386382844688,6.012317776476305e-14,6.012317776476305e-14
0.46165,6947.172889712085,0.0,0.0,5.124330642145575,6.012203971257493e-14,6.012203971257493e-14
0.4617,6947.041843917897,0.0,0.0,5.124271978219623,6.012090690375152e-14,6.012090690375152e-14
0.46175000000000005,6946.911018330268,0.0,0.0,5.1242104502474435,6.011977480517642e-14,6.011977480517642e-14
0.46180000000000004,6946.780580219876,0.0,0.0,5.124146169397345,6.011863960964505e-14,6.011863960964505e-14
0.46185000000000004,6946.650741584489,0.0,0.0,5.124079204296911,6.011752015954739e-14,6.011752015954739e-14
0.46190000000000003,6946.521653033032,0.0,0.0,5.124009670398501,6.01163891577812e-14,6.01163891577812e-14
0.46195,6946.393538414198,0.0,0.0,5.12393764923714,6.011528819144202e-14,6.011528819144202e-14
0.462,6946.266534219928,0.0,0.0,5.123863256062284,6.011416873059024e-14,6.011416873059024e-14
0.46205,6946.140870509897,0.0,0.0,5.123786588502971,6.011309121858087e-14,6.011309121858087e-14
0.4621,6946.016674084811,0.0,0.0,5.123707757662421,6.01119912838448e-14,6.01119912838448e-14
0.46215,6945.89417403208,0.0,0.0,5.123626879481552,6.011094144618609e-14,6.011094144618609e-14
0.4622,6945.773493092672,0.0,0.0,5.123544058187466,6.01098694200294e-14,6.01098694200294e-14
0.46225000000000005,6945.654851459857,0.0,0.0,5.123459428680308,6.010885094290632e-14,6.010885094290632e-14
0.46230000000000004,6945.538373768725,0.0,0.0,5.1233730873134675,6.010781527810365e-14,6.010781527810365e-14
0.46235000000000004,6945.424263612036,0.0,0.0,5.1232851866263625,6.010683160020042e-14,6.010683160020042e-14
0.46240000000000003,6945.312652827369,0.0,0.0,5.1231958161011795,6.010584044681261e-14,6.010584044681261e-14
0.46245,6945.203721884911,0.0,0.0,5.123105142521083,6.010489507067407e-14,6.010489507067407e-14
0.4625,6945.097613575957,0.0,0.0,5.1230132514532425,6.010395590538514e-14,6.010395590538514e-14
0.46255,6944.9944807523125,0.0,0.0,5.122920318673541,6.01030526839704e-14,6.01030526839704e-14
0.4626,6944.894478634697,0.0,0.0,5.1228264303689945,6.010217199158484e-14,6.010217199158484e-14
0.46265,6944.797730574594,0.0,0.0,5.122731764737656,6.010131534238048e-14,6.010131534238048e-14
0.4627,6944.70440300984,0.0,0.0,5.122636414035537,6.010049839317196e-14,6.010049839317196e-14
0.46275,6944.614590763492,0.0,0.0,5.122540551779704,6.009969340180062e-14,6.009969340180062e-14
0.46280000000000004,6944.528467553871,0.0,0.0,5.122444281793412,6.009894415571953e-14,6.009894415571953e-14
0.46285000000000004,6944.446103348949,0.0,0.0,5.12234776620558,6.009819654650592e-14,6.009819654650592e-14
0.46290000000000003,6944.367672843419,0.0,0.0,5.122251125013883,6.009751769768134e-14,6.009751769768134e-14
0.46295000000000003,6944.29322699204,0.0,0.0,5.12215450358049,6.009683366802053e-14,6.009683366802053e-14
0.463,6944.222933503591,0.0,0.0,5.122058040922756,6.009622682304153e-14,6.009622682304153e-14
0.46305,6944.156831484633,0.0,0.0,5.12196186237718,6.009561275860478e-14,6.009561275860478e-14
0.4631,6944.095073006258,0.0,0.0,5.121866126403243,6.009507872271784e-14,6.009507872271784e-14
0.46315,6944.037692771987,0.0,0.0,5.121770937691953,6.009454082859933e-14,6.009454082859933e-14
0.4632,6943.98481896921,0.0,0.0,5.121676471808067,6.009407995796175e-14,6.009407995796175e-14
0.46325,6943.936488529018,0.0,0.0,5.12158281497015,6.009362385400825e-14,6.009362385400825e-14
0.46330000000000005,6943.892798982911,0.0,0.0,5.121490154809285,6.009323642209766e-14,6.009323642209766e-14
0.46335000000000004,6943.853794314971,0.0,0.0,5.12139856378407,6.009286675684647e-14,6.009286675684647e-14
0.46340000000000003,6943.819536991254,0.0,0.0,5.121308234313361,6.009255328049535e-14,6.009255328049535e-14
0.46345000000000003,6943.790080325369,0.0,0.0,5.121219231706282,6.009227341650281e-14,6.009227341650281e-14
0.4635,6943.765450252053,0.0,0.0,5.121131744469103,6.009203489243935e-14,6.009203489243935e-14
0.46355,6943.745708754339,0.0,0.0,5.121045838319834,6.00918467063645e-14,6.00918467063645e-14
0.4636,6943.730846901352,0.0,0.0,5.120961688797107,6.009168472186352e-14,6.009168472186352e-14
0.46365,6943.720931775707,0.0,0.0,5.120879369404162,6.009158854699164e-14,6.009158854699164e-14
0.4637,6943.715924143045,0.0,0.0,5.120799034471091,6.009150524641863e-14,6.009150524641863e-14
0.46375,6943.715890147197,0.0,0.0,5.120720771331832,6.009149996547016e-14,6.009149996547016e-14
0.46380000000000005,6943.720767081399,0.0,0.0,5.120644706783673,6.009149787557154e-14,6.009149787557154e-14
0.46385000000000004,6943.730612439349,0.0,0.0,5.120570945706987,6.009158115060668e-14,6.009158115060668e-14
0.46390000000000003,6943.74534820906,0.0,0.0,5.12049958383118,6.009166288806544e-14,6.009166288806544e-14
0.46395000000000003,6943.765014888808,0.0,0.0,5.120430744272124,6.009183149507965e-14,6.009183149507965e-14
0.464,6943.789527557214,0.0,0.0,5.1203644914535875,6.009199939720318e-14,6.009199939720318e-14
0.46405,6943.818901874435,0.0,0.0,5.120300964105914,6.009224961835799e-14,6.009224961835799e-14
0.4641,6943.853053507993,0.0,0.0,5.120240198466199,6.009250534907519e-14,6.009250534907519e-14
0.46415,6943.891967013959,0.0,0.0,5.120182343131773,6.009283336769353e-14,6.009283336769353e-14
0.4642,6943.935564262581,0.0,0.0,5.120127412218888,6.009317755475212e-14,6.009317755475212e-14
0.46425,6943.983794877874,0.0,0.0,5.120075555954832,6.009357979823451e-14,6.009357979823451e-14
0.46430000000000005,6944.036589952141,0.0,0.0,5.120026774516465,6.009401175310306e-14,6.009401175310306e-14
0.46435000000000004,6944.093863316083,0.0,0.0,5.119981210044163,6.009448513697328e-14,6.009448513697328e-14
0.46440000000000003,6944.155555372985,0.0,0.0,5.119938857930126,6.00950026971127e-14,6.00950026971127e-14
0.46445000000000003,6944.221546390592,0.0,0.0,5.119899842277156,6.009554473816902e-14,6.009554473816902e-14
0.4645,6944.2917833229285,0.0,0.0,5.119864162525123,6.009614425397281e-14,6.009614425397281e-14
0.46455,6944.366117904529,0.0,0.0,5.119831915863863,6.009675303987794e-14,6.009675303987794e-14
0.4646,6944.444498512307,0.0,0.0,5.119803113024298,6.009742950810694e-14,6.009742950810694e-14
0.46465,6944.5267555136525,0.0,0.0,5.119777817670102,6.009810353181305e-14,6.009810353181305e-14
0.4647,6944.612832021024,0.0,0.0,5.119756056421275,6.009885085691391e-14,6.009885085691391e-14
0.46475,6944.702545401555,0.0,0.0,5.119737855959051,6.009958874385869e-14,6.009958874385869e-14
0.46480000000000005,6944.795826271814,0.0,0.0,5.119723260051681,6.010040009099147e-14,6.010040009099147e-14
0.46485000000000004,6944.892487494179,0.0,0.0,5.119712258571169,6.010120026225928e-14,6.010120026225928e-14
0.46490000000000004,6944.9924404895555,0.0,0.0,5.119704910125857,6.010206845371938e-14,6.010206845371938e-14
0.46495000000000003,6945.095501183466,0.0,0.0,5.119701171561338,6.010292877697182e-14,6.010292877697182e-14
0.465,6945.201556616386,0.0,0.0,5.119701110723001,6.01038466787014e-14,6.01038466787014e-14
0.46505,6945.310431524405,0.0,0.0,5.119704658309834,6.010476415962099e-14,6.010476415962099e-14
0.4651,6945.421985652254,0.0,0.0,5.1197118832441575,6.010572500721723e-14,6.010572500721723e-14
0.46515,6945.536055864791,0.0,0.0,5.119722699120109,6.010669556739936e-14,6.010669556739936e-14
0.4652,6945.652474390075,0.0,0.0,5.119737166320369,6.010769319109281e-14,6.010769319109281e-14
0.46525,6945.771090863109,0.0,0.0,5.119755191311413,6.010871156497374e-14,6.010871156497374e-14
0.46530000000000005,6945.891712513356,0.0,0.0,5.119776816172168,6.010974048874344e-14,6.010974048874344e-14
0.46535000000000004,6946.014199847289,0.0,0.0,5.119801949808598,6.011080025443173e-14,6.011080025443173e-14
0.46540000000000004,6946.138340022179,0.0,0.0,5.1198306074171125,6.011185566346216e-14,6.011185566346216e-14
0.46545000000000003,6946.264000465648,0.0,0.0,5.1198627082251384,6.011294940285986e-14,6.011294940285986e-14
0.4655,6946.390954950573,0.0,0.0,5.119898234322838,6.011402699294801e-14,6.011402699294801e-14
0.46555,6946.519072581252,0.0,0.0,5.1199371204294035,6.011514655833505e-14,6.011514655833505e-14
0.4656,6946.648121334849,0.0,0.0,5.1199793125034425,6.011624229771714e-14,6.011624229771714e-14
0.46565,6946.77796636167,0.0,0.0,5.120024762578643,6.011737914752219e-14,6.011737914752219e-14
0.4657,6946.908377388791,0.0,0.0,5.1200733810567645,6.011848899346385e-14,6.011848899346385e-14
0.46575,6947.03921051762,0.0,0.0,5.120125135600782,6.011963455138424e-14,6.011963455138424e-14
0.46580000000000005,6947.170243837926,0.0,0.0,5.120179905138627,6.012075416899829e-14,6.012075416899829e-14
0.46585000000000004,6947.301320645638,0.0,0.0,5.120237668100986,6.012190015900726e-14,6.012190015900726e-14
0.46590000000000004,6947.432232361955,0.0,0.0,5.12029827896754,6.012302468766396e-14,6.012302468766396e-14
0.46595000000000003,6947.5628076315015,0.0,0.0,5.120361719668242,6.012416340282454e-14,6.012416340282454e-14
0.466,6947.6928540921845,0.0,0.0,5.120427829249456,6.01252873066337e-14,6.01252873066337e-14
0.46605,6947.8221860722015,0.0,0.0,5.120496584556845,6.012641178110403e-14,6.012641178110403e-14
0.4661,6947.950628109612,0.0,0.0,5.120567819007417,6.012752880594654e-14,6.012752880594654e-14
0.46615,6948.077982674705,0.0,0.0,5.12064149571822,6.012863287514623e-14,6.012863287514623e-14
0.4662,6948.204089889461,0.0,0.0,5.12071745179559,6.012973611788678e-14,6.012973611788678e-14
0.46625,6948.328744589492,0.0,0.0,5.120795629159747,6.013081436913817e-14,6.013081436913817e-14
0.46630000000000005,6948.451799639229,0.0,0.0,5.1208758762717075,6.013189644761648e-14,6.013189644761648e-14
0.46635000000000004,6948.573047635966,0.0,0.0,5.120958108608501,6.01329440798705e-14,6.01329440798705e-14
0.46640000000000004,6948.692350479736,0.0,0.0,5.1210421910970245,6.013399737769159e-14,6.013399737769159e-14
0.46645000000000003,6948.809504375581,0.0,0.0,5.121128010458733,6.01350100017711e-14,6.01350100017711e-14
0.4665,6948.924376421709,0.0,0.0,5.121215450128749,6.013602695183277e-14,6.013602695183277e-14
0.46655,6949.036771987242,0.0,0.0,5.121304368982052,6.013700037004307e-14,6.013700037004307e-14
0.4666,6949.1465600939855,0.0,0.0,5.121394667867141,6.013797373660958e-14,6.013797373660958e-14
0.46665,6949.253559898526,0.0,0.0,5.121486181778371,6.013890374156381e-14,6.013890374156381e-14
0.4667,6949.357640182877,0.0,0.0,5.12157882511802,6.013982686285606e-14,6.013982686285606e-14
0.46675,6949.458637125933,0.0,0.0,5.121672415443766,6.014070909005323e-14,6.014070909005323e-14
0.46680000000000005,6949.556418545427,0.0,0.0,5.121766874831475,6.014157605128178e-14,6.014157605128178e-14
0.46685000000000004,6949.650839277991,0.0,0.0,5.121862011428447,6.014240590936507e-14,6.014240590936507e-14
0.46690000000000004,6949.741766961876,0.0,0.0,5.121957748078732,6.014321162844615e-14,6.014321162844615e-14
0.46695000000000003,6949.8290751766635,0.0,0.0,5.122053892054513,6.014398431713821e-14,6.014398431713821e-14
0.467,6949.912633494607,0.0,0.0,5.12215036013122,6.014472453992034e-14,6.014472453992034e-14
0.46705,6949.992333055329,0.0,0.0,5.122246966659359,6.014543515069872e-14,6.014543515069872e-14
0.4671,6950.068048422104,0.0,0.0,5.122343616608316,6.014610636705206e-14,6.014610636705206e-14
0.46715,6950.139686295283,0.0,0.0,5.122440137827025,6.014675004817699e-14,6.014675004817699e-14
0.4672,6950.207129717315,0.0,0.0,5.122536419662626,6.014734935236194e-14,6.014734935236194e-14
0.46725,6950.270298667175,0.0,0.0,5.122632307666947,6.014792151001544e-14,6.014792151001544e-14
0.46730000000000005,6950.329088040404,0.0,0.0,5.122727674173558,6.014844643650077e-14,6.014844643650077e-14
0.46735000000000004,6950.383429048621,0.0,0.0,5.122822384097741,6.014894293897856e-14,6.014894293897856e-14
0.46740000000000004,6950.433231216632,0.0,0.0,5.122916293921046,6.014939130710336e-14,6.014939130710336e-14
0.46745000000000003,6950.478435594057,0.0,0.0,5.1230092870931685,6.014980865985785e-14,6.014980865985785e-14
0.4675,6950.518968171321,0.0,0.0,5.123101207711377,6.015017845720989e-14,6.015017845720989e-14
0.46755,6950.554779337406,0.0,0.0,5.123191954848305,6.015051392270494e-14,6.015051392270494e-14
0.4676,6950.585812295725,0.0,0.0,5.123281365426395,6.015080324855334e-14,6.015080324855334e-14
0.46765,6950.612027212118,0.0,0.0,5.123369349825994,6.015105489523254e-14,6.015105489523254e-14
0.4677,6950.6333842204385,0.0,0.0,5.123455743965798,6.01512619733683e-14,6.01512619733683e-14
0.46775,6950.649854476349,0.0,0.0,5.123540464646756,6.015142865072376e-14,6.015142865072376e-14
0.46780000000000005,6950.661413976693,0.0,0.0,5.123623353050409,6.015155190779337e-14,6.015155190779337e-14
0.46785000000000004,6950.668046533593,0.0,0.0,5.123704327788822,6.015163315740874e-14,6.015163315740874e-14
0.46790000000000004,6950.669742530401,0.0,0.0,5.123783240852527,6.01516713505737e-14,6.01516713505737e-14
0.46795000000000003,6950.666500141013,0.0,0.0,5.123860009068755,6.015166727393202e-14,6.015166727393202e-14
0.468,6950.658322678949,0.0,0.0,5.1239344994180485,6.015161964257327e-14,6.015161964257327e-14
0.46805,6950.6452239993205,0.0,0.0,5.124006624876405,6.015153075352426e-14,6.015153075352426e-14
0.4681,6950.6272193061795,0.0,0.0,5.124076269844611,6.0151397165248e-14,6.0151397165248e-14
0.46815,6950.60433871961,0.0,0.0,5.124143343140701,6.015122425712187e-14,6.015122425712187e-14
0.4682,6950.57660899634,0.0,0.0,5.124207747180563,6.015100531921834e-14,6.015100531921834e-14
0.46825,6950.544076164332,0.0,0.0,5.124269388004641,6.015074937327983e-14,6.015074937327983e-14
0.46830000000000005,6950.506779012774,0.0,0.0,5.124328185011387,6.015044648681905e-14,6.015044648681905e-14
0.46835000000000004,6950.464778161971,0.0,0.0,5.1243840441888056,6.01501086406303e-14,6.01501086406303e-14
0.46840000000000004,6950.418125651434,0.0,0.0,5.124436899703145,6.014972398447903e-14,6.014972398447903e-14
0.46845000000000003,6950.366894598019,0.0,0.0,5.124486661022968,6.014930556717464e-14,6.014930556717464e-14
0.4685,6950.311151982811,0.0,0.0,5.1245332742763425,6.014884201163424e-14,6.014884201163424e-14
0.46855,6950.250980888672,0.0,0.0,5.12457665612505,6.014834464012288e-14,6.014834464012288e-14
0.4686,6950.186464998494,0.0,0.0,5.124616761888019,6.014780560251913e-14,6.014780560251913e-14
0.46865,6950.1176948482025,0.0,0.0,5.124653518706359,6.014723132049153e-14,6.014723132049153e-14
0.4687,6950.044772180547,0.0,0.0,5.124686888904433,6.01466205857278e-14,6.01466205857278e-14
0.46875,6949.967792965987,0.0,0.0,5.124716812481873,6.014597201825331e-14,6.014597201825331e-14
0.46880000000000005,6949.88687751322,0.0,0.0,5.124743257550996,6.01452935542255e-14,6.01452935542255e-14
0.46885000000000004,6949.802126114356,0.0,0.0,5.124766178164888,6.014457404629166e-14,6.014457404629166e-14
0.46890000000000004,6949.713676957776,0.0,0.0,5.124785548129768,6.014383184590881e-14,6.014383184590881e-14
0.46895000000000003,6949.621634713524,0.0,0.0,5.124801335526773,6.014304555438407e-14,6.014304555438407e-14
0.46900000000000003,6949.526153412405,0.0,0.0,5.124813520797706,6.014224353227457e-14,6.014224353227457e-14
0.46905,6949.427343384423,0.0,0.0,5.124822085005019,6.014139544733882e-14,6.014139544733882e-14
0.4691,6949.325371180928,0.0,0.0,5.12482701690077,6.014053741063812e-14,6.014053741063812e-14
0.46915,6949.220355124008,0.0,0.0,5.12482830884628,6.013963329371323e-14,6.013963329371323e-14
0.4692,6949.112469976223,0.0,0.0,5.124825959860109,6.01387229938928e-14,6.01387229938928e-14
0.46925,6949.001845040478,0.0,0.0,5.124819971775315,6.013776923275173e-14,6.013776923275173e-14
0.4693,6948.8886584872325,0.0,0.0,5.124810355607089,6.013681049128994e-14,6.013681049128994e-14
0.46935000000000004,6948.773053687571,0.0,0.0,5.124797121185576,6.013581388705908e-14,6.013581388705908e-14
0.46940000000000004,6948.655207542034,0.0,0.0,5.124780292564188,6.01348107741939e-14,6.01348107741939e-14
0.46945000000000003,6948.535280038042,0.0,0.0,5.124759886852042,6.013377828711958e-14,6.013377828711958e-14
0.46950000000000003,6948.413442903422,0.0,0.0,5.124735941169184,6.013273532230188e-14,6.013273532230188e-14
0.46955,6948.289874136485,0.0,0.0,5.124708480171476,6.013167381131473e-14,6.013167381131473e-14
0.4696,6948.164737737713,0.0,0.0,5.124677552940917,6.013059614823278e-14,6.013059614823278e-14
0.46965,6948.038229471457,0.0,0.0,5.124643192939261,6.01295121421163e-14,6.01295121421163e-14
0.4697,6947.910504801431,0.0,0.0,5.124605459086574,6.012840570138606e-14,6.012840570138606e-14
0.46975,6947.781775106505,0.0,0.0,5.124564395674955,6.012730523607597e-14,6.012730523607597e-14
0.4698,6947.652188394024,0.0,0.0,5.124520068652939,6.012617675512691e-14,6.012617675512691e-14
0.46985000000000005,6947.521967609571,0.0,0.0,5.124472535510794,6.012506530264983e-14,6.012506530264983e-14
0.46990000000000004,6947.3912561273,0.0,0.0,5.124421866227528,6.012392228404534e-14,6.012392228404534e-14
0.46995000000000003,6947.260282820768,0.0,0.0,5.124368133658454,6.012280478511032e-14,6.012280478511032e-14
0.47000000000000003,6947.129190563759,0.0,0.0,5.124311409199706,6.012165533983137e-14,6.012165533983137e-14
0.47005,6946.998207499501,0.0,0.0,5.1242517824697975,6.012053633603471e-14,6.012053633603471e-14
0.4701,6946.867480776283,0.0,0.0,5.124189324596495,6.011938893471867e-14,6.011938893471867e-14
0.47015,6946.737230893742,0.0,0.0,5.124124142107279,6.011827278025941e-14,6.011827278025941e-14
0.4702,6946.60761388077,0.0,0.0,5.124056305512488,6.011713594041534e-14,6.011713594041534e-14
0.47025,6946.478836276462,0.0,0.0,5.123985936839692,6.011602705962596e-14,6.011602705962596e-14
0.4703,6946.351066591579,0.0,0.0,5.123913107157605,6.011490900807811e-14,6.011490900807811e-14
0.47035000000000005,6946.224492496757,0.0,0.0,5.123837950979212,6.01138121562856e-14,6.01138121562856e-14
0.47040000000000004,6946.099296847156,0.0,0.0,5.123760542550038,6.011272051159253e-14,6.011272051159253e-14
0.47045000000000003,6945.975645595584,0.0,0.0,5.123681024476712,6.011164099438909e-14,6.011164099438909e-14
0.47050000000000003,6945.853735550697,0.0,0.0,5.12359947788431,6.011058251284412e-14,6.011058251284412e-14
0.47055,6945.733710537893,0.0,0.0,5.12351604819415,6.010952632335857e-14,6.010952632335857e-14
0.4706,6945.615778468069,0.0,0.0,5.123430827605893,6.010850674430378e-14,6.010850674430378e-14
0.47065,6945.500063114052,0.0,0.0,5.1233439588754965,6.010748058909298e-14,6.010748058909298e-14
0.4707,6945.386778323258,0.0,0.0,5.123255549224083,6.010650460175459e-14,6.010650460175459e-14
0.47075,6945.276032063271,0.0,0.0,5.123165733841167,6.010551580183987e-14,6.010551580183987e-14
0.4708,6945.1680371301645,0.0,0.0,5.123074637894411,6.010458713859002e-14,6.010458713859002e-14
0.47085000000000005,6945.062891470476,0.0,0.0,5.122982385434809,6.01036434106921e-14,6.01036434106921e-14
0.47090000000000004,6944.960798798969,0.0,0.0,5.122889120800607,6.010276505304449e-14,6.010276505304449e-14
0.47095000000000004,6944.861853485392,0.0,0.0,5.122794955255258,6.010187419431514e-14,6.010187419431514e-14
0.47100000000000003,6944.766242055354,0.0,0.0,5.1227000513648875,6.010104866092533e-14,6.010104866092533e-14
0.47105,6944.674061408918,0.0,0.0,5.122604508210154,6.01002181756895e-14,6.01002181756895e-14
0.4711,6944.585473711288,0.0,0.0,5.122508503314191,6.009944784867488e-14,6.009944784867488e-14
0.47115,6944.500583187365,0.0,0.0,5.122412126430506,6.009868456550563e-14,6.009868456550563e-14
0.4712,6944.419522326787,0.0,0.0,5.122315564629491,6.009797200472012e-14,6.009797200472012e-14
0.47125,6944.3424053502085,0.0,0.0,5.122218903087306,6.009728173496722e-14,6.009728173496722e-14
0.4713,6944.2693323023295,0.0,0.0,5.12212233140561,6.009662993054336e-14,6.009662993054336e-14
0.47135000000000005,6944.200427422136,0.0,0.0,5.122025936151785,6.009601721479691e-14,6.009601721479691e-14
0.47140000000000004,6944.135758441295,0.0,0.0,5.121929901650197,6.009542973643193e-14,6.009542973643193e-14
0.47145000000000004,6944.075456835668,0.0,0.0,5.12183432214006,6.009489771379635e-14,6.009489771379635e-14
0.47150000000000003,6944.0195610205365,0.0,0.0,5.121739369052579,6.0094378729822e-14,6.0094378729822e-14
0.47155,6943.9682043668845,0.0,0.0,5.121645149881071,6.009392914804145e-14,6.009392914804145e-14
0.4716,6943.921401404596,0.0,0.0,5.1215518167558525,6.009348330612834e-14,6.009348330612834e-14
0.47165,6943.879280113898,0.0,0.0,5.121459494343924,6.009311667084895e-14,6.009311667084895e-14
0.4717,6943.8418382354275,0.0,0.0,5.121368311168415,6.009274885256841e-14,6.009274885256841e-14
0.47175,6943.809190035716,0.0,0.0,5.121278410557651,6.009246469425057e-14,6.009246469425057e-14
0.4718,6943.78132422446,0.0,0.0,5.121189895853778,6.009217967447411e-14,6.009217967447411e-14
0.47185000000000005,6943.758333067901,0.0,0.0,5.121102927653364,6.009197689458731e-14,6.009197689458731e-14
0.47190000000000004,6943.740203568164,0.0,0.0,5.121017585539373,6.009177895114034e-14,6.009177895114034e-14
0.47195000000000004,6943.726998830636,0.0,0.0,5.120934043056159,6.009165619773546e-14,6.009165619773546e-14
0.47200000000000003,6943.718710001857,0.0,0.0,5.120852360285977,6.009154872458372e-14,6.009154872458372e-14
0.47205,6943.71536594413,0.0,0.0,5.120772716852448,6.009150474301879e-14,6.009150474301879e-14
0.4721,6943.7169655001935,0.0,0.0,5.120695159858852,6.009148992041044e-14,6.009148992041044e-14
0.47215,6943.723500965238,0.0,0.0,5.120619866357604,6.009152382850365e-14,6.009152382850365e-14
0.4722,6943.734979626709,0.0,0.0,5.120546878339824,6.009160239592076e-14,6.009160239592076e-14
0.47225,6943.751357957557,0.0,0.0,5.120476360909038,6.009171384379189e-14,6.009171384379189e-14
0.4723,6943.772649529516,0.0,0.0,5.1204083590163805,6.00918850073179e-14,6.00918850073179e-14
0.47235000000000005,6943.798778704548,0.0,0.0,5.120343016910905,6.009207419900225e-14,6.009207419900225e-14
0.47240000000000004,6943.8297605760035,0.0,0.0,5.12028038957959,6.009233568598387e-14,6.009233568598387e-14
0.47245000000000004,6943.865493571496,0.0,0.0,5.120220593158094,6.009260326010614e-14,6.009260326010614e-14
0.47250000000000003,6943.905987616142,0.0,0.0,5.120163697657898,6.009295151337446e-14,6.009295151337446e-14
0.47255,6943.951123017372,0.0,0.0,5.120109786468738,6.009329830078477e-14,6.009329830078477e-14
0.4726,6944.000896861898,0.0,0.0,5.120058946708889,6.00937287852905e-14,6.00937287852905e-14
0.47265,6944.055179751857,0.0,0.0,5.120011227655508,6.009415547943381e-14,6.009415547943381e-14
0.4727,6944.11394836895,0.0,0.0,5.1199667322865645,6.00946630586808e-14,6.00946630586808e-14
0.47275,6944.177071526622,0.0,0.0,5.11992547786618,6.009516984707184e-14,6.009516984707184e-14
0.4728,6944.244499106026,0.0,0.0,5.119887578697893,6.009574917744378e-14,6.009574917744378e-14
0.47285000000000005,6944.316104543467,0.0,0.0,5.119853025322928,6.009633538801171e-14,6.009633538801171e-14
0.47290000000000004,6944.391806596526,0.0,0.0,5.119821936059703,6.00969812773611e-14,6.00969812773611e-14
0.47295000000000004,6944.471487455867,0.0,0.0,5.119794282487313,6.009764509099564e-14,6.009764509099564e-14
0.47300000000000003,6944.555033116046,0.0,0.0,5.119770177765413,6.009835277383775e-14,6.009835277383775e-14
0.47305,6944.642335935012,0.0,0.0,5.119749583674222,6.009909104462711e-14,6.009909104462711e-14
0.4731,6944.733250427812,0.0,0.0,5.119732598370617,6.009985633916202e-14,6.009985633916202e-14
0.47315,6944.827677767102,0.0,0.0,5.119719183133006,6.010066454811157e-14,6.010066454811157e-14
0.4732,6944.925445035567,0.0,0.0,5.119709411906879,6.01014838780277e-14,6.01014838780277e-14
0.47325,6945.026458445449,0.0,0.0,5.119703253608328,6.010235622692879e-14,6.010235622692879e-14
0.4733,6945.130523930067,0.0,0.0,5.1197007506337755,6.010322651093547e-14,6.010322651093547e-14
0.47335000000000005,6945.237547219047,0.0,0.0,5.11970188538725,6.010415614325147e-14,6.010415614325147e-14
0.47340000000000004,6945.3473208011865,0.0,0.0,5.1197066642398905,6.010507457450612e-14,6.010507457450612e-14
0.47345000000000004,6945.459743558437,0.0,0.0,5.119715085833195,6.010605389265124e-14,6.010605389265124e-14
0.47350000000000003,6945.5746026828465,0.0,0.0,5.119727119503495,6.010701764581359e-14,6.010701764581359e-14
0.47355,6945.6917839997,0.0,0.0,5.119742779402392,6.010803868140595e-14,6.010803868140595e-14
0.4736,6945.811076993026,0.0,0.0,5.119762000422807,6.010904459476986e-14,6.010904459476986e-14
0.47365,6945.932349327856,0.0,0.0,5.119784808134298,6.011009938219422e-14,6.011009938219422e-14
0.4737,6946.055398926307,0.0,0.0,5.119811108823594,6.011114366478996e-14,6.011114366478996e-14
0.47375,6946.180072061543,0.0,0.0,5.119840932604807,6.011222456947707e-14,6.011222456947707e-14
0.4738,6946.306179152248,0.0,0.0,5.119874165448491,6.011330257812263e-14,6.011330257812263e-14
0.47385000000000005,6946.433544201015,0.0,0.0,5.11991083332953,6.011440253903489e-14,6.011440253903489e-14
0.47390000000000004,6946.561991769641,0.0,0.0,5.119950811527828,6.01155086588824e-14,6.01155086588824e-14
0.47395000000000004,6946.691325201243,0.0,0.0,5.1199941126041395,6.011662131853591e-14,6.011662131853591e-14
0.47400000000000003,6946.821382464663,0.0,0.0,5.1200406108262735,6.011774896465872e-14,6.011774896465872e-14
0.47405,6946.951950130775,0.0,0.0,5.120090296769173,6.011886867734734e-14,6.011886867734734e-14
0.4741,6947.082876820191,0.0,0.0,5.120143052153697,6.012001041684672e-14,6.012001041684672e-14
0.47415,6947.213937975313,0.0,0.0,5.120198838887476,6.01211321439854e-14,6.01211321439854e-14
0.4742,6947.344988723967,0.0,0.0,5.120257552322769,6.0122279920674e-14,6.0122279920674e-14
0.47425,6947.475800042525,0.0,0.0,5.120319121823094,6.012339903848377e-14,6.012339903848377e-14
0.4743,6947.606228824781,0.0,0.0,5.120383459530516,6.012454446805146e-14,6.012454446805146e-14
0.47435000000000005,6947.736048422048,0.0,0.0,5.120450461710425,6.01256565247765e-14,6.01256565247765e-14
0.47440000000000004,6947.865112987904,0.0,0.0,5.120520057136719,6.012679121937285e-14,6.012679121937285e-14
0.47445000000000004,6947.993204451972,0.0,0.0,5.120592111801553,6.0127891685132e-14,6.0127891685132e-14
0.47450000000000003,6948.120170703488,0.0,0.0,5.120666567809068,6.012900756376351e-14,6.012900756376351e-14
0.47455,6948.245807140994,0.0,0.0,5.120743266677629,6.013009161523798e-14,6.013009161523798e-14
0.4746,6948.3699534039415,0.0,0.0,5.120822158003301,6.013118116040016e-14,6.013118116040016e-14
0.47465,6948.492421494026,0.0,0.0,5.120903066807038,6.013224353527715e-14,6.013224353527715e-14
0.4747,6948.6130426482805,0.0,0.0,5.120985942746309,6.013329996605481e-14,6.013329996605481e-14
0.47475,6948.731646688706,0.0,0.0,5.12107060342904,6.013433490977099e-14,6.013433490977099e-14
0.4748,6948.848058132814,0.0,0.0,5.1211569906909675,6.013535225559305e-14,6.013535225559305e-14
0.47485000000000005,6948.962124051136,0.0,0.0,5.121244923736883,6.01363535676368e-14,6.01363535676368e-14
0.47490000000000004,6949.073665488241,0.0,0.0,5.121334329412872,6.013732664266823e-14,6.013732664266823e-14
0.47495000000000004,6949.182544781075,0.0,0.0,5.121425036329741,6.013828781394566e-14,6.013828781394566e-14
0.47500000000000003,6949.28858382335,0.0,0.0,5.121516950920856,6.013921210728893e-14,6.013921210728893e-14
0.47505000000000003,6949.391657379902,0.0,0.0,5.121609916898333,6.014012652632362e-14,6.014012652632362e-14
0.4751,6949.491592975236,0.0,0.0,5.121703817354591,6.014099803534927e-14,6.014099803534927e-14
0.47515,6949.588274738263,0.0,0.0,5.121798514105661,6.014185923143293e-14,6.014185923143293e-14
0.4752,6949.681540425627,0.0,0.0,5.121893866843356,6.01426742728755e-14,6.01426742728755e-14
0.47525,6949.771280844466,0.0,0.0,5.121989755621839,6.014347616002641e-14,6.014347616002641e-14
0.4753,6949.857347842745,0.0,0.0,5.122086019499923,6.014423119490313e-14,6.014423119490313e-14
0.47535000000000005,6949.939637078738,0.0,0.0,5.122182554271024,6.014496828213083e-14,6.014496828213083e-14
0.47540000000000004,6950.018017208651,0.0,0.0,5.122279183522448,6.014565978603548e-14,6.014565978603548e-14
0.47545000000000004,6950.092388062254,0.0,0.0,5.122375814248824,6.014632732643714e-14,6.014632732643714e-14
0.47550000000000003,6950.162636493251,0.0,0.0,5.122472261375209,6.014695172727933e-14,6.014695172727933e-14
0.47555000000000003,6950.228667033063,0.0,0.0,5.122568437370092,6.014754578965487e-14,6.014754578965487e-14
0.4756,6950.290384838466,0.0,0.0,5.122664156016423,6.01480994821622e-14,6.01480994821622e-14
0.47565,6950.3477007236315,0.0,0.0,5.1227593293094715,6.014861694219715e-14,6.014861694219715e-14
0.4757,6950.400537219301,0.0,0.0,5.122853777138411,6.014909637474195e-14,6.014909637474195e-14
0.47575,6950.448813716633,0.0,0.0,5.122947405799924,6.014953483615063e-14,6.014953483615063e-14
0.4758,6950.492468552733,0.0,0.0,5.123040047382664,6.014993665299391e-14,6.014993665299391e-14
0.47585,6950.531432257089,0.0,0.0,5.123131598757385,6.015029432015994e-14,6.015029432015994e-14
0.47590000000000005,6950.565657230096,0.0,0.0,5.123221908490234,6.015061553308626e-14,6.015061553308626e-14
0.47595000000000004,6950.595087500127,0.0,0.0,5.123310862302147,6.015089106385094e-14,6.015089106385094e-14
0.47600000000000003,6950.619688053824,0.0,0.0,5.12339832734667,6.015112922280107e-14,6.015112922280107e-14
0.47605000000000003,6950.6394181749565,0.0,0.0,5.123484178649368,6.015132159202809e-14,6.015132159202809e-14
0.4761,6950.654254564455,0.0,0.0,5.123568301880786,6.015147492531194e-14,6.015147492531194e-14
0.47615,6950.664172647233,0.0,0.0,5.123650563841948,6.015158332641882e-14,6.015158332641882e-14
0.4762,6950.669160748614,0.0,0.0,5.123730866777869,6.015165082711276e-14,6.015165082711276e-14
0.47625,6950.669210364333,0.0,0.0,5.123809073299116,6.015167463058764e-14,6.015167463058764e-14
0.4763,6950.664322122821,0.0,0.0,5.12388509897038,6.015165607565538e-14,6.015165607565538e-14
0.47635,6950.654502671069,0.0,0.0,5.123958807153283,6.015159485214478e-14,6.015159485214478e-14
0.47640000000000005,6950.639766191458,0.0,0.0,5.124030122872609,6.015149075294289e-14,6.015149075294289e-14
0.47645000000000004,6950.620132987297,0.0,0.0,5.124098915346767,6.015134435584338e-14,6.015134435584338e-14
0.47650000000000003,6950.595632279869,0.0,0.0,5.124165115329681,6.015115585089887e-14,6.015115585089887e-14
0.47655000000000003,6950.566296343515,0.0,0.0,5.12422860245881,6.015092454175333e-14,6.015092454175333e-14
0.4766,6950.53217074573,0.0,0.0,5.124289310255326,6.015065325295495e-14,6.015065325295495e-14
0.47665,6950.493298275702,0.0,0.0,5.124347132232706,6.015033784438952e-14,6.015033784438952e-14
0.4767,6950.449741573419,0.0,0.0,5.124402002936609,6.014998572425491e-14,6.014998572425491e-14
0.47675,6950.401553086052,0.0,0.0,5.124453831772863,6.014958771118949e-14,6.014958771118949e-14
0.4768,6950.348812357818,0.0,0.0,5.124502553986938,6.014915691050879e-14,6.014915691050879e-14
0.47685,6950.291581481533,0.0,0.0,5.12454809538275,6.014867856163292e-14,6.014867856163292e-14
0.47690000000000005,6950.229955685646,0.0,0.0,5.124590392931,6.014817134318853e-14,6.014817134318853e-14
0.47695000000000004,6950.164007607027,0.0,0.0,5.124629388016796,6.01476157310022e-14,6.01476157310022e-14
0.47700000000000004,6950.093845924786,0.0,0.0,5.124665021406713,6.014703444677397e-14,6.014703444677397e-14
0.47705000000000003,6950.019555493991,0.0,0.0,5.124697248322609,6.014640540477879e-14,6.014640540477879e-14
0.4771,6949.941255434884,0.0,0.0,5.124726015970028,6.014575254240099e-14,6.014575254240099e-14
0.47715,6949.85904494878,0.0,0.0,5.124751291253858,6.014505455057167e-14,6.014505455057167e-14
0.4772,6949.773050216159,0.0,0.0,5.124773030488577,6.014433284179133e-14,6.014433284179133e-14
0.47725,6949.683386907229,0.0,0.0,5.12479121023883,6.014357085412799e-14,6.014357085412799e-14
0.4773,6949.590185017584,0.0,0.0,5.124805798110278,6.014278342587004e-14,6.014278342587004e-14
0.47735,6949.49357828361,0.0,0.0,5.12481677889431,6.0141962664514e-14,6.0141962664514e-14
0.47740000000000005,6949.393697930272,0.0,0.0,5.124824132793224,6.01411132040342e-14,6.01411132040342e-14
0.47745000000000004,6949.29069634317,0.0,0.0,5.1248278522788695,6.014023895124943e-14,6.014023895124943e-14
0.47750000000000004,6949.184704496775,0.0,0.0,5.1248279303840745,6.01393318524486e-14,6.01393318524486e-14
0.47755000000000003,6949.07589262813,0.0,0.0,5.1248243676834395,6.013840927350206e-14,6.013840927350206e-14
0.4776,6948.964391371607,0.0,0.0,5.124817169233816,6.013744973264652e-14,6.013744973264652e-14
0.47765,6948.850386467828,0.0,0.0,5.124806344960029,6.013648375880237e-14,6.013648375880237e-14
0.4777,6948.734009572415,0.0,0.0,5.124791910342373,6.013547779463868e-14,6.013547779463868e-14
0.47775,6948.615458104809,0.0,0.0,5.124773886391469,6.013447308654498e-14,6.013447308654498e-14
0.4778,6948.494867364506,0.0,0.0,5.124752297027141,6.013342747108027e-14,6.013342747108027e-14
0.47785,6948.372441470281,0.0,0.0,5.124727176106319,6.013238847009157e-14,6.013238847009157e-14
0.47790000000000005,6948.248322823706,0.0,0.0,5.1246985541147385,6.013131057039265e-14,6.013131057039265e-14
0.47795000000000004,6948.122716644682,0.0,0.0,5.124666479043645,6.0130241630759e-14,6.0130241630759e-14
0.47800000000000004,6947.995776123671,0.0,0.0,5.124630986660106,6.012913917673967e-14,6.012913917673967e-14
0.47805000000000003,6947.86770204201,0.0,0.0,5.12459213947273,6.01280447575041e-14,6.01280447575041e-14
0.4781,6947.738661594019,0.0,0.0,5.124549978201793,6.01269255634299e-14,6.01269255634299e-14
0.47815,6947.608846359881,0.0,0.0,5.124504579073145,6.012581044762337e-14,6.012581044762337e-14
0.4782,6947.478439595017,0.0,0.0,5.124455988566815,6.01246821238904e-14,6.01246821238904e-14
0.47825,6947.347620340831,0.0,0.0,5.1244042945814545,6.012355162620059e-14,6.012355162620059e-14
0.4783,6947.216588253538,0.0,0.0,5.124349551242197,6.012242132125554e-14,6.012242132125554e-14
0.47835,6947.085508393652,0.0,0.0,5.124291855012349,6.012128144501181e-14,6.012128144501181e-14
0.47840000000000005,6946.95459510375,0.0,0.0,5.124231270333239,6.012015565443622e-14,6.012015565443622e-14
0.47845000000000004,6946.824000126306,0.0,0.0,5.1241678984644,6.011901316474858e-14,6.011901316474858e-14
0.47850000000000004,6946.6939486750625,0.0,0.0,5.1241018171303185,6.011789763572491e-14,6.011789763572491e-14
0.47855000000000003,6946.564581843851,0.0,0.0,5.124033128523844,6.01167600272286e-14,6.01167600272286e-14
0.4786,6946.43613006933,0.0,0.0,5.123961926306948,6.011565977304051e-14,6.011565977304051e-14
0.47865,6946.308728065539,0.0,0.0,5.123888310283783,6.011453512617144e-14,6.011453512617144e-14
0.4787,6946.182604569436,0.0,0.0,5.123812391771892,6.011345454901742e-14,6.011345454901742e-14
0.47875,6946.057893114803,0.0,0.0,5.123734266000518,6.011235128578624e-14,6.011235128578624e-14
0.4788,6945.934813322175,0.0,0.0,5.123654062197801,6.011129438942099e-14,6.011129438942099e-14
0.47885,6945.813502834201,0.0,0.0,5.123571870413127,6.011022095556962e-14,6.011022095556962e-14
0.47890000000000005,6945.694165139719,0.0,0.0,5.123487836248391,6.010919161479344e-14,6.010919161479344e-14
0.47895000000000004,6945.576946474768,0.0,0.0,5.123402045756395,6.010815612752318e-14,6.010815612752318e-14
0.47900000000000004,6945.4620284655175,0.0,0.0,5.123314657526099,6.010715837157978e-14,6.010715837157978e-14
0.47905000000000003,6945.349568805983,0.0,0.0,5.123225756500481,6.010616827876683e-14,6.010616827876683e-14
0.4791,6945.239723552109,0.0,0.0,5.12313550926265,6.010520654206512e-14,6.010520654206512e-14
0.47915,6945.132662488901,0.0,0.0,5.123044003852888,6.01042683388333e-14,6.01042683388333e-14
0.4792,6945.0285148994035,0.0,0.0,5.12295140877632,6.010334763579301e-14,6.010334763579301e-14
0.47925,6944.927460751593,0.0,0.0,5.122857820059372,6.010246667742512e-14,6.010246667742512e-14
0.4793,6944.829604002347,0.0,0.0,5.122763401721829,6.010159266835886e-14,6.010159266835886e-14
0.47935,6944.735130402927,0.0,0.0,5.122668262540289,6.01007731056033e-14,6.01007731056033e-14
0.47940000000000005,6944.644122456151,0.0,0.0,5.12257255616178,6.00999520360153e-14,6.00999520360153e-14
0.47945000000000004,6944.5567652183545,0.0,0.0,5.122476407897809,6.009919688175721e-14,6.009919688175721e-14
0.47950000000000004,6944.473125465229,0.0,0.0,5.122379956491899,6.009843539594325e-14,6.009843539594325e-14
0.47955000000000003,6944.393379729779,0.0,0.0,5.122283345827706,6.009774671336543e-14,6.009774671336543e-14
0.4796,6944.3175857988035,0.0,0.0,5.122186697255868,6.009705156204259e-14,6.009705156204259e-14
0.47965,6944.245903450686,0.0,0.0,5.122090172967406,6.00964307465831e-14,6.00964307465831e-14
0.4797,6944.178388231761,0.0,0.0,5.1219938768886335,6.009580842451421e-14,6.009580842451421e-14
0.47975,6944.115175567412,0.0,0.0,5.121897986710236,6.009525653784454e-14,6.009525653784454e-14
0.4798,6944.056324504221,0.0,0.0,5.121802591429498,6.00947128986407e-14,6.00947128986407e-14
0.47985,6944.0019401272675,0.0,0.0,5.121707879014503,6.00942310046629e-14,6.00942310046629e-14
0.47990000000000005,6943.952088827658,0.0,0.0,5.12161392824757,6.009377090437055e-14,6.009377090437055e-14
0.47995000000000004,6943.906841754023,0.0,0.0,5.1215209302355955,6.009336035630298e-14,6.009336035630298e-14
0.48000000000000004,6943.866273959878,0.0,0.0,5.1214289598221825,6.009298737429578e-14,6.009298737429578e-14
0.48005000000000003,6943.83042192039,0.0,0.0,5.12133820300979,6.009265000847393e-14,6.009265000847393e-14
0.4801,6943.7993678658995,0.0,0.0,5.121248737619511,6.009236628400918e-14,6.009236628400918e-14
0.48015,6943.773115805535,0.0,0.0,5.121160736219717,6.009210448927781e-14,6.009210448927781e-14
0.4802,6943.751750977368,0.0,0.0,5.121074286104227,6.009191069620791e-14,6.009191069620791e-14
0.48025,6943.735249762803,0.0,0.0,5.120989539073484,6.009172734578662e-14,6.009172734578662e-14
0.4803,6943.723694059532,0.0,0.0,5.12090659692157,6.0091622808704e-14,6.0091622808704e-14
0.48035,6943.717039418928,0.0,0.0,5.120825585331583,6.00915210615088e-14,6.00915210615088e-14
0.48040000000000005,6943.715356692216,0.0,0.0,5.120746623281487,6.009150399673247e-14,6.009150399673247e-14
0.48045000000000004,6943.7185884209575,0.0,0.0,5.120669807717856,6.009148699438166e-14,6.009148699438166e-14
0.48050000000000004,6943.726786369492,0.0,0.0,5.120595274572617,6.009155484161466e-14,6.009155484161466e-14
0.48055000000000003,6943.739887841146,0.0,0.0,5.120523092552182,6.009162534278457e-14,6.009162534278457e-14
0.4806,6943.757918221527,0.0,0.0,5.120453411230587,6.00917751405321e-14,6.00917751405321e-14
0.48065,6943.780816243714,0.0,0.0,5.120386274642999,6.0091935143754e-14,6.0091935143754e-14
0.4807,6943.808575361183,0.0,0.0,5.1203218398825205,6.009216389556861e-14,6.009216389556861e-14
0.48075,6943.8411404108,0.0,0.0,5.1202601324768775,6.0092414303512e-14,6.0092414303512e-14
0.4808,6943.878469856867,0.0,0.0,5.120201308788051,6.009271928380077e-14,6.009271928380077e-14
0.48085,6943.920516718804,0.0,0.0,5.120145383740182,6.009305965637729e-14,6.009305965637729e-14
0.48090000000000005,6943.967204331434,0.0,0.0,5.120092503596701,6.009343861357538e-14,6.009343861357538e-14
0.48095000000000004,6944.018493150864,0.0,0.0,5.120042681204227,6.009386704468852e-14,6.009386704468852e-14
0.48100000000000004,6944.074274184631,0.0,0.0,5.119996043441722,6.009431827484195e-14,6.009431827484195e-14
0.48105000000000003,6944.134511926813,0.0,0.0,5.119952609000764,6.009483141014805e-14,6.009483141014805e-14
0.4811,6944.199070433062,0.0,0.0,5.119912477391511,6.009535369302097e-14,6.009535369302097e-14
0.48115,6944.267912728653,0.0,0.0,5.119875679309364,6.009594688628614e-14,6.009594688628614e-14
0.4812,6944.340883157348,0.0,0.0,5.119842281280693,6.00965392962178e-14,6.00965392962178e-14
0.48125,6944.41793649744,0.0,0.0,5.1198123294728255,6.009720688254705e-14,6.009720688254705e-14
0.4813,6944.498905540884,0.0,0.0,5.119785854943745,6.00978685044269e-14,6.00978685044269e-14
0.48135,6944.583729776189,0.0,0.0,5.119762919551629,6.00986041526747e-14,6.00986041526747e-14
0.48140000000000005,6944.672238478892,0.0,0.0,5.119743519873941,6.009933374686728e-14,6.009933374686728e-14
0.48145000000000004,6944.764349572822,0.0,0.0,5.119727730324081,6.010013084312158e-14,6.010013084312158e-14
0.48150000000000004,6944.859895730544,0.0,0.0,5.119715517329285,6.01009265100835e-14,6.01009265100835e-14
0.48155000000000003,6944.958768716775,0.0,0.0,5.119706961735527,6.010177852074937e-14,6.010177852074937e-14
0.48160000000000003,6945.060809581302,0.0,0.0,5.119702006904614,6.010263741543584e-14,6.010263741543584e-14
0.48165,6945.165881682381,0.0,0.0,5.119700731797872,6.010353818255768e-14,6.010353818255768e-14
0.4817,6945.2738369776835,0.0,0.0,5.11970306558523,6.010445632083296e-14,6.010445632083296e-14
0.48175,6945.384510851124,0.0,0.0,5.119709075939685,6.01054002531709e-14,6.01054002531709e-14
0.4818,6945.497766092716,0.0,0.0,5.119718687292531,6.010637243856266e-14,6.010637243856266e-14
0.48185,6945.613413183226,0.0,0.0,5.119731946807095,6.010735457796836e-14,6.010735457796836e-14
0.48190000000000005,6945.7313232776005,0.0,0.0,5.119748782926359,6.010837445943727e-14,6.010837445943727e-14
0.48195000000000005,6945.851287266424,0.0,0.0,5.119769214516146,6.010939042072983e-14,6.010939042072983e-14
0.48200000000000004,6945.973180353627,0.0,0.0,5.119793180902704,6.011045067334079e-14,6.011045067334079e-14
0.48205000000000003,6946.096780706654,0.0,0.0,5.119820667357808,6.011149647441598e-14,6.011149647441598e-14
0.48210000000000003,6946.221962198002,0.0,0.0,5.119851628179521,6.011258907761884e-14,6.011258907761884e-14
0.48215,6946.348497821474,0.0,0.0,5.119886012956934,6.011366089210367e-14,6.011366089210367e-14
0.4822,6946.476254577814,0.0,0.0,5.1199237917581915,6.011477746729275e-14,6.011477746729275e-14
0.48225,6946.605007593126,0.0,0.0,5.119964879885826,6.011587134242174e-14,6.011587134242174e-14
0.4823,6946.734612187419,0.0,0.0,5.12000926064391,6.011700350427671e-14,6.011700350427671e-14
0.48235,6946.864851834218,0.0,0.0,5.120056819731236,6.011811509039532e-14,6.011811509039532e-14
0.4824,6946.995566845809,0.0,0.0,5.120107548245428,6.011925476619173e-14,6.011925476619173e-14
0.48245000000000005,6947.126553515758,0.0,0.0,5.12016130961069,6.012037910096175e-14,6.012037910096175e-14
0.48250000000000004,6947.257635811553,0.0,0.0,5.120218095192936,6.01215187784242e-14,6.01215187784242e-14
0.48255000000000003,6947.388625204822,0.0,0.0,5.120277755129916,6.012265015919836e-14,6.012265015919836e-14
0.48260000000000003,6947.519330173532,0.0,0.0,5.120340272552461,6.012378303546237e-14,6.012378303546237e-14
0.48265,6947.649577557877,0.0,0.0,5.120405493768145,6.012491499900166e-14,6.012491499900166e-14
0.4827,6947.779163275588,0.0,0.0,5.120473385415663,6.012603501894207e-14,6.012603501894207e-14
0.48275,6947.907927815688,0.0,0.0,5.120543798672675,6.01271604310433e-14,6.01271604310433e-14
0.4828,6948.035659132528,0.0,0.0,5.120616676844791,6.012826222011003e-14,6.012826222011003e-14
0.48285,6948.162208246897,0.0,0.0,5.120691882838583,6.012937346134509e-14,6.012937346134509e-14
0.4829,6948.287360793633,0.0,0.0,5.120769332153533,6.013045217356658e-14,6.013045217356658e-14
0.48295000000000005,6948.4109744893785,0.0,0.0,5.120848903644597,6.013154139367019e-14,6.013154139367019e-14
0.48300000000000004,6948.532838608246,0.0,0.0,5.12093048350494,6.013259250722975e-14,6.013259250722975e-14
0.48305000000000003,6948.652813741365,0.0,0.0,5.121013967712091,6.013365191169214e-14,6.013365191169214e-14
0.48310000000000003,6948.770698346485,0.0,0.0,5.121099214807295,6.013467101078141e-14,6.013467101078141e-14
0.48315,6948.886352757327,0.0,0.0,5.121186136051443,6.013569314005696e-14,6.013569314005696e-14
0.4832,6948.999589126899,0.0,0.0,5.12127456688749,6.013667572173076e-14,6.013667572173076e-14
0.48325,6949.1102656067915,0.0,0.0,5.121364429458566,6.013765368648892e-14,6.013765368648892e-14
0.4833,6949.218211102436,0.0,0.0,5.121455542919078,6.013859502519843e-14,6.013859502519843e-14
0.48335,6949.323281156964,0.0,0.0,5.121547834124435,6.013952266950972e-14,6.013952266950972e-14
0.4834,6949.425322856538,0.0,0.0,5.121641114078964,6.014041776108197e-14,6.014041776108197e-14
0.48345000000000005,6949.524190242217,0.0,0.0,5.121735307421395,6.014128973790401e-14,6.014128973790401e-14
0.48350000000000004,6949.619748462712,0.0,0.0,5.121830225402906,6.014213333084887e-14,6.014213333084887e-14
0.48355000000000004,6949.711852485118,0.0,0.0,5.1219257838319185,6.014294508857473e-14,6.014294508857473e-14
0.48360000000000003,6949.800384163536,0.0,0.0,5.122021801805988,6.014373179611044e-14,6.014373179611044e-14
0.48365,6949.885202734614,0.0,0.0,5.122118180987519,6.014447948892698e-14,6.014447948892698e-14
0.4837,6949.966204628612,0.0,0.0,5.122214754230648,6.014520396232282e-14,6.014520396232282e-14
0.48375,6950.043257087608,0.0,0.0,5.122311405787556,6.014588430849592e-14,6.014588430849592e-14
0.4838,6950.116268755161,0.0,0.0,5.122407985881884,6.014654144323869e-14,6.014654144323869e-14
0.48385,6950.185118460586,0.0,0.0,5.122504360569056,6.014715156239015e-14,6.014715156239015e-14
0.4839,6950.249724979544,0.0,0.0,5.122600398507474,6.014773670459373e-14,6.014773670459373e-14
0.48395000000000005,6950.309981678635,0.0,0.0,5.12269594929935,6.014827396657456e-14,6.014827396657456e-14
0.48400000000000004,6950.365816072532,0.0,0.0,5.1227908986805355,6.014878308843665e-14,6.014878308843665e-14
0.48405000000000004,6950.417138050293,0.0,0.0,5.122885083763058,6.0149245002397e-14,6.0149245002397e-14
0.48410000000000003,6950.463883395391,0.0,0.0,5.122978404042469,6.014967482197139e-14,6.014967482197139e-14
0.48415,6950.505979398529,0.0,0.0,5.123070689713812,6.015005898552146e-14,6.015005898552146e-14
0.4842,6950.54337059756,0.0,0.0,5.123161849466364,6.015040701639017e-14,6.015040701639017e-14
0.48425,6950.576001520954,0.0,0.0,5.12325171295934,6.015071113293641e-14,6.015071113293641e-14
0.4843,6950.603826739712,0.0,0.0,5.123340193103683,6.015097566176673e-14,6.015097566176673e-14
0.48435,6950.626807055966,0.0,0.0,5.123427125346529,6.015119762128655e-14,6.015119762128655e-14
0.4844,6950.644908828396,0.0,0.0,5.123512422280416,6.015137762362731e-14,6.015137762362731e-14
0.48445000000000005,6950.658107736033,0.0,0.0,5.123595930611068,6.01515156305457e-14,6.01515156305457e-14
0.48450000000000004,6950.666383750307,0.0,0.0,5.123677559212185,6.015161064549767e-14,6.015161064549767e-14
0.48455000000000004,6950.669726014315,0.0,0.0,5.123757170054945,6.015166336889987e-14,6.015166336889987e-14
0.48460000000000003,6950.668129595826,0.0,0.0,5.123834666510854,6.015167335976794e-14,6.015167335976794e-14
0.48465,6950.661596056133,0.0,0.0,5.123909928014448,6.015164007731027e-14,6.015164007731027e-14
0.4847,6950.650136363071,0.0,0.0,5.1239828524574715,6.01515653069311e-14,6.01515653069311e-14
0.48475,6950.633764092035,0.0,0.0,5.124053337081974,6.015144601506628e-14,6.015144601506628e-14
0.4848,6950.6125060356235,0.0,0.0,5.124121276017983,6.015128696095173e-14,6.015128696095173e-14
0.48485,6950.586388134005,0.0,0.0,5.124186583046609,6.0151082430173e-14,6.0151082430173e-14
0.4849,6950.555452029494,0.0,0.0,5.124249151578797,6.01508397565404e-14,6.01508397565404e-14
0.48495000000000005,6950.519737060659,0.0,0.0,5.1243089095213525,6.015055152017232e-14,6.015055152017232e-14
0.48500000000000004,6950.479298008145,0.0,0.0,5.1243657533793,6.015022611275839e-14,6.015022611275839e-14
0.48505000000000004,6950.43418908064,0.0,0.0,5.124419622228538,6.014985638968199e-14,6.014985638968199e-14
0.48510000000000003,6950.384476068237,0.0,0.0,5.124470419618053,6.014944944692258e-14,6.014944944692258e-14
0.48515,6950.330229586166,0.0,0.0,5.124518092919177,6.014900101048862e-14,6.014900101048862e-14
0.4852,6950.271524303381,0.0,0.0,5.124562556208908,6.014851417337064e-14,6.014851417337064e-14
0.48525,6950.208448410677,0.0,0.0,5.124603762906338,6.0147990188605e-14,6.0147990188605e-14
0.4853,6950.141083758238,0.0,0.0,5.124641640163192,6.014742568326526e-14,6.014742568326526e-14
0.48535,6950.069536506107,0.0,0.0,5.124676146196638,6.014682954059031e-14,6.014682954059031e-14
0.4854,6949.993894790511,0.0,0.0,5.1247072225746235,6.014619030404583e-14,6.014619030404583e-14
0.48545000000000005,6949.914282056714,0.0,0.0,5.124734832207427,6.01455254790183e-14,6.01455254790183e-14
0.48550000000000004,6949.830792863408,0.0,0.0,5.124758931185131,6.014481523995699e-14,6.014481523995699e-14
0.48555000000000004,6949.74356604798,0.0,0.0,5.124779488059836,6.014408520462573e-14,6.014408520462573e-14
0.48560000000000003,6949.652703795749,0.0,0.0,5.124796472512162,6.014330849778566e-14,6.014330849778566e-14
0.48565,6949.558357311027,0.0,0.0,5.124809860439682,6.014251670071928e-14,6.014251670071928e-14
0.4857,6949.460638500661,0.0,0.0,5.124819633521559,6.014167880396943e-14,6.014167880396943e-14
0.48575,6949.359707065574,0.0,0.0,5.124825777019225,6.014082872413917e-14,6.014082872413917e-14
0.4858,6949.255687246721,0.0,0.0,5.124828282834264,6.01399355202186e-14,6.01399355202186e-14
0.48585,6949.148742987633,0.0,0.0,5.124827147433345,6.013903078665774e-14,6.013903078665774e-14
0.4859,6949.039013477348,0.0,0.0,5.124822371459791,6.013808856451406e-14,6.013808856451406e-14
0.48595000000000005,6948.926662831965,0.0,0.0,5.124813963803999,6.013713312127062e-14,6.013713312127062e-14
0.48600000000000004,6948.811847225338,0.0,0.0,5.124801933054139,6.013614834288022e-14,6.013614834288022e-14
0.48605000000000004,6948.694727643489,0.0,0.0,5.124786300807338,6.01351466293795e-14,6.01351466293795e-14
0.48610000000000003,6948.575478159915,0.0,0.0,5.124767083704296,6.013412569498891e-14,6.013412569498891e-14
0.48615,6948.454254596183,0.0,0.0,5.124744315278896,6.013308280724784e-14,6.013308280724784e-14
0.4862,6948.331248303766,0.0,0.0,5.124718021245226,6.01320318538367e-14,6.01320318538367e-14
0.48625,6948.206609502061,0.0,0.0,5.124688245354007,6.013095365298829e-14,6.013095365298829e-14
0.4863,6948.080544457658,0.0,0.0,5.124655024118238,6.01298784169732e-14,6.01298784169732e-14
0.48635,6947.953199036391,0.0,0.0,5.124618409143293,6.012877155826245e-14,6.012877155826245e-14
0.4864,6947.8247903706015,0.0,0.0,5.124578449781647,6.012767732442285e-14,6.012767732442285e-14
0.48645000000000005,6947.695462727934,0.0,0.0,5.124535202946565,6.012654919132333e-14,6.012654919132333e-14
0.48650000000000004,6947.5654386944,0.0,0.0,5.1244887326857675,6.012544083690582e-14,6.012544083690582e-14
0.48655000000000004,6947.434864764623,0.0,0.0,5.124439099012702,6.012429937948947e-14,6.012429937948947e-14
0.48660000000000003,6947.303962762949,0.0,0.0,5.124386381824854,6.01231815073948e-14,6.01231815073948e-14
0.48665,6947.172885665585,0.0,0.0,5.1243306428576805,6.012203499933319e-14,6.012203499933319e-14
0.4867,6947.041848238732,0.0,0.0,5.1242719778787675,6.01209121395297e-14,6.01209121395297e-14
0.48675,6946.911013869844,0.0,0.0,5.124210450157545,6.011976888165789e-14,6.011976888165789e-14
0.4868,6946.780584671512,0.0,0.0,5.124146169957377,6.011864572793485e-14,6.011864572793485e-14
0.48685,6946.650737290647,0.0,0.0,5.124079203237374,6.011751373597327e-14,6.011751373597327e-14
0.4869,6946.521657016913,0.0,0.0,5.124009671961335,6.011639537784624e-14,6.011639537784624e-14
0.48695000000000005,6946.393534882427,0.0,0.0,5.123937647180855,6.011528209604493e-14,6.011528209604493e-14
0.48700000000000004,6946.266537165149,0.0,0.0,5.123863258574112,6.011417420444507e-14,6.011417420444507e-14
0.48705000000000004,6946.1408682652755,0.0,0.0,5.123786585587656,6.011308628474368e-14,6.011308628474368e-14
0.48710000000000003,6946.016675532131,0.0,0.0,5.1237077609022945,6.011199521544724e-14,6.011199521544724e-14
0.48715,6945.894173449837,0.0,0.0,5.123626876007284,6.011093839343979e-14,6.011093839343979e-14
0.4872,6945.773492766324,0.0,0.0,5.123544061784008,6.010987118338437e-14,6.010987118338437e-14
0.48725,6945.654852704047,0.0,0.0,5.123459425078697,6.010885026897707e-14,6.010885026897707e-14
0.4873,6945.538371624782,0.0,0.0,5.123373090788989,6.010781451609971e-14,6.010781451609971e-14
0.48735,6945.424266602216,0.0,0.0,5.12328518340451,6.010683350019178e-14,6.010683350019178e-14
0.4874,6945.312649070509,0.0,0.0,5.123195818937715,6.010583713484494e-14,6.010583713484494e-14
0.48745000000000005,6945.2037262968315,0.0,0.0,5.123105140187932,6.010489939605609e-14,6.010489939605609e-14
0.48750000000000004,6945.097608641024,0.0,0.0,5.12301325317107,6.010395036880771e-14,6.010395036880771e-14
0.48755000000000004,6944.994486053748,0.0,0.0,5.122920317659559,6.010305894883395e-14,6.010305894883395e-14
0.48760000000000003,6944.894473134468,0.0,0.0,5.1228264306055955,6.010216487288697e-14,6.010216487288697e-14
0.48765000000000003,6944.797736092272,0.0,0.0,5.122731765320512,6.010132277793877e-14,6.010132277793877e-14
0.4877,6944.704397655607,0.0,0.0,5.1226364126122,6.010049057244434e-14,6.010049057244434e-14
0.48775,6944.6145957722965,0.0,0.0,5.122540554028309,6.009970105318043e-14,6.009970105318043e-14
0.4878,6944.528463059529,0.0,0.0,5.122444278758023,6.009893663504352e-14,6.009893663504352e-14
0.48785,6944.446107171154,0.0,0.0,5.1223477699525635,6.009820339946188e-14,6.009820339946188e-14
0.4879,6944.367669826491,0.0,0.0,5.122251120651645,6.009751146552528e-14,6.009751146552528e-14
0.48795000000000005,6944.293229092445,0.0,0.0,5.122154508429163,6.009683878821595e-14,6.009683878821595e-14
0.48800000000000004,6944.222932397396,0.0,0.0,5.12205803573127,6.009622271773857e-14,6.009622271773857e-14
0.48805000000000004,6944.1568315478735,0.0,0.0,5.121961867743899,6.00956154235669e-14,6.00956154235669e-14
0.48810000000000003,6944.095073996048,0.0,0.0,5.1218661210338094,6.009507731429486e-14,6.009507731429486e-14
0.48815000000000003,6944.03769075056,0.0,0.0,5.121770942879301,6.009454063283188e-14,6.009454063283188e-14
0.4882,6943.984821961878,0.0,0.0,5.121676466980406,6.009408146513923e-14,6.009408146513923e-14
0.48825,6943.9364846546105,0.0,0.0,5.12158281926135,6.009362077125541e-14,6.009362077125541e-14
0.4883,6943.892803615142,0.0,0.0,5.121490151211333,6.009324067648437e-14,6.009324067648437e-14
0.48835,6943.853789070963,0.0,0.0,5.121398566545373,6.00928611496486e-14,6.00928611496486e-14
0.4884,6943.819542675531,0.0,0.0,5.1213082325005335,6.009255974365158e-14,6.009255974365158e-14
0.48845000000000005,6943.790074383853,0.0,0.0,5.121219232482285,6.009226599097858e-14,6.009226599097858e-14
0.48850000000000005,6943.765456254409,0.0,0.0,5.121131744778099,6.009204272423521e-14,6.009204272423521e-14
0.48855000000000004,6943.745702886261,0.0,0.0,5.121045836907201,6.009183841837692e-14,6.009183841837692e-14
0.48860000000000003,6943.730852440183,0.0,0.0,5.120961691287685,6.009169289140801e-14,6.009169289140801e-14
0.48865000000000003,6943.720926746576,0.0,0.0,5.120879365891928,6.009158047301255e-14,6.009158047301255e-14
0.4887,6943.715928495161,0.0,0.0,5.120799038905515,6.009151267067945e-14,6.009151267067945e-14
0.48875,6943.715886613037,0.0,0.0,5.120720766101092,6.009149315655777e-14,6.009149315655777e-14
0.4888,6943.720769680388,0.0,0.0,5.120644712648217,6.009150356651531e-14,6.009150356651531e-14
0.48885,6943.730610857538,0.0,0.0,5.12057093938861,6.009157649010824e-14,6.009157649010824e-14
0.4889,6943.745348722104,0.0,0.0,5.120499590397947,6.009166608755848e-14,6.009166608755848e-14
0.48895,6943.765015456363,0.0,0.0,5.120430737667302,6.009182957986184e-14,6.009182957986184e-14
0.48900000000000005,6943.78952592953,0.0,0.0,5.120364497874901,6.009199968029591e-14,6.009199968029591e-14
0.48905000000000004,6943.818904502407,0.0,0.0,5.120300958080014,6.009225067980576e-14,6.009225067980576e-14
0.48910000000000003,6943.853049968751,0.0,0.0,5.120240203888807,6.00925026807406e-14,6.00925026807406e-14
0.48915000000000003,6943.891971341372,0.0,0.0,5.12018233849611,6.009283724299181e-14,6.009283724299181e-14
0.4892,6943.93555929165,0.0,0.0,5.120127415901991,6.009317229193917e-14,6.009317229193917e-14
0.48925,6943.983800323042,0.0,0.0,5.120075553353118,6.009358595549716e-14,6.009358595549716e-14
0.4893,6944.036584212586,0.0,0.0,5.120026775936696,6.0094004592109e-14,6.0094004592109e-14
0.48935,6944.093869157794,0.0,0.0,5.119981209860009,6.00944927503838e-14,6.00944927503838e-14
0.4894,6944.155549619134,0.0,0.0,5.1199388568581545,6.009499457441791e-14,6.009499457441791e-14
0.48945,6944.2215518674575,0.0,0.0,5.119899844576285,6.009555280250701e-14,6.009555280250701e-14
0.48950000000000005,6944.29177829716,0.0,0.0,5.119864159062444,6.009613621540416e-14,6.009613621540416e-14
0.48955000000000004,6944.366122318351,0.0,0.0,5.119831920379826,6.009676050836813e-14,6.009676050836813e-14
0.48960000000000004,6944.444494845203,0.0,0.0,5.119803107594326,6.009742256554121e-14,6.009742256554121e-14
0.48965000000000003,6944.526758322247,0.0,0.0,5.119777823836177,6.009810945795152e-14,6.009810945795152e-14
0.4897,6944.612830148813,0.0,0.0,5.119756049715446,6.009884585297056e-14,6.009884585297056e-14
0.48975,6944.70254628821,0.0,0.0,5.119737862982328,6.009959240728964e-14,6.009959240728964e-14
0.4898,6944.795826382379,0.0,0.0,5.119723252937675,6.010039759039716e-14,6.010039759039716e-14
0.48985,6944.892486404459,0.0,0.0,5.11971226553874,6.010120126103368e-14,6.010120126103368e-14
0.4899,6944.9924425039535,0.0,0.0,5.1197049035306765,6.010206867562435e-14,6.010206867562435e-14
0.48995,6945.095498324942,0.0,0.0,5.119701177563817,6.010292707351881e-14,6.010292707351881e-14
0.49000000000000005,6945.201560207635,0.0,0.0,5.1197011055072235,6.010384947803729e-14,6.010384947803729e-14
0.49005000000000004,6945.310427330254,0.0,0.0,5.119704662564869,6.010476007467907e-14,6.010476007467907e-14
0.49010000000000004,6945.4219902977875,0.0,0.0,5.119711880085069,6.010572990619283e-14,6.010572990619283e-14
0.49015000000000003,6945.536050927392,0.0,0.0,5.119722701078481,6.010668972402087e-14,6.010668972402087e-14
0.4902,6945.6524794494835,0.0,0.0,5.119737165620433,6.010769945500382e-14,6.010769945500382e-14
0.49025,6945.771085847903,0.0,0.0,5.119755190730806,6.010870479214654e-14,6.010870479214654e-14
0.4903,6945.891717319677,0.0,0.0,5.119776818005652,6.010974723439869e-14,6.010974723439869e-14
0.49035,6946.014195399696,0.0,0.0,5.119801946784741,6.01107934656288e-14,6.01107934656288e-14
0.4904,6946.138343973362,0.0,0.0,5.119830611522255,6.011186198427685e-14,6.011186198427685e-14
0.49045,6946.263997124501,0.0,0.0,5.119862703176157,6.011294346803036e-14,6.011294346803036e-14
0.49050000000000005,6946.390957588119,0.0,0.0,5.119898240140345,6.01140320827589e-14,6.01140320827589e-14
0.49055000000000004,6946.519070710773,0.0,0.0,5.119937114035892,6.011514218798562e-14,6.011514218798562e-14
0.49060000000000004,6946.648122398959,0.0,0.0,5.1199793192555685,6.011624555586227e-14,6.011624555586227e-14
0.49065000000000003,6946.777966110972,0.0,0.0,5.120024755688298,6.011737680486468e-14,6.011737680486468e-14
0.4907,6946.908376843098,0.0,0.0,5.120073387855448,6.011849009666214e-14,6.011849009666214e-14
0.49075,6947.039211812322,0.0,0.0,5.120125129111371,6.011963440356704e-14,6.011963440356704e-14
0.4908,6947.170241861601,0.0,0.0,5.120179911107165,6.012075310074578e-14,6.012075310074578e-14
0.49085,6947.301323211367,0.0,0.0,5.120237662838376,6.012190207223075e-14,6.012190207223075e-14
0.4909,6947.432229311849,0.0,0.0,5.120298283358529,6.012302172242351e-14,6.012302172242351e-14
0.49095,6947.562811044348,0.0,0.0,5.120361716276661,6.012416697963593e-14,6.012416697963593e-14
0.49100000000000005,6947.692850441954,0.0,0.0,5.120427831542521,6.012528295309591e-14,6.012528295309591e-14
0.49105000000000004,6947.822189827439,0.0,0.0,5.120496583416538,6.012641643229942e-14,6.012641643229942e-14
0.49110000000000004,6947.950624375912,0.0,0.0,5.1205678189734485,6.012752371980612e-14,6.012752371980612e-14
0.49115000000000003,6948.077986262769,0.0,0.0,5.120641496901468,6.012863791424342e-14,6.012863791424342e-14
0.4912,6948.204086556705,0.0,0.0,5.120717449519172,6.012973099891243e-14,6.012973099891243e-14
0.49125,6948.328747567626,0.0,0.0,5.120795632430528,6.013081911472854e-14,6.013081911472854e-14
0.4913,6948.451797094145,0.0,0.0,5.120875872129672,6.013189193752798e-14,6.013189193752798e-14
0.49135,6948.573049685161,0.0,0.0,5.120958113464671,6.013294795066074e-14,6.013294795066074e-14
0.4914,6948.692348964862,0.0,0.0,5.121042185697314,6.013399397427521e-14,6.013399397427521e-14
0.49145,6948.809505335184,0.0,0.0,5.121128016209608,6.013501259073319e-14,6.013501259073319e-14
0.49150000000000005,6948.9243760136615,0.0,0.0,5.121215444219418,6.013602495120539e-14,6.013602495120539e-14
0.49155000000000004,6949.036771863411,0.0,0.0,5.121304374849292,6.013700148766259e-14,6.013700148766259e-14
0.49160000000000004,6949.146560708197,0.0,0.0,5.1213946622293145,6.013797321029569e-14,6.013797321029569e-14
0.49165000000000003,6949.253558846948,0.0,0.0,5.121486187005162,6.013890342322413e-14,6.013890342322413e-14
0.4917,6949.357641602316,0.0,0.0,5.121578820458552,6.013982767046564e-14,6.013982767046564e-14
0.49175,6949.767819378212,0.0,0.0,5.121951246767386,6.014343055067542e-14,6.014343055067542e-14
0.4918,6950.792571819361,0.0,0.0,5.122881887001266,6.015244957342873e-14,6.015244957342873e-14
0.49185,6952.430193107016,0.0,0.0,5.124368878633357,6.016684855577505e-14,6.016684855577505e-14
0.4919,6954.67790473103,0.0,0.0,5.126409856334052,6.01866259821416e-14,6.01866259821416e-14
0.49195,6957.531938160812,0.0,0.0,5.1290010427027815,6.021172245002733e-14,6.021172245002733e-14
0.49200000000000005,6960.987485957772,0.0,0.0,5.132138123203333,6.024212603127406e-14,6.024212603127406e-14
0.49205000000000004,6965.038747319823,0.0,0.0,5.13581547227063,6.027775002324231e-14,6.027775002324231e-14
0.49210000000000004,6969.678939899271,0.0,0.0,5.140026851212706,6.031857564382534e-14,6.031857564382534e-14
0.49215000000000003,6974.900283909397,0.0,0.0,5.144764867138998,6.036448788528644e-14,6.036448788528644e-14
0.4922,6980.694091559834,0.0,0.0,5.150021409683258,6.041546136405629e-14,6.041546136405629e-14
0.49225,6987.050680172734,0.0,0.0,5.155787409476963,6.047135579157097e-14,6.047135579157097e-14
0.4923,6993.959539344493,0.0,0.0,5.162052964933754,6.053213555431429e-14,6.053213555431429e-14
0.49235,7001.409181211094,0.0,0.0,5.168807427804166,6.059764224541247e-14,6.059764224541247e-14
0.4924,7009.3873674216,0.0,0.0,5.1760392125156525,6.066782283223109e-14,6.066782283223109e-14
0.49245,7017.880921870173,0.0,0.0,5.183736194150673,6.07425112860104e-14,6.07425112860104e-14
0.49250000000000005,7026.875983851856,0.0,0.0,5.191885234236315,6.082162760244543e-14,6.082162760244543e-14
0.49255000000000004,7036.357821801769,0.0,0.0,5.200472837070478,6.090501035072e-14,6.090501035072e-14
0.49260000000000004,7046.311068797995,0.0,0.0,5.209484461772303,6.099254252328562e-14,6.099254252328562e-14
0.49265000000000003,7056.719582308934,0.0,0.0,5.218905351517357,6.108407908114481e-14,6.108407908114481e-14
0.4927,7067.56661579694,0.0,0.0,5.228719727359195,6.117945774361566e-14,6.117945774361566e-14
0.49275,7078.834767520007,0.0,0.0,5.238911685652397,6.127855892539575e-14,6.127855892539575e-14
0.4928,7090.5060483100815,0.0,0.0,5.249464381448128,6.13811707471866e-14,6.13811707471866e-14
0.49285,7102.56195193269,0.0,0.0,5.260360884422989,6.148720337501866e-14,6.148720337501866e-14
0.4929,7114.983393551448,0.0,0.0,5.271583457305994,6.159639664971118e-14,6.159639664971118e-14
0.49295,7127.750916397624,0.0,0.0,5.283114270176844,6.170868866596248e-14,6.170868866596248e-14
0.49300000000000005,7140.844495887025,0.0,0.0,5.294934863236941,6.182377880544769e-14,6.182377880544769e-14
0.49305000000000004,7154.243875123005,0.0,0.0,5.307026641566099,6.194162476986027e-14,6.194162476986027e-14
0.49310000000000004,7167.928252840651,0.0,0.0,5.319370584323684,6.206189959329048e-14,6.206189959329048e-14
0.49315000000000003,7181.87671721178,0.0,0.0,5.331947473450735,6.218456650558292e-14,6.218456650558292e-14
0.4932,7196.067857858034,0.0,0.0,5.3447378772190275,6.230929126549355e-14,6.230929126549355e-14
0.49325,7210.4802475127935,0.0,0.0,5.357722102311608,6.243602461170561e-14,6.243602461170561e-14
0.4933,7225.092035387913,0.0,0.0,5.370880443445049,6.256444675385565e-14,6.256444675385565e-14
0.49335,7239.8814130933915,0.0,0.0,5.38419288371491,6.269447663762584e-14,6.269447663762584e-14
0.4934,7254.826255453825,0.0,0.0,5.397639568765272,6.282583033788176e-14,6.282583033788176e-14
0.49345,7269.904503338764,0.0,0.0,5.411200310520868,6.295837753325904e-14,6.295837753325904e-14
0.49350000000000005,7285.093916629437,0.0,0.0,5.424855218377741,6.309188808706027e-14,6.309188808706027e-14
0.49355000000000004,7300.372313472431,0.0,0.0,5.438584082701456,6.322616984271571e-14,6.322616984271571e-14
0.49360000000000004,7315.717488120266,0.0,0.0,5.452367079841184,6.336105799555728e-14,6.336105799555728e-14
0.49365000000000003,7331.107263099752,0.0,0.0,5.466184121741356,6.349629343387461e-14,6.349629343387461e-14
0.4937,7346.51960342955,0.0,0.0,5.4800155477153405,6.36317797333557e-14,6.36317797333557e-14
0.49375,7361.932463139611,0.0,0.0,5.493841524577907,6.376719472114496e-14,6.376719472114496e-14
0.4938,7377.324099791875,0.0,0.0,5.507642645810863,6.390250394427973e-14,6.390250394427973e-14
0.49385,7392.672726177589,0.0,0.0,5.521399453841154,6.403733536095048e-14,6.403733536095048e-14
0.4939,7407.956999152771,0.0,0.0,5.535092884662199,6.417170102961144e-14,6.417170102961144e-14
0.49395,7423.155516808325,0.0,0.0,5.548703962753206,6.430520041705754e-14,6.430520041705754e-14
0.49400000000000005,7438.247427924929,0.0,0.0,5.56221405333294,6.443786936680328e-14,6.443786936680328e-14
0.49405000000000004,7453.2118399088795,0.0,0.0,5.575604754420503,6.456930600500054e-14,6.456930600500054e-14
0.49410000000000004,7468.028474041878,0.0,0.0,5.588857945926664,6.469954292639027e-14,6.469954292639027e-14
0.49415000000000003,7482.677065983228,0.0,0.0,5.601955876399208,6.482820643129926e-14,6.482820643129926e-14
0.49420000000000003,7497.137980947025,0.0,0.0,5.614881024207983,6.495529826621791e-14,6.495529826621791e-14
0.49425,7511.391693734776,0.0,0.0,5.627616352338557,6.508050084453771e-14,6.508050084453771e-14
0.4943,7525.4192790970255,0.0,0.0,5.640145018549014,6.520376089953567e-14,6.520376089953567e-14
0.49435,7539.202050861305,0.0,0.0,5.652450753222702,6.532483941274284e-14,6.532483941274284e-14
0.4944,7552.721856326758,0.0,0.0,5.664517470022841,6.544361105105698e-14,6.544361105105698e-14
0.49445,7565.960934733356,0.0,0.0,5.676329711256156,6.55599290364398e-14,6.55599290364398e-14
0.49450000000000005,7578.901969026979,0.0,0.0,5.687872216889269,6.567358883108386e-14,6.567358883108386e-14
0.49455000000000005,7591.528195125841,0.0,0.0,5.699130379792433,6.578453860102992e-14,6.578453860102992e-14
0.49460000000000004,7603.823196536862,0.0,0.0,5.710089828983185,6.589249887080014e-14,6.589249887080014e-14
0.49465000000000003,7615.771261539105,0.0,0.0,5.720736842911958,6.599750376736206e-14,6.599750376736206e-14
0.49470000000000003,7627.356941466075,0.0,0.0,5.731057993646196,6.609921447056165e-14,6.609921447056165e-14
0.49475,7638.565617886911,0.0,0.0,5.741040478336173,6.619773129702936e-14,6.619773129702936e-14
0.4948,7649.382878850468,0.0,0.0,5.750671856861716,6.629268131671357e-14,6.629268131671357e-14
0.49485,7659.795227461853,0.0,0.0,5.759940277341495,6.638420290979479e-14,6.638420290979479e-14
0.4949,7669.789357127996,0.0,0.0,5.768834323183587,6.647192082101765e-14,6.647192082101765e-14
0.49495,7679.352911130053,0.0,0.0,5.777343125229332,6.65559786749513e-14,6.65559786749513e-14
0.49500000000000005,7688.473753913302,0.0,0.0,5.785456317908348,6.663603313052792e-14,6.663603313052792e-14
0.49505000000000005,7697.140681671644,0.0,0.0,5.7931640457350975,6.67121999458745e-14,6.67121999458745e-14
0.49510000000000004,7705.3427894660745,0.0,0.0,5.800457014747576,6.678419984581606e-14,6.678419984581606e-14
0.49515000000000003,7713.070037084688,0.0,0.0,5.80732641253598,6.685209185649208e-14,6.685209185649208e-14
0.49520000000000003,7720.312800604302,0.0,0.0,5.81376403202329,6.691568647312142e-14,6.691568647312142e-14
0.49525,7727.06221551956,0.0,0.0,5.8197621307580665,6.697496540849789e-14,6.697496540849789e-14
0.4953,7733.3099776223335,0.0,0.0,5.825313600147314,6.702984462302987e-14,6.702984462302987e-14
0.49535,7739.048414317933,0.0,0.0,5.830411791099818,6.708021918716936e-14,6.708021918716936e-14
0.4954,7744.2705665465965,0.0,0.0,5.835050702863337,6.712611395634539e-14,6.712611395634539e-14
0.49545,7748.969975403679,0.0,0.0,5.839224798890229,6.716734075021145e-14,6.716734075021145e-14
0.4955,7753.141038808863,0.0,0.0,5.842929194435034,6.720402386839833e-14,6.720402386839833e-14
0.49555000000000005,7756.778539018912,0.0,0.0,5.8461594800933,6.723590773686454e-14,6.723590773686454e-14
0.49560000000000004,7759.878230146141,0.0,0.0,5.848911894659684,6.726319489734765e-14,6.726319489734765e-14
0.49565000000000003,7762.4361675228865,0.0,0.0,5.851183165961158,6.728558874297494e-14,6.728558874297494e-14
0.49570000000000003,7764.449450253435,0.0,0.0,5.852970663278172,6.730333984054195e-14,6.730333984054195e-14
0.49575,7765.915440679451,0.0,0.0,5.854272257729268,6.731614400175522e-14,6.731614400175522e-14
0.4958,7766.832564425534,0.0,0.0,5.855086455041224,6.732426456575615e-14,6.732426456575615e-14
0.49585,7767.199523554411,0.0,0.0,5.855412272440819,6.732742590003597e-14,6.732742590003597e-14
0.4959,7767.016048128999,0.0,0.0,5.855249356380254,6.732586851030612e-14,6.732586851030612e-14
0.49595,7766.282207831515,0.0,0.0,5.8545978706837225,6.731937934707814e-14,6.731937934707814e-14
0.496,7764.999015147645,0.0,0.0,5.853458604320107,6.730814486945876e-14,6.730814486945876e-14
0.49605000000000005,7763.167927037989,0.0,0.0,5.851832866722427,6.729204199877235e-14,6.729204199877235e-14
0.49610000000000004,7760.791219644445,0.0,0.0,5.849722587961086,6.727118048460819e-14,6.727118048460819e-14
0.49615000000000004,7757.871745850953,0.0,0.0,5.847130221206594,6.724554432603078e-14,6.724554432603078e-14
0.49620000000000003,7754.413032180141,0.0,0.0,5.8440588325489795,6.721515544960916e-14,6.721515544960916e-14
0.49625,7750.419323337034,0.0,0.0,5.840512016338246,6.718010950387933e-14,6.718010950387933e-14
0.4963,7745.895389424138,0.0,0.0,5.83649396584443,6.714034245902513e-14,6.714034245902513e-14
0.49635,7740.846849661751,0.0,0.0,5.832009413076729,6.709605308857262e-14,6.709605308857262e-14
0.4964,7735.279716986621,0.0,0.0,5.827063666196493,6.704710592359384e-14,6.704710592359384e-14
0.49645,7729.20095549452,0.0,0.0,5.821662589655596,6.699378244495521e-14,6.699378244495521e-14
0.4965,7722.617824493411,0.0,0.0,5.815812591419406,6.693590087547748e-14,6.693590087547748e-14
0.49655000000000005,7715.5385930316215,0.0,0.0,5.809520660376841,6.687379588557197e-14,6.687379588557197e-14
0.49660000000000004,7707.97177171867,0.0,0.0,5.802794287265899,6.680727167883594e-14,6.680727167883594e-14
0.49665000000000004,7699.92688726481,0.0,0.0,5.795641573335863,6.673668148656961e-14,6.673668148656961e-14
0.49670000000000003,7691.413704288118,0.0,0.0,5.788071073985142,6.666185055062235e-14,6.666185055062235e-14
0.49675,7682.442955839669,0.0,0.0,5.780091985416746,6.658311555225632e-14,6.658311555225632e-14
0.4968,7673.025657171301,0.0,0.0,5.771713909148981,6.650035588348398e-14,6.650035588348398e-14
0.49685,7663.173695577983,0.0,0.0,5.762947112583929,6.641386070906502e-14,6.641386070906502e-14
0.4969,7652.899323900965,0.0,0.0,5.753802224628168,6.632359034867551e-14,6.632359034867551e-14
0.49695,7642.215533485721,0.0,0.0,5.744290553187301,6.622976361893222e-14,6.622976361893222e-14
0.497,7631.135789197865,0.0,0.0,5.73442373530359,6.613243874374746e-14,6.613243874374746e-14
0.49705000000000005,7619.674139837657,0.0,0.0,5.724214081698105,6.603175231009938e-14,6.603175231009938e-14
0.49710000000000004,7607.84522244817,0.0,0.0,5.7136742168106265,6.592786553892482e-14,6.592786553892482e-14
0.49715000000000004,7595.664100727633,0.0,0.0,5.702817410009745,6.582083312872498e-14,6.582083312872498e-14
0.49720000000000003,7583.146529287762,0.0,0.0,5.6916572493442485,6.571091206893847e-14,6.571091206893847e-14
0.49725,7570.308547308138,0.0,0.0,5.680207913179041,6.559808731640056e-14,6.559808731640056e-14
0.4973,7557.166958403424,0.0,0.0,5.668483924307341,6.54826933144476e-14,6.54826933144476e-14
0.49735,7543.738738825118,0.0,0.0,5.656500316260188,6.536466721648251e-14,6.536466721648251e-14
0.4974,7530.041660577116,0.0,0.0,5.644272510376592,6.52443942193606e-14,6.52443942193606e-14
0.49745,7516.093596495904,0.0,0.0,5.631816338707903,6.512179210630502e-14,6.512179210630502e-14
0.4975,7501.9131969889495,0.0,0.0,5.619148075403568,6.499726549709871e-14,6.499726549709871e-14
0.49755000000000005,7487.519185294896,0.0,0.0,5.606284292712754,6.487074364384296e-14,6.487074364384296e-14
0.49760000000000004,7472.930993870878,0.0,0.0,5.593242060480466,6.474261888915157e-14,6.474261888915157e-14
0.49765000000000004,7458.168140819303,0.0,0.0,5.580038631797115,6.461286090767011e-14,6.461286090767011e-14
0.49770000000000003,7443.250740781162,0.0,0.0,5.566691802500212,6.448182185195247e-14,6.448182185195247e-14
0.49775,7428.199038623425,0.0,0.0,5.553219446063679,6.434953499976517e-14,6.434953499976517e-14
0.4978,7413.033730064367,0.0,0.0,5.539640001651036,6.421629166151844e-14,6.421629166151844e-14
0.49785,7397.77570375262,0.0,0.0,5.525971900670832,6.408220317372249e-14,6.408220317372249e-14
0.4979,7382.446135488232,0.0,0.0,5.5122341305296585,6.394748893799105e-14,6.394748893799105e-14
0.49795,7367.066458694464,0.0,0.0,5.498445614432818,6.381234244769076e-14,6.381234244769076e-14
0.498,7351.658228621658,0.0,0.0,5.484625781958785,6.367691060297227e-14,6.367691060297227e-14
0.49805000000000005,7336.243308610429,0.0,0.0,5.470793975930274,6.354146266320958e-14,6.354146266320958e-14
0.49810000000000004,7320.843532250199,0.0,0.0,5.456969953176855,6.340608229058482e-14,6.340608229058482e-14
0.49815000000000004,7305.481063529007,0.0,0.0,5.443173395190784,6.327109895861943e-14,6.327109895861943e-14
0.49820000000000003,7290.1779110271245,0.0,0.0,5.429424264851854,6.313655023850673e-14,6.313655023850673e-14
0.49825,7274.956398178569,0.0,0.0,5.4157424898790785,6.300280363892335e-14,6.300280363892335e-14
0.4983,7259.838600634819,0.0,0.0,5.402148114373178,6.286987268825303e-14,6.286987268825303e-14
0.49835,7244.84685131713,0.0,0.0,5.3886612060380825,6.273813744225666e-14,6.273813744225666e-14
0.4984,7230.003177983337,0.0,0.0,5.375301764106387,6.260761082586795e-14,6.260761082586795e-14
0.49845,7215.329767770519,0.0,0.0,5.362089874753332,6.247866022514214e-14,6.247866022514214e-14
0.4985,7200.84847639208,0.0,0.0,5.349045366757041,6.23513192962973e-14,6.23513192962973e-14
0.49855000000000005,7186.581187905339,0.0,0.0,5.336188207673142,6.222592111288594e-14,6.222592111288594e-14
0.49860000000000004,7172.549451269678,0.0,0.0,5.323537931671858,6.21025363285203e-14,6.21025363285203e-14
0.49865000000000004,7158.774690912774,0.0,0.0,5.311114236091613,6.1981448185786e-14,6.1981448185786e-14
0.49870000000000003,7145.27800349774,0.0,0.0,5.298936237785578,6.186277351539668e-14,6.186277351539668e-14
0.49875,7132.080200027153,0.0,0.0,5.287023200262332,6.174673779450297e-14,6.174673779450297e-14
0.4988,7119.201769495769,0.0,0.0,5.275393700961275,6.163350530292308e-14,6.163350530292308e-14
0.49885,7106.662759600788,0.0,0.0,5.264066397711608,6.152324361740025e-14,6.152324361740025e-14
0.4989,7094.4828887443055,0.0,0.0,5.253059205615259,6.14161582585782e-14,6.14161582585782e-14
0.49895,7082.681295744124,0.0,0.0,5.242390001497461,6.131236558783975e-14,6.131236558783975e-14
0.499,7071.276761306496,0.0,0.0,5.232075912692545,6.121210020714264e-14,6.121210020714264e-14
0.49905000000000005,7060.287373948162,0.0,0.0,5.222133861532266,6.111543882996639e-14,6.111543882996639e-14
0.49910000000000004,7049.73080953956,0.0,0.0,5.212580058175982,6.10226293437038e-14,6.10226293437038e-14
0.49915000000000004,7039.6239686564395,0.0,0.0,5.20343030415505,6.093372274751665e-14,6.093372274751665e-14
0.49920000000000003,7029.98325964481,0.0,0.0,5.1946997582692624,6.084896345569018e-14,6.084896345569018e-14
0.49925,7020.824261064457,0.0,0.0,5.186402946993229,6.076839041239073e-14,6.076839041239073e-14
0.4993,7012.16195988164,0.0,0.0,5.178553839078806,6.06922294064348e-14,6.06922294064348e-14
0.49935,7004.01048241216,0.0,0.0,5.17116554767591,6.062051839897767e-14,6.062051839897767e-14
0.4994,6996.38325308339,0.0,0.0,5.164250709916911,6.055345304958823e-14,6.055345304958823e-14
0.49945,6989.292820621562,0.0,0.0,5.157820906034723,6.049107720748602e-14,6.049107720748602e-14
0.4995,6982.750921483925,0.0,0.0,5.151887300147668,6.043354975431689e-14,6.043354975431689e-14
0.49955000000000005,6976.768408248428,0.0,0.0,5.1464598399464005,6.038092241554711e-14,6.038092241554711e-14
0.49960000000000004,6971.355221730428,0.0,0.0,5.14154807970048,6.033331572390727e-14,6.033331572390727e-14
0.49965000000000004,6966.520409311476,0.0,0.0,5.137160254845144,6.029078669241792e-14,6.029078669241792e-14
0.49970000000000003,6962.272027276344,0.0,0.0,5.133304182908626,6.02534202840669e-14,6.02534202840669e-14
0.49975,6958.617221603383,0.0,0.0,5.129986326101945,6.02212728041907e-14,6.02212728041907e-14
0.4998,6955.56209409998,0.0,0.0,5.127212654148163,6.019439930178002e-14,6.019439930178002e-14
0.49985,6953.11180956915,0.0,0.0,5.124987811908118,6.017284773089428e-14,6.017284773089428e-14
0.4999,6951.270463888625,0.0,0.0,5.123315831849999,6.0156649871964e-14,6.0156649871964e-14
0.49995,6950.041180781768,0.0,0.0,5.122199512028901,6.014583800644596e-14,6.014583800644596e-14
0.5,6949.426016504958,0.0,0.0,5.121640884871979,6.014042637905574e-14,6.014042637905574e-14
